[2025-07-22T04:14:38.601+0000] {processor.py:186} INFO - Started process (PID=204) to work on /opt/airflow/dags/train_traffic_pred.py
[2025-07-22T04:14:38.603+0000] {processor.py:914} INFO - Processing file /opt/airflow/dags/train_traffic_pred.py for tasks to queue
[2025-07-22T04:14:38.605+0000] {logging_mixin.py:190} INFO - [2025-07-22T04:14:38.605+0000] {dagbag.py:588} INFO - Filling up the DagBag from /opt/airflow/dags/train_traffic_pred.py
[2025-07-22T04:14:46.463+0000] {processor.py:925} INFO - DAG(s) 'train_traffic_pred' retrieved from /opt/airflow/dags/train_traffic_pred.py
[2025-07-22T04:14:46.499+0000] {logging_mixin.py:190} INFO - [2025-07-22T04:14:46.498+0000] {dag.py:3239} INFO - Sync 1 DAGs
[2025-07-22T04:14:46.525+0000] {logging_mixin.py:190} INFO - [2025-07-22T04:14:46.524+0000] {dag.py:4180} INFO - Setting next_dagrun for train_traffic_pred to 2025-07-22 00:00:00+00:00, run_after=2025-07-23 00:00:00+00:00
[2025-07-22T04:14:46.549+0000] {processor.py:208} INFO - Processing /opt/airflow/dags/train_traffic_pred.py took 7.956 seconds
[2025-07-22T04:15:18.614+0000] {processor.py:186} INFO - Started process (PID=7959) to work on /opt/airflow/dags/train_traffic_pred.py
[2025-07-22T04:15:18.616+0000] {processor.py:914} INFO - Processing file /opt/airflow/dags/train_traffic_pred.py for tasks to queue
[2025-07-22T04:15:18.619+0000] {logging_mixin.py:190} INFO - [2025-07-22T04:15:18.618+0000] {dagbag.py:588} INFO - Filling up the DagBag from /opt/airflow/dags/train_traffic_pred.py
[2025-07-22T04:15:22.139+0000] {processor.py:925} INFO - DAG(s) 'train_traffic_pred' retrieved from /opt/airflow/dags/train_traffic_pred.py
[2025-07-22T04:15:22.162+0000] {logging_mixin.py:190} INFO - [2025-07-22T04:15:22.161+0000] {dag.py:3239} INFO - Sync 1 DAGs
[2025-07-22T04:15:22.180+0000] {logging_mixin.py:190} INFO - [2025-07-22T04:15:22.179+0000] {dag.py:4180} INFO - Setting next_dagrun for train_traffic_pred to 2025-07-22 00:00:00+00:00, run_after=2025-07-23 00:00:00+00:00
[2025-07-22T04:15:22.195+0000] {processor.py:208} INFO - Processing /opt/airflow/dags/train_traffic_pred.py took 3.586 seconds
[2025-07-22T04:15:53.271+0000] {processor.py:186} INFO - Started process (PID=8041) to work on /opt/airflow/dags/train_traffic_pred.py
[2025-07-22T04:15:53.272+0000] {processor.py:914} INFO - Processing file /opt/airflow/dags/train_traffic_pred.py for tasks to queue
[2025-07-22T04:15:53.275+0000] {logging_mixin.py:190} INFO - [2025-07-22T04:15:53.274+0000] {dagbag.py:588} INFO - Filling up the DagBag from /opt/airflow/dags/train_traffic_pred.py
[2025-07-22T04:15:57.135+0000] {processor.py:925} INFO - DAG(s) 'train_traffic_pred' retrieved from /opt/airflow/dags/train_traffic_pred.py
[2025-07-22T04:15:57.278+0000] {logging_mixin.py:190} INFO - [2025-07-22T04:15:57.277+0000] {dag.py:3239} INFO - Sync 1 DAGs
[2025-07-22T04:15:57.297+0000] {logging_mixin.py:190} INFO - [2025-07-22T04:15:57.297+0000] {dag.py:4180} INFO - Setting next_dagrun for train_traffic_pred to 2025-07-22 00:00:00+00:00, run_after=2025-07-23 00:00:00+00:00
[2025-07-22T04:15:57.470+0000] {processor.py:208} INFO - Processing /opt/airflow/dags/train_traffic_pred.py took 4.208 seconds
[2025-07-22T04:16:28.706+0000] {processor.py:186} INFO - Started process (PID=8139) to work on /opt/airflow/dags/train_traffic_pred.py
[2025-07-22T04:16:28.707+0000] {processor.py:914} INFO - Processing file /opt/airflow/dags/train_traffic_pred.py for tasks to queue
[2025-07-22T04:16:28.710+0000] {logging_mixin.py:190} INFO - [2025-07-22T04:16:28.710+0000] {dagbag.py:588} INFO - Filling up the DagBag from /opt/airflow/dags/train_traffic_pred.py
[2025-07-22T04:16:32.324+0000] {processor.py:925} INFO - DAG(s) 'train_traffic_pred' retrieved from /opt/airflow/dags/train_traffic_pred.py
[2025-07-22T04:16:32.347+0000] {logging_mixin.py:190} INFO - [2025-07-22T04:16:32.347+0000] {dag.py:3239} INFO - Sync 1 DAGs
[2025-07-22T04:16:32.366+0000] {logging_mixin.py:190} INFO - [2025-07-22T04:16:32.365+0000] {dag.py:4180} INFO - Setting next_dagrun for train_traffic_pred to 2025-07-22 00:00:00+00:00, run_after=2025-07-23 00:00:00+00:00
[2025-07-22T04:16:32.461+0000] {processor.py:208} INFO - Processing /opt/airflow/dags/train_traffic_pred.py took 3.762 seconds
[2025-07-22T04:17:03.972+0000] {processor.py:186} INFO - Started process (PID=8237) to work on /opt/airflow/dags/train_traffic_pred.py
[2025-07-22T04:17:03.973+0000] {processor.py:914} INFO - Processing file /opt/airflow/dags/train_traffic_pred.py for tasks to queue
[2025-07-22T04:17:03.975+0000] {logging_mixin.py:190} INFO - [2025-07-22T04:17:03.975+0000] {dagbag.py:588} INFO - Filling up the DagBag from /opt/airflow/dags/train_traffic_pred.py
[2025-07-22T04:17:07.525+0000] {processor.py:925} INFO - DAG(s) 'train_traffic_pred' retrieved from /opt/airflow/dags/train_traffic_pred.py
[2025-07-22T04:17:07.547+0000] {logging_mixin.py:190} INFO - [2025-07-22T04:17:07.545+0000] {dag.py:3239} INFO - Sync 1 DAGs
[2025-07-22T04:17:07.563+0000] {logging_mixin.py:190} INFO - [2025-07-22T04:17:07.563+0000] {dag.py:4180} INFO - Setting next_dagrun for train_traffic_pred to 2025-07-22 00:00:00+00:00, run_after=2025-07-23 00:00:00+00:00
[2025-07-22T04:17:07.638+0000] {processor.py:208} INFO - Processing /opt/airflow/dags/train_traffic_pred.py took 3.671 seconds
[2025-07-22T04:17:43.903+0000] {processor.py:186} INFO - Started process (PID=8341) to work on /opt/airflow/dags/train_traffic_pred.py
[2025-07-22T04:17:46.331+0000] {processor.py:914} INFO - Processing file /opt/airflow/dags/train_traffic_pred.py for tasks to queue
[2025-07-22T04:17:46.455+0000] {logging_mixin.py:190} INFO - [2025-07-22T04:17:46.454+0000] {dagbag.py:588} INFO - Filling up the DagBag from /opt/airflow/dags/train_traffic_pred.py
[2025-07-22T04:17:52.062+0000] {processor.py:925} INFO - DAG(s) 'train_traffic_pred' retrieved from /opt/airflow/dags/train_traffic_pred.py
[2025-07-22T04:17:52.239+0000] {logging_mixin.py:190} INFO - [2025-07-22T04:17:52.238+0000] {dag.py:3239} INFO - Sync 1 DAGs
[2025-07-22T04:17:52.412+0000] {logging_mixin.py:190} INFO - [2025-07-22T04:17:52.411+0000] {dag.py:4180} INFO - Setting next_dagrun for train_traffic_pred to 2025-07-22 00:00:00+00:00, run_after=2025-07-23 00:00:00+00:00
[2025-07-22T04:17:52.920+0000] {processor.py:208} INFO - Processing /opt/airflow/dags/train_traffic_pred.py took 9.024 seconds
[2025-07-22T04:18:23.678+0000] {processor.py:186} INFO - Started process (PID=8436) to work on /opt/airflow/dags/train_traffic_pred.py
[2025-07-22T04:18:23.680+0000] {processor.py:914} INFO - Processing file /opt/airflow/dags/train_traffic_pred.py for tasks to queue
[2025-07-22T04:18:23.684+0000] {logging_mixin.py:190} INFO - [2025-07-22T04:18:23.684+0000] {dagbag.py:588} INFO - Filling up the DagBag from /opt/airflow/dags/train_traffic_pred.py
[2025-07-22T04:18:27.437+0000] {processor.py:925} INFO - DAG(s) 'train_traffic_pred' retrieved from /opt/airflow/dags/train_traffic_pred.py
[2025-07-22T04:18:27.463+0000] {logging_mixin.py:190} INFO - [2025-07-22T04:18:27.463+0000] {dag.py:3239} INFO - Sync 1 DAGs
[2025-07-22T04:18:27.487+0000] {logging_mixin.py:190} INFO - [2025-07-22T04:18:27.486+0000] {dag.py:4180} INFO - Setting next_dagrun for train_traffic_pred to 2025-07-22 00:00:00+00:00, run_after=2025-07-23 00:00:00+00:00
[2025-07-22T04:18:27.507+0000] {processor.py:208} INFO - Processing /opt/airflow/dags/train_traffic_pred.py took 3.840 seconds
[2025-07-22T04:18:59.499+0000] {processor.py:186} INFO - Started process (PID=8537) to work on /opt/airflow/dags/train_traffic_pred.py
[2025-07-22T04:18:59.500+0000] {processor.py:914} INFO - Processing file /opt/airflow/dags/train_traffic_pred.py for tasks to queue
[2025-07-22T04:18:59.506+0000] {logging_mixin.py:190} INFO - [2025-07-22T04:18:59.506+0000] {dagbag.py:588} INFO - Filling up the DagBag from /opt/airflow/dags/train_traffic_pred.py
[2025-07-22T04:19:03.048+0000] {processor.py:925} INFO - DAG(s) 'train_traffic_pred' retrieved from /opt/airflow/dags/train_traffic_pred.py
[2025-07-22T04:19:03.069+0000] {logging_mixin.py:190} INFO - [2025-07-22T04:19:03.069+0000] {dag.py:3239} INFO - Sync 1 DAGs
[2025-07-22T04:19:03.089+0000] {logging_mixin.py:190} INFO - [2025-07-22T04:19:03.088+0000] {dag.py:4180} INFO - Setting next_dagrun for train_traffic_pred to 2025-07-22 00:00:00+00:00, run_after=2025-07-23 00:00:00+00:00
[2025-07-22T04:19:03.104+0000] {processor.py:208} INFO - Processing /opt/airflow/dags/train_traffic_pred.py took 3.610 seconds
[2025-07-22T04:19:34.850+0000] {processor.py:186} INFO - Started process (PID=8635) to work on /opt/airflow/dags/train_traffic_pred.py
[2025-07-22T04:19:34.851+0000] {processor.py:914} INFO - Processing file /opt/airflow/dags/train_traffic_pred.py for tasks to queue
[2025-07-22T04:19:34.854+0000] {logging_mixin.py:190} INFO - [2025-07-22T04:19:34.854+0000] {dagbag.py:588} INFO - Filling up the DagBag from /opt/airflow/dags/train_traffic_pred.py
[2025-07-22T04:19:38.266+0000] {processor.py:925} INFO - DAG(s) 'train_traffic_pred' retrieved from /opt/airflow/dags/train_traffic_pred.py
[2025-07-22T04:19:38.289+0000] {logging_mixin.py:190} INFO - [2025-07-22T04:19:38.289+0000] {dag.py:3239} INFO - Sync 1 DAGs
[2025-07-22T04:19:38.307+0000] {logging_mixin.py:190} INFO - [2025-07-22T04:19:38.306+0000] {dag.py:4180} INFO - Setting next_dagrun for train_traffic_pred to 2025-07-22 00:00:00+00:00, run_after=2025-07-23 00:00:00+00:00
[2025-07-22T04:19:38.321+0000] {processor.py:208} INFO - Processing /opt/airflow/dags/train_traffic_pred.py took 3.477 seconds
[2025-07-22T04:20:09.760+0000] {processor.py:186} INFO - Started process (PID=8733) to work on /opt/airflow/dags/train_traffic_pred.py
[2025-07-22T04:20:09.761+0000] {processor.py:914} INFO - Processing file /opt/airflow/dags/train_traffic_pred.py for tasks to queue
[2025-07-22T04:20:09.763+0000] {logging_mixin.py:190} INFO - [2025-07-22T04:20:09.763+0000] {dagbag.py:588} INFO - Filling up the DagBag from /opt/airflow/dags/train_traffic_pred.py
[2025-07-22T04:20:13.138+0000] {processor.py:925} INFO - DAG(s) 'train_traffic_pred' retrieved from /opt/airflow/dags/train_traffic_pred.py
[2025-07-22T04:20:13.159+0000] {logging_mixin.py:190} INFO - [2025-07-22T04:20:13.159+0000] {dag.py:3239} INFO - Sync 1 DAGs
[2025-07-22T04:20:13.178+0000] {logging_mixin.py:190} INFO - [2025-07-22T04:20:13.178+0000] {dag.py:4180} INFO - Setting next_dagrun for train_traffic_pred to 2025-07-22 00:00:00+00:00, run_after=2025-07-23 00:00:00+00:00
[2025-07-22T04:20:13.192+0000] {processor.py:208} INFO - Processing /opt/airflow/dags/train_traffic_pred.py took 3.437 seconds
[2025-07-22T04:20:45.372+0000] {processor.py:186} INFO - Started process (PID=8837) to work on /opt/airflow/dags/train_traffic_pred.py
[2025-07-22T04:20:45.373+0000] {processor.py:914} INFO - Processing file /opt/airflow/dags/train_traffic_pred.py for tasks to queue
[2025-07-22T04:20:45.375+0000] {logging_mixin.py:190} INFO - [2025-07-22T04:20:45.375+0000] {dagbag.py:588} INFO - Filling up the DagBag from /opt/airflow/dags/train_traffic_pred.py
[2025-07-22T04:20:48.728+0000] {processor.py:925} INFO - DAG(s) 'train_traffic_pred' retrieved from /opt/airflow/dags/train_traffic_pred.py
[2025-07-22T04:20:48.752+0000] {logging_mixin.py:190} INFO - [2025-07-22T04:20:48.751+0000] {dag.py:3239} INFO - Sync 1 DAGs
[2025-07-22T04:20:48.771+0000] {logging_mixin.py:190} INFO - [2025-07-22T04:20:48.770+0000] {dag.py:4180} INFO - Setting next_dagrun for train_traffic_pred to 2025-07-22 00:00:00+00:00, run_after=2025-07-23 00:00:00+00:00
[2025-07-22T04:20:48.786+0000] {processor.py:208} INFO - Processing /opt/airflow/dags/train_traffic_pred.py took 3.419 seconds
[2025-07-22T04:21:20.262+0000] {processor.py:186} INFO - Started process (PID=8935) to work on /opt/airflow/dags/train_traffic_pred.py
[2025-07-22T04:21:20.263+0000] {processor.py:914} INFO - Processing file /opt/airflow/dags/train_traffic_pred.py for tasks to queue
[2025-07-22T04:21:20.265+0000] {logging_mixin.py:190} INFO - [2025-07-22T04:21:20.265+0000] {dagbag.py:588} INFO - Filling up the DagBag from /opt/airflow/dags/train_traffic_pred.py
[2025-07-22T04:21:23.752+0000] {processor.py:925} INFO - DAG(s) 'train_traffic_pred' retrieved from /opt/airflow/dags/train_traffic_pred.py
[2025-07-22T04:21:23.775+0000] {logging_mixin.py:190} INFO - [2025-07-22T04:21:23.773+0000] {dag.py:3239} INFO - Sync 1 DAGs
[2025-07-22T04:21:23.793+0000] {logging_mixin.py:190} INFO - [2025-07-22T04:21:23.793+0000] {dag.py:4180} INFO - Setting next_dagrun for train_traffic_pred to 2025-07-22 00:00:00+00:00, run_after=2025-07-23 00:00:00+00:00
[2025-07-22T04:21:23.807+0000] {processor.py:208} INFO - Processing /opt/airflow/dags/train_traffic_pred.py took 3.550 seconds
[2025-07-22T04:21:55.292+0000] {processor.py:186} INFO - Started process (PID=9033) to work on /opt/airflow/dags/train_traffic_pred.py
[2025-07-22T04:21:55.293+0000] {processor.py:914} INFO - Processing file /opt/airflow/dags/train_traffic_pred.py for tasks to queue
[2025-07-22T04:21:55.295+0000] {logging_mixin.py:190} INFO - [2025-07-22T04:21:55.295+0000] {dagbag.py:588} INFO - Filling up the DagBag from /opt/airflow/dags/train_traffic_pred.py
[2025-07-22T04:21:58.663+0000] {processor.py:925} INFO - DAG(s) 'train_traffic_pred' retrieved from /opt/airflow/dags/train_traffic_pred.py
[2025-07-22T04:21:58.684+0000] {logging_mixin.py:190} INFO - [2025-07-22T04:21:58.683+0000] {dag.py:3239} INFO - Sync 1 DAGs
[2025-07-22T04:21:58.702+0000] {logging_mixin.py:190} INFO - [2025-07-22T04:21:58.702+0000] {dag.py:4180} INFO - Setting next_dagrun for train_traffic_pred to 2025-07-22 00:00:00+00:00, run_after=2025-07-23 00:00:00+00:00
[2025-07-22T04:21:58.719+0000] {processor.py:208} INFO - Processing /opt/airflow/dags/train_traffic_pred.py took 3.432 seconds
[2025-07-22T04:22:30.179+0000] {processor.py:186} INFO - Started process (PID=9131) to work on /opt/airflow/dags/train_traffic_pred.py
[2025-07-22T04:22:30.180+0000] {processor.py:914} INFO - Processing file /opt/airflow/dags/train_traffic_pred.py for tasks to queue
[2025-07-22T04:22:30.182+0000] {logging_mixin.py:190} INFO - [2025-07-22T04:22:30.182+0000] {dagbag.py:588} INFO - Filling up the DagBag from /opt/airflow/dags/train_traffic_pred.py
[2025-07-22T04:22:33.482+0000] {processor.py:925} INFO - DAG(s) 'train_traffic_pred' retrieved from /opt/airflow/dags/train_traffic_pred.py
[2025-07-22T04:22:33.504+0000] {logging_mixin.py:190} INFO - [2025-07-22T04:22:33.504+0000] {dag.py:3239} INFO - Sync 1 DAGs
[2025-07-22T04:22:33.522+0000] {logging_mixin.py:190} INFO - [2025-07-22T04:22:33.522+0000] {dag.py:4180} INFO - Setting next_dagrun for train_traffic_pred to 2025-07-22 00:00:00+00:00, run_after=2025-07-23 00:00:00+00:00
[2025-07-22T04:22:33.536+0000] {processor.py:208} INFO - Processing /opt/airflow/dags/train_traffic_pred.py took 3.363 seconds
[2025-07-22T04:23:04.789+0000] {processor.py:186} INFO - Started process (PID=9229) to work on /opt/airflow/dags/train_traffic_pred.py
[2025-07-22T04:23:04.790+0000] {processor.py:914} INFO - Processing file /opt/airflow/dags/train_traffic_pred.py for tasks to queue
[2025-07-22T04:23:04.792+0000] {logging_mixin.py:190} INFO - [2025-07-22T04:23:04.791+0000] {dagbag.py:588} INFO - Filling up the DagBag from /opt/airflow/dags/train_traffic_pred.py
[2025-07-22T04:23:08.087+0000] {processor.py:925} INFO - DAG(s) 'train_traffic_pred' retrieved from /opt/airflow/dags/train_traffic_pred.py
[2025-07-22T04:23:08.108+0000] {logging_mixin.py:190} INFO - [2025-07-22T04:23:08.107+0000] {dag.py:3239} INFO - Sync 1 DAGs
[2025-07-22T04:23:08.127+0000] {logging_mixin.py:190} INFO - [2025-07-22T04:23:08.127+0000] {dag.py:4180} INFO - Setting next_dagrun for train_traffic_pred to 2025-07-22 00:00:00+00:00, run_after=2025-07-23 00:00:00+00:00
[2025-07-22T04:23:08.142+0000] {processor.py:208} INFO - Processing /opt/airflow/dags/train_traffic_pred.py took 3.358 seconds
[2025-07-22T04:23:39.535+0000] {processor.py:186} INFO - Started process (PID=9327) to work on /opt/airflow/dags/train_traffic_pred.py
[2025-07-22T04:23:39.536+0000] {processor.py:914} INFO - Processing file /opt/airflow/dags/train_traffic_pred.py for tasks to queue
[2025-07-22T04:23:39.539+0000] {logging_mixin.py:190} INFO - [2025-07-22T04:23:39.538+0000] {dagbag.py:588} INFO - Filling up the DagBag from /opt/airflow/dags/train_traffic_pred.py
[2025-07-22T04:23:42.896+0000] {processor.py:925} INFO - DAG(s) 'train_traffic_pred' retrieved from /opt/airflow/dags/train_traffic_pred.py
[2025-07-22T04:23:42.916+0000] {logging_mixin.py:190} INFO - [2025-07-22T04:23:42.916+0000] {dag.py:3239} INFO - Sync 1 DAGs
[2025-07-22T04:23:42.934+0000] {logging_mixin.py:190} INFO - [2025-07-22T04:23:42.934+0000] {dag.py:4180} INFO - Setting next_dagrun for train_traffic_pred to 2025-07-22 00:00:00+00:00, run_after=2025-07-23 00:00:00+00:00
[2025-07-22T04:23:42.949+0000] {processor.py:208} INFO - Processing /opt/airflow/dags/train_traffic_pred.py took 3.420 seconds
[2025-07-22T04:24:14.376+0000] {processor.py:186} INFO - Started process (PID=9431) to work on /opt/airflow/dags/train_traffic_pred.py
[2025-07-22T04:24:14.377+0000] {processor.py:914} INFO - Processing file /opt/airflow/dags/train_traffic_pred.py for tasks to queue
[2025-07-22T04:24:14.379+0000] {logging_mixin.py:190} INFO - [2025-07-22T04:24:14.379+0000] {dagbag.py:588} INFO - Filling up the DagBag from /opt/airflow/dags/train_traffic_pred.py
[2025-07-22T04:24:17.647+0000] {processor.py:925} INFO - DAG(s) 'train_traffic_pred' retrieved from /opt/airflow/dags/train_traffic_pred.py
[2025-07-22T04:24:17.668+0000] {logging_mixin.py:190} INFO - [2025-07-22T04:24:17.667+0000] {dag.py:3239} INFO - Sync 1 DAGs
[2025-07-22T04:24:17.688+0000] {logging_mixin.py:190} INFO - [2025-07-22T04:24:17.688+0000] {dag.py:4180} INFO - Setting next_dagrun for train_traffic_pred to 2025-07-22 00:00:00+00:00, run_after=2025-07-23 00:00:00+00:00
[2025-07-22T04:24:17.704+0000] {processor.py:208} INFO - Processing /opt/airflow/dags/train_traffic_pred.py took 3.334 seconds
[2025-07-22T04:24:49.068+0000] {processor.py:186} INFO - Started process (PID=9529) to work on /opt/airflow/dags/train_traffic_pred.py
[2025-07-22T04:24:49.070+0000] {processor.py:914} INFO - Processing file /opt/airflow/dags/train_traffic_pred.py for tasks to queue
[2025-07-22T04:24:49.072+0000] {logging_mixin.py:190} INFO - [2025-07-22T04:24:49.072+0000] {dagbag.py:588} INFO - Filling up the DagBag from /opt/airflow/dags/train_traffic_pred.py
[2025-07-22T04:24:52.596+0000] {processor.py:925} INFO - DAG(s) 'train_traffic_pred' retrieved from /opt/airflow/dags/train_traffic_pred.py
[2025-07-22T04:24:52.618+0000] {logging_mixin.py:190} INFO - [2025-07-22T04:24:52.617+0000] {dag.py:3239} INFO - Sync 1 DAGs
[2025-07-22T04:24:52.636+0000] {logging_mixin.py:190} INFO - [2025-07-22T04:24:52.635+0000] {dag.py:4180} INFO - Setting next_dagrun for train_traffic_pred to 2025-07-22 00:00:00+00:00, run_after=2025-07-23 00:00:00+00:00
[2025-07-22T04:24:52.650+0000] {processor.py:208} INFO - Processing /opt/airflow/dags/train_traffic_pred.py took 3.588 seconds
[2025-07-22T04:25:24.083+0000] {processor.py:186} INFO - Started process (PID=9628) to work on /opt/airflow/dags/train_traffic_pred.py
[2025-07-22T04:25:24.084+0000] {processor.py:914} INFO - Processing file /opt/airflow/dags/train_traffic_pred.py for tasks to queue
[2025-07-22T04:25:24.086+0000] {logging_mixin.py:190} INFO - [2025-07-22T04:25:24.086+0000] {dagbag.py:588} INFO - Filling up the DagBag from /opt/airflow/dags/train_traffic_pred.py
[2025-07-22T04:25:27.803+0000] {processor.py:925} INFO - DAG(s) 'train_traffic_pred' retrieved from /opt/airflow/dags/train_traffic_pred.py
[2025-07-22T04:25:27.827+0000] {logging_mixin.py:190} INFO - [2025-07-22T04:25:27.827+0000] {dag.py:3239} INFO - Sync 1 DAGs
[2025-07-22T04:25:27.847+0000] {logging_mixin.py:190} INFO - [2025-07-22T04:25:27.847+0000] {dag.py:4180} INFO - Setting next_dagrun for train_traffic_pred to 2025-07-22 00:00:00+00:00, run_after=2025-07-23 00:00:00+00:00
[2025-07-22T04:25:27.865+0000] {processor.py:208} INFO - Processing /opt/airflow/dags/train_traffic_pred.py took 3.788 seconds
[2025-07-22T04:25:59.171+0000] {processor.py:186} INFO - Started process (PID=9726) to work on /opt/airflow/dags/train_traffic_pred.py
[2025-07-22T04:25:59.172+0000] {processor.py:914} INFO - Processing file /opt/airflow/dags/train_traffic_pred.py for tasks to queue
[2025-07-22T04:25:59.175+0000] {logging_mixin.py:190} INFO - [2025-07-22T04:25:59.175+0000] {dagbag.py:588} INFO - Filling up the DagBag from /opt/airflow/dags/train_traffic_pred.py
[2025-07-22T04:26:02.782+0000] {processor.py:925} INFO - DAG(s) 'train_traffic_pred' retrieved from /opt/airflow/dags/train_traffic_pred.py
[2025-07-22T04:26:02.803+0000] {logging_mixin.py:190} INFO - [2025-07-22T04:26:02.802+0000] {dag.py:3239} INFO - Sync 1 DAGs
[2025-07-22T04:26:02.821+0000] {logging_mixin.py:190} INFO - [2025-07-22T04:26:02.821+0000] {dag.py:4180} INFO - Setting next_dagrun for train_traffic_pred to 2025-07-22 00:00:00+00:00, run_after=2025-07-23 00:00:00+00:00
[2025-07-22T04:26:02.838+0000] {processor.py:208} INFO - Processing /opt/airflow/dags/train_traffic_pred.py took 3.674 seconds
[2025-07-22T04:26:34.042+0000] {processor.py:186} INFO - Started process (PID=9824) to work on /opt/airflow/dags/train_traffic_pred.py
[2025-07-22T04:26:34.043+0000] {processor.py:914} INFO - Processing file /opt/airflow/dags/train_traffic_pred.py for tasks to queue
[2025-07-22T04:26:34.045+0000] {logging_mixin.py:190} INFO - [2025-07-22T04:26:34.045+0000] {dagbag.py:588} INFO - Filling up the DagBag from /opt/airflow/dags/train_traffic_pred.py
[2025-07-22T04:26:37.632+0000] {processor.py:925} INFO - DAG(s) 'train_traffic_pred' retrieved from /opt/airflow/dags/train_traffic_pred.py
[2025-07-22T04:26:37.656+0000] {logging_mixin.py:190} INFO - [2025-07-22T04:26:37.655+0000] {dag.py:3239} INFO - Sync 1 DAGs
[2025-07-22T04:26:37.674+0000] {logging_mixin.py:190} INFO - [2025-07-22T04:26:37.674+0000] {dag.py:4180} INFO - Setting next_dagrun for train_traffic_pred to 2025-07-22 00:00:00+00:00, run_after=2025-07-23 00:00:00+00:00
[2025-07-22T04:26:37.690+0000] {processor.py:208} INFO - Processing /opt/airflow/dags/train_traffic_pred.py took 3.652 seconds
[2025-07-22T04:27:09.176+0000] {processor.py:186} INFO - Started process (PID=9922) to work on /opt/airflow/dags/train_traffic_pred.py
[2025-07-22T04:27:09.177+0000] {processor.py:914} INFO - Processing file /opt/airflow/dags/train_traffic_pred.py for tasks to queue
[2025-07-22T04:27:09.179+0000] {logging_mixin.py:190} INFO - [2025-07-22T04:27:09.179+0000] {dagbag.py:588} INFO - Filling up the DagBag from /opt/airflow/dags/train_traffic_pred.py
[2025-07-22T04:27:12.887+0000] {processor.py:925} INFO - DAG(s) 'train_traffic_pred' retrieved from /opt/airflow/dags/train_traffic_pred.py
[2025-07-22T04:27:12.908+0000] {logging_mixin.py:190} INFO - [2025-07-22T04:27:12.908+0000] {dag.py:3239} INFO - Sync 1 DAGs
[2025-07-22T04:27:12.928+0000] {logging_mixin.py:190} INFO - [2025-07-22T04:27:12.928+0000] {dag.py:4180} INFO - Setting next_dagrun for train_traffic_pred to 2025-07-22 00:00:00+00:00, run_after=2025-07-23 00:00:00+00:00
[2025-07-22T04:27:12.943+0000] {processor.py:208} INFO - Processing /opt/airflow/dags/train_traffic_pred.py took 3.772 seconds
[2025-07-22T04:27:44.188+0000] {processor.py:186} INFO - Started process (PID=10026) to work on /opt/airflow/dags/train_traffic_pred.py
[2025-07-22T04:27:44.189+0000] {processor.py:914} INFO - Processing file /opt/airflow/dags/train_traffic_pred.py for tasks to queue
[2025-07-22T04:27:44.191+0000] {logging_mixin.py:190} INFO - [2025-07-22T04:27:44.190+0000] {dagbag.py:588} INFO - Filling up the DagBag from /opt/airflow/dags/train_traffic_pred.py
[2025-07-22T04:27:47.511+0000] {processor.py:925} INFO - DAG(s) 'train_traffic_pred' retrieved from /opt/airflow/dags/train_traffic_pred.py
[2025-07-22T04:27:47.533+0000] {logging_mixin.py:190} INFO - [2025-07-22T04:27:47.532+0000] {dag.py:3239} INFO - Sync 1 DAGs
[2025-07-22T04:27:47.549+0000] {logging_mixin.py:190} INFO - [2025-07-22T04:27:47.549+0000] {dag.py:4180} INFO - Setting next_dagrun for train_traffic_pred to 2025-07-22 00:00:00+00:00, run_after=2025-07-23 00:00:00+00:00
[2025-07-22T04:27:47.564+0000] {processor.py:208} INFO - Processing /opt/airflow/dags/train_traffic_pred.py took 3.381 seconds
[2025-07-22T04:28:18.816+0000] {processor.py:186} INFO - Started process (PID=10124) to work on /opt/airflow/dags/train_traffic_pred.py
[2025-07-22T04:28:18.817+0000] {processor.py:914} INFO - Processing file /opt/airflow/dags/train_traffic_pred.py for tasks to queue
[2025-07-22T04:28:18.819+0000] {logging_mixin.py:190} INFO - [2025-07-22T04:28:18.819+0000] {dagbag.py:588} INFO - Filling up the DagBag from /opt/airflow/dags/train_traffic_pred.py
[2025-07-22T04:28:22.159+0000] {processor.py:925} INFO - DAG(s) 'train_traffic_pred' retrieved from /opt/airflow/dags/train_traffic_pred.py
[2025-07-22T04:28:22.181+0000] {logging_mixin.py:190} INFO - [2025-07-22T04:28:22.180+0000] {dag.py:3239} INFO - Sync 1 DAGs
[2025-07-22T04:28:22.198+0000] {logging_mixin.py:190} INFO - [2025-07-22T04:28:22.198+0000] {dag.py:4180} INFO - Setting next_dagrun for train_traffic_pred to 2025-07-22 00:00:00+00:00, run_after=2025-07-23 00:00:00+00:00
[2025-07-22T04:28:22.213+0000] {processor.py:208} INFO - Processing /opt/airflow/dags/train_traffic_pred.py took 3.401 seconds
[2025-07-22T04:28:53.460+0000] {processor.py:186} INFO - Started process (PID=10222) to work on /opt/airflow/dags/train_traffic_pred.py
[2025-07-22T04:28:53.461+0000] {processor.py:914} INFO - Processing file /opt/airflow/dags/train_traffic_pred.py for tasks to queue
[2025-07-22T04:28:53.463+0000] {logging_mixin.py:190} INFO - [2025-07-22T04:28:53.463+0000] {dagbag.py:588} INFO - Filling up the DagBag from /opt/airflow/dags/train_traffic_pred.py
[2025-07-22T04:28:56.844+0000] {processor.py:925} INFO - DAG(s) 'train_traffic_pred' retrieved from /opt/airflow/dags/train_traffic_pred.py
[2025-07-22T04:28:56.866+0000] {logging_mixin.py:190} INFO - [2025-07-22T04:28:56.866+0000] {dag.py:3239} INFO - Sync 1 DAGs
[2025-07-22T04:28:56.884+0000] {logging_mixin.py:190} INFO - [2025-07-22T04:28:56.884+0000] {dag.py:4180} INFO - Setting next_dagrun for train_traffic_pred to 2025-07-22 00:00:00+00:00, run_after=2025-07-23 00:00:00+00:00
[2025-07-22T04:28:56.900+0000] {processor.py:208} INFO - Processing /opt/airflow/dags/train_traffic_pred.py took 3.445 seconds
[2025-07-22T04:29:28.222+0000] {processor.py:186} INFO - Started process (PID=10320) to work on /opt/airflow/dags/train_traffic_pred.py
[2025-07-22T04:29:28.223+0000] {processor.py:914} INFO - Processing file /opt/airflow/dags/train_traffic_pred.py for tasks to queue
[2025-07-22T04:29:28.225+0000] {logging_mixin.py:190} INFO - [2025-07-22T04:29:28.225+0000] {dagbag.py:588} INFO - Filling up the DagBag from /opt/airflow/dags/train_traffic_pred.py
[2025-07-22T04:29:31.552+0000] {processor.py:925} INFO - DAG(s) 'train_traffic_pred' retrieved from /opt/airflow/dags/train_traffic_pred.py
[2025-07-22T04:29:31.575+0000] {logging_mixin.py:190} INFO - [2025-07-22T04:29:31.575+0000] {dag.py:3239} INFO - Sync 1 DAGs
[2025-07-22T04:29:31.593+0000] {logging_mixin.py:190} INFO - [2025-07-22T04:29:31.593+0000] {dag.py:4180} INFO - Setting next_dagrun for train_traffic_pred to 2025-07-22 00:00:00+00:00, run_after=2025-07-23 00:00:00+00:00
[2025-07-22T04:29:31.609+0000] {processor.py:208} INFO - Processing /opt/airflow/dags/train_traffic_pred.py took 3.392 seconds
[2025-07-22T04:30:02.792+0000] {processor.py:186} INFO - Started process (PID=10418) to work on /opt/airflow/dags/train_traffic_pred.py
[2025-07-22T04:30:02.793+0000] {processor.py:914} INFO - Processing file /opt/airflow/dags/train_traffic_pred.py for tasks to queue
[2025-07-22T04:30:02.795+0000] {logging_mixin.py:190} INFO - [2025-07-22T04:30:02.795+0000] {dagbag.py:588} INFO - Filling up the DagBag from /opt/airflow/dags/train_traffic_pred.py
[2025-07-22T04:30:06.156+0000] {processor.py:925} INFO - DAG(s) 'train_traffic_pred' retrieved from /opt/airflow/dags/train_traffic_pred.py
[2025-07-22T04:30:06.177+0000] {logging_mixin.py:190} INFO - [2025-07-22T04:30:06.176+0000] {dag.py:3239} INFO - Sync 1 DAGs
[2025-07-22T04:30:06.194+0000] {logging_mixin.py:190} INFO - [2025-07-22T04:30:06.194+0000] {dag.py:4180} INFO - Setting next_dagrun for train_traffic_pred to 2025-07-22 00:00:00+00:00, run_after=2025-07-23 00:00:00+00:00
[2025-07-22T04:30:06.209+0000] {processor.py:208} INFO - Processing /opt/airflow/dags/train_traffic_pred.py took 3.422 seconds
[2025-07-22T04:30:37.586+0000] {processor.py:186} INFO - Started process (PID=10516) to work on /opt/airflow/dags/train_traffic_pred.py
[2025-07-22T04:30:37.588+0000] {processor.py:914} INFO - Processing file /opt/airflow/dags/train_traffic_pred.py for tasks to queue
[2025-07-22T04:30:37.590+0000] {logging_mixin.py:190} INFO - [2025-07-22T04:30:37.590+0000] {dagbag.py:588} INFO - Filling up the DagBag from /opt/airflow/dags/train_traffic_pred.py
[2025-07-22T04:30:41.126+0000] {processor.py:925} INFO - DAG(s) 'train_traffic_pred' retrieved from /opt/airflow/dags/train_traffic_pred.py
[2025-07-22T04:30:41.149+0000] {logging_mixin.py:190} INFO - [2025-07-22T04:30:41.148+0000] {dag.py:3239} INFO - Sync 1 DAGs
[2025-07-22T04:30:41.166+0000] {logging_mixin.py:190} INFO - [2025-07-22T04:30:41.166+0000] {dag.py:4180} INFO - Setting next_dagrun for train_traffic_pred to 2025-07-22 00:00:00+00:00, run_after=2025-07-23 00:00:00+00:00
[2025-07-22T04:30:41.181+0000] {processor.py:208} INFO - Processing /opt/airflow/dags/train_traffic_pred.py took 3.602 seconds
[2025-07-22T04:31:12.598+0000] {processor.py:186} INFO - Started process (PID=10620) to work on /opt/airflow/dags/train_traffic_pred.py
[2025-07-22T04:31:12.599+0000] {processor.py:914} INFO - Processing file /opt/airflow/dags/train_traffic_pred.py for tasks to queue
[2025-07-22T04:31:12.601+0000] {logging_mixin.py:190} INFO - [2025-07-22T04:31:12.601+0000] {dagbag.py:588} INFO - Filling up the DagBag from /opt/airflow/dags/train_traffic_pred.py
[2025-07-22T04:31:15.943+0000] {processor.py:925} INFO - DAG(s) 'train_traffic_pred' retrieved from /opt/airflow/dags/train_traffic_pred.py
[2025-07-22T04:31:15.965+0000] {logging_mixin.py:190} INFO - [2025-07-22T04:31:15.964+0000] {dag.py:3239} INFO - Sync 1 DAGs
[2025-07-22T04:31:15.984+0000] {logging_mixin.py:190} INFO - [2025-07-22T04:31:15.984+0000] {dag.py:4180} INFO - Setting next_dagrun for train_traffic_pred to 2025-07-22 00:00:00+00:00, run_after=2025-07-23 00:00:00+00:00
[2025-07-22T04:31:15.999+0000] {processor.py:208} INFO - Processing /opt/airflow/dags/train_traffic_pred.py took 3.407 seconds
[2025-07-22T04:31:47.500+0000] {processor.py:186} INFO - Started process (PID=10718) to work on /opt/airflow/dags/train_traffic_pred.py
[2025-07-22T04:31:47.501+0000] {processor.py:914} INFO - Processing file /opt/airflow/dags/train_traffic_pred.py for tasks to queue
[2025-07-22T04:31:47.504+0000] {logging_mixin.py:190} INFO - [2025-07-22T04:31:47.503+0000] {dagbag.py:588} INFO - Filling up the DagBag from /opt/airflow/dags/train_traffic_pred.py
[2025-07-22T04:31:51.017+0000] {processor.py:925} INFO - DAG(s) 'train_traffic_pred' retrieved from /opt/airflow/dags/train_traffic_pred.py
[2025-07-22T04:31:51.040+0000] {logging_mixin.py:190} INFO - [2025-07-22T04:31:51.040+0000] {dag.py:3239} INFO - Sync 1 DAGs
[2025-07-22T04:31:51.061+0000] {logging_mixin.py:190} INFO - [2025-07-22T04:31:51.061+0000] {dag.py:4180} INFO - Setting next_dagrun for train_traffic_pred to 2025-07-22 00:00:00+00:00, run_after=2025-07-23 00:00:00+00:00
[2025-07-22T04:31:51.078+0000] {processor.py:208} INFO - Processing /opt/airflow/dags/train_traffic_pred.py took 3.583 seconds
[2025-07-22T04:32:22.412+0000] {processor.py:186} INFO - Started process (PID=10816) to work on /opt/airflow/dags/train_traffic_pred.py
[2025-07-22T04:32:22.412+0000] {processor.py:914} INFO - Processing file /opt/airflow/dags/train_traffic_pred.py for tasks to queue
[2025-07-22T04:32:22.414+0000] {logging_mixin.py:190} INFO - [2025-07-22T04:32:22.414+0000] {dagbag.py:588} INFO - Filling up the DagBag from /opt/airflow/dags/train_traffic_pred.py
[2025-07-22T04:32:25.728+0000] {processor.py:925} INFO - DAG(s) 'train_traffic_pred' retrieved from /opt/airflow/dags/train_traffic_pred.py
[2025-07-22T04:32:25.748+0000] {logging_mixin.py:190} INFO - [2025-07-22T04:32:25.747+0000] {dag.py:3239} INFO - Sync 1 DAGs
[2025-07-22T04:32:25.763+0000] {logging_mixin.py:190} INFO - [2025-07-22T04:32:25.763+0000] {dag.py:4180} INFO - Setting next_dagrun for train_traffic_pred to 2025-07-22 00:00:00+00:00, run_after=2025-07-23 00:00:00+00:00
[2025-07-22T04:32:25.777+0000] {processor.py:208} INFO - Processing /opt/airflow/dags/train_traffic_pred.py took 3.370 seconds
[2025-07-22T04:32:56.863+0000] {processor.py:186} INFO - Started process (PID=10914) to work on /opt/airflow/dags/train_traffic_pred.py
[2025-07-22T04:32:56.864+0000] {processor.py:914} INFO - Processing file /opt/airflow/dags/train_traffic_pred.py for tasks to queue
[2025-07-22T04:32:56.866+0000] {logging_mixin.py:190} INFO - [2025-07-22T04:32:56.866+0000] {dagbag.py:588} INFO - Filling up the DagBag from /opt/airflow/dags/train_traffic_pred.py
[2025-07-22T04:33:00.186+0000] {processor.py:925} INFO - DAG(s) 'train_traffic_pred' retrieved from /opt/airflow/dags/train_traffic_pred.py
[2025-07-22T04:33:00.208+0000] {logging_mixin.py:190} INFO - [2025-07-22T04:33:00.207+0000] {dag.py:3239} INFO - Sync 1 DAGs
[2025-07-22T04:33:00.229+0000] {logging_mixin.py:190} INFO - [2025-07-22T04:33:00.228+0000] {dag.py:4180} INFO - Setting next_dagrun for train_traffic_pred to 2025-07-22 00:00:00+00:00, run_after=2025-07-23 00:00:00+00:00
[2025-07-22T04:33:00.246+0000] {processor.py:208} INFO - Processing /opt/airflow/dags/train_traffic_pred.py took 3.388 seconds
[2025-07-22T04:33:31.734+0000] {processor.py:186} INFO - Started process (PID=11012) to work on /opt/airflow/dags/train_traffic_pred.py
[2025-07-22T04:33:31.735+0000] {processor.py:914} INFO - Processing file /opt/airflow/dags/train_traffic_pred.py for tasks to queue
[2025-07-22T04:33:31.738+0000] {logging_mixin.py:190} INFO - [2025-07-22T04:33:31.737+0000] {dagbag.py:588} INFO - Filling up the DagBag from /opt/airflow/dags/train_traffic_pred.py
[2025-07-22T04:33:35.240+0000] {processor.py:925} INFO - DAG(s) 'train_traffic_pred' retrieved from /opt/airflow/dags/train_traffic_pred.py
[2025-07-22T04:33:35.261+0000] {logging_mixin.py:190} INFO - [2025-07-22T04:33:35.261+0000] {dag.py:3239} INFO - Sync 1 DAGs
[2025-07-22T04:33:35.280+0000] {logging_mixin.py:190} INFO - [2025-07-22T04:33:35.279+0000] {dag.py:4180} INFO - Setting next_dagrun for train_traffic_pred to 2025-07-22 00:00:00+00:00, run_after=2025-07-23 00:00:00+00:00
[2025-07-22T04:33:35.296+0000] {processor.py:208} INFO - Processing /opt/airflow/dags/train_traffic_pred.py took 3.567 seconds
[2025-07-22T04:34:06.720+0000] {processor.py:186} INFO - Started process (PID=11110) to work on /opt/airflow/dags/train_traffic_pred.py
[2025-07-22T04:34:06.721+0000] {processor.py:914} INFO - Processing file /opt/airflow/dags/train_traffic_pred.py for tasks to queue
[2025-07-22T04:34:06.724+0000] {logging_mixin.py:190} INFO - [2025-07-22T04:34:06.723+0000] {dagbag.py:588} INFO - Filling up the DagBag from /opt/airflow/dags/train_traffic_pred.py
[2025-07-22T04:34:10.140+0000] {processor.py:925} INFO - DAG(s) 'train_traffic_pred' retrieved from /opt/airflow/dags/train_traffic_pred.py
[2025-07-22T04:34:10.163+0000] {logging_mixin.py:190} INFO - [2025-07-22T04:34:10.162+0000] {dag.py:3239} INFO - Sync 1 DAGs
[2025-07-22T04:34:10.181+0000] {logging_mixin.py:190} INFO - [2025-07-22T04:34:10.180+0000] {dag.py:4180} INFO - Setting next_dagrun for train_traffic_pred to 2025-07-22 00:00:00+00:00, run_after=2025-07-23 00:00:00+00:00
[2025-07-22T04:34:10.195+0000] {processor.py:208} INFO - Processing /opt/airflow/dags/train_traffic_pred.py took 3.483 seconds
[2025-07-22T04:34:41.279+0000] {processor.py:186} INFO - Started process (PID=11208) to work on /opt/airflow/dags/train_traffic_pred.py
[2025-07-22T04:34:41.280+0000] {processor.py:914} INFO - Processing file /opt/airflow/dags/train_traffic_pred.py for tasks to queue
[2025-07-22T04:34:41.282+0000] {logging_mixin.py:190} INFO - [2025-07-22T04:34:41.282+0000] {dagbag.py:588} INFO - Filling up the DagBag from /opt/airflow/dags/train_traffic_pred.py
[2025-07-22T04:34:44.706+0000] {processor.py:925} INFO - DAG(s) 'train_traffic_pred' retrieved from /opt/airflow/dags/train_traffic_pred.py
[2025-07-22T04:34:44.728+0000] {logging_mixin.py:190} INFO - [2025-07-22T04:34:44.727+0000] {dag.py:3239} INFO - Sync 1 DAGs
[2025-07-22T04:34:44.746+0000] {logging_mixin.py:190} INFO - [2025-07-22T04:34:44.746+0000] {dag.py:4180} INFO - Setting next_dagrun for train_traffic_pred to 2025-07-22 00:00:00+00:00, run_after=2025-07-23 00:00:00+00:00
[2025-07-22T04:34:44.761+0000] {processor.py:208} INFO - Processing /opt/airflow/dags/train_traffic_pred.py took 3.488 seconds
[2025-07-22T04:35:16.378+0000] {processor.py:186} INFO - Started process (PID=11312) to work on /opt/airflow/dags/train_traffic_pred.py
[2025-07-22T04:35:16.379+0000] {processor.py:914} INFO - Processing file /opt/airflow/dags/train_traffic_pred.py for tasks to queue
[2025-07-22T04:35:16.381+0000] {logging_mixin.py:190} INFO - [2025-07-22T04:35:16.381+0000] {dagbag.py:588} INFO - Filling up the DagBag from /opt/airflow/dags/train_traffic_pred.py
[2025-07-22T04:35:19.781+0000] {processor.py:925} INFO - DAG(s) 'train_traffic_pred' retrieved from /opt/airflow/dags/train_traffic_pred.py
[2025-07-22T04:35:19.806+0000] {logging_mixin.py:190} INFO - [2025-07-22T04:35:19.806+0000] {dag.py:3239} INFO - Sync 1 DAGs
[2025-07-22T04:35:19.826+0000] {logging_mixin.py:190} INFO - [2025-07-22T04:35:19.826+0000] {dag.py:4180} INFO - Setting next_dagrun for train_traffic_pred to 2025-07-22 00:00:00+00:00, run_after=2025-07-23 00:00:00+00:00
[2025-07-22T04:35:19.844+0000] {processor.py:208} INFO - Processing /opt/airflow/dags/train_traffic_pred.py took 3.471 seconds
[2025-07-22T04:35:51.249+0000] {processor.py:186} INFO - Started process (PID=11410) to work on /opt/airflow/dags/train_traffic_pred.py
[2025-07-22T04:35:51.250+0000] {processor.py:914} INFO - Processing file /opt/airflow/dags/train_traffic_pred.py for tasks to queue
[2025-07-22T04:35:51.252+0000] {logging_mixin.py:190} INFO - [2025-07-22T04:35:51.251+0000] {dagbag.py:588} INFO - Filling up the DagBag from /opt/airflow/dags/train_traffic_pred.py
[2025-07-22T04:35:54.862+0000] {processor.py:925} INFO - DAG(s) 'train_traffic_pred' retrieved from /opt/airflow/dags/train_traffic_pred.py
[2025-07-22T04:35:54.886+0000] {logging_mixin.py:190} INFO - [2025-07-22T04:35:54.885+0000] {dag.py:3239} INFO - Sync 1 DAGs
[2025-07-22T04:35:54.905+0000] {logging_mixin.py:190} INFO - [2025-07-22T04:35:54.904+0000] {dag.py:4180} INFO - Setting next_dagrun for train_traffic_pred to 2025-07-22 00:00:00+00:00, run_after=2025-07-23 00:00:00+00:00
[2025-07-22T04:35:54.921+0000] {processor.py:208} INFO - Processing /opt/airflow/dags/train_traffic_pred.py took 3.677 seconds
[2025-07-22T04:36:26.042+0000] {processor.py:186} INFO - Started process (PID=11508) to work on /opt/airflow/dags/train_traffic_pred.py
[2025-07-22T04:36:26.043+0000] {processor.py:914} INFO - Processing file /opt/airflow/dags/train_traffic_pred.py for tasks to queue
[2025-07-22T04:36:26.046+0000] {logging_mixin.py:190} INFO - [2025-07-22T04:36:26.045+0000] {dagbag.py:588} INFO - Filling up the DagBag from /opt/airflow/dags/train_traffic_pred.py
[2025-07-22T04:36:29.544+0000] {processor.py:925} INFO - DAG(s) 'train_traffic_pred' retrieved from /opt/airflow/dags/train_traffic_pred.py
[2025-07-22T04:36:29.568+0000] {logging_mixin.py:190} INFO - [2025-07-22T04:36:29.568+0000] {dag.py:3239} INFO - Sync 1 DAGs
[2025-07-22T04:36:29.590+0000] {logging_mixin.py:190} INFO - [2025-07-22T04:36:29.589+0000] {dag.py:4180} INFO - Setting next_dagrun for train_traffic_pred to 2025-07-22 00:00:00+00:00, run_after=2025-07-23 00:00:00+00:00
[2025-07-22T04:36:29.608+0000] {processor.py:208} INFO - Processing /opt/airflow/dags/train_traffic_pred.py took 3.571 seconds
[2025-07-22T04:37:01.384+0000] {processor.py:186} INFO - Started process (PID=11606) to work on /opt/airflow/dags/train_traffic_pred.py
[2025-07-22T04:37:01.385+0000] {processor.py:914} INFO - Processing file /opt/airflow/dags/train_traffic_pred.py for tasks to queue
[2025-07-22T04:37:01.387+0000] {logging_mixin.py:190} INFO - [2025-07-22T04:37:01.387+0000] {dagbag.py:588} INFO - Filling up the DagBag from /opt/airflow/dags/train_traffic_pred.py
[2025-07-22T04:37:04.846+0000] {processor.py:925} INFO - DAG(s) 'train_traffic_pred' retrieved from /opt/airflow/dags/train_traffic_pred.py
[2025-07-22T04:37:04.869+0000] {logging_mixin.py:190} INFO - [2025-07-22T04:37:04.869+0000] {dag.py:3239} INFO - Sync 1 DAGs
[2025-07-22T04:37:04.890+0000] {logging_mixin.py:190} INFO - [2025-07-22T04:37:04.889+0000] {dag.py:4180} INFO - Setting next_dagrun for train_traffic_pred to 2025-07-22 00:00:00+00:00, run_after=2025-07-23 00:00:00+00:00
[2025-07-22T04:37:04.906+0000] {processor.py:208} INFO - Processing /opt/airflow/dags/train_traffic_pred.py took 3.527 seconds
[2025-07-22T04:37:36.247+0000] {processor.py:186} INFO - Started process (PID=11704) to work on /opt/airflow/dags/train_traffic_pred.py
[2025-07-22T04:37:36.248+0000] {processor.py:914} INFO - Processing file /opt/airflow/dags/train_traffic_pred.py for tasks to queue
[2025-07-22T04:37:36.250+0000] {logging_mixin.py:190} INFO - [2025-07-22T04:37:36.250+0000] {dagbag.py:588} INFO - Filling up the DagBag from /opt/airflow/dags/train_traffic_pred.py
[2025-07-22T04:37:39.759+0000] {processor.py:925} INFO - DAG(s) 'train_traffic_pred' retrieved from /opt/airflow/dags/train_traffic_pred.py
[2025-07-22T04:37:39.783+0000] {logging_mixin.py:190} INFO - [2025-07-22T04:37:39.783+0000] {dag.py:3239} INFO - Sync 1 DAGs
[2025-07-22T04:37:39.804+0000] {logging_mixin.py:190} INFO - [2025-07-22T04:37:39.803+0000] {dag.py:4180} INFO - Setting next_dagrun for train_traffic_pred to 2025-07-22 00:00:00+00:00, run_after=2025-07-23 00:00:00+00:00
[2025-07-22T04:37:39.821+0000] {processor.py:208} INFO - Processing /opt/airflow/dags/train_traffic_pred.py took 3.580 seconds
[2025-07-22T04:38:11.046+0000] {processor.py:186} INFO - Started process (PID=11802) to work on /opt/airflow/dags/train_traffic_pred.py
[2025-07-22T04:38:11.047+0000] {processor.py:914} INFO - Processing file /opt/airflow/dags/train_traffic_pred.py for tasks to queue
[2025-07-22T04:38:11.049+0000] {logging_mixin.py:190} INFO - [2025-07-22T04:38:11.049+0000] {dagbag.py:588} INFO - Filling up the DagBag from /opt/airflow/dags/train_traffic_pred.py
[2025-07-22T04:38:14.374+0000] {processor.py:925} INFO - DAG(s) 'train_traffic_pred' retrieved from /opt/airflow/dags/train_traffic_pred.py
[2025-07-22T04:38:14.394+0000] {logging_mixin.py:190} INFO - [2025-07-22T04:38:14.394+0000] {dag.py:3239} INFO - Sync 1 DAGs
[2025-07-22T04:38:14.412+0000] {logging_mixin.py:190} INFO - [2025-07-22T04:38:14.412+0000] {dag.py:4180} INFO - Setting next_dagrun for train_traffic_pred to 2025-07-22 00:00:00+00:00, run_after=2025-07-23 00:00:00+00:00
[2025-07-22T04:38:14.428+0000] {processor.py:208} INFO - Processing /opt/airflow/dags/train_traffic_pred.py took 3.388 seconds
[2025-07-22T04:38:46.347+0000] {processor.py:186} INFO - Started process (PID=11906) to work on /opt/airflow/dags/train_traffic_pred.py
[2025-07-22T04:38:46.348+0000] {processor.py:914} INFO - Processing file /opt/airflow/dags/train_traffic_pred.py for tasks to queue
[2025-07-22T04:38:46.350+0000] {logging_mixin.py:190} INFO - [2025-07-22T04:38:46.350+0000] {dagbag.py:588} INFO - Filling up the DagBag from /opt/airflow/dags/train_traffic_pred.py
[2025-07-22T04:38:49.933+0000] {processor.py:925} INFO - DAG(s) 'train_traffic_pred' retrieved from /opt/airflow/dags/train_traffic_pred.py
[2025-07-22T04:38:49.955+0000] {logging_mixin.py:190} INFO - [2025-07-22T04:38:49.954+0000] {dag.py:3239} INFO - Sync 1 DAGs
[2025-07-22T04:38:49.977+0000] {logging_mixin.py:190} INFO - [2025-07-22T04:38:49.976+0000] {dag.py:4180} INFO - Setting next_dagrun for train_traffic_pred to 2025-07-22 00:00:00+00:00, run_after=2025-07-23 00:00:00+00:00
[2025-07-22T04:38:49.994+0000] {processor.py:208} INFO - Processing /opt/airflow/dags/train_traffic_pred.py took 3.653 seconds
[2025-07-22T04:39:21.042+0000] {processor.py:186} INFO - Started process (PID=12004) to work on /opt/airflow/dags/train_traffic_pred.py
[2025-07-22T04:39:21.043+0000] {processor.py:914} INFO - Processing file /opt/airflow/dags/train_traffic_pred.py for tasks to queue
[2025-07-22T04:39:21.045+0000] {logging_mixin.py:190} INFO - [2025-07-22T04:39:21.045+0000] {dagbag.py:588} INFO - Filling up the DagBag from /opt/airflow/dags/train_traffic_pred.py
[2025-07-22T04:39:24.335+0000] {processor.py:925} INFO - DAG(s) 'train_traffic_pred' retrieved from /opt/airflow/dags/train_traffic_pred.py
[2025-07-22T04:39:24.357+0000] {logging_mixin.py:190} INFO - [2025-07-22T04:39:24.356+0000] {dag.py:3239} INFO - Sync 1 DAGs
[2025-07-22T04:39:24.374+0000] {logging_mixin.py:190} INFO - [2025-07-22T04:39:24.374+0000] {dag.py:4180} INFO - Setting next_dagrun for train_traffic_pred to 2025-07-22 00:00:00+00:00, run_after=2025-07-23 00:00:00+00:00
[2025-07-22T04:39:24.387+0000] {processor.py:208} INFO - Processing /opt/airflow/dags/train_traffic_pred.py took 3.352 seconds
[2025-07-22T04:39:55.510+0000] {processor.py:186} INFO - Started process (PID=12102) to work on /opt/airflow/dags/train_traffic_pred.py
[2025-07-22T04:39:55.511+0000] {processor.py:914} INFO - Processing file /opt/airflow/dags/train_traffic_pred.py for tasks to queue
[2025-07-22T04:39:55.513+0000] {logging_mixin.py:190} INFO - [2025-07-22T04:39:55.513+0000] {dagbag.py:588} INFO - Filling up the DagBag from /opt/airflow/dags/train_traffic_pred.py
[2025-07-22T04:39:58.848+0000] {processor.py:925} INFO - DAG(s) 'train_traffic_pred' retrieved from /opt/airflow/dags/train_traffic_pred.py
[2025-07-22T04:39:58.871+0000] {logging_mixin.py:190} INFO - [2025-07-22T04:39:58.869+0000] {dag.py:3239} INFO - Sync 1 DAGs
[2025-07-22T04:39:58.891+0000] {logging_mixin.py:190} INFO - [2025-07-22T04:39:58.890+0000] {dag.py:4180} INFO - Setting next_dagrun for train_traffic_pred to 2025-07-22 00:00:00+00:00, run_after=2025-07-23 00:00:00+00:00
[2025-07-22T04:39:58.903+0000] {processor.py:208} INFO - Processing /opt/airflow/dags/train_traffic_pred.py took 3.399 seconds
[2025-07-22T04:40:30.851+0000] {processor.py:186} INFO - Started process (PID=12200) to work on /opt/airflow/dags/train_traffic_pred.py
[2025-07-22T04:40:30.852+0000] {processor.py:914} INFO - Processing file /opt/airflow/dags/train_traffic_pred.py for tasks to queue
[2025-07-22T04:40:30.855+0000] {logging_mixin.py:190} INFO - [2025-07-22T04:40:30.854+0000] {dagbag.py:588} INFO - Filling up the DagBag from /opt/airflow/dags/train_traffic_pred.py
[2025-07-22T04:40:34.186+0000] {processor.py:925} INFO - DAG(s) 'train_traffic_pred' retrieved from /opt/airflow/dags/train_traffic_pred.py
[2025-07-22T04:40:34.207+0000] {logging_mixin.py:190} INFO - [2025-07-22T04:40:34.206+0000] {dag.py:3239} INFO - Sync 1 DAGs
[2025-07-22T04:40:34.223+0000] {logging_mixin.py:190} INFO - [2025-07-22T04:40:34.223+0000] {dag.py:4180} INFO - Setting next_dagrun for train_traffic_pred to 2025-07-22 00:00:00+00:00, run_after=2025-07-23 00:00:00+00:00
[2025-07-22T04:40:34.237+0000] {processor.py:208} INFO - Processing /opt/airflow/dags/train_traffic_pred.py took 3.391 seconds
[2025-07-22T04:41:05.312+0000] {processor.py:186} INFO - Started process (PID=12298) to work on /opt/airflow/dags/train_traffic_pred.py
[2025-07-22T04:41:05.313+0000] {processor.py:914} INFO - Processing file /opt/airflow/dags/train_traffic_pred.py for tasks to queue
[2025-07-22T04:41:05.316+0000] {logging_mixin.py:190} INFO - [2025-07-22T04:41:05.315+0000] {dagbag.py:588} INFO - Filling up the DagBag from /opt/airflow/dags/train_traffic_pred.py
[2025-07-22T04:41:08.686+0000] {processor.py:925} INFO - DAG(s) 'train_traffic_pred' retrieved from /opt/airflow/dags/train_traffic_pred.py
[2025-07-22T04:41:08.707+0000] {logging_mixin.py:190} INFO - [2025-07-22T04:41:08.706+0000] {dag.py:3239} INFO - Sync 1 DAGs
[2025-07-22T04:41:08.725+0000] {logging_mixin.py:190} INFO - [2025-07-22T04:41:08.725+0000] {dag.py:4180} INFO - Setting next_dagrun for train_traffic_pred to 2025-07-22 00:00:00+00:00, run_after=2025-07-23 00:00:00+00:00
[2025-07-22T04:41:08.740+0000] {processor.py:208} INFO - Processing /opt/airflow/dags/train_traffic_pred.py took 3.433 seconds
[2025-07-22T04:41:40.649+0000] {processor.py:186} INFO - Started process (PID=12396) to work on /opt/airflow/dags/train_traffic_pred.py
[2025-07-22T04:41:40.650+0000] {processor.py:914} INFO - Processing file /opt/airflow/dags/train_traffic_pred.py for tasks to queue
[2025-07-22T04:41:40.653+0000] {logging_mixin.py:190} INFO - [2025-07-22T04:41:40.652+0000] {dagbag.py:588} INFO - Filling up the DagBag from /opt/airflow/dags/train_traffic_pred.py
[2025-07-22T04:41:43.919+0000] {processor.py:925} INFO - DAG(s) 'train_traffic_pred' retrieved from /opt/airflow/dags/train_traffic_pred.py
[2025-07-22T04:41:43.939+0000] {logging_mixin.py:190} INFO - [2025-07-22T04:41:43.938+0000] {dag.py:3239} INFO - Sync 1 DAGs
[2025-07-22T04:41:43.958+0000] {logging_mixin.py:190} INFO - [2025-07-22T04:41:43.958+0000] {dag.py:4180} INFO - Setting next_dagrun for train_traffic_pred to 2025-07-22 00:00:00+00:00, run_after=2025-07-23 00:00:00+00:00
[2025-07-22T04:41:43.973+0000] {processor.py:208} INFO - Processing /opt/airflow/dags/train_traffic_pred.py took 3.332 seconds
[2025-07-22T04:42:15.905+0000] {processor.py:186} INFO - Started process (PID=12500) to work on /opt/airflow/dags/train_traffic_pred.py
[2025-07-22T04:42:15.906+0000] {processor.py:914} INFO - Processing file /opt/airflow/dags/train_traffic_pred.py for tasks to queue
[2025-07-22T04:42:15.907+0000] {logging_mixin.py:190} INFO - [2025-07-22T04:42:15.907+0000] {dagbag.py:588} INFO - Filling up the DagBag from /opt/airflow/dags/train_traffic_pred.py
[2025-07-22T04:42:19.316+0000] {processor.py:925} INFO - DAG(s) 'train_traffic_pred' retrieved from /opt/airflow/dags/train_traffic_pred.py
[2025-07-22T04:42:19.341+0000] {logging_mixin.py:190} INFO - [2025-07-22T04:42:19.340+0000] {dag.py:3239} INFO - Sync 1 DAGs
[2025-07-22T04:42:19.361+0000] {logging_mixin.py:190} INFO - [2025-07-22T04:42:19.360+0000] {dag.py:4180} INFO - Setting next_dagrun for train_traffic_pred to 2025-07-22 00:00:00+00:00, run_after=2025-07-23 00:00:00+00:00
[2025-07-22T04:42:19.382+0000] {processor.py:208} INFO - Processing /opt/airflow/dags/train_traffic_pred.py took 3.483 seconds
[2025-07-22T04:42:51.275+0000] {processor.py:186} INFO - Started process (PID=12598) to work on /opt/airflow/dags/train_traffic_pred.py
[2025-07-22T04:42:51.276+0000] {processor.py:914} INFO - Processing file /opt/airflow/dags/train_traffic_pred.py for tasks to queue
[2025-07-22T04:42:51.278+0000] {logging_mixin.py:190} INFO - [2025-07-22T04:42:51.278+0000] {dagbag.py:588} INFO - Filling up the DagBag from /opt/airflow/dags/train_traffic_pred.py
[2025-07-22T04:42:54.724+0000] {processor.py:925} INFO - DAG(s) 'train_traffic_pred' retrieved from /opt/airflow/dags/train_traffic_pred.py
[2025-07-22T04:42:54.747+0000] {logging_mixin.py:190} INFO - [2025-07-22T04:42:54.746+0000] {dag.py:3239} INFO - Sync 1 DAGs
[2025-07-22T04:42:54.767+0000] {logging_mixin.py:190} INFO - [2025-07-22T04:42:54.767+0000] {dag.py:4180} INFO - Setting next_dagrun for train_traffic_pred to 2025-07-22 00:00:00+00:00, run_after=2025-07-23 00:00:00+00:00
[2025-07-22T04:42:54.782+0000] {processor.py:208} INFO - Processing /opt/airflow/dags/train_traffic_pred.py took 3.512 seconds
[2025-07-22T04:43:26.706+0000] {processor.py:186} INFO - Started process (PID=12696) to work on /opt/airflow/dags/train_traffic_pred.py
[2025-07-22T04:43:26.707+0000] {processor.py:914} INFO - Processing file /opt/airflow/dags/train_traffic_pred.py for tasks to queue
[2025-07-22T04:43:26.710+0000] {logging_mixin.py:190} INFO - [2025-07-22T04:43:26.709+0000] {dagbag.py:588} INFO - Filling up the DagBag from /opt/airflow/dags/train_traffic_pred.py
[2025-07-22T04:43:30.096+0000] {processor.py:925} INFO - DAG(s) 'train_traffic_pred' retrieved from /opt/airflow/dags/train_traffic_pred.py
[2025-07-22T04:43:30.116+0000] {logging_mixin.py:190} INFO - [2025-07-22T04:43:30.116+0000] {dag.py:3239} INFO - Sync 1 DAGs
[2025-07-22T04:43:30.134+0000] {logging_mixin.py:190} INFO - [2025-07-22T04:43:30.134+0000] {dag.py:4180} INFO - Setting next_dagrun for train_traffic_pred to 2025-07-22 00:00:00+00:00, run_after=2025-07-23 00:00:00+00:00
[2025-07-22T04:43:30.150+0000] {processor.py:208} INFO - Processing /opt/airflow/dags/train_traffic_pred.py took 3.448 seconds
[2025-07-22T04:44:01.215+0000] {processor.py:186} INFO - Started process (PID=12794) to work on /opt/airflow/dags/train_traffic_pred.py
[2025-07-22T04:44:01.216+0000] {processor.py:914} INFO - Processing file /opt/airflow/dags/train_traffic_pred.py for tasks to queue
[2025-07-22T04:44:01.218+0000] {logging_mixin.py:190} INFO - [2025-07-22T04:44:01.217+0000] {dagbag.py:588} INFO - Filling up the DagBag from /opt/airflow/dags/train_traffic_pred.py
[2025-07-22T04:44:04.612+0000] {processor.py:925} INFO - DAG(s) 'train_traffic_pred' retrieved from /opt/airflow/dags/train_traffic_pred.py
[2025-07-22T04:44:04.633+0000] {logging_mixin.py:190} INFO - [2025-07-22T04:44:04.633+0000] {dag.py:3239} INFO - Sync 1 DAGs
[2025-07-22T04:44:04.652+0000] {logging_mixin.py:190} INFO - [2025-07-22T04:44:04.652+0000] {dag.py:4180} INFO - Setting next_dagrun for train_traffic_pred to 2025-07-22 00:00:00+00:00, run_after=2025-07-23 00:00:00+00:00
[2025-07-22T04:44:04.668+0000] {processor.py:208} INFO - Processing /opt/airflow/dags/train_traffic_pred.py took 3.459 seconds
[2025-07-22T04:44:36.669+0000] {processor.py:186} INFO - Started process (PID=12892) to work on /opt/airflow/dags/train_traffic_pred.py
[2025-07-22T04:44:36.670+0000] {processor.py:914} INFO - Processing file /opt/airflow/dags/train_traffic_pred.py for tasks to queue
[2025-07-22T04:44:36.672+0000] {logging_mixin.py:190} INFO - [2025-07-22T04:44:36.672+0000] {dagbag.py:588} INFO - Filling up the DagBag from /opt/airflow/dags/train_traffic_pred.py
[2025-07-22T04:44:40.497+0000] {processor.py:925} INFO - DAG(s) 'train_traffic_pred' retrieved from /opt/airflow/dags/train_traffic_pred.py
[2025-07-22T04:44:40.519+0000] {logging_mixin.py:190} INFO - [2025-07-22T04:44:40.519+0000] {dag.py:3239} INFO - Sync 1 DAGs
[2025-07-22T04:44:40.538+0000] {logging_mixin.py:190} INFO - [2025-07-22T04:44:40.537+0000] {dag.py:4180} INFO - Setting next_dagrun for train_traffic_pred to 2025-07-22 00:00:00+00:00, run_after=2025-07-23 00:00:00+00:00
[2025-07-22T04:44:40.555+0000] {processor.py:208} INFO - Processing /opt/airflow/dags/train_traffic_pred.py took 3.892 seconds
[2025-07-22T04:45:12.179+0000] {processor.py:186} INFO - Started process (PID=12990) to work on /opt/airflow/dags/train_traffic_pred.py
[2025-07-22T04:45:12.180+0000] {processor.py:914} INFO - Processing file /opt/airflow/dags/train_traffic_pred.py for tasks to queue
[2025-07-22T04:45:12.182+0000] {logging_mixin.py:190} INFO - [2025-07-22T04:45:12.182+0000] {dagbag.py:588} INFO - Filling up the DagBag from /opt/airflow/dags/train_traffic_pred.py
[2025-07-22T04:45:15.475+0000] {processor.py:925} INFO - DAG(s) 'train_traffic_pred' retrieved from /opt/airflow/dags/train_traffic_pred.py
[2025-07-22T04:45:15.498+0000] {logging_mixin.py:190} INFO - [2025-07-22T04:45:15.497+0000] {dag.py:3239} INFO - Sync 1 DAGs
[2025-07-22T04:45:15.514+0000] {logging_mixin.py:190} INFO - [2025-07-22T04:45:15.514+0000] {dag.py:4180} INFO - Setting next_dagrun for train_traffic_pred to 2025-07-22 00:00:00+00:00, run_after=2025-07-23 00:00:00+00:00
[2025-07-22T04:45:15.531+0000] {processor.py:208} INFO - Processing /opt/airflow/dags/train_traffic_pred.py took 3.359 seconds
[2025-07-22T04:45:46.921+0000] {processor.py:186} INFO - Started process (PID=13094) to work on /opt/airflow/dags/train_traffic_pred.py
[2025-07-22T04:45:46.922+0000] {processor.py:914} INFO - Processing file /opt/airflow/dags/train_traffic_pred.py for tasks to queue
[2025-07-22T04:45:46.924+0000] {logging_mixin.py:190} INFO - [2025-07-22T04:45:46.924+0000] {dagbag.py:588} INFO - Filling up the DagBag from /opt/airflow/dags/train_traffic_pred.py
[2025-07-22T04:45:50.566+0000] {processor.py:925} INFO - DAG(s) 'train_traffic_pred' retrieved from /opt/airflow/dags/train_traffic_pred.py
[2025-07-22T04:45:50.589+0000] {logging_mixin.py:190} INFO - [2025-07-22T04:45:50.588+0000] {dag.py:3239} INFO - Sync 1 DAGs
[2025-07-22T04:45:50.608+0000] {logging_mixin.py:190} INFO - [2025-07-22T04:45:50.607+0000] {dag.py:4180} INFO - Setting next_dagrun for train_traffic_pred to 2025-07-22 00:00:00+00:00, run_after=2025-07-23 00:00:00+00:00
[2025-07-22T04:45:50.625+0000] {processor.py:208} INFO - Processing /opt/airflow/dags/train_traffic_pred.py took 3.711 seconds
[2025-07-22T04:46:22.877+0000] {processor.py:186} INFO - Started process (PID=13192) to work on /opt/airflow/dags/train_traffic_pred.py
[2025-07-22T04:46:22.878+0000] {processor.py:914} INFO - Processing file /opt/airflow/dags/train_traffic_pred.py for tasks to queue
[2025-07-22T04:46:22.880+0000] {logging_mixin.py:190} INFO - [2025-07-22T04:46:22.880+0000] {dagbag.py:588} INFO - Filling up the DagBag from /opt/airflow/dags/train_traffic_pred.py
[2025-07-22T04:46:26.203+0000] {processor.py:925} INFO - DAG(s) 'train_traffic_pred' retrieved from /opt/airflow/dags/train_traffic_pred.py
[2025-07-22T04:46:26.225+0000] {logging_mixin.py:190} INFO - [2025-07-22T04:46:26.224+0000] {dag.py:3239} INFO - Sync 1 DAGs
[2025-07-22T04:46:26.242+0000] {logging_mixin.py:190} INFO - [2025-07-22T04:46:26.241+0000] {dag.py:4180} INFO - Setting next_dagrun for train_traffic_pred to 2025-07-22 00:00:00+00:00, run_after=2025-07-23 00:00:00+00:00
[2025-07-22T04:46:26.254+0000] {processor.py:208} INFO - Processing /opt/airflow/dags/train_traffic_pred.py took 3.383 seconds
[2025-07-22T04:46:58.147+0000] {processor.py:186} INFO - Started process (PID=13290) to work on /opt/airflow/dags/train_traffic_pred.py
[2025-07-22T04:46:58.148+0000] {processor.py:914} INFO - Processing file /opt/airflow/dags/train_traffic_pred.py for tasks to queue
[2025-07-22T04:46:58.150+0000] {logging_mixin.py:190} INFO - [2025-07-22T04:46:58.150+0000] {dagbag.py:588} INFO - Filling up the DagBag from /opt/airflow/dags/train_traffic_pred.py
[2025-07-22T04:47:01.473+0000] {processor.py:925} INFO - DAG(s) 'train_traffic_pred' retrieved from /opt/airflow/dags/train_traffic_pred.py
[2025-07-22T04:47:01.494+0000] {logging_mixin.py:190} INFO - [2025-07-22T04:47:01.494+0000] {dag.py:3239} INFO - Sync 1 DAGs
[2025-07-22T04:47:01.512+0000] {logging_mixin.py:190} INFO - [2025-07-22T04:47:01.512+0000] {dag.py:4180} INFO - Setting next_dagrun for train_traffic_pred to 2025-07-22 00:00:00+00:00, run_after=2025-07-23 00:00:00+00:00
[2025-07-22T04:47:01.529+0000] {processor.py:208} INFO - Processing /opt/airflow/dags/train_traffic_pred.py took 3.386 seconds
[2025-07-22T04:47:33.450+0000] {processor.py:186} INFO - Started process (PID=13388) to work on /opt/airflow/dags/train_traffic_pred.py
[2025-07-22T04:47:33.451+0000] {processor.py:914} INFO - Processing file /opt/airflow/dags/train_traffic_pred.py for tasks to queue
[2025-07-22T04:47:33.453+0000] {logging_mixin.py:190} INFO - [2025-07-22T04:47:33.453+0000] {dagbag.py:588} INFO - Filling up the DagBag from /opt/airflow/dags/train_traffic_pred.py
[2025-07-22T04:47:36.686+0000] {processor.py:925} INFO - DAG(s) 'train_traffic_pred' retrieved from /opt/airflow/dags/train_traffic_pred.py
[2025-07-22T04:47:36.708+0000] {logging_mixin.py:190} INFO - [2025-07-22T04:47:36.708+0000] {dag.py:3239} INFO - Sync 1 DAGs
[2025-07-22T04:47:36.726+0000] {logging_mixin.py:190} INFO - [2025-07-22T04:47:36.726+0000] {dag.py:4180} INFO - Setting next_dagrun for train_traffic_pred to 2025-07-22 00:00:00+00:00, run_after=2025-07-23 00:00:00+00:00
[2025-07-22T04:47:36.742+0000] {processor.py:208} INFO - Processing /opt/airflow/dags/train_traffic_pred.py took 3.297 seconds
[2025-07-22T04:48:08.655+0000] {processor.py:186} INFO - Started process (PID=13486) to work on /opt/airflow/dags/train_traffic_pred.py
[2025-07-22T04:48:08.656+0000] {processor.py:914} INFO - Processing file /opt/airflow/dags/train_traffic_pred.py for tasks to queue
[2025-07-22T04:48:08.658+0000] {logging_mixin.py:190} INFO - [2025-07-22T04:48:08.658+0000] {dagbag.py:588} INFO - Filling up the DagBag from /opt/airflow/dags/train_traffic_pred.py
[2025-07-22T04:48:12.018+0000] {processor.py:925} INFO - DAG(s) 'train_traffic_pred' retrieved from /opt/airflow/dags/train_traffic_pred.py
[2025-07-22T04:48:12.040+0000] {logging_mixin.py:190} INFO - [2025-07-22T04:48:12.040+0000] {dag.py:3239} INFO - Sync 1 DAGs
[2025-07-22T04:48:12.059+0000] {logging_mixin.py:190} INFO - [2025-07-22T04:48:12.059+0000] {dag.py:4180} INFO - Setting next_dagrun for train_traffic_pred to 2025-07-22 00:00:00+00:00, run_after=2025-07-23 00:00:00+00:00
[2025-07-22T04:48:12.078+0000] {processor.py:208} INFO - Processing /opt/airflow/dags/train_traffic_pred.py took 3.429 seconds
[2025-07-22T04:48:43.756+0000] {processor.py:186} INFO - Started process (PID=13584) to work on /opt/airflow/dags/train_traffic_pred.py
[2025-07-22T04:48:43.757+0000] {processor.py:914} INFO - Processing file /opt/airflow/dags/train_traffic_pred.py for tasks to queue
[2025-07-22T04:48:43.760+0000] {logging_mixin.py:190} INFO - [2025-07-22T04:48:43.760+0000] {dagbag.py:588} INFO - Filling up the DagBag from /opt/airflow/dags/train_traffic_pred.py
[2025-07-22T04:48:47.064+0000] {processor.py:925} INFO - DAG(s) 'train_traffic_pred' retrieved from /opt/airflow/dags/train_traffic_pred.py
[2025-07-22T04:48:47.086+0000] {logging_mixin.py:190} INFO - [2025-07-22T04:48:47.085+0000] {dag.py:3239} INFO - Sync 1 DAGs
[2025-07-22T04:48:47.106+0000] {logging_mixin.py:190} INFO - [2025-07-22T04:48:47.105+0000] {dag.py:4180} INFO - Setting next_dagrun for train_traffic_pred to 2025-07-22 00:00:00+00:00, run_after=2025-07-23 00:00:00+00:00
[2025-07-22T04:48:47.122+0000] {processor.py:208} INFO - Processing /opt/airflow/dags/train_traffic_pred.py took 3.374 seconds
[2025-07-22T04:49:19.079+0000] {processor.py:186} INFO - Started process (PID=13688) to work on /opt/airflow/dags/train_traffic_pred.py
[2025-07-22T04:49:19.080+0000] {processor.py:914} INFO - Processing file /opt/airflow/dags/train_traffic_pred.py for tasks to queue
[2025-07-22T04:49:19.082+0000] {logging_mixin.py:190} INFO - [2025-07-22T04:49:19.082+0000] {dagbag.py:588} INFO - Filling up the DagBag from /opt/airflow/dags/train_traffic_pred.py
[2025-07-22T04:49:22.545+0000] {processor.py:925} INFO - DAG(s) 'train_traffic_pred' retrieved from /opt/airflow/dags/train_traffic_pred.py
[2025-07-22T04:49:22.568+0000] {logging_mixin.py:190} INFO - [2025-07-22T04:49:22.567+0000] {dag.py:3239} INFO - Sync 1 DAGs
[2025-07-22T04:49:22.586+0000] {logging_mixin.py:190} INFO - [2025-07-22T04:49:22.585+0000] {dag.py:4180} INFO - Setting next_dagrun for train_traffic_pred to 2025-07-22 00:00:00+00:00, run_after=2025-07-23 00:00:00+00:00
[2025-07-22T04:49:22.602+0000] {processor.py:208} INFO - Processing /opt/airflow/dags/train_traffic_pred.py took 3.528 seconds
[2025-07-22T04:49:53.688+0000] {processor.py:186} INFO - Started process (PID=13786) to work on /opt/airflow/dags/train_traffic_pred.py
[2025-07-22T04:49:53.690+0000] {processor.py:914} INFO - Processing file /opt/airflow/dags/train_traffic_pred.py for tasks to queue
[2025-07-22T04:49:53.692+0000] {logging_mixin.py:190} INFO - [2025-07-22T04:49:53.692+0000] {dagbag.py:588} INFO - Filling up the DagBag from /opt/airflow/dags/train_traffic_pred.py
[2025-07-22T04:49:57.140+0000] {processor.py:925} INFO - DAG(s) 'train_traffic_pred' retrieved from /opt/airflow/dags/train_traffic_pred.py
[2025-07-22T04:49:57.167+0000] {logging_mixin.py:190} INFO - [2025-07-22T04:49:57.166+0000] {dag.py:3239} INFO - Sync 1 DAGs
[2025-07-22T04:49:57.189+0000] {logging_mixin.py:190} INFO - [2025-07-22T04:49:57.189+0000] {dag.py:4180} INFO - Setting next_dagrun for train_traffic_pred to 2025-07-22 00:00:00+00:00, run_after=2025-07-23 00:00:00+00:00
[2025-07-22T04:49:57.206+0000] {processor.py:208} INFO - Processing /opt/airflow/dags/train_traffic_pred.py took 3.524 seconds
[2025-07-22T04:50:29.101+0000] {processor.py:186} INFO - Started process (PID=13885) to work on /opt/airflow/dags/train_traffic_pred.py
[2025-07-22T04:50:29.102+0000] {processor.py:914} INFO - Processing file /opt/airflow/dags/train_traffic_pred.py for tasks to queue
[2025-07-22T04:50:29.105+0000] {logging_mixin.py:190} INFO - [2025-07-22T04:50:29.104+0000] {dagbag.py:588} INFO - Filling up the DagBag from /opt/airflow/dags/train_traffic_pred.py
[2025-07-22T04:50:32.494+0000] {processor.py:925} INFO - DAG(s) 'train_traffic_pred' retrieved from /opt/airflow/dags/train_traffic_pred.py
[2025-07-22T04:50:32.513+0000] {logging_mixin.py:190} INFO - [2025-07-22T04:50:32.513+0000] {dag.py:3239} INFO - Sync 1 DAGs
[2025-07-22T04:50:32.530+0000] {logging_mixin.py:190} INFO - [2025-07-22T04:50:32.530+0000] {dag.py:4180} INFO - Setting next_dagrun for train_traffic_pred to 2025-07-22 00:00:00+00:00, run_after=2025-07-23 00:00:00+00:00
[2025-07-22T04:50:32.545+0000] {processor.py:208} INFO - Processing /opt/airflow/dags/train_traffic_pred.py took 3.450 seconds
[2025-07-22T04:51:03.616+0000] {processor.py:186} INFO - Started process (PID=13983) to work on /opt/airflow/dags/train_traffic_pred.py
[2025-07-22T04:51:03.618+0000] {processor.py:914} INFO - Processing file /opt/airflow/dags/train_traffic_pred.py for tasks to queue
[2025-07-22T04:51:03.621+0000] {logging_mixin.py:190} INFO - [2025-07-22T04:51:03.620+0000] {dagbag.py:588} INFO - Filling up the DagBag from /opt/airflow/dags/train_traffic_pred.py
[2025-07-22T04:51:06.974+0000] {processor.py:925} INFO - DAG(s) 'train_traffic_pred' retrieved from /opt/airflow/dags/train_traffic_pred.py
[2025-07-22T04:51:06.996+0000] {logging_mixin.py:190} INFO - [2025-07-22T04:51:06.995+0000] {dag.py:3239} INFO - Sync 1 DAGs
[2025-07-22T04:51:07.014+0000] {logging_mixin.py:190} INFO - [2025-07-22T04:51:07.014+0000] {dag.py:4180} INFO - Setting next_dagrun for train_traffic_pred to 2025-07-22 00:00:00+00:00, run_after=2025-07-23 00:00:00+00:00
[2025-07-22T04:51:07.029+0000] {processor.py:208} INFO - Processing /opt/airflow/dags/train_traffic_pred.py took 3.419 seconds
[2025-07-22T04:51:38.933+0000] {processor.py:186} INFO - Started process (PID=14081) to work on /opt/airflow/dags/train_traffic_pred.py
[2025-07-22T04:51:38.934+0000] {processor.py:914} INFO - Processing file /opt/airflow/dags/train_traffic_pred.py for tasks to queue
[2025-07-22T04:51:38.937+0000] {logging_mixin.py:190} INFO - [2025-07-22T04:51:38.936+0000] {dagbag.py:588} INFO - Filling up the DagBag from /opt/airflow/dags/train_traffic_pred.py
[2025-07-22T04:51:42.269+0000] {processor.py:925} INFO - DAG(s) 'train_traffic_pred' retrieved from /opt/airflow/dags/train_traffic_pred.py
[2025-07-22T04:51:42.292+0000] {logging_mixin.py:190} INFO - [2025-07-22T04:51:42.291+0000] {dag.py:3239} INFO - Sync 1 DAGs
[2025-07-22T04:51:42.311+0000] {logging_mixin.py:190} INFO - [2025-07-22T04:51:42.311+0000] {dag.py:4180} INFO - Setting next_dagrun for train_traffic_pred to 2025-07-22 00:00:00+00:00, run_after=2025-07-23 00:00:00+00:00
[2025-07-22T04:51:42.325+0000] {processor.py:208} INFO - Processing /opt/airflow/dags/train_traffic_pred.py took 3.397 seconds
[2025-07-22T04:52:13.443+0000] {processor.py:186} INFO - Started process (PID=14179) to work on /opt/airflow/dags/train_traffic_pred.py
[2025-07-22T04:52:13.444+0000] {processor.py:914} INFO - Processing file /opt/airflow/dags/train_traffic_pred.py for tasks to queue
[2025-07-22T04:52:13.446+0000] {logging_mixin.py:190} INFO - [2025-07-22T04:52:13.445+0000] {dagbag.py:588} INFO - Filling up the DagBag from /opt/airflow/dags/train_traffic_pred.py
[2025-07-22T04:52:16.680+0000] {processor.py:925} INFO - DAG(s) 'train_traffic_pred' retrieved from /opt/airflow/dags/train_traffic_pred.py
[2025-07-22T04:52:16.702+0000] {logging_mixin.py:190} INFO - [2025-07-22T04:52:16.701+0000] {dag.py:3239} INFO - Sync 1 DAGs
[2025-07-22T04:52:16.720+0000] {logging_mixin.py:190} INFO - [2025-07-22T04:52:16.720+0000] {dag.py:4180} INFO - Setting next_dagrun for train_traffic_pred to 2025-07-22 00:00:00+00:00, run_after=2025-07-23 00:00:00+00:00
[2025-07-22T04:52:16.737+0000] {processor.py:208} INFO - Processing /opt/airflow/dags/train_traffic_pred.py took 3.301 seconds
[2025-07-22T04:52:48.658+0000] {processor.py:186} INFO - Started process (PID=14284) to work on /opt/airflow/dags/train_traffic_pred.py
[2025-07-22T04:52:48.659+0000] {processor.py:914} INFO - Processing file /opt/airflow/dags/train_traffic_pred.py for tasks to queue
[2025-07-22T04:52:48.661+0000] {logging_mixin.py:190} INFO - [2025-07-22T04:52:48.661+0000] {dagbag.py:588} INFO - Filling up the DagBag from /opt/airflow/dags/train_traffic_pred.py
[2025-07-22T04:52:52.086+0000] {processor.py:925} INFO - DAG(s) 'train_traffic_pred' retrieved from /opt/airflow/dags/train_traffic_pred.py
[2025-07-22T04:52:52.106+0000] {logging_mixin.py:190} INFO - [2025-07-22T04:52:52.106+0000] {dag.py:3239} INFO - Sync 1 DAGs
[2025-07-22T04:52:52.125+0000] {logging_mixin.py:190} INFO - [2025-07-22T04:52:52.124+0000] {dag.py:4180} INFO - Setting next_dagrun for train_traffic_pred to 2025-07-22 00:00:00+00:00, run_after=2025-07-23 00:00:00+00:00
[2025-07-22T04:52:52.140+0000] {processor.py:208} INFO - Processing /opt/airflow/dags/train_traffic_pred.py took 3.487 seconds
[2025-07-22T04:53:24.106+0000] {processor.py:186} INFO - Started process (PID=14382) to work on /opt/airflow/dags/train_traffic_pred.py
[2025-07-22T04:53:24.107+0000] {processor.py:914} INFO - Processing file /opt/airflow/dags/train_traffic_pred.py for tasks to queue
[2025-07-22T04:53:24.109+0000] {logging_mixin.py:190} INFO - [2025-07-22T04:53:24.108+0000] {dagbag.py:588} INFO - Filling up the DagBag from /opt/airflow/dags/train_traffic_pred.py
[2025-07-22T04:53:27.442+0000] {processor.py:925} INFO - DAG(s) 'train_traffic_pred' retrieved from /opt/airflow/dags/train_traffic_pred.py
[2025-07-22T04:53:27.464+0000] {logging_mixin.py:190} INFO - [2025-07-22T04:53:27.463+0000] {dag.py:3239} INFO - Sync 1 DAGs
[2025-07-22T04:53:27.482+0000] {logging_mixin.py:190} INFO - [2025-07-22T04:53:27.482+0000] {dag.py:4180} INFO - Setting next_dagrun for train_traffic_pred to 2025-07-22 00:00:00+00:00, run_after=2025-07-23 00:00:00+00:00
[2025-07-22T04:53:27.498+0000] {processor.py:208} INFO - Processing /opt/airflow/dags/train_traffic_pred.py took 3.397 seconds
[2025-07-22T04:53:59.366+0000] {processor.py:186} INFO - Started process (PID=14480) to work on /opt/airflow/dags/train_traffic_pred.py
[2025-07-22T04:53:59.367+0000] {processor.py:914} INFO - Processing file /opt/airflow/dags/train_traffic_pred.py for tasks to queue
[2025-07-22T04:53:59.369+0000] {logging_mixin.py:190} INFO - [2025-07-22T04:53:59.368+0000] {dagbag.py:588} INFO - Filling up the DagBag from /opt/airflow/dags/train_traffic_pred.py
[2025-07-22T04:54:02.832+0000] {processor.py:925} INFO - DAG(s) 'train_traffic_pred' retrieved from /opt/airflow/dags/train_traffic_pred.py
[2025-07-22T04:54:02.854+0000] {logging_mixin.py:190} INFO - [2025-07-22T04:54:02.854+0000] {dag.py:3239} INFO - Sync 1 DAGs
[2025-07-22T04:54:02.870+0000] {logging_mixin.py:190} INFO - [2025-07-22T04:54:02.870+0000] {dag.py:4180} INFO - Setting next_dagrun for train_traffic_pred to 2025-07-22 00:00:00+00:00, run_after=2025-07-23 00:00:00+00:00
[2025-07-22T04:54:02.885+0000] {processor.py:208} INFO - Processing /opt/airflow/dags/train_traffic_pred.py took 3.524 seconds
[2025-07-22T04:54:34.750+0000] {processor.py:186} INFO - Started process (PID=14578) to work on /opt/airflow/dags/train_traffic_pred.py
[2025-07-22T04:54:34.751+0000] {processor.py:914} INFO - Processing file /opt/airflow/dags/train_traffic_pred.py for tasks to queue
[2025-07-22T04:54:34.752+0000] {logging_mixin.py:190} INFO - [2025-07-22T04:54:34.752+0000] {dagbag.py:588} INFO - Filling up the DagBag from /opt/airflow/dags/train_traffic_pred.py
[2025-07-22T04:54:38.026+0000] {processor.py:925} INFO - DAG(s) 'train_traffic_pred' retrieved from /opt/airflow/dags/train_traffic_pred.py
[2025-07-22T04:54:38.047+0000] {logging_mixin.py:190} INFO - [2025-07-22T04:54:38.047+0000] {dag.py:3239} INFO - Sync 1 DAGs
[2025-07-22T04:54:38.065+0000] {logging_mixin.py:190} INFO - [2025-07-22T04:54:38.065+0000] {dag.py:4180} INFO - Setting next_dagrun for train_traffic_pred to 2025-07-22 00:00:00+00:00, run_after=2025-07-23 00:00:00+00:00
[2025-07-22T04:54:38.081+0000] {processor.py:208} INFO - Processing /opt/airflow/dags/train_traffic_pred.py took 3.336 seconds
[2025-07-22T04:55:10.061+0000] {processor.py:186} INFO - Started process (PID=14676) to work on /opt/airflow/dags/train_traffic_pred.py
[2025-07-22T04:55:10.061+0000] {processor.py:914} INFO - Processing file /opt/airflow/dags/train_traffic_pred.py for tasks to queue
[2025-07-22T04:55:10.063+0000] {logging_mixin.py:190} INFO - [2025-07-22T04:55:10.063+0000] {dagbag.py:588} INFO - Filling up the DagBag from /opt/airflow/dags/train_traffic_pred.py
[2025-07-22T04:55:13.416+0000] {processor.py:925} INFO - DAG(s) 'train_traffic_pred' retrieved from /opt/airflow/dags/train_traffic_pred.py
[2025-07-22T04:55:13.438+0000] {logging_mixin.py:190} INFO - [2025-07-22T04:55:13.438+0000] {dag.py:3239} INFO - Sync 1 DAGs
[2025-07-22T04:55:13.457+0000] {logging_mixin.py:190} INFO - [2025-07-22T04:55:13.457+0000] {dag.py:4180} INFO - Setting next_dagrun for train_traffic_pred to 2025-07-22 00:00:00+00:00, run_after=2025-07-23 00:00:00+00:00
[2025-07-22T04:55:13.473+0000] {processor.py:208} INFO - Processing /opt/airflow/dags/train_traffic_pred.py took 3.417 seconds
[2025-07-22T04:55:45.371+0000] {processor.py:186} INFO - Started process (PID=14780) to work on /opt/airflow/dags/train_traffic_pred.py
[2025-07-22T04:55:45.372+0000] {processor.py:914} INFO - Processing file /opt/airflow/dags/train_traffic_pred.py for tasks to queue
[2025-07-22T04:55:45.375+0000] {logging_mixin.py:190} INFO - [2025-07-22T04:55:45.374+0000] {dagbag.py:588} INFO - Filling up the DagBag from /opt/airflow/dags/train_traffic_pred.py
[2025-07-22T04:55:48.640+0000] {processor.py:925} INFO - DAG(s) 'train_traffic_pred' retrieved from /opt/airflow/dags/train_traffic_pred.py
[2025-07-22T04:55:48.663+0000] {logging_mixin.py:190} INFO - [2025-07-22T04:55:48.663+0000] {dag.py:3239} INFO - Sync 1 DAGs
[2025-07-22T04:55:48.681+0000] {logging_mixin.py:190} INFO - [2025-07-22T04:55:48.681+0000] {dag.py:4180} INFO - Setting next_dagrun for train_traffic_pred to 2025-07-22 00:00:00+00:00, run_after=2025-07-23 00:00:00+00:00
[2025-07-22T04:55:48.696+0000] {processor.py:208} INFO - Processing /opt/airflow/dags/train_traffic_pred.py took 3.333 seconds
[2025-07-22T04:56:20.390+0000] {processor.py:186} INFO - Started process (PID=14878) to work on /opt/airflow/dags/train_traffic_pred.py
[2025-07-22T04:56:20.391+0000] {processor.py:914} INFO - Processing file /opt/airflow/dags/train_traffic_pred.py for tasks to queue
[2025-07-22T04:56:20.393+0000] {logging_mixin.py:190} INFO - [2025-07-22T04:56:20.393+0000] {dagbag.py:588} INFO - Filling up the DagBag from /opt/airflow/dags/train_traffic_pred.py
[2025-07-22T04:56:23.624+0000] {processor.py:925} INFO - DAG(s) 'train_traffic_pred' retrieved from /opt/airflow/dags/train_traffic_pred.py
[2025-07-22T04:56:23.646+0000] {logging_mixin.py:190} INFO - [2025-07-22T04:56:23.645+0000] {dag.py:3239} INFO - Sync 1 DAGs
[2025-07-22T04:56:23.662+0000] {logging_mixin.py:190} INFO - [2025-07-22T04:56:23.662+0000] {dag.py:4180} INFO - Setting next_dagrun for train_traffic_pred to 2025-07-22 00:00:00+00:00, run_after=2025-07-23 00:00:00+00:00
[2025-07-22T04:56:23.678+0000] {processor.py:208} INFO - Processing /opt/airflow/dags/train_traffic_pred.py took 3.294 seconds
[2025-07-22T04:56:55.607+0000] {processor.py:186} INFO - Started process (PID=14976) to work on /opt/airflow/dags/train_traffic_pred.py
[2025-07-22T04:56:55.608+0000] {processor.py:914} INFO - Processing file /opt/airflow/dags/train_traffic_pred.py for tasks to queue
[2025-07-22T04:56:55.611+0000] {logging_mixin.py:190} INFO - [2025-07-22T04:56:55.610+0000] {dagbag.py:588} INFO - Filling up the DagBag from /opt/airflow/dags/train_traffic_pred.py
[2025-07-22T04:56:59.186+0000] {processor.py:925} INFO - DAG(s) 'train_traffic_pred' retrieved from /opt/airflow/dags/train_traffic_pred.py
[2025-07-22T04:56:59.209+0000] {logging_mixin.py:190} INFO - [2025-07-22T04:56:59.209+0000] {dag.py:3239} INFO - Sync 1 DAGs
[2025-07-22T04:56:59.230+0000] {logging_mixin.py:190} INFO - [2025-07-22T04:56:59.229+0000] {dag.py:4180} INFO - Setting next_dagrun for train_traffic_pred to 2025-07-22 00:00:00+00:00, run_after=2025-07-23 00:00:00+00:00
[2025-07-22T04:56:59.247+0000] {processor.py:208} INFO - Processing /opt/airflow/dags/train_traffic_pred.py took 3.645 seconds
[2025-07-22T04:57:30.394+0000] {processor.py:186} INFO - Started process (PID=15074) to work on /opt/airflow/dags/train_traffic_pred.py
[2025-07-22T04:57:30.395+0000] {processor.py:914} INFO - Processing file /opt/airflow/dags/train_traffic_pred.py for tasks to queue
[2025-07-22T04:57:30.398+0000] {logging_mixin.py:190} INFO - [2025-07-22T04:57:30.397+0000] {dagbag.py:588} INFO - Filling up the DagBag from /opt/airflow/dags/train_traffic_pred.py
[2025-07-22T04:57:33.787+0000] {processor.py:925} INFO - DAG(s) 'train_traffic_pred' retrieved from /opt/airflow/dags/train_traffic_pred.py
[2025-07-22T04:57:33.814+0000] {logging_mixin.py:190} INFO - [2025-07-22T04:57:33.814+0000] {dag.py:3239} INFO - Sync 1 DAGs
[2025-07-22T04:57:33.837+0000] {logging_mixin.py:190} INFO - [2025-07-22T04:57:33.837+0000] {dag.py:4180} INFO - Setting next_dagrun for train_traffic_pred to 2025-07-22 00:00:00+00:00, run_after=2025-07-23 00:00:00+00:00
[2025-07-22T04:57:33.855+0000] {processor.py:208} INFO - Processing /opt/airflow/dags/train_traffic_pred.py took 3.467 seconds
[2025-07-22T04:58:04.974+0000] {processor.py:186} INFO - Started process (PID=15172) to work on /opt/airflow/dags/train_traffic_pred.py
[2025-07-22T04:58:04.975+0000] {processor.py:914} INFO - Processing file /opt/airflow/dags/train_traffic_pred.py for tasks to queue
[2025-07-22T04:58:04.977+0000] {logging_mixin.py:190} INFO - [2025-07-22T04:58:04.977+0000] {dagbag.py:588} INFO - Filling up the DagBag from /opt/airflow/dags/train_traffic_pred.py
[2025-07-22T04:58:08.347+0000] {processor.py:925} INFO - DAG(s) 'train_traffic_pred' retrieved from /opt/airflow/dags/train_traffic_pred.py
[2025-07-22T04:58:08.367+0000] {logging_mixin.py:190} INFO - [2025-07-22T04:58:08.367+0000] {dag.py:3239} INFO - Sync 1 DAGs
[2025-07-22T04:58:08.385+0000] {logging_mixin.py:190} INFO - [2025-07-22T04:58:08.385+0000] {dag.py:4180} INFO - Setting next_dagrun for train_traffic_pred to 2025-07-22 00:00:00+00:00, run_after=2025-07-23 00:00:00+00:00
[2025-07-22T04:58:08.401+0000] {processor.py:208} INFO - Processing /opt/airflow/dags/train_traffic_pred.py took 3.432 seconds
[2025-07-22T04:58:40.466+0000] {processor.py:186} INFO - Started process (PID=15270) to work on /opt/airflow/dags/train_traffic_pred.py
[2025-07-22T04:58:40.467+0000] {processor.py:914} INFO - Processing file /opt/airflow/dags/train_traffic_pred.py for tasks to queue
[2025-07-22T04:58:40.470+0000] {logging_mixin.py:190} INFO - [2025-07-22T04:58:40.469+0000] {dagbag.py:588} INFO - Filling up the DagBag from /opt/airflow/dags/train_traffic_pred.py
[2025-07-22T04:58:43.717+0000] {processor.py:925} INFO - DAG(s) 'train_traffic_pred' retrieved from /opt/airflow/dags/train_traffic_pred.py
[2025-07-22T04:58:43.739+0000] {logging_mixin.py:190} INFO - [2025-07-22T04:58:43.739+0000] {dag.py:3239} INFO - Sync 1 DAGs
[2025-07-22T04:58:43.757+0000] {logging_mixin.py:190} INFO - [2025-07-22T04:58:43.757+0000] {dag.py:4180} INFO - Setting next_dagrun for train_traffic_pred to 2025-07-22 00:00:00+00:00, run_after=2025-07-23 00:00:00+00:00
[2025-07-22T04:58:43.773+0000] {processor.py:208} INFO - Processing /opt/airflow/dags/train_traffic_pred.py took 3.313 seconds
[2025-07-22T04:59:15.730+0000] {processor.py:186} INFO - Started process (PID=15373) to work on /opt/airflow/dags/train_traffic_pred.py
[2025-07-22T04:59:15.731+0000] {processor.py:914} INFO - Processing file /opt/airflow/dags/train_traffic_pred.py for tasks to queue
[2025-07-22T04:59:15.733+0000] {logging_mixin.py:190} INFO - [2025-07-22T04:59:15.733+0000] {dagbag.py:588} INFO - Filling up the DagBag from /opt/airflow/dags/train_traffic_pred.py
[2025-07-22T04:59:19.015+0000] {processor.py:925} INFO - DAG(s) 'train_traffic_pred' retrieved from /opt/airflow/dags/train_traffic_pred.py
[2025-07-22T04:59:19.039+0000] {logging_mixin.py:190} INFO - [2025-07-22T04:59:19.039+0000] {dag.py:3239} INFO - Sync 1 DAGs
[2025-07-22T04:59:19.058+0000] {logging_mixin.py:190} INFO - [2025-07-22T04:59:19.058+0000] {dag.py:4180} INFO - Setting next_dagrun for train_traffic_pred to 2025-07-22 00:00:00+00:00, run_after=2025-07-23 00:00:00+00:00
[2025-07-22T04:59:19.076+0000] {processor.py:208} INFO - Processing /opt/airflow/dags/train_traffic_pred.py took 3.352 seconds
[2025-07-22T04:59:50.755+0000] {processor.py:186} INFO - Started process (PID=15471) to work on /opt/airflow/dags/train_traffic_pred.py
[2025-07-22T04:59:50.756+0000] {processor.py:914} INFO - Processing file /opt/airflow/dags/train_traffic_pred.py for tasks to queue
[2025-07-22T04:59:50.759+0000] {logging_mixin.py:190} INFO - [2025-07-22T04:59:50.758+0000] {dagbag.py:588} INFO - Filling up the DagBag from /opt/airflow/dags/train_traffic_pred.py
[2025-07-22T04:59:54.170+0000] {processor.py:925} INFO - DAG(s) 'train_traffic_pred' retrieved from /opt/airflow/dags/train_traffic_pred.py
[2025-07-22T04:59:54.191+0000] {logging_mixin.py:190} INFO - [2025-07-22T04:59:54.190+0000] {dag.py:3239} INFO - Sync 1 DAGs
[2025-07-22T04:59:54.208+0000] {logging_mixin.py:190} INFO - [2025-07-22T04:59:54.208+0000] {dag.py:4180} INFO - Setting next_dagrun for train_traffic_pred to 2025-07-22 00:00:00+00:00, run_after=2025-07-23 00:00:00+00:00
[2025-07-22T04:59:54.223+0000] {processor.py:208} INFO - Processing /opt/airflow/dags/train_traffic_pred.py took 3.474 seconds
[2025-07-22T05:00:26.032+0000] {processor.py:186} INFO - Started process (PID=15569) to work on /opt/airflow/dags/train_traffic_pred.py
[2025-07-22T05:00:26.033+0000] {processor.py:914} INFO - Processing file /opt/airflow/dags/train_traffic_pred.py for tasks to queue
[2025-07-22T05:00:26.034+0000] {logging_mixin.py:190} INFO - [2025-07-22T05:00:26.034+0000] {dagbag.py:588} INFO - Filling up the DagBag from /opt/airflow/dags/train_traffic_pred.py
[2025-07-22T05:00:29.366+0000] {processor.py:925} INFO - DAG(s) 'train_traffic_pred' retrieved from /opt/airflow/dags/train_traffic_pred.py
[2025-07-22T05:00:29.387+0000] {logging_mixin.py:190} INFO - [2025-07-22T05:00:29.386+0000] {dag.py:3239} INFO - Sync 1 DAGs
[2025-07-22T05:00:29.405+0000] {logging_mixin.py:190} INFO - [2025-07-22T05:00:29.404+0000] {dag.py:4180} INFO - Setting next_dagrun for train_traffic_pred to 2025-07-22 00:00:00+00:00, run_after=2025-07-23 00:00:00+00:00
[2025-07-22T05:00:29.421+0000] {processor.py:208} INFO - Processing /opt/airflow/dags/train_traffic_pred.py took 3.394 seconds
[2025-07-22T05:01:01.245+0000] {processor.py:186} INFO - Started process (PID=15667) to work on /opt/airflow/dags/train_traffic_pred.py
[2025-07-22T05:01:01.246+0000] {processor.py:914} INFO - Processing file /opt/airflow/dags/train_traffic_pred.py for tasks to queue
[2025-07-22T05:01:01.248+0000] {logging_mixin.py:190} INFO - [2025-07-22T05:01:01.248+0000] {dagbag.py:588} INFO - Filling up the DagBag from /opt/airflow/dags/train_traffic_pred.py
[2025-07-22T05:01:04.566+0000] {processor.py:925} INFO - DAG(s) 'train_traffic_pred' retrieved from /opt/airflow/dags/train_traffic_pred.py
[2025-07-22T05:01:04.588+0000] {logging_mixin.py:190} INFO - [2025-07-22T05:01:04.588+0000] {dag.py:3239} INFO - Sync 1 DAGs
[2025-07-22T05:01:04.605+0000] {logging_mixin.py:190} INFO - [2025-07-22T05:01:04.605+0000] {dag.py:4180} INFO - Setting next_dagrun for train_traffic_pred to 2025-07-22 00:00:00+00:00, run_after=2025-07-23 00:00:00+00:00
[2025-07-22T05:01:04.620+0000] {processor.py:208} INFO - Processing /opt/airflow/dags/train_traffic_pred.py took 3.380 seconds
[2025-07-22T05:01:36.516+0000] {processor.py:186} INFO - Started process (PID=15765) to work on /opt/airflow/dags/train_traffic_pred.py
[2025-07-22T05:01:36.517+0000] {processor.py:914} INFO - Processing file /opt/airflow/dags/train_traffic_pred.py for tasks to queue
[2025-07-22T05:01:36.519+0000] {logging_mixin.py:190} INFO - [2025-07-22T05:01:36.519+0000] {dagbag.py:588} INFO - Filling up the DagBag from /opt/airflow/dags/train_traffic_pred.py
[2025-07-22T05:01:39.828+0000] {processor.py:925} INFO - DAG(s) 'train_traffic_pred' retrieved from /opt/airflow/dags/train_traffic_pred.py
[2025-07-22T05:01:39.851+0000] {logging_mixin.py:190} INFO - [2025-07-22T05:01:39.851+0000] {dag.py:3239} INFO - Sync 1 DAGs
[2025-07-22T05:01:39.872+0000] {logging_mixin.py:190} INFO - [2025-07-22T05:01:39.872+0000] {dag.py:4180} INFO - Setting next_dagrun for train_traffic_pred to 2025-07-22 00:00:00+00:00, run_after=2025-07-23 00:00:00+00:00
[2025-07-22T05:01:39.889+0000] {processor.py:208} INFO - Processing /opt/airflow/dags/train_traffic_pred.py took 3.378 seconds
[2025-07-22T05:02:11.781+0000] {processor.py:186} INFO - Started process (PID=15863) to work on /opt/airflow/dags/train_traffic_pred.py
[2025-07-22T05:02:11.782+0000] {processor.py:914} INFO - Processing file /opt/airflow/dags/train_traffic_pred.py for tasks to queue
[2025-07-22T05:02:11.784+0000] {logging_mixin.py:190} INFO - [2025-07-22T05:02:11.784+0000] {dagbag.py:588} INFO - Filling up the DagBag from /opt/airflow/dags/train_traffic_pred.py
[2025-07-22T05:02:15.077+0000] {processor.py:925} INFO - DAG(s) 'train_traffic_pred' retrieved from /opt/airflow/dags/train_traffic_pred.py
[2025-07-22T05:02:15.097+0000] {logging_mixin.py:190} INFO - [2025-07-22T05:02:15.096+0000] {dag.py:3239} INFO - Sync 1 DAGs
[2025-07-22T05:02:15.112+0000] {logging_mixin.py:190} INFO - [2025-07-22T05:02:15.112+0000] {dag.py:4180} INFO - Setting next_dagrun for train_traffic_pred to 2025-07-22 00:00:00+00:00, run_after=2025-07-23 00:00:00+00:00
[2025-07-22T05:02:15.124+0000] {processor.py:208} INFO - Processing /opt/airflow/dags/train_traffic_pred.py took 3.349 seconds
[2025-07-22T05:02:47.003+0000] {processor.py:186} INFO - Started process (PID=15967) to work on /opt/airflow/dags/train_traffic_pred.py
[2025-07-22T05:02:47.004+0000] {processor.py:914} INFO - Processing file /opt/airflow/dags/train_traffic_pred.py for tasks to queue
[2025-07-22T05:02:47.007+0000] {logging_mixin.py:190} INFO - [2025-07-22T05:02:47.007+0000] {dagbag.py:588} INFO - Filling up the DagBag from /opt/airflow/dags/train_traffic_pred.py
[2025-07-22T05:02:50.527+0000] {processor.py:925} INFO - DAG(s) 'train_traffic_pred' retrieved from /opt/airflow/dags/train_traffic_pred.py
[2025-07-22T05:02:50.552+0000] {logging_mixin.py:190} INFO - [2025-07-22T05:02:50.551+0000] {dag.py:3239} INFO - Sync 1 DAGs
[2025-07-22T05:02:50.576+0000] {logging_mixin.py:190} INFO - [2025-07-22T05:02:50.576+0000] {dag.py:4180} INFO - Setting next_dagrun for train_traffic_pred to 2025-07-22 00:00:00+00:00, run_after=2025-07-23 00:00:00+00:00
[2025-07-22T05:02:50.594+0000] {processor.py:208} INFO - Processing /opt/airflow/dags/train_traffic_pred.py took 3.599 seconds
[2025-07-22T05:03:22.099+0000] {processor.py:186} INFO - Started process (PID=16065) to work on /opt/airflow/dags/train_traffic_pred.py
[2025-07-22T05:03:22.100+0000] {processor.py:914} INFO - Processing file /opt/airflow/dags/train_traffic_pred.py for tasks to queue
[2025-07-22T05:03:22.102+0000] {logging_mixin.py:190} INFO - [2025-07-22T05:03:22.101+0000] {dagbag.py:588} INFO - Filling up the DagBag from /opt/airflow/dags/train_traffic_pred.py
[2025-07-22T05:03:25.586+0000] {processor.py:925} INFO - DAG(s) 'train_traffic_pred' retrieved from /opt/airflow/dags/train_traffic_pred.py
[2025-07-22T05:03:25.609+0000] {logging_mixin.py:190} INFO - [2025-07-22T05:03:25.608+0000] {dag.py:3239} INFO - Sync 1 DAGs
[2025-07-22T05:03:25.626+0000] {logging_mixin.py:190} INFO - [2025-07-22T05:03:25.626+0000] {dag.py:4180} INFO - Setting next_dagrun for train_traffic_pred to 2025-07-22 00:00:00+00:00, run_after=2025-07-23 00:00:00+00:00
[2025-07-22T05:03:25.643+0000] {processor.py:208} INFO - Processing /opt/airflow/dags/train_traffic_pred.py took 3.549 seconds
[2025-07-22T05:03:56.781+0000] {processor.py:186} INFO - Started process (PID=16163) to work on /opt/airflow/dags/train_traffic_pred.py
[2025-07-22T05:03:56.782+0000] {processor.py:914} INFO - Processing file /opt/airflow/dags/train_traffic_pred.py for tasks to queue
[2025-07-22T05:03:56.784+0000] {logging_mixin.py:190} INFO - [2025-07-22T05:03:56.784+0000] {dagbag.py:588} INFO - Filling up the DagBag from /opt/airflow/dags/train_traffic_pred.py
[2025-07-22T05:04:00.161+0000] {processor.py:925} INFO - DAG(s) 'train_traffic_pred' retrieved from /opt/airflow/dags/train_traffic_pred.py
[2025-07-22T05:04:00.184+0000] {logging_mixin.py:190} INFO - [2025-07-22T05:04:00.184+0000] {dag.py:3239} INFO - Sync 1 DAGs
[2025-07-22T05:04:00.202+0000] {logging_mixin.py:190} INFO - [2025-07-22T05:04:00.202+0000] {dag.py:4180} INFO - Setting next_dagrun for train_traffic_pred to 2025-07-22 00:00:00+00:00, run_after=2025-07-23 00:00:00+00:00
[2025-07-22T05:04:00.220+0000] {processor.py:208} INFO - Processing /opt/airflow/dags/train_traffic_pred.py took 3.444 seconds
[2025-07-22T05:04:32.092+0000] {processor.py:186} INFO - Started process (PID=16261) to work on /opt/airflow/dags/train_traffic_pred.py
[2025-07-22T05:04:32.093+0000] {processor.py:914} INFO - Processing file /opt/airflow/dags/train_traffic_pred.py for tasks to queue
[2025-07-22T05:04:32.095+0000] {logging_mixin.py:190} INFO - [2025-07-22T05:04:32.095+0000] {dagbag.py:588} INFO - Filling up the DagBag from /opt/airflow/dags/train_traffic_pred.py
[2025-07-22T05:04:35.402+0000] {processor.py:925} INFO - DAG(s) 'train_traffic_pred' retrieved from /opt/airflow/dags/train_traffic_pred.py
[2025-07-22T05:04:35.424+0000] {logging_mixin.py:190} INFO - [2025-07-22T05:04:35.422+0000] {dag.py:3239} INFO - Sync 1 DAGs
[2025-07-22T05:04:35.440+0000] {logging_mixin.py:190} INFO - [2025-07-22T05:04:35.440+0000] {dag.py:4180} INFO - Setting next_dagrun for train_traffic_pred to 2025-07-22 00:00:00+00:00, run_after=2025-07-23 00:00:00+00:00
[2025-07-22T05:04:35.455+0000] {processor.py:208} INFO - Processing /opt/airflow/dags/train_traffic_pred.py took 3.369 seconds
[2025-07-22T05:05:07.303+0000] {processor.py:186} INFO - Started process (PID=16359) to work on /opt/airflow/dags/train_traffic_pred.py
[2025-07-22T05:05:07.304+0000] {processor.py:914} INFO - Processing file /opt/airflow/dags/train_traffic_pred.py for tasks to queue
[2025-07-22T05:05:07.306+0000] {logging_mixin.py:190} INFO - [2025-07-22T05:05:07.306+0000] {dagbag.py:588} INFO - Filling up the DagBag from /opt/airflow/dags/train_traffic_pred.py
[2025-07-22T05:05:10.552+0000] {processor.py:925} INFO - DAG(s) 'train_traffic_pred' retrieved from /opt/airflow/dags/train_traffic_pred.py
[2025-07-22T05:05:10.572+0000] {logging_mixin.py:190} INFO - [2025-07-22T05:05:10.572+0000] {dag.py:3239} INFO - Sync 1 DAGs
[2025-07-22T05:05:10.592+0000] {logging_mixin.py:190} INFO - [2025-07-22T05:05:10.592+0000] {dag.py:4180} INFO - Setting next_dagrun for train_traffic_pred to 2025-07-22 00:00:00+00:00, run_after=2025-07-23 00:00:00+00:00
[2025-07-22T05:05:10.610+0000] {processor.py:208} INFO - Processing /opt/airflow/dags/train_traffic_pred.py took 3.312 seconds
[2025-07-22T05:05:42.276+0000] {processor.py:186} INFO - Started process (PID=16457) to work on /opt/airflow/dags/train_traffic_pred.py
[2025-07-22T05:05:42.277+0000] {processor.py:914} INFO - Processing file /opt/airflow/dags/train_traffic_pred.py for tasks to queue
[2025-07-22T05:05:42.279+0000] {logging_mixin.py:190} INFO - [2025-07-22T05:05:42.279+0000] {dagbag.py:588} INFO - Filling up the DagBag from /opt/airflow/dags/train_traffic_pred.py
[2025-07-22T05:05:45.579+0000] {processor.py:925} INFO - DAG(s) 'train_traffic_pred' retrieved from /opt/airflow/dags/train_traffic_pred.py
[2025-07-22T05:05:45.600+0000] {logging_mixin.py:190} INFO - [2025-07-22T05:05:45.600+0000] {dag.py:3239} INFO - Sync 1 DAGs
[2025-07-22T05:05:45.617+0000] {logging_mixin.py:190} INFO - [2025-07-22T05:05:45.617+0000] {dag.py:4180} INFO - Setting next_dagrun for train_traffic_pred to 2025-07-22 00:00:00+00:00, run_after=2025-07-23 00:00:00+00:00
[2025-07-22T05:05:45.631+0000] {processor.py:208} INFO - Processing /opt/airflow/dags/train_traffic_pred.py took 3.361 seconds
[2025-07-22T05:06:17.653+0000] {processor.py:186} INFO - Started process (PID=16561) to work on /opt/airflow/dags/train_traffic_pred.py
[2025-07-22T05:06:17.654+0000] {processor.py:914} INFO - Processing file /opt/airflow/dags/train_traffic_pred.py for tasks to queue
[2025-07-22T05:06:17.657+0000] {logging_mixin.py:190} INFO - [2025-07-22T05:06:17.656+0000] {dagbag.py:588} INFO - Filling up the DagBag from /opt/airflow/dags/train_traffic_pred.py
[2025-07-22T05:06:21.032+0000] {processor.py:925} INFO - DAG(s) 'train_traffic_pred' retrieved from /opt/airflow/dags/train_traffic_pred.py
[2025-07-22T05:06:21.057+0000] {logging_mixin.py:190} INFO - [2025-07-22T05:06:21.055+0000] {dag.py:3239} INFO - Sync 1 DAGs
[2025-07-22T05:06:21.073+0000] {logging_mixin.py:190} INFO - [2025-07-22T05:06:21.073+0000] {dag.py:4180} INFO - Setting next_dagrun for train_traffic_pred to 2025-07-22 00:00:00+00:00, run_after=2025-07-23 00:00:00+00:00
[2025-07-22T05:06:21.086+0000] {processor.py:208} INFO - Processing /opt/airflow/dags/train_traffic_pred.py took 3.438 seconds
[2025-07-22T05:06:52.934+0000] {processor.py:186} INFO - Started process (PID=16659) to work on /opt/airflow/dags/train_traffic_pred.py
[2025-07-22T05:06:52.935+0000] {processor.py:914} INFO - Processing file /opt/airflow/dags/train_traffic_pred.py for tasks to queue
[2025-07-22T05:06:52.937+0000] {logging_mixin.py:190} INFO - [2025-07-22T05:06:52.937+0000] {dagbag.py:588} INFO - Filling up the DagBag from /opt/airflow/dags/train_traffic_pred.py
[2025-07-22T05:06:56.366+0000] {processor.py:925} INFO - DAG(s) 'train_traffic_pred' retrieved from /opt/airflow/dags/train_traffic_pred.py
[2025-07-22T05:06:56.392+0000] {logging_mixin.py:190} INFO - [2025-07-22T05:06:56.391+0000] {dag.py:3239} INFO - Sync 1 DAGs
[2025-07-22T05:06:56.412+0000] {logging_mixin.py:190} INFO - [2025-07-22T05:06:56.412+0000] {dag.py:4180} INFO - Setting next_dagrun for train_traffic_pred to 2025-07-22 00:00:00+00:00, run_after=2025-07-23 00:00:00+00:00
[2025-07-22T05:06:56.430+0000] {processor.py:208} INFO - Processing /opt/airflow/dags/train_traffic_pred.py took 3.505 seconds
[2025-07-22T05:07:28.294+0000] {processor.py:186} INFO - Started process (PID=16757) to work on /opt/airflow/dags/train_traffic_pred.py
[2025-07-22T05:07:28.295+0000] {processor.py:914} INFO - Processing file /opt/airflow/dags/train_traffic_pred.py for tasks to queue
[2025-07-22T05:07:28.297+0000] {logging_mixin.py:190} INFO - [2025-07-22T05:07:28.296+0000] {dagbag.py:588} INFO - Filling up the DagBag from /opt/airflow/dags/train_traffic_pred.py
[2025-07-22T05:07:31.594+0000] {processor.py:925} INFO - DAG(s) 'train_traffic_pred' retrieved from /opt/airflow/dags/train_traffic_pred.py
[2025-07-22T05:07:31.617+0000] {logging_mixin.py:190} INFO - [2025-07-22T05:07:31.616+0000] {dag.py:3239} INFO - Sync 1 DAGs
[2025-07-22T05:07:31.634+0000] {logging_mixin.py:190} INFO - [2025-07-22T05:07:31.633+0000] {dag.py:4180} INFO - Setting next_dagrun for train_traffic_pred to 2025-07-22 00:00:00+00:00, run_after=2025-07-23 00:00:00+00:00
[2025-07-22T05:07:31.648+0000] {processor.py:208} INFO - Processing /opt/airflow/dags/train_traffic_pred.py took 3.360 seconds
[2025-07-22T05:08:03.560+0000] {processor.py:186} INFO - Started process (PID=16855) to work on /opt/airflow/dags/train_traffic_pred.py
[2025-07-22T05:08:03.561+0000] {processor.py:914} INFO - Processing file /opt/airflow/dags/train_traffic_pred.py for tasks to queue
[2025-07-22T05:08:03.563+0000] {logging_mixin.py:190} INFO - [2025-07-22T05:08:03.563+0000] {dagbag.py:588} INFO - Filling up the DagBag from /opt/airflow/dags/train_traffic_pred.py
[2025-07-22T05:08:06.949+0000] {processor.py:925} INFO - DAG(s) 'train_traffic_pred' retrieved from /opt/airflow/dags/train_traffic_pred.py
[2025-07-22T05:08:06.974+0000] {logging_mixin.py:190} INFO - [2025-07-22T05:08:06.973+0000] {dag.py:3239} INFO - Sync 1 DAGs
[2025-07-22T05:08:06.993+0000] {logging_mixin.py:190} INFO - [2025-07-22T05:08:06.992+0000] {dag.py:4180} INFO - Setting next_dagrun for train_traffic_pred to 2025-07-22 00:00:00+00:00, run_after=2025-07-23 00:00:00+00:00
[2025-07-22T05:08:07.006+0000] {processor.py:208} INFO - Processing /opt/airflow/dags/train_traffic_pred.py took 3.451 seconds
[2025-07-22T05:08:38.176+0000] {processor.py:186} INFO - Started process (PID=16953) to work on /opt/airflow/dags/train_traffic_pred.py
[2025-07-22T05:08:38.177+0000] {processor.py:914} INFO - Processing file /opt/airflow/dags/train_traffic_pred.py for tasks to queue
[2025-07-22T05:08:38.179+0000] {logging_mixin.py:190} INFO - [2025-07-22T05:08:38.179+0000] {dagbag.py:588} INFO - Filling up the DagBag from /opt/airflow/dags/train_traffic_pred.py
[2025-07-22T05:08:41.635+0000] {processor.py:925} INFO - DAG(s) 'train_traffic_pred' retrieved from /opt/airflow/dags/train_traffic_pred.py
[2025-07-22T05:08:41.658+0000] {logging_mixin.py:190} INFO - [2025-07-22T05:08:41.657+0000] {dag.py:3239} INFO - Sync 1 DAGs
[2025-07-22T05:08:41.677+0000] {logging_mixin.py:190} INFO - [2025-07-22T05:08:41.677+0000] {dag.py:4180} INFO - Setting next_dagrun for train_traffic_pred to 2025-07-22 00:00:00+00:00, run_after=2025-07-23 00:00:00+00:00
[2025-07-22T05:08:41.694+0000] {processor.py:208} INFO - Processing /opt/airflow/dags/train_traffic_pred.py took 3.524 seconds
[2025-07-22T05:09:13.011+0000] {processor.py:186} INFO - Started process (PID=17051) to work on /opt/airflow/dags/train_traffic_pred.py
[2025-07-22T05:09:13.012+0000] {processor.py:914} INFO - Processing file /opt/airflow/dags/train_traffic_pred.py for tasks to queue
[2025-07-22T05:09:13.015+0000] {logging_mixin.py:190} INFO - [2025-07-22T05:09:13.014+0000] {dagbag.py:588} INFO - Filling up the DagBag from /opt/airflow/dags/train_traffic_pred.py
[2025-07-22T05:09:16.591+0000] {processor.py:925} INFO - DAG(s) 'train_traffic_pred' retrieved from /opt/airflow/dags/train_traffic_pred.py
[2025-07-22T05:09:16.619+0000] {logging_mixin.py:190} INFO - [2025-07-22T05:09:16.619+0000] {dag.py:3239} INFO - Sync 1 DAGs
[2025-07-22T05:09:16.639+0000] {logging_mixin.py:190} INFO - [2025-07-22T05:09:16.638+0000] {dag.py:4180} INFO - Setting next_dagrun for train_traffic_pred to 2025-07-22 00:00:00+00:00, run_after=2025-07-23 00:00:00+00:00
[2025-07-22T05:09:16.657+0000] {processor.py:208} INFO - Processing /opt/airflow/dags/train_traffic_pred.py took 3.657 seconds
[2025-07-22T05:09:48.064+0000] {processor.py:186} INFO - Started process (PID=17155) to work on /opt/airflow/dags/train_traffic_pred.py
[2025-07-22T05:09:48.065+0000] {processor.py:914} INFO - Processing file /opt/airflow/dags/train_traffic_pred.py for tasks to queue
[2025-07-22T05:09:48.068+0000] {logging_mixin.py:190} INFO - [2025-07-22T05:09:48.068+0000] {dagbag.py:588} INFO - Filling up the DagBag from /opt/airflow/dags/train_traffic_pred.py
[2025-07-22T05:09:51.475+0000] {processor.py:925} INFO - DAG(s) 'train_traffic_pred' retrieved from /opt/airflow/dags/train_traffic_pred.py
[2025-07-22T05:09:51.498+0000] {logging_mixin.py:190} INFO - [2025-07-22T05:09:51.497+0000] {dag.py:3239} INFO - Sync 1 DAGs
[2025-07-22T05:09:51.518+0000] {logging_mixin.py:190} INFO - [2025-07-22T05:09:51.518+0000] {dag.py:4180} INFO - Setting next_dagrun for train_traffic_pred to 2025-07-22 00:00:00+00:00, run_after=2025-07-23 00:00:00+00:00
[2025-07-22T05:09:51.536+0000] {processor.py:208} INFO - Processing /opt/airflow/dags/train_traffic_pred.py took 3.479 seconds
[2025-07-22T05:10:23.202+0000] {processor.py:186} INFO - Started process (PID=17253) to work on /opt/airflow/dags/train_traffic_pred.py
[2025-07-22T05:10:23.203+0000] {processor.py:914} INFO - Processing file /opt/airflow/dags/train_traffic_pred.py for tasks to queue
[2025-07-22T05:10:23.205+0000] {logging_mixin.py:190} INFO - [2025-07-22T05:10:23.204+0000] {dagbag.py:588} INFO - Filling up the DagBag from /opt/airflow/dags/train_traffic_pred.py
[2025-07-22T05:10:26.490+0000] {processor.py:925} INFO - DAG(s) 'train_traffic_pred' retrieved from /opt/airflow/dags/train_traffic_pred.py
[2025-07-22T05:10:26.511+0000] {logging_mixin.py:190} INFO - [2025-07-22T05:10:26.511+0000] {dag.py:3239} INFO - Sync 1 DAGs
[2025-07-22T05:10:26.529+0000] {logging_mixin.py:190} INFO - [2025-07-22T05:10:26.529+0000] {dag.py:4180} INFO - Setting next_dagrun for train_traffic_pred to 2025-07-22 00:00:00+00:00, run_after=2025-07-23 00:00:00+00:00
[2025-07-22T05:10:26.545+0000] {processor.py:208} INFO - Processing /opt/airflow/dags/train_traffic_pred.py took 3.348 seconds
[2025-07-22T05:10:58.452+0000] {processor.py:186} INFO - Started process (PID=17351) to work on /opt/airflow/dags/train_traffic_pred.py
[2025-07-22T05:10:58.453+0000] {processor.py:914} INFO - Processing file /opt/airflow/dags/train_traffic_pred.py for tasks to queue
[2025-07-22T05:10:58.455+0000] {logging_mixin.py:190} INFO - [2025-07-22T05:10:58.455+0000] {dagbag.py:588} INFO - Filling up the DagBag from /opt/airflow/dags/train_traffic_pred.py
[2025-07-22T05:11:01.721+0000] {processor.py:925} INFO - DAG(s) 'train_traffic_pred' retrieved from /opt/airflow/dags/train_traffic_pred.py
[2025-07-22T05:11:01.741+0000] {logging_mixin.py:190} INFO - [2025-07-22T05:11:01.740+0000] {dag.py:3239} INFO - Sync 1 DAGs
[2025-07-22T05:11:01.757+0000] {logging_mixin.py:190} INFO - [2025-07-22T05:11:01.757+0000] {dag.py:4180} INFO - Setting next_dagrun for train_traffic_pred to 2025-07-22 00:00:00+00:00, run_after=2025-07-23 00:00:00+00:00
[2025-07-22T05:11:01.773+0000] {processor.py:208} INFO - Processing /opt/airflow/dags/train_traffic_pred.py took 3.326 seconds
[2025-07-22T05:11:33.465+0000] {processor.py:186} INFO - Started process (PID=17449) to work on /opt/airflow/dags/train_traffic_pred.py
[2025-07-22T05:11:33.467+0000] {processor.py:914} INFO - Processing file /opt/airflow/dags/train_traffic_pred.py for tasks to queue
[2025-07-22T05:11:33.469+0000] {logging_mixin.py:190} INFO - [2025-07-22T05:11:33.469+0000] {dagbag.py:588} INFO - Filling up the DagBag from /opt/airflow/dags/train_traffic_pred.py
[2025-07-22T05:11:36.697+0000] {processor.py:925} INFO - DAG(s) 'train_traffic_pred' retrieved from /opt/airflow/dags/train_traffic_pred.py
[2025-07-22T05:11:36.717+0000] {logging_mixin.py:190} INFO - [2025-07-22T05:11:36.716+0000] {dag.py:3239} INFO - Sync 1 DAGs
[2025-07-22T05:11:36.736+0000] {logging_mixin.py:190} INFO - [2025-07-22T05:11:36.736+0000] {dag.py:4180} INFO - Setting next_dagrun for train_traffic_pred to 2025-07-22 00:00:00+00:00, run_after=2025-07-23 00:00:00+00:00
[2025-07-22T05:11:36.750+0000] {processor.py:208} INFO - Processing /opt/airflow/dags/train_traffic_pred.py took 3.292 seconds
[2025-07-22T05:12:07.862+0000] {processor.py:186} INFO - Started process (PID=17547) to work on /opt/airflow/dags/train_traffic_pred.py
[2025-07-22T05:12:07.863+0000] {processor.py:914} INFO - Processing file /opt/airflow/dags/train_traffic_pred.py for tasks to queue
[2025-07-22T05:12:07.865+0000] {logging_mixin.py:190} INFO - [2025-07-22T05:12:07.865+0000] {dagbag.py:588} INFO - Filling up the DagBag from /opt/airflow/dags/train_traffic_pred.py
[2025-07-22T05:12:11.144+0000] {processor.py:925} INFO - DAG(s) 'train_traffic_pred' retrieved from /opt/airflow/dags/train_traffic_pred.py
[2025-07-22T05:12:11.170+0000] {logging_mixin.py:190} INFO - [2025-07-22T05:12:11.170+0000] {dag.py:3239} INFO - Sync 1 DAGs
[2025-07-22T05:12:11.191+0000] {logging_mixin.py:190} INFO - [2025-07-22T05:12:11.191+0000] {dag.py:4180} INFO - Setting next_dagrun for train_traffic_pred to 2025-07-22 00:00:00+00:00, run_after=2025-07-23 00:00:00+00:00
[2025-07-22T05:12:11.209+0000] {processor.py:208} INFO - Processing /opt/airflow/dags/train_traffic_pred.py took 3.352 seconds
[2025-07-22T05:12:43.235+0000] {processor.py:186} INFO - Started process (PID=17645) to work on /opt/airflow/dags/train_traffic_pred.py
[2025-07-22T05:12:43.236+0000] {processor.py:914} INFO - Processing file /opt/airflow/dags/train_traffic_pred.py for tasks to queue
[2025-07-22T05:12:43.239+0000] {logging_mixin.py:190} INFO - [2025-07-22T05:12:43.239+0000] {dagbag.py:588} INFO - Filling up the DagBag from /opt/airflow/dags/train_traffic_pred.py
[2025-07-22T05:12:46.541+0000] {processor.py:925} INFO - DAG(s) 'train_traffic_pred' retrieved from /opt/airflow/dags/train_traffic_pred.py
[2025-07-22T05:12:46.563+0000] {logging_mixin.py:190} INFO - [2025-07-22T05:12:46.562+0000] {dag.py:3239} INFO - Sync 1 DAGs
[2025-07-22T05:12:46.580+0000] {logging_mixin.py:190} INFO - [2025-07-22T05:12:46.579+0000] {dag.py:4180} INFO - Setting next_dagrun for train_traffic_pred to 2025-07-22 00:00:00+00:00, run_after=2025-07-23 00:00:00+00:00
[2025-07-22T05:12:46.594+0000] {processor.py:208} INFO - Processing /opt/airflow/dags/train_traffic_pred.py took 3.365 seconds
[2025-07-22T05:13:18.240+0000] {processor.py:186} INFO - Started process (PID=17749) to work on /opt/airflow/dags/train_traffic_pred.py
[2025-07-22T05:13:18.241+0000] {processor.py:914} INFO - Processing file /opt/airflow/dags/train_traffic_pred.py for tasks to queue
[2025-07-22T05:13:18.243+0000] {logging_mixin.py:190} INFO - [2025-07-22T05:13:18.243+0000] {dagbag.py:588} INFO - Filling up the DagBag from /opt/airflow/dags/train_traffic_pred.py
[2025-07-22T05:13:21.638+0000] {processor.py:925} INFO - DAG(s) 'train_traffic_pred' retrieved from /opt/airflow/dags/train_traffic_pred.py
[2025-07-22T05:13:21.659+0000] {logging_mixin.py:190} INFO - [2025-07-22T05:13:21.659+0000] {dag.py:3239} INFO - Sync 1 DAGs
[2025-07-22T05:13:21.677+0000] {logging_mixin.py:190} INFO - [2025-07-22T05:13:21.677+0000] {dag.py:4180} INFO - Setting next_dagrun for train_traffic_pred to 2025-07-22 00:00:00+00:00, run_after=2025-07-23 00:00:00+00:00
[2025-07-22T05:13:21.690+0000] {processor.py:208} INFO - Processing /opt/airflow/dags/train_traffic_pred.py took 3.455 seconds
[2025-07-22T05:13:52.867+0000] {processor.py:186} INFO - Started process (PID=17847) to work on /opt/airflow/dags/train_traffic_pred.py
[2025-07-22T05:13:52.868+0000] {processor.py:914} INFO - Processing file /opt/airflow/dags/train_traffic_pred.py for tasks to queue
[2025-07-22T05:13:52.870+0000] {logging_mixin.py:190} INFO - [2025-07-22T05:13:52.870+0000] {dagbag.py:588} INFO - Filling up the DagBag from /opt/airflow/dags/train_traffic_pred.py
[2025-07-22T05:13:56.296+0000] {processor.py:925} INFO - DAG(s) 'train_traffic_pred' retrieved from /opt/airflow/dags/train_traffic_pred.py
[2025-07-22T05:13:56.317+0000] {logging_mixin.py:190} INFO - [2025-07-22T05:13:56.316+0000] {dag.py:3239} INFO - Sync 1 DAGs
[2025-07-22T05:13:56.335+0000] {logging_mixin.py:190} INFO - [2025-07-22T05:13:56.334+0000] {dag.py:4180} INFO - Setting next_dagrun for train_traffic_pred to 2025-07-22 00:00:00+00:00, run_after=2025-07-23 00:00:00+00:00
[2025-07-22T05:13:56.351+0000] {processor.py:208} INFO - Processing /opt/airflow/dags/train_traffic_pred.py took 3.489 seconds
[2025-07-22T05:14:27.604+0000] {processor.py:186} INFO - Started process (PID=17945) to work on /opt/airflow/dags/train_traffic_pred.py
[2025-07-22T05:14:27.605+0000] {processor.py:914} INFO - Processing file /opt/airflow/dags/train_traffic_pred.py for tasks to queue
[2025-07-22T05:14:27.607+0000] {logging_mixin.py:190} INFO - [2025-07-22T05:14:27.607+0000] {dagbag.py:588} INFO - Filling up the DagBag from /opt/airflow/dags/train_traffic_pred.py
[2025-07-22T05:14:30.881+0000] {processor.py:925} INFO - DAG(s) 'train_traffic_pred' retrieved from /opt/airflow/dags/train_traffic_pred.py
[2025-07-22T05:14:30.905+0000] {logging_mixin.py:190} INFO - [2025-07-22T05:14:30.904+0000] {dag.py:3239} INFO - Sync 1 DAGs
[2025-07-22T05:14:30.923+0000] {logging_mixin.py:190} INFO - [2025-07-22T05:14:30.923+0000] {dag.py:4180} INFO - Setting next_dagrun for train_traffic_pred to 2025-07-22 00:00:00+00:00, run_after=2025-07-23 00:00:00+00:00
[2025-07-22T05:14:30.941+0000] {processor.py:208} INFO - Processing /opt/airflow/dags/train_traffic_pred.py took 3.343 seconds
[2025-07-22T05:15:02.673+0000] {processor.py:186} INFO - Started process (PID=18043) to work on /opt/airflow/dags/train_traffic_pred.py
[2025-07-22T05:15:02.674+0000] {processor.py:914} INFO - Processing file /opt/airflow/dags/train_traffic_pred.py for tasks to queue
[2025-07-22T05:15:02.676+0000] {logging_mixin.py:190} INFO - [2025-07-22T05:15:02.676+0000] {dagbag.py:588} INFO - Filling up the DagBag from /opt/airflow/dags/train_traffic_pred.py
[2025-07-22T05:15:05.940+0000] {processor.py:925} INFO - DAG(s) 'train_traffic_pred' retrieved from /opt/airflow/dags/train_traffic_pred.py
[2025-07-22T05:15:05.963+0000] {logging_mixin.py:190} INFO - [2025-07-22T05:15:05.962+0000] {dag.py:3239} INFO - Sync 1 DAGs
[2025-07-22T05:15:05.983+0000] {logging_mixin.py:190} INFO - [2025-07-22T05:15:05.982+0000] {dag.py:4180} INFO - Setting next_dagrun for train_traffic_pred to 2025-07-22 00:00:00+00:00, run_after=2025-07-23 00:00:00+00:00
[2025-07-22T05:15:05.997+0000] {processor.py:208} INFO - Processing /opt/airflow/dags/train_traffic_pred.py took 3.329 seconds
[2025-07-22T05:15:37.854+0000] {processor.py:186} INFO - Started process (PID=18141) to work on /opt/airflow/dags/train_traffic_pred.py
[2025-07-22T05:15:37.855+0000] {processor.py:914} INFO - Processing file /opt/airflow/dags/train_traffic_pred.py for tasks to queue
[2025-07-22T05:15:37.857+0000] {logging_mixin.py:190} INFO - [2025-07-22T05:15:37.857+0000] {dagbag.py:588} INFO - Filling up the DagBag from /opt/airflow/dags/train_traffic_pred.py
[2025-07-22T05:15:41.145+0000] {processor.py:925} INFO - DAG(s) 'train_traffic_pred' retrieved from /opt/airflow/dags/train_traffic_pred.py
[2025-07-22T05:15:41.166+0000] {logging_mixin.py:190} INFO - [2025-07-22T05:15:41.165+0000] {dag.py:3239} INFO - Sync 1 DAGs
[2025-07-22T05:15:41.184+0000] {logging_mixin.py:190} INFO - [2025-07-22T05:15:41.183+0000] {dag.py:4180} INFO - Setting next_dagrun for train_traffic_pred to 2025-07-22 00:00:00+00:00, run_after=2025-07-23 00:00:00+00:00
[2025-07-22T05:15:41.197+0000] {processor.py:208} INFO - Processing /opt/airflow/dags/train_traffic_pred.py took 3.348 seconds
[2025-07-22T05:16:12.866+0000] {processor.py:186} INFO - Started process (PID=18239) to work on /opt/airflow/dags/train_traffic_pred.py
[2025-07-22T05:16:12.867+0000] {processor.py:914} INFO - Processing file /opt/airflow/dags/train_traffic_pred.py for tasks to queue
[2025-07-22T05:16:12.869+0000] {logging_mixin.py:190} INFO - [2025-07-22T05:16:12.869+0000] {dagbag.py:588} INFO - Filling up the DagBag from /opt/airflow/dags/train_traffic_pred.py
[2025-07-22T05:16:16.211+0000] {processor.py:925} INFO - DAG(s) 'train_traffic_pred' retrieved from /opt/airflow/dags/train_traffic_pred.py
[2025-07-22T05:16:16.234+0000] {logging_mixin.py:190} INFO - [2025-07-22T05:16:16.233+0000] {dag.py:3239} INFO - Sync 1 DAGs
[2025-07-22T05:16:16.251+0000] {logging_mixin.py:190} INFO - [2025-07-22T05:16:16.251+0000] {dag.py:4180} INFO - Setting next_dagrun for train_traffic_pred to 2025-07-22 00:00:00+00:00, run_after=2025-07-23 00:00:00+00:00
[2025-07-22T05:16:16.266+0000] {processor.py:208} INFO - Processing /opt/airflow/dags/train_traffic_pred.py took 3.405 seconds
[2025-07-22T05:16:48.155+0000] {processor.py:186} INFO - Started process (PID=18343) to work on /opt/airflow/dags/train_traffic_pred.py
[2025-07-22T05:16:48.156+0000] {processor.py:914} INFO - Processing file /opt/airflow/dags/train_traffic_pred.py for tasks to queue
[2025-07-22T05:16:48.159+0000] {logging_mixin.py:190} INFO - [2025-07-22T05:16:48.158+0000] {dagbag.py:588} INFO - Filling up the DagBag from /opt/airflow/dags/train_traffic_pred.py
[2025-07-22T05:16:51.451+0000] {processor.py:925} INFO - DAG(s) 'train_traffic_pred' retrieved from /opt/airflow/dags/train_traffic_pred.py
[2025-07-22T05:16:51.472+0000] {logging_mixin.py:190} INFO - [2025-07-22T05:16:51.472+0000] {dag.py:3239} INFO - Sync 1 DAGs
[2025-07-22T05:16:51.490+0000] {logging_mixin.py:190} INFO - [2025-07-22T05:16:51.490+0000] {dag.py:4180} INFO - Setting next_dagrun for train_traffic_pred to 2025-07-22 00:00:00+00:00, run_after=2025-07-23 00:00:00+00:00
[2025-07-22T05:16:51.507+0000] {processor.py:208} INFO - Processing /opt/airflow/dags/train_traffic_pred.py took 3.357 seconds
[2025-07-22T05:17:23.511+0000] {processor.py:186} INFO - Started process (PID=18441) to work on /opt/airflow/dags/train_traffic_pred.py
[2025-07-22T05:17:23.512+0000] {processor.py:914} INFO - Processing file /opt/airflow/dags/train_traffic_pred.py for tasks to queue
[2025-07-22T05:17:23.514+0000] {logging_mixin.py:190} INFO - [2025-07-22T05:17:23.514+0000] {dagbag.py:588} INFO - Filling up the DagBag from /opt/airflow/dags/train_traffic_pred.py
[2025-07-22T05:17:26.700+0000] {processor.py:925} INFO - DAG(s) 'train_traffic_pred' retrieved from /opt/airflow/dags/train_traffic_pred.py
[2025-07-22T05:17:26.720+0000] {logging_mixin.py:190} INFO - [2025-07-22T05:17:26.720+0000] {dag.py:3239} INFO - Sync 1 DAGs
[2025-07-22T05:17:26.738+0000] {logging_mixin.py:190} INFO - [2025-07-22T05:17:26.738+0000] {dag.py:4180} INFO - Setting next_dagrun for train_traffic_pred to 2025-07-22 00:00:00+00:00, run_after=2025-07-23 00:00:00+00:00
[2025-07-22T05:17:26.752+0000] {processor.py:208} INFO - Processing /opt/airflow/dags/train_traffic_pred.py took 3.245 seconds
[2025-07-22T05:17:58.415+0000] {processor.py:186} INFO - Started process (PID=18539) to work on /opt/airflow/dags/train_traffic_pred.py
[2025-07-22T05:17:58.416+0000] {processor.py:914} INFO - Processing file /opt/airflow/dags/train_traffic_pred.py for tasks to queue
[2025-07-22T05:17:58.418+0000] {logging_mixin.py:190} INFO - [2025-07-22T05:17:58.418+0000] {dagbag.py:588} INFO - Filling up the DagBag from /opt/airflow/dags/train_traffic_pred.py
[2025-07-22T05:18:01.678+0000] {processor.py:925} INFO - DAG(s) 'train_traffic_pred' retrieved from /opt/airflow/dags/train_traffic_pred.py
[2025-07-22T05:18:01.700+0000] {logging_mixin.py:190} INFO - [2025-07-22T05:18:01.700+0000] {dag.py:3239} INFO - Sync 1 DAGs
[2025-07-22T05:18:01.718+0000] {logging_mixin.py:190} INFO - [2025-07-22T05:18:01.718+0000] {dag.py:4180} INFO - Setting next_dagrun for train_traffic_pred to 2025-07-22 00:00:00+00:00, run_after=2025-07-23 00:00:00+00:00
[2025-07-22T05:18:01.732+0000] {processor.py:208} INFO - Processing /opt/airflow/dags/train_traffic_pred.py took 3.322 seconds
[2025-07-22T05:18:32.864+0000] {processor.py:186} INFO - Started process (PID=18637) to work on /opt/airflow/dags/train_traffic_pred.py
[2025-07-22T05:18:32.865+0000] {processor.py:914} INFO - Processing file /opt/airflow/dags/train_traffic_pred.py for tasks to queue
[2025-07-22T05:18:32.867+0000] {logging_mixin.py:190} INFO - [2025-07-22T05:18:32.866+0000] {dagbag.py:588} INFO - Filling up the DagBag from /opt/airflow/dags/train_traffic_pred.py
[2025-07-22T05:18:36.102+0000] {processor.py:925} INFO - DAG(s) 'train_traffic_pred' retrieved from /opt/airflow/dags/train_traffic_pred.py
[2025-07-22T05:18:36.123+0000] {logging_mixin.py:190} INFO - [2025-07-22T05:18:36.123+0000] {dag.py:3239} INFO - Sync 1 DAGs
[2025-07-22T05:18:36.143+0000] {logging_mixin.py:190} INFO - [2025-07-22T05:18:36.143+0000] {dag.py:4180} INFO - Setting next_dagrun for train_traffic_pred to 2025-07-22 00:00:00+00:00, run_after=2025-07-23 00:00:00+00:00
[2025-07-22T05:18:36.160+0000] {processor.py:208} INFO - Processing /opt/airflow/dags/train_traffic_pred.py took 3.301 seconds
[2025-07-22T05:19:08.127+0000] {processor.py:186} INFO - Started process (PID=18735) to work on /opt/airflow/dags/train_traffic_pred.py
[2025-07-22T05:19:08.128+0000] {processor.py:914} INFO - Processing file /opt/airflow/dags/train_traffic_pred.py for tasks to queue
[2025-07-22T05:19:08.130+0000] {logging_mixin.py:190} INFO - [2025-07-22T05:19:08.129+0000] {dagbag.py:588} INFO - Filling up the DagBag from /opt/airflow/dags/train_traffic_pred.py
[2025-07-22T05:19:11.408+0000] {processor.py:925} INFO - DAG(s) 'train_traffic_pred' retrieved from /opt/airflow/dags/train_traffic_pred.py
[2025-07-22T05:19:11.431+0000] {logging_mixin.py:190} INFO - [2025-07-22T05:19:11.430+0000] {dag.py:3239} INFO - Sync 1 DAGs
[2025-07-22T05:19:11.448+0000] {logging_mixin.py:190} INFO - [2025-07-22T05:19:11.448+0000] {dag.py:4180} INFO - Setting next_dagrun for train_traffic_pred to 2025-07-22 00:00:00+00:00, run_after=2025-07-23 00:00:00+00:00
[2025-07-22T05:19:11.463+0000] {processor.py:208} INFO - Processing /opt/airflow/dags/train_traffic_pred.py took 3.342 seconds
[2025-07-22T05:19:43.350+0000] {processor.py:186} INFO - Started process (PID=18833) to work on /opt/airflow/dags/train_traffic_pred.py
[2025-07-22T05:19:43.351+0000] {processor.py:914} INFO - Processing file /opt/airflow/dags/train_traffic_pred.py for tasks to queue
[2025-07-22T05:19:43.353+0000] {logging_mixin.py:190} INFO - [2025-07-22T05:19:43.353+0000] {dagbag.py:588} INFO - Filling up the DagBag from /opt/airflow/dags/train_traffic_pred.py
[2025-07-22T05:19:46.604+0000] {processor.py:925} INFO - DAG(s) 'train_traffic_pred' retrieved from /opt/airflow/dags/train_traffic_pred.py
[2025-07-22T05:19:46.625+0000] {logging_mixin.py:190} INFO - [2025-07-22T05:19:46.625+0000] {dag.py:3239} INFO - Sync 1 DAGs
[2025-07-22T05:19:46.643+0000] {logging_mixin.py:190} INFO - [2025-07-22T05:19:46.643+0000] {dag.py:4180} INFO - Setting next_dagrun for train_traffic_pred to 2025-07-22 00:00:00+00:00, run_after=2025-07-23 00:00:00+00:00
[2025-07-22T05:19:46.658+0000] {processor.py:208} INFO - Processing /opt/airflow/dags/train_traffic_pred.py took 3.314 seconds
[2025-07-22T05:20:18.545+0000] {processor.py:186} INFO - Started process (PID=18937) to work on /opt/airflow/dags/train_traffic_pred.py
[2025-07-22T05:20:18.546+0000] {processor.py:914} INFO - Processing file /opt/airflow/dags/train_traffic_pred.py for tasks to queue
[2025-07-22T05:20:18.548+0000] {logging_mixin.py:190} INFO - [2025-07-22T05:20:18.547+0000] {dagbag.py:588} INFO - Filling up the DagBag from /opt/airflow/dags/train_traffic_pred.py
[2025-07-22T05:20:22.019+0000] {processor.py:925} INFO - DAG(s) 'train_traffic_pred' retrieved from /opt/airflow/dags/train_traffic_pred.py
[2025-07-22T05:20:22.048+0000] {logging_mixin.py:190} INFO - [2025-07-22T05:20:22.047+0000] {dag.py:3239} INFO - Sync 1 DAGs
[2025-07-22T05:20:22.069+0000] {logging_mixin.py:190} INFO - [2025-07-22T05:20:22.069+0000] {dag.py:4180} INFO - Setting next_dagrun for train_traffic_pred to 2025-07-22 00:00:00+00:00, run_after=2025-07-23 00:00:00+00:00
[2025-07-22T05:20:22.085+0000] {processor.py:208} INFO - Processing /opt/airflow/dags/train_traffic_pred.py took 3.546 seconds
[2025-07-22T05:20:53.749+0000] {processor.py:186} INFO - Started process (PID=19035) to work on /opt/airflow/dags/train_traffic_pred.py
[2025-07-22T05:20:53.750+0000] {processor.py:914} INFO - Processing file /opt/airflow/dags/train_traffic_pred.py for tasks to queue
[2025-07-22T05:20:53.753+0000] {logging_mixin.py:190} INFO - [2025-07-22T05:20:53.752+0000] {dagbag.py:588} INFO - Filling up the DagBag from /opt/airflow/dags/train_traffic_pred.py
[2025-07-22T05:20:56.922+0000] {processor.py:925} INFO - DAG(s) 'train_traffic_pred' retrieved from /opt/airflow/dags/train_traffic_pred.py
[2025-07-22T05:20:56.944+0000] {logging_mixin.py:190} INFO - [2025-07-22T05:20:56.943+0000] {dag.py:3239} INFO - Sync 1 DAGs
[2025-07-22T05:20:56.961+0000] {logging_mixin.py:190} INFO - [2025-07-22T05:20:56.960+0000] {dag.py:4180} INFO - Setting next_dagrun for train_traffic_pred to 2025-07-22 00:00:00+00:00, run_after=2025-07-23 00:00:00+00:00
[2025-07-22T05:20:56.974+0000] {processor.py:208} INFO - Processing /opt/airflow/dags/train_traffic_pred.py took 3.230 seconds
[2025-07-22T05:21:28.156+0000] {processor.py:186} INFO - Started process (PID=19133) to work on /opt/airflow/dags/train_traffic_pred.py
[2025-07-22T05:21:28.157+0000] {processor.py:914} INFO - Processing file /opt/airflow/dags/train_traffic_pred.py for tasks to queue
[2025-07-22T05:21:28.159+0000] {logging_mixin.py:190} INFO - [2025-07-22T05:21:28.159+0000] {dagbag.py:588} INFO - Filling up the DagBag from /opt/airflow/dags/train_traffic_pred.py
[2025-07-22T05:21:31.433+0000] {processor.py:925} INFO - DAG(s) 'train_traffic_pred' retrieved from /opt/airflow/dags/train_traffic_pred.py
[2025-07-22T05:21:31.455+0000] {logging_mixin.py:190} INFO - [2025-07-22T05:21:31.455+0000] {dag.py:3239} INFO - Sync 1 DAGs
[2025-07-22T05:21:31.473+0000] {logging_mixin.py:190} INFO - [2025-07-22T05:21:31.473+0000] {dag.py:4180} INFO - Setting next_dagrun for train_traffic_pred to 2025-07-22 00:00:00+00:00, run_after=2025-07-23 00:00:00+00:00
[2025-07-22T05:21:31.488+0000] {processor.py:208} INFO - Processing /opt/airflow/dags/train_traffic_pred.py took 3.337 seconds
[2025-07-22T05:22:03.373+0000] {processor.py:186} INFO - Started process (PID=19231) to work on /opt/airflow/dags/train_traffic_pred.py
[2025-07-22T05:22:03.374+0000] {processor.py:914} INFO - Processing file /opt/airflow/dags/train_traffic_pred.py for tasks to queue
[2025-07-22T05:22:03.376+0000] {logging_mixin.py:190} INFO - [2025-07-22T05:22:03.376+0000] {dagbag.py:588} INFO - Filling up the DagBag from /opt/airflow/dags/train_traffic_pred.py
[2025-07-22T05:22:06.574+0000] {processor.py:925} INFO - DAG(s) 'train_traffic_pred' retrieved from /opt/airflow/dags/train_traffic_pred.py
[2025-07-22T05:22:06.596+0000] {logging_mixin.py:190} INFO - [2025-07-22T05:22:06.596+0000] {dag.py:3239} INFO - Sync 1 DAGs
[2025-07-22T05:22:06.615+0000] {logging_mixin.py:190} INFO - [2025-07-22T05:22:06.615+0000] {dag.py:4180} INFO - Setting next_dagrun for train_traffic_pred to 2025-07-22 00:00:00+00:00, run_after=2025-07-23 00:00:00+00:00
[2025-07-22T05:22:06.631+0000] {processor.py:208} INFO - Processing /opt/airflow/dags/train_traffic_pred.py took 3.263 seconds
[2025-07-22T05:22:38.312+0000] {processor.py:186} INFO - Started process (PID=19329) to work on /opt/airflow/dags/train_traffic_pred.py
[2025-07-22T05:22:38.313+0000] {processor.py:914} INFO - Processing file /opt/airflow/dags/train_traffic_pred.py for tasks to queue
[2025-07-22T05:22:38.316+0000] {logging_mixin.py:190} INFO - [2025-07-22T05:22:38.316+0000] {dagbag.py:588} INFO - Filling up the DagBag from /opt/airflow/dags/train_traffic_pred.py
[2025-07-22T05:22:41.566+0000] {processor.py:925} INFO - DAG(s) 'train_traffic_pred' retrieved from /opt/airflow/dags/train_traffic_pred.py
[2025-07-22T05:22:41.588+0000] {logging_mixin.py:190} INFO - [2025-07-22T05:22:41.588+0000] {dag.py:3239} INFO - Sync 1 DAGs
[2025-07-22T05:22:41.604+0000] {logging_mixin.py:190} INFO - [2025-07-22T05:22:41.604+0000] {dag.py:4180} INFO - Setting next_dagrun for train_traffic_pred to 2025-07-22 00:00:00+00:00, run_after=2025-07-23 00:00:00+00:00
[2025-07-22T05:22:41.618+0000] {processor.py:208} INFO - Processing /opt/airflow/dags/train_traffic_pred.py took 3.313 seconds
[2025-07-22T05:23:12.767+0000] {processor.py:186} INFO - Started process (PID=19427) to work on /opt/airflow/dags/train_traffic_pred.py
[2025-07-22T05:23:12.768+0000] {processor.py:914} INFO - Processing file /opt/airflow/dags/train_traffic_pred.py for tasks to queue
[2025-07-22T05:23:12.770+0000] {logging_mixin.py:190} INFO - [2025-07-22T05:23:12.770+0000] {dagbag.py:588} INFO - Filling up the DagBag from /opt/airflow/dags/train_traffic_pred.py
[2025-07-22T05:23:16.036+0000] {processor.py:925} INFO - DAG(s) 'train_traffic_pred' retrieved from /opt/airflow/dags/train_traffic_pred.py
[2025-07-22T05:23:16.056+0000] {logging_mixin.py:190} INFO - [2025-07-22T05:23:16.056+0000] {dag.py:3239} INFO - Sync 1 DAGs
[2025-07-22T05:23:16.074+0000] {logging_mixin.py:190} INFO - [2025-07-22T05:23:16.074+0000] {dag.py:4180} INFO - Setting next_dagrun for train_traffic_pred to 2025-07-22 00:00:00+00:00, run_after=2025-07-23 00:00:00+00:00
[2025-07-22T05:23:16.090+0000] {processor.py:208} INFO - Processing /opt/airflow/dags/train_traffic_pred.py took 3.330 seconds
[2025-07-22T05:23:48.140+0000] {processor.py:186} INFO - Started process (PID=19525) to work on /opt/airflow/dags/train_traffic_pred.py
[2025-07-22T05:23:48.141+0000] {processor.py:914} INFO - Processing file /opt/airflow/dags/train_traffic_pred.py for tasks to queue
[2025-07-22T05:23:48.143+0000] {logging_mixin.py:190} INFO - [2025-07-22T05:23:48.142+0000] {dagbag.py:588} INFO - Filling up the DagBag from /opt/airflow/dags/train_traffic_pred.py
[2025-07-22T05:23:51.579+0000] {processor.py:925} INFO - DAG(s) 'train_traffic_pred' retrieved from /opt/airflow/dags/train_traffic_pred.py
[2025-07-22T05:23:51.601+0000] {logging_mixin.py:190} INFO - [2025-07-22T05:23:51.601+0000] {dag.py:3239} INFO - Sync 1 DAGs
[2025-07-22T05:23:51.619+0000] {logging_mixin.py:190} INFO - [2025-07-22T05:23:51.619+0000] {dag.py:4180} INFO - Setting next_dagrun for train_traffic_pred to 2025-07-22 00:00:00+00:00, run_after=2025-07-23 00:00:00+00:00
[2025-07-22T05:23:51.634+0000] {processor.py:208} INFO - Processing /opt/airflow/dags/train_traffic_pred.py took 3.499 seconds
[2025-07-22T05:24:23.784+0000] {processor.py:186} INFO - Started process (PID=19630) to work on /opt/airflow/dags/train_traffic_pred.py
[2025-07-22T05:24:23.786+0000] {processor.py:914} INFO - Processing file /opt/airflow/dags/train_traffic_pred.py for tasks to queue
[2025-07-22T05:24:23.789+0000] {logging_mixin.py:190} INFO - [2025-07-22T05:24:23.789+0000] {dagbag.py:588} INFO - Filling up the DagBag from /opt/airflow/dags/train_traffic_pred.py
[2025-07-22T05:24:27.195+0000] {processor.py:925} INFO - DAG(s) 'train_traffic_pred' retrieved from /opt/airflow/dags/train_traffic_pred.py
[2025-07-22T05:24:27.216+0000] {logging_mixin.py:190} INFO - [2025-07-22T05:24:27.216+0000] {dag.py:3239} INFO - Sync 1 DAGs
[2025-07-22T05:24:27.233+0000] {logging_mixin.py:190} INFO - [2025-07-22T05:24:27.233+0000] {dag.py:4180} INFO - Setting next_dagrun for train_traffic_pred to 2025-07-22 00:00:00+00:00, run_after=2025-07-23 00:00:00+00:00
[2025-07-22T05:24:27.250+0000] {processor.py:208} INFO - Processing /opt/airflow/dags/train_traffic_pred.py took 3.473 seconds
[2025-07-22T05:24:59.186+0000] {processor.py:186} INFO - Started process (PID=19728) to work on /opt/airflow/dags/train_traffic_pred.py
[2025-07-22T05:24:59.187+0000] {processor.py:914} INFO - Processing file /opt/airflow/dags/train_traffic_pred.py for tasks to queue
[2025-07-22T05:24:59.189+0000] {logging_mixin.py:190} INFO - [2025-07-22T05:24:59.189+0000] {dagbag.py:588} INFO - Filling up the DagBag from /opt/airflow/dags/train_traffic_pred.py
[2025-07-22T05:25:02.746+0000] {processor.py:925} INFO - DAG(s) 'train_traffic_pred' retrieved from /opt/airflow/dags/train_traffic_pred.py
[2025-07-22T05:25:02.775+0000] {logging_mixin.py:190} INFO - [2025-07-22T05:25:02.775+0000] {dag.py:3239} INFO - Sync 1 DAGs
[2025-07-22T05:25:02.802+0000] {logging_mixin.py:190} INFO - [2025-07-22T05:25:02.802+0000] {dag.py:4180} INFO - Setting next_dagrun for train_traffic_pred to 2025-07-22 00:00:00+00:00, run_after=2025-07-23 00:00:00+00:00
[2025-07-22T05:25:02.819+0000] {processor.py:208} INFO - Processing /opt/airflow/dags/train_traffic_pred.py took 3.638 seconds
[2025-07-22T05:25:34.025+0000] {processor.py:186} INFO - Started process (PID=19826) to work on /opt/airflow/dags/train_traffic_pred.py
[2025-07-22T05:25:34.026+0000] {processor.py:914} INFO - Processing file /opt/airflow/dags/train_traffic_pred.py for tasks to queue
[2025-07-22T05:25:34.028+0000] {logging_mixin.py:190} INFO - [2025-07-22T05:25:34.028+0000] {dagbag.py:588} INFO - Filling up the DagBag from /opt/airflow/dags/train_traffic_pred.py
[2025-07-22T05:25:37.254+0000] {processor.py:925} INFO - DAG(s) 'train_traffic_pred' retrieved from /opt/airflow/dags/train_traffic_pred.py
[2025-07-22T05:25:37.276+0000] {logging_mixin.py:190} INFO - [2025-07-22T05:25:37.276+0000] {dag.py:3239} INFO - Sync 1 DAGs
[2025-07-22T05:25:37.295+0000] {logging_mixin.py:190} INFO - [2025-07-22T05:25:37.295+0000] {dag.py:4180} INFO - Setting next_dagrun for train_traffic_pred to 2025-07-22 00:00:00+00:00, run_after=2025-07-23 00:00:00+00:00
[2025-07-22T05:25:37.311+0000] {processor.py:208} INFO - Processing /opt/airflow/dags/train_traffic_pred.py took 3.291 seconds
[2025-07-22T05:26:09.210+0000] {processor.py:186} INFO - Started process (PID=19924) to work on /opt/airflow/dags/train_traffic_pred.py
[2025-07-22T05:26:09.211+0000] {processor.py:914} INFO - Processing file /opt/airflow/dags/train_traffic_pred.py for tasks to queue
[2025-07-22T05:26:09.213+0000] {logging_mixin.py:190} INFO - [2025-07-22T05:26:09.213+0000] {dagbag.py:588} INFO - Filling up the DagBag from /opt/airflow/dags/train_traffic_pred.py
[2025-07-22T05:26:12.467+0000] {processor.py:925} INFO - DAG(s) 'train_traffic_pred' retrieved from /opt/airflow/dags/train_traffic_pred.py
[2025-07-22T05:26:12.487+0000] {logging_mixin.py:190} INFO - [2025-07-22T05:26:12.487+0000] {dag.py:3239} INFO - Sync 1 DAGs
[2025-07-22T05:26:12.505+0000] {logging_mixin.py:190} INFO - [2025-07-22T05:26:12.505+0000] {dag.py:4180} INFO - Setting next_dagrun for train_traffic_pred to 2025-07-22 00:00:00+00:00, run_after=2025-07-23 00:00:00+00:00
[2025-07-22T05:26:12.518+0000] {processor.py:208} INFO - Processing /opt/airflow/dags/train_traffic_pred.py took 3.312 seconds
[2025-07-22T05:26:43.768+0000] {processor.py:186} INFO - Started process (PID=20022) to work on /opt/airflow/dags/train_traffic_pred.py
[2025-07-22T05:26:43.769+0000] {processor.py:914} INFO - Processing file /opt/airflow/dags/train_traffic_pred.py for tasks to queue
[2025-07-22T05:26:43.771+0000] {logging_mixin.py:190} INFO - [2025-07-22T05:26:43.771+0000] {dagbag.py:588} INFO - Filling up the DagBag from /opt/airflow/dags/train_traffic_pred.py
[2025-07-22T05:26:47.072+0000] {processor.py:925} INFO - DAG(s) 'train_traffic_pred' retrieved from /opt/airflow/dags/train_traffic_pred.py
[2025-07-22T05:26:47.096+0000] {logging_mixin.py:190} INFO - [2025-07-22T05:26:47.096+0000] {dag.py:3239} INFO - Sync 1 DAGs
[2025-07-22T05:26:47.117+0000] {logging_mixin.py:190} INFO - [2025-07-22T05:26:47.116+0000] {dag.py:4180} INFO - Setting next_dagrun for train_traffic_pred to 2025-07-22 00:00:00+00:00, run_after=2025-07-23 00:00:00+00:00
[2025-07-22T05:26:47.134+0000] {processor.py:208} INFO - Processing /opt/airflow/dags/train_traffic_pred.py took 3.372 seconds
[2025-07-22T05:27:18.435+0000] {processor.py:186} INFO - Started process (PID=20120) to work on /opt/airflow/dags/train_traffic_pred.py
[2025-07-22T05:27:18.436+0000] {processor.py:914} INFO - Processing file /opt/airflow/dags/train_traffic_pred.py for tasks to queue
[2025-07-22T05:27:18.439+0000] {logging_mixin.py:190} INFO - [2025-07-22T05:27:18.438+0000] {dagbag.py:588} INFO - Filling up the DagBag from /opt/airflow/dags/train_traffic_pred.py
[2025-07-22T05:27:21.845+0000] {processor.py:925} INFO - DAG(s) 'train_traffic_pred' retrieved from /opt/airflow/dags/train_traffic_pred.py
[2025-07-22T05:27:21.868+0000] {logging_mixin.py:190} INFO - [2025-07-22T05:27:21.867+0000] {dag.py:3239} INFO - Sync 1 DAGs
[2025-07-22T05:27:21.887+0000] {logging_mixin.py:190} INFO - [2025-07-22T05:27:21.887+0000] {dag.py:4180} INFO - Setting next_dagrun for train_traffic_pred to 2025-07-22 00:00:00+00:00, run_after=2025-07-23 00:00:00+00:00
[2025-07-22T05:27:21.905+0000] {processor.py:208} INFO - Processing /opt/airflow/dags/train_traffic_pred.py took 3.475 seconds
[2025-07-22T05:27:53.270+0000] {processor.py:186} INFO - Started process (PID=20224) to work on /opt/airflow/dags/train_traffic_pred.py
[2025-07-22T05:27:53.271+0000] {processor.py:914} INFO - Processing file /opt/airflow/dags/train_traffic_pred.py for tasks to queue
[2025-07-22T05:27:53.274+0000] {logging_mixin.py:190} INFO - [2025-07-22T05:27:53.274+0000] {dagbag.py:588} INFO - Filling up the DagBag from /opt/airflow/dags/train_traffic_pred.py
[2025-07-22T05:27:56.780+0000] {processor.py:925} INFO - DAG(s) 'train_traffic_pred' retrieved from /opt/airflow/dags/train_traffic_pred.py
[2025-07-22T05:27:56.802+0000] {logging_mixin.py:190} INFO - [2025-07-22T05:27:56.802+0000] {dag.py:3239} INFO - Sync 1 DAGs
[2025-07-22T05:27:56.819+0000] {logging_mixin.py:190} INFO - [2025-07-22T05:27:56.819+0000] {dag.py:4180} INFO - Setting next_dagrun for train_traffic_pred to 2025-07-22 00:00:00+00:00, run_after=2025-07-23 00:00:00+00:00
[2025-07-22T05:27:56.834+0000] {processor.py:208} INFO - Processing /opt/airflow/dags/train_traffic_pred.py took 3.569 seconds
[2025-07-22T05:28:27.918+0000] {processor.py:186} INFO - Started process (PID=20322) to work on /opt/airflow/dags/train_traffic_pred.py
[2025-07-22T05:28:27.919+0000] {processor.py:914} INFO - Processing file /opt/airflow/dags/train_traffic_pred.py for tasks to queue
[2025-07-22T05:28:27.921+0000] {logging_mixin.py:190} INFO - [2025-07-22T05:28:27.921+0000] {dagbag.py:588} INFO - Filling up the DagBag from /opt/airflow/dags/train_traffic_pred.py
[2025-07-22T05:28:31.267+0000] {processor.py:925} INFO - DAG(s) 'train_traffic_pred' retrieved from /opt/airflow/dags/train_traffic_pred.py
[2025-07-22T05:28:31.297+0000] {logging_mixin.py:190} INFO - [2025-07-22T05:28:31.297+0000] {dag.py:3239} INFO - Sync 1 DAGs
[2025-07-22T05:28:31.325+0000] {logging_mixin.py:190} INFO - [2025-07-22T05:28:31.325+0000] {dag.py:4180} INFO - Setting next_dagrun for train_traffic_pred to 2025-07-22 00:00:00+00:00, run_after=2025-07-23 00:00:00+00:00
[2025-07-22T05:28:31.344+0000] {processor.py:208} INFO - Processing /opt/airflow/dags/train_traffic_pred.py took 3.432 seconds
[2025-07-22T05:29:02.394+0000] {processor.py:186} INFO - Started process (PID=20420) to work on /opt/airflow/dags/train_traffic_pred.py
[2025-07-22T05:29:02.395+0000] {processor.py:914} INFO - Processing file /opt/airflow/dags/train_traffic_pred.py for tasks to queue
[2025-07-22T05:29:02.397+0000] {logging_mixin.py:190} INFO - [2025-07-22T05:29:02.396+0000] {dagbag.py:588} INFO - Filling up the DagBag from /opt/airflow/dags/train_traffic_pred.py
[2025-07-22T05:29:05.702+0000] {processor.py:925} INFO - DAG(s) 'train_traffic_pred' retrieved from /opt/airflow/dags/train_traffic_pred.py
[2025-07-22T05:29:05.723+0000] {logging_mixin.py:190} INFO - [2025-07-22T05:29:05.723+0000] {dag.py:3239} INFO - Sync 1 DAGs
[2025-07-22T05:29:05.742+0000] {logging_mixin.py:190} INFO - [2025-07-22T05:29:05.741+0000] {dag.py:4180} INFO - Setting next_dagrun for train_traffic_pred to 2025-07-22 00:00:00+00:00, run_after=2025-07-23 00:00:00+00:00
[2025-07-22T05:29:05.757+0000] {processor.py:208} INFO - Processing /opt/airflow/dags/train_traffic_pred.py took 3.367 seconds
[2025-07-22T05:29:36.952+0000] {processor.py:186} INFO - Started process (PID=20518) to work on /opt/airflow/dags/train_traffic_pred.py
[2025-07-22T05:29:36.957+0000] {processor.py:914} INFO - Processing file /opt/airflow/dags/train_traffic_pred.py for tasks to queue
[2025-07-22T05:29:36.960+0000] {logging_mixin.py:190} INFO - [2025-07-22T05:29:36.960+0000] {dagbag.py:588} INFO - Filling up the DagBag from /opt/airflow/dags/train_traffic_pred.py
[2025-07-22T05:29:40.233+0000] {processor.py:925} INFO - DAG(s) 'train_traffic_pred' retrieved from /opt/airflow/dags/train_traffic_pred.py
[2025-07-22T05:29:40.259+0000] {logging_mixin.py:190} INFO - [2025-07-22T05:29:40.258+0000] {dag.py:3239} INFO - Sync 1 DAGs
[2025-07-22T05:29:40.280+0000] {logging_mixin.py:190} INFO - [2025-07-22T05:29:40.280+0000] {dag.py:4180} INFO - Setting next_dagrun for train_traffic_pred to 2025-07-22 00:00:00+00:00, run_after=2025-07-23 00:00:00+00:00
[2025-07-22T05:29:40.297+0000] {processor.py:208} INFO - Processing /opt/airflow/dags/train_traffic_pred.py took 3.351 seconds
[2025-07-22T05:30:11.591+0000] {processor.py:186} INFO - Started process (PID=20616) to work on /opt/airflow/dags/train_traffic_pred.py
[2025-07-22T05:30:11.593+0000] {processor.py:914} INFO - Processing file /opt/airflow/dags/train_traffic_pred.py for tasks to queue
[2025-07-22T05:30:11.595+0000] {logging_mixin.py:190} INFO - [2025-07-22T05:30:11.595+0000] {dagbag.py:588} INFO - Filling up the DagBag from /opt/airflow/dags/train_traffic_pred.py
[2025-07-22T05:30:14.948+0000] {processor.py:925} INFO - DAG(s) 'train_traffic_pred' retrieved from /opt/airflow/dags/train_traffic_pred.py
[2025-07-22T05:30:14.977+0000] {logging_mixin.py:190} INFO - [2025-07-22T05:30:14.976+0000] {dag.py:3239} INFO - Sync 1 DAGs
[2025-07-22T05:30:14.997+0000] {logging_mixin.py:190} INFO - [2025-07-22T05:30:14.997+0000] {dag.py:4180} INFO - Setting next_dagrun for train_traffic_pred to 2025-07-22 00:00:00+00:00, run_after=2025-07-23 00:00:00+00:00
[2025-07-22T05:30:15.014+0000] {processor.py:208} INFO - Processing /opt/airflow/dags/train_traffic_pred.py took 3.430 seconds
[2025-07-22T05:30:46.901+0000] {processor.py:186} INFO - Started process (PID=20714) to work on /opt/airflow/dags/train_traffic_pred.py
[2025-07-22T05:30:46.902+0000] {processor.py:914} INFO - Processing file /opt/airflow/dags/train_traffic_pred.py for tasks to queue
[2025-07-22T05:30:46.905+0000] {logging_mixin.py:190} INFO - [2025-07-22T05:30:46.904+0000] {dagbag.py:588} INFO - Filling up the DagBag from /opt/airflow/dags/train_traffic_pred.py
[2025-07-22T05:30:50.160+0000] {processor.py:925} INFO - DAG(s) 'train_traffic_pred' retrieved from /opt/airflow/dags/train_traffic_pred.py
[2025-07-22T05:30:50.182+0000] {logging_mixin.py:190} INFO - [2025-07-22T05:30:50.182+0000] {dag.py:3239} INFO - Sync 1 DAGs
[2025-07-22T05:30:50.200+0000] {logging_mixin.py:190} INFO - [2025-07-22T05:30:50.199+0000] {dag.py:4180} INFO - Setting next_dagrun for train_traffic_pred to 2025-07-22 00:00:00+00:00, run_after=2025-07-23 00:00:00+00:00
[2025-07-22T05:30:50.216+0000] {processor.py:208} INFO - Processing /opt/airflow/dags/train_traffic_pred.py took 3.320 seconds
[2025-07-22T05:31:22.061+0000] {processor.py:186} INFO - Started process (PID=20819) to work on /opt/airflow/dags/train_traffic_pred.py
[2025-07-22T05:31:22.062+0000] {processor.py:914} INFO - Processing file /opt/airflow/dags/train_traffic_pred.py for tasks to queue
[2025-07-22T05:31:22.064+0000] {logging_mixin.py:190} INFO - [2025-07-22T05:31:22.063+0000] {dagbag.py:588} INFO - Filling up the DagBag from /opt/airflow/dags/train_traffic_pred.py
[2025-07-22T05:31:25.324+0000] {processor.py:925} INFO - DAG(s) 'train_traffic_pred' retrieved from /opt/airflow/dags/train_traffic_pred.py
[2025-07-22T05:31:25.344+0000] {logging_mixin.py:190} INFO - [2025-07-22T05:31:25.343+0000] {dag.py:3239} INFO - Sync 1 DAGs
[2025-07-22T05:31:25.362+0000] {logging_mixin.py:190} INFO - [2025-07-22T05:31:25.362+0000] {dag.py:4180} INFO - Setting next_dagrun for train_traffic_pred to 2025-07-22 00:00:00+00:00, run_after=2025-07-23 00:00:00+00:00
[2025-07-22T05:31:25.376+0000] {processor.py:208} INFO - Processing /opt/airflow/dags/train_traffic_pred.py took 3.321 seconds
[2025-07-22T05:31:57.355+0000] {processor.py:186} INFO - Started process (PID=20917) to work on /opt/airflow/dags/train_traffic_pred.py
[2025-07-22T05:31:57.356+0000] {processor.py:914} INFO - Processing file /opt/airflow/dags/train_traffic_pred.py for tasks to queue
[2025-07-22T05:31:57.359+0000] {logging_mixin.py:190} INFO - [2025-07-22T05:31:57.358+0000] {dagbag.py:588} INFO - Filling up the DagBag from /opt/airflow/dags/train_traffic_pred.py
[2025-07-22T05:32:00.866+0000] {processor.py:925} INFO - DAG(s) 'train_traffic_pred' retrieved from /opt/airflow/dags/train_traffic_pred.py
[2025-07-22T05:32:00.886+0000] {logging_mixin.py:190} INFO - [2025-07-22T05:32:00.886+0000] {dag.py:3239} INFO - Sync 1 DAGs
[2025-07-22T05:32:00.904+0000] {logging_mixin.py:190} INFO - [2025-07-22T05:32:00.903+0000] {dag.py:4180} INFO - Setting next_dagrun for train_traffic_pred to 2025-07-22 00:00:00+00:00, run_after=2025-07-23 00:00:00+00:00
[2025-07-22T05:32:00.917+0000] {processor.py:208} INFO - Processing /opt/airflow/dags/train_traffic_pred.py took 3.570 seconds
[2025-07-22T05:32:32.850+0000] {processor.py:186} INFO - Started process (PID=21015) to work on /opt/airflow/dags/train_traffic_pred.py
[2025-07-22T05:32:32.851+0000] {processor.py:914} INFO - Processing file /opt/airflow/dags/train_traffic_pred.py for tasks to queue
[2025-07-22T05:32:32.854+0000] {logging_mixin.py:190} INFO - [2025-07-22T05:32:32.853+0000] {dagbag.py:588} INFO - Filling up the DagBag from /opt/airflow/dags/train_traffic_pred.py
[2025-07-22T05:32:36.078+0000] {processor.py:925} INFO - DAG(s) 'train_traffic_pred' retrieved from /opt/airflow/dags/train_traffic_pred.py
[2025-07-22T05:32:36.102+0000] {logging_mixin.py:190} INFO - [2025-07-22T05:32:36.102+0000] {dag.py:3239} INFO - Sync 1 DAGs
[2025-07-22T05:32:36.121+0000] {logging_mixin.py:190} INFO - [2025-07-22T05:32:36.121+0000] {dag.py:4180} INFO - Setting next_dagrun for train_traffic_pred to 2025-07-22 00:00:00+00:00, run_after=2025-07-23 00:00:00+00:00
[2025-07-22T05:32:36.138+0000] {processor.py:208} INFO - Processing /opt/airflow/dags/train_traffic_pred.py took 3.293 seconds
[2025-07-22T05:33:07.962+0000] {processor.py:186} INFO - Started process (PID=21113) to work on /opt/airflow/dags/train_traffic_pred.py
[2025-07-22T05:33:07.963+0000] {processor.py:914} INFO - Processing file /opt/airflow/dags/train_traffic_pred.py for tasks to queue
[2025-07-22T05:33:07.965+0000] {logging_mixin.py:190} INFO - [2025-07-22T05:33:07.965+0000] {dagbag.py:588} INFO - Filling up the DagBag from /opt/airflow/dags/train_traffic_pred.py
[2025-07-22T05:33:11.441+0000] {processor.py:925} INFO - DAG(s) 'train_traffic_pred' retrieved from /opt/airflow/dags/train_traffic_pred.py
[2025-07-22T05:33:11.462+0000] {logging_mixin.py:190} INFO - [2025-07-22T05:33:11.462+0000] {dag.py:3239} INFO - Sync 1 DAGs
[2025-07-22T05:33:11.482+0000] {logging_mixin.py:190} INFO - [2025-07-22T05:33:11.482+0000] {dag.py:4180} INFO - Setting next_dagrun for train_traffic_pred to 2025-07-22 00:00:00+00:00, run_after=2025-07-23 00:00:00+00:00
[2025-07-22T05:33:11.499+0000] {processor.py:208} INFO - Processing /opt/airflow/dags/train_traffic_pred.py took 3.542 seconds
[2025-07-22T05:33:43.413+0000] {processor.py:186} INFO - Started process (PID=21211) to work on /opt/airflow/dags/train_traffic_pred.py
[2025-07-22T05:33:43.414+0000] {processor.py:914} INFO - Processing file /opt/airflow/dags/train_traffic_pred.py for tasks to queue
[2025-07-22T05:33:43.416+0000] {logging_mixin.py:190} INFO - [2025-07-22T05:33:43.416+0000] {dagbag.py:588} INFO - Filling up the DagBag from /opt/airflow/dags/train_traffic_pred.py
[2025-07-22T05:33:46.790+0000] {processor.py:925} INFO - DAG(s) 'train_traffic_pred' retrieved from /opt/airflow/dags/train_traffic_pred.py
[2025-07-22T05:33:46.810+0000] {logging_mixin.py:190} INFO - [2025-07-22T05:33:46.809+0000] {dag.py:3239} INFO - Sync 1 DAGs
[2025-07-22T05:33:46.828+0000] {logging_mixin.py:190} INFO - [2025-07-22T05:33:46.828+0000] {dag.py:4180} INFO - Setting next_dagrun for train_traffic_pred to 2025-07-22 00:00:00+00:00, run_after=2025-07-23 00:00:00+00:00
[2025-07-22T05:33:46.842+0000] {processor.py:208} INFO - Processing /opt/airflow/dags/train_traffic_pred.py took 3.435 seconds
[2025-07-22T05:34:18.814+0000] {processor.py:186} INFO - Started process (PID=21309) to work on /opt/airflow/dags/train_traffic_pred.py
[2025-07-22T05:34:18.816+0000] {processor.py:914} INFO - Processing file /opt/airflow/dags/train_traffic_pred.py for tasks to queue
[2025-07-22T05:34:18.818+0000] {logging_mixin.py:190} INFO - [2025-07-22T05:34:18.818+0000] {dagbag.py:588} INFO - Filling up the DagBag from /opt/airflow/dags/train_traffic_pred.py
[2025-07-22T05:34:22.221+0000] {processor.py:925} INFO - DAG(s) 'train_traffic_pred' retrieved from /opt/airflow/dags/train_traffic_pred.py
[2025-07-22T05:34:22.241+0000] {logging_mixin.py:190} INFO - [2025-07-22T05:34:22.240+0000] {dag.py:3239} INFO - Sync 1 DAGs
[2025-07-22T05:34:22.258+0000] {logging_mixin.py:190} INFO - [2025-07-22T05:34:22.257+0000] {dag.py:4180} INFO - Setting next_dagrun for train_traffic_pred to 2025-07-22 00:00:00+00:00, run_after=2025-07-23 00:00:00+00:00
[2025-07-22T05:34:22.272+0000] {processor.py:208} INFO - Processing /opt/airflow/dags/train_traffic_pred.py took 3.464 seconds
[2025-07-22T05:34:54.238+0000] {processor.py:186} INFO - Started process (PID=21429) to work on /opt/airflow/dags/train_traffic_pred.py
[2025-07-22T05:34:54.240+0000] {processor.py:914} INFO - Processing file /opt/airflow/dags/train_traffic_pred.py for tasks to queue
[2025-07-22T05:34:54.243+0000] {logging_mixin.py:190} INFO - [2025-07-22T05:34:54.243+0000] {dagbag.py:588} INFO - Filling up the DagBag from /opt/airflow/dags/train_traffic_pred.py
[2025-07-22T05:34:57.595+0000] {processor.py:925} INFO - DAG(s) 'train_traffic_pred' retrieved from /opt/airflow/dags/train_traffic_pred.py
[2025-07-22T05:34:57.618+0000] {logging_mixin.py:190} INFO - [2025-07-22T05:34:57.617+0000] {dag.py:3239} INFO - Sync 1 DAGs
[2025-07-22T05:34:57.636+0000] {logging_mixin.py:190} INFO - [2025-07-22T05:34:57.636+0000] {dag.py:4180} INFO - Setting next_dagrun for train_traffic_pred to 2025-07-22 00:00:00+00:00, run_after=2025-07-23 00:00:00+00:00
[2025-07-22T05:34:57.652+0000] {processor.py:208} INFO - Processing /opt/airflow/dags/train_traffic_pred.py took 3.421 seconds
[2025-07-22T05:35:29.860+0000] {processor.py:186} INFO - Started process (PID=21527) to work on /opt/airflow/dags/train_traffic_pred.py
[2025-07-22T05:35:29.862+0000] {processor.py:914} INFO - Processing file /opt/airflow/dags/train_traffic_pred.py for tasks to queue
[2025-07-22T05:35:29.865+0000] {logging_mixin.py:190} INFO - [2025-07-22T05:35:29.864+0000] {dagbag.py:588} INFO - Filling up the DagBag from /opt/airflow/dags/train_traffic_pred.py
[2025-07-22T05:35:32.979+0000] {processor.py:925} INFO - DAG(s) 'train_traffic_pred' retrieved from /opt/airflow/dags/train_traffic_pred.py
[2025-07-22T05:35:32.998+0000] {logging_mixin.py:190} INFO - [2025-07-22T05:35:32.998+0000] {dag.py:3239} INFO - Sync 1 DAGs
[2025-07-22T05:35:33.015+0000] {logging_mixin.py:190} INFO - [2025-07-22T05:35:33.015+0000] {dag.py:4180} INFO - Setting next_dagrun for train_traffic_pred to 2025-07-22 00:00:00+00:00, run_after=2025-07-23 00:00:00+00:00
[2025-07-22T05:35:33.031+0000] {processor.py:208} INFO - Processing /opt/airflow/dags/train_traffic_pred.py took 3.177 seconds
[2025-07-22T05:36:04.950+0000] {processor.py:186} INFO - Started process (PID=21625) to work on /opt/airflow/dags/train_traffic_pred.py
[2025-07-22T05:36:04.951+0000] {processor.py:914} INFO - Processing file /opt/airflow/dags/train_traffic_pred.py for tasks to queue
[2025-07-22T05:36:04.955+0000] {logging_mixin.py:190} INFO - [2025-07-22T05:36:04.954+0000] {dagbag.py:588} INFO - Filling up the DagBag from /opt/airflow/dags/train_traffic_pred.py
[2025-07-22T05:36:08.442+0000] {processor.py:925} INFO - DAG(s) 'train_traffic_pred' retrieved from /opt/airflow/dags/train_traffic_pred.py
[2025-07-22T05:36:08.470+0000] {logging_mixin.py:190} INFO - [2025-07-22T05:36:08.470+0000] {dag.py:3239} INFO - Sync 1 DAGs
[2025-07-22T05:36:08.491+0000] {logging_mixin.py:190} INFO - [2025-07-22T05:36:08.490+0000] {dag.py:4180} INFO - Setting next_dagrun for train_traffic_pred to 2025-07-22 00:00:00+00:00, run_after=2025-07-23 00:00:00+00:00
[2025-07-22T05:36:08.509+0000] {processor.py:208} INFO - Processing /opt/airflow/dags/train_traffic_pred.py took 3.565 seconds
[2025-07-22T05:36:40.498+0000] {processor.py:186} INFO - Started process (PID=21723) to work on /opt/airflow/dags/train_traffic_pred.py
[2025-07-22T05:36:40.499+0000] {processor.py:914} INFO - Processing file /opt/airflow/dags/train_traffic_pred.py for tasks to queue
[2025-07-22T05:36:40.502+0000] {logging_mixin.py:190} INFO - [2025-07-22T05:36:40.501+0000] {dagbag.py:588} INFO - Filling up the DagBag from /opt/airflow/dags/train_traffic_pred.py
[2025-07-22T05:36:43.775+0000] {processor.py:925} INFO - DAG(s) 'train_traffic_pred' retrieved from /opt/airflow/dags/train_traffic_pred.py
[2025-07-22T05:36:43.796+0000] {logging_mixin.py:190} INFO - [2025-07-22T05:36:43.796+0000] {dag.py:3239} INFO - Sync 1 DAGs
[2025-07-22T05:36:43.816+0000] {logging_mixin.py:190} INFO - [2025-07-22T05:36:43.816+0000] {dag.py:4180} INFO - Setting next_dagrun for train_traffic_pred to 2025-07-22 00:00:00+00:00, run_after=2025-07-23 00:00:00+00:00
[2025-07-22T05:36:43.833+0000] {processor.py:208} INFO - Processing /opt/airflow/dags/train_traffic_pred.py took 3.342 seconds
[2025-07-22T05:37:15.838+0000] {processor.py:186} INFO - Started process (PID=21821) to work on /opt/airflow/dags/train_traffic_pred.py
[2025-07-22T05:37:15.839+0000] {processor.py:914} INFO - Processing file /opt/airflow/dags/train_traffic_pred.py for tasks to queue
[2025-07-22T05:37:15.842+0000] {logging_mixin.py:190} INFO - [2025-07-22T05:37:15.842+0000] {dagbag.py:588} INFO - Filling up the DagBag from /opt/airflow/dags/train_traffic_pred.py
[2025-07-22T05:37:19.228+0000] {processor.py:925} INFO - DAG(s) 'train_traffic_pred' retrieved from /opt/airflow/dags/train_traffic_pred.py
[2025-07-22T05:37:19.247+0000] {logging_mixin.py:190} INFO - [2025-07-22T05:37:19.247+0000] {dag.py:3239} INFO - Sync 1 DAGs
[2025-07-22T05:37:19.265+0000] {logging_mixin.py:190} INFO - [2025-07-22T05:37:19.265+0000] {dag.py:4180} INFO - Setting next_dagrun for train_traffic_pred to 2025-07-22 00:00:00+00:00, run_after=2025-07-23 00:00:00+00:00
[2025-07-22T05:37:19.281+0000] {processor.py:208} INFO - Processing /opt/airflow/dags/train_traffic_pred.py took 3.450 seconds
[2025-07-22T05:37:50.397+0000] {processor.py:186} INFO - Started process (PID=21919) to work on /opt/airflow/dags/train_traffic_pred.py
[2025-07-22T05:37:50.398+0000] {processor.py:914} INFO - Processing file /opt/airflow/dags/train_traffic_pred.py for tasks to queue
[2025-07-22T05:37:50.402+0000] {logging_mixin.py:190} INFO - [2025-07-22T05:37:50.402+0000] {dagbag.py:588} INFO - Filling up the DagBag from /opt/airflow/dags/train_traffic_pred.py
[2025-07-22T05:37:53.759+0000] {processor.py:925} INFO - DAG(s) 'train_traffic_pred' retrieved from /opt/airflow/dags/train_traffic_pred.py
[2025-07-22T05:37:53.780+0000] {logging_mixin.py:190} INFO - [2025-07-22T05:37:53.780+0000] {dag.py:3239} INFO - Sync 1 DAGs
[2025-07-22T05:37:53.798+0000] {logging_mixin.py:190} INFO - [2025-07-22T05:37:53.798+0000] {dag.py:4180} INFO - Setting next_dagrun for train_traffic_pred to 2025-07-22 00:00:00+00:00, run_after=2025-07-23 00:00:00+00:00
[2025-07-22T05:37:53.814+0000] {processor.py:208} INFO - Processing /opt/airflow/dags/train_traffic_pred.py took 3.426 seconds
[2025-07-22T05:38:26.038+0000] {processor.py:186} INFO - Started process (PID=22023) to work on /opt/airflow/dags/train_traffic_pred.py
[2025-07-22T05:38:26.040+0000] {processor.py:914} INFO - Processing file /opt/airflow/dags/train_traffic_pred.py for tasks to queue
[2025-07-22T05:38:26.043+0000] {logging_mixin.py:190} INFO - [2025-07-22T05:38:26.042+0000] {dagbag.py:588} INFO - Filling up the DagBag from /opt/airflow/dags/train_traffic_pred.py
[2025-07-22T05:38:29.335+0000] {processor.py:925} INFO - DAG(s) 'train_traffic_pred' retrieved from /opt/airflow/dags/train_traffic_pred.py
[2025-07-22T05:38:29.355+0000] {logging_mixin.py:190} INFO - [2025-07-22T05:38:29.355+0000] {dag.py:3239} INFO - Sync 1 DAGs
[2025-07-22T05:38:29.373+0000] {logging_mixin.py:190} INFO - [2025-07-22T05:38:29.373+0000] {dag.py:4180} INFO - Setting next_dagrun for train_traffic_pred to 2025-07-22 00:00:00+00:00, run_after=2025-07-23 00:00:00+00:00
[2025-07-22T05:38:29.388+0000] {processor.py:208} INFO - Processing /opt/airflow/dags/train_traffic_pred.py took 3.357 seconds
[2025-07-22T05:39:00.453+0000] {processor.py:186} INFO - Started process (PID=22121) to work on /opt/airflow/dags/train_traffic_pred.py
[2025-07-22T05:39:00.455+0000] {processor.py:914} INFO - Processing file /opt/airflow/dags/train_traffic_pred.py for tasks to queue
[2025-07-22T05:39:00.457+0000] {logging_mixin.py:190} INFO - [2025-07-22T05:39:00.457+0000] {dagbag.py:588} INFO - Filling up the DagBag from /opt/airflow/dags/train_traffic_pred.py
[2025-07-22T05:39:03.853+0000] {processor.py:925} INFO - DAG(s) 'train_traffic_pred' retrieved from /opt/airflow/dags/train_traffic_pred.py
[2025-07-22T05:39:03.874+0000] {logging_mixin.py:190} INFO - [2025-07-22T05:39:03.874+0000] {dag.py:3239} INFO - Sync 1 DAGs
[2025-07-22T05:39:03.891+0000] {logging_mixin.py:190} INFO - [2025-07-22T05:39:03.891+0000] {dag.py:4180} INFO - Setting next_dagrun for train_traffic_pred to 2025-07-22 00:00:00+00:00, run_after=2025-07-23 00:00:00+00:00
[2025-07-22T05:39:03.905+0000] {processor.py:208} INFO - Processing /opt/airflow/dags/train_traffic_pred.py took 3.457 seconds
[2025-07-22T05:39:35.016+0000] {processor.py:186} INFO - Started process (PID=22219) to work on /opt/airflow/dags/train_traffic_pred.py
[2025-07-22T05:39:35.018+0000] {processor.py:914} INFO - Processing file /opt/airflow/dags/train_traffic_pred.py for tasks to queue
[2025-07-22T05:39:35.021+0000] {logging_mixin.py:190} INFO - [2025-07-22T05:39:35.020+0000] {dagbag.py:588} INFO - Filling up the DagBag from /opt/airflow/dags/train_traffic_pred.py
[2025-07-22T05:39:38.267+0000] {processor.py:925} INFO - DAG(s) 'train_traffic_pred' retrieved from /opt/airflow/dags/train_traffic_pred.py
[2025-07-22T05:39:38.287+0000] {logging_mixin.py:190} INFO - [2025-07-22T05:39:38.287+0000] {dag.py:3239} INFO - Sync 1 DAGs
[2025-07-22T05:39:38.306+0000] {logging_mixin.py:190} INFO - [2025-07-22T05:39:38.305+0000] {dag.py:4180} INFO - Setting next_dagrun for train_traffic_pred to 2025-07-22 00:00:00+00:00, run_after=2025-07-23 00:00:00+00:00
[2025-07-22T05:39:38.323+0000] {processor.py:208} INFO - Processing /opt/airflow/dags/train_traffic_pred.py took 3.315 seconds
[2025-07-22T05:40:10.343+0000] {processor.py:186} INFO - Started process (PID=22317) to work on /opt/airflow/dags/train_traffic_pred.py
[2025-07-22T05:40:10.344+0000] {processor.py:914} INFO - Processing file /opt/airflow/dags/train_traffic_pred.py for tasks to queue
[2025-07-22T05:40:10.347+0000] {logging_mixin.py:190} INFO - [2025-07-22T05:40:10.347+0000] {dagbag.py:588} INFO - Filling up the DagBag from /opt/airflow/dags/train_traffic_pred.py
[2025-07-22T05:40:13.697+0000] {processor.py:925} INFO - DAG(s) 'train_traffic_pred' retrieved from /opt/airflow/dags/train_traffic_pred.py
[2025-07-22T05:40:13.718+0000] {logging_mixin.py:190} INFO - [2025-07-22T05:40:13.717+0000] {dag.py:3239} INFO - Sync 1 DAGs
[2025-07-22T05:40:13.735+0000] {logging_mixin.py:190} INFO - [2025-07-22T05:40:13.734+0000] {dag.py:4180} INFO - Setting next_dagrun for train_traffic_pred to 2025-07-22 00:00:00+00:00, run_after=2025-07-23 00:00:00+00:00
[2025-07-22T05:40:13.750+0000] {processor.py:208} INFO - Processing /opt/airflow/dags/train_traffic_pred.py took 3.413 seconds
[2025-07-22T05:40:45.555+0000] {processor.py:186} INFO - Started process (PID=22416) to work on /opt/airflow/dags/train_traffic_pred.py
[2025-07-22T05:40:45.556+0000] {processor.py:914} INFO - Processing file /opt/airflow/dags/train_traffic_pred.py for tasks to queue
[2025-07-22T05:40:45.560+0000] {logging_mixin.py:190} INFO - [2025-07-22T05:40:45.559+0000] {dagbag.py:588} INFO - Filling up the DagBag from /opt/airflow/dags/train_traffic_pred.py
[2025-07-22T05:40:49.004+0000] {processor.py:925} INFO - DAG(s) 'train_traffic_pred' retrieved from /opt/airflow/dags/train_traffic_pred.py
[2025-07-22T05:40:49.024+0000] {logging_mixin.py:190} INFO - [2025-07-22T05:40:49.024+0000] {dag.py:3239} INFO - Sync 1 DAGs
[2025-07-22T05:40:49.042+0000] {logging_mixin.py:190} INFO - [2025-07-22T05:40:49.042+0000] {dag.py:4180} INFO - Setting next_dagrun for train_traffic_pred to 2025-07-22 00:00:00+00:00, run_after=2025-07-23 00:00:00+00:00
[2025-07-22T05:40:49.058+0000] {processor.py:208} INFO - Processing /opt/airflow/dags/train_traffic_pred.py took 3.511 seconds
[2025-07-22T05:41:20.997+0000] {processor.py:186} INFO - Started process (PID=22514) to work on /opt/airflow/dags/train_traffic_pred.py
[2025-07-22T05:41:20.998+0000] {processor.py:914} INFO - Processing file /opt/airflow/dags/train_traffic_pred.py for tasks to queue
[2025-07-22T05:41:21.001+0000] {logging_mixin.py:190} INFO - [2025-07-22T05:41:21.001+0000] {dagbag.py:588} INFO - Filling up the DagBag from /opt/airflow/dags/train_traffic_pred.py
[2025-07-22T05:41:24.570+0000] {processor.py:925} INFO - DAG(s) 'train_traffic_pred' retrieved from /opt/airflow/dags/train_traffic_pred.py
[2025-07-22T05:41:24.592+0000] {logging_mixin.py:190} INFO - [2025-07-22T05:41:24.591+0000] {dag.py:3239} INFO - Sync 1 DAGs
[2025-07-22T05:41:24.611+0000] {logging_mixin.py:190} INFO - [2025-07-22T05:41:24.611+0000] {dag.py:4180} INFO - Setting next_dagrun for train_traffic_pred to 2025-07-22 00:00:00+00:00, run_after=2025-07-23 00:00:00+00:00
[2025-07-22T05:41:24.631+0000] {processor.py:208} INFO - Processing /opt/airflow/dags/train_traffic_pred.py took 3.642 seconds
[2025-07-22T05:41:55.953+0000] {processor.py:186} INFO - Started process (PID=22618) to work on /opt/airflow/dags/train_traffic_pred.py
[2025-07-22T05:41:55.954+0000] {processor.py:914} INFO - Processing file /opt/airflow/dags/train_traffic_pred.py for tasks to queue
[2025-07-22T05:41:55.957+0000] {logging_mixin.py:190} INFO - [2025-07-22T05:41:55.957+0000] {dagbag.py:588} INFO - Filling up the DagBag from /opt/airflow/dags/train_traffic_pred.py
[2025-07-22T05:41:59.450+0000] {processor.py:925} INFO - DAG(s) 'train_traffic_pred' retrieved from /opt/airflow/dags/train_traffic_pred.py
[2025-07-22T05:41:59.471+0000] {logging_mixin.py:190} INFO - [2025-07-22T05:41:59.470+0000] {dag.py:3239} INFO - Sync 1 DAGs
[2025-07-22T05:41:59.491+0000] {logging_mixin.py:190} INFO - [2025-07-22T05:41:59.490+0000] {dag.py:4180} INFO - Setting next_dagrun for train_traffic_pred to 2025-07-22 00:00:00+00:00, run_after=2025-07-23 00:00:00+00:00
[2025-07-22T05:41:59.506+0000] {processor.py:208} INFO - Processing /opt/airflow/dags/train_traffic_pred.py took 3.560 seconds
[2025-07-22T05:42:31.213+0000] {processor.py:186} INFO - Started process (PID=22716) to work on /opt/airflow/dags/train_traffic_pred.py
[2025-07-22T05:42:31.214+0000] {processor.py:914} INFO - Processing file /opt/airflow/dags/train_traffic_pred.py for tasks to queue
[2025-07-22T05:42:31.218+0000] {logging_mixin.py:190} INFO - [2025-07-22T05:42:31.217+0000] {dagbag.py:588} INFO - Filling up the DagBag from /opt/airflow/dags/train_traffic_pred.py
[2025-07-22T05:42:34.648+0000] {processor.py:925} INFO - DAG(s) 'train_traffic_pred' retrieved from /opt/airflow/dags/train_traffic_pred.py
[2025-07-22T05:42:34.674+0000] {logging_mixin.py:190} INFO - [2025-07-22T05:42:34.673+0000] {dag.py:3239} INFO - Sync 1 DAGs
[2025-07-22T05:42:34.695+0000] {logging_mixin.py:190} INFO - [2025-07-22T05:42:34.695+0000] {dag.py:4180} INFO - Setting next_dagrun for train_traffic_pred to 2025-07-22 00:00:00+00:00, run_after=2025-07-23 00:00:00+00:00
[2025-07-22T05:42:34.713+0000] {processor.py:208} INFO - Processing /opt/airflow/dags/train_traffic_pred.py took 3.508 seconds
[2025-07-22T05:43:06.616+0000] {processor.py:186} INFO - Started process (PID=22814) to work on /opt/airflow/dags/train_traffic_pred.py
[2025-07-22T05:43:06.617+0000] {processor.py:914} INFO - Processing file /opt/airflow/dags/train_traffic_pred.py for tasks to queue
[2025-07-22T05:43:06.619+0000] {logging_mixin.py:190} INFO - [2025-07-22T05:43:06.619+0000] {dagbag.py:588} INFO - Filling up the DagBag from /opt/airflow/dags/train_traffic_pred.py
[2025-07-22T05:43:09.999+0000] {processor.py:925} INFO - DAG(s) 'train_traffic_pred' retrieved from /opt/airflow/dags/train_traffic_pred.py
[2025-07-22T05:43:10.022+0000] {logging_mixin.py:190} INFO - [2025-07-22T05:43:10.022+0000] {dag.py:3239} INFO - Sync 1 DAGs
[2025-07-22T05:43:10.043+0000] {logging_mixin.py:190} INFO - [2025-07-22T05:43:10.043+0000] {dag.py:4180} INFO - Setting next_dagrun for train_traffic_pred to 2025-07-22 00:00:00+00:00, run_after=2025-07-23 00:00:00+00:00
[2025-07-22T05:43:10.062+0000] {processor.py:208} INFO - Processing /opt/airflow/dags/train_traffic_pred.py took 3.453 seconds
[2025-07-22T05:43:41.244+0000] {processor.py:186} INFO - Started process (PID=22912) to work on /opt/airflow/dags/train_traffic_pred.py
[2025-07-22T05:43:41.245+0000] {processor.py:914} INFO - Processing file /opt/airflow/dags/train_traffic_pred.py for tasks to queue
[2025-07-22T05:43:41.248+0000] {logging_mixin.py:190} INFO - [2025-07-22T05:43:41.247+0000] {dagbag.py:588} INFO - Filling up the DagBag from /opt/airflow/dags/train_traffic_pred.py
[2025-07-22T05:43:44.544+0000] {processor.py:925} INFO - DAG(s) 'train_traffic_pred' retrieved from /opt/airflow/dags/train_traffic_pred.py
[2025-07-22T05:43:44.568+0000] {logging_mixin.py:190} INFO - [2025-07-22T05:43:44.567+0000] {dag.py:3239} INFO - Sync 1 DAGs
[2025-07-22T05:43:44.586+0000] {logging_mixin.py:190} INFO - [2025-07-22T05:43:44.586+0000] {dag.py:4180} INFO - Setting next_dagrun for train_traffic_pred to 2025-07-22 00:00:00+00:00, run_after=2025-07-23 00:00:00+00:00
[2025-07-22T05:43:44.601+0000] {processor.py:208} INFO - Processing /opt/airflow/dags/train_traffic_pred.py took 3.367 seconds
[2025-07-22T05:44:16.546+0000] {processor.py:186} INFO - Started process (PID=23010) to work on /opt/airflow/dags/train_traffic_pred.py
[2025-07-22T05:44:16.548+0000] {processor.py:914} INFO - Processing file /opt/airflow/dags/train_traffic_pred.py for tasks to queue
[2025-07-22T05:44:16.551+0000] {logging_mixin.py:190} INFO - [2025-07-22T05:44:16.551+0000] {dagbag.py:588} INFO - Filling up the DagBag from /opt/airflow/dags/train_traffic_pred.py
[2025-07-22T05:44:19.901+0000] {processor.py:925} INFO - DAG(s) 'train_traffic_pred' retrieved from /opt/airflow/dags/train_traffic_pred.py
[2025-07-22T05:44:19.922+0000] {logging_mixin.py:190} INFO - [2025-07-22T05:44:19.921+0000] {dag.py:3239} INFO - Sync 1 DAGs
[2025-07-22T05:44:19.939+0000] {logging_mixin.py:190} INFO - [2025-07-22T05:44:19.939+0000] {dag.py:4180} INFO - Setting next_dagrun for train_traffic_pred to 2025-07-22 00:00:00+00:00, run_after=2025-07-23 00:00:00+00:00
[2025-07-22T05:44:19.956+0000] {processor.py:208} INFO - Processing /opt/airflow/dags/train_traffic_pred.py took 3.417 seconds
[2025-07-22T05:44:51.499+0000] {processor.py:186} INFO - Started process (PID=23108) to work on /opt/airflow/dags/train_traffic_pred.py
[2025-07-22T05:44:51.500+0000] {processor.py:914} INFO - Processing file /opt/airflow/dags/train_traffic_pred.py for tasks to queue
[2025-07-22T05:44:51.503+0000] {logging_mixin.py:190} INFO - [2025-07-22T05:44:51.503+0000] {dagbag.py:588} INFO - Filling up the DagBag from /opt/airflow/dags/train_traffic_pred.py
[2025-07-22T05:44:54.996+0000] {processor.py:925} INFO - DAG(s) 'train_traffic_pred' retrieved from /opt/airflow/dags/train_traffic_pred.py
[2025-07-22T05:44:55.019+0000] {logging_mixin.py:190} INFO - [2025-07-22T05:44:55.018+0000] {dag.py:3239} INFO - Sync 1 DAGs
[2025-07-22T05:44:55.037+0000] {logging_mixin.py:190} INFO - [2025-07-22T05:44:55.037+0000] {dag.py:4180} INFO - Setting next_dagrun for train_traffic_pred to 2025-07-22 00:00:00+00:00, run_after=2025-07-23 00:00:00+00:00
[2025-07-22T05:44:55.055+0000] {processor.py:208} INFO - Processing /opt/airflow/dags/train_traffic_pred.py took 3.563 seconds
[2025-07-22T05:45:26.338+0000] {processor.py:186} INFO - Started process (PID=23212) to work on /opt/airflow/dags/train_traffic_pred.py
[2025-07-22T05:45:26.340+0000] {processor.py:914} INFO - Processing file /opt/airflow/dags/train_traffic_pred.py for tasks to queue
[2025-07-22T05:45:26.343+0000] {logging_mixin.py:190} INFO - [2025-07-22T05:45:26.343+0000] {dagbag.py:588} INFO - Filling up the DagBag from /opt/airflow/dags/train_traffic_pred.py
[2025-07-22T05:45:29.909+0000] {processor.py:925} INFO - DAG(s) 'train_traffic_pred' retrieved from /opt/airflow/dags/train_traffic_pred.py
[2025-07-22T05:45:29.933+0000] {logging_mixin.py:190} INFO - [2025-07-22T05:45:29.933+0000] {dag.py:3239} INFO - Sync 1 DAGs
[2025-07-22T05:45:29.957+0000] {logging_mixin.py:190} INFO - [2025-07-22T05:45:29.956+0000] {dag.py:4180} INFO - Setting next_dagrun for train_traffic_pred to 2025-07-22 00:00:00+00:00, run_after=2025-07-23 00:00:00+00:00
[2025-07-22T05:45:29.975+0000] {processor.py:208} INFO - Processing /opt/airflow/dags/train_traffic_pred.py took 3.644 seconds
[2025-07-22T05:46:01.280+0000] {processor.py:186} INFO - Started process (PID=23310) to work on /opt/airflow/dags/train_traffic_pred.py
[2025-07-22T05:46:01.282+0000] {processor.py:914} INFO - Processing file /opt/airflow/dags/train_traffic_pred.py for tasks to queue
[2025-07-22T05:46:01.285+0000] {logging_mixin.py:190} INFO - [2025-07-22T05:46:01.284+0000] {dagbag.py:588} INFO - Filling up the DagBag from /opt/airflow/dags/train_traffic_pred.py
[2025-07-22T05:46:04.744+0000] {processor.py:925} INFO - DAG(s) 'train_traffic_pred' retrieved from /opt/airflow/dags/train_traffic_pred.py
[2025-07-22T05:46:04.766+0000] {logging_mixin.py:190} INFO - [2025-07-22T05:46:04.766+0000] {dag.py:3239} INFO - Sync 1 DAGs
[2025-07-22T05:46:04.784+0000] {logging_mixin.py:190} INFO - [2025-07-22T05:46:04.784+0000] {dag.py:4180} INFO - Setting next_dagrun for train_traffic_pred to 2025-07-22 00:00:00+00:00, run_after=2025-07-23 00:00:00+00:00
[2025-07-22T05:46:04.800+0000] {processor.py:208} INFO - Processing /opt/airflow/dags/train_traffic_pred.py took 3.527 seconds
[2025-07-22T05:46:35.877+0000] {processor.py:186} INFO - Started process (PID=23408) to work on /opt/airflow/dags/train_traffic_pred.py
[2025-07-22T05:46:35.878+0000] {processor.py:914} INFO - Processing file /opt/airflow/dags/train_traffic_pred.py for tasks to queue
[2025-07-22T05:46:35.881+0000] {logging_mixin.py:190} INFO - [2025-07-22T05:46:35.880+0000] {dagbag.py:588} INFO - Filling up the DagBag from /opt/airflow/dags/train_traffic_pred.py
[2025-07-22T05:46:39.190+0000] {processor.py:925} INFO - DAG(s) 'train_traffic_pred' retrieved from /opt/airflow/dags/train_traffic_pred.py
[2025-07-22T05:46:39.210+0000] {logging_mixin.py:190} INFO - [2025-07-22T05:46:39.210+0000] {dag.py:3239} INFO - Sync 1 DAGs
[2025-07-22T05:46:39.228+0000] {logging_mixin.py:190} INFO - [2025-07-22T05:46:39.228+0000] {dag.py:4180} INFO - Setting next_dagrun for train_traffic_pred to 2025-07-22 00:00:00+00:00, run_after=2025-07-23 00:00:00+00:00
[2025-07-22T05:46:39.244+0000] {processor.py:208} INFO - Processing /opt/airflow/dags/train_traffic_pred.py took 3.372 seconds
[2025-07-22T05:47:11.083+0000] {processor.py:186} INFO - Started process (PID=23506) to work on /opt/airflow/dags/train_traffic_pred.py
[2025-07-22T05:47:11.084+0000] {processor.py:914} INFO - Processing file /opt/airflow/dags/train_traffic_pred.py for tasks to queue
[2025-07-22T05:47:11.087+0000] {logging_mixin.py:190} INFO - [2025-07-22T05:47:11.087+0000] {dagbag.py:588} INFO - Filling up the DagBag from /opt/airflow/dags/train_traffic_pred.py
[2025-07-22T05:47:14.334+0000] {processor.py:925} INFO - DAG(s) 'train_traffic_pred' retrieved from /opt/airflow/dags/train_traffic_pred.py
[2025-07-22T05:47:14.355+0000] {logging_mixin.py:190} INFO - [2025-07-22T05:47:14.355+0000] {dag.py:3239} INFO - Sync 1 DAGs
[2025-07-22T05:47:14.372+0000] {logging_mixin.py:190} INFO - [2025-07-22T05:47:14.372+0000] {dag.py:4180} INFO - Setting next_dagrun for train_traffic_pred to 2025-07-22 00:00:00+00:00, run_after=2025-07-23 00:00:00+00:00
[2025-07-22T05:47:14.387+0000] {processor.py:208} INFO - Processing /opt/airflow/dags/train_traffic_pred.py took 3.312 seconds
[2025-07-22T05:47:45.497+0000] {processor.py:186} INFO - Started process (PID=23603) to work on /opt/airflow/dags/train_traffic_pred.py
[2025-07-22T05:47:45.498+0000] {processor.py:914} INFO - Processing file /opt/airflow/dags/train_traffic_pred.py for tasks to queue
[2025-07-22T05:47:45.501+0000] {logging_mixin.py:190} INFO - [2025-07-22T05:47:45.501+0000] {dagbag.py:588} INFO - Filling up the DagBag from /opt/airflow/dags/train_traffic_pred.py
[2025-07-22T05:47:48.897+0000] {processor.py:925} INFO - DAG(s) 'train_traffic_pred' retrieved from /opt/airflow/dags/train_traffic_pred.py
[2025-07-22T05:47:48.916+0000] {logging_mixin.py:190} INFO - [2025-07-22T05:47:48.915+0000] {dag.py:3239} INFO - Sync 1 DAGs
[2025-07-22T05:47:48.933+0000] {logging_mixin.py:190} INFO - [2025-07-22T05:47:48.933+0000] {dag.py:4180} INFO - Setting next_dagrun for train_traffic_pred to 2025-07-22 00:00:00+00:00, run_after=2025-07-23 00:00:00+00:00
[2025-07-22T05:47:48.947+0000] {processor.py:208} INFO - Processing /opt/airflow/dags/train_traffic_pred.py took 3.457 seconds
[2025-07-22T05:48:20.251+0000] {processor.py:186} INFO - Started process (PID=23701) to work on /opt/airflow/dags/train_traffic_pred.py
[2025-07-22T05:48:20.252+0000] {processor.py:914} INFO - Processing file /opt/airflow/dags/train_traffic_pred.py for tasks to queue
[2025-07-22T05:48:20.255+0000] {logging_mixin.py:190} INFO - [2025-07-22T05:48:20.254+0000] {dagbag.py:588} INFO - Filling up the DagBag from /opt/airflow/dags/train_traffic_pred.py
[2025-07-22T05:48:23.629+0000] {processor.py:925} INFO - DAG(s) 'train_traffic_pred' retrieved from /opt/airflow/dags/train_traffic_pred.py
[2025-07-22T05:48:23.650+0000] {logging_mixin.py:190} INFO - [2025-07-22T05:48:23.649+0000] {dag.py:3239} INFO - Sync 1 DAGs
[2025-07-22T05:48:23.667+0000] {logging_mixin.py:190} INFO - [2025-07-22T05:48:23.667+0000] {dag.py:4180} INFO - Setting next_dagrun for train_traffic_pred to 2025-07-22 00:00:00+00:00, run_after=2025-07-23 00:00:00+00:00
[2025-07-22T05:48:23.682+0000] {processor.py:208} INFO - Processing /opt/airflow/dags/train_traffic_pred.py took 3.438 seconds
[2025-07-22T05:48:55.038+0000] {processor.py:186} INFO - Started process (PID=23805) to work on /opt/airflow/dags/train_traffic_pred.py
[2025-07-22T05:48:55.040+0000] {processor.py:914} INFO - Processing file /opt/airflow/dags/train_traffic_pred.py for tasks to queue
[2025-07-22T05:48:55.043+0000] {logging_mixin.py:190} INFO - [2025-07-22T05:48:55.043+0000] {dagbag.py:588} INFO - Filling up the DagBag from /opt/airflow/dags/train_traffic_pred.py
[2025-07-22T05:48:58.366+0000] {processor.py:925} INFO - DAG(s) 'train_traffic_pred' retrieved from /opt/airflow/dags/train_traffic_pred.py
[2025-07-22T05:48:58.387+0000] {logging_mixin.py:190} INFO - [2025-07-22T05:48:58.386+0000] {dag.py:3239} INFO - Sync 1 DAGs
[2025-07-22T05:48:58.405+0000] {logging_mixin.py:190} INFO - [2025-07-22T05:48:58.405+0000] {dag.py:4180} INFO - Setting next_dagrun for train_traffic_pred to 2025-07-22 00:00:00+00:00, run_after=2025-07-23 00:00:00+00:00
[2025-07-22T05:48:58.421+0000] {processor.py:208} INFO - Processing /opt/airflow/dags/train_traffic_pred.py took 3.390 seconds
[2025-07-22T05:49:29.667+0000] {processor.py:186} INFO - Started process (PID=23903) to work on /opt/airflow/dags/train_traffic_pred.py
[2025-07-22T05:49:29.668+0000] {processor.py:914} INFO - Processing file /opt/airflow/dags/train_traffic_pred.py for tasks to queue
[2025-07-22T05:49:29.672+0000] {logging_mixin.py:190} INFO - [2025-07-22T05:49:29.671+0000] {dagbag.py:588} INFO - Filling up the DagBag from /opt/airflow/dags/train_traffic_pred.py
[2025-07-22T05:49:32.931+0000] {processor.py:925} INFO - DAG(s) 'train_traffic_pred' retrieved from /opt/airflow/dags/train_traffic_pred.py
[2025-07-22T05:49:32.951+0000] {logging_mixin.py:190} INFO - [2025-07-22T05:49:32.950+0000] {dag.py:3239} INFO - Sync 1 DAGs
[2025-07-22T05:49:32.967+0000] {logging_mixin.py:190} INFO - [2025-07-22T05:49:32.967+0000] {dag.py:4180} INFO - Setting next_dagrun for train_traffic_pred to 2025-07-22 00:00:00+00:00, run_after=2025-07-23 00:00:00+00:00
[2025-07-22T05:49:32.982+0000] {processor.py:208} INFO - Processing /opt/airflow/dags/train_traffic_pred.py took 3.323 seconds
[2025-07-22T05:50:04.968+0000] {processor.py:186} INFO - Started process (PID=24001) to work on /opt/airflow/dags/train_traffic_pred.py
[2025-07-22T05:50:04.969+0000] {processor.py:914} INFO - Processing file /opt/airflow/dags/train_traffic_pred.py for tasks to queue
[2025-07-22T05:50:04.972+0000] {logging_mixin.py:190} INFO - [2025-07-22T05:50:04.971+0000] {dagbag.py:588} INFO - Filling up the DagBag from /opt/airflow/dags/train_traffic_pred.py
[2025-07-22T05:50:08.336+0000] {processor.py:925} INFO - DAG(s) 'train_traffic_pred' retrieved from /opt/airflow/dags/train_traffic_pred.py
[2025-07-22T05:50:08.357+0000] {logging_mixin.py:190} INFO - [2025-07-22T05:50:08.356+0000] {dag.py:3239} INFO - Sync 1 DAGs
[2025-07-22T05:50:08.375+0000] {logging_mixin.py:190} INFO - [2025-07-22T05:50:08.375+0000] {dag.py:4180} INFO - Setting next_dagrun for train_traffic_pred to 2025-07-22 00:00:00+00:00, run_after=2025-07-23 00:00:00+00:00
[2025-07-22T05:50:08.390+0000] {processor.py:208} INFO - Processing /opt/airflow/dags/train_traffic_pred.py took 3.429 seconds
[2025-07-22T05:50:40.253+0000] {processor.py:186} INFO - Started process (PID=24099) to work on /opt/airflow/dags/train_traffic_pred.py
[2025-07-22T05:50:40.254+0000] {processor.py:914} INFO - Processing file /opt/airflow/dags/train_traffic_pred.py for tasks to queue
[2025-07-22T05:50:40.256+0000] {logging_mixin.py:190} INFO - [2025-07-22T05:50:40.256+0000] {dagbag.py:588} INFO - Filling up the DagBag from /opt/airflow/dags/train_traffic_pred.py
[2025-07-22T05:50:43.602+0000] {processor.py:925} INFO - DAG(s) 'train_traffic_pred' retrieved from /opt/airflow/dags/train_traffic_pred.py
[2025-07-22T05:50:43.622+0000] {logging_mixin.py:190} INFO - [2025-07-22T05:50:43.621+0000] {dag.py:3239} INFO - Sync 1 DAGs
[2025-07-22T05:50:43.639+0000] {logging_mixin.py:190} INFO - [2025-07-22T05:50:43.638+0000] {dag.py:4180} INFO - Setting next_dagrun for train_traffic_pred to 2025-07-22 00:00:00+00:00, run_after=2025-07-23 00:00:00+00:00
[2025-07-22T05:50:43.652+0000] {processor.py:208} INFO - Processing /opt/airflow/dags/train_traffic_pred.py took 3.408 seconds
[2025-07-22T05:51:14.768+0000] {processor.py:186} INFO - Started process (PID=24197) to work on /opt/airflow/dags/train_traffic_pred.py
[2025-07-22T05:51:14.769+0000] {processor.py:914} INFO - Processing file /opt/airflow/dags/train_traffic_pred.py for tasks to queue
[2025-07-22T05:51:14.772+0000] {logging_mixin.py:190} INFO - [2025-07-22T05:51:14.772+0000] {dagbag.py:588} INFO - Filling up the DagBag from /opt/airflow/dags/train_traffic_pred.py
[2025-07-22T05:51:18.069+0000] {processor.py:925} INFO - DAG(s) 'train_traffic_pred' retrieved from /opt/airflow/dags/train_traffic_pred.py
[2025-07-22T05:51:18.088+0000] {logging_mixin.py:190} INFO - [2025-07-22T05:51:18.088+0000] {dag.py:3239} INFO - Sync 1 DAGs
[2025-07-22T05:51:18.105+0000] {logging_mixin.py:190} INFO - [2025-07-22T05:51:18.105+0000] {dag.py:4180} INFO - Setting next_dagrun for train_traffic_pred to 2025-07-22 00:00:00+00:00, run_after=2025-07-23 00:00:00+00:00
[2025-07-22T05:51:18.120+0000] {processor.py:208} INFO - Processing /opt/airflow/dags/train_traffic_pred.py took 3.360 seconds
[2025-07-22T05:51:50.331+0000] {processor.py:186} INFO - Started process (PID=24295) to work on /opt/airflow/dags/train_traffic_pred.py
[2025-07-22T05:51:50.333+0000] {processor.py:914} INFO - Processing file /opt/airflow/dags/train_traffic_pred.py for tasks to queue
[2025-07-22T05:51:50.336+0000] {logging_mixin.py:190} INFO - [2025-07-22T05:51:50.335+0000] {dagbag.py:588} INFO - Filling up the DagBag from /opt/airflow/dags/train_traffic_pred.py
[2025-07-22T05:51:53.854+0000] {processor.py:925} INFO - DAG(s) 'train_traffic_pred' retrieved from /opt/airflow/dags/train_traffic_pred.py
[2025-07-22T05:51:53.877+0000] {logging_mixin.py:190} INFO - [2025-07-22T05:51:53.876+0000] {dag.py:3239} INFO - Sync 1 DAGs
[2025-07-22T05:51:53.895+0000] {logging_mixin.py:190} INFO - [2025-07-22T05:51:53.895+0000] {dag.py:4180} INFO - Setting next_dagrun for train_traffic_pred to 2025-07-22 00:00:00+00:00, run_after=2025-07-23 00:00:00+00:00
[2025-07-22T05:51:53.910+0000] {processor.py:208} INFO - Processing /opt/airflow/dags/train_traffic_pred.py took 3.586 seconds
[2025-07-22T05:52:25.095+0000] {processor.py:186} INFO - Started process (PID=24399) to work on /opt/airflow/dags/train_traffic_pred.py
[2025-07-22T05:52:25.096+0000] {processor.py:914} INFO - Processing file /opt/airflow/dags/train_traffic_pred.py for tasks to queue
[2025-07-22T05:52:25.099+0000] {logging_mixin.py:190} INFO - [2025-07-22T05:52:25.099+0000] {dagbag.py:588} INFO - Filling up the DagBag from /opt/airflow/dags/train_traffic_pred.py
[2025-07-22T05:52:28.379+0000] {processor.py:925} INFO - DAG(s) 'train_traffic_pred' retrieved from /opt/airflow/dags/train_traffic_pred.py
[2025-07-22T05:52:28.399+0000] {logging_mixin.py:190} INFO - [2025-07-22T05:52:28.399+0000] {dag.py:3239} INFO - Sync 1 DAGs
[2025-07-22T05:52:28.416+0000] {logging_mixin.py:190} INFO - [2025-07-22T05:52:28.416+0000] {dag.py:4180} INFO - Setting next_dagrun for train_traffic_pred to 2025-07-22 00:00:00+00:00, run_after=2025-07-23 00:00:00+00:00
[2025-07-22T05:52:28.430+0000] {processor.py:208} INFO - Processing /opt/airflow/dags/train_traffic_pred.py took 3.343 seconds
[2025-07-22T05:53:00.083+0000] {processor.py:186} INFO - Started process (PID=24497) to work on /opt/airflow/dags/train_traffic_pred.py
[2025-07-22T05:53:00.085+0000] {processor.py:914} INFO - Processing file /opt/airflow/dags/train_traffic_pred.py for tasks to queue
[2025-07-22T05:53:00.087+0000] {logging_mixin.py:190} INFO - [2025-07-22T05:53:00.087+0000] {dagbag.py:588} INFO - Filling up the DagBag from /opt/airflow/dags/train_traffic_pred.py
[2025-07-22T05:53:03.402+0000] {processor.py:925} INFO - DAG(s) 'train_traffic_pred' retrieved from /opt/airflow/dags/train_traffic_pred.py
[2025-07-22T05:53:03.423+0000] {logging_mixin.py:190} INFO - [2025-07-22T05:53:03.423+0000] {dag.py:3239} INFO - Sync 1 DAGs
[2025-07-22T05:53:03.441+0000] {logging_mixin.py:190} INFO - [2025-07-22T05:53:03.441+0000] {dag.py:4180} INFO - Setting next_dagrun for train_traffic_pred to 2025-07-22 00:00:00+00:00, run_after=2025-07-23 00:00:00+00:00
[2025-07-22T05:53:03.456+0000] {processor.py:208} INFO - Processing /opt/airflow/dags/train_traffic_pred.py took 3.379 seconds
[2025-07-22T05:53:35.460+0000] {processor.py:186} INFO - Started process (PID=24595) to work on /opt/airflow/dags/train_traffic_pred.py
[2025-07-22T05:53:35.462+0000] {processor.py:914} INFO - Processing file /opt/airflow/dags/train_traffic_pred.py for tasks to queue
[2025-07-22T05:53:35.465+0000] {logging_mixin.py:190} INFO - [2025-07-22T05:53:35.464+0000] {dagbag.py:588} INFO - Filling up the DagBag from /opt/airflow/dags/train_traffic_pred.py
[2025-07-22T05:53:38.814+0000] {processor.py:925} INFO - DAG(s) 'train_traffic_pred' retrieved from /opt/airflow/dags/train_traffic_pred.py
[2025-07-22T05:53:38.835+0000] {logging_mixin.py:190} INFO - [2025-07-22T05:53:38.833+0000] {dag.py:3239} INFO - Sync 1 DAGs
[2025-07-22T05:53:38.854+0000] {logging_mixin.py:190} INFO - [2025-07-22T05:53:38.854+0000] {dag.py:4180} INFO - Setting next_dagrun for train_traffic_pred to 2025-07-22 00:00:00+00:00, run_after=2025-07-23 00:00:00+00:00
[2025-07-22T05:53:38.869+0000] {processor.py:208} INFO - Processing /opt/airflow/dags/train_traffic_pred.py took 3.416 seconds
[2025-07-22T05:54:10.084+0000] {processor.py:186} INFO - Started process (PID=24693) to work on /opt/airflow/dags/train_traffic_pred.py
[2025-07-22T05:54:10.085+0000] {processor.py:914} INFO - Processing file /opt/airflow/dags/train_traffic_pred.py for tasks to queue
[2025-07-22T05:54:10.088+0000] {logging_mixin.py:190} INFO - [2025-07-22T05:54:10.087+0000] {dagbag.py:588} INFO - Filling up the DagBag from /opt/airflow/dags/train_traffic_pred.py
[2025-07-22T05:54:13.278+0000] {processor.py:925} INFO - DAG(s) 'train_traffic_pred' retrieved from /opt/airflow/dags/train_traffic_pred.py
[2025-07-22T05:54:13.297+0000] {logging_mixin.py:190} INFO - [2025-07-22T05:54:13.297+0000] {dag.py:3239} INFO - Sync 1 DAGs
[2025-07-22T05:54:13.315+0000] {logging_mixin.py:190} INFO - [2025-07-22T05:54:13.315+0000] {dag.py:4180} INFO - Setting next_dagrun for train_traffic_pred to 2025-07-22 00:00:00+00:00, run_after=2025-07-23 00:00:00+00:00
[2025-07-22T05:54:13.329+0000] {processor.py:208} INFO - Processing /opt/airflow/dags/train_traffic_pred.py took 3.250 seconds
[2025-07-22T05:54:45.574+0000] {processor.py:186} INFO - Started process (PID=24791) to work on /opt/airflow/dags/train_traffic_pred.py
[2025-07-22T05:54:45.575+0000] {processor.py:914} INFO - Processing file /opt/airflow/dags/train_traffic_pred.py for tasks to queue
[2025-07-22T05:54:45.579+0000] {logging_mixin.py:190} INFO - [2025-07-22T05:54:45.578+0000] {dagbag.py:588} INFO - Filling up the DagBag from /opt/airflow/dags/train_traffic_pred.py
[2025-07-22T05:54:48.899+0000] {processor.py:925} INFO - DAG(s) 'train_traffic_pred' retrieved from /opt/airflow/dags/train_traffic_pred.py
[2025-07-22T05:54:48.925+0000] {logging_mixin.py:190} INFO - [2025-07-22T05:54:48.924+0000] {dag.py:3239} INFO - Sync 1 DAGs
[2025-07-22T05:54:48.949+0000] {logging_mixin.py:190} INFO - [2025-07-22T05:54:48.949+0000] {dag.py:4180} INFO - Setting next_dagrun for train_traffic_pred to 2025-07-22 00:00:00+00:00, run_after=2025-07-23 00:00:00+00:00
[2025-07-22T05:54:48.972+0000] {processor.py:208} INFO - Processing /opt/airflow/dags/train_traffic_pred.py took 3.405 seconds
[2025-07-22T05:55:20.006+0000] {processor.py:186} INFO - Started process (PID=24889) to work on /opt/airflow/dags/train_traffic_pred.py
[2025-07-22T05:55:20.007+0000] {processor.py:914} INFO - Processing file /opt/airflow/dags/train_traffic_pred.py for tasks to queue
[2025-07-22T05:55:20.011+0000] {logging_mixin.py:190} INFO - [2025-07-22T05:55:20.010+0000] {dagbag.py:588} INFO - Filling up the DagBag from /opt/airflow/dags/train_traffic_pred.py
[2025-07-22T05:55:23.515+0000] {processor.py:925} INFO - DAG(s) 'train_traffic_pred' retrieved from /opt/airflow/dags/train_traffic_pred.py
[2025-07-22T05:55:23.539+0000] {logging_mixin.py:190} INFO - [2025-07-22T05:55:23.538+0000] {dag.py:3239} INFO - Sync 1 DAGs
[2025-07-22T05:55:23.563+0000] {logging_mixin.py:190} INFO - [2025-07-22T05:55:23.562+0000] {dag.py:4180} INFO - Setting next_dagrun for train_traffic_pred to 2025-07-22 00:00:00+00:00, run_after=2025-07-23 00:00:00+00:00
[2025-07-22T05:55:23.580+0000] {processor.py:208} INFO - Processing /opt/airflow/dags/train_traffic_pred.py took 3.582 seconds
[2025-07-22T05:55:54.859+0000] {processor.py:186} INFO - Started process (PID=24993) to work on /opt/airflow/dags/train_traffic_pred.py
[2025-07-22T05:55:54.860+0000] {processor.py:914} INFO - Processing file /opt/airflow/dags/train_traffic_pred.py for tasks to queue
[2025-07-22T05:55:54.864+0000] {logging_mixin.py:190} INFO - [2025-07-22T05:55:54.863+0000] {dagbag.py:588} INFO - Filling up the DagBag from /opt/airflow/dags/train_traffic_pred.py
[2025-07-22T05:55:58.397+0000] {processor.py:925} INFO - DAG(s) 'train_traffic_pred' retrieved from /opt/airflow/dags/train_traffic_pred.py
[2025-07-22T05:55:58.422+0000] {logging_mixin.py:190} INFO - [2025-07-22T05:55:58.421+0000] {dag.py:3239} INFO - Sync 1 DAGs
[2025-07-22T05:55:58.443+0000] {logging_mixin.py:190} INFO - [2025-07-22T05:55:58.443+0000] {dag.py:4180} INFO - Setting next_dagrun for train_traffic_pred to 2025-07-22 00:00:00+00:00, run_after=2025-07-23 00:00:00+00:00
[2025-07-22T05:55:58.461+0000] {processor.py:208} INFO - Processing /opt/airflow/dags/train_traffic_pred.py took 3.612 seconds
[2025-07-22T05:56:29.529+0000] {processor.py:186} INFO - Started process (PID=25091) to work on /opt/airflow/dags/train_traffic_pred.py
[2025-07-22T05:56:29.531+0000] {processor.py:914} INFO - Processing file /opt/airflow/dags/train_traffic_pred.py for tasks to queue
[2025-07-22T05:56:29.534+0000] {logging_mixin.py:190} INFO - [2025-07-22T05:56:29.534+0000] {dagbag.py:588} INFO - Filling up the DagBag from /opt/airflow/dags/train_traffic_pred.py
[2025-07-22T05:56:32.978+0000] {processor.py:925} INFO - DAG(s) 'train_traffic_pred' retrieved from /opt/airflow/dags/train_traffic_pred.py
[2025-07-22T05:56:33.000+0000] {logging_mixin.py:190} INFO - [2025-07-22T05:56:32.999+0000] {dag.py:3239} INFO - Sync 1 DAGs
[2025-07-22T05:56:33.021+0000] {logging_mixin.py:190} INFO - [2025-07-22T05:56:33.020+0000] {dag.py:4180} INFO - Setting next_dagrun for train_traffic_pred to 2025-07-22 00:00:00+00:00, run_after=2025-07-23 00:00:00+00:00
[2025-07-22T05:56:33.037+0000] {processor.py:208} INFO - Processing /opt/airflow/dags/train_traffic_pred.py took 3.514 seconds
[2025-07-22T05:57:04.224+0000] {processor.py:186} INFO - Started process (PID=25189) to work on /opt/airflow/dags/train_traffic_pred.py
[2025-07-22T05:57:04.226+0000] {processor.py:914} INFO - Processing file /opt/airflow/dags/train_traffic_pred.py for tasks to queue
[2025-07-22T05:57:04.228+0000] {logging_mixin.py:190} INFO - [2025-07-22T05:57:04.228+0000] {dagbag.py:588} INFO - Filling up the DagBag from /opt/airflow/dags/train_traffic_pred.py
[2025-07-22T05:57:07.651+0000] {processor.py:925} INFO - DAG(s) 'train_traffic_pred' retrieved from /opt/airflow/dags/train_traffic_pred.py
[2025-07-22T05:57:07.673+0000] {logging_mixin.py:190} INFO - [2025-07-22T05:57:07.673+0000] {dag.py:3239} INFO - Sync 1 DAGs
[2025-07-22T05:57:07.692+0000] {logging_mixin.py:190} INFO - [2025-07-22T05:57:07.692+0000] {dag.py:4180} INFO - Setting next_dagrun for train_traffic_pred to 2025-07-22 00:00:00+00:00, run_after=2025-07-23 00:00:00+00:00
[2025-07-22T05:57:07.709+0000] {processor.py:208} INFO - Processing /opt/airflow/dags/train_traffic_pred.py took 3.493 seconds
[2025-07-22T05:57:39.669+0000] {processor.py:186} INFO - Started process (PID=25288) to work on /opt/airflow/dags/train_traffic_pred.py
[2025-07-22T05:57:39.670+0000] {processor.py:914} INFO - Processing file /opt/airflow/dags/train_traffic_pred.py for tasks to queue
[2025-07-22T05:57:39.673+0000] {logging_mixin.py:190} INFO - [2025-07-22T05:57:39.673+0000] {dagbag.py:588} INFO - Filling up the DagBag from /opt/airflow/dags/train_traffic_pred.py
[2025-07-22T05:57:42.992+0000] {processor.py:925} INFO - DAG(s) 'train_traffic_pred' retrieved from /opt/airflow/dags/train_traffic_pred.py
[2025-07-22T05:57:43.013+0000] {logging_mixin.py:190} INFO - [2025-07-22T05:57:43.012+0000] {dag.py:3239} INFO - Sync 1 DAGs
[2025-07-22T05:57:43.032+0000] {logging_mixin.py:190} INFO - [2025-07-22T05:57:43.032+0000] {dag.py:4180} INFO - Setting next_dagrun for train_traffic_pred to 2025-07-22 00:00:00+00:00, run_after=2025-07-23 00:00:00+00:00
[2025-07-22T05:57:43.046+0000] {processor.py:208} INFO - Processing /opt/airflow/dags/train_traffic_pred.py took 3.384 seconds
[2025-07-22T05:58:14.169+0000] {processor.py:186} INFO - Started process (PID=25385) to work on /opt/airflow/dags/train_traffic_pred.py
[2025-07-22T05:58:14.170+0000] {processor.py:914} INFO - Processing file /opt/airflow/dags/train_traffic_pred.py for tasks to queue
[2025-07-22T05:58:14.173+0000] {logging_mixin.py:190} INFO - [2025-07-22T05:58:14.173+0000] {dagbag.py:588} INFO - Filling up the DagBag from /opt/airflow/dags/train_traffic_pred.py
[2025-07-22T05:58:17.482+0000] {processor.py:925} INFO - DAG(s) 'train_traffic_pred' retrieved from /opt/airflow/dags/train_traffic_pred.py
[2025-07-22T05:58:17.508+0000] {logging_mixin.py:190} INFO - [2025-07-22T05:58:17.508+0000] {dag.py:3239} INFO - Sync 1 DAGs
[2025-07-22T05:58:17.533+0000] {logging_mixin.py:190} INFO - [2025-07-22T05:58:17.532+0000] {dag.py:4180} INFO - Setting next_dagrun for train_traffic_pred to 2025-07-22 00:00:00+00:00, run_after=2025-07-23 00:00:00+00:00
[2025-07-22T05:58:17.552+0000] {processor.py:208} INFO - Processing /opt/airflow/dags/train_traffic_pred.py took 3.390 seconds
[2025-07-22T05:58:48.776+0000] {processor.py:186} INFO - Started process (PID=25483) to work on /opt/airflow/dags/train_traffic_pred.py
[2025-07-22T05:58:48.778+0000] {processor.py:914} INFO - Processing file /opt/airflow/dags/train_traffic_pred.py for tasks to queue
[2025-07-22T05:58:48.780+0000] {logging_mixin.py:190} INFO - [2025-07-22T05:58:48.780+0000] {dagbag.py:588} INFO - Filling up the DagBag from /opt/airflow/dags/train_traffic_pred.py
[2025-07-22T05:58:52.230+0000] {processor.py:925} INFO - DAG(s) 'train_traffic_pred' retrieved from /opt/airflow/dags/train_traffic_pred.py
[2025-07-22T05:58:52.250+0000] {logging_mixin.py:190} INFO - [2025-07-22T05:58:52.249+0000] {dag.py:3239} INFO - Sync 1 DAGs
[2025-07-22T05:58:52.269+0000] {logging_mixin.py:190} INFO - [2025-07-22T05:58:52.269+0000] {dag.py:4180} INFO - Setting next_dagrun for train_traffic_pred to 2025-07-22 00:00:00+00:00, run_after=2025-07-23 00:00:00+00:00
[2025-07-22T05:58:52.283+0000] {processor.py:208} INFO - Processing /opt/airflow/dags/train_traffic_pred.py took 3.514 seconds
[2025-07-22T05:59:24.124+0000] {processor.py:186} INFO - Started process (PID=25587) to work on /opt/airflow/dags/train_traffic_pred.py
[2025-07-22T05:59:24.126+0000] {processor.py:914} INFO - Processing file /opt/airflow/dags/train_traffic_pred.py for tasks to queue
[2025-07-22T05:59:24.128+0000] {logging_mixin.py:190} INFO - [2025-07-22T05:59:24.128+0000] {dagbag.py:588} INFO - Filling up the DagBag from /opt/airflow/dags/train_traffic_pred.py
[2025-07-22T05:59:27.663+0000] {processor.py:925} INFO - DAG(s) 'train_traffic_pred' retrieved from /opt/airflow/dags/train_traffic_pred.py
[2025-07-22T05:59:27.685+0000] {logging_mixin.py:190} INFO - [2025-07-22T05:59:27.684+0000] {dag.py:3239} INFO - Sync 1 DAGs
[2025-07-22T05:59:27.705+0000] {logging_mixin.py:190} INFO - [2025-07-22T05:59:27.705+0000] {dag.py:4180} INFO - Setting next_dagrun for train_traffic_pred to 2025-07-22 00:00:00+00:00, run_after=2025-07-23 00:00:00+00:00
[2025-07-22T05:59:27.720+0000] {processor.py:208} INFO - Processing /opt/airflow/dags/train_traffic_pred.py took 3.603 seconds
[2025-07-22T05:59:59.682+0000] {processor.py:186} INFO - Started process (PID=25686) to work on /opt/airflow/dags/train_traffic_pred.py
[2025-07-22T05:59:59.684+0000] {processor.py:914} INFO - Processing file /opt/airflow/dags/train_traffic_pred.py for tasks to queue
[2025-07-22T05:59:59.687+0000] {logging_mixin.py:190} INFO - [2025-07-22T05:59:59.687+0000] {dagbag.py:588} INFO - Filling up the DagBag from /opt/airflow/dags/train_traffic_pred.py
[2025-07-22T06:00:02.993+0000] {processor.py:925} INFO - DAG(s) 'train_traffic_pred' retrieved from /opt/airflow/dags/train_traffic_pred.py
[2025-07-22T06:00:03.015+0000] {logging_mixin.py:190} INFO - [2025-07-22T06:00:03.014+0000] {dag.py:3239} INFO - Sync 1 DAGs
[2025-07-22T06:00:03.033+0000] {logging_mixin.py:190} INFO - [2025-07-22T06:00:03.033+0000] {dag.py:4180} INFO - Setting next_dagrun for train_traffic_pred to 2025-07-22 00:00:00+00:00, run_after=2025-07-23 00:00:00+00:00
[2025-07-22T06:00:03.048+0000] {processor.py:208} INFO - Processing /opt/airflow/dags/train_traffic_pred.py took 3.373 seconds
[2025-07-22T06:00:34.808+0000] {processor.py:186} INFO - Started process (PID=25784) to work on /opt/airflow/dags/train_traffic_pred.py
[2025-07-22T06:00:34.809+0000] {processor.py:914} INFO - Processing file /opt/airflow/dags/train_traffic_pred.py for tasks to queue
[2025-07-22T06:00:34.812+0000] {logging_mixin.py:190} INFO - [2025-07-22T06:00:34.811+0000] {dagbag.py:588} INFO - Filling up the DagBag from /opt/airflow/dags/train_traffic_pred.py
[2025-07-22T06:00:38.305+0000] {processor.py:925} INFO - DAG(s) 'train_traffic_pred' retrieved from /opt/airflow/dags/train_traffic_pred.py
[2025-07-22T06:00:38.328+0000] {logging_mixin.py:190} INFO - [2025-07-22T06:00:38.327+0000] {dag.py:3239} INFO - Sync 1 DAGs
[2025-07-22T06:00:38.348+0000] {logging_mixin.py:190} INFO - [2025-07-22T06:00:38.348+0000] {dag.py:4180} INFO - Setting next_dagrun for train_traffic_pred to 2025-07-22 00:00:00+00:00, run_after=2025-07-23 00:00:00+00:00
[2025-07-22T06:00:38.365+0000] {processor.py:208} INFO - Processing /opt/airflow/dags/train_traffic_pred.py took 3.564 seconds
[2025-07-22T06:01:10.300+0000] {processor.py:186} INFO - Started process (PID=25885) to work on /opt/airflow/dags/train_traffic_pred.py
[2025-07-22T06:01:10.301+0000] {processor.py:914} INFO - Processing file /opt/airflow/dags/train_traffic_pred.py for tasks to queue
[2025-07-22T06:01:10.303+0000] {logging_mixin.py:190} INFO - [2025-07-22T06:01:10.303+0000] {dagbag.py:588} INFO - Filling up the DagBag from /opt/airflow/dags/train_traffic_pred.py
[2025-07-22T06:01:13.453+0000] {processor.py:925} INFO - DAG(s) 'train_traffic_pred' retrieved from /opt/airflow/dags/train_traffic_pred.py
[2025-07-22T06:01:13.472+0000] {logging_mixin.py:190} INFO - [2025-07-22T06:01:13.472+0000] {dag.py:3239} INFO - Sync 1 DAGs
[2025-07-22T06:01:13.491+0000] {logging_mixin.py:190} INFO - [2025-07-22T06:01:13.491+0000] {dag.py:4180} INFO - Setting next_dagrun for train_traffic_pred to 2025-07-22 00:00:00+00:00, run_after=2025-07-23 00:00:00+00:00
[2025-07-22T06:01:13.508+0000] {processor.py:208} INFO - Processing /opt/airflow/dags/train_traffic_pred.py took 3.214 seconds
[2025-07-22T06:01:45.004+0000] {processor.py:186} INFO - Started process (PID=25983) to work on /opt/airflow/dags/train_traffic_pred.py
[2025-07-22T06:01:45.005+0000] {processor.py:914} INFO - Processing file /opt/airflow/dags/train_traffic_pred.py for tasks to queue
[2025-07-22T06:01:45.007+0000] {logging_mixin.py:190} INFO - [2025-07-22T06:01:45.007+0000] {dagbag.py:588} INFO - Filling up the DagBag from /opt/airflow/dags/train_traffic_pred.py
[2025-07-22T06:01:48.540+0000] {processor.py:925} INFO - DAG(s) 'train_traffic_pred' retrieved from /opt/airflow/dags/train_traffic_pred.py
[2025-07-22T06:01:48.562+0000] {logging_mixin.py:190} INFO - [2025-07-22T06:01:48.561+0000] {dag.py:3239} INFO - Sync 1 DAGs
[2025-07-22T06:01:48.583+0000] {logging_mixin.py:190} INFO - [2025-07-22T06:01:48.583+0000] {dag.py:4180} INFO - Setting next_dagrun for train_traffic_pred to 2025-07-22 00:00:00+00:00, run_after=2025-07-23 00:00:00+00:00
[2025-07-22T06:01:48.599+0000] {processor.py:208} INFO - Processing /opt/airflow/dags/train_traffic_pred.py took 3.602 seconds
[2025-07-22T06:02:20.018+0000] {processor.py:186} INFO - Started process (PID=26081) to work on /opt/airflow/dags/train_traffic_pred.py
[2025-07-22T06:02:20.019+0000] {processor.py:914} INFO - Processing file /opt/airflow/dags/train_traffic_pred.py for tasks to queue
[2025-07-22T06:02:20.021+0000] {logging_mixin.py:190} INFO - [2025-07-22T06:02:20.021+0000] {dagbag.py:588} INFO - Filling up the DagBag from /opt/airflow/dags/train_traffic_pred.py
[2025-07-22T06:02:23.477+0000] {processor.py:925} INFO - DAG(s) 'train_traffic_pred' retrieved from /opt/airflow/dags/train_traffic_pred.py
[2025-07-22T06:02:23.500+0000] {logging_mixin.py:190} INFO - [2025-07-22T06:02:23.500+0000] {dag.py:3239} INFO - Sync 1 DAGs
[2025-07-22T06:02:23.520+0000] {logging_mixin.py:190} INFO - [2025-07-22T06:02:23.520+0000] {dag.py:4180} INFO - Setting next_dagrun for train_traffic_pred to 2025-07-22 00:00:00+00:00, run_after=2025-07-23 00:00:00+00:00
[2025-07-22T06:02:23.537+0000] {processor.py:208} INFO - Processing /opt/airflow/dags/train_traffic_pred.py took 3.526 seconds
[2025-07-22T06:02:54.790+0000] {processor.py:186} INFO - Started process (PID=26185) to work on /opt/airflow/dags/train_traffic_pred.py
[2025-07-22T06:02:54.791+0000] {processor.py:914} INFO - Processing file /opt/airflow/dags/train_traffic_pred.py for tasks to queue
[2025-07-22T06:02:54.794+0000] {logging_mixin.py:190} INFO - [2025-07-22T06:02:54.794+0000] {dagbag.py:588} INFO - Filling up the DagBag from /opt/airflow/dags/train_traffic_pred.py
[2025-07-22T06:02:58.121+0000] {processor.py:925} INFO - DAG(s) 'train_traffic_pred' retrieved from /opt/airflow/dags/train_traffic_pred.py
[2025-07-22T06:02:58.142+0000] {logging_mixin.py:190} INFO - [2025-07-22T06:02:58.142+0000] {dag.py:3239} INFO - Sync 1 DAGs
[2025-07-22T06:02:58.163+0000] {logging_mixin.py:190} INFO - [2025-07-22T06:02:58.163+0000] {dag.py:4180} INFO - Setting next_dagrun for train_traffic_pred to 2025-07-22 00:00:00+00:00, run_after=2025-07-23 00:00:00+00:00
[2025-07-22T06:02:58.179+0000] {processor.py:208} INFO - Processing /opt/airflow/dags/train_traffic_pred.py took 3.396 seconds
[2025-07-22T06:03:30.108+0000] {processor.py:186} INFO - Started process (PID=26283) to work on /opt/airflow/dags/train_traffic_pred.py
[2025-07-22T06:03:30.109+0000] {processor.py:914} INFO - Processing file /opt/airflow/dags/train_traffic_pred.py for tasks to queue
[2025-07-22T06:03:30.112+0000] {logging_mixin.py:190} INFO - [2025-07-22T06:03:30.112+0000] {dagbag.py:588} INFO - Filling up the DagBag from /opt/airflow/dags/train_traffic_pred.py
[2025-07-22T06:03:33.290+0000] {processor.py:925} INFO - DAG(s) 'train_traffic_pred' retrieved from /opt/airflow/dags/train_traffic_pred.py
[2025-07-22T06:03:33.314+0000] {logging_mixin.py:190} INFO - [2025-07-22T06:03:33.313+0000] {dag.py:3239} INFO - Sync 1 DAGs
[2025-07-22T06:03:33.332+0000] {logging_mixin.py:190} INFO - [2025-07-22T06:03:33.332+0000] {dag.py:4180} INFO - Setting next_dagrun for train_traffic_pred to 2025-07-22 00:00:00+00:00, run_after=2025-07-23 00:00:00+00:00
[2025-07-22T06:03:33.349+0000] {processor.py:208} INFO - Processing /opt/airflow/dags/train_traffic_pred.py took 3.248 seconds
[2025-07-22T06:04:04.537+0000] {processor.py:186} INFO - Started process (PID=26379) to work on /opt/airflow/dags/train_traffic_pred.py
[2025-07-22T06:04:04.538+0000] {processor.py:914} INFO - Processing file /opt/airflow/dags/train_traffic_pred.py for tasks to queue
[2025-07-22T06:04:04.541+0000] {logging_mixin.py:190} INFO - [2025-07-22T06:04:04.541+0000] {dagbag.py:588} INFO - Filling up the DagBag from /opt/airflow/dags/train_traffic_pred.py
[2025-07-22T06:04:07.635+0000] {processor.py:925} INFO - DAG(s) 'train_traffic_pred' retrieved from /opt/airflow/dags/train_traffic_pred.py
[2025-07-22T06:04:07.654+0000] {logging_mixin.py:190} INFO - [2025-07-22T06:04:07.654+0000] {dag.py:3239} INFO - Sync 1 DAGs
[2025-07-22T06:04:07.673+0000] {logging_mixin.py:190} INFO - [2025-07-22T06:04:07.672+0000] {dag.py:4180} INFO - Setting next_dagrun for train_traffic_pred to 2025-07-22 00:00:00+00:00, run_after=2025-07-23 00:00:00+00:00
[2025-07-22T06:04:07.688+0000] {processor.py:208} INFO - Processing /opt/airflow/dags/train_traffic_pred.py took 3.158 seconds
[2025-07-22T06:04:39.734+0000] {processor.py:186} INFO - Started process (PID=26479) to work on /opt/airflow/dags/train_traffic_pred.py
[2025-07-22T06:04:39.736+0000] {processor.py:914} INFO - Processing file /opt/airflow/dags/train_traffic_pred.py for tasks to queue
[2025-07-22T06:04:39.739+0000] {logging_mixin.py:190} INFO - [2025-07-22T06:04:39.738+0000] {dagbag.py:588} INFO - Filling up the DagBag from /opt/airflow/dags/train_traffic_pred.py
[2025-07-22T06:04:42.849+0000] {processor.py:925} INFO - DAG(s) 'train_traffic_pred' retrieved from /opt/airflow/dags/train_traffic_pred.py
[2025-07-22T06:04:42.871+0000] {logging_mixin.py:190} INFO - [2025-07-22T06:04:42.871+0000] {dag.py:3239} INFO - Sync 1 DAGs
[2025-07-22T06:04:42.890+0000] {logging_mixin.py:190} INFO - [2025-07-22T06:04:42.890+0000] {dag.py:4180} INFO - Setting next_dagrun for train_traffic_pred to 2025-07-22 00:00:00+00:00, run_after=2025-07-23 00:00:00+00:00
[2025-07-22T06:04:42.905+0000] {processor.py:208} INFO - Processing /opt/airflow/dags/train_traffic_pred.py took 3.177 seconds
[2025-07-22T06:05:14.625+0000] {processor.py:186} INFO - Started process (PID=26577) to work on /opt/airflow/dags/train_traffic_pred.py
[2025-07-22T06:05:14.626+0000] {processor.py:914} INFO - Processing file /opt/airflow/dags/train_traffic_pred.py for tasks to queue
[2025-07-22T06:05:14.629+0000] {logging_mixin.py:190} INFO - [2025-07-22T06:05:14.628+0000] {dagbag.py:588} INFO - Filling up the DagBag from /opt/airflow/dags/train_traffic_pred.py
[2025-07-22T06:05:17.823+0000] {processor.py:925} INFO - DAG(s) 'train_traffic_pred' retrieved from /opt/airflow/dags/train_traffic_pred.py
[2025-07-22T06:05:17.844+0000] {logging_mixin.py:190} INFO - [2025-07-22T06:05:17.843+0000] {dag.py:3239} INFO - Sync 1 DAGs
[2025-07-22T06:05:17.862+0000] {logging_mixin.py:190} INFO - [2025-07-22T06:05:17.862+0000] {dag.py:4180} INFO - Setting next_dagrun for train_traffic_pred to 2025-07-22 00:00:00+00:00, run_after=2025-07-23 00:00:00+00:00
[2025-07-22T06:05:17.878+0000] {processor.py:208} INFO - Processing /opt/airflow/dags/train_traffic_pred.py took 3.260 seconds
[2025-07-22T06:05:49.735+0000] {processor.py:186} INFO - Started process (PID=26675) to work on /opt/airflow/dags/train_traffic_pred.py
[2025-07-22T06:05:49.736+0000] {processor.py:914} INFO - Processing file /opt/airflow/dags/train_traffic_pred.py for tasks to queue
[2025-07-22T06:05:49.739+0000] {logging_mixin.py:190} INFO - [2025-07-22T06:05:49.739+0000] {dagbag.py:588} INFO - Filling up the DagBag from /opt/airflow/dags/train_traffic_pred.py
[2025-07-22T06:05:53.004+0000] {processor.py:925} INFO - DAG(s) 'train_traffic_pred' retrieved from /opt/airflow/dags/train_traffic_pred.py
[2025-07-22T06:05:53.026+0000] {logging_mixin.py:190} INFO - [2025-07-22T06:05:53.026+0000] {dag.py:3239} INFO - Sync 1 DAGs
[2025-07-22T06:05:53.046+0000] {logging_mixin.py:190} INFO - [2025-07-22T06:05:53.045+0000] {dag.py:4180} INFO - Setting next_dagrun for train_traffic_pred to 2025-07-22 00:00:00+00:00, run_after=2025-07-23 00:00:00+00:00
[2025-07-22T06:05:53.062+0000] {processor.py:208} INFO - Processing /opt/airflow/dags/train_traffic_pred.py took 3.332 seconds
[2025-07-22T06:06:24.124+0000] {processor.py:186} INFO - Started process (PID=26773) to work on /opt/airflow/dags/train_traffic_pred.py
[2025-07-22T06:06:24.125+0000] {processor.py:914} INFO - Processing file /opt/airflow/dags/train_traffic_pred.py for tasks to queue
[2025-07-22T06:06:24.128+0000] {logging_mixin.py:190} INFO - [2025-07-22T06:06:24.127+0000] {dagbag.py:588} INFO - Filling up the DagBag from /opt/airflow/dags/train_traffic_pred.py
[2025-07-22T06:06:27.307+0000] {processor.py:925} INFO - DAG(s) 'train_traffic_pred' retrieved from /opt/airflow/dags/train_traffic_pred.py
[2025-07-22T06:06:27.330+0000] {logging_mixin.py:190} INFO - [2025-07-22T06:06:27.329+0000] {dag.py:3239} INFO - Sync 1 DAGs
[2025-07-22T06:06:27.349+0000] {logging_mixin.py:190} INFO - [2025-07-22T06:06:27.348+0000] {dag.py:4180} INFO - Setting next_dagrun for train_traffic_pred to 2025-07-22 00:00:00+00:00, run_after=2025-07-23 00:00:00+00:00
[2025-07-22T06:06:27.363+0000] {processor.py:208} INFO - Processing /opt/airflow/dags/train_traffic_pred.py took 3.245 seconds
[2025-07-22T06:06:59.071+0000] {processor.py:186} INFO - Started process (PID=26877) to work on /opt/airflow/dags/train_traffic_pred.py
[2025-07-22T06:06:59.072+0000] {processor.py:914} INFO - Processing file /opt/airflow/dags/train_traffic_pred.py for tasks to queue
[2025-07-22T06:06:59.075+0000] {logging_mixin.py:190} INFO - [2025-07-22T06:06:59.074+0000] {dagbag.py:588} INFO - Filling up the DagBag from /opt/airflow/dags/train_traffic_pred.py
[2025-07-22T06:07:02.227+0000] {processor.py:925} INFO - DAG(s) 'train_traffic_pred' retrieved from /opt/airflow/dags/train_traffic_pred.py
[2025-07-22T06:07:02.248+0000] {logging_mixin.py:190} INFO - [2025-07-22T06:07:02.247+0000] {dag.py:3239} INFO - Sync 1 DAGs
[2025-07-22T06:07:02.266+0000] {logging_mixin.py:190} INFO - [2025-07-22T06:07:02.266+0000] {dag.py:4180} INFO - Setting next_dagrun for train_traffic_pred to 2025-07-22 00:00:00+00:00, run_after=2025-07-23 00:00:00+00:00
[2025-07-22T06:07:02.281+0000] {processor.py:208} INFO - Processing /opt/airflow/dags/train_traffic_pred.py took 3.216 seconds
[2025-07-22T06:07:34.151+0000] {processor.py:186} INFO - Started process (PID=26975) to work on /opt/airflow/dags/train_traffic_pred.py
[2025-07-22T06:07:34.152+0000] {processor.py:914} INFO - Processing file /opt/airflow/dags/train_traffic_pred.py for tasks to queue
[2025-07-22T06:07:34.154+0000] {logging_mixin.py:190} INFO - [2025-07-22T06:07:34.154+0000] {dagbag.py:588} INFO - Filling up the DagBag from /opt/airflow/dags/train_traffic_pred.py
[2025-07-22T06:07:37.283+0000] {processor.py:925} INFO - DAG(s) 'train_traffic_pred' retrieved from /opt/airflow/dags/train_traffic_pred.py
[2025-07-22T06:07:37.306+0000] {logging_mixin.py:190} INFO - [2025-07-22T06:07:37.305+0000] {dag.py:3239} INFO - Sync 1 DAGs
[2025-07-22T06:07:37.325+0000] {logging_mixin.py:190} INFO - [2025-07-22T06:07:37.324+0000] {dag.py:4180} INFO - Setting next_dagrun for train_traffic_pred to 2025-07-22 00:00:00+00:00, run_after=2025-07-23 00:00:00+00:00
[2025-07-22T06:07:37.339+0000] {processor.py:208} INFO - Processing /opt/airflow/dags/train_traffic_pred.py took 3.194 seconds
[2025-07-22T06:08:09.056+0000] {processor.py:186} INFO - Started process (PID=27073) to work on /opt/airflow/dags/train_traffic_pred.py
[2025-07-22T06:08:09.058+0000] {processor.py:914} INFO - Processing file /opt/airflow/dags/train_traffic_pred.py for tasks to queue
[2025-07-22T06:08:09.061+0000] {logging_mixin.py:190} INFO - [2025-07-22T06:08:09.060+0000] {dagbag.py:588} INFO - Filling up the DagBag from /opt/airflow/dags/train_traffic_pred.py
[2025-07-22T06:08:12.319+0000] {processor.py:925} INFO - DAG(s) 'train_traffic_pred' retrieved from /opt/airflow/dags/train_traffic_pred.py
[2025-07-22T06:08:12.340+0000] {logging_mixin.py:190} INFO - [2025-07-22T06:08:12.339+0000] {dag.py:3239} INFO - Sync 1 DAGs
[2025-07-22T06:08:12.358+0000] {logging_mixin.py:190} INFO - [2025-07-22T06:08:12.358+0000] {dag.py:4180} INFO - Setting next_dagrun for train_traffic_pred to 2025-07-22 00:00:00+00:00, run_after=2025-07-23 00:00:00+00:00
[2025-07-22T06:08:12.373+0000] {processor.py:208} INFO - Processing /opt/airflow/dags/train_traffic_pred.py took 3.324 seconds
[2025-07-22T06:08:44.264+0000] {processor.py:186} INFO - Started process (PID=27171) to work on /opt/airflow/dags/train_traffic_pred.py
[2025-07-22T06:08:44.265+0000] {processor.py:914} INFO - Processing file /opt/airflow/dags/train_traffic_pred.py for tasks to queue
[2025-07-22T06:08:44.267+0000] {logging_mixin.py:190} INFO - [2025-07-22T06:08:44.267+0000] {dagbag.py:588} INFO - Filling up the DagBag from /opt/airflow/dags/train_traffic_pred.py
[2025-07-22T06:08:47.479+0000] {processor.py:925} INFO - DAG(s) 'train_traffic_pred' retrieved from /opt/airflow/dags/train_traffic_pred.py
[2025-07-22T06:08:47.502+0000] {logging_mixin.py:190} INFO - [2025-07-22T06:08:47.502+0000] {dag.py:3239} INFO - Sync 1 DAGs
[2025-07-22T06:08:47.521+0000] {logging_mixin.py:190} INFO - [2025-07-22T06:08:47.520+0000] {dag.py:4180} INFO - Setting next_dagrun for train_traffic_pred to 2025-07-22 00:00:00+00:00, run_after=2025-07-23 00:00:00+00:00
[2025-07-22T06:08:47.535+0000] {processor.py:208} INFO - Processing /opt/airflow/dags/train_traffic_pred.py took 3.277 seconds
[2025-07-22T06:09:18.757+0000] {processor.py:186} INFO - Started process (PID=27269) to work on /opt/airflow/dags/train_traffic_pred.py
[2025-07-22T06:09:18.758+0000] {processor.py:914} INFO - Processing file /opt/airflow/dags/train_traffic_pred.py for tasks to queue
[2025-07-22T06:09:18.760+0000] {logging_mixin.py:190} INFO - [2025-07-22T06:09:18.760+0000] {dagbag.py:588} INFO - Filling up the DagBag from /opt/airflow/dags/train_traffic_pred.py
[2025-07-22T06:09:22.226+0000] {processor.py:925} INFO - DAG(s) 'train_traffic_pred' retrieved from /opt/airflow/dags/train_traffic_pred.py
[2025-07-22T06:09:22.248+0000] {logging_mixin.py:190} INFO - [2025-07-22T06:09:22.247+0000] {dag.py:3239} INFO - Sync 1 DAGs
[2025-07-22T06:09:22.268+0000] {logging_mixin.py:190} INFO - [2025-07-22T06:09:22.267+0000] {dag.py:4180} INFO - Setting next_dagrun for train_traffic_pred to 2025-07-22 00:00:00+00:00, run_after=2025-07-23 00:00:00+00:00
[2025-07-22T06:09:22.282+0000] {processor.py:208} INFO - Processing /opt/airflow/dags/train_traffic_pred.py took 3.531 seconds
[2025-07-22T06:09:53.389+0000] {processor.py:186} INFO - Started process (PID=27367) to work on /opt/airflow/dags/train_traffic_pred.py
[2025-07-22T06:09:53.390+0000] {processor.py:914} INFO - Processing file /opt/airflow/dags/train_traffic_pred.py for tasks to queue
[2025-07-22T06:09:53.392+0000] {logging_mixin.py:190} INFO - [2025-07-22T06:09:53.392+0000] {dagbag.py:588} INFO - Filling up the DagBag from /opt/airflow/dags/train_traffic_pred.py
[2025-07-22T06:09:56.694+0000] {processor.py:925} INFO - DAG(s) 'train_traffic_pred' retrieved from /opt/airflow/dags/train_traffic_pred.py
[2025-07-22T06:09:56.717+0000] {logging_mixin.py:190} INFO - [2025-07-22T06:09:56.717+0000] {dag.py:3239} INFO - Sync 1 DAGs
[2025-07-22T06:09:56.735+0000] {logging_mixin.py:190} INFO - [2025-07-22T06:09:56.735+0000] {dag.py:4180} INFO - Setting next_dagrun for train_traffic_pred to 2025-07-22 00:00:00+00:00, run_after=2025-07-23 00:00:00+00:00
[2025-07-22T06:09:56.751+0000] {processor.py:208} INFO - Processing /opt/airflow/dags/train_traffic_pred.py took 3.367 seconds
[2025-07-22T06:10:28.568+0000] {processor.py:186} INFO - Started process (PID=27471) to work on /opt/airflow/dags/train_traffic_pred.py
[2025-07-22T06:10:28.569+0000] {processor.py:914} INFO - Processing file /opt/airflow/dags/train_traffic_pred.py for tasks to queue
[2025-07-22T06:10:28.571+0000] {logging_mixin.py:190} INFO - [2025-07-22T06:10:28.571+0000] {dagbag.py:588} INFO - Filling up the DagBag from /opt/airflow/dags/train_traffic_pred.py
[2025-07-22T06:10:31.693+0000] {processor.py:925} INFO - DAG(s) 'train_traffic_pred' retrieved from /opt/airflow/dags/train_traffic_pred.py
[2025-07-22T06:10:31.715+0000] {logging_mixin.py:190} INFO - [2025-07-22T06:10:31.715+0000] {dag.py:3239} INFO - Sync 1 DAGs
[2025-07-22T06:10:31.735+0000] {logging_mixin.py:190} INFO - [2025-07-22T06:10:31.735+0000] {dag.py:4180} INFO - Setting next_dagrun for train_traffic_pred to 2025-07-22 00:00:00+00:00, run_after=2025-07-23 00:00:00+00:00
[2025-07-22T06:10:31.752+0000] {processor.py:208} INFO - Processing /opt/airflow/dags/train_traffic_pred.py took 3.189 seconds
[2025-07-22T06:11:03.619+0000] {processor.py:186} INFO - Started process (PID=27569) to work on /opt/airflow/dags/train_traffic_pred.py
[2025-07-22T06:11:03.620+0000] {processor.py:914} INFO - Processing file /opt/airflow/dags/train_traffic_pred.py for tasks to queue
[2025-07-22T06:11:03.623+0000] {logging_mixin.py:190} INFO - [2025-07-22T06:11:03.623+0000] {dagbag.py:588} INFO - Filling up the DagBag from /opt/airflow/dags/train_traffic_pred.py
[2025-07-22T06:11:06.713+0000] {processor.py:925} INFO - DAG(s) 'train_traffic_pred' retrieved from /opt/airflow/dags/train_traffic_pred.py
[2025-07-22T06:11:06.732+0000] {logging_mixin.py:190} INFO - [2025-07-22T06:11:06.732+0000] {dag.py:3239} INFO - Sync 1 DAGs
[2025-07-22T06:11:06.749+0000] {logging_mixin.py:190} INFO - [2025-07-22T06:11:06.749+0000] {dag.py:4180} INFO - Setting next_dagrun for train_traffic_pred to 2025-07-22 00:00:00+00:00, run_after=2025-07-23 00:00:00+00:00
[2025-07-22T06:11:06.765+0000] {processor.py:208} INFO - Processing /opt/airflow/dags/train_traffic_pred.py took 3.152 seconds
[2025-07-22T06:11:38.741+0000] {processor.py:186} INFO - Started process (PID=27667) to work on /opt/airflow/dags/train_traffic_pred.py
[2025-07-22T06:11:38.743+0000] {processor.py:914} INFO - Processing file /opt/airflow/dags/train_traffic_pred.py for tasks to queue
[2025-07-22T06:11:38.745+0000] {logging_mixin.py:190} INFO - [2025-07-22T06:11:38.745+0000] {dagbag.py:588} INFO - Filling up the DagBag from /opt/airflow/dags/train_traffic_pred.py
[2025-07-22T06:11:41.924+0000] {processor.py:925} INFO - DAG(s) 'train_traffic_pred' retrieved from /opt/airflow/dags/train_traffic_pred.py
[2025-07-22T06:11:41.944+0000] {logging_mixin.py:190} INFO - [2025-07-22T06:11:41.944+0000] {dag.py:3239} INFO - Sync 1 DAGs
[2025-07-22T06:11:41.962+0000] {logging_mixin.py:190} INFO - [2025-07-22T06:11:41.962+0000] {dag.py:4180} INFO - Setting next_dagrun for train_traffic_pred to 2025-07-22 00:00:00+00:00, run_after=2025-07-23 00:00:00+00:00
[2025-07-22T06:11:41.978+0000] {processor.py:208} INFO - Processing /opt/airflow/dags/train_traffic_pred.py took 3.242 seconds
[2025-07-22T06:12:13.924+0000] {processor.py:186} INFO - Started process (PID=27765) to work on /opt/airflow/dags/train_traffic_pred.py
[2025-07-22T06:12:13.925+0000] {processor.py:914} INFO - Processing file /opt/airflow/dags/train_traffic_pred.py for tasks to queue
[2025-07-22T06:12:13.928+0000] {logging_mixin.py:190} INFO - [2025-07-22T06:12:13.928+0000] {dagbag.py:588} INFO - Filling up the DagBag from /opt/airflow/dags/train_traffic_pred.py
[2025-07-22T06:12:17.143+0000] {processor.py:925} INFO - DAG(s) 'train_traffic_pred' retrieved from /opt/airflow/dags/train_traffic_pred.py
[2025-07-22T06:12:17.166+0000] {logging_mixin.py:190} INFO - [2025-07-22T06:12:17.165+0000] {dag.py:3239} INFO - Sync 1 DAGs
[2025-07-22T06:12:17.184+0000] {logging_mixin.py:190} INFO - [2025-07-22T06:12:17.183+0000] {dag.py:4180} INFO - Setting next_dagrun for train_traffic_pred to 2025-07-22 00:00:00+00:00, run_after=2025-07-23 00:00:00+00:00
[2025-07-22T06:12:17.197+0000] {processor.py:208} INFO - Processing /opt/airflow/dags/train_traffic_pred.py took 3.281 seconds
[2025-07-22T06:12:49.045+0000] {processor.py:186} INFO - Started process (PID=27863) to work on /opt/airflow/dags/train_traffic_pred.py
[2025-07-22T06:12:49.046+0000] {processor.py:914} INFO - Processing file /opt/airflow/dags/train_traffic_pred.py for tasks to queue
[2025-07-22T06:12:49.049+0000] {logging_mixin.py:190} INFO - [2025-07-22T06:12:49.048+0000] {dagbag.py:588} INFO - Filling up the DagBag from /opt/airflow/dags/train_traffic_pred.py
[2025-07-22T06:12:52.278+0000] {processor.py:925} INFO - DAG(s) 'train_traffic_pred' retrieved from /opt/airflow/dags/train_traffic_pred.py
[2025-07-22T06:12:52.299+0000] {logging_mixin.py:190} INFO - [2025-07-22T06:12:52.298+0000] {dag.py:3239} INFO - Sync 1 DAGs
[2025-07-22T06:12:52.317+0000] {logging_mixin.py:190} INFO - [2025-07-22T06:12:52.316+0000] {dag.py:4180} INFO - Setting next_dagrun for train_traffic_pred to 2025-07-22 00:00:00+00:00, run_after=2025-07-23 00:00:00+00:00
[2025-07-22T06:12:52.330+0000] {processor.py:208} INFO - Processing /opt/airflow/dags/train_traffic_pred.py took 3.291 seconds
[2025-07-22T06:13:24.295+0000] {processor.py:186} INFO - Started process (PID=27961) to work on /opt/airflow/dags/train_traffic_pred.py
[2025-07-22T06:13:24.296+0000] {processor.py:914} INFO - Processing file /opt/airflow/dags/train_traffic_pred.py for tasks to queue
[2025-07-22T06:13:24.299+0000] {logging_mixin.py:190} INFO - [2025-07-22T06:13:24.298+0000] {dagbag.py:588} INFO - Filling up the DagBag from /opt/airflow/dags/train_traffic_pred.py
[2025-07-22T06:13:27.446+0000] {processor.py:925} INFO - DAG(s) 'train_traffic_pred' retrieved from /opt/airflow/dags/train_traffic_pred.py
[2025-07-22T06:13:27.467+0000] {logging_mixin.py:190} INFO - [2025-07-22T06:13:27.466+0000] {dag.py:3239} INFO - Sync 1 DAGs
[2025-07-22T06:13:27.485+0000] {logging_mixin.py:190} INFO - [2025-07-22T06:13:27.485+0000] {dag.py:4180} INFO - Setting next_dagrun for train_traffic_pred to 2025-07-22 00:00:00+00:00, run_after=2025-07-23 00:00:00+00:00
[2025-07-22T06:13:27.500+0000] {processor.py:208} INFO - Processing /opt/airflow/dags/train_traffic_pred.py took 3.212 seconds
[2025-07-22T06:13:59.376+0000] {processor.py:186} INFO - Started process (PID=28065) to work on /opt/airflow/dags/train_traffic_pred.py
[2025-07-22T06:13:59.377+0000] {processor.py:914} INFO - Processing file /opt/airflow/dags/train_traffic_pred.py for tasks to queue
[2025-07-22T06:13:59.380+0000] {logging_mixin.py:190} INFO - [2025-07-22T06:13:59.380+0000] {dagbag.py:588} INFO - Filling up the DagBag from /opt/airflow/dags/train_traffic_pred.py
[2025-07-22T06:14:02.670+0000] {processor.py:925} INFO - DAG(s) 'train_traffic_pred' retrieved from /opt/airflow/dags/train_traffic_pred.py
[2025-07-22T06:14:02.692+0000] {logging_mixin.py:190} INFO - [2025-07-22T06:14:02.691+0000] {dag.py:3239} INFO - Sync 1 DAGs
[2025-07-22T06:14:02.710+0000] {logging_mixin.py:190} INFO - [2025-07-22T06:14:02.710+0000] {dag.py:4180} INFO - Setting next_dagrun for train_traffic_pred to 2025-07-22 00:00:00+00:00, run_after=2025-07-23 00:00:00+00:00
[2025-07-22T06:14:02.725+0000] {processor.py:208} INFO - Processing /opt/airflow/dags/train_traffic_pred.py took 3.356 seconds
[2025-07-22T06:14:34.585+0000] {processor.py:186} INFO - Started process (PID=28164) to work on /opt/airflow/dags/train_traffic_pred.py
[2025-07-22T06:14:34.586+0000] {processor.py:914} INFO - Processing file /opt/airflow/dags/train_traffic_pred.py for tasks to queue
[2025-07-22T06:14:34.588+0000] {logging_mixin.py:190} INFO - [2025-07-22T06:14:34.588+0000] {dagbag.py:588} INFO - Filling up the DagBag from /opt/airflow/dags/train_traffic_pred.py
[2025-07-22T06:14:37.774+0000] {processor.py:925} INFO - DAG(s) 'train_traffic_pred' retrieved from /opt/airflow/dags/train_traffic_pred.py
[2025-07-22T06:14:37.796+0000] {logging_mixin.py:190} INFO - [2025-07-22T06:14:37.795+0000] {dag.py:3239} INFO - Sync 1 DAGs
[2025-07-22T06:14:37.815+0000] {logging_mixin.py:190} INFO - [2025-07-22T06:14:37.814+0000] {dag.py:4180} INFO - Setting next_dagrun for train_traffic_pred to 2025-07-22 00:00:00+00:00, run_after=2025-07-23 00:00:00+00:00
[2025-07-22T06:14:37.829+0000] {processor.py:208} INFO - Processing /opt/airflow/dags/train_traffic_pred.py took 3.249 seconds
[2025-07-22T06:15:09.847+0000] {processor.py:186} INFO - Started process (PID=28262) to work on /opt/airflow/dags/train_traffic_pred.py
[2025-07-22T06:15:09.849+0000] {processor.py:914} INFO - Processing file /opt/airflow/dags/train_traffic_pred.py for tasks to queue
[2025-07-22T06:15:09.851+0000] {logging_mixin.py:190} INFO - [2025-07-22T06:15:09.851+0000] {dagbag.py:588} INFO - Filling up the DagBag from /opt/airflow/dags/train_traffic_pred.py
[2025-07-22T06:15:13.339+0000] {processor.py:925} INFO - DAG(s) 'train_traffic_pred' retrieved from /opt/airflow/dags/train_traffic_pred.py
[2025-07-22T06:15:13.361+0000] {logging_mixin.py:190} INFO - [2025-07-22T06:15:13.360+0000] {dag.py:3239} INFO - Sync 1 DAGs
[2025-07-22T06:15:13.377+0000] {logging_mixin.py:190} INFO - [2025-07-22T06:15:13.377+0000] {dag.py:4180} INFO - Setting next_dagrun for train_traffic_pred to 2025-07-22 00:00:00+00:00, run_after=2025-07-23 00:00:00+00:00
[2025-07-22T06:15:13.392+0000] {processor.py:208} INFO - Processing /opt/airflow/dags/train_traffic_pred.py took 3.551 seconds
[2025-07-22T06:15:44.450+0000] {processor.py:186} INFO - Started process (PID=28360) to work on /opt/airflow/dags/train_traffic_pred.py
[2025-07-22T06:15:44.451+0000] {processor.py:914} INFO - Processing file /opt/airflow/dags/train_traffic_pred.py for tasks to queue
[2025-07-22T06:15:44.453+0000] {logging_mixin.py:190} INFO - [2025-07-22T06:15:44.453+0000] {dagbag.py:588} INFO - Filling up the DagBag from /opt/airflow/dags/train_traffic_pred.py
[2025-07-22T06:15:47.845+0000] {processor.py:925} INFO - DAG(s) 'train_traffic_pred' retrieved from /opt/airflow/dags/train_traffic_pred.py
[2025-07-22T06:15:47.867+0000] {logging_mixin.py:190} INFO - [2025-07-22T06:15:47.867+0000] {dag.py:3239} INFO - Sync 1 DAGs
[2025-07-22T06:15:47.886+0000] {logging_mixin.py:190} INFO - [2025-07-22T06:15:47.886+0000] {dag.py:4180} INFO - Setting next_dagrun for train_traffic_pred to 2025-07-22 00:00:00+00:00, run_after=2025-07-23 00:00:00+00:00
[2025-07-22T06:15:47.905+0000] {processor.py:208} INFO - Processing /opt/airflow/dags/train_traffic_pred.py took 3.463 seconds
[2025-07-22T06:16:19.059+0000] {processor.py:186} INFO - Started process (PID=28458) to work on /opt/airflow/dags/train_traffic_pred.py
[2025-07-22T06:16:19.060+0000] {processor.py:914} INFO - Processing file /opt/airflow/dags/train_traffic_pred.py for tasks to queue
[2025-07-22T06:16:19.062+0000] {logging_mixin.py:190} INFO - [2025-07-22T06:16:19.062+0000] {dagbag.py:588} INFO - Filling up the DagBag from /opt/airflow/dags/train_traffic_pred.py
[2025-07-22T06:16:22.298+0000] {processor.py:925} INFO - DAG(s) 'train_traffic_pred' retrieved from /opt/airflow/dags/train_traffic_pred.py
[2025-07-22T06:16:22.319+0000] {logging_mixin.py:190} INFO - [2025-07-22T06:16:22.319+0000] {dag.py:3239} INFO - Sync 1 DAGs
[2025-07-22T06:16:22.337+0000] {logging_mixin.py:190} INFO - [2025-07-22T06:16:22.337+0000] {dag.py:4180} INFO - Setting next_dagrun for train_traffic_pred to 2025-07-22 00:00:00+00:00, run_after=2025-07-23 00:00:00+00:00
[2025-07-22T06:16:22.352+0000] {processor.py:208} INFO - Processing /opt/airflow/dags/train_traffic_pred.py took 3.298 seconds
[2025-07-22T06:16:53.815+0000] {processor.py:186} INFO - Started process (PID=28556) to work on /opt/airflow/dags/train_traffic_pred.py
[2025-07-22T06:16:53.816+0000] {processor.py:914} INFO - Processing file /opt/airflow/dags/train_traffic_pred.py for tasks to queue
[2025-07-22T06:16:53.818+0000] {logging_mixin.py:190} INFO - [2025-07-22T06:16:53.818+0000] {dagbag.py:588} INFO - Filling up the DagBag from /opt/airflow/dags/train_traffic_pred.py
[2025-07-22T06:16:57.044+0000] {processor.py:925} INFO - DAG(s) 'train_traffic_pred' retrieved from /opt/airflow/dags/train_traffic_pred.py
[2025-07-22T06:16:57.067+0000] {logging_mixin.py:190} INFO - [2025-07-22T06:16:57.066+0000] {dag.py:3239} INFO - Sync 1 DAGs
[2025-07-22T06:16:57.088+0000] {logging_mixin.py:190} INFO - [2025-07-22T06:16:57.088+0000] {dag.py:4180} INFO - Setting next_dagrun for train_traffic_pred to 2025-07-22 00:00:00+00:00, run_after=2025-07-23 00:00:00+00:00
[2025-07-22T06:16:57.106+0000] {processor.py:208} INFO - Processing /opt/airflow/dags/train_traffic_pred.py took 3.299 seconds
[2025-07-22T06:17:29.104+0000] {processor.py:186} INFO - Started process (PID=28660) to work on /opt/airflow/dags/train_traffic_pred.py
[2025-07-22T06:17:29.106+0000] {processor.py:914} INFO - Processing file /opt/airflow/dags/train_traffic_pred.py for tasks to queue
[2025-07-22T06:17:29.108+0000] {logging_mixin.py:190} INFO - [2025-07-22T06:17:29.107+0000] {dagbag.py:588} INFO - Filling up the DagBag from /opt/airflow/dags/train_traffic_pred.py
[2025-07-22T06:17:32.345+0000] {processor.py:925} INFO - DAG(s) 'train_traffic_pred' retrieved from /opt/airflow/dags/train_traffic_pred.py
[2025-07-22T06:17:32.366+0000] {logging_mixin.py:190} INFO - [2025-07-22T06:17:32.365+0000] {dag.py:3239} INFO - Sync 1 DAGs
[2025-07-22T06:17:32.385+0000] {logging_mixin.py:190} INFO - [2025-07-22T06:17:32.384+0000] {dag.py:4180} INFO - Setting next_dagrun for train_traffic_pred to 2025-07-22 00:00:00+00:00, run_after=2025-07-23 00:00:00+00:00
[2025-07-22T06:17:32.399+0000] {processor.py:208} INFO - Processing /opt/airflow/dags/train_traffic_pred.py took 3.301 seconds
[2025-07-22T06:18:03.490+0000] {processor.py:186} INFO - Started process (PID=28758) to work on /opt/airflow/dags/train_traffic_pred.py
[2025-07-22T06:18:03.491+0000] {processor.py:914} INFO - Processing file /opt/airflow/dags/train_traffic_pred.py for tasks to queue
[2025-07-22T06:18:03.493+0000] {logging_mixin.py:190} INFO - [2025-07-22T06:18:03.493+0000] {dagbag.py:588} INFO - Filling up the DagBag from /opt/airflow/dags/train_traffic_pred.py
[2025-07-22T06:18:06.723+0000] {processor.py:925} INFO - DAG(s) 'train_traffic_pred' retrieved from /opt/airflow/dags/train_traffic_pred.py
[2025-07-22T06:18:06.746+0000] {logging_mixin.py:190} INFO - [2025-07-22T06:18:06.746+0000] {dag.py:3239} INFO - Sync 1 DAGs
[2025-07-22T06:18:06.766+0000] {logging_mixin.py:190} INFO - [2025-07-22T06:18:06.766+0000] {dag.py:4180} INFO - Setting next_dagrun for train_traffic_pred to 2025-07-22 00:00:00+00:00, run_after=2025-07-23 00:00:00+00:00
[2025-07-22T06:18:06.783+0000] {processor.py:208} INFO - Processing /opt/airflow/dags/train_traffic_pred.py took 3.300 seconds
[2025-07-22T06:18:38.371+0000] {processor.py:186} INFO - Started process (PID=28856) to work on /opt/airflow/dags/train_traffic_pred.py
[2025-07-22T06:18:38.372+0000] {processor.py:914} INFO - Processing file /opt/airflow/dags/train_traffic_pred.py for tasks to queue
[2025-07-22T06:18:38.375+0000] {logging_mixin.py:190} INFO - [2025-07-22T06:18:38.374+0000] {dagbag.py:588} INFO - Filling up the DagBag from /opt/airflow/dags/train_traffic_pred.py
[2025-07-22T06:18:41.498+0000] {processor.py:925} INFO - DAG(s) 'train_traffic_pred' retrieved from /opt/airflow/dags/train_traffic_pred.py
[2025-07-22T06:18:41.518+0000] {logging_mixin.py:190} INFO - [2025-07-22T06:18:41.518+0000] {dag.py:3239} INFO - Sync 1 DAGs
[2025-07-22T06:18:41.536+0000] {logging_mixin.py:190} INFO - [2025-07-22T06:18:41.536+0000] {dag.py:4180} INFO - Setting next_dagrun for train_traffic_pred to 2025-07-22 00:00:00+00:00, run_after=2025-07-23 00:00:00+00:00
[2025-07-22T06:18:41.551+0000] {processor.py:208} INFO - Processing /opt/airflow/dags/train_traffic_pred.py took 3.186 seconds
[2025-07-22T06:19:13.500+0000] {processor.py:186} INFO - Started process (PID=28954) to work on /opt/airflow/dags/train_traffic_pred.py
[2025-07-22T06:19:13.502+0000] {processor.py:914} INFO - Processing file /opt/airflow/dags/train_traffic_pred.py for tasks to queue
[2025-07-22T06:19:13.505+0000] {logging_mixin.py:190} INFO - [2025-07-22T06:19:13.505+0000] {dagbag.py:588} INFO - Filling up the DagBag from /opt/airflow/dags/train_traffic_pred.py
[2025-07-22T06:19:16.664+0000] {processor.py:925} INFO - DAG(s) 'train_traffic_pred' retrieved from /opt/airflow/dags/train_traffic_pred.py
[2025-07-22T06:19:16.686+0000] {logging_mixin.py:190} INFO - [2025-07-22T06:19:16.686+0000] {dag.py:3239} INFO - Sync 1 DAGs
[2025-07-22T06:19:16.704+0000] {logging_mixin.py:190} INFO - [2025-07-22T06:19:16.704+0000] {dag.py:4180} INFO - Setting next_dagrun for train_traffic_pred to 2025-07-22 00:00:00+00:00, run_after=2025-07-23 00:00:00+00:00
[2025-07-22T06:19:16.719+0000] {processor.py:208} INFO - Processing /opt/airflow/dags/train_traffic_pred.py took 3.227 seconds
[2025-07-22T06:19:48.580+0000] {processor.py:186} INFO - Started process (PID=29052) to work on /opt/airflow/dags/train_traffic_pred.py
[2025-07-22T06:19:48.581+0000] {processor.py:914} INFO - Processing file /opt/airflow/dags/train_traffic_pred.py for tasks to queue
[2025-07-22T06:19:48.584+0000] {logging_mixin.py:190} INFO - [2025-07-22T06:19:48.583+0000] {dagbag.py:588} INFO - Filling up the DagBag from /opt/airflow/dags/train_traffic_pred.py
[2025-07-22T06:19:52.088+0000] {processor.py:925} INFO - DAG(s) 'train_traffic_pred' retrieved from /opt/airflow/dags/train_traffic_pred.py
[2025-07-22T06:19:52.110+0000] {logging_mixin.py:190} INFO - [2025-07-22T06:19:52.110+0000] {dag.py:3239} INFO - Sync 1 DAGs
[2025-07-22T06:19:52.133+0000] {logging_mixin.py:190} INFO - [2025-07-22T06:19:52.132+0000] {dag.py:4180} INFO - Setting next_dagrun for train_traffic_pred to 2025-07-22 00:00:00+00:00, run_after=2025-07-23 00:00:00+00:00
[2025-07-22T06:19:52.154+0000] {processor.py:208} INFO - Processing /opt/airflow/dags/train_traffic_pred.py took 3.580 seconds
[2025-07-22T06:20:23.437+0000] {processor.py:186} INFO - Started process (PID=29150) to work on /opt/airflow/dags/train_traffic_pred.py
[2025-07-22T06:20:23.438+0000] {processor.py:914} INFO - Processing file /opt/airflow/dags/train_traffic_pred.py for tasks to queue
[2025-07-22T06:20:23.440+0000] {logging_mixin.py:190} INFO - [2025-07-22T06:20:23.440+0000] {dagbag.py:588} INFO - Filling up the DagBag from /opt/airflow/dags/train_traffic_pred.py
[2025-07-22T06:20:26.834+0000] {processor.py:925} INFO - DAG(s) 'train_traffic_pred' retrieved from /opt/airflow/dags/train_traffic_pred.py
[2025-07-22T06:20:26.858+0000] {logging_mixin.py:190} INFO - [2025-07-22T06:20:26.857+0000] {dag.py:3239} INFO - Sync 1 DAGs
[2025-07-22T06:20:26.877+0000] {logging_mixin.py:190} INFO - [2025-07-22T06:20:26.876+0000] {dag.py:4180} INFO - Setting next_dagrun for train_traffic_pred to 2025-07-22 00:00:00+00:00, run_after=2025-07-23 00:00:00+00:00
[2025-07-22T06:20:26.894+0000] {processor.py:208} INFO - Processing /opt/airflow/dags/train_traffic_pred.py took 3.463 seconds
[2025-07-22T06:20:57.957+0000] {processor.py:186} INFO - Started process (PID=29254) to work on /opt/airflow/dags/train_traffic_pred.py
[2025-07-22T06:20:57.958+0000] {processor.py:914} INFO - Processing file /opt/airflow/dags/train_traffic_pred.py for tasks to queue
[2025-07-22T06:20:57.960+0000] {logging_mixin.py:190} INFO - [2025-07-22T06:20:57.960+0000] {dagbag.py:588} INFO - Filling up the DagBag from /opt/airflow/dags/train_traffic_pred.py
[2025-07-22T06:21:01.182+0000] {processor.py:925} INFO - DAG(s) 'train_traffic_pred' retrieved from /opt/airflow/dags/train_traffic_pred.py
[2025-07-22T06:21:01.203+0000] {logging_mixin.py:190} INFO - [2025-07-22T06:21:01.202+0000] {dag.py:3239} INFO - Sync 1 DAGs
[2025-07-22T06:21:01.221+0000] {logging_mixin.py:190} INFO - [2025-07-22T06:21:01.221+0000] {dag.py:4180} INFO - Setting next_dagrun for train_traffic_pred to 2025-07-22 00:00:00+00:00, run_after=2025-07-23 00:00:00+00:00
[2025-07-22T06:21:01.235+0000] {processor.py:208} INFO - Processing /opt/airflow/dags/train_traffic_pred.py took 3.284 seconds
[2025-07-22T06:21:32.909+0000] {processor.py:186} INFO - Started process (PID=29352) to work on /opt/airflow/dags/train_traffic_pred.py
[2025-07-22T06:21:32.910+0000] {processor.py:914} INFO - Processing file /opt/airflow/dags/train_traffic_pred.py for tasks to queue
[2025-07-22T06:21:32.913+0000] {logging_mixin.py:190} INFO - [2025-07-22T06:21:32.913+0000] {dagbag.py:588} INFO - Filling up the DagBag from /opt/airflow/dags/train_traffic_pred.py
[2025-07-22T06:21:36.176+0000] {processor.py:925} INFO - DAG(s) 'train_traffic_pred' retrieved from /opt/airflow/dags/train_traffic_pred.py
[2025-07-22T06:21:36.200+0000] {logging_mixin.py:190} INFO - [2025-07-22T06:21:36.199+0000] {dag.py:3239} INFO - Sync 1 DAGs
[2025-07-22T06:21:36.218+0000] {logging_mixin.py:190} INFO - [2025-07-22T06:21:36.218+0000] {dag.py:4180} INFO - Setting next_dagrun for train_traffic_pred to 2025-07-22 00:00:00+00:00, run_after=2025-07-23 00:00:00+00:00
[2025-07-22T06:21:36.235+0000] {processor.py:208} INFO - Processing /opt/airflow/dags/train_traffic_pred.py took 3.332 seconds
[2025-07-22T06:22:08.044+0000] {processor.py:186} INFO - Started process (PID=29450) to work on /opt/airflow/dags/train_traffic_pred.py
[2025-07-22T06:22:08.046+0000] {processor.py:914} INFO - Processing file /opt/airflow/dags/train_traffic_pred.py for tasks to queue
[2025-07-22T06:22:08.049+0000] {logging_mixin.py:190} INFO - [2025-07-22T06:22:08.049+0000] {dagbag.py:588} INFO - Filling up the DagBag from /opt/airflow/dags/train_traffic_pred.py
[2025-07-22T06:22:11.331+0000] {processor.py:925} INFO - DAG(s) 'train_traffic_pred' retrieved from /opt/airflow/dags/train_traffic_pred.py
[2025-07-22T06:22:11.353+0000] {logging_mixin.py:190} INFO - [2025-07-22T06:22:11.352+0000] {dag.py:3239} INFO - Sync 1 DAGs
[2025-07-22T06:22:11.372+0000] {logging_mixin.py:190} INFO - [2025-07-22T06:22:11.371+0000] {dag.py:4180} INFO - Setting next_dagrun for train_traffic_pred to 2025-07-22 00:00:00+00:00, run_after=2025-07-23 00:00:00+00:00
[2025-07-22T06:22:11.386+0000] {processor.py:208} INFO - Processing /opt/airflow/dags/train_traffic_pred.py took 3.349 seconds
[2025-07-22T06:22:43.032+0000] {processor.py:186} INFO - Started process (PID=29548) to work on /opt/airflow/dags/train_traffic_pred.py
[2025-07-22T06:22:43.033+0000] {processor.py:914} INFO - Processing file /opt/airflow/dags/train_traffic_pred.py for tasks to queue
[2025-07-22T06:22:43.036+0000] {logging_mixin.py:190} INFO - [2025-07-22T06:22:43.036+0000] {dagbag.py:588} INFO - Filling up the DagBag from /opt/airflow/dags/train_traffic_pred.py
[2025-07-22T06:22:46.227+0000] {processor.py:925} INFO - DAG(s) 'train_traffic_pred' retrieved from /opt/airflow/dags/train_traffic_pred.py
[2025-07-22T06:22:46.251+0000] {logging_mixin.py:190} INFO - [2025-07-22T06:22:46.251+0000] {dag.py:3239} INFO - Sync 1 DAGs
[2025-07-22T06:22:46.271+0000] {logging_mixin.py:190} INFO - [2025-07-22T06:22:46.271+0000] {dag.py:4180} INFO - Setting next_dagrun for train_traffic_pred to 2025-07-22 00:00:00+00:00, run_after=2025-07-23 00:00:00+00:00
[2025-07-22T06:22:46.287+0000] {processor.py:208} INFO - Processing /opt/airflow/dags/train_traffic_pred.py took 3.262 seconds
[2025-07-22T06:23:18.110+0000] {processor.py:186} INFO - Started process (PID=29646) to work on /opt/airflow/dags/train_traffic_pred.py
[2025-07-22T06:23:18.111+0000] {processor.py:914} INFO - Processing file /opt/airflow/dags/train_traffic_pred.py for tasks to queue
[2025-07-22T06:23:18.114+0000] {logging_mixin.py:190} INFO - [2025-07-22T06:23:18.113+0000] {dagbag.py:588} INFO - Filling up the DagBag from /opt/airflow/dags/train_traffic_pred.py
[2025-07-22T06:23:21.328+0000] {processor.py:925} INFO - DAG(s) 'train_traffic_pred' retrieved from /opt/airflow/dags/train_traffic_pred.py
[2025-07-22T06:23:21.355+0000] {logging_mixin.py:190} INFO - [2025-07-22T06:23:21.352+0000] {dag.py:3239} INFO - Sync 1 DAGs
[2025-07-22T06:23:21.373+0000] {logging_mixin.py:190} INFO - [2025-07-22T06:23:21.372+0000] {dag.py:4180} INFO - Setting next_dagrun for train_traffic_pred to 2025-07-22 00:00:00+00:00, run_after=2025-07-23 00:00:00+00:00
[2025-07-22T06:23:21.388+0000] {processor.py:208} INFO - Processing /opt/airflow/dags/train_traffic_pred.py took 3.285 seconds
[2025-07-22T06:23:53.277+0000] {processor.py:186} INFO - Started process (PID=29744) to work on /opt/airflow/dags/train_traffic_pred.py
[2025-07-22T06:23:53.277+0000] {processor.py:914} INFO - Processing file /opt/airflow/dags/train_traffic_pred.py for tasks to queue
[2025-07-22T06:23:53.280+0000] {logging_mixin.py:190} INFO - [2025-07-22T06:23:53.279+0000] {dagbag.py:588} INFO - Filling up the DagBag from /opt/airflow/dags/train_traffic_pred.py
[2025-07-22T06:23:56.447+0000] {processor.py:925} INFO - DAG(s) 'train_traffic_pred' retrieved from /opt/airflow/dags/train_traffic_pred.py
[2025-07-22T06:23:56.469+0000] {logging_mixin.py:190} INFO - [2025-07-22T06:23:56.469+0000] {dag.py:3239} INFO - Sync 1 DAGs
[2025-07-22T06:23:56.488+0000] {logging_mixin.py:190} INFO - [2025-07-22T06:23:56.488+0000] {dag.py:4180} INFO - Setting next_dagrun for train_traffic_pred to 2025-07-22 00:00:00+00:00, run_after=2025-07-23 00:00:00+00:00
[2025-07-22T06:23:56.505+0000] {processor.py:208} INFO - Processing /opt/airflow/dags/train_traffic_pred.py took 3.233 seconds
[2025-07-22T06:24:28.401+0000] {processor.py:186} INFO - Started process (PID=29848) to work on /opt/airflow/dags/train_traffic_pred.py
[2025-07-22T06:24:28.402+0000] {processor.py:914} INFO - Processing file /opt/airflow/dags/train_traffic_pred.py for tasks to queue
[2025-07-22T06:24:28.405+0000] {logging_mixin.py:190} INFO - [2025-07-22T06:24:28.405+0000] {dagbag.py:588} INFO - Filling up the DagBag from /opt/airflow/dags/train_traffic_pred.py
[2025-07-22T06:24:31.545+0000] {processor.py:925} INFO - DAG(s) 'train_traffic_pred' retrieved from /opt/airflow/dags/train_traffic_pred.py
[2025-07-22T06:24:31.569+0000] {logging_mixin.py:190} INFO - [2025-07-22T06:24:31.568+0000] {dag.py:3239} INFO - Sync 1 DAGs
[2025-07-22T06:24:31.591+0000] {logging_mixin.py:190} INFO - [2025-07-22T06:24:31.591+0000] {dag.py:4180} INFO - Setting next_dagrun for train_traffic_pred to 2025-07-22 00:00:00+00:00, run_after=2025-07-23 00:00:00+00:00
[2025-07-22T06:24:31.610+0000] {processor.py:208} INFO - Processing /opt/airflow/dags/train_traffic_pred.py took 3.216 seconds
[2025-07-22T06:25:02.773+0000] {processor.py:186} INFO - Started process (PID=29946) to work on /opt/airflow/dags/train_traffic_pred.py
[2025-07-22T06:25:02.774+0000] {processor.py:914} INFO - Processing file /opt/airflow/dags/train_traffic_pred.py for tasks to queue
[2025-07-22T06:25:02.776+0000] {logging_mixin.py:190} INFO - [2025-07-22T06:25:02.776+0000] {dagbag.py:588} INFO - Filling up the DagBag from /opt/airflow/dags/train_traffic_pred.py
[2025-07-22T06:25:05.831+0000] {processor.py:925} INFO - DAG(s) 'train_traffic_pred' retrieved from /opt/airflow/dags/train_traffic_pred.py
[2025-07-22T06:25:05.851+0000] {logging_mixin.py:190} INFO - [2025-07-22T06:25:05.850+0000] {dag.py:3239} INFO - Sync 1 DAGs
[2025-07-22T06:25:05.870+0000] {logging_mixin.py:190} INFO - [2025-07-22T06:25:05.870+0000] {dag.py:4180} INFO - Setting next_dagrun for train_traffic_pred to 2025-07-22 00:00:00+00:00, run_after=2025-07-23 00:00:00+00:00
[2025-07-22T06:25:05.886+0000] {processor.py:208} INFO - Processing /opt/airflow/dags/train_traffic_pred.py took 3.119 seconds
[2025-07-22T06:25:37.775+0000] {processor.py:186} INFO - Started process (PID=30044) to work on /opt/airflow/dags/train_traffic_pred.py
[2025-07-22T06:25:37.776+0000] {processor.py:914} INFO - Processing file /opt/airflow/dags/train_traffic_pred.py for tasks to queue
[2025-07-22T06:25:37.779+0000] {logging_mixin.py:190} INFO - [2025-07-22T06:25:37.778+0000] {dagbag.py:588} INFO - Filling up the DagBag from /opt/airflow/dags/train_traffic_pred.py
[2025-07-22T06:25:40.745+0000] {processor.py:925} INFO - DAG(s) 'train_traffic_pred' retrieved from /opt/airflow/dags/train_traffic_pred.py
[2025-07-22T06:25:40.766+0000] {logging_mixin.py:190} INFO - [2025-07-22T06:25:40.766+0000] {dag.py:3239} INFO - Sync 1 DAGs
[2025-07-22T06:25:40.783+0000] {logging_mixin.py:190} INFO - [2025-07-22T06:25:40.783+0000] {dag.py:4180} INFO - Setting next_dagrun for train_traffic_pred to 2025-07-22 00:00:00+00:00, run_after=2025-07-23 00:00:00+00:00
[2025-07-22T06:25:40.797+0000] {processor.py:208} INFO - Processing /opt/airflow/dags/train_traffic_pred.py took 3.028 seconds
[2025-07-22T06:26:12.568+0000] {processor.py:186} INFO - Started process (PID=30142) to work on /opt/airflow/dags/train_traffic_pred.py
[2025-07-22T06:26:12.569+0000] {processor.py:914} INFO - Processing file /opt/airflow/dags/train_traffic_pred.py for tasks to queue
[2025-07-22T06:26:12.571+0000] {logging_mixin.py:190} INFO - [2025-07-22T06:26:12.571+0000] {dagbag.py:588} INFO - Filling up the DagBag from /opt/airflow/dags/train_traffic_pred.py
[2025-07-22T06:26:15.486+0000] {processor.py:925} INFO - DAG(s) 'train_traffic_pred' retrieved from /opt/airflow/dags/train_traffic_pred.py
[2025-07-22T06:26:15.505+0000] {logging_mixin.py:190} INFO - [2025-07-22T06:26:15.504+0000] {dag.py:3239} INFO - Sync 1 DAGs
[2025-07-22T06:26:15.522+0000] {logging_mixin.py:190} INFO - [2025-07-22T06:26:15.521+0000] {dag.py:4180} INFO - Setting next_dagrun for train_traffic_pred to 2025-07-22 00:00:00+00:00, run_after=2025-07-23 00:00:00+00:00
[2025-07-22T06:26:15.536+0000] {processor.py:208} INFO - Processing /opt/airflow/dags/train_traffic_pred.py took 2.975 seconds
[2025-07-22T06:26:47.124+0000] {processor.py:186} INFO - Started process (PID=30236) to work on /opt/airflow/dags/train_traffic_pred.py
[2025-07-22T06:26:47.125+0000] {processor.py:914} INFO - Processing file /opt/airflow/dags/train_traffic_pred.py for tasks to queue
[2025-07-22T06:26:47.128+0000] {logging_mixin.py:190} INFO - [2025-07-22T06:26:47.128+0000] {dagbag.py:588} INFO - Filling up the DagBag from /opt/airflow/dags/train_traffic_pred.py
[2025-07-22T06:26:50.242+0000] {processor.py:925} INFO - DAG(s) 'train_traffic_pred' retrieved from /opt/airflow/dags/train_traffic_pred.py
[2025-07-22T06:26:50.263+0000] {logging_mixin.py:190} INFO - [2025-07-22T06:26:50.262+0000] {dag.py:3239} INFO - Sync 1 DAGs
[2025-07-22T06:26:50.280+0000] {logging_mixin.py:190} INFO - [2025-07-22T06:26:50.280+0000] {dag.py:4180} INFO - Setting next_dagrun for train_traffic_pred to 2025-07-22 00:00:00+00:00, run_after=2025-07-23 00:00:00+00:00
[2025-07-22T06:26:50.294+0000] {processor.py:208} INFO - Processing /opt/airflow/dags/train_traffic_pred.py took 3.177 seconds
[2025-07-22T06:27:22.348+0000] {processor.py:186} INFO - Started process (PID=30335) to work on /opt/airflow/dags/train_traffic_pred.py
[2025-07-22T06:27:22.349+0000] {processor.py:914} INFO - Processing file /opt/airflow/dags/train_traffic_pred.py for tasks to queue
[2025-07-22T06:27:22.352+0000] {logging_mixin.py:190} INFO - [2025-07-22T06:27:22.352+0000] {dagbag.py:588} INFO - Filling up the DagBag from /opt/airflow/dags/train_traffic_pred.py
[2025-07-22T06:27:25.506+0000] {processor.py:925} INFO - DAG(s) 'train_traffic_pred' retrieved from /opt/airflow/dags/train_traffic_pred.py
[2025-07-22T06:27:25.527+0000] {logging_mixin.py:190} INFO - [2025-07-22T06:27:25.527+0000] {dag.py:3239} INFO - Sync 1 DAGs
[2025-07-22T06:27:25.545+0000] {logging_mixin.py:190} INFO - [2025-07-22T06:27:25.545+0000] {dag.py:4180} INFO - Setting next_dagrun for train_traffic_pred to 2025-07-22 00:00:00+00:00, run_after=2025-07-23 00:00:00+00:00
[2025-07-22T06:27:25.560+0000] {processor.py:208} INFO - Processing /opt/airflow/dags/train_traffic_pred.py took 3.219 seconds
[2025-07-22T08:41:24.513+0000] {processor.py:186} INFO - Started process (PID=30416) to work on /opt/airflow/dags/train_traffic_pred.py
[2025-07-22T08:41:24.515+0000] {processor.py:914} INFO - Processing file /opt/airflow/dags/train_traffic_pred.py for tasks to queue
[2025-07-22T08:41:24.518+0000] {logging_mixin.py:190} INFO - [2025-07-22T08:41:24.517+0000] {dagbag.py:588} INFO - Filling up the DagBag from /opt/airflow/dags/train_traffic_pred.py
[2025-07-22T08:41:28.321+0000] {processor.py:925} INFO - DAG(s) 'train_traffic_pred' retrieved from /opt/airflow/dags/train_traffic_pred.py
[2025-07-22T08:41:28.348+0000] {logging_mixin.py:190} INFO - [2025-07-22T08:41:28.347+0000] {dag.py:3239} INFO - Sync 1 DAGs
[2025-07-22T08:41:28.370+0000] {logging_mixin.py:190} INFO - [2025-07-22T08:41:28.369+0000] {dag.py:4180} INFO - Setting next_dagrun for train_traffic_pred to 2025-07-22 00:00:00+00:00, run_after=2025-07-23 00:00:00+00:00
[2025-07-22T08:41:28.388+0000] {processor.py:208} INFO - Processing /opt/airflow/dags/train_traffic_pred.py took 3.881 seconds
[2025-07-22T08:42:00.273+0000] {processor.py:186} INFO - Started process (PID=30514) to work on /opt/airflow/dags/train_traffic_pred.py
[2025-07-22T08:42:00.274+0000] {processor.py:914} INFO - Processing file /opt/airflow/dags/train_traffic_pred.py for tasks to queue
[2025-07-22T08:42:00.276+0000] {logging_mixin.py:190} INFO - [2025-07-22T08:42:00.276+0000] {dagbag.py:588} INFO - Filling up the DagBag from /opt/airflow/dags/train_traffic_pred.py
[2025-07-22T08:42:03.774+0000] {processor.py:925} INFO - DAG(s) 'train_traffic_pred' retrieved from /opt/airflow/dags/train_traffic_pred.py
[2025-07-22T08:42:03.796+0000] {logging_mixin.py:190} INFO - [2025-07-22T08:42:03.796+0000] {dag.py:3239} INFO - Sync 1 DAGs
[2025-07-22T08:42:03.815+0000] {logging_mixin.py:190} INFO - [2025-07-22T08:42:03.815+0000] {dag.py:4180} INFO - Setting next_dagrun for train_traffic_pred to 2025-07-22 00:00:00+00:00, run_after=2025-07-23 00:00:00+00:00
[2025-07-22T08:42:03.829+0000] {processor.py:208} INFO - Processing /opt/airflow/dags/train_traffic_pred.py took 3.563 seconds
[2025-07-22T08:42:35.140+0000] {processor.py:186} INFO - Started process (PID=30618) to work on /opt/airflow/dags/train_traffic_pred.py
[2025-07-22T08:42:35.141+0000] {processor.py:914} INFO - Processing file /opt/airflow/dags/train_traffic_pred.py for tasks to queue
[2025-07-22T08:42:35.143+0000] {logging_mixin.py:190} INFO - [2025-07-22T08:42:35.143+0000] {dagbag.py:588} INFO - Filling up the DagBag from /opt/airflow/dags/train_traffic_pred.py
[2025-07-22T08:42:38.618+0000] {processor.py:925} INFO - DAG(s) 'train_traffic_pred' retrieved from /opt/airflow/dags/train_traffic_pred.py
[2025-07-22T08:42:38.642+0000] {logging_mixin.py:190} INFO - [2025-07-22T08:42:38.642+0000] {dag.py:3239} INFO - Sync 1 DAGs
[2025-07-22T08:42:38.661+0000] {logging_mixin.py:190} INFO - [2025-07-22T08:42:38.661+0000] {dag.py:4180} INFO - Setting next_dagrun for train_traffic_pred to 2025-07-22 00:00:00+00:00, run_after=2025-07-23 00:00:00+00:00
[2025-07-22T08:42:38.677+0000] {processor.py:208} INFO - Processing /opt/airflow/dags/train_traffic_pred.py took 3.542 seconds
[2025-07-22T08:43:10.630+0000] {processor.py:186} INFO - Started process (PID=30716) to work on /opt/airflow/dags/train_traffic_pred.py
[2025-07-22T08:43:10.631+0000] {processor.py:914} INFO - Processing file /opt/airflow/dags/train_traffic_pred.py for tasks to queue
[2025-07-22T08:43:10.633+0000] {logging_mixin.py:190} INFO - [2025-07-22T08:43:10.633+0000] {dagbag.py:588} INFO - Filling up the DagBag from /opt/airflow/dags/train_traffic_pred.py
[2025-07-22T08:43:14.188+0000] {processor.py:925} INFO - DAG(s) 'train_traffic_pred' retrieved from /opt/airflow/dags/train_traffic_pred.py
[2025-07-22T08:43:14.213+0000] {logging_mixin.py:190} INFO - [2025-07-22T08:43:14.212+0000] {dag.py:3239} INFO - Sync 1 DAGs
[2025-07-22T08:43:14.231+0000] {logging_mixin.py:190} INFO - [2025-07-22T08:43:14.231+0000] {dag.py:4180} INFO - Setting next_dagrun for train_traffic_pred to 2025-07-22 00:00:00+00:00, run_after=2025-07-23 00:00:00+00:00
[2025-07-22T08:43:14.246+0000] {processor.py:208} INFO - Processing /opt/airflow/dags/train_traffic_pred.py took 3.623 seconds
[2025-07-22T08:43:45.690+0000] {processor.py:186} INFO - Started process (PID=30814) to work on /opt/airflow/dags/train_traffic_pred.py
[2025-07-22T08:43:45.691+0000] {processor.py:914} INFO - Processing file /opt/airflow/dags/train_traffic_pred.py for tasks to queue
[2025-07-22T08:43:45.693+0000] {logging_mixin.py:190} INFO - [2025-07-22T08:43:45.693+0000] {dagbag.py:588} INFO - Filling up the DagBag from /opt/airflow/dags/train_traffic_pred.py
[2025-07-22T08:43:49.347+0000] {processor.py:925} INFO - DAG(s) 'train_traffic_pred' retrieved from /opt/airflow/dags/train_traffic_pred.py
[2025-07-22T08:43:49.370+0000] {logging_mixin.py:190} INFO - [2025-07-22T08:43:49.370+0000] {dag.py:3239} INFO - Sync 1 DAGs
[2025-07-22T08:43:49.389+0000] {logging_mixin.py:190} INFO - [2025-07-22T08:43:49.389+0000] {dag.py:4180} INFO - Setting next_dagrun for train_traffic_pred to 2025-07-22 00:00:00+00:00, run_after=2025-07-23 00:00:00+00:00
[2025-07-22T08:43:49.405+0000] {processor.py:208} INFO - Processing /opt/airflow/dags/train_traffic_pred.py took 3.720 seconds
[2025-07-22T08:44:20.634+0000] {processor.py:186} INFO - Started process (PID=30912) to work on /opt/airflow/dags/train_traffic_pred.py
[2025-07-22T08:44:20.635+0000] {processor.py:914} INFO - Processing file /opt/airflow/dags/train_traffic_pred.py for tasks to queue
[2025-07-22T08:44:20.637+0000] {logging_mixin.py:190} INFO - [2025-07-22T08:44:20.637+0000] {dagbag.py:588} INFO - Filling up the DagBag from /opt/airflow/dags/train_traffic_pred.py
[2025-07-22T08:44:23.941+0000] {processor.py:925} INFO - DAG(s) 'train_traffic_pred' retrieved from /opt/airflow/dags/train_traffic_pred.py
[2025-07-22T08:44:23.963+0000] {logging_mixin.py:190} INFO - [2025-07-22T08:44:23.963+0000] {dag.py:3239} INFO - Sync 1 DAGs
[2025-07-22T08:44:23.981+0000] {logging_mixin.py:190} INFO - [2025-07-22T08:44:23.981+0000] {dag.py:4180} INFO - Setting next_dagrun for train_traffic_pred to 2025-07-22 00:00:00+00:00, run_after=2025-07-23 00:00:00+00:00
[2025-07-22T08:44:23.997+0000] {processor.py:208} INFO - Processing /opt/airflow/dags/train_traffic_pred.py took 3.369 seconds
[2025-07-22T08:44:55.827+0000] {processor.py:186} INFO - Started process (PID=31010) to work on /opt/airflow/dags/train_traffic_pred.py
[2025-07-22T08:44:55.828+0000] {processor.py:914} INFO - Processing file /opt/airflow/dags/train_traffic_pred.py for tasks to queue
[2025-07-22T08:44:55.831+0000] {logging_mixin.py:190} INFO - [2025-07-22T08:44:55.830+0000] {dagbag.py:588} INFO - Filling up the DagBag from /opt/airflow/dags/train_traffic_pred.py
[2025-07-22T08:44:59.201+0000] {processor.py:925} INFO - DAG(s) 'train_traffic_pred' retrieved from /opt/airflow/dags/train_traffic_pred.py
[2025-07-22T08:44:59.223+0000] {logging_mixin.py:190} INFO - [2025-07-22T08:44:59.222+0000] {dag.py:3239} INFO - Sync 1 DAGs
[2025-07-22T08:44:59.240+0000] {logging_mixin.py:190} INFO - [2025-07-22T08:44:59.240+0000] {dag.py:4180} INFO - Setting next_dagrun for train_traffic_pred to 2025-07-22 00:00:00+00:00, run_after=2025-07-23 00:00:00+00:00
[2025-07-22T08:44:59.253+0000] {processor.py:208} INFO - Processing /opt/airflow/dags/train_traffic_pred.py took 3.431 seconds
[2025-07-22T08:45:31.214+0000] {processor.py:186} INFO - Started process (PID=31108) to work on /opt/airflow/dags/train_traffic_pred.py
[2025-07-22T08:45:31.215+0000] {processor.py:914} INFO - Processing file /opt/airflow/dags/train_traffic_pred.py for tasks to queue
[2025-07-22T08:45:31.217+0000] {logging_mixin.py:190} INFO - [2025-07-22T08:45:31.217+0000] {dagbag.py:588} INFO - Filling up the DagBag from /opt/airflow/dags/train_traffic_pred.py
[2025-07-22T08:45:34.617+0000] {processor.py:925} INFO - DAG(s) 'train_traffic_pred' retrieved from /opt/airflow/dags/train_traffic_pred.py
[2025-07-22T08:45:34.642+0000] {logging_mixin.py:190} INFO - [2025-07-22T08:45:34.641+0000] {dag.py:3239} INFO - Sync 1 DAGs
[2025-07-22T08:45:34.663+0000] {logging_mixin.py:190} INFO - [2025-07-22T08:45:34.663+0000] {dag.py:4180} INFO - Setting next_dagrun for train_traffic_pred to 2025-07-22 00:00:00+00:00, run_after=2025-07-23 00:00:00+00:00
[2025-07-22T08:45:34.681+0000] {processor.py:208} INFO - Processing /opt/airflow/dags/train_traffic_pred.py took 3.473 seconds
[2025-07-22T08:46:06.542+0000] {processor.py:186} INFO - Started process (PID=31212) to work on /opt/airflow/dags/train_traffic_pred.py
[2025-07-22T08:46:06.543+0000] {processor.py:914} INFO - Processing file /opt/airflow/dags/train_traffic_pred.py for tasks to queue
[2025-07-22T08:46:06.546+0000] {logging_mixin.py:190} INFO - [2025-07-22T08:46:06.546+0000] {dagbag.py:588} INFO - Filling up the DagBag from /opt/airflow/dags/train_traffic_pred.py
[2025-07-22T08:46:09.916+0000] {processor.py:925} INFO - DAG(s) 'train_traffic_pred' retrieved from /opt/airflow/dags/train_traffic_pred.py
[2025-07-22T08:46:09.944+0000] {logging_mixin.py:190} INFO - [2025-07-22T08:46:09.943+0000] {dag.py:3239} INFO - Sync 1 DAGs
[2025-07-22T08:46:09.963+0000] {logging_mixin.py:190} INFO - [2025-07-22T08:46:09.963+0000] {dag.py:4180} INFO - Setting next_dagrun for train_traffic_pred to 2025-07-22 00:00:00+00:00, run_after=2025-07-23 00:00:00+00:00
[2025-07-22T08:46:09.978+0000] {processor.py:208} INFO - Processing /opt/airflow/dags/train_traffic_pred.py took 3.445 seconds
[2025-07-22T08:46:41.511+0000] {processor.py:186} INFO - Started process (PID=31310) to work on /opt/airflow/dags/train_traffic_pred.py
[2025-07-22T08:46:41.512+0000] {processor.py:914} INFO - Processing file /opt/airflow/dags/train_traffic_pred.py for tasks to queue
[2025-07-22T08:46:41.514+0000] {logging_mixin.py:190} INFO - [2025-07-22T08:46:41.514+0000] {dagbag.py:588} INFO - Filling up the DagBag from /opt/airflow/dags/train_traffic_pred.py
[2025-07-22T08:46:44.777+0000] {processor.py:925} INFO - DAG(s) 'train_traffic_pred' retrieved from /opt/airflow/dags/train_traffic_pred.py
[2025-07-22T08:46:44.796+0000] {logging_mixin.py:190} INFO - [2025-07-22T08:46:44.795+0000] {dag.py:3239} INFO - Sync 1 DAGs
[2025-07-22T08:46:44.812+0000] {logging_mixin.py:190} INFO - [2025-07-22T08:46:44.812+0000] {dag.py:4180} INFO - Setting next_dagrun for train_traffic_pred to 2025-07-22 00:00:00+00:00, run_after=2025-07-23 00:00:00+00:00
[2025-07-22T08:46:44.825+0000] {processor.py:208} INFO - Processing /opt/airflow/dags/train_traffic_pred.py took 3.319 seconds
[2025-07-22T08:47:16.989+0000] {processor.py:186} INFO - Started process (PID=31408) to work on /opt/airflow/dags/train_traffic_pred.py
[2025-07-22T08:47:16.990+0000] {processor.py:914} INFO - Processing file /opt/airflow/dags/train_traffic_pred.py for tasks to queue
[2025-07-22T08:47:16.992+0000] {logging_mixin.py:190} INFO - [2025-07-22T08:47:16.991+0000] {dagbag.py:588} INFO - Filling up the DagBag from /opt/airflow/dags/train_traffic_pred.py
[2025-07-22T08:47:20.471+0000] {processor.py:925} INFO - DAG(s) 'train_traffic_pred' retrieved from /opt/airflow/dags/train_traffic_pred.py
[2025-07-22T08:47:20.491+0000] {logging_mixin.py:190} INFO - [2025-07-22T08:47:20.491+0000] {dag.py:3239} INFO - Sync 1 DAGs
[2025-07-22T08:47:20.509+0000] {logging_mixin.py:190} INFO - [2025-07-22T08:47:20.509+0000] {dag.py:4180} INFO - Setting next_dagrun for train_traffic_pred to 2025-07-22 00:00:00+00:00, run_after=2025-07-23 00:00:00+00:00
[2025-07-22T08:47:20.524+0000] {processor.py:208} INFO - Processing /opt/airflow/dags/train_traffic_pred.py took 3.540 seconds
[2025-07-22T08:47:51.719+0000] {processor.py:186} INFO - Started process (PID=31506) to work on /opt/airflow/dags/train_traffic_pred.py
[2025-07-22T08:47:51.720+0000] {processor.py:914} INFO - Processing file /opt/airflow/dags/train_traffic_pred.py for tasks to queue
[2025-07-22T08:47:51.722+0000] {logging_mixin.py:190} INFO - [2025-07-22T08:47:51.722+0000] {dagbag.py:588} INFO - Filling up the DagBag from /opt/airflow/dags/train_traffic_pred.py
[2025-07-22T08:47:54.955+0000] {processor.py:925} INFO - DAG(s) 'train_traffic_pred' retrieved from /opt/airflow/dags/train_traffic_pred.py
[2025-07-22T08:47:54.976+0000] {logging_mixin.py:190} INFO - [2025-07-22T08:47:54.975+0000] {dag.py:3239} INFO - Sync 1 DAGs
[2025-07-22T08:47:54.993+0000] {logging_mixin.py:190} INFO - [2025-07-22T08:47:54.992+0000] {dag.py:4180} INFO - Setting next_dagrun for train_traffic_pred to 2025-07-22 00:00:00+00:00, run_after=2025-07-23 00:00:00+00:00
[2025-07-22T08:47:55.007+0000] {processor.py:208} INFO - Processing /opt/airflow/dags/train_traffic_pred.py took 3.294 seconds
[2025-07-22T08:48:26.122+0000] {processor.py:186} INFO - Started process (PID=31604) to work on /opt/airflow/dags/train_traffic_pred.py
[2025-07-22T08:48:26.123+0000] {processor.py:914} INFO - Processing file /opt/airflow/dags/train_traffic_pred.py for tasks to queue
[2025-07-22T08:48:26.125+0000] {logging_mixin.py:190} INFO - [2025-07-22T08:48:26.125+0000] {dagbag.py:588} INFO - Filling up the DagBag from /opt/airflow/dags/train_traffic_pred.py
[2025-07-22T08:48:29.490+0000] {processor.py:925} INFO - DAG(s) 'train_traffic_pred' retrieved from /opt/airflow/dags/train_traffic_pred.py
[2025-07-22T08:48:29.514+0000] {logging_mixin.py:190} INFO - [2025-07-22T08:48:29.513+0000] {dag.py:3239} INFO - Sync 1 DAGs
[2025-07-22T08:48:29.532+0000] {logging_mixin.py:190} INFO - [2025-07-22T08:48:29.532+0000] {dag.py:4180} INFO - Setting next_dagrun for train_traffic_pred to 2025-07-22 00:00:00+00:00, run_after=2025-07-23 00:00:00+00:00
[2025-07-22T08:48:29.547+0000] {processor.py:208} INFO - Processing /opt/airflow/dags/train_traffic_pred.py took 3.430 seconds
[2025-07-22T08:49:00.707+0000] {processor.py:186} INFO - Started process (PID=31702) to work on /opt/airflow/dags/train_traffic_pred.py
[2025-07-22T08:49:00.708+0000] {processor.py:914} INFO - Processing file /opt/airflow/dags/train_traffic_pred.py for tasks to queue
[2025-07-22T08:49:00.710+0000] {logging_mixin.py:190} INFO - [2025-07-22T08:49:00.710+0000] {dagbag.py:588} INFO - Filling up the DagBag from /opt/airflow/dags/train_traffic_pred.py
[2025-07-22T08:49:04.124+0000] {processor.py:925} INFO - DAG(s) 'train_traffic_pred' retrieved from /opt/airflow/dags/train_traffic_pred.py
[2025-07-22T08:49:04.152+0000] {logging_mixin.py:190} INFO - [2025-07-22T08:49:04.152+0000] {dag.py:3239} INFO - Sync 1 DAGs
[2025-07-22T08:49:04.176+0000] {logging_mixin.py:190} INFO - [2025-07-22T08:49:04.175+0000] {dag.py:4180} INFO - Setting next_dagrun for train_traffic_pred to 2025-07-22 00:00:00+00:00, run_after=2025-07-23 00:00:00+00:00
[2025-07-22T08:49:04.195+0000] {processor.py:208} INFO - Processing /opt/airflow/dags/train_traffic_pred.py took 3.494 seconds
[2025-07-22T08:49:35.688+0000] {processor.py:186} INFO - Started process (PID=31806) to work on /opt/airflow/dags/train_traffic_pred.py
[2025-07-22T08:49:35.689+0000] {processor.py:914} INFO - Processing file /opt/airflow/dags/train_traffic_pred.py for tasks to queue
[2025-07-22T08:49:35.691+0000] {logging_mixin.py:190} INFO - [2025-07-22T08:49:35.691+0000] {dagbag.py:588} INFO - Filling up the DagBag from /opt/airflow/dags/train_traffic_pred.py
[2025-07-22T08:49:38.982+0000] {processor.py:925} INFO - DAG(s) 'train_traffic_pred' retrieved from /opt/airflow/dags/train_traffic_pred.py
[2025-07-22T08:49:39.003+0000] {logging_mixin.py:190} INFO - [2025-07-22T08:49:39.003+0000] {dag.py:3239} INFO - Sync 1 DAGs
[2025-07-22T08:49:39.021+0000] {logging_mixin.py:190} INFO - [2025-07-22T08:49:39.021+0000] {dag.py:4180} INFO - Setting next_dagrun for train_traffic_pred to 2025-07-22 00:00:00+00:00, run_after=2025-07-23 00:00:00+00:00
[2025-07-22T08:49:39.037+0000] {processor.py:208} INFO - Processing /opt/airflow/dags/train_traffic_pred.py took 3.354 seconds
[2025-07-22T08:50:10.973+0000] {processor.py:186} INFO - Started process (PID=31904) to work on /opt/airflow/dags/train_traffic_pred.py
[2025-07-22T08:50:10.974+0000] {processor.py:914} INFO - Processing file /opt/airflow/dags/train_traffic_pred.py for tasks to queue
[2025-07-22T08:50:10.977+0000] {logging_mixin.py:190} INFO - [2025-07-22T08:50:10.976+0000] {dagbag.py:588} INFO - Filling up the DagBag from /opt/airflow/dags/train_traffic_pred.py
[2025-07-22T08:50:14.234+0000] {processor.py:925} INFO - DAG(s) 'train_traffic_pred' retrieved from /opt/airflow/dags/train_traffic_pred.py
[2025-07-22T08:50:14.256+0000] {logging_mixin.py:190} INFO - [2025-07-22T08:50:14.256+0000] {dag.py:3239} INFO - Sync 1 DAGs
[2025-07-22T08:50:14.275+0000] {logging_mixin.py:190} INFO - [2025-07-22T08:50:14.275+0000] {dag.py:4180} INFO - Setting next_dagrun for train_traffic_pred to 2025-07-22 00:00:00+00:00, run_after=2025-07-23 00:00:00+00:00
[2025-07-22T08:50:14.290+0000] {processor.py:208} INFO - Processing /opt/airflow/dags/train_traffic_pred.py took 3.322 seconds
[2025-07-22T08:50:46.148+0000] {processor.py:186} INFO - Started process (PID=32002) to work on /opt/airflow/dags/train_traffic_pred.py
[2025-07-22T08:50:46.149+0000] {processor.py:914} INFO - Processing file /opt/airflow/dags/train_traffic_pred.py for tasks to queue
[2025-07-22T08:50:46.152+0000] {logging_mixin.py:190} INFO - [2025-07-22T08:50:46.151+0000] {dagbag.py:588} INFO - Filling up the DagBag from /opt/airflow/dags/train_traffic_pred.py
[2025-07-22T08:50:49.608+0000] {processor.py:925} INFO - DAG(s) 'train_traffic_pred' retrieved from /opt/airflow/dags/train_traffic_pred.py
[2025-07-22T08:50:49.629+0000] {logging_mixin.py:190} INFO - [2025-07-22T08:50:49.628+0000] {dag.py:3239} INFO - Sync 1 DAGs
[2025-07-22T08:50:49.647+0000] {logging_mixin.py:190} INFO - [2025-07-22T08:50:49.647+0000] {dag.py:4180} INFO - Setting next_dagrun for train_traffic_pred to 2025-07-22 00:00:00+00:00, run_after=2025-07-23 00:00:00+00:00
[2025-07-22T08:50:49.659+0000] {processor.py:208} INFO - Processing /opt/airflow/dags/train_traffic_pred.py took 3.516 seconds
[2025-07-22T08:51:21.610+0000] {processor.py:186} INFO - Started process (PID=32100) to work on /opt/airflow/dags/train_traffic_pred.py
[2025-07-22T08:51:21.611+0000] {processor.py:914} INFO - Processing file /opt/airflow/dags/train_traffic_pred.py for tasks to queue
[2025-07-22T08:51:21.614+0000] {logging_mixin.py:190} INFO - [2025-07-22T08:51:21.613+0000] {dagbag.py:588} INFO - Filling up the DagBag from /opt/airflow/dags/train_traffic_pred.py
[2025-07-22T08:51:25.187+0000] {processor.py:925} INFO - DAG(s) 'train_traffic_pred' retrieved from /opt/airflow/dags/train_traffic_pred.py
[2025-07-22T08:51:25.210+0000] {logging_mixin.py:190} INFO - [2025-07-22T08:51:25.209+0000] {dag.py:3239} INFO - Sync 1 DAGs
[2025-07-22T08:51:25.229+0000] {logging_mixin.py:190} INFO - [2025-07-22T08:51:25.228+0000] {dag.py:4180} INFO - Setting next_dagrun for train_traffic_pred to 2025-07-22 00:00:00+00:00, run_after=2025-07-23 00:00:00+00:00
[2025-07-22T08:51:25.245+0000] {processor.py:208} INFO - Processing /opt/airflow/dags/train_traffic_pred.py took 3.641 seconds
[2025-07-22T08:51:57.119+0000] {processor.py:186} INFO - Started process (PID=32198) to work on /opt/airflow/dags/train_traffic_pred.py
[2025-07-22T08:51:57.120+0000] {processor.py:914} INFO - Processing file /opt/airflow/dags/train_traffic_pred.py for tasks to queue
[2025-07-22T08:51:57.122+0000] {logging_mixin.py:190} INFO - [2025-07-22T08:51:57.121+0000] {dagbag.py:588} INFO - Filling up the DagBag from /opt/airflow/dags/train_traffic_pred.py
[2025-07-22T08:52:00.480+0000] {processor.py:925} INFO - DAG(s) 'train_traffic_pred' retrieved from /opt/airflow/dags/train_traffic_pred.py
[2025-07-22T08:52:00.502+0000] {logging_mixin.py:190} INFO - [2025-07-22T08:52:00.502+0000] {dag.py:3239} INFO - Sync 1 DAGs
[2025-07-22T08:52:00.520+0000] {logging_mixin.py:190} INFO - [2025-07-22T08:52:00.520+0000] {dag.py:4180} INFO - Setting next_dagrun for train_traffic_pred to 2025-07-22 00:00:00+00:00, run_after=2025-07-23 00:00:00+00:00
[2025-07-22T08:52:00.535+0000] {processor.py:208} INFO - Processing /opt/airflow/dags/train_traffic_pred.py took 3.422 seconds
[2025-07-22T08:52:31.859+0000] {processor.py:186} INFO - Started process (PID=32296) to work on /opt/airflow/dags/train_traffic_pred.py
[2025-07-22T08:52:31.860+0000] {processor.py:914} INFO - Processing file /opt/airflow/dags/train_traffic_pred.py for tasks to queue
[2025-07-22T08:52:31.863+0000] {logging_mixin.py:190} INFO - [2025-07-22T08:52:31.863+0000] {dagbag.py:588} INFO - Filling up the DagBag from /opt/airflow/dags/train_traffic_pred.py
[2025-07-22T08:52:35.106+0000] {processor.py:925} INFO - DAG(s) 'train_traffic_pred' retrieved from /opt/airflow/dags/train_traffic_pred.py
[2025-07-22T08:52:35.128+0000] {logging_mixin.py:190} INFO - [2025-07-22T08:52:35.128+0000] {dag.py:3239} INFO - Sync 1 DAGs
[2025-07-22T08:52:35.148+0000] {logging_mixin.py:190} INFO - [2025-07-22T08:52:35.148+0000] {dag.py:4180} INFO - Setting next_dagrun for train_traffic_pred to 2025-07-22 00:00:00+00:00, run_after=2025-07-23 00:00:00+00:00
[2025-07-22T08:52:35.164+0000] {processor.py:208} INFO - Processing /opt/airflow/dags/train_traffic_pred.py took 3.310 seconds
[2025-07-22T08:53:06.897+0000] {processor.py:186} INFO - Started process (PID=32400) to work on /opt/airflow/dags/train_traffic_pred.py
[2025-07-22T08:53:06.898+0000] {processor.py:914} INFO - Processing file /opt/airflow/dags/train_traffic_pred.py for tasks to queue
[2025-07-22T08:53:06.900+0000] {logging_mixin.py:190} INFO - [2025-07-22T08:53:06.900+0000] {dagbag.py:588} INFO - Filling up the DagBag from /opt/airflow/dags/train_traffic_pred.py
[2025-07-22T08:53:10.235+0000] {processor.py:925} INFO - DAG(s) 'train_traffic_pred' retrieved from /opt/airflow/dags/train_traffic_pred.py
[2025-07-22T08:53:10.255+0000] {logging_mixin.py:190} INFO - [2025-07-22T08:53:10.254+0000] {dag.py:3239} INFO - Sync 1 DAGs
[2025-07-22T08:53:10.271+0000] {logging_mixin.py:190} INFO - [2025-07-22T08:53:10.271+0000] {dag.py:4180} INFO - Setting next_dagrun for train_traffic_pred to 2025-07-22 00:00:00+00:00, run_after=2025-07-23 00:00:00+00:00
[2025-07-22T08:53:10.285+0000] {processor.py:208} INFO - Processing /opt/airflow/dags/train_traffic_pred.py took 3.393 seconds
[2025-07-22T08:53:41.477+0000] {processor.py:186} INFO - Started process (PID=32498) to work on /opt/airflow/dags/train_traffic_pred.py
[2025-07-22T08:53:41.478+0000] {processor.py:914} INFO - Processing file /opt/airflow/dags/train_traffic_pred.py for tasks to queue
[2025-07-22T08:53:41.482+0000] {logging_mixin.py:190} INFO - [2025-07-22T08:53:41.481+0000] {dagbag.py:588} INFO - Filling up the DagBag from /opt/airflow/dags/train_traffic_pred.py
[2025-07-22T08:53:44.675+0000] {processor.py:925} INFO - DAG(s) 'train_traffic_pred' retrieved from /opt/airflow/dags/train_traffic_pred.py
[2025-07-22T08:53:44.696+0000] {logging_mixin.py:190} INFO - [2025-07-22T08:53:44.695+0000] {dag.py:3239} INFO - Sync 1 DAGs
[2025-07-22T08:53:44.714+0000] {logging_mixin.py:190} INFO - [2025-07-22T08:53:44.714+0000] {dag.py:4180} INFO - Setting next_dagrun for train_traffic_pred to 2025-07-22 00:00:00+00:00, run_after=2025-07-23 00:00:00+00:00
[2025-07-22T08:53:44.728+0000] {processor.py:208} INFO - Processing /opt/airflow/dags/train_traffic_pred.py took 3.258 seconds
[2025-07-22T08:54:16.649+0000] {processor.py:186} INFO - Started process (PID=32596) to work on /opt/airflow/dags/train_traffic_pred.py
[2025-07-22T08:54:16.650+0000] {processor.py:914} INFO - Processing file /opt/airflow/dags/train_traffic_pred.py for tasks to queue
[2025-07-22T08:54:16.652+0000] {logging_mixin.py:190} INFO - [2025-07-22T08:54:16.652+0000] {dagbag.py:588} INFO - Filling up the DagBag from /opt/airflow/dags/train_traffic_pred.py
[2025-07-22T08:54:20.045+0000] {processor.py:925} INFO - DAG(s) 'train_traffic_pred' retrieved from /opt/airflow/dags/train_traffic_pred.py
[2025-07-22T08:54:20.064+0000] {logging_mixin.py:190} INFO - [2025-07-22T08:54:20.064+0000] {dag.py:3239} INFO - Sync 1 DAGs
[2025-07-22T08:54:20.082+0000] {logging_mixin.py:190} INFO - [2025-07-22T08:54:20.082+0000] {dag.py:4180} INFO - Setting next_dagrun for train_traffic_pred to 2025-07-22 00:00:00+00:00, run_after=2025-07-23 00:00:00+00:00
[2025-07-22T08:54:20.095+0000] {processor.py:208} INFO - Processing /opt/airflow/dags/train_traffic_pred.py took 3.451 seconds
[2025-07-22T08:54:51.967+0000] {processor.py:186} INFO - Started process (PID=32694) to work on /opt/airflow/dags/train_traffic_pred.py
[2025-07-22T08:54:51.968+0000] {processor.py:914} INFO - Processing file /opt/airflow/dags/train_traffic_pred.py for tasks to queue
[2025-07-22T08:54:51.970+0000] {logging_mixin.py:190} INFO - [2025-07-22T08:54:51.970+0000] {dagbag.py:588} INFO - Filling up the DagBag from /opt/airflow/dags/train_traffic_pred.py
[2025-07-22T08:54:55.236+0000] {processor.py:925} INFO - DAG(s) 'train_traffic_pred' retrieved from /opt/airflow/dags/train_traffic_pred.py
[2025-07-22T08:54:55.258+0000] {logging_mixin.py:190} INFO - [2025-07-22T08:54:55.258+0000] {dag.py:3239} INFO - Sync 1 DAGs
[2025-07-22T08:54:55.275+0000] {logging_mixin.py:190} INFO - [2025-07-22T08:54:55.275+0000] {dag.py:4180} INFO - Setting next_dagrun for train_traffic_pred to 2025-07-22 00:00:00+00:00, run_after=2025-07-23 00:00:00+00:00
[2025-07-22T08:54:55.290+0000] {processor.py:208} INFO - Processing /opt/airflow/dags/train_traffic_pred.py took 3.329 seconds
[2025-07-22T08:55:27.186+0000] {processor.py:186} INFO - Started process (PID=32792) to work on /opt/airflow/dags/train_traffic_pred.py
[2025-07-22T08:55:27.187+0000] {processor.py:914} INFO - Processing file /opt/airflow/dags/train_traffic_pred.py for tasks to queue
[2025-07-22T08:55:27.189+0000] {logging_mixin.py:190} INFO - [2025-07-22T08:55:27.189+0000] {dagbag.py:588} INFO - Filling up the DagBag from /opt/airflow/dags/train_traffic_pred.py
[2025-07-22T08:55:30.436+0000] {processor.py:925} INFO - DAG(s) 'train_traffic_pred' retrieved from /opt/airflow/dags/train_traffic_pred.py
[2025-07-22T08:55:30.459+0000] {logging_mixin.py:190} INFO - [2025-07-22T08:55:30.459+0000] {dag.py:3239} INFO - Sync 1 DAGs
[2025-07-22T08:55:30.480+0000] {logging_mixin.py:190} INFO - [2025-07-22T08:55:30.480+0000] {dag.py:4180} INFO - Setting next_dagrun for train_traffic_pred to 2025-07-22 00:00:00+00:00, run_after=2025-07-23 00:00:00+00:00
[2025-07-22T08:55:30.495+0000] {processor.py:208} INFO - Processing /opt/airflow/dags/train_traffic_pred.py took 3.314 seconds
[2025-07-22T08:56:02.512+0000] {processor.py:186} INFO - Started process (PID=32890) to work on /opt/airflow/dags/train_traffic_pred.py
[2025-07-22T08:56:02.513+0000] {processor.py:914} INFO - Processing file /opt/airflow/dags/train_traffic_pred.py for tasks to queue
[2025-07-22T08:56:02.515+0000] {logging_mixin.py:190} INFO - [2025-07-22T08:56:02.515+0000] {dagbag.py:588} INFO - Filling up the DagBag from /opt/airflow/dags/train_traffic_pred.py
[2025-07-22T08:56:05.803+0000] {processor.py:925} INFO - DAG(s) 'train_traffic_pred' retrieved from /opt/airflow/dags/train_traffic_pred.py
[2025-07-22T08:56:05.827+0000] {logging_mixin.py:190} INFO - [2025-07-22T08:56:05.826+0000] {dag.py:3239} INFO - Sync 1 DAGs
[2025-07-22T08:56:05.845+0000] {logging_mixin.py:190} INFO - [2025-07-22T08:56:05.845+0000] {dag.py:4180} INFO - Setting next_dagrun for train_traffic_pred to 2025-07-22 00:00:00+00:00, run_after=2025-07-23 00:00:00+00:00
[2025-07-22T08:56:05.859+0000] {processor.py:208} INFO - Processing /opt/airflow/dags/train_traffic_pred.py took 3.352 seconds
[2025-07-22T08:56:37.285+0000] {processor.py:186} INFO - Started process (PID=32994) to work on /opt/airflow/dags/train_traffic_pred.py
[2025-07-22T08:56:37.286+0000] {processor.py:914} INFO - Processing file /opt/airflow/dags/train_traffic_pred.py for tasks to queue
[2025-07-22T08:56:37.288+0000] {logging_mixin.py:190} INFO - [2025-07-22T08:56:37.288+0000] {dagbag.py:588} INFO - Filling up the DagBag from /opt/airflow/dags/train_traffic_pred.py
[2025-07-22T08:56:40.684+0000] {processor.py:925} INFO - DAG(s) 'train_traffic_pred' retrieved from /opt/airflow/dags/train_traffic_pred.py
[2025-07-22T08:56:40.706+0000] {logging_mixin.py:190} INFO - [2025-07-22T08:56:40.706+0000] {dag.py:3239} INFO - Sync 1 DAGs
[2025-07-22T08:56:40.726+0000] {logging_mixin.py:190} INFO - [2025-07-22T08:56:40.725+0000] {dag.py:4180} INFO - Setting next_dagrun for train_traffic_pred to 2025-07-22 00:00:00+00:00, run_after=2025-07-23 00:00:00+00:00
[2025-07-22T08:56:40.745+0000] {processor.py:208} INFO - Processing /opt/airflow/dags/train_traffic_pred.py took 3.465 seconds
[2025-07-22T08:57:12.655+0000] {processor.py:186} INFO - Started process (PID=33092) to work on /opt/airflow/dags/train_traffic_pred.py
[2025-07-22T08:57:12.656+0000] {processor.py:914} INFO - Processing file /opt/airflow/dags/train_traffic_pred.py for tasks to queue
[2025-07-22T08:57:12.659+0000] {logging_mixin.py:190} INFO - [2025-07-22T08:57:12.658+0000] {dagbag.py:588} INFO - Filling up the DagBag from /opt/airflow/dags/train_traffic_pred.py
[2025-07-22T08:57:16.011+0000] {processor.py:925} INFO - DAG(s) 'train_traffic_pred' retrieved from /opt/airflow/dags/train_traffic_pred.py
[2025-07-22T08:57:16.036+0000] {logging_mixin.py:190} INFO - [2025-07-22T08:57:16.035+0000] {dag.py:3239} INFO - Sync 1 DAGs
[2025-07-22T08:57:16.056+0000] {logging_mixin.py:190} INFO - [2025-07-22T08:57:16.056+0000] {dag.py:4180} INFO - Setting next_dagrun for train_traffic_pred to 2025-07-22 00:00:00+00:00, run_after=2025-07-23 00:00:00+00:00
[2025-07-22T08:57:16.072+0000] {processor.py:208} INFO - Processing /opt/airflow/dags/train_traffic_pred.py took 3.422 seconds
[2025-07-22T08:57:47.790+0000] {processor.py:186} INFO - Started process (PID=33190) to work on /opt/airflow/dags/train_traffic_pred.py
[2025-07-22T08:57:47.791+0000] {processor.py:914} INFO - Processing file /opt/airflow/dags/train_traffic_pred.py for tasks to queue
[2025-07-22T08:57:47.794+0000] {logging_mixin.py:190} INFO - [2025-07-22T08:57:47.794+0000] {dagbag.py:588} INFO - Filling up the DagBag from /opt/airflow/dags/train_traffic_pred.py
[2025-07-22T08:57:51.372+0000] {processor.py:925} INFO - DAG(s) 'train_traffic_pred' retrieved from /opt/airflow/dags/train_traffic_pred.py
[2025-07-22T08:57:51.397+0000] {logging_mixin.py:190} INFO - [2025-07-22T08:57:51.396+0000] {dag.py:3239} INFO - Sync 1 DAGs
[2025-07-22T08:57:51.416+0000] {logging_mixin.py:190} INFO - [2025-07-22T08:57:51.416+0000] {dag.py:4180} INFO - Setting next_dagrun for train_traffic_pred to 2025-07-22 00:00:00+00:00, run_after=2025-07-23 00:00:00+00:00
[2025-07-22T08:57:51.434+0000] {processor.py:208} INFO - Processing /opt/airflow/dags/train_traffic_pred.py took 3.653 seconds
[2025-07-22T08:58:22.817+0000] {processor.py:186} INFO - Started process (PID=33288) to work on /opt/airflow/dags/train_traffic_pred.py
[2025-07-22T08:58:22.818+0000] {processor.py:914} INFO - Processing file /opt/airflow/dags/train_traffic_pred.py for tasks to queue
[2025-07-22T08:58:22.819+0000] {logging_mixin.py:190} INFO - [2025-07-22T08:58:22.819+0000] {dagbag.py:588} INFO - Filling up the DagBag from /opt/airflow/dags/train_traffic_pred.py
[2025-07-22T08:58:26.201+0000] {processor.py:925} INFO - DAG(s) 'train_traffic_pred' retrieved from /opt/airflow/dags/train_traffic_pred.py
[2025-07-22T08:58:26.222+0000] {logging_mixin.py:190} INFO - [2025-07-22T08:58:26.221+0000] {dag.py:3239} INFO - Sync 1 DAGs
[2025-07-22T08:58:26.239+0000] {logging_mixin.py:190} INFO - [2025-07-22T08:58:26.239+0000] {dag.py:4180} INFO - Setting next_dagrun for train_traffic_pred to 2025-07-22 00:00:00+00:00, run_after=2025-07-23 00:00:00+00:00
[2025-07-22T08:58:26.254+0000] {processor.py:208} INFO - Processing /opt/airflow/dags/train_traffic_pred.py took 3.443 seconds
[2025-07-22T08:58:58.276+0000] {processor.py:186} INFO - Started process (PID=33386) to work on /opt/airflow/dags/train_traffic_pred.py
[2025-07-22T08:58:58.277+0000] {processor.py:914} INFO - Processing file /opt/airflow/dags/train_traffic_pred.py for tasks to queue
[2025-07-22T08:58:58.278+0000] {logging_mixin.py:190} INFO - [2025-07-22T08:58:58.278+0000] {dagbag.py:588} INFO - Filling up the DagBag from /opt/airflow/dags/train_traffic_pred.py
[2025-07-22T08:59:01.586+0000] {processor.py:925} INFO - DAG(s) 'train_traffic_pred' retrieved from /opt/airflow/dags/train_traffic_pred.py
[2025-07-22T08:59:01.608+0000] {logging_mixin.py:190} INFO - [2025-07-22T08:59:01.608+0000] {dag.py:3239} INFO - Sync 1 DAGs
[2025-07-22T08:59:01.625+0000] {logging_mixin.py:190} INFO - [2025-07-22T08:59:01.625+0000] {dag.py:4180} INFO - Setting next_dagrun for train_traffic_pred to 2025-07-22 00:00:00+00:00, run_after=2025-07-23 00:00:00+00:00
[2025-07-22T08:59:01.641+0000] {processor.py:208} INFO - Processing /opt/airflow/dags/train_traffic_pred.py took 3.371 seconds
[2025-07-22T08:59:33.513+0000] {processor.py:186} INFO - Started process (PID=33484) to work on /opt/airflow/dags/train_traffic_pred.py
[2025-07-22T08:59:33.514+0000] {processor.py:914} INFO - Processing file /opt/airflow/dags/train_traffic_pred.py for tasks to queue
[2025-07-22T08:59:33.516+0000] {logging_mixin.py:190} INFO - [2025-07-22T08:59:33.516+0000] {dagbag.py:588} INFO - Filling up the DagBag from /opt/airflow/dags/train_traffic_pred.py
[2025-07-22T08:59:36.835+0000] {processor.py:925} INFO - DAG(s) 'train_traffic_pred' retrieved from /opt/airflow/dags/train_traffic_pred.py
[2025-07-22T08:59:36.858+0000] {logging_mixin.py:190} INFO - [2025-07-22T08:59:36.858+0000] {dag.py:3239} INFO - Sync 1 DAGs
[2025-07-22T08:59:36.877+0000] {logging_mixin.py:190} INFO - [2025-07-22T08:59:36.876+0000] {dag.py:4180} INFO - Setting next_dagrun for train_traffic_pred to 2025-07-22 00:00:00+00:00, run_after=2025-07-23 00:00:00+00:00
[2025-07-22T08:59:36.893+0000] {processor.py:208} INFO - Processing /opt/airflow/dags/train_traffic_pred.py took 3.385 seconds
[2025-07-22T09:00:08.147+0000] {processor.py:186} INFO - Started process (PID=33588) to work on /opt/airflow/dags/train_traffic_pred.py
[2025-07-22T09:00:08.148+0000] {processor.py:914} INFO - Processing file /opt/airflow/dags/train_traffic_pred.py for tasks to queue
[2025-07-22T09:00:08.150+0000] {logging_mixin.py:190} INFO - [2025-07-22T09:00:08.150+0000] {dagbag.py:588} INFO - Filling up the DagBag from /opt/airflow/dags/train_traffic_pred.py
[2025-07-22T09:00:11.591+0000] {processor.py:925} INFO - DAG(s) 'train_traffic_pred' retrieved from /opt/airflow/dags/train_traffic_pred.py
[2025-07-22T09:00:11.614+0000] {logging_mixin.py:190} INFO - [2025-07-22T09:00:11.612+0000] {dag.py:3239} INFO - Sync 1 DAGs
[2025-07-22T09:00:11.631+0000] {logging_mixin.py:190} INFO - [2025-07-22T09:00:11.630+0000] {dag.py:4180} INFO - Setting next_dagrun for train_traffic_pred to 2025-07-22 00:00:00+00:00, run_after=2025-07-23 00:00:00+00:00
[2025-07-22T09:00:11.646+0000] {processor.py:208} INFO - Processing /opt/airflow/dags/train_traffic_pred.py took 3.505 seconds
[2025-07-22T09:00:43.606+0000] {processor.py:186} INFO - Started process (PID=33686) to work on /opt/airflow/dags/train_traffic_pred.py
[2025-07-22T09:00:43.607+0000] {processor.py:914} INFO - Processing file /opt/airflow/dags/train_traffic_pred.py for tasks to queue
[2025-07-22T09:00:43.609+0000] {logging_mixin.py:190} INFO - [2025-07-22T09:00:43.609+0000] {dagbag.py:588} INFO - Filling up the DagBag from /opt/airflow/dags/train_traffic_pred.py
[2025-07-22T09:00:46.789+0000] {processor.py:925} INFO - DAG(s) 'train_traffic_pred' retrieved from /opt/airflow/dags/train_traffic_pred.py
[2025-07-22T09:00:46.808+0000] {logging_mixin.py:190} INFO - [2025-07-22T09:00:46.808+0000] {dag.py:3239} INFO - Sync 1 DAGs
[2025-07-22T09:00:46.825+0000] {logging_mixin.py:190} INFO - [2025-07-22T09:00:46.824+0000] {dag.py:4180} INFO - Setting next_dagrun for train_traffic_pred to 2025-07-22 00:00:00+00:00, run_after=2025-07-23 00:00:00+00:00
[2025-07-22T09:00:46.840+0000] {processor.py:208} INFO - Processing /opt/airflow/dags/train_traffic_pred.py took 3.239 seconds
[2025-07-22T09:01:18.691+0000] {processor.py:186} INFO - Started process (PID=33784) to work on /opt/airflow/dags/train_traffic_pred.py
[2025-07-22T09:01:18.692+0000] {processor.py:914} INFO - Processing file /opt/airflow/dags/train_traffic_pred.py for tasks to queue
[2025-07-22T09:01:18.694+0000] {logging_mixin.py:190} INFO - [2025-07-22T09:01:18.694+0000] {dagbag.py:588} INFO - Filling up the DagBag from /opt/airflow/dags/train_traffic_pred.py
[2025-07-22T09:01:22.060+0000] {processor.py:925} INFO - DAG(s) 'train_traffic_pred' retrieved from /opt/airflow/dags/train_traffic_pred.py
[2025-07-22T09:01:22.082+0000] {logging_mixin.py:190} INFO - [2025-07-22T09:01:22.081+0000] {dag.py:3239} INFO - Sync 1 DAGs
[2025-07-22T09:01:22.101+0000] {logging_mixin.py:190} INFO - [2025-07-22T09:01:22.101+0000] {dag.py:4180} INFO - Setting next_dagrun for train_traffic_pred to 2025-07-22 00:00:00+00:00, run_after=2025-07-23 00:00:00+00:00
[2025-07-22T09:01:22.117+0000] {processor.py:208} INFO - Processing /opt/airflow/dags/train_traffic_pred.py took 3.433 seconds
[2025-07-22T09:01:54.034+0000] {processor.py:186} INFO - Started process (PID=33882) to work on /opt/airflow/dags/train_traffic_pred.py
[2025-07-22T09:01:54.035+0000] {processor.py:914} INFO - Processing file /opt/airflow/dags/train_traffic_pred.py for tasks to queue
[2025-07-22T09:01:54.037+0000] {logging_mixin.py:190} INFO - [2025-07-22T09:01:54.037+0000] {dagbag.py:588} INFO - Filling up the DagBag from /opt/airflow/dags/train_traffic_pred.py
[2025-07-22T09:01:57.286+0000] {processor.py:925} INFO - DAG(s) 'train_traffic_pred' retrieved from /opt/airflow/dags/train_traffic_pred.py
[2025-07-22T09:01:57.309+0000] {logging_mixin.py:190} INFO - [2025-07-22T09:01:57.307+0000] {dag.py:3239} INFO - Sync 1 DAGs
[2025-07-22T09:01:57.327+0000] {logging_mixin.py:190} INFO - [2025-07-22T09:01:57.327+0000] {dag.py:4180} INFO - Setting next_dagrun for train_traffic_pred to 2025-07-22 00:00:00+00:00, run_after=2025-07-23 00:00:00+00:00
[2025-07-22T09:01:57.341+0000] {processor.py:208} INFO - Processing /opt/airflow/dags/train_traffic_pred.py took 3.313 seconds
[2025-07-22T09:02:29.304+0000] {processor.py:186} INFO - Started process (PID=33980) to work on /opt/airflow/dags/train_traffic_pred.py
[2025-07-22T09:02:29.305+0000] {processor.py:914} INFO - Processing file /opt/airflow/dags/train_traffic_pred.py for tasks to queue
[2025-07-22T09:02:29.307+0000] {logging_mixin.py:190} INFO - [2025-07-22T09:02:29.307+0000] {dagbag.py:588} INFO - Filling up the DagBag from /opt/airflow/dags/train_traffic_pred.py
[2025-07-22T09:02:32.745+0000] {processor.py:925} INFO - DAG(s) 'train_traffic_pred' retrieved from /opt/airflow/dags/train_traffic_pred.py
[2025-07-22T09:02:32.767+0000] {logging_mixin.py:190} INFO - [2025-07-22T09:02:32.766+0000] {dag.py:3239} INFO - Sync 1 DAGs
[2025-07-22T09:02:32.784+0000] {logging_mixin.py:190} INFO - [2025-07-22T09:02:32.784+0000] {dag.py:4180} INFO - Setting next_dagrun for train_traffic_pred to 2025-07-22 00:00:00+00:00, run_after=2025-07-23 00:00:00+00:00
[2025-07-22T09:02:32.800+0000] {processor.py:208} INFO - Processing /opt/airflow/dags/train_traffic_pred.py took 3.502 seconds
[2025-07-22T09:03:04.216+0000] {processor.py:186} INFO - Started process (PID=34078) to work on /opt/airflow/dags/train_traffic_pred.py
[2025-07-22T09:03:04.217+0000] {processor.py:914} INFO - Processing file /opt/airflow/dags/train_traffic_pred.py for tasks to queue
[2025-07-22T09:03:04.220+0000] {logging_mixin.py:190} INFO - [2025-07-22T09:03:04.219+0000] {dagbag.py:588} INFO - Filling up the DagBag from /opt/airflow/dags/train_traffic_pred.py
[2025-07-22T09:03:07.720+0000] {processor.py:925} INFO - DAG(s) 'train_traffic_pred' retrieved from /opt/airflow/dags/train_traffic_pred.py
[2025-07-22T09:03:07.743+0000] {logging_mixin.py:190} INFO - [2025-07-22T09:03:07.742+0000] {dag.py:3239} INFO - Sync 1 DAGs
[2025-07-22T09:03:07.760+0000] {logging_mixin.py:190} INFO - [2025-07-22T09:03:07.760+0000] {dag.py:4180} INFO - Setting next_dagrun for train_traffic_pred to 2025-07-22 00:00:00+00:00, run_after=2025-07-23 00:00:00+00:00
[2025-07-22T09:03:07.773+0000] {processor.py:208} INFO - Processing /opt/airflow/dags/train_traffic_pred.py took 3.563 seconds
[2025-07-22T09:03:38.994+0000] {processor.py:186} INFO - Started process (PID=34182) to work on /opt/airflow/dags/train_traffic_pred.py
[2025-07-22T09:03:38.995+0000] {processor.py:914} INFO - Processing file /opt/airflow/dags/train_traffic_pred.py for tasks to queue
[2025-07-22T09:03:38.997+0000] {logging_mixin.py:190} INFO - [2025-07-22T09:03:38.997+0000] {dagbag.py:588} INFO - Filling up the DagBag from /opt/airflow/dags/train_traffic_pred.py
[2025-07-22T09:03:42.405+0000] {processor.py:925} INFO - DAG(s) 'train_traffic_pred' retrieved from /opt/airflow/dags/train_traffic_pred.py
[2025-07-22T09:03:42.426+0000] {logging_mixin.py:190} INFO - [2025-07-22T09:03:42.425+0000] {dag.py:3239} INFO - Sync 1 DAGs
[2025-07-22T09:03:42.444+0000] {logging_mixin.py:190} INFO - [2025-07-22T09:03:42.444+0000] {dag.py:4180} INFO - Setting next_dagrun for train_traffic_pred to 2025-07-22 00:00:00+00:00, run_after=2025-07-23 00:00:00+00:00
[2025-07-22T09:03:42.459+0000] {processor.py:208} INFO - Processing /opt/airflow/dags/train_traffic_pred.py took 3.473 seconds
[2025-07-22T09:04:14.398+0000] {processor.py:186} INFO - Started process (PID=34280) to work on /opt/airflow/dags/train_traffic_pred.py
[2025-07-22T09:04:14.399+0000] {processor.py:914} INFO - Processing file /opt/airflow/dags/train_traffic_pred.py for tasks to queue
[2025-07-22T09:04:14.401+0000] {logging_mixin.py:190} INFO - [2025-07-22T09:04:14.401+0000] {dagbag.py:588} INFO - Filling up the DagBag from /opt/airflow/dags/train_traffic_pred.py
[2025-07-22T09:04:17.655+0000] {processor.py:925} INFO - DAG(s) 'train_traffic_pred' retrieved from /opt/airflow/dags/train_traffic_pred.py
[2025-07-22T09:04:17.676+0000] {logging_mixin.py:190} INFO - [2025-07-22T09:04:17.676+0000] {dag.py:3239} INFO - Sync 1 DAGs
[2025-07-22T09:04:17.694+0000] {logging_mixin.py:190} INFO - [2025-07-22T09:04:17.694+0000] {dag.py:4180} INFO - Setting next_dagrun for train_traffic_pred to 2025-07-22 00:00:00+00:00, run_after=2025-07-23 00:00:00+00:00
[2025-07-22T09:04:17.710+0000] {processor.py:208} INFO - Processing /opt/airflow/dags/train_traffic_pred.py took 3.317 seconds
[2025-07-22T09:04:49.378+0000] {processor.py:186} INFO - Started process (PID=34378) to work on /opt/airflow/dags/train_traffic_pred.py
[2025-07-22T09:04:49.379+0000] {processor.py:914} INFO - Processing file /opt/airflow/dags/train_traffic_pred.py for tasks to queue
[2025-07-22T09:04:49.381+0000] {logging_mixin.py:190} INFO - [2025-07-22T09:04:49.380+0000] {dagbag.py:588} INFO - Filling up the DagBag from /opt/airflow/dags/train_traffic_pred.py
[2025-07-22T09:04:52.715+0000] {processor.py:925} INFO - DAG(s) 'train_traffic_pred' retrieved from /opt/airflow/dags/train_traffic_pred.py
[2025-07-22T09:04:52.737+0000] {logging_mixin.py:190} INFO - [2025-07-22T09:04:52.737+0000] {dag.py:3239} INFO - Sync 1 DAGs
[2025-07-22T09:04:52.755+0000] {logging_mixin.py:190} INFO - [2025-07-22T09:04:52.755+0000] {dag.py:4180} INFO - Setting next_dagrun for train_traffic_pred to 2025-07-22 00:00:00+00:00, run_after=2025-07-23 00:00:00+00:00
[2025-07-22T09:04:52.770+0000] {processor.py:208} INFO - Processing /opt/airflow/dags/train_traffic_pred.py took 3.399 seconds
[2025-07-22T09:05:24.636+0000] {processor.py:186} INFO - Started process (PID=34476) to work on /opt/airflow/dags/train_traffic_pred.py
[2025-07-22T09:05:24.637+0000] {processor.py:914} INFO - Processing file /opt/airflow/dags/train_traffic_pred.py for tasks to queue
[2025-07-22T09:05:24.639+0000] {logging_mixin.py:190} INFO - [2025-07-22T09:05:24.638+0000] {dagbag.py:588} INFO - Filling up the DagBag from /opt/airflow/dags/train_traffic_pred.py
[2025-07-22T09:05:27.903+0000] {processor.py:925} INFO - DAG(s) 'train_traffic_pred' retrieved from /opt/airflow/dags/train_traffic_pred.py
[2025-07-22T09:05:27.931+0000] {logging_mixin.py:190} INFO - [2025-07-22T09:05:27.930+0000] {dag.py:3239} INFO - Sync 1 DAGs
[2025-07-22T09:05:27.952+0000] {logging_mixin.py:190} INFO - [2025-07-22T09:05:27.952+0000] {dag.py:4180} INFO - Setting next_dagrun for train_traffic_pred to 2025-07-22 00:00:00+00:00, run_after=2025-07-23 00:00:00+00:00
[2025-07-22T09:05:27.968+0000] {processor.py:208} INFO - Processing /opt/airflow/dags/train_traffic_pred.py took 3.337 seconds
[2025-07-22T09:05:59.843+0000] {processor.py:186} INFO - Started process (PID=34574) to work on /opt/airflow/dags/train_traffic_pred.py
[2025-07-22T09:05:59.844+0000] {processor.py:914} INFO - Processing file /opt/airflow/dags/train_traffic_pred.py for tasks to queue
[2025-07-22T09:05:59.846+0000] {logging_mixin.py:190} INFO - [2025-07-22T09:05:59.846+0000] {dagbag.py:588} INFO - Filling up the DagBag from /opt/airflow/dags/train_traffic_pred.py
[2025-07-22T09:06:03.476+0000] {processor.py:925} INFO - DAG(s) 'train_traffic_pred' retrieved from /opt/airflow/dags/train_traffic_pred.py
[2025-07-22T09:06:03.498+0000] {logging_mixin.py:190} INFO - [2025-07-22T09:06:03.497+0000] {dag.py:3239} INFO - Sync 1 DAGs
[2025-07-22T09:06:03.518+0000] {logging_mixin.py:190} INFO - [2025-07-22T09:06:03.517+0000] {dag.py:4180} INFO - Setting next_dagrun for train_traffic_pred to 2025-07-22 00:00:00+00:00, run_after=2025-07-23 00:00:00+00:00
[2025-07-22T09:06:03.534+0000] {processor.py:208} INFO - Processing /opt/airflow/dags/train_traffic_pred.py took 3.696 seconds
[2025-07-22T09:06:34.943+0000] {processor.py:186} INFO - Started process (PID=34672) to work on /opt/airflow/dags/train_traffic_pred.py
[2025-07-22T09:06:34.944+0000] {processor.py:914} INFO - Processing file /opt/airflow/dags/train_traffic_pred.py for tasks to queue
[2025-07-22T09:06:34.946+0000] {logging_mixin.py:190} INFO - [2025-07-22T09:06:34.946+0000] {dagbag.py:588} INFO - Filling up the DagBag from /opt/airflow/dags/train_traffic_pred.py
[2025-07-22T09:06:38.525+0000] {processor.py:925} INFO - DAG(s) 'train_traffic_pred' retrieved from /opt/airflow/dags/train_traffic_pred.py
[2025-07-22T09:06:38.550+0000] {logging_mixin.py:190} INFO - [2025-07-22T09:06:38.549+0000] {dag.py:3239} INFO - Sync 1 DAGs
[2025-07-22T09:06:38.570+0000] {logging_mixin.py:190} INFO - [2025-07-22T09:06:38.570+0000] {dag.py:4180} INFO - Setting next_dagrun for train_traffic_pred to 2025-07-22 00:00:00+00:00, run_after=2025-07-23 00:00:00+00:00
[2025-07-22T09:06:38.588+0000] {processor.py:208} INFO - Processing /opt/airflow/dags/train_traffic_pred.py took 3.652 seconds
[2025-07-22T09:07:10.078+0000] {processor.py:186} INFO - Started process (PID=34776) to work on /opt/airflow/dags/train_traffic_pred.py
[2025-07-22T09:07:10.079+0000] {processor.py:914} INFO - Processing file /opt/airflow/dags/train_traffic_pred.py for tasks to queue
[2025-07-22T09:07:10.081+0000] {logging_mixin.py:190} INFO - [2025-07-22T09:07:10.081+0000] {dagbag.py:588} INFO - Filling up the DagBag from /opt/airflow/dags/train_traffic_pred.py
[2025-07-22T09:07:13.795+0000] {processor.py:925} INFO - DAG(s) 'train_traffic_pred' retrieved from /opt/airflow/dags/train_traffic_pred.py
[2025-07-22T09:07:13.816+0000] {logging_mixin.py:190} INFO - [2025-07-22T09:07:13.815+0000] {dag.py:3239} INFO - Sync 1 DAGs
[2025-07-22T09:07:13.834+0000] {logging_mixin.py:190} INFO - [2025-07-22T09:07:13.834+0000] {dag.py:4180} INFO - Setting next_dagrun for train_traffic_pred to 2025-07-22 00:00:00+00:00, run_after=2025-07-23 00:00:00+00:00
[2025-07-22T09:07:13.848+0000] {processor.py:208} INFO - Processing /opt/airflow/dags/train_traffic_pred.py took 3.776 seconds
[2025-07-22T09:07:44.919+0000] {processor.py:186} INFO - Started process (PID=34874) to work on /opt/airflow/dags/train_traffic_pred.py
[2025-07-22T09:07:44.921+0000] {processor.py:914} INFO - Processing file /opt/airflow/dags/train_traffic_pred.py for tasks to queue
[2025-07-22T09:07:44.923+0000] {logging_mixin.py:190} INFO - [2025-07-22T09:07:44.923+0000] {dagbag.py:588} INFO - Filling up the DagBag from /opt/airflow/dags/train_traffic_pred.py
[2025-07-22T09:07:48.229+0000] {processor.py:925} INFO - DAG(s) 'train_traffic_pred' retrieved from /opt/airflow/dags/train_traffic_pred.py
[2025-07-22T09:07:48.248+0000] {logging_mixin.py:190} INFO - [2025-07-22T09:07:48.248+0000] {dag.py:3239} INFO - Sync 1 DAGs
[2025-07-22T09:07:48.266+0000] {logging_mixin.py:190} INFO - [2025-07-22T09:07:48.265+0000] {dag.py:4180} INFO - Setting next_dagrun for train_traffic_pred to 2025-07-22 00:00:00+00:00, run_after=2025-07-23 00:00:00+00:00
[2025-07-22T09:07:48.281+0000] {processor.py:208} INFO - Processing /opt/airflow/dags/train_traffic_pred.py took 3.368 seconds
[2025-07-22T09:08:20.182+0000] {processor.py:186} INFO - Started process (PID=34972) to work on /opt/airflow/dags/train_traffic_pred.py
[2025-07-22T09:08:20.182+0000] {processor.py:914} INFO - Processing file /opt/airflow/dags/train_traffic_pred.py for tasks to queue
[2025-07-22T09:08:20.185+0000] {logging_mixin.py:190} INFO - [2025-07-22T09:08:20.184+0000] {dagbag.py:588} INFO - Filling up the DagBag from /opt/airflow/dags/train_traffic_pred.py
[2025-07-22T09:08:23.690+0000] {processor.py:925} INFO - DAG(s) 'train_traffic_pred' retrieved from /opt/airflow/dags/train_traffic_pred.py
[2025-07-22T09:08:23.713+0000] {logging_mixin.py:190} INFO - [2025-07-22T09:08:23.712+0000] {dag.py:3239} INFO - Sync 1 DAGs
[2025-07-22T09:08:23.731+0000] {logging_mixin.py:190} INFO - [2025-07-22T09:08:23.731+0000] {dag.py:4180} INFO - Setting next_dagrun for train_traffic_pred to 2025-07-22 00:00:00+00:00, run_after=2025-07-23 00:00:00+00:00
[2025-07-22T09:08:23.745+0000] {processor.py:208} INFO - Processing /opt/airflow/dags/train_traffic_pred.py took 3.570 seconds
[2025-07-22T09:08:55.098+0000] {processor.py:186} INFO - Started process (PID=35070) to work on /opt/airflow/dags/train_traffic_pred.py
[2025-07-22T09:08:55.099+0000] {processor.py:914} INFO - Processing file /opt/airflow/dags/train_traffic_pred.py for tasks to queue
[2025-07-22T09:08:55.101+0000] {logging_mixin.py:190} INFO - [2025-07-22T09:08:55.101+0000] {dagbag.py:588} INFO - Filling up the DagBag from /opt/airflow/dags/train_traffic_pred.py
[2025-07-22T09:08:58.426+0000] {processor.py:925} INFO - DAG(s) 'train_traffic_pred' retrieved from /opt/airflow/dags/train_traffic_pred.py
[2025-07-22T09:08:58.448+0000] {logging_mixin.py:190} INFO - [2025-07-22T09:08:58.447+0000] {dag.py:3239} INFO - Sync 1 DAGs
[2025-07-22T09:08:58.466+0000] {logging_mixin.py:190} INFO - [2025-07-22T09:08:58.466+0000] {dag.py:4180} INFO - Setting next_dagrun for train_traffic_pred to 2025-07-22 00:00:00+00:00, run_after=2025-07-23 00:00:00+00:00
[2025-07-22T09:08:58.480+0000] {processor.py:208} INFO - Processing /opt/airflow/dags/train_traffic_pred.py took 3.387 seconds
[2025-07-22T09:09:29.610+0000] {processor.py:186} INFO - Started process (PID=35168) to work on /opt/airflow/dags/train_traffic_pred.py
[2025-07-22T09:09:29.611+0000] {processor.py:914} INFO - Processing file /opt/airflow/dags/train_traffic_pred.py for tasks to queue
[2025-07-22T09:09:29.613+0000] {logging_mixin.py:190} INFO - [2025-07-22T09:09:29.613+0000] {dagbag.py:588} INFO - Filling up the DagBag from /opt/airflow/dags/train_traffic_pred.py
[2025-07-22T09:09:33.147+0000] {processor.py:925} INFO - DAG(s) 'train_traffic_pred' retrieved from /opt/airflow/dags/train_traffic_pred.py
[2025-07-22T09:09:33.172+0000] {logging_mixin.py:190} INFO - [2025-07-22T09:09:33.171+0000] {dag.py:3239} INFO - Sync 1 DAGs
[2025-07-22T09:09:33.191+0000] {logging_mixin.py:190} INFO - [2025-07-22T09:09:33.191+0000] {dag.py:4180} INFO - Setting next_dagrun for train_traffic_pred to 2025-07-22 00:00:00+00:00, run_after=2025-07-23 00:00:00+00:00
[2025-07-22T09:09:33.209+0000] {processor.py:208} INFO - Processing /opt/airflow/dags/train_traffic_pred.py took 3.605 seconds
[2025-07-22T09:10:04.690+0000] {processor.py:186} INFO - Started process (PID=35266) to work on /opt/airflow/dags/train_traffic_pred.py
[2025-07-22T09:10:04.691+0000] {processor.py:914} INFO - Processing file /opt/airflow/dags/train_traffic_pred.py for tasks to queue
[2025-07-22T09:10:04.693+0000] {logging_mixin.py:190} INFO - [2025-07-22T09:10:04.693+0000] {dagbag.py:588} INFO - Filling up the DagBag from /opt/airflow/dags/train_traffic_pred.py
[2025-07-22T09:10:08.033+0000] {processor.py:925} INFO - DAG(s) 'train_traffic_pred' retrieved from /opt/airflow/dags/train_traffic_pred.py
[2025-07-22T09:10:08.057+0000] {logging_mixin.py:190} INFO - [2025-07-22T09:10:08.056+0000] {dag.py:3239} INFO - Sync 1 DAGs
[2025-07-22T09:10:08.075+0000] {logging_mixin.py:190} INFO - [2025-07-22T09:10:08.075+0000] {dag.py:4180} INFO - Setting next_dagrun for train_traffic_pred to 2025-07-22 00:00:00+00:00, run_after=2025-07-23 00:00:00+00:00
[2025-07-22T09:10:08.090+0000] {processor.py:208} INFO - Processing /opt/airflow/dags/train_traffic_pred.py took 3.405 seconds
[2025-07-22T09:10:39.297+0000] {processor.py:186} INFO - Started process (PID=35370) to work on /opt/airflow/dags/train_traffic_pred.py
[2025-07-22T09:10:39.299+0000] {processor.py:914} INFO - Processing file /opt/airflow/dags/train_traffic_pred.py for tasks to queue
[2025-07-22T09:10:39.303+0000] {logging_mixin.py:190} INFO - [2025-07-22T09:10:39.302+0000] {dagbag.py:588} INFO - Filling up the DagBag from /opt/airflow/dags/train_traffic_pred.py
[2025-07-22T09:10:42.756+0000] {processor.py:925} INFO - DAG(s) 'train_traffic_pred' retrieved from /opt/airflow/dags/train_traffic_pred.py
[2025-07-22T09:10:42.778+0000] {logging_mixin.py:190} INFO - [2025-07-22T09:10:42.776+0000] {dag.py:3239} INFO - Sync 1 DAGs
[2025-07-22T09:10:42.798+0000] {logging_mixin.py:190} INFO - [2025-07-22T09:10:42.798+0000] {dag.py:4180} INFO - Setting next_dagrun for train_traffic_pred to 2025-07-22 00:00:00+00:00, run_after=2025-07-23 00:00:00+00:00
[2025-07-22T09:10:42.815+0000] {processor.py:208} INFO - Processing /opt/airflow/dags/train_traffic_pred.py took 3.525 seconds
[2025-07-22T09:11:13.915+0000] {processor.py:186} INFO - Started process (PID=35468) to work on /opt/airflow/dags/train_traffic_pred.py
[2025-07-22T09:11:13.916+0000] {processor.py:914} INFO - Processing file /opt/airflow/dags/train_traffic_pred.py for tasks to queue
[2025-07-22T09:11:13.918+0000] {logging_mixin.py:190} INFO - [2025-07-22T09:11:13.917+0000] {dagbag.py:588} INFO - Filling up the DagBag from /opt/airflow/dags/train_traffic_pred.py
[2025-07-22T09:11:17.412+0000] {processor.py:925} INFO - DAG(s) 'train_traffic_pred' retrieved from /opt/airflow/dags/train_traffic_pred.py
[2025-07-22T09:11:17.440+0000] {logging_mixin.py:190} INFO - [2025-07-22T09:11:17.439+0000] {dag.py:3239} INFO - Sync 1 DAGs
[2025-07-22T09:11:17.463+0000] {logging_mixin.py:190} INFO - [2025-07-22T09:11:17.463+0000] {dag.py:4180} INFO - Setting next_dagrun for train_traffic_pred to 2025-07-22 00:00:00+00:00, run_after=2025-07-23 00:00:00+00:00
[2025-07-22T09:11:17.484+0000] {processor.py:208} INFO - Processing /opt/airflow/dags/train_traffic_pred.py took 3.574 seconds
[2025-07-22T09:11:48.787+0000] {processor.py:186} INFO - Started process (PID=35566) to work on /opt/airflow/dags/train_traffic_pred.py
[2025-07-22T09:11:48.788+0000] {processor.py:914} INFO - Processing file /opt/airflow/dags/train_traffic_pred.py for tasks to queue
[2025-07-22T09:11:48.790+0000] {logging_mixin.py:190} INFO - [2025-07-22T09:11:48.789+0000] {dagbag.py:588} INFO - Filling up the DagBag from /opt/airflow/dags/train_traffic_pred.py
[2025-07-22T09:11:52.281+0000] {processor.py:925} INFO - DAG(s) 'train_traffic_pred' retrieved from /opt/airflow/dags/train_traffic_pred.py
[2025-07-22T09:11:52.304+0000] {logging_mixin.py:190} INFO - [2025-07-22T09:11:52.304+0000] {dag.py:3239} INFO - Sync 1 DAGs
[2025-07-22T09:11:52.322+0000] {logging_mixin.py:190} INFO - [2025-07-22T09:11:52.321+0000] {dag.py:4180} INFO - Setting next_dagrun for train_traffic_pred to 2025-07-22 00:00:00+00:00, run_after=2025-07-23 00:00:00+00:00
[2025-07-22T09:11:52.336+0000] {processor.py:208} INFO - Processing /opt/airflow/dags/train_traffic_pred.py took 3.564 seconds
[2025-07-22T09:12:23.639+0000] {processor.py:186} INFO - Started process (PID=35664) to work on /opt/airflow/dags/train_traffic_pred.py
[2025-07-22T09:12:23.640+0000] {processor.py:914} INFO - Processing file /opt/airflow/dags/train_traffic_pred.py for tasks to queue
[2025-07-22T09:12:23.643+0000] {logging_mixin.py:190} INFO - [2025-07-22T09:12:23.642+0000] {dagbag.py:588} INFO - Filling up the DagBag from /opt/airflow/dags/train_traffic_pred.py
[2025-07-22T09:12:26.970+0000] {processor.py:925} INFO - DAG(s) 'train_traffic_pred' retrieved from /opt/airflow/dags/train_traffic_pred.py
[2025-07-22T09:12:26.993+0000] {logging_mixin.py:190} INFO - [2025-07-22T09:12:26.993+0000] {dag.py:3239} INFO - Sync 1 DAGs
[2025-07-22T09:12:27.012+0000] {logging_mixin.py:190} INFO - [2025-07-22T09:12:27.012+0000] {dag.py:4180} INFO - Setting next_dagrun for train_traffic_pred to 2025-07-22 00:00:00+00:00, run_after=2025-07-23 00:00:00+00:00
[2025-07-22T09:12:27.028+0000] {processor.py:208} INFO - Processing /opt/airflow/dags/train_traffic_pred.py took 3.394 seconds
[2025-07-22T09:12:58.255+0000] {processor.py:186} INFO - Started process (PID=35762) to work on /opt/airflow/dags/train_traffic_pred.py
[2025-07-22T09:12:58.256+0000] {processor.py:914} INFO - Processing file /opt/airflow/dags/train_traffic_pred.py for tasks to queue
[2025-07-22T09:12:58.259+0000] {logging_mixin.py:190} INFO - [2025-07-22T09:12:58.258+0000] {dagbag.py:588} INFO - Filling up the DagBag from /opt/airflow/dags/train_traffic_pred.py
[2025-07-22T09:13:01.778+0000] {processor.py:925} INFO - DAG(s) 'train_traffic_pred' retrieved from /opt/airflow/dags/train_traffic_pred.py
[2025-07-22T09:13:01.800+0000] {logging_mixin.py:190} INFO - [2025-07-22T09:13:01.800+0000] {dag.py:3239} INFO - Sync 1 DAGs
[2025-07-22T09:13:01.819+0000] {logging_mixin.py:190} INFO - [2025-07-22T09:13:01.819+0000] {dag.py:4180} INFO - Setting next_dagrun for train_traffic_pred to 2025-07-22 00:00:00+00:00, run_after=2025-07-23 00:00:00+00:00
[2025-07-22T09:13:01.836+0000] {processor.py:208} INFO - Processing /opt/airflow/dags/train_traffic_pred.py took 3.586 seconds
[2025-07-22T09:13:33.174+0000] {processor.py:186} INFO - Started process (PID=35860) to work on /opt/airflow/dags/train_traffic_pred.py
[2025-07-22T09:13:33.175+0000] {processor.py:914} INFO - Processing file /opt/airflow/dags/train_traffic_pred.py for tasks to queue
[2025-07-22T09:13:33.177+0000] {logging_mixin.py:190} INFO - [2025-07-22T09:13:33.177+0000] {dagbag.py:588} INFO - Filling up the DagBag from /opt/airflow/dags/train_traffic_pred.py
[2025-07-22T09:13:36.472+0000] {processor.py:925} INFO - DAG(s) 'train_traffic_pred' retrieved from /opt/airflow/dags/train_traffic_pred.py
[2025-07-22T09:13:36.497+0000] {logging_mixin.py:190} INFO - [2025-07-22T09:13:36.496+0000] {dag.py:3239} INFO - Sync 1 DAGs
[2025-07-22T09:13:36.515+0000] {logging_mixin.py:190} INFO - [2025-07-22T09:13:36.515+0000] {dag.py:4180} INFO - Setting next_dagrun for train_traffic_pred to 2025-07-22 00:00:00+00:00, run_after=2025-07-23 00:00:00+00:00
[2025-07-22T09:13:36.531+0000] {processor.py:208} INFO - Processing /opt/airflow/dags/train_traffic_pred.py took 3.363 seconds
[2025-07-22T09:14:07.599+0000] {processor.py:186} INFO - Started process (PID=35958) to work on /opt/airflow/dags/train_traffic_pred.py
[2025-07-22T09:14:07.600+0000] {processor.py:914} INFO - Processing file /opt/airflow/dags/train_traffic_pred.py for tasks to queue
[2025-07-22T09:14:07.602+0000] {logging_mixin.py:190} INFO - [2025-07-22T09:14:07.602+0000] {dagbag.py:588} INFO - Filling up the DagBag from /opt/airflow/dags/train_traffic_pred.py
[2025-07-22T09:14:10.983+0000] {processor.py:925} INFO - DAG(s) 'train_traffic_pred' retrieved from /opt/airflow/dags/train_traffic_pred.py
[2025-07-22T09:14:11.003+0000] {logging_mixin.py:190} INFO - [2025-07-22T09:14:11.003+0000] {dag.py:3239} INFO - Sync 1 DAGs
[2025-07-22T09:14:11.021+0000] {logging_mixin.py:190} INFO - [2025-07-22T09:14:11.021+0000] {dag.py:4180} INFO - Setting next_dagrun for train_traffic_pred to 2025-07-22 00:00:00+00:00, run_after=2025-07-23 00:00:00+00:00
[2025-07-22T09:14:11.034+0000] {processor.py:208} INFO - Processing /opt/airflow/dags/train_traffic_pred.py took 3.440 seconds
[2025-07-22T09:14:42.539+0000] {processor.py:186} INFO - Started process (PID=36062) to work on /opt/airflow/dags/train_traffic_pred.py
[2025-07-22T09:14:42.540+0000] {processor.py:914} INFO - Processing file /opt/airflow/dags/train_traffic_pred.py for tasks to queue
[2025-07-22T09:14:42.542+0000] {logging_mixin.py:190} INFO - [2025-07-22T09:14:42.542+0000] {dagbag.py:588} INFO - Filling up the DagBag from /opt/airflow/dags/train_traffic_pred.py
[2025-07-22T09:14:46.001+0000] {processor.py:925} INFO - DAG(s) 'train_traffic_pred' retrieved from /opt/airflow/dags/train_traffic_pred.py
[2025-07-22T09:14:46.023+0000] {logging_mixin.py:190} INFO - [2025-07-22T09:14:46.022+0000] {dag.py:3239} INFO - Sync 1 DAGs
[2025-07-22T09:14:46.042+0000] {logging_mixin.py:190} INFO - [2025-07-22T09:14:46.042+0000] {dag.py:4180} INFO - Setting next_dagrun for train_traffic_pred to 2025-07-22 00:00:00+00:00, run_after=2025-07-23 00:00:00+00:00
[2025-07-22T09:14:46.057+0000] {processor.py:208} INFO - Processing /opt/airflow/dags/train_traffic_pred.py took 3.524 seconds
[2025-07-22T09:15:17.455+0000] {processor.py:186} INFO - Started process (PID=36160) to work on /opt/airflow/dags/train_traffic_pred.py
[2025-07-22T09:15:17.456+0000] {processor.py:914} INFO - Processing file /opt/airflow/dags/train_traffic_pred.py for tasks to queue
[2025-07-22T09:15:17.458+0000] {logging_mixin.py:190} INFO - [2025-07-22T09:15:17.458+0000] {dagbag.py:588} INFO - Filling up the DagBag from /opt/airflow/dags/train_traffic_pred.py
[2025-07-22T09:15:21.210+0000] {processor.py:925} INFO - DAG(s) 'train_traffic_pred' retrieved from /opt/airflow/dags/train_traffic_pred.py
[2025-07-22T09:15:21.231+0000] {logging_mixin.py:190} INFO - [2025-07-22T09:15:21.230+0000] {dag.py:3239} INFO - Sync 1 DAGs
[2025-07-22T09:15:21.246+0000] {logging_mixin.py:190} INFO - [2025-07-22T09:15:21.246+0000] {dag.py:4180} INFO - Setting next_dagrun for train_traffic_pred to 2025-07-22 00:00:00+00:00, run_after=2025-07-23 00:00:00+00:00
[2025-07-22T09:15:21.260+0000] {processor.py:208} INFO - Processing /opt/airflow/dags/train_traffic_pred.py took 3.812 seconds
[2025-07-22T09:15:52.391+0000] {processor.py:186} INFO - Started process (PID=36258) to work on /opt/airflow/dags/train_traffic_pred.py
[2025-07-22T09:15:52.392+0000] {processor.py:914} INFO - Processing file /opt/airflow/dags/train_traffic_pred.py for tasks to queue
[2025-07-22T09:15:52.395+0000] {logging_mixin.py:190} INFO - [2025-07-22T09:15:52.395+0000] {dagbag.py:588} INFO - Filling up the DagBag from /opt/airflow/dags/train_traffic_pred.py
[2025-07-22T09:15:55.804+0000] {processor.py:925} INFO - DAG(s) 'train_traffic_pred' retrieved from /opt/airflow/dags/train_traffic_pred.py
[2025-07-22T09:15:55.826+0000] {logging_mixin.py:190} INFO - [2025-07-22T09:15:55.825+0000] {dag.py:3239} INFO - Sync 1 DAGs
[2025-07-22T09:15:55.845+0000] {logging_mixin.py:190} INFO - [2025-07-22T09:15:55.845+0000] {dag.py:4180} INFO - Setting next_dagrun for train_traffic_pred to 2025-07-22 00:00:00+00:00, run_after=2025-07-23 00:00:00+00:00
[2025-07-22T09:15:55.861+0000] {processor.py:208} INFO - Processing /opt/airflow/dags/train_traffic_pred.py took 3.477 seconds
[2025-07-22T09:16:27.300+0000] {processor.py:186} INFO - Started process (PID=36356) to work on /opt/airflow/dags/train_traffic_pred.py
[2025-07-22T09:16:27.301+0000] {processor.py:914} INFO - Processing file /opt/airflow/dags/train_traffic_pred.py for tasks to queue
[2025-07-22T09:16:27.303+0000] {logging_mixin.py:190} INFO - [2025-07-22T09:16:27.303+0000] {dagbag.py:588} INFO - Filling up the DagBag from /opt/airflow/dags/train_traffic_pred.py
[2025-07-22T09:16:30.677+0000] {processor.py:925} INFO - DAG(s) 'train_traffic_pred' retrieved from /opt/airflow/dags/train_traffic_pred.py
[2025-07-22T09:16:30.700+0000] {logging_mixin.py:190} INFO - [2025-07-22T09:16:30.700+0000] {dag.py:3239} INFO - Sync 1 DAGs
[2025-07-22T09:16:30.720+0000] {logging_mixin.py:190} INFO - [2025-07-22T09:16:30.719+0000] {dag.py:4180} INFO - Setting next_dagrun for train_traffic_pred to 2025-07-22 00:00:00+00:00, run_after=2025-07-23 00:00:00+00:00
[2025-07-22T09:16:30.737+0000] {processor.py:208} INFO - Processing /opt/airflow/dags/train_traffic_pred.py took 3.442 seconds
[2025-07-22T09:17:02.239+0000] {processor.py:186} INFO - Started process (PID=36454) to work on /opt/airflow/dags/train_traffic_pred.py
[2025-07-22T09:17:02.240+0000] {processor.py:914} INFO - Processing file /opt/airflow/dags/train_traffic_pred.py for tasks to queue
[2025-07-22T09:17:02.242+0000] {logging_mixin.py:190} INFO - [2025-07-22T09:17:02.242+0000] {dagbag.py:588} INFO - Filling up the DagBag from /opt/airflow/dags/train_traffic_pred.py
[2025-07-22T09:17:05.480+0000] {processor.py:925} INFO - DAG(s) 'train_traffic_pred' retrieved from /opt/airflow/dags/train_traffic_pred.py
[2025-07-22T09:17:05.502+0000] {logging_mixin.py:190} INFO - [2025-07-22T09:17:05.501+0000] {dag.py:3239} INFO - Sync 1 DAGs
[2025-07-22T09:17:05.520+0000] {logging_mixin.py:190} INFO - [2025-07-22T09:17:05.520+0000] {dag.py:4180} INFO - Setting next_dagrun for train_traffic_pred to 2025-07-22 00:00:00+00:00, run_after=2025-07-23 00:00:00+00:00
[2025-07-22T09:17:05.536+0000] {processor.py:208} INFO - Processing /opt/airflow/dags/train_traffic_pred.py took 3.302 seconds
[2025-07-22T09:17:37.221+0000] {processor.py:186} INFO - Started process (PID=36552) to work on /opt/airflow/dags/train_traffic_pred.py
[2025-07-22T09:17:37.222+0000] {processor.py:914} INFO - Processing file /opt/airflow/dags/train_traffic_pred.py for tasks to queue
[2025-07-22T09:17:37.224+0000] {logging_mixin.py:190} INFO - [2025-07-22T09:17:37.223+0000] {dagbag.py:588} INFO - Filling up the DagBag from /opt/airflow/dags/train_traffic_pred.py
[2025-07-22T09:17:40.595+0000] {processor.py:925} INFO - DAG(s) 'train_traffic_pred' retrieved from /opt/airflow/dags/train_traffic_pred.py
[2025-07-22T09:17:40.618+0000] {logging_mixin.py:190} INFO - [2025-07-22T09:17:40.617+0000] {dag.py:3239} INFO - Sync 1 DAGs
[2025-07-22T09:17:40.638+0000] {logging_mixin.py:190} INFO - [2025-07-22T09:17:40.637+0000] {dag.py:4180} INFO - Setting next_dagrun for train_traffic_pred to 2025-07-22 00:00:00+00:00, run_after=2025-07-23 00:00:00+00:00
[2025-07-22T09:17:40.652+0000] {processor.py:208} INFO - Processing /opt/airflow/dags/train_traffic_pred.py took 3.437 seconds
[2025-07-22T09:18:12.516+0000] {processor.py:186} INFO - Started process (PID=36656) to work on /opt/airflow/dags/train_traffic_pred.py
[2025-07-22T09:18:12.517+0000] {processor.py:914} INFO - Processing file /opt/airflow/dags/train_traffic_pred.py for tasks to queue
[2025-07-22T09:18:12.519+0000] {logging_mixin.py:190} INFO - [2025-07-22T09:18:12.519+0000] {dagbag.py:588} INFO - Filling up the DagBag from /opt/airflow/dags/train_traffic_pred.py
[2025-07-22T09:18:15.768+0000] {processor.py:925} INFO - DAG(s) 'train_traffic_pred' retrieved from /opt/airflow/dags/train_traffic_pred.py
[2025-07-22T09:18:15.790+0000] {logging_mixin.py:190} INFO - [2025-07-22T09:18:15.789+0000] {dag.py:3239} INFO - Sync 1 DAGs
[2025-07-22T09:18:15.808+0000] {logging_mixin.py:190} INFO - [2025-07-22T09:18:15.808+0000] {dag.py:4180} INFO - Setting next_dagrun for train_traffic_pred to 2025-07-22 00:00:00+00:00, run_after=2025-07-23 00:00:00+00:00
[2025-07-22T09:18:15.824+0000] {processor.py:208} INFO - Processing /opt/airflow/dags/train_traffic_pred.py took 3.313 seconds
[2025-07-22T09:18:47.765+0000] {processor.py:186} INFO - Started process (PID=36754) to work on /opt/airflow/dags/train_traffic_pred.py
[2025-07-22T09:18:47.766+0000] {processor.py:914} INFO - Processing file /opt/airflow/dags/train_traffic_pred.py for tasks to queue
[2025-07-22T09:18:47.769+0000] {logging_mixin.py:190} INFO - [2025-07-22T09:18:47.768+0000] {dagbag.py:588} INFO - Filling up the DagBag from /opt/airflow/dags/train_traffic_pred.py
[2025-07-22T09:18:51.327+0000] {processor.py:925} INFO - DAG(s) 'train_traffic_pred' retrieved from /opt/airflow/dags/train_traffic_pred.py
[2025-07-22T09:18:51.349+0000] {logging_mixin.py:190} INFO - [2025-07-22T09:18:51.348+0000] {dag.py:3239} INFO - Sync 1 DAGs
[2025-07-22T09:18:51.367+0000] {logging_mixin.py:190} INFO - [2025-07-22T09:18:51.367+0000] {dag.py:4180} INFO - Setting next_dagrun for train_traffic_pred to 2025-07-22 00:00:00+00:00, run_after=2025-07-23 00:00:00+00:00
[2025-07-22T09:18:51.380+0000] {processor.py:208} INFO - Processing /opt/airflow/dags/train_traffic_pred.py took 3.621 seconds
[2025-07-22T09:19:22.700+0000] {processor.py:186} INFO - Started process (PID=36852) to work on /opt/airflow/dags/train_traffic_pred.py
[2025-07-22T09:19:22.701+0000] {processor.py:914} INFO - Processing file /opt/airflow/dags/train_traffic_pred.py for tasks to queue
[2025-07-22T09:19:22.703+0000] {logging_mixin.py:190} INFO - [2025-07-22T09:19:22.703+0000] {dagbag.py:588} INFO - Filling up the DagBag from /opt/airflow/dags/train_traffic_pred.py
[2025-07-22T09:19:26.319+0000] {processor.py:925} INFO - DAG(s) 'train_traffic_pred' retrieved from /opt/airflow/dags/train_traffic_pred.py
[2025-07-22T09:19:26.344+0000] {logging_mixin.py:190} INFO - [2025-07-22T09:19:26.343+0000] {dag.py:3239} INFO - Sync 1 DAGs
[2025-07-22T09:19:26.363+0000] {logging_mixin.py:190} INFO - [2025-07-22T09:19:26.363+0000] {dag.py:4180} INFO - Setting next_dagrun for train_traffic_pred to 2025-07-22 00:00:00+00:00, run_after=2025-07-23 00:00:00+00:00
[2025-07-22T09:19:26.379+0000] {processor.py:208} INFO - Processing /opt/airflow/dags/train_traffic_pred.py took 3.684 seconds
[2025-07-22T09:19:57.779+0000] {processor.py:186} INFO - Started process (PID=36950) to work on /opt/airflow/dags/train_traffic_pred.py
[2025-07-22T09:19:57.780+0000] {processor.py:914} INFO - Processing file /opt/airflow/dags/train_traffic_pred.py for tasks to queue
[2025-07-22T09:19:57.783+0000] {logging_mixin.py:190} INFO - [2025-07-22T09:19:57.782+0000] {dagbag.py:588} INFO - Filling up the DagBag from /opt/airflow/dags/train_traffic_pred.py
[2025-07-22T09:20:01.135+0000] {processor.py:925} INFO - DAG(s) 'train_traffic_pred' retrieved from /opt/airflow/dags/train_traffic_pred.py
[2025-07-22T09:20:01.158+0000] {logging_mixin.py:190} INFO - [2025-07-22T09:20:01.158+0000] {dag.py:3239} INFO - Sync 1 DAGs
[2025-07-22T09:20:01.176+0000] {logging_mixin.py:190} INFO - [2025-07-22T09:20:01.176+0000] {dag.py:4180} INFO - Setting next_dagrun for train_traffic_pred to 2025-07-22 00:00:00+00:00, run_after=2025-07-23 00:00:00+00:00
[2025-07-22T09:20:01.191+0000] {processor.py:208} INFO - Processing /opt/airflow/dags/train_traffic_pred.py took 3.416 seconds
[2025-07-22T09:20:33.214+0000] {processor.py:186} INFO - Started process (PID=37048) to work on /opt/airflow/dags/train_traffic_pred.py
[2025-07-22T09:20:33.215+0000] {processor.py:914} INFO - Processing file /opt/airflow/dags/train_traffic_pred.py for tasks to queue
[2025-07-22T09:20:33.217+0000] {logging_mixin.py:190} INFO - [2025-07-22T09:20:33.217+0000] {dagbag.py:588} INFO - Filling up the DagBag from /opt/airflow/dags/train_traffic_pred.py
[2025-07-22T09:20:36.593+0000] {processor.py:925} INFO - DAG(s) 'train_traffic_pred' retrieved from /opt/airflow/dags/train_traffic_pred.py
[2025-07-22T09:20:36.623+0000] {logging_mixin.py:190} INFO - [2025-07-22T09:20:36.621+0000] {dag.py:3239} INFO - Sync 1 DAGs
[2025-07-22T09:20:36.645+0000] {logging_mixin.py:190} INFO - [2025-07-22T09:20:36.644+0000] {dag.py:4180} INFO - Setting next_dagrun for train_traffic_pred to 2025-07-22 00:00:00+00:00, run_after=2025-07-23 00:00:00+00:00
[2025-07-22T09:20:36.663+0000] {processor.py:208} INFO - Processing /opt/airflow/dags/train_traffic_pred.py took 3.454 seconds
[2025-07-22T09:21:08.568+0000] {processor.py:186} INFO - Started process (PID=37146) to work on /opt/airflow/dags/train_traffic_pred.py
[2025-07-22T09:21:08.569+0000] {processor.py:914} INFO - Processing file /opt/airflow/dags/train_traffic_pred.py for tasks to queue
[2025-07-22T09:21:08.571+0000] {logging_mixin.py:190} INFO - [2025-07-22T09:21:08.571+0000] {dagbag.py:588} INFO - Filling up the DagBag from /opt/airflow/dags/train_traffic_pred.py
[2025-07-22T09:21:11.973+0000] {processor.py:925} INFO - DAG(s) 'train_traffic_pred' retrieved from /opt/airflow/dags/train_traffic_pred.py
[2025-07-22T09:21:11.995+0000] {logging_mixin.py:190} INFO - [2025-07-22T09:21:11.995+0000] {dag.py:3239} INFO - Sync 1 DAGs
[2025-07-22T09:21:12.013+0000] {logging_mixin.py:190} INFO - [2025-07-22T09:21:12.013+0000] {dag.py:4180} INFO - Setting next_dagrun for train_traffic_pred to 2025-07-22 00:00:00+00:00, run_after=2025-07-23 00:00:00+00:00
[2025-07-22T09:21:12.028+0000] {processor.py:208} INFO - Processing /opt/airflow/dags/train_traffic_pred.py took 3.465 seconds
[2025-07-22T09:21:43.991+0000] {processor.py:186} INFO - Started process (PID=37250) to work on /opt/airflow/dags/train_traffic_pred.py
[2025-07-22T09:21:43.992+0000] {processor.py:914} INFO - Processing file /opt/airflow/dags/train_traffic_pred.py for tasks to queue
[2025-07-22T09:21:43.995+0000] {logging_mixin.py:190} INFO - [2025-07-22T09:21:43.994+0000] {dagbag.py:588} INFO - Filling up the DagBag from /opt/airflow/dags/train_traffic_pred.py
[2025-07-22T09:21:47.296+0000] {processor.py:925} INFO - DAG(s) 'train_traffic_pred' retrieved from /opt/airflow/dags/train_traffic_pred.py
[2025-07-22T09:21:47.322+0000] {logging_mixin.py:190} INFO - [2025-07-22T09:21:47.322+0000] {dag.py:3239} INFO - Sync 1 DAGs
[2025-07-22T09:21:47.343+0000] {logging_mixin.py:190} INFO - [2025-07-22T09:21:47.343+0000] {dag.py:4180} INFO - Setting next_dagrun for train_traffic_pred to 2025-07-22 00:00:00+00:00, run_after=2025-07-23 00:00:00+00:00
[2025-07-22T09:21:47.361+0000] {processor.py:208} INFO - Processing /opt/airflow/dags/train_traffic_pred.py took 3.375 seconds
[2025-07-22T09:22:19.267+0000] {processor.py:186} INFO - Started process (PID=37348) to work on /opt/airflow/dags/train_traffic_pred.py
[2025-07-22T09:22:19.268+0000] {processor.py:914} INFO - Processing file /opt/airflow/dags/train_traffic_pred.py for tasks to queue
[2025-07-22T09:22:19.270+0000] {logging_mixin.py:190} INFO - [2025-07-22T09:22:19.270+0000] {dagbag.py:588} INFO - Filling up the DagBag from /opt/airflow/dags/train_traffic_pred.py
[2025-07-22T09:22:22.775+0000] {processor.py:925} INFO - DAG(s) 'train_traffic_pred' retrieved from /opt/airflow/dags/train_traffic_pred.py
[2025-07-22T09:22:22.798+0000] {logging_mixin.py:190} INFO - [2025-07-22T09:22:22.796+0000] {dag.py:3239} INFO - Sync 1 DAGs
[2025-07-22T09:22:22.818+0000] {logging_mixin.py:190} INFO - [2025-07-22T09:22:22.817+0000] {dag.py:4180} INFO - Setting next_dagrun for train_traffic_pred to 2025-07-22 00:00:00+00:00, run_after=2025-07-23 00:00:00+00:00
[2025-07-22T09:22:22.834+0000] {processor.py:208} INFO - Processing /opt/airflow/dags/train_traffic_pred.py took 3.573 seconds
[2025-07-22T09:22:54.267+0000] {processor.py:186} INFO - Started process (PID=37446) to work on /opt/airflow/dags/train_traffic_pred.py
[2025-07-22T09:22:54.268+0000] {processor.py:914} INFO - Processing file /opt/airflow/dags/train_traffic_pred.py for tasks to queue
[2025-07-22T09:22:54.271+0000] {logging_mixin.py:190} INFO - [2025-07-22T09:22:54.270+0000] {dagbag.py:588} INFO - Filling up the DagBag from /opt/airflow/dags/train_traffic_pred.py
[2025-07-22T09:22:57.571+0000] {processor.py:925} INFO - DAG(s) 'train_traffic_pred' retrieved from /opt/airflow/dags/train_traffic_pred.py
[2025-07-22T09:22:57.590+0000] {logging_mixin.py:190} INFO - [2025-07-22T09:22:57.590+0000] {dag.py:3239} INFO - Sync 1 DAGs
[2025-07-22T09:22:57.614+0000] {logging_mixin.py:190} INFO - [2025-07-22T09:22:57.614+0000] {dag.py:4180} INFO - Setting next_dagrun for train_traffic_pred to 2025-07-22 00:00:00+00:00, run_after=2025-07-23 00:00:00+00:00
[2025-07-22T09:22:57.628+0000] {processor.py:208} INFO - Processing /opt/airflow/dags/train_traffic_pred.py took 3.368 seconds
[2025-07-22T09:23:29.539+0000] {processor.py:186} INFO - Started process (PID=37544) to work on /opt/airflow/dags/train_traffic_pred.py
[2025-07-22T09:23:29.540+0000] {processor.py:914} INFO - Processing file /opt/airflow/dags/train_traffic_pred.py for tasks to queue
[2025-07-22T09:23:29.542+0000] {logging_mixin.py:190} INFO - [2025-07-22T09:23:29.542+0000] {dagbag.py:588} INFO - Filling up the DagBag from /opt/airflow/dags/train_traffic_pred.py
[2025-07-22T09:23:32.911+0000] {processor.py:925} INFO - DAG(s) 'train_traffic_pred' retrieved from /opt/airflow/dags/train_traffic_pred.py
[2025-07-22T09:23:32.935+0000] {logging_mixin.py:190} INFO - [2025-07-22T09:23:32.934+0000] {dag.py:3239} INFO - Sync 1 DAGs
[2025-07-22T09:23:32.956+0000] {logging_mixin.py:190} INFO - [2025-07-22T09:23:32.955+0000] {dag.py:4180} INFO - Setting next_dagrun for train_traffic_pred to 2025-07-22 00:00:00+00:00, run_after=2025-07-23 00:00:00+00:00
[2025-07-22T09:23:32.971+0000] {processor.py:208} INFO - Processing /opt/airflow/dags/train_traffic_pred.py took 3.438 seconds
[2025-07-22T09:24:04.908+0000] {processor.py:186} INFO - Started process (PID=37642) to work on /opt/airflow/dags/train_traffic_pred.py
[2025-07-22T09:24:04.909+0000] {processor.py:914} INFO - Processing file /opt/airflow/dags/train_traffic_pred.py for tasks to queue
[2025-07-22T09:24:04.911+0000] {logging_mixin.py:190} INFO - [2025-07-22T09:24:04.910+0000] {dagbag.py:588} INFO - Filling up the DagBag from /opt/airflow/dags/train_traffic_pred.py
[2025-07-22T09:24:08.190+0000] {processor.py:925} INFO - DAG(s) 'train_traffic_pred' retrieved from /opt/airflow/dags/train_traffic_pred.py
[2025-07-22T09:24:08.214+0000] {logging_mixin.py:190} INFO - [2025-07-22T09:24:08.212+0000] {dag.py:3239} INFO - Sync 1 DAGs
[2025-07-22T09:24:08.232+0000] {logging_mixin.py:190} INFO - [2025-07-22T09:24:08.231+0000] {dag.py:4180} INFO - Setting next_dagrun for train_traffic_pred to 2025-07-22 00:00:00+00:00, run_after=2025-07-23 00:00:00+00:00
[2025-07-22T09:24:08.248+0000] {processor.py:208} INFO - Processing /opt/airflow/dags/train_traffic_pred.py took 3.346 seconds
[2025-07-22T09:24:39.294+0000] {processor.py:186} INFO - Started process (PID=37737) to work on /opt/airflow/dags/train_traffic_pred.py
[2025-07-22T09:24:39.295+0000] {processor.py:914} INFO - Processing file /opt/airflow/dags/train_traffic_pred.py for tasks to queue
[2025-07-22T09:24:39.297+0000] {logging_mixin.py:190} INFO - [2025-07-22T09:24:39.296+0000] {dagbag.py:588} INFO - Filling up the DagBag from /opt/airflow/dags/train_traffic_pred.py
[2025-07-22T09:24:42.613+0000] {processor.py:925} INFO - DAG(s) 'train_traffic_pred' retrieved from /opt/airflow/dags/train_traffic_pred.py
[2025-07-22T09:24:42.634+0000] {logging_mixin.py:190} INFO - [2025-07-22T09:24:42.633+0000] {dag.py:3239} INFO - Sync 1 DAGs
[2025-07-22T09:24:42.654+0000] {logging_mixin.py:190} INFO - [2025-07-22T09:24:42.653+0000] {dag.py:4180} INFO - Setting next_dagrun for train_traffic_pred to 2025-07-22 00:00:00+00:00, run_after=2025-07-23 00:00:00+00:00
[2025-07-22T09:24:42.670+0000] {processor.py:208} INFO - Processing /opt/airflow/dags/train_traffic_pred.py took 3.381 seconds
[2025-07-22T09:25:14.494+0000] {processor.py:186} INFO - Started process (PID=37841) to work on /opt/airflow/dags/train_traffic_pred.py
[2025-07-22T09:25:14.495+0000] {processor.py:914} INFO - Processing file /opt/airflow/dags/train_traffic_pred.py for tasks to queue
[2025-07-22T09:25:14.497+0000] {logging_mixin.py:190} INFO - [2025-07-22T09:25:14.497+0000] {dagbag.py:588} INFO - Filling up the DagBag from /opt/airflow/dags/train_traffic_pred.py
[2025-07-22T09:25:17.732+0000] {processor.py:925} INFO - DAG(s) 'train_traffic_pred' retrieved from /opt/airflow/dags/train_traffic_pred.py
[2025-07-22T09:25:17.754+0000] {logging_mixin.py:190} INFO - [2025-07-22T09:25:17.754+0000] {dag.py:3239} INFO - Sync 1 DAGs
[2025-07-22T09:25:17.772+0000] {logging_mixin.py:190} INFO - [2025-07-22T09:25:17.772+0000] {dag.py:4180} INFO - Setting next_dagrun for train_traffic_pred to 2025-07-22 00:00:00+00:00, run_after=2025-07-23 00:00:00+00:00
[2025-07-22T09:25:17.787+0000] {processor.py:208} INFO - Processing /opt/airflow/dags/train_traffic_pred.py took 3.299 seconds
[2025-07-22T09:25:48.950+0000] {processor.py:186} INFO - Started process (PID=37939) to work on /opt/airflow/dags/train_traffic_pred.py
[2025-07-22T09:25:48.952+0000] {processor.py:914} INFO - Processing file /opt/airflow/dags/train_traffic_pred.py for tasks to queue
[2025-07-22T09:25:48.954+0000] {logging_mixin.py:190} INFO - [2025-07-22T09:25:48.954+0000] {dagbag.py:588} INFO - Filling up the DagBag from /opt/airflow/dags/train_traffic_pred.py
[2025-07-22T09:25:52.274+0000] {processor.py:925} INFO - DAG(s) 'train_traffic_pred' retrieved from /opt/airflow/dags/train_traffic_pred.py
[2025-07-22T09:25:52.296+0000] {logging_mixin.py:190} INFO - [2025-07-22T09:25:52.295+0000] {dag.py:3239} INFO - Sync 1 DAGs
[2025-07-22T09:25:52.316+0000] {logging_mixin.py:190} INFO - [2025-07-22T09:25:52.315+0000] {dag.py:4180} INFO - Setting next_dagrun for train_traffic_pred to 2025-07-22 00:00:00+00:00, run_after=2025-07-23 00:00:00+00:00
[2025-07-22T09:25:52.331+0000] {processor.py:208} INFO - Processing /opt/airflow/dags/train_traffic_pred.py took 3.388 seconds
[2025-07-22T09:26:23.847+0000] {processor.py:186} INFO - Started process (PID=38037) to work on /opt/airflow/dags/train_traffic_pred.py
[2025-07-22T09:26:23.848+0000] {processor.py:914} INFO - Processing file /opt/airflow/dags/train_traffic_pred.py for tasks to queue
[2025-07-22T09:26:23.850+0000] {logging_mixin.py:190} INFO - [2025-07-22T09:26:23.850+0000] {dagbag.py:588} INFO - Filling up the DagBag from /opt/airflow/dags/train_traffic_pred.py
[2025-07-22T09:26:27.100+0000] {processor.py:925} INFO - DAG(s) 'train_traffic_pred' retrieved from /opt/airflow/dags/train_traffic_pred.py
[2025-07-22T09:26:27.121+0000] {logging_mixin.py:190} INFO - [2025-07-22T09:26:27.120+0000] {dag.py:3239} INFO - Sync 1 DAGs
[2025-07-22T09:26:27.139+0000] {logging_mixin.py:190} INFO - [2025-07-22T09:26:27.139+0000] {dag.py:4180} INFO - Setting next_dagrun for train_traffic_pred to 2025-07-22 00:00:00+00:00, run_after=2025-07-23 00:00:00+00:00
[2025-07-22T09:26:27.154+0000] {processor.py:208} INFO - Processing /opt/airflow/dags/train_traffic_pred.py took 3.312 seconds
[2025-07-22T09:26:59.330+0000] {processor.py:186} INFO - Started process (PID=38135) to work on /opt/airflow/dags/train_traffic_pred.py
[2025-07-22T09:26:59.331+0000] {processor.py:914} INFO - Processing file /opt/airflow/dags/train_traffic_pred.py for tasks to queue
[2025-07-22T09:26:59.333+0000] {logging_mixin.py:190} INFO - [2025-07-22T09:26:59.333+0000] {dagbag.py:588} INFO - Filling up the DagBag from /opt/airflow/dags/train_traffic_pred.py
[2025-07-22T09:27:02.778+0000] {processor.py:925} INFO - DAG(s) 'train_traffic_pred' retrieved from /opt/airflow/dags/train_traffic_pred.py
[2025-07-22T09:27:02.802+0000] {logging_mixin.py:190} INFO - [2025-07-22T09:27:02.802+0000] {dag.py:3239} INFO - Sync 1 DAGs
[2025-07-22T09:27:02.823+0000] {logging_mixin.py:190} INFO - [2025-07-22T09:27:02.823+0000] {dag.py:4180} INFO - Setting next_dagrun for train_traffic_pred to 2025-07-22 00:00:00+00:00, run_after=2025-07-23 00:00:00+00:00
[2025-07-22T09:27:02.842+0000] {processor.py:208} INFO - Processing /opt/airflow/dags/train_traffic_pred.py took 3.518 seconds
[2025-07-22T09:27:34.135+0000] {processor.py:186} INFO - Started process (PID=38233) to work on /opt/airflow/dags/train_traffic_pred.py
[2025-07-22T09:27:34.137+0000] {processor.py:914} INFO - Processing file /opt/airflow/dags/train_traffic_pred.py for tasks to queue
[2025-07-22T09:27:34.139+0000] {logging_mixin.py:190} INFO - [2025-07-22T09:27:34.138+0000] {dagbag.py:588} INFO - Filling up the DagBag from /opt/airflow/dags/train_traffic_pred.py
[2025-07-22T09:27:37.602+0000] {processor.py:925} INFO - DAG(s) 'train_traffic_pred' retrieved from /opt/airflow/dags/train_traffic_pred.py
[2025-07-22T09:27:37.624+0000] {logging_mixin.py:190} INFO - [2025-07-22T09:27:37.624+0000] {dag.py:3239} INFO - Sync 1 DAGs
[2025-07-22T09:27:37.644+0000] {logging_mixin.py:190} INFO - [2025-07-22T09:27:37.644+0000] {dag.py:4180} INFO - Setting next_dagrun for train_traffic_pred to 2025-07-22 00:00:00+00:00, run_after=2025-07-23 00:00:00+00:00
[2025-07-22T09:27:37.659+0000] {processor.py:208} INFO - Processing /opt/airflow/dags/train_traffic_pred.py took 3.530 seconds
[2025-07-22T09:28:08.766+0000] {processor.py:186} INFO - Started process (PID=38331) to work on /opt/airflow/dags/train_traffic_pred.py
[2025-07-22T09:28:08.768+0000] {processor.py:914} INFO - Processing file /opt/airflow/dags/train_traffic_pred.py for tasks to queue
[2025-07-22T09:28:08.770+0000] {logging_mixin.py:190} INFO - [2025-07-22T09:28:08.770+0000] {dagbag.py:588} INFO - Filling up the DagBag from /opt/airflow/dags/train_traffic_pred.py
[2025-07-22T09:28:12.310+0000] {processor.py:925} INFO - DAG(s) 'train_traffic_pred' retrieved from /opt/airflow/dags/train_traffic_pred.py
[2025-07-22T09:28:12.336+0000] {logging_mixin.py:190} INFO - [2025-07-22T09:28:12.335+0000] {dag.py:3239} INFO - Sync 1 DAGs
[2025-07-22T09:28:12.361+0000] {logging_mixin.py:190} INFO - [2025-07-22T09:28:12.361+0000] {dag.py:4180} INFO - Setting next_dagrun for train_traffic_pred to 2025-07-22 00:00:00+00:00, run_after=2025-07-23 00:00:00+00:00
[2025-07-22T09:28:12.380+0000] {processor.py:208} INFO - Processing /opt/airflow/dags/train_traffic_pred.py took 3.620 seconds
[2025-07-22T09:28:44.212+0000] {processor.py:186} INFO - Started process (PID=38435) to work on /opt/airflow/dags/train_traffic_pred.py
[2025-07-22T09:28:44.213+0000] {processor.py:914} INFO - Processing file /opt/airflow/dags/train_traffic_pred.py for tasks to queue
[2025-07-22T09:28:44.216+0000] {logging_mixin.py:190} INFO - [2025-07-22T09:28:44.215+0000] {dagbag.py:588} INFO - Filling up the DagBag from /opt/airflow/dags/train_traffic_pred.py
[2025-07-22T09:28:47.542+0000] {processor.py:925} INFO - DAG(s) 'train_traffic_pred' retrieved from /opt/airflow/dags/train_traffic_pred.py
[2025-07-22T09:28:47.565+0000] {logging_mixin.py:190} INFO - [2025-07-22T09:28:47.565+0000] {dag.py:3239} INFO - Sync 1 DAGs
[2025-07-22T09:28:47.584+0000] {logging_mixin.py:190} INFO - [2025-07-22T09:28:47.584+0000] {dag.py:4180} INFO - Setting next_dagrun for train_traffic_pred to 2025-07-22 00:00:00+00:00, run_after=2025-07-23 00:00:00+00:00
[2025-07-22T09:28:47.599+0000] {processor.py:208} INFO - Processing /opt/airflow/dags/train_traffic_pred.py took 3.393 seconds
[2025-07-22T09:29:19.484+0000] {processor.py:186} INFO - Started process (PID=38533) to work on /opt/airflow/dags/train_traffic_pred.py
[2025-07-22T09:29:19.485+0000] {processor.py:914} INFO - Processing file /opt/airflow/dags/train_traffic_pred.py for tasks to queue
[2025-07-22T09:29:19.487+0000] {logging_mixin.py:190} INFO - [2025-07-22T09:29:19.487+0000] {dagbag.py:588} INFO - Filling up the DagBag from /opt/airflow/dags/train_traffic_pred.py
[2025-07-22T09:29:22.895+0000] {processor.py:925} INFO - DAG(s) 'train_traffic_pred' retrieved from /opt/airflow/dags/train_traffic_pred.py
[2025-07-22T09:29:22.920+0000] {logging_mixin.py:190} INFO - [2025-07-22T09:29:22.920+0000] {dag.py:3239} INFO - Sync 1 DAGs
[2025-07-22T09:29:22.943+0000] {logging_mixin.py:190} INFO - [2025-07-22T09:29:22.943+0000] {dag.py:4180} INFO - Setting next_dagrun for train_traffic_pred to 2025-07-22 00:00:00+00:00, run_after=2025-07-23 00:00:00+00:00
[2025-07-22T09:29:22.958+0000] {processor.py:208} INFO - Processing /opt/airflow/dags/train_traffic_pred.py took 3.482 seconds
[2025-07-22T09:29:55.140+0000] {processor.py:186} INFO - Started process (PID=38634) to work on /opt/airflow/dags/train_traffic_pred.py
[2025-07-22T09:29:55.141+0000] {processor.py:914} INFO - Processing file /opt/airflow/dags/train_traffic_pred.py for tasks to queue
[2025-07-22T09:29:55.143+0000] {logging_mixin.py:190} INFO - [2025-07-22T09:29:55.143+0000] {dagbag.py:588} INFO - Filling up the DagBag from /opt/airflow/dags/train_traffic_pred.py
[2025-07-22T09:29:58.734+0000] {processor.py:925} INFO - DAG(s) 'train_traffic_pred' retrieved from /opt/airflow/dags/train_traffic_pred.py
[2025-07-22T09:29:58.753+0000] {logging_mixin.py:190} INFO - [2025-07-22T09:29:58.753+0000] {dag.py:3239} INFO - Sync 1 DAGs
[2025-07-22T09:29:58.770+0000] {logging_mixin.py:190} INFO - [2025-07-22T09:29:58.770+0000] {dag.py:4180} INFO - Setting next_dagrun for train_traffic_pred to 2025-07-22 00:00:00+00:00, run_after=2025-07-23 00:00:00+00:00
[2025-07-22T09:29:58.787+0000] {processor.py:208} INFO - Processing /opt/airflow/dags/train_traffic_pred.py took 3.652 seconds
[2025-07-22T09:30:30.205+0000] {processor.py:186} INFO - Started process (PID=38732) to work on /opt/airflow/dags/train_traffic_pred.py
[2025-07-22T09:30:30.207+0000] {processor.py:914} INFO - Processing file /opt/airflow/dags/train_traffic_pred.py for tasks to queue
[2025-07-22T09:30:30.209+0000] {logging_mixin.py:190} INFO - [2025-07-22T09:30:30.209+0000] {dagbag.py:588} INFO - Filling up the DagBag from /opt/airflow/dags/train_traffic_pred.py
[2025-07-22T09:30:33.711+0000] {processor.py:925} INFO - DAG(s) 'train_traffic_pred' retrieved from /opt/airflow/dags/train_traffic_pred.py
[2025-07-22T09:30:33.733+0000] {logging_mixin.py:190} INFO - [2025-07-22T09:30:33.733+0000] {dag.py:3239} INFO - Sync 1 DAGs
[2025-07-22T09:30:33.753+0000] {logging_mixin.py:190} INFO - [2025-07-22T09:30:33.752+0000] {dag.py:4180} INFO - Setting next_dagrun for train_traffic_pred to 2025-07-22 00:00:00+00:00, run_after=2025-07-23 00:00:00+00:00
[2025-07-22T09:30:33.768+0000] {processor.py:208} INFO - Processing /opt/airflow/dags/train_traffic_pred.py took 3.571 seconds
[2025-07-22T09:31:05.448+0000] {processor.py:186} INFO - Started process (PID=38830) to work on /opt/airflow/dags/train_traffic_pred.py
[2025-07-22T09:31:05.449+0000] {processor.py:914} INFO - Processing file /opt/airflow/dags/train_traffic_pred.py for tasks to queue
[2025-07-22T09:31:05.451+0000] {logging_mixin.py:190} INFO - [2025-07-22T09:31:05.450+0000] {dagbag.py:588} INFO - Filling up the DagBag from /opt/airflow/dags/train_traffic_pred.py
[2025-07-22T09:31:08.683+0000] {processor.py:925} INFO - DAG(s) 'train_traffic_pred' retrieved from /opt/airflow/dags/train_traffic_pred.py
[2025-07-22T09:31:08.705+0000] {logging_mixin.py:190} INFO - [2025-07-22T09:31:08.704+0000] {dag.py:3239} INFO - Sync 1 DAGs
[2025-07-22T09:31:08.722+0000] {logging_mixin.py:190} INFO - [2025-07-22T09:31:08.722+0000] {dag.py:4180} INFO - Setting next_dagrun for train_traffic_pred to 2025-07-22 00:00:00+00:00, run_after=2025-07-23 00:00:00+00:00
[2025-07-22T09:31:08.737+0000] {processor.py:208} INFO - Processing /opt/airflow/dags/train_traffic_pred.py took 3.295 seconds
[2025-07-22T09:31:40.633+0000] {processor.py:186} INFO - Started process (PID=38928) to work on /opt/airflow/dags/train_traffic_pred.py
[2025-07-22T09:31:40.634+0000] {processor.py:914} INFO - Processing file /opt/airflow/dags/train_traffic_pred.py for tasks to queue
[2025-07-22T09:31:40.635+0000] {logging_mixin.py:190} INFO - [2025-07-22T09:31:40.635+0000] {dagbag.py:588} INFO - Filling up the DagBag from /opt/airflow/dags/train_traffic_pred.py
[2025-07-22T09:31:43.971+0000] {processor.py:925} INFO - DAG(s) 'train_traffic_pred' retrieved from /opt/airflow/dags/train_traffic_pred.py
[2025-07-22T09:31:43.992+0000] {logging_mixin.py:190} INFO - [2025-07-22T09:31:43.991+0000] {dag.py:3239} INFO - Sync 1 DAGs
[2025-07-22T09:31:44.009+0000] {logging_mixin.py:190} INFO - [2025-07-22T09:31:44.009+0000] {dag.py:4180} INFO - Setting next_dagrun for train_traffic_pred to 2025-07-22 00:00:00+00:00, run_after=2025-07-23 00:00:00+00:00
[2025-07-22T09:31:44.023+0000] {processor.py:208} INFO - Processing /opt/airflow/dags/train_traffic_pred.py took 3.395 seconds
[2025-07-22T09:32:15.893+0000] {processor.py:186} INFO - Started process (PID=39032) to work on /opt/airflow/dags/train_traffic_pred.py
[2025-07-22T09:32:15.894+0000] {processor.py:914} INFO - Processing file /opt/airflow/dags/train_traffic_pred.py for tasks to queue
[2025-07-22T09:32:15.896+0000] {logging_mixin.py:190} INFO - [2025-07-22T09:32:15.896+0000] {dagbag.py:588} INFO - Filling up the DagBag from /opt/airflow/dags/train_traffic_pred.py
[2025-07-22T09:32:19.323+0000] {processor.py:925} INFO - DAG(s) 'train_traffic_pred' retrieved from /opt/airflow/dags/train_traffic_pred.py
[2025-07-22T09:32:19.347+0000] {logging_mixin.py:190} INFO - [2025-07-22T09:32:19.346+0000] {dag.py:3239} INFO - Sync 1 DAGs
[2025-07-22T09:32:19.368+0000] {logging_mixin.py:190} INFO - [2025-07-22T09:32:19.368+0000] {dag.py:4180} INFO - Setting next_dagrun for train_traffic_pred to 2025-07-22 00:00:00+00:00, run_after=2025-07-23 00:00:00+00:00
[2025-07-22T09:32:19.383+0000] {processor.py:208} INFO - Processing /opt/airflow/dags/train_traffic_pred.py took 3.495 seconds
[2025-07-22T09:32:51.237+0000] {processor.py:186} INFO - Started process (PID=39130) to work on /opt/airflow/dags/train_traffic_pred.py
[2025-07-22T09:32:51.238+0000] {processor.py:914} INFO - Processing file /opt/airflow/dags/train_traffic_pred.py for tasks to queue
[2025-07-22T09:32:51.240+0000] {logging_mixin.py:190} INFO - [2025-07-22T09:32:51.240+0000] {dagbag.py:588} INFO - Filling up the DagBag from /opt/airflow/dags/train_traffic_pred.py
[2025-07-22T09:32:54.493+0000] {processor.py:925} INFO - DAG(s) 'train_traffic_pred' retrieved from /opt/airflow/dags/train_traffic_pred.py
[2025-07-22T09:32:54.514+0000] {logging_mixin.py:190} INFO - [2025-07-22T09:32:54.513+0000] {dag.py:3239} INFO - Sync 1 DAGs
[2025-07-22T09:32:54.533+0000] {logging_mixin.py:190} INFO - [2025-07-22T09:32:54.533+0000] {dag.py:4180} INFO - Setting next_dagrun for train_traffic_pred to 2025-07-22 00:00:00+00:00, run_after=2025-07-23 00:00:00+00:00
[2025-07-22T09:32:54.547+0000] {processor.py:208} INFO - Processing /opt/airflow/dags/train_traffic_pred.py took 3.315 seconds
[2025-07-22T09:33:26.443+0000] {processor.py:186} INFO - Started process (PID=39228) to work on /opt/airflow/dags/train_traffic_pred.py
[2025-07-22T09:33:26.444+0000] {processor.py:914} INFO - Processing file /opt/airflow/dags/train_traffic_pred.py for tasks to queue
[2025-07-22T09:33:26.446+0000] {logging_mixin.py:190} INFO - [2025-07-22T09:33:26.445+0000] {dagbag.py:588} INFO - Filling up the DagBag from /opt/airflow/dags/train_traffic_pred.py
[2025-07-22T09:33:29.755+0000] {processor.py:925} INFO - DAG(s) 'train_traffic_pred' retrieved from /opt/airflow/dags/train_traffic_pred.py
[2025-07-22T09:33:29.775+0000] {logging_mixin.py:190} INFO - [2025-07-22T09:33:29.775+0000] {dag.py:3239} INFO - Sync 1 DAGs
[2025-07-22T09:33:29.792+0000] {logging_mixin.py:190} INFO - [2025-07-22T09:33:29.792+0000] {dag.py:4180} INFO - Setting next_dagrun for train_traffic_pred to 2025-07-22 00:00:00+00:00, run_after=2025-07-23 00:00:00+00:00
[2025-07-22T09:33:29.807+0000] {processor.py:208} INFO - Processing /opt/airflow/dags/train_traffic_pred.py took 3.369 seconds
[2025-07-22T09:34:01.751+0000] {processor.py:186} INFO - Started process (PID=39326) to work on /opt/airflow/dags/train_traffic_pred.py
[2025-07-22T09:34:01.752+0000] {processor.py:914} INFO - Processing file /opt/airflow/dags/train_traffic_pred.py for tasks to queue
[2025-07-22T09:34:01.754+0000] {logging_mixin.py:190} INFO - [2025-07-22T09:34:01.754+0000] {dagbag.py:588} INFO - Filling up the DagBag from /opt/airflow/dags/train_traffic_pred.py
[2025-07-22T09:34:05.017+0000] {processor.py:925} INFO - DAG(s) 'train_traffic_pred' retrieved from /opt/airflow/dags/train_traffic_pred.py
[2025-07-22T09:34:05.038+0000] {logging_mixin.py:190} INFO - [2025-07-22T09:34:05.037+0000] {dag.py:3239} INFO - Sync 1 DAGs
[2025-07-22T09:34:05.055+0000] {logging_mixin.py:190} INFO - [2025-07-22T09:34:05.054+0000] {dag.py:4180} INFO - Setting next_dagrun for train_traffic_pred to 2025-07-22 00:00:00+00:00, run_after=2025-07-23 00:00:00+00:00
[2025-07-22T09:34:05.068+0000] {processor.py:208} INFO - Processing /opt/airflow/dags/train_traffic_pred.py took 3.321 seconds
[2025-07-22T09:34:37.108+0000] {processor.py:186} INFO - Started process (PID=39440) to work on /opt/airflow/dags/train_traffic_pred.py
[2025-07-22T09:34:37.110+0000] {processor.py:914} INFO - Processing file /opt/airflow/dags/train_traffic_pred.py for tasks to queue
[2025-07-22T09:34:37.112+0000] {logging_mixin.py:190} INFO - [2025-07-22T09:34:37.112+0000] {dagbag.py:588} INFO - Filling up the DagBag from /opt/airflow/dags/train_traffic_pred.py
[2025-07-22T09:34:40.385+0000] {processor.py:925} INFO - DAG(s) 'train_traffic_pred' retrieved from /opt/airflow/dags/train_traffic_pred.py
[2025-07-22T09:34:40.404+0000] {logging_mixin.py:190} INFO - [2025-07-22T09:34:40.404+0000] {dag.py:3239} INFO - Sync 1 DAGs
[2025-07-22T09:34:40.421+0000] {logging_mixin.py:190} INFO - [2025-07-22T09:34:40.421+0000] {dag.py:4180} INFO - Setting next_dagrun for train_traffic_pred to 2025-07-22 00:00:00+00:00, run_after=2025-07-23 00:00:00+00:00
[2025-07-22T09:34:40.435+0000] {processor.py:208} INFO - Processing /opt/airflow/dags/train_traffic_pred.py took 3.334 seconds
[2025-07-22T09:35:12.294+0000] {processor.py:186} INFO - Started process (PID=39544) to work on /opt/airflow/dags/train_traffic_pred.py
[2025-07-22T09:35:12.295+0000] {processor.py:914} INFO - Processing file /opt/airflow/dags/train_traffic_pred.py for tasks to queue
[2025-07-22T09:35:12.298+0000] {logging_mixin.py:190} INFO - [2025-07-22T09:35:12.297+0000] {dagbag.py:588} INFO - Filling up the DagBag from /opt/airflow/dags/train_traffic_pred.py
[2025-07-22T09:35:15.488+0000] {processor.py:925} INFO - DAG(s) 'train_traffic_pred' retrieved from /opt/airflow/dags/train_traffic_pred.py
[2025-07-22T09:35:15.509+0000] {logging_mixin.py:190} INFO - [2025-07-22T09:35:15.508+0000] {dag.py:3239} INFO - Sync 1 DAGs
[2025-07-22T09:35:15.526+0000] {logging_mixin.py:190} INFO - [2025-07-22T09:35:15.526+0000] {dag.py:4180} INFO - Setting next_dagrun for train_traffic_pred to 2025-07-22 00:00:00+00:00, run_after=2025-07-23 00:00:00+00:00
[2025-07-22T09:35:15.543+0000] {processor.py:208} INFO - Processing /opt/airflow/dags/train_traffic_pred.py took 3.256 seconds
[2025-07-22T09:35:46.637+0000] {processor.py:186} INFO - Started process (PID=39642) to work on /opt/airflow/dags/train_traffic_pred.py
[2025-07-22T09:35:46.638+0000] {processor.py:914} INFO - Processing file /opt/airflow/dags/train_traffic_pred.py for tasks to queue
[2025-07-22T09:35:46.641+0000] {logging_mixin.py:190} INFO - [2025-07-22T09:35:46.640+0000] {dagbag.py:588} INFO - Filling up the DagBag from /opt/airflow/dags/train_traffic_pred.py
[2025-07-22T09:35:49.820+0000] {processor.py:925} INFO - DAG(s) 'train_traffic_pred' retrieved from /opt/airflow/dags/train_traffic_pred.py
[2025-07-22T09:35:49.840+0000] {logging_mixin.py:190} INFO - [2025-07-22T09:35:49.839+0000] {dag.py:3239} INFO - Sync 1 DAGs
[2025-07-22T09:35:49.856+0000] {logging_mixin.py:190} INFO - [2025-07-22T09:35:49.855+0000] {dag.py:4180} INFO - Setting next_dagrun for train_traffic_pred to 2025-07-22 00:00:00+00:00, run_after=2025-07-23 00:00:00+00:00
[2025-07-22T09:35:49.869+0000] {processor.py:208} INFO - Processing /opt/airflow/dags/train_traffic_pred.py took 3.239 seconds
[2025-07-22T09:36:20.923+0000] {processor.py:186} INFO - Started process (PID=39740) to work on /opt/airflow/dags/train_traffic_pred.py
[2025-07-22T09:36:20.924+0000] {processor.py:914} INFO - Processing file /opt/airflow/dags/train_traffic_pred.py for tasks to queue
[2025-07-22T09:36:20.927+0000] {logging_mixin.py:190} INFO - [2025-07-22T09:36:20.926+0000] {dagbag.py:588} INFO - Filling up the DagBag from /opt/airflow/dags/train_traffic_pred.py
[2025-07-22T09:36:24.085+0000] {processor.py:925} INFO - DAG(s) 'train_traffic_pred' retrieved from /opt/airflow/dags/train_traffic_pred.py
[2025-07-22T09:36:24.104+0000] {logging_mixin.py:190} INFO - [2025-07-22T09:36:24.104+0000] {dag.py:3239} INFO - Sync 1 DAGs
[2025-07-22T09:36:24.122+0000] {logging_mixin.py:190} INFO - [2025-07-22T09:36:24.122+0000] {dag.py:4180} INFO - Setting next_dagrun for train_traffic_pred to 2025-07-22 00:00:00+00:00, run_after=2025-07-23 00:00:00+00:00
[2025-07-22T09:36:24.137+0000] {processor.py:208} INFO - Processing /opt/airflow/dags/train_traffic_pred.py took 3.224 seconds
[2025-07-22T09:36:55.827+0000] {processor.py:186} INFO - Started process (PID=39838) to work on /opt/airflow/dags/train_traffic_pred.py
[2025-07-22T09:36:55.829+0000] {processor.py:914} INFO - Processing file /opt/airflow/dags/train_traffic_pred.py for tasks to queue
[2025-07-22T09:36:55.832+0000] {logging_mixin.py:190} INFO - [2025-07-22T09:36:55.831+0000] {dagbag.py:588} INFO - Filling up the DagBag from /opt/airflow/dags/train_traffic_pred.py
[2025-07-22T09:36:59.088+0000] {processor.py:925} INFO - DAG(s) 'train_traffic_pred' retrieved from /opt/airflow/dags/train_traffic_pred.py
[2025-07-22T09:36:59.107+0000] {logging_mixin.py:190} INFO - [2025-07-22T09:36:59.107+0000] {dag.py:3239} INFO - Sync 1 DAGs
[2025-07-22T09:36:59.126+0000] {logging_mixin.py:190} INFO - [2025-07-22T09:36:59.125+0000] {dag.py:4180} INFO - Setting next_dagrun for train_traffic_pred to 2025-07-22 00:00:00+00:00, run_after=2025-07-23 00:00:00+00:00
[2025-07-22T09:36:59.140+0000] {processor.py:208} INFO - Processing /opt/airflow/dags/train_traffic_pred.py took 3.320 seconds
[2025-07-22T09:37:31.104+0000] {processor.py:186} INFO - Started process (PID=39936) to work on /opt/airflow/dags/train_traffic_pred.py
[2025-07-22T09:37:31.106+0000] {processor.py:914} INFO - Processing file /opt/airflow/dags/train_traffic_pred.py for tasks to queue
[2025-07-22T09:37:31.109+0000] {logging_mixin.py:190} INFO - [2025-07-22T09:37:31.109+0000] {dagbag.py:588} INFO - Filling up the DagBag from /opt/airflow/dags/train_traffic_pred.py
[2025-07-22T09:37:34.568+0000] {processor.py:925} INFO - DAG(s) 'train_traffic_pred' retrieved from /opt/airflow/dags/train_traffic_pred.py
[2025-07-22T09:37:34.589+0000] {logging_mixin.py:190} INFO - [2025-07-22T09:37:34.588+0000] {dag.py:3239} INFO - Sync 1 DAGs
[2025-07-22T09:37:34.605+0000] {logging_mixin.py:190} INFO - [2025-07-22T09:37:34.605+0000] {dag.py:4180} INFO - Setting next_dagrun for train_traffic_pred to 2025-07-22 00:00:00+00:00, run_after=2025-07-23 00:00:00+00:00
[2025-07-22T09:37:34.619+0000] {processor.py:208} INFO - Processing /opt/airflow/dags/train_traffic_pred.py took 3.522 seconds
[2025-07-22T09:38:05.685+0000] {processor.py:186} INFO - Started process (PID=40034) to work on /opt/airflow/dags/train_traffic_pred.py
[2025-07-22T09:38:05.686+0000] {processor.py:914} INFO - Processing file /opt/airflow/dags/train_traffic_pred.py for tasks to queue
[2025-07-22T09:38:05.688+0000] {logging_mixin.py:190} INFO - [2025-07-22T09:38:05.688+0000] {dagbag.py:588} INFO - Filling up the DagBag from /opt/airflow/dags/train_traffic_pred.py
[2025-07-22T09:38:08.999+0000] {processor.py:925} INFO - DAG(s) 'train_traffic_pred' retrieved from /opt/airflow/dags/train_traffic_pred.py
[2025-07-22T09:38:09.019+0000] {logging_mixin.py:190} INFO - [2025-07-22T09:38:09.018+0000] {dag.py:3239} INFO - Sync 1 DAGs
[2025-07-22T09:38:09.037+0000] {logging_mixin.py:190} INFO - [2025-07-22T09:38:09.036+0000] {dag.py:4180} INFO - Setting next_dagrun for train_traffic_pred to 2025-07-22 00:00:00+00:00, run_after=2025-07-23 00:00:00+00:00
[2025-07-22T09:38:09.055+0000] {processor.py:208} INFO - Processing /opt/airflow/dags/train_traffic_pred.py took 3.376 seconds
[2025-07-22T09:38:40.908+0000] {processor.py:186} INFO - Started process (PID=40132) to work on /opt/airflow/dags/train_traffic_pred.py
[2025-07-22T09:38:40.909+0000] {processor.py:914} INFO - Processing file /opt/airflow/dags/train_traffic_pred.py for tasks to queue
[2025-07-22T09:38:40.912+0000] {logging_mixin.py:190} INFO - [2025-07-22T09:38:40.912+0000] {dagbag.py:588} INFO - Filling up the DagBag from /opt/airflow/dags/train_traffic_pred.py
[2025-07-22T09:38:44.163+0000] {processor.py:925} INFO - DAG(s) 'train_traffic_pred' retrieved from /opt/airflow/dags/train_traffic_pred.py
[2025-07-22T09:38:44.183+0000] {logging_mixin.py:190} INFO - [2025-07-22T09:38:44.183+0000] {dag.py:3239} INFO - Sync 1 DAGs
[2025-07-22T09:38:44.200+0000] {logging_mixin.py:190} INFO - [2025-07-22T09:38:44.199+0000] {dag.py:4180} INFO - Setting next_dagrun for train_traffic_pred to 2025-07-22 00:00:00+00:00, run_after=2025-07-23 00:00:00+00:00
[2025-07-22T09:38:44.213+0000] {processor.py:208} INFO - Processing /opt/airflow/dags/train_traffic_pred.py took 3.312 seconds
[2025-07-22T09:39:15.317+0000] {processor.py:186} INFO - Started process (PID=40236) to work on /opt/airflow/dags/train_traffic_pred.py
[2025-07-22T09:39:15.318+0000] {processor.py:914} INFO - Processing file /opt/airflow/dags/train_traffic_pred.py for tasks to queue
[2025-07-22T09:39:15.321+0000] {logging_mixin.py:190} INFO - [2025-07-22T09:39:15.321+0000] {dagbag.py:588} INFO - Filling up the DagBag from /opt/airflow/dags/train_traffic_pred.py
[2025-07-22T09:39:18.680+0000] {processor.py:925} INFO - DAG(s) 'train_traffic_pred' retrieved from /opt/airflow/dags/train_traffic_pred.py
[2025-07-22T09:39:18.703+0000] {logging_mixin.py:190} INFO - [2025-07-22T09:39:18.702+0000] {dag.py:3239} INFO - Sync 1 DAGs
[2025-07-22T09:39:18.721+0000] {logging_mixin.py:190} INFO - [2025-07-22T09:39:18.720+0000] {dag.py:4180} INFO - Setting next_dagrun for train_traffic_pred to 2025-07-22 00:00:00+00:00, run_after=2025-07-23 00:00:00+00:00
[2025-07-22T09:39:18.739+0000] {processor.py:208} INFO - Processing /opt/airflow/dags/train_traffic_pred.py took 3.429 seconds
[2025-07-22T09:39:50.650+0000] {processor.py:186} INFO - Started process (PID=40334) to work on /opt/airflow/dags/train_traffic_pred.py
[2025-07-22T09:39:50.651+0000] {processor.py:914} INFO - Processing file /opt/airflow/dags/train_traffic_pred.py for tasks to queue
[2025-07-22T09:39:50.654+0000] {logging_mixin.py:190} INFO - [2025-07-22T09:39:50.653+0000] {dagbag.py:588} INFO - Filling up the DagBag from /opt/airflow/dags/train_traffic_pred.py
[2025-07-22T09:39:53.953+0000] {processor.py:925} INFO - DAG(s) 'train_traffic_pred' retrieved from /opt/airflow/dags/train_traffic_pred.py
[2025-07-22T09:39:53.974+0000] {logging_mixin.py:190} INFO - [2025-07-22T09:39:53.973+0000] {dag.py:3239} INFO - Sync 1 DAGs
[2025-07-22T09:39:53.991+0000] {logging_mixin.py:190} INFO - [2025-07-22T09:39:53.991+0000] {dag.py:4180} INFO - Setting next_dagrun for train_traffic_pred to 2025-07-22 00:00:00+00:00, run_after=2025-07-23 00:00:00+00:00
[2025-07-22T09:39:54.007+0000] {processor.py:208} INFO - Processing /opt/airflow/dags/train_traffic_pred.py took 3.366 seconds
[2025-07-22T09:40:25.715+0000] {processor.py:186} INFO - Started process (PID=40432) to work on /opt/airflow/dags/train_traffic_pred.py
[2025-07-22T09:40:25.716+0000] {processor.py:914} INFO - Processing file /opt/airflow/dags/train_traffic_pred.py for tasks to queue
[2025-07-22T09:40:25.719+0000] {logging_mixin.py:190} INFO - [2025-07-22T09:40:25.719+0000] {dagbag.py:588} INFO - Filling up the DagBag from /opt/airflow/dags/train_traffic_pred.py
[2025-07-22T09:40:28.943+0000] {processor.py:925} INFO - DAG(s) 'train_traffic_pred' retrieved from /opt/airflow/dags/train_traffic_pred.py
[2025-07-22T09:40:28.963+0000] {logging_mixin.py:190} INFO - [2025-07-22T09:40:28.962+0000] {dag.py:3239} INFO - Sync 1 DAGs
[2025-07-22T09:40:28.979+0000] {logging_mixin.py:190} INFO - [2025-07-22T09:40:28.979+0000] {dag.py:4180} INFO - Setting next_dagrun for train_traffic_pred to 2025-07-22 00:00:00+00:00, run_after=2025-07-23 00:00:00+00:00
[2025-07-22T09:40:28.993+0000] {processor.py:208} INFO - Processing /opt/airflow/dags/train_traffic_pred.py took 3.285 seconds
[2025-07-22T09:41:00.846+0000] {processor.py:186} INFO - Started process (PID=40530) to work on /opt/airflow/dags/train_traffic_pred.py
[2025-07-22T09:41:00.848+0000] {processor.py:914} INFO - Processing file /opt/airflow/dags/train_traffic_pred.py for tasks to queue
[2025-07-22T09:41:00.851+0000] {logging_mixin.py:190} INFO - [2025-07-22T09:41:00.850+0000] {dagbag.py:588} INFO - Filling up the DagBag from /opt/airflow/dags/train_traffic_pred.py
[2025-07-22T09:41:04.043+0000] {processor.py:925} INFO - DAG(s) 'train_traffic_pred' retrieved from /opt/airflow/dags/train_traffic_pred.py
[2025-07-22T09:41:04.064+0000] {logging_mixin.py:190} INFO - [2025-07-22T09:41:04.064+0000] {dag.py:3239} INFO - Sync 1 DAGs
[2025-07-22T09:41:04.084+0000] {logging_mixin.py:190} INFO - [2025-07-22T09:41:04.084+0000] {dag.py:4180} INFO - Setting next_dagrun for train_traffic_pred to 2025-07-22 00:00:00+00:00, run_after=2025-07-23 00:00:00+00:00
[2025-07-22T09:41:04.099+0000] {processor.py:208} INFO - Processing /opt/airflow/dags/train_traffic_pred.py took 3.259 seconds
[2025-07-22T09:41:35.987+0000] {processor.py:186} INFO - Started process (PID=40628) to work on /opt/airflow/dags/train_traffic_pred.py
[2025-07-22T09:41:35.988+0000] {processor.py:914} INFO - Processing file /opt/airflow/dags/train_traffic_pred.py for tasks to queue
[2025-07-22T09:41:35.991+0000] {logging_mixin.py:190} INFO - [2025-07-22T09:41:35.990+0000] {dagbag.py:588} INFO - Filling up the DagBag from /opt/airflow/dags/train_traffic_pred.py
[2025-07-22T09:41:39.257+0000] {processor.py:925} INFO - DAG(s) 'train_traffic_pred' retrieved from /opt/airflow/dags/train_traffic_pred.py
[2025-07-22T09:41:39.278+0000] {logging_mixin.py:190} INFO - [2025-07-22T09:41:39.278+0000] {dag.py:3239} INFO - Sync 1 DAGs
[2025-07-22T09:41:39.294+0000] {logging_mixin.py:190} INFO - [2025-07-22T09:41:39.294+0000] {dag.py:4180} INFO - Setting next_dagrun for train_traffic_pred to 2025-07-22 00:00:00+00:00, run_after=2025-07-23 00:00:00+00:00
[2025-07-22T09:41:39.526+0000] {processor.py:208} INFO - Processing /opt/airflow/dags/train_traffic_pred.py took 3.546 seconds
[2025-07-22T09:42:11.237+0000] {processor.py:186} INFO - Started process (PID=40726) to work on /opt/airflow/dags/train_traffic_pred.py
[2025-07-22T09:42:11.238+0000] {processor.py:914} INFO - Processing file /opt/airflow/dags/train_traffic_pred.py for tasks to queue
[2025-07-22T09:42:11.242+0000] {logging_mixin.py:190} INFO - [2025-07-22T09:42:11.242+0000] {dagbag.py:588} INFO - Filling up the DagBag from /opt/airflow/dags/train_traffic_pred.py
[2025-07-22T09:42:14.656+0000] {processor.py:925} INFO - DAG(s) 'train_traffic_pred' retrieved from /opt/airflow/dags/train_traffic_pred.py
[2025-07-22T09:42:14.680+0000] {logging_mixin.py:190} INFO - [2025-07-22T09:42:14.679+0000] {dag.py:3239} INFO - Sync 1 DAGs
[2025-07-22T09:42:14.701+0000] {logging_mixin.py:190} INFO - [2025-07-22T09:42:14.701+0000] {dag.py:4180} INFO - Setting next_dagrun for train_traffic_pred to 2025-07-22 00:00:00+00:00, run_after=2025-07-23 00:00:00+00:00
[2025-07-22T09:42:14.728+0000] {processor.py:208} INFO - Processing /opt/airflow/dags/train_traffic_pred.py took 3.500 seconds
[2025-07-22T09:42:45.946+0000] {processor.py:186} INFO - Started process (PID=40830) to work on /opt/airflow/dags/train_traffic_pred.py
[2025-07-22T09:42:45.947+0000] {processor.py:914} INFO - Processing file /opt/airflow/dags/train_traffic_pred.py for tasks to queue
[2025-07-22T09:42:45.950+0000] {logging_mixin.py:190} INFO - [2025-07-22T09:42:45.950+0000] {dagbag.py:588} INFO - Filling up the DagBag from /opt/airflow/dags/train_traffic_pred.py
[2025-07-22T09:42:49.338+0000] {processor.py:925} INFO - DAG(s) 'train_traffic_pred' retrieved from /opt/airflow/dags/train_traffic_pred.py
[2025-07-22T09:42:49.359+0000] {logging_mixin.py:190} INFO - [2025-07-22T09:42:49.358+0000] {dag.py:3239} INFO - Sync 1 DAGs
[2025-07-22T09:42:49.375+0000] {logging_mixin.py:190} INFO - [2025-07-22T09:42:49.375+0000] {dag.py:4180} INFO - Setting next_dagrun for train_traffic_pred to 2025-07-22 00:00:00+00:00, run_after=2025-07-23 00:00:00+00:00
[2025-07-22T09:42:49.392+0000] {processor.py:208} INFO - Processing /opt/airflow/dags/train_traffic_pred.py took 3.454 seconds
[2025-07-22T09:43:20.605+0000] {processor.py:186} INFO - Started process (PID=40928) to work on /opt/airflow/dags/train_traffic_pred.py
[2025-07-22T09:43:20.607+0000] {processor.py:914} INFO - Processing file /opt/airflow/dags/train_traffic_pred.py for tasks to queue
[2025-07-22T09:43:20.610+0000] {logging_mixin.py:190} INFO - [2025-07-22T09:43:20.609+0000] {dagbag.py:588} INFO - Filling up the DagBag from /opt/airflow/dags/train_traffic_pred.py
[2025-07-22T09:43:23.953+0000] {processor.py:925} INFO - DAG(s) 'train_traffic_pred' retrieved from /opt/airflow/dags/train_traffic_pred.py
[2025-07-22T09:43:23.975+0000] {logging_mixin.py:190} INFO - [2025-07-22T09:43:23.974+0000] {dag.py:3239} INFO - Sync 1 DAGs
[2025-07-22T09:43:23.993+0000] {logging_mixin.py:190} INFO - [2025-07-22T09:43:23.993+0000] {dag.py:4180} INFO - Setting next_dagrun for train_traffic_pred to 2025-07-22 00:00:00+00:00, run_after=2025-07-23 00:00:00+00:00
[2025-07-22T09:43:24.009+0000] {processor.py:208} INFO - Processing /opt/airflow/dags/train_traffic_pred.py took 3.412 seconds
[2025-07-22T09:43:55.871+0000] {processor.py:186} INFO - Started process (PID=41026) to work on /opt/airflow/dags/train_traffic_pred.py
[2025-07-22T09:43:55.872+0000] {processor.py:914} INFO - Processing file /opt/airflow/dags/train_traffic_pred.py for tasks to queue
[2025-07-22T09:43:55.875+0000] {logging_mixin.py:190} INFO - [2025-07-22T09:43:55.875+0000] {dagbag.py:588} INFO - Filling up the DagBag from /opt/airflow/dags/train_traffic_pred.py
[2025-07-22T09:43:59.197+0000] {processor.py:925} INFO - DAG(s) 'train_traffic_pred' retrieved from /opt/airflow/dags/train_traffic_pred.py
[2025-07-22T09:43:59.216+0000] {logging_mixin.py:190} INFO - [2025-07-22T09:43:59.215+0000] {dag.py:3239} INFO - Sync 1 DAGs
[2025-07-22T09:43:59.233+0000] {logging_mixin.py:190} INFO - [2025-07-22T09:43:59.233+0000] {dag.py:4180} INFO - Setting next_dagrun for train_traffic_pred to 2025-07-22 00:00:00+00:00, run_after=2025-07-23 00:00:00+00:00
[2025-07-22T09:43:59.247+0000] {processor.py:208} INFO - Processing /opt/airflow/dags/train_traffic_pred.py took 3.383 seconds
[2025-07-22T09:44:30.331+0000] {processor.py:186} INFO - Started process (PID=41124) to work on /opt/airflow/dags/train_traffic_pred.py
[2025-07-22T09:44:30.332+0000] {processor.py:914} INFO - Processing file /opt/airflow/dags/train_traffic_pred.py for tasks to queue
[2025-07-22T09:44:30.334+0000] {logging_mixin.py:190} INFO - [2025-07-22T09:44:30.334+0000] {dagbag.py:588} INFO - Filling up the DagBag from /opt/airflow/dags/train_traffic_pred.py
[2025-07-22T09:44:33.716+0000] {processor.py:925} INFO - DAG(s) 'train_traffic_pred' retrieved from /opt/airflow/dags/train_traffic_pred.py
[2025-07-22T09:44:33.740+0000] {logging_mixin.py:190} INFO - [2025-07-22T09:44:33.740+0000] {dag.py:3239} INFO - Sync 1 DAGs
[2025-07-22T09:44:33.760+0000] {logging_mixin.py:190} INFO - [2025-07-22T09:44:33.760+0000] {dag.py:4180} INFO - Setting next_dagrun for train_traffic_pred to 2025-07-22 00:00:00+00:00, run_after=2025-07-23 00:00:00+00:00
[2025-07-22T09:44:33.779+0000] {processor.py:208} INFO - Processing /opt/airflow/dags/train_traffic_pred.py took 3.458 seconds
[2025-07-22T09:45:05.558+0000] {processor.py:186} INFO - Started process (PID=41222) to work on /opt/airflow/dags/train_traffic_pred.py
[2025-07-22T09:45:05.560+0000] {processor.py:914} INFO - Processing file /opt/airflow/dags/train_traffic_pred.py for tasks to queue
[2025-07-22T09:45:05.563+0000] {logging_mixin.py:190} INFO - [2025-07-22T09:45:05.563+0000] {dagbag.py:588} INFO - Filling up the DagBag from /opt/airflow/dags/train_traffic_pred.py
[2025-07-22T09:45:08.802+0000] {processor.py:925} INFO - DAG(s) 'train_traffic_pred' retrieved from /opt/airflow/dags/train_traffic_pred.py
[2025-07-22T09:45:08.822+0000] {logging_mixin.py:190} INFO - [2025-07-22T09:45:08.821+0000] {dag.py:3239} INFO - Sync 1 DAGs
[2025-07-22T09:45:08.838+0000] {logging_mixin.py:190} INFO - [2025-07-22T09:45:08.837+0000] {dag.py:4180} INFO - Setting next_dagrun for train_traffic_pred to 2025-07-22 00:00:00+00:00, run_after=2025-07-23 00:00:00+00:00
[2025-07-22T09:45:08.851+0000] {processor.py:208} INFO - Processing /opt/airflow/dags/train_traffic_pred.py took 3.300 seconds
[2025-07-22T09:45:40.761+0000] {processor.py:186} INFO - Started process (PID=41320) to work on /opt/airflow/dags/train_traffic_pred.py
[2025-07-22T09:45:40.762+0000] {processor.py:914} INFO - Processing file /opt/airflow/dags/train_traffic_pred.py for tasks to queue
[2025-07-22T09:45:40.765+0000] {logging_mixin.py:190} INFO - [2025-07-22T09:45:40.764+0000] {dagbag.py:588} INFO - Filling up the DagBag from /opt/airflow/dags/train_traffic_pred.py
[2025-07-22T09:45:44.174+0000] {processor.py:925} INFO - DAG(s) 'train_traffic_pred' retrieved from /opt/airflow/dags/train_traffic_pred.py
[2025-07-22T09:45:44.194+0000] {logging_mixin.py:190} INFO - [2025-07-22T09:45:44.194+0000] {dag.py:3239} INFO - Sync 1 DAGs
[2025-07-22T09:45:44.213+0000] {logging_mixin.py:190} INFO - [2025-07-22T09:45:44.213+0000] {dag.py:4180} INFO - Setting next_dagrun for train_traffic_pred to 2025-07-22 00:00:00+00:00, run_after=2025-07-23 00:00:00+00:00
[2025-07-22T09:45:44.229+0000] {processor.py:208} INFO - Processing /opt/airflow/dags/train_traffic_pred.py took 3.473 seconds
[2025-07-22T09:46:16.156+0000] {processor.py:186} INFO - Started process (PID=41425) to work on /opt/airflow/dags/train_traffic_pred.py
[2025-07-22T09:46:16.158+0000] {processor.py:914} INFO - Processing file /opt/airflow/dags/train_traffic_pred.py for tasks to queue
[2025-07-22T09:46:16.160+0000] {logging_mixin.py:190} INFO - [2025-07-22T09:46:16.160+0000] {dagbag.py:588} INFO - Filling up the DagBag from /opt/airflow/dags/train_traffic_pred.py
[2025-07-22T09:46:19.799+0000] {processor.py:925} INFO - DAG(s) 'train_traffic_pred' retrieved from /opt/airflow/dags/train_traffic_pred.py
[2025-07-22T09:46:19.823+0000] {logging_mixin.py:190} INFO - [2025-07-22T09:46:19.822+0000] {dag.py:3239} INFO - Sync 1 DAGs
[2025-07-22T09:46:19.843+0000] {logging_mixin.py:190} INFO - [2025-07-22T09:46:19.842+0000] {dag.py:4180} INFO - Setting next_dagrun for train_traffic_pred to 2025-07-22 00:00:00+00:00, run_after=2025-07-23 00:00:00+00:00
[2025-07-22T09:46:19.859+0000] {processor.py:208} INFO - Processing /opt/airflow/dags/train_traffic_pred.py took 3.711 seconds
[2025-07-22T09:46:51.069+0000] {processor.py:186} INFO - Started process (PID=41523) to work on /opt/airflow/dags/train_traffic_pred.py
[2025-07-22T09:46:51.070+0000] {processor.py:914} INFO - Processing file /opt/airflow/dags/train_traffic_pred.py for tasks to queue
[2025-07-22T09:46:51.073+0000] {logging_mixin.py:190} INFO - [2025-07-22T09:46:51.073+0000] {dagbag.py:588} INFO - Filling up the DagBag from /opt/airflow/dags/train_traffic_pred.py
[2025-07-22T09:46:54.352+0000] {processor.py:925} INFO - DAG(s) 'train_traffic_pred' retrieved from /opt/airflow/dags/train_traffic_pred.py
[2025-07-22T09:46:54.373+0000] {logging_mixin.py:190} INFO - [2025-07-22T09:46:54.372+0000] {dag.py:3239} INFO - Sync 1 DAGs
[2025-07-22T09:46:54.392+0000] {logging_mixin.py:190} INFO - [2025-07-22T09:46:54.392+0000] {dag.py:4180} INFO - Setting next_dagrun for train_traffic_pred to 2025-07-22 00:00:00+00:00, run_after=2025-07-23 00:00:00+00:00
[2025-07-22T09:46:54.407+0000] {processor.py:208} INFO - Processing /opt/airflow/dags/train_traffic_pred.py took 3.346 seconds
[2025-07-22T09:47:26.305+0000] {processor.py:186} INFO - Started process (PID=41621) to work on /opt/airflow/dags/train_traffic_pred.py
[2025-07-22T09:47:26.306+0000] {processor.py:914} INFO - Processing file /opt/airflow/dags/train_traffic_pred.py for tasks to queue
[2025-07-22T09:47:26.309+0000] {logging_mixin.py:190} INFO - [2025-07-22T09:47:26.308+0000] {dagbag.py:588} INFO - Filling up the DagBag from /opt/airflow/dags/train_traffic_pred.py
[2025-07-22T09:47:29.670+0000] {processor.py:925} INFO - DAG(s) 'train_traffic_pred' retrieved from /opt/airflow/dags/train_traffic_pred.py
[2025-07-22T09:47:29.698+0000] {logging_mixin.py:190} INFO - [2025-07-22T09:47:29.697+0000] {dag.py:3239} INFO - Sync 1 DAGs
[2025-07-22T09:47:29.723+0000] {logging_mixin.py:190} INFO - [2025-07-22T09:47:29.723+0000] {dag.py:4180} INFO - Setting next_dagrun for train_traffic_pred to 2025-07-22 00:00:00+00:00, run_after=2025-07-23 00:00:00+00:00
[2025-07-22T09:47:29.742+0000] {processor.py:208} INFO - Processing /opt/airflow/dags/train_traffic_pred.py took 3.445 seconds
[2025-07-22T09:48:01.579+0000] {processor.py:186} INFO - Started process (PID=41720) to work on /opt/airflow/dags/train_traffic_pred.py
[2025-07-22T09:48:01.580+0000] {processor.py:914} INFO - Processing file /opt/airflow/dags/train_traffic_pred.py for tasks to queue
[2025-07-22T09:48:01.583+0000] {logging_mixin.py:190} INFO - [2025-07-22T09:48:01.583+0000] {dagbag.py:588} INFO - Filling up the DagBag from /opt/airflow/dags/train_traffic_pred.py
[2025-07-22T09:48:05.244+0000] {processor.py:925} INFO - DAG(s) 'train_traffic_pred' retrieved from /opt/airflow/dags/train_traffic_pred.py
[2025-07-22T09:48:05.268+0000] {logging_mixin.py:190} INFO - [2025-07-22T09:48:05.267+0000] {dag.py:3239} INFO - Sync 1 DAGs
[2025-07-22T09:48:05.290+0000] {logging_mixin.py:190} INFO - [2025-07-22T09:48:05.289+0000] {dag.py:4180} INFO - Setting next_dagrun for train_traffic_pred to 2025-07-22 00:00:00+00:00, run_after=2025-07-23 00:00:00+00:00
[2025-07-22T09:48:05.320+0000] {processor.py:208} INFO - Processing /opt/airflow/dags/train_traffic_pred.py took 3.749 seconds
[2025-07-22T09:48:36.590+0000] {processor.py:186} INFO - Started process (PID=41818) to work on /opt/airflow/dags/train_traffic_pred.py
[2025-07-22T09:48:36.592+0000] {processor.py:914} INFO - Processing file /opt/airflow/dags/train_traffic_pred.py for tasks to queue
[2025-07-22T09:48:36.595+0000] {logging_mixin.py:190} INFO - [2025-07-22T09:48:36.594+0000] {dagbag.py:588} INFO - Filling up the DagBag from /opt/airflow/dags/train_traffic_pred.py
[2025-07-22T09:48:40.155+0000] {processor.py:925} INFO - DAG(s) 'train_traffic_pred' retrieved from /opt/airflow/dags/train_traffic_pred.py
[2025-07-22T09:48:40.178+0000] {logging_mixin.py:190} INFO - [2025-07-22T09:48:40.178+0000] {dag.py:3239} INFO - Sync 1 DAGs
[2025-07-22T09:48:40.198+0000] {logging_mixin.py:190} INFO - [2025-07-22T09:48:40.197+0000] {dag.py:4180} INFO - Setting next_dagrun for train_traffic_pred to 2025-07-22 00:00:00+00:00, run_after=2025-07-23 00:00:00+00:00
[2025-07-22T09:48:40.216+0000] {processor.py:208} INFO - Processing /opt/airflow/dags/train_traffic_pred.py took 3.633 seconds
[2025-07-22T09:49:11.882+0000] {processor.py:186} INFO - Started process (PID=41916) to work on /opt/airflow/dags/train_traffic_pred.py
[2025-07-22T09:49:11.883+0000] {processor.py:914} INFO - Processing file /opt/airflow/dags/train_traffic_pred.py for tasks to queue
[2025-07-22T09:49:11.886+0000] {logging_mixin.py:190} INFO - [2025-07-22T09:49:11.885+0000] {dagbag.py:588} INFO - Filling up the DagBag from /opt/airflow/dags/train_traffic_pred.py
[2025-07-22T09:49:15.363+0000] {processor.py:925} INFO - DAG(s) 'train_traffic_pred' retrieved from /opt/airflow/dags/train_traffic_pred.py
[2025-07-22T09:49:15.385+0000] {logging_mixin.py:190} INFO - [2025-07-22T09:49:15.385+0000] {dag.py:3239} INFO - Sync 1 DAGs
[2025-07-22T09:49:15.407+0000] {logging_mixin.py:190} INFO - [2025-07-22T09:49:15.407+0000] {dag.py:4180} INFO - Setting next_dagrun for train_traffic_pred to 2025-07-22 00:00:00+00:00, run_after=2025-07-23 00:00:00+00:00
[2025-07-22T09:49:15.441+0000] {processor.py:208} INFO - Processing /opt/airflow/dags/train_traffic_pred.py took 3.566 seconds
[2025-07-22T09:49:46.541+0000] {processor.py:186} INFO - Started process (PID=42023) to work on /opt/airflow/dags/train_traffic_pred.py
[2025-07-22T09:49:46.542+0000] {processor.py:914} INFO - Processing file /opt/airflow/dags/train_traffic_pred.py for tasks to queue
[2025-07-22T09:49:46.545+0000] {logging_mixin.py:190} INFO - [2025-07-22T09:49:46.545+0000] {dagbag.py:588} INFO - Filling up the DagBag from /opt/airflow/dags/train_traffic_pred.py
[2025-07-22T09:49:49.714+0000] {processor.py:925} INFO - DAG(s) 'train_traffic_pred' retrieved from /opt/airflow/dags/train_traffic_pred.py
[2025-07-22T09:49:49.736+0000] {logging_mixin.py:190} INFO - [2025-07-22T09:49:49.735+0000] {dag.py:3239} INFO - Sync 1 DAGs
[2025-07-22T09:49:49.755+0000] {logging_mixin.py:190} INFO - [2025-07-22T09:49:49.755+0000] {dag.py:4180} INFO - Setting next_dagrun for train_traffic_pred to 2025-07-22 00:00:00+00:00, run_after=2025-07-23 00:00:00+00:00
[2025-07-22T09:49:49.772+0000] {processor.py:208} INFO - Processing /opt/airflow/dags/train_traffic_pred.py took 3.238 seconds
[2025-07-22T09:50:21.481+0000] {processor.py:186} INFO - Started process (PID=42118) to work on /opt/airflow/dags/train_traffic_pred.py
[2025-07-22T09:50:21.482+0000] {processor.py:914} INFO - Processing file /opt/airflow/dags/train_traffic_pred.py for tasks to queue
[2025-07-22T09:50:21.484+0000] {logging_mixin.py:190} INFO - [2025-07-22T09:50:21.484+0000] {dagbag.py:588} INFO - Filling up the DagBag from /opt/airflow/dags/train_traffic_pred.py
[2025-07-22T09:50:24.775+0000] {processor.py:925} INFO - DAG(s) 'train_traffic_pred' retrieved from /opt/airflow/dags/train_traffic_pred.py
[2025-07-22T09:50:24.797+0000] {logging_mixin.py:190} INFO - [2025-07-22T09:50:24.797+0000] {dag.py:3239} INFO - Sync 1 DAGs
[2025-07-22T09:50:24.816+0000] {logging_mixin.py:190} INFO - [2025-07-22T09:50:24.816+0000] {dag.py:4180} INFO - Setting next_dagrun for train_traffic_pred to 2025-07-22 00:00:00+00:00, run_after=2025-07-23 00:00:00+00:00
[2025-07-22T09:50:24.831+0000] {processor.py:208} INFO - Processing /opt/airflow/dags/train_traffic_pred.py took 3.357 seconds
[2025-07-22T09:50:56.502+0000] {processor.py:186} INFO - Started process (PID=42216) to work on /opt/airflow/dags/train_traffic_pred.py
[2025-07-22T09:50:56.503+0000] {processor.py:914} INFO - Processing file /opt/airflow/dags/train_traffic_pred.py for tasks to queue
[2025-07-22T09:50:56.506+0000] {logging_mixin.py:190} INFO - [2025-07-22T09:50:56.506+0000] {dagbag.py:588} INFO - Filling up the DagBag from /opt/airflow/dags/train_traffic_pred.py
[2025-07-22T09:50:59.733+0000] {processor.py:925} INFO - DAG(s) 'train_traffic_pred' retrieved from /opt/airflow/dags/train_traffic_pred.py
[2025-07-22T09:50:59.757+0000] {logging_mixin.py:190} INFO - [2025-07-22T09:50:59.756+0000] {dag.py:3239} INFO - Sync 1 DAGs
[2025-07-22T09:50:59.778+0000] {logging_mixin.py:190} INFO - [2025-07-22T09:50:59.778+0000] {dag.py:4180} INFO - Setting next_dagrun for train_traffic_pred to 2025-07-22 00:00:00+00:00, run_after=2025-07-23 00:00:00+00:00
[2025-07-22T09:50:59.796+0000] {processor.py:208} INFO - Processing /opt/airflow/dags/train_traffic_pred.py took 3.301 seconds
[2025-07-22T09:51:31.032+0000] {processor.py:186} INFO - Started process (PID=42314) to work on /opt/airflow/dags/train_traffic_pred.py
[2025-07-22T09:51:31.033+0000] {processor.py:914} INFO - Processing file /opt/airflow/dags/train_traffic_pred.py for tasks to queue
[2025-07-22T09:51:31.036+0000] {logging_mixin.py:190} INFO - [2025-07-22T09:51:31.036+0000] {dagbag.py:588} INFO - Filling up the DagBag from /opt/airflow/dags/train_traffic_pred.py
[2025-07-22T09:51:34.378+0000] {processor.py:925} INFO - DAG(s) 'train_traffic_pred' retrieved from /opt/airflow/dags/train_traffic_pred.py
[2025-07-22T09:51:34.401+0000] {logging_mixin.py:190} INFO - [2025-07-22T09:51:34.400+0000] {dag.py:3239} INFO - Sync 1 DAGs
[2025-07-22T09:51:34.420+0000] {logging_mixin.py:190} INFO - [2025-07-22T09:51:34.420+0000] {dag.py:4180} INFO - Setting next_dagrun for train_traffic_pred to 2025-07-22 00:00:00+00:00, run_after=2025-07-23 00:00:00+00:00
[2025-07-22T09:51:34.436+0000] {processor.py:208} INFO - Processing /opt/airflow/dags/train_traffic_pred.py took 3.411 seconds
[2025-07-22T09:52:05.655+0000] {processor.py:186} INFO - Started process (PID=42412) to work on /opt/airflow/dags/train_traffic_pred.py
[2025-07-22T09:52:05.656+0000] {processor.py:914} INFO - Processing file /opt/airflow/dags/train_traffic_pred.py for tasks to queue
[2025-07-22T09:52:05.659+0000] {logging_mixin.py:190} INFO - [2025-07-22T09:52:05.658+0000] {dagbag.py:588} INFO - Filling up the DagBag from /opt/airflow/dags/train_traffic_pred.py
[2025-07-22T09:52:09.014+0000] {processor.py:925} INFO - DAG(s) 'train_traffic_pred' retrieved from /opt/airflow/dags/train_traffic_pred.py
[2025-07-22T09:52:09.036+0000] {logging_mixin.py:190} INFO - [2025-07-22T09:52:09.036+0000] {dag.py:3239} INFO - Sync 1 DAGs
[2025-07-22T09:52:09.054+0000] {logging_mixin.py:190} INFO - [2025-07-22T09:52:09.054+0000] {dag.py:4180} INFO - Setting next_dagrun for train_traffic_pred to 2025-07-22 00:00:00+00:00, run_after=2025-07-23 00:00:00+00:00
[2025-07-22T09:52:09.071+0000] {processor.py:208} INFO - Processing /opt/airflow/dags/train_traffic_pred.py took 3.424 seconds
[2025-07-22T09:52:41.061+0000] {processor.py:186} INFO - Started process (PID=42513) to work on /opt/airflow/dags/train_traffic_pred.py
[2025-07-22T09:52:41.062+0000] {processor.py:914} INFO - Processing file /opt/airflow/dags/train_traffic_pred.py for tasks to queue
[2025-07-22T09:52:41.065+0000] {logging_mixin.py:190} INFO - [2025-07-22T09:52:41.064+0000] {dagbag.py:588} INFO - Filling up the DagBag from /opt/airflow/dags/train_traffic_pred.py
[2025-07-22T09:52:44.483+0000] {processor.py:925} INFO - DAG(s) 'train_traffic_pred' retrieved from /opt/airflow/dags/train_traffic_pred.py
[2025-07-22T09:52:44.506+0000] {logging_mixin.py:190} INFO - [2025-07-22T09:52:44.506+0000] {dag.py:3239} INFO - Sync 1 DAGs
[2025-07-22T09:52:44.526+0000] {logging_mixin.py:190} INFO - [2025-07-22T09:52:44.526+0000] {dag.py:4180} INFO - Setting next_dagrun for train_traffic_pred to 2025-07-22 00:00:00+00:00, run_after=2025-07-23 00:00:00+00:00
[2025-07-22T09:52:44.543+0000] {processor.py:208} INFO - Processing /opt/airflow/dags/train_traffic_pred.py took 3.489 seconds
[2025-07-22T09:53:15.677+0000] {processor.py:186} INFO - Started process (PID=42617) to work on /opt/airflow/dags/train_traffic_pred.py
[2025-07-22T09:53:15.678+0000] {processor.py:914} INFO - Processing file /opt/airflow/dags/train_traffic_pred.py for tasks to queue
[2025-07-22T09:53:15.680+0000] {logging_mixin.py:190} INFO - [2025-07-22T09:53:15.680+0000] {dagbag.py:588} INFO - Filling up the DagBag from /opt/airflow/dags/train_traffic_pred.py
[2025-07-22T09:53:19.061+0000] {processor.py:925} INFO - DAG(s) 'train_traffic_pred' retrieved from /opt/airflow/dags/train_traffic_pred.py
[2025-07-22T09:53:19.082+0000] {logging_mixin.py:190} INFO - [2025-07-22T09:53:19.082+0000] {dag.py:3239} INFO - Sync 1 DAGs
[2025-07-22T09:53:19.101+0000] {logging_mixin.py:190} INFO - [2025-07-22T09:53:19.101+0000] {dag.py:4180} INFO - Setting next_dagrun for train_traffic_pred to 2025-07-22 00:00:00+00:00, run_after=2025-07-23 00:00:00+00:00
[2025-07-22T09:53:19.115+0000] {processor.py:208} INFO - Processing /opt/airflow/dags/train_traffic_pred.py took 3.444 seconds
[2025-07-22T09:53:50.209+0000] {processor.py:186} INFO - Started process (PID=42715) to work on /opt/airflow/dags/train_traffic_pred.py
[2025-07-22T09:53:50.211+0000] {processor.py:914} INFO - Processing file /opt/airflow/dags/train_traffic_pred.py for tasks to queue
[2025-07-22T09:53:50.213+0000] {logging_mixin.py:190} INFO - [2025-07-22T09:53:50.213+0000] {dagbag.py:588} INFO - Filling up the DagBag from /opt/airflow/dags/train_traffic_pred.py
[2025-07-22T09:53:53.541+0000] {processor.py:925} INFO - DAG(s) 'train_traffic_pred' retrieved from /opt/airflow/dags/train_traffic_pred.py
[2025-07-22T09:53:53.563+0000] {logging_mixin.py:190} INFO - [2025-07-22T09:53:53.562+0000] {dag.py:3239} INFO - Sync 1 DAGs
[2025-07-22T09:53:53.582+0000] {logging_mixin.py:190} INFO - [2025-07-22T09:53:53.581+0000] {dag.py:4180} INFO - Setting next_dagrun for train_traffic_pred to 2025-07-22 00:00:00+00:00, run_after=2025-07-23 00:00:00+00:00
[2025-07-22T09:53:53.597+0000] {processor.py:208} INFO - Processing /opt/airflow/dags/train_traffic_pred.py took 3.395 seconds
[2025-07-22T09:54:25.500+0000] {processor.py:186} INFO - Started process (PID=42813) to work on /opt/airflow/dags/train_traffic_pred.py
[2025-07-22T09:54:25.501+0000] {processor.py:914} INFO - Processing file /opt/airflow/dags/train_traffic_pred.py for tasks to queue
[2025-07-22T09:54:25.504+0000] {logging_mixin.py:190} INFO - [2025-07-22T09:54:25.504+0000] {dagbag.py:588} INFO - Filling up the DagBag from /opt/airflow/dags/train_traffic_pred.py
[2025-07-22T09:54:28.832+0000] {processor.py:925} INFO - DAG(s) 'train_traffic_pred' retrieved from /opt/airflow/dags/train_traffic_pred.py
[2025-07-22T09:54:28.852+0000] {logging_mixin.py:190} INFO - [2025-07-22T09:54:28.852+0000] {dag.py:3239} INFO - Sync 1 DAGs
[2025-07-22T09:54:28.870+0000] {logging_mixin.py:190} INFO - [2025-07-22T09:54:28.870+0000] {dag.py:4180} INFO - Setting next_dagrun for train_traffic_pred to 2025-07-22 00:00:00+00:00, run_after=2025-07-23 00:00:00+00:00
[2025-07-22T09:54:28.885+0000] {processor.py:208} INFO - Processing /opt/airflow/dags/train_traffic_pred.py took 3.391 seconds
[2025-07-22T09:55:00.156+0000] {processor.py:186} INFO - Started process (PID=42911) to work on /opt/airflow/dags/train_traffic_pred.py
[2025-07-22T09:55:00.157+0000] {processor.py:914} INFO - Processing file /opt/airflow/dags/train_traffic_pred.py for tasks to queue
[2025-07-22T09:55:00.160+0000] {logging_mixin.py:190} INFO - [2025-07-22T09:55:00.160+0000] {dagbag.py:588} INFO - Filling up the DagBag from /opt/airflow/dags/train_traffic_pred.py
[2025-07-22T09:55:03.634+0000] {processor.py:925} INFO - DAG(s) 'train_traffic_pred' retrieved from /opt/airflow/dags/train_traffic_pred.py
[2025-07-22T09:55:03.657+0000] {logging_mixin.py:190} INFO - [2025-07-22T09:55:03.656+0000] {dag.py:3239} INFO - Sync 1 DAGs
[2025-07-22T09:55:03.677+0000] {logging_mixin.py:190} INFO - [2025-07-22T09:55:03.677+0000] {dag.py:4180} INFO - Setting next_dagrun for train_traffic_pred to 2025-07-22 00:00:00+00:00, run_after=2025-07-23 00:00:00+00:00
[2025-07-22T09:55:03.693+0000] {processor.py:208} INFO - Processing /opt/airflow/dags/train_traffic_pred.py took 3.544 seconds
[2025-07-22T09:55:35.475+0000] {processor.py:186} INFO - Started process (PID=43009) to work on /opt/airflow/dags/train_traffic_pred.py
[2025-07-22T09:55:35.477+0000] {processor.py:914} INFO - Processing file /opt/airflow/dags/train_traffic_pred.py for tasks to queue
[2025-07-22T09:55:35.480+0000] {logging_mixin.py:190} INFO - [2025-07-22T09:55:35.479+0000] {dagbag.py:588} INFO - Filling up the DagBag from /opt/airflow/dags/train_traffic_pred.py
[2025-07-22T09:55:38.727+0000] {processor.py:925} INFO - DAG(s) 'train_traffic_pred' retrieved from /opt/airflow/dags/train_traffic_pred.py
[2025-07-22T09:55:38.748+0000] {logging_mixin.py:190} INFO - [2025-07-22T09:55:38.748+0000] {dag.py:3239} INFO - Sync 1 DAGs
[2025-07-22T09:55:38.766+0000] {logging_mixin.py:190} INFO - [2025-07-22T09:55:38.766+0000] {dag.py:4180} INFO - Setting next_dagrun for train_traffic_pred to 2025-07-22 00:00:00+00:00, run_after=2025-07-23 00:00:00+00:00
[2025-07-22T09:55:38.781+0000] {processor.py:208} INFO - Processing /opt/airflow/dags/train_traffic_pred.py took 3.312 seconds
[2025-07-22T09:56:10.154+0000] {processor.py:186} INFO - Started process (PID=43104) to work on /opt/airflow/dags/train_traffic_pred.py
[2025-07-22T09:56:10.156+0000] {processor.py:914} INFO - Processing file /opt/airflow/dags/train_traffic_pred.py for tasks to queue
[2025-07-22T09:56:10.158+0000] {logging_mixin.py:190} INFO - [2025-07-22T09:56:10.158+0000] {dagbag.py:588} INFO - Filling up the DagBag from /opt/airflow/dags/train_traffic_pred.py
[2025-07-22T09:56:13.691+0000] {processor.py:925} INFO - DAG(s) 'train_traffic_pred' retrieved from /opt/airflow/dags/train_traffic_pred.py
[2025-07-22T09:56:13.716+0000] {logging_mixin.py:190} INFO - [2025-07-22T09:56:13.715+0000] {dag.py:3239} INFO - Sync 1 DAGs
[2025-07-22T09:56:13.734+0000] {logging_mixin.py:190} INFO - [2025-07-22T09:56:13.734+0000] {dag.py:4180} INFO - Setting next_dagrun for train_traffic_pred to 2025-07-22 00:00:00+00:00, run_after=2025-07-23 00:00:00+00:00
[2025-07-22T09:56:13.750+0000] {processor.py:208} INFO - Processing /opt/airflow/dags/train_traffic_pred.py took 3.602 seconds
[2025-07-22T09:56:44.802+0000] {processor.py:186} INFO - Started process (PID=43208) to work on /opt/airflow/dags/train_traffic_pred.py
[2025-07-22T09:56:44.803+0000] {processor.py:914} INFO - Processing file /opt/airflow/dags/train_traffic_pred.py for tasks to queue
[2025-07-22T09:56:44.806+0000] {logging_mixin.py:190} INFO - [2025-07-22T09:56:44.806+0000] {dagbag.py:588} INFO - Filling up the DagBag from /opt/airflow/dags/train_traffic_pred.py
[2025-07-22T09:56:48.165+0000] {processor.py:925} INFO - DAG(s) 'train_traffic_pred' retrieved from /opt/airflow/dags/train_traffic_pred.py
[2025-07-22T09:56:48.187+0000] {logging_mixin.py:190} INFO - [2025-07-22T09:56:48.186+0000] {dag.py:3239} INFO - Sync 1 DAGs
[2025-07-22T09:56:48.205+0000] {logging_mixin.py:190} INFO - [2025-07-22T09:56:48.205+0000] {dag.py:4180} INFO - Setting next_dagrun for train_traffic_pred to 2025-07-22 00:00:00+00:00, run_after=2025-07-23 00:00:00+00:00
[2025-07-22T09:56:48.222+0000] {processor.py:208} INFO - Processing /opt/airflow/dags/train_traffic_pred.py took 3.428 seconds
[2025-07-22T09:57:19.493+0000] {processor.py:186} INFO - Started process (PID=43306) to work on /opt/airflow/dags/train_traffic_pred.py
[2025-07-22T09:57:19.495+0000] {processor.py:914} INFO - Processing file /opt/airflow/dags/train_traffic_pred.py for tasks to queue
[2025-07-22T09:57:19.498+0000] {logging_mixin.py:190} INFO - [2025-07-22T09:57:19.497+0000] {dagbag.py:588} INFO - Filling up the DagBag from /opt/airflow/dags/train_traffic_pred.py
[2025-07-22T09:57:23.006+0000] {processor.py:925} INFO - DAG(s) 'train_traffic_pred' retrieved from /opt/airflow/dags/train_traffic_pred.py
[2025-07-22T09:57:23.028+0000] {logging_mixin.py:190} INFO - [2025-07-22T09:57:23.026+0000] {dag.py:3239} INFO - Sync 1 DAGs
[2025-07-22T09:57:23.045+0000] {logging_mixin.py:190} INFO - [2025-07-22T09:57:23.044+0000] {dag.py:4180} INFO - Setting next_dagrun for train_traffic_pred to 2025-07-22 00:00:00+00:00, run_after=2025-07-23 00:00:00+00:00
[2025-07-22T09:57:23.058+0000] {processor.py:208} INFO - Processing /opt/airflow/dags/train_traffic_pred.py took 3.573 seconds
[2025-07-22T09:57:54.990+0000] {processor.py:186} INFO - Started process (PID=43404) to work on /opt/airflow/dags/train_traffic_pred.py
[2025-07-22T09:57:54.991+0000] {processor.py:914} INFO - Processing file /opt/airflow/dags/train_traffic_pred.py for tasks to queue
[2025-07-22T09:57:54.994+0000] {logging_mixin.py:190} INFO - [2025-07-22T09:57:54.994+0000] {dagbag.py:588} INFO - Filling up the DagBag from /opt/airflow/dags/train_traffic_pred.py
[2025-07-22T09:57:58.553+0000] {processor.py:925} INFO - DAG(s) 'train_traffic_pred' retrieved from /opt/airflow/dags/train_traffic_pred.py
[2025-07-22T09:57:58.577+0000] {logging_mixin.py:190} INFO - [2025-07-22T09:57:58.577+0000] {dag.py:3239} INFO - Sync 1 DAGs
[2025-07-22T09:57:58.596+0000] {logging_mixin.py:190} INFO - [2025-07-22T09:57:58.596+0000] {dag.py:4180} INFO - Setting next_dagrun for train_traffic_pred to 2025-07-22 00:00:00+00:00, run_after=2025-07-23 00:00:00+00:00
[2025-07-22T09:57:58.614+0000] {processor.py:208} INFO - Processing /opt/airflow/dags/train_traffic_pred.py took 3.632 seconds
[2025-07-22T09:58:29.954+0000] {processor.py:186} INFO - Started process (PID=43502) to work on /opt/airflow/dags/train_traffic_pred.py
[2025-07-22T09:58:29.955+0000] {processor.py:914} INFO - Processing file /opt/airflow/dags/train_traffic_pred.py for tasks to queue
[2025-07-22T09:58:29.958+0000] {logging_mixin.py:190} INFO - [2025-07-22T09:58:29.958+0000] {dagbag.py:588} INFO - Filling up the DagBag from /opt/airflow/dags/train_traffic_pred.py
[2025-07-22T09:58:33.736+0000] {processor.py:925} INFO - DAG(s) 'train_traffic_pred' retrieved from /opt/airflow/dags/train_traffic_pred.py
[2025-07-22T09:58:33.760+0000] {logging_mixin.py:190} INFO - [2025-07-22T09:58:33.760+0000] {dag.py:3239} INFO - Sync 1 DAGs
[2025-07-22T09:58:33.780+0000] {logging_mixin.py:190} INFO - [2025-07-22T09:58:33.779+0000] {dag.py:4180} INFO - Setting next_dagrun for train_traffic_pred to 2025-07-22 00:00:00+00:00, run_after=2025-07-23 00:00:00+00:00
[2025-07-22T09:58:33.797+0000] {processor.py:208} INFO - Processing /opt/airflow/dags/train_traffic_pred.py took 3.850 seconds
[2025-07-22T09:59:05.239+0000] {processor.py:186} INFO - Started process (PID=43600) to work on /opt/airflow/dags/train_traffic_pred.py
[2025-07-22T09:59:05.240+0000] {processor.py:914} INFO - Processing file /opt/airflow/dags/train_traffic_pred.py for tasks to queue
[2025-07-22T09:59:05.242+0000] {logging_mixin.py:190} INFO - [2025-07-22T09:59:05.242+0000] {dagbag.py:588} INFO - Filling up the DagBag from /opt/airflow/dags/train_traffic_pred.py
[2025-07-22T09:59:08.630+0000] {processor.py:925} INFO - DAG(s) 'train_traffic_pred' retrieved from /opt/airflow/dags/train_traffic_pred.py
[2025-07-22T09:59:08.653+0000] {logging_mixin.py:190} INFO - [2025-07-22T09:59:08.652+0000] {dag.py:3239} INFO - Sync 1 DAGs
[2025-07-22T09:59:08.672+0000] {logging_mixin.py:190} INFO - [2025-07-22T09:59:08.671+0000] {dag.py:4180} INFO - Setting next_dagrun for train_traffic_pred to 2025-07-22 00:00:00+00:00, run_after=2025-07-23 00:00:00+00:00
[2025-07-22T09:59:08.689+0000] {processor.py:208} INFO - Processing /opt/airflow/dags/train_traffic_pred.py took 3.457 seconds
[2025-07-22T09:59:39.909+0000] {processor.py:186} INFO - Started process (PID=43698) to work on /opt/airflow/dags/train_traffic_pred.py
[2025-07-22T09:59:39.910+0000] {processor.py:914} INFO - Processing file /opt/airflow/dags/train_traffic_pred.py for tasks to queue
[2025-07-22T09:59:39.914+0000] {logging_mixin.py:190} INFO - [2025-07-22T09:59:39.913+0000] {dagbag.py:588} INFO - Filling up the DagBag from /opt/airflow/dags/train_traffic_pred.py
[2025-07-22T09:59:43.348+0000] {processor.py:925} INFO - DAG(s) 'train_traffic_pred' retrieved from /opt/airflow/dags/train_traffic_pred.py
[2025-07-22T09:59:43.373+0000] {logging_mixin.py:190} INFO - [2025-07-22T09:59:43.372+0000] {dag.py:3239} INFO - Sync 1 DAGs
[2025-07-22T09:59:43.392+0000] {logging_mixin.py:190} INFO - [2025-07-22T09:59:43.392+0000] {dag.py:4180} INFO - Setting next_dagrun for train_traffic_pred to 2025-07-22 00:00:00+00:00, run_after=2025-07-23 00:00:00+00:00
[2025-07-22T09:59:43.407+0000] {processor.py:208} INFO - Processing /opt/airflow/dags/train_traffic_pred.py took 3.505 seconds
[2025-07-22T10:00:15.073+0000] {processor.py:186} INFO - Started process (PID=43796) to work on /opt/airflow/dags/train_traffic_pred.py
[2025-07-22T10:00:15.074+0000] {processor.py:914} INFO - Processing file /opt/airflow/dags/train_traffic_pred.py for tasks to queue
[2025-07-22T10:00:15.077+0000] {logging_mixin.py:190} INFO - [2025-07-22T10:00:15.076+0000] {dagbag.py:588} INFO - Filling up the DagBag from /opt/airflow/dags/train_traffic_pred.py
[2025-07-22T10:00:18.600+0000] {processor.py:925} INFO - DAG(s) 'train_traffic_pred' retrieved from /opt/airflow/dags/train_traffic_pred.py
[2025-07-22T10:00:18.620+0000] {logging_mixin.py:190} INFO - [2025-07-22T10:00:18.620+0000] {dag.py:3239} INFO - Sync 1 DAGs
[2025-07-22T10:00:18.637+0000] {logging_mixin.py:190} INFO - [2025-07-22T10:00:18.637+0000] {dag.py:4180} INFO - Setting next_dagrun for train_traffic_pred to 2025-07-22 00:00:00+00:00, run_after=2025-07-23 00:00:00+00:00
[2025-07-22T10:00:18.653+0000] {processor.py:208} INFO - Processing /opt/airflow/dags/train_traffic_pred.py took 3.588 seconds
[2025-07-22T10:00:49.806+0000] {processor.py:186} INFO - Started process (PID=43900) to work on /opt/airflow/dags/train_traffic_pred.py
[2025-07-22T10:00:49.807+0000] {processor.py:914} INFO - Processing file /opt/airflow/dags/train_traffic_pred.py for tasks to queue
[2025-07-22T10:00:49.810+0000] {logging_mixin.py:190} INFO - [2025-07-22T10:00:49.810+0000] {dagbag.py:588} INFO - Filling up the DagBag from /opt/airflow/dags/train_traffic_pred.py
[2025-07-22T10:00:53.233+0000] {processor.py:925} INFO - DAG(s) 'train_traffic_pred' retrieved from /opt/airflow/dags/train_traffic_pred.py
[2025-07-22T10:00:53.257+0000] {logging_mixin.py:190} INFO - [2025-07-22T10:00:53.256+0000] {dag.py:3239} INFO - Sync 1 DAGs
[2025-07-22T10:00:53.276+0000] {logging_mixin.py:190} INFO - [2025-07-22T10:00:53.276+0000] {dag.py:4180} INFO - Setting next_dagrun for train_traffic_pred to 2025-07-22 00:00:00+00:00, run_after=2025-07-23 00:00:00+00:00
[2025-07-22T10:00:53.291+0000] {processor.py:208} INFO - Processing /opt/airflow/dags/train_traffic_pred.py took 3.494 seconds
[2025-07-22T10:01:25.187+0000] {processor.py:186} INFO - Started process (PID=43998) to work on /opt/airflow/dags/train_traffic_pred.py
[2025-07-22T10:01:25.189+0000] {processor.py:914} INFO - Processing file /opt/airflow/dags/train_traffic_pred.py for tasks to queue
[2025-07-22T10:01:25.192+0000] {logging_mixin.py:190} INFO - [2025-07-22T10:01:25.192+0000] {dagbag.py:588} INFO - Filling up the DagBag from /opt/airflow/dags/train_traffic_pred.py
[2025-07-22T10:01:28.534+0000] {processor.py:925} INFO - DAG(s) 'train_traffic_pred' retrieved from /opt/airflow/dags/train_traffic_pred.py
[2025-07-22T10:01:28.555+0000] {logging_mixin.py:190} INFO - [2025-07-22T10:01:28.554+0000] {dag.py:3239} INFO - Sync 1 DAGs
[2025-07-22T10:01:28.573+0000] {logging_mixin.py:190} INFO - [2025-07-22T10:01:28.573+0000] {dag.py:4180} INFO - Setting next_dagrun for train_traffic_pred to 2025-07-22 00:00:00+00:00, run_after=2025-07-23 00:00:00+00:00
[2025-07-22T10:01:28.590+0000] {processor.py:208} INFO - Processing /opt/airflow/dags/train_traffic_pred.py took 3.410 seconds
[2025-07-22T10:02:00.425+0000] {processor.py:186} INFO - Started process (PID=44096) to work on /opt/airflow/dags/train_traffic_pred.py
[2025-07-22T10:02:00.426+0000] {processor.py:914} INFO - Processing file /opt/airflow/dags/train_traffic_pred.py for tasks to queue
[2025-07-22T10:02:00.430+0000] {logging_mixin.py:190} INFO - [2025-07-22T10:02:00.429+0000] {dagbag.py:588} INFO - Filling up the DagBag from /opt/airflow/dags/train_traffic_pred.py
[2025-07-22T10:02:03.832+0000] {processor.py:925} INFO - DAG(s) 'train_traffic_pred' retrieved from /opt/airflow/dags/train_traffic_pred.py
[2025-07-22T10:02:03.854+0000] {logging_mixin.py:190} INFO - [2025-07-22T10:02:03.854+0000] {dag.py:3239} INFO - Sync 1 DAGs
[2025-07-22T10:02:03.873+0000] {logging_mixin.py:190} INFO - [2025-07-22T10:02:03.872+0000] {dag.py:4180} INFO - Setting next_dagrun for train_traffic_pred to 2025-07-22 00:00:00+00:00, run_after=2025-07-23 00:00:00+00:00
[2025-07-22T10:02:03.888+0000] {processor.py:208} INFO - Processing /opt/airflow/dags/train_traffic_pred.py took 3.470 seconds
[2025-07-22T10:02:35.785+0000] {processor.py:186} INFO - Started process (PID=44194) to work on /opt/airflow/dags/train_traffic_pred.py
[2025-07-22T10:02:35.787+0000] {processor.py:914} INFO - Processing file /opt/airflow/dags/train_traffic_pred.py for tasks to queue
[2025-07-22T10:02:35.789+0000] {logging_mixin.py:190} INFO - [2025-07-22T10:02:35.789+0000] {dagbag.py:588} INFO - Filling up the DagBag from /opt/airflow/dags/train_traffic_pred.py
[2025-07-22T10:02:39.171+0000] {processor.py:925} INFO - DAG(s) 'train_traffic_pred' retrieved from /opt/airflow/dags/train_traffic_pred.py
[2025-07-22T10:02:39.192+0000] {logging_mixin.py:190} INFO - [2025-07-22T10:02:39.192+0000] {dag.py:3239} INFO - Sync 1 DAGs
[2025-07-22T10:02:39.212+0000] {logging_mixin.py:190} INFO - [2025-07-22T10:02:39.212+0000] {dag.py:4180} INFO - Setting next_dagrun for train_traffic_pred to 2025-07-22 00:00:00+00:00, run_after=2025-07-23 00:00:00+00:00
[2025-07-22T10:02:39.227+0000] {processor.py:208} INFO - Processing /opt/airflow/dags/train_traffic_pred.py took 3.449 seconds
[2025-07-22T10:03:10.275+0000] {processor.py:186} INFO - Started process (PID=44292) to work on /opt/airflow/dags/train_traffic_pred.py
[2025-07-22T10:03:10.276+0000] {processor.py:914} INFO - Processing file /opt/airflow/dags/train_traffic_pred.py for tasks to queue
[2025-07-22T10:03:10.280+0000] {logging_mixin.py:190} INFO - [2025-07-22T10:03:10.279+0000] {dagbag.py:588} INFO - Filling up the DagBag from /opt/airflow/dags/train_traffic_pred.py
[2025-07-22T10:03:13.891+0000] {processor.py:925} INFO - DAG(s) 'train_traffic_pred' retrieved from /opt/airflow/dags/train_traffic_pred.py
[2025-07-22T10:03:13.913+0000] {logging_mixin.py:190} INFO - [2025-07-22T10:03:13.913+0000] {dag.py:3239} INFO - Sync 1 DAGs
[2025-07-22T10:03:13.932+0000] {logging_mixin.py:190} INFO - [2025-07-22T10:03:13.931+0000] {dag.py:4180} INFO - Setting next_dagrun for train_traffic_pred to 2025-07-22 00:00:00+00:00, run_after=2025-07-23 00:00:00+00:00
[2025-07-22T10:03:13.947+0000] {processor.py:208} INFO - Processing /opt/airflow/dags/train_traffic_pred.py took 3.681 seconds
[2025-07-22T10:03:45.177+0000] {processor.py:186} INFO - Started process (PID=44389) to work on /opt/airflow/dags/train_traffic_pred.py
[2025-07-22T10:03:45.178+0000] {processor.py:914} INFO - Processing file /opt/airflow/dags/train_traffic_pred.py for tasks to queue
[2025-07-22T10:03:45.181+0000] {logging_mixin.py:190} INFO - [2025-07-22T10:03:45.181+0000] {dagbag.py:588} INFO - Filling up the DagBag from /opt/airflow/dags/train_traffic_pred.py
[2025-07-22T10:03:48.548+0000] {processor.py:925} INFO - DAG(s) 'train_traffic_pred' retrieved from /opt/airflow/dags/train_traffic_pred.py
[2025-07-22T10:03:48.567+0000] {logging_mixin.py:190} INFO - [2025-07-22T10:03:48.567+0000] {dag.py:3239} INFO - Sync 1 DAGs
[2025-07-22T10:03:48.587+0000] {logging_mixin.py:190} INFO - [2025-07-22T10:03:48.586+0000] {dag.py:4180} INFO - Setting next_dagrun for train_traffic_pred to 2025-07-22 00:00:00+00:00, run_after=2025-07-23 00:00:00+00:00
[2025-07-22T10:03:48.603+0000] {processor.py:208} INFO - Processing /opt/airflow/dags/train_traffic_pred.py took 3.433 seconds
[2025-07-22T10:04:19.857+0000] {processor.py:186} INFO - Started process (PID=44493) to work on /opt/airflow/dags/train_traffic_pred.py
[2025-07-22T10:04:19.858+0000] {processor.py:914} INFO - Processing file /opt/airflow/dags/train_traffic_pred.py for tasks to queue
[2025-07-22T10:04:19.861+0000] {logging_mixin.py:190} INFO - [2025-07-22T10:04:19.861+0000] {dagbag.py:588} INFO - Filling up the DagBag from /opt/airflow/dags/train_traffic_pred.py
[2025-07-22T10:04:23.312+0000] {processor.py:925} INFO - DAG(s) 'train_traffic_pred' retrieved from /opt/airflow/dags/train_traffic_pred.py
[2025-07-22T10:04:23.333+0000] {logging_mixin.py:190} INFO - [2025-07-22T10:04:23.333+0000] {dag.py:3239} INFO - Sync 1 DAGs
[2025-07-22T10:04:23.351+0000] {logging_mixin.py:190} INFO - [2025-07-22T10:04:23.350+0000] {dag.py:4180} INFO - Setting next_dagrun for train_traffic_pred to 2025-07-22 00:00:00+00:00, run_after=2025-07-23 00:00:00+00:00
[2025-07-22T10:04:23.365+0000] {processor.py:208} INFO - Processing /opt/airflow/dags/train_traffic_pred.py took 3.517 seconds
[2025-07-22T10:04:55.031+0000] {processor.py:186} INFO - Started process (PID=44591) to work on /opt/airflow/dags/train_traffic_pred.py
[2025-07-22T10:04:55.033+0000] {processor.py:914} INFO - Processing file /opt/airflow/dags/train_traffic_pred.py for tasks to queue
[2025-07-22T10:04:55.035+0000] {logging_mixin.py:190} INFO - [2025-07-22T10:04:55.035+0000] {dagbag.py:588} INFO - Filling up the DagBag from /opt/airflow/dags/train_traffic_pred.py
[2025-07-22T10:04:58.376+0000] {processor.py:925} INFO - DAG(s) 'train_traffic_pred' retrieved from /opt/airflow/dags/train_traffic_pred.py
[2025-07-22T10:04:58.395+0000] {logging_mixin.py:190} INFO - [2025-07-22T10:04:58.395+0000] {dag.py:3239} INFO - Sync 1 DAGs
[2025-07-22T10:04:58.412+0000] {logging_mixin.py:190} INFO - [2025-07-22T10:04:58.412+0000] {dag.py:4180} INFO - Setting next_dagrun for train_traffic_pred to 2025-07-22 00:00:00+00:00, run_after=2025-07-23 00:00:00+00:00
[2025-07-22T10:04:58.426+0000] {processor.py:208} INFO - Processing /opt/airflow/dags/train_traffic_pred.py took 3.402 seconds
[2025-07-22T10:05:29.495+0000] {processor.py:186} INFO - Started process (PID=44689) to work on /opt/airflow/dags/train_traffic_pred.py
[2025-07-22T10:05:29.497+0000] {processor.py:914} INFO - Processing file /opt/airflow/dags/train_traffic_pred.py for tasks to queue
[2025-07-22T10:05:29.500+0000] {logging_mixin.py:190} INFO - [2025-07-22T10:05:29.499+0000] {dagbag.py:588} INFO - Filling up the DagBag from /opt/airflow/dags/train_traffic_pred.py
[2025-07-22T10:05:32.862+0000] {processor.py:925} INFO - DAG(s) 'train_traffic_pred' retrieved from /opt/airflow/dags/train_traffic_pred.py
[2025-07-22T10:05:32.881+0000] {logging_mixin.py:190} INFO - [2025-07-22T10:05:32.880+0000] {dag.py:3239} INFO - Sync 1 DAGs
[2025-07-22T10:05:32.897+0000] {logging_mixin.py:190} INFO - [2025-07-22T10:05:32.896+0000] {dag.py:4180} INFO - Setting next_dagrun for train_traffic_pred to 2025-07-22 00:00:00+00:00, run_after=2025-07-23 00:00:00+00:00
[2025-07-22T10:05:32.914+0000] {processor.py:208} INFO - Processing /opt/airflow/dags/train_traffic_pred.py took 3.425 seconds
[2025-07-22T10:06:04.861+0000] {processor.py:186} INFO - Started process (PID=44787) to work on /opt/airflow/dags/train_traffic_pred.py
[2025-07-22T10:06:04.862+0000] {processor.py:914} INFO - Processing file /opt/airflow/dags/train_traffic_pred.py for tasks to queue
[2025-07-22T10:06:04.865+0000] {logging_mixin.py:190} INFO - [2025-07-22T10:06:04.864+0000] {dagbag.py:588} INFO - Filling up the DagBag from /opt/airflow/dags/train_traffic_pred.py
[2025-07-22T10:06:08.226+0000] {processor.py:925} INFO - DAG(s) 'train_traffic_pred' retrieved from /opt/airflow/dags/train_traffic_pred.py
[2025-07-22T10:06:08.248+0000] {logging_mixin.py:190} INFO - [2025-07-22T10:06:08.247+0000] {dag.py:3239} INFO - Sync 1 DAGs
[2025-07-22T10:06:08.265+0000] {logging_mixin.py:190} INFO - [2025-07-22T10:06:08.265+0000] {dag.py:4180} INFO - Setting next_dagrun for train_traffic_pred to 2025-07-22 00:00:00+00:00, run_after=2025-07-23 00:00:00+00:00
[2025-07-22T10:06:08.281+0000] {processor.py:208} INFO - Processing /opt/airflow/dags/train_traffic_pred.py took 3.427 seconds
[2025-07-22T10:06:40.218+0000] {processor.py:186} INFO - Started process (PID=44885) to work on /opt/airflow/dags/train_traffic_pred.py
[2025-07-22T10:06:40.219+0000] {processor.py:914} INFO - Processing file /opt/airflow/dags/train_traffic_pred.py for tasks to queue
[2025-07-22T10:06:40.222+0000] {logging_mixin.py:190} INFO - [2025-07-22T10:06:40.222+0000] {dagbag.py:588} INFO - Filling up the DagBag from /opt/airflow/dags/train_traffic_pred.py
[2025-07-22T10:06:43.758+0000] {processor.py:925} INFO - DAG(s) 'train_traffic_pred' retrieved from /opt/airflow/dags/train_traffic_pred.py
[2025-07-22T10:06:43.780+0000] {logging_mixin.py:190} INFO - [2025-07-22T10:06:43.780+0000] {dag.py:3239} INFO - Sync 1 DAGs
[2025-07-22T10:06:43.801+0000] {logging_mixin.py:190} INFO - [2025-07-22T10:06:43.801+0000] {dag.py:4180} INFO - Setting next_dagrun for train_traffic_pred to 2025-07-22 00:00:00+00:00, run_after=2025-07-23 00:00:00+00:00
[2025-07-22T10:06:43.818+0000] {processor.py:208} INFO - Processing /opt/airflow/dags/train_traffic_pred.py took 3.606 seconds
[2025-07-22T10:07:14.938+0000] {processor.py:186} INFO - Started process (PID=44983) to work on /opt/airflow/dags/train_traffic_pred.py
[2025-07-22T10:07:14.940+0000] {processor.py:914} INFO - Processing file /opt/airflow/dags/train_traffic_pred.py for tasks to queue
[2025-07-22T10:07:14.942+0000] {logging_mixin.py:190} INFO - [2025-07-22T10:07:14.942+0000] {dagbag.py:588} INFO - Filling up the DagBag from /opt/airflow/dags/train_traffic_pred.py
[2025-07-22T10:07:18.573+0000] {processor.py:925} INFO - DAG(s) 'train_traffic_pred' retrieved from /opt/airflow/dags/train_traffic_pred.py
[2025-07-22T10:07:18.606+0000] {logging_mixin.py:190} INFO - [2025-07-22T10:07:18.605+0000] {dag.py:3239} INFO - Sync 1 DAGs
[2025-07-22T10:07:18.625+0000] {logging_mixin.py:190} INFO - [2025-07-22T10:07:18.625+0000] {dag.py:4180} INFO - Setting next_dagrun for train_traffic_pred to 2025-07-22 00:00:00+00:00, run_after=2025-07-23 00:00:00+00:00
[2025-07-22T10:07:18.639+0000] {processor.py:208} INFO - Processing /opt/airflow/dags/train_traffic_pred.py took 3.709 seconds
[2025-07-22T10:07:50.589+0000] {processor.py:186} INFO - Started process (PID=45087) to work on /opt/airflow/dags/train_traffic_pred.py
[2025-07-22T10:07:50.591+0000] {processor.py:914} INFO - Processing file /opt/airflow/dags/train_traffic_pred.py for tasks to queue
[2025-07-22T10:07:50.594+0000] {logging_mixin.py:190} INFO - [2025-07-22T10:07:50.593+0000] {dagbag.py:588} INFO - Filling up the DagBag from /opt/airflow/dags/train_traffic_pred.py
[2025-07-22T10:07:54.222+0000] {processor.py:925} INFO - DAG(s) 'train_traffic_pred' retrieved from /opt/airflow/dags/train_traffic_pred.py
[2025-07-22T10:07:54.243+0000] {logging_mixin.py:190} INFO - [2025-07-22T10:07:54.242+0000] {dag.py:3239} INFO - Sync 1 DAGs
[2025-07-22T10:07:54.262+0000] {logging_mixin.py:190} INFO - [2025-07-22T10:07:54.262+0000] {dag.py:4180} INFO - Setting next_dagrun for train_traffic_pred to 2025-07-22 00:00:00+00:00, run_after=2025-07-23 00:00:00+00:00
[2025-07-22T10:07:54.278+0000] {processor.py:208} INFO - Processing /opt/airflow/dags/train_traffic_pred.py took 3.697 seconds
[2025-07-22T10:08:26.278+0000] {processor.py:186} INFO - Started process (PID=45186) to work on /opt/airflow/dags/train_traffic_pred.py
[2025-07-22T10:08:26.279+0000] {processor.py:914} INFO - Processing file /opt/airflow/dags/train_traffic_pred.py for tasks to queue
[2025-07-22T10:08:26.281+0000] {logging_mixin.py:190} INFO - [2025-07-22T10:08:26.280+0000] {dagbag.py:588} INFO - Filling up the DagBag from /opt/airflow/dags/train_traffic_pred.py
[2025-07-22T10:08:29.607+0000] {processor.py:925} INFO - DAG(s) 'train_traffic_pred' retrieved from /opt/airflow/dags/train_traffic_pred.py
[2025-07-22T10:08:29.629+0000] {logging_mixin.py:190} INFO - [2025-07-22T10:08:29.629+0000] {dag.py:3239} INFO - Sync 1 DAGs
[2025-07-22T10:08:29.648+0000] {logging_mixin.py:190} INFO - [2025-07-22T10:08:29.648+0000] {dag.py:4180} INFO - Setting next_dagrun for train_traffic_pred to 2025-07-22 00:00:00+00:00, run_after=2025-07-23 00:00:00+00:00
[2025-07-22T10:08:29.663+0000] {processor.py:208} INFO - Processing /opt/airflow/dags/train_traffic_pred.py took 3.391 seconds
[2025-07-22T10:09:01.554+0000] {processor.py:186} INFO - Started process (PID=45284) to work on /opt/airflow/dags/train_traffic_pred.py
[2025-07-22T10:09:01.555+0000] {processor.py:914} INFO - Processing file /opt/airflow/dags/train_traffic_pred.py for tasks to queue
[2025-07-22T10:09:01.558+0000] {logging_mixin.py:190} INFO - [2025-07-22T10:09:01.557+0000] {dagbag.py:588} INFO - Filling up the DagBag from /opt/airflow/dags/train_traffic_pred.py
[2025-07-22T10:09:04.869+0000] {processor.py:925} INFO - DAG(s) 'train_traffic_pred' retrieved from /opt/airflow/dags/train_traffic_pred.py
[2025-07-22T10:09:04.891+0000] {logging_mixin.py:190} INFO - [2025-07-22T10:09:04.891+0000] {dag.py:3239} INFO - Sync 1 DAGs
[2025-07-22T10:09:04.910+0000] {logging_mixin.py:190} INFO - [2025-07-22T10:09:04.910+0000] {dag.py:4180} INFO - Setting next_dagrun for train_traffic_pred to 2025-07-22 00:00:00+00:00, run_after=2025-07-23 00:00:00+00:00
[2025-07-22T10:09:04.926+0000] {processor.py:208} INFO - Processing /opt/airflow/dags/train_traffic_pred.py took 3.380 seconds
[2025-07-22T10:09:36.790+0000] {processor.py:186} INFO - Started process (PID=45383) to work on /opt/airflow/dags/train_traffic_pred.py
[2025-07-22T10:09:36.792+0000] {processor.py:914} INFO - Processing file /opt/airflow/dags/train_traffic_pred.py for tasks to queue
[2025-07-22T10:09:36.794+0000] {logging_mixin.py:190} INFO - [2025-07-22T10:09:36.793+0000] {dagbag.py:588} INFO - Filling up the DagBag from /opt/airflow/dags/train_traffic_pred.py
[2025-07-22T10:09:40.064+0000] {processor.py:925} INFO - DAG(s) 'train_traffic_pred' retrieved from /opt/airflow/dags/train_traffic_pred.py
[2025-07-22T10:09:40.087+0000] {logging_mixin.py:190} INFO - [2025-07-22T10:09:40.086+0000] {dag.py:3239} INFO - Sync 1 DAGs
[2025-07-22T10:09:40.105+0000] {logging_mixin.py:190} INFO - [2025-07-22T10:09:40.105+0000] {dag.py:4180} INFO - Setting next_dagrun for train_traffic_pred to 2025-07-22 00:00:00+00:00, run_after=2025-07-23 00:00:00+00:00
[2025-07-22T10:09:40.121+0000] {processor.py:208} INFO - Processing /opt/airflow/dags/train_traffic_pred.py took 3.337 seconds
[2025-07-22T10:10:11.951+0000] {processor.py:186} INFO - Started process (PID=45483) to work on /opt/airflow/dags/train_traffic_pred.py
[2025-07-22T10:10:11.952+0000] {processor.py:914} INFO - Processing file /opt/airflow/dags/train_traffic_pred.py for tasks to queue
[2025-07-22T10:10:11.955+0000] {logging_mixin.py:190} INFO - [2025-07-22T10:10:11.954+0000] {dagbag.py:588} INFO - Filling up the DagBag from /opt/airflow/dags/train_traffic_pred.py
[2025-07-22T10:10:15.214+0000] {processor.py:925} INFO - DAG(s) 'train_traffic_pred' retrieved from /opt/airflow/dags/train_traffic_pred.py
[2025-07-22T10:10:15.237+0000] {logging_mixin.py:190} INFO - [2025-07-22T10:10:15.236+0000] {dag.py:3239} INFO - Sync 1 DAGs
[2025-07-22T10:10:15.257+0000] {logging_mixin.py:190} INFO - [2025-07-22T10:10:15.257+0000] {dag.py:4180} INFO - Setting next_dagrun for train_traffic_pred to 2025-07-22 00:00:00+00:00, run_after=2025-07-23 00:00:00+00:00
[2025-07-22T10:10:15.274+0000] {processor.py:208} INFO - Processing /opt/airflow/dags/train_traffic_pred.py took 3.330 seconds
[2025-07-22T10:10:47.208+0000] {processor.py:186} INFO - Started process (PID=45587) to work on /opt/airflow/dags/train_traffic_pred.py
[2025-07-22T10:10:47.209+0000] {processor.py:914} INFO - Processing file /opt/airflow/dags/train_traffic_pred.py for tasks to queue
[2025-07-22T10:10:47.212+0000] {logging_mixin.py:190} INFO - [2025-07-22T10:10:47.211+0000] {dagbag.py:588} INFO - Filling up the DagBag from /opt/airflow/dags/train_traffic_pred.py
[2025-07-22T10:10:50.562+0000] {processor.py:925} INFO - DAG(s) 'train_traffic_pred' retrieved from /opt/airflow/dags/train_traffic_pred.py
[2025-07-22T10:10:50.585+0000] {logging_mixin.py:190} INFO - [2025-07-22T10:10:50.584+0000] {dag.py:3239} INFO - Sync 1 DAGs
[2025-07-22T10:10:50.603+0000] {logging_mixin.py:190} INFO - [2025-07-22T10:10:50.603+0000] {dag.py:4180} INFO - Setting next_dagrun for train_traffic_pred to 2025-07-22 00:00:00+00:00, run_after=2025-07-23 00:00:00+00:00
[2025-07-22T10:10:50.618+0000] {processor.py:208} INFO - Processing /opt/airflow/dags/train_traffic_pred.py took 3.417 seconds
[2025-07-22T10:11:22.550+0000] {processor.py:186} INFO - Started process (PID=45685) to work on /opt/airflow/dags/train_traffic_pred.py
[2025-07-22T10:11:22.552+0000] {processor.py:914} INFO - Processing file /opt/airflow/dags/train_traffic_pred.py for tasks to queue
[2025-07-22T10:11:22.555+0000] {logging_mixin.py:190} INFO - [2025-07-22T10:11:22.554+0000] {dagbag.py:588} INFO - Filling up the DagBag from /opt/airflow/dags/train_traffic_pred.py
[2025-07-22T10:11:25.971+0000] {processor.py:925} INFO - DAG(s) 'train_traffic_pred' retrieved from /opt/airflow/dags/train_traffic_pred.py
[2025-07-22T10:11:25.995+0000] {logging_mixin.py:190} INFO - [2025-07-22T10:11:25.994+0000] {dag.py:3239} INFO - Sync 1 DAGs
[2025-07-22T10:11:26.015+0000] {logging_mixin.py:190} INFO - [2025-07-22T10:11:26.014+0000] {dag.py:4180} INFO - Setting next_dagrun for train_traffic_pred to 2025-07-22 00:00:00+00:00, run_after=2025-07-23 00:00:00+00:00
[2025-07-22T10:11:26.030+0000] {processor.py:208} INFO - Processing /opt/airflow/dags/train_traffic_pred.py took 3.487 seconds
[2025-07-22T10:11:57.207+0000] {processor.py:186} INFO - Started process (PID=45783) to work on /opt/airflow/dags/train_traffic_pred.py
[2025-07-22T10:11:57.208+0000] {processor.py:914} INFO - Processing file /opt/airflow/dags/train_traffic_pred.py for tasks to queue
[2025-07-22T10:11:57.211+0000] {logging_mixin.py:190} INFO - [2025-07-22T10:11:57.211+0000] {dagbag.py:588} INFO - Filling up the DagBag from /opt/airflow/dags/train_traffic_pred.py
[2025-07-22T10:12:00.503+0000] {processor.py:925} INFO - DAG(s) 'train_traffic_pred' retrieved from /opt/airflow/dags/train_traffic_pred.py
[2025-07-22T10:12:00.528+0000] {logging_mixin.py:190} INFO - [2025-07-22T10:12:00.527+0000] {dag.py:3239} INFO - Sync 1 DAGs
[2025-07-22T10:12:00.549+0000] {logging_mixin.py:190} INFO - [2025-07-22T10:12:00.549+0000] {dag.py:4180} INFO - Setting next_dagrun for train_traffic_pred to 2025-07-22 00:00:00+00:00, run_after=2025-07-23 00:00:00+00:00
[2025-07-22T10:12:00.565+0000] {processor.py:208} INFO - Processing /opt/airflow/dags/train_traffic_pred.py took 3.365 seconds
[2025-07-22T10:12:32.546+0000] {processor.py:186} INFO - Started process (PID=45881) to work on /opt/airflow/dags/train_traffic_pred.py
[2025-07-22T10:12:32.547+0000] {processor.py:914} INFO - Processing file /opt/airflow/dags/train_traffic_pred.py for tasks to queue
[2025-07-22T10:12:32.550+0000] {logging_mixin.py:190} INFO - [2025-07-22T10:12:32.549+0000] {dagbag.py:588} INFO - Filling up the DagBag from /opt/airflow/dags/train_traffic_pred.py
[2025-07-22T10:12:35.971+0000] {processor.py:925} INFO - DAG(s) 'train_traffic_pred' retrieved from /opt/airflow/dags/train_traffic_pred.py
[2025-07-22T10:12:35.993+0000] {logging_mixin.py:190} INFO - [2025-07-22T10:12:35.993+0000] {dag.py:3239} INFO - Sync 1 DAGs
[2025-07-22T10:12:36.012+0000] {logging_mixin.py:190} INFO - [2025-07-22T10:12:36.012+0000] {dag.py:4180} INFO - Setting next_dagrun for train_traffic_pred to 2025-07-22 00:00:00+00:00, run_after=2025-07-23 00:00:00+00:00
[2025-07-22T10:12:36.030+0000] {processor.py:208} INFO - Processing /opt/airflow/dags/train_traffic_pred.py took 3.491 seconds
[2025-07-22T10:13:07.901+0000] {processor.py:186} INFO - Started process (PID=45979) to work on /opt/airflow/dags/train_traffic_pred.py
[2025-07-22T10:13:07.903+0000] {processor.py:914} INFO - Processing file /opt/airflow/dags/train_traffic_pred.py for tasks to queue
[2025-07-22T10:13:07.906+0000] {logging_mixin.py:190} INFO - [2025-07-22T10:13:07.905+0000] {dagbag.py:588} INFO - Filling up the DagBag from /opt/airflow/dags/train_traffic_pred.py
[2025-07-22T10:13:11.276+0000] {processor.py:925} INFO - DAG(s) 'train_traffic_pred' retrieved from /opt/airflow/dags/train_traffic_pred.py
[2025-07-22T10:13:11.299+0000] {logging_mixin.py:190} INFO - [2025-07-22T10:13:11.298+0000] {dag.py:3239} INFO - Sync 1 DAGs
[2025-07-22T10:13:11.319+0000] {logging_mixin.py:190} INFO - [2025-07-22T10:13:11.319+0000] {dag.py:4180} INFO - Setting next_dagrun for train_traffic_pred to 2025-07-22 00:00:00+00:00, run_after=2025-07-23 00:00:00+00:00
[2025-07-22T10:13:11.339+0000] {processor.py:208} INFO - Processing /opt/airflow/dags/train_traffic_pred.py took 3.445 seconds
[2025-07-22T10:13:43.035+0000] {processor.py:186} INFO - Started process (PID=46077) to work on /opt/airflow/dags/train_traffic_pred.py
[2025-07-22T10:13:43.036+0000] {processor.py:914} INFO - Processing file /opt/airflow/dags/train_traffic_pred.py for tasks to queue
[2025-07-22T10:13:43.039+0000] {logging_mixin.py:190} INFO - [2025-07-22T10:13:43.039+0000] {dagbag.py:588} INFO - Filling up the DagBag from /opt/airflow/dags/train_traffic_pred.py
[2025-07-22T10:13:46.657+0000] {processor.py:925} INFO - DAG(s) 'train_traffic_pred' retrieved from /opt/airflow/dags/train_traffic_pred.py
[2025-07-22T10:13:46.681+0000] {logging_mixin.py:190} INFO - [2025-07-22T10:13:46.680+0000] {dag.py:3239} INFO - Sync 1 DAGs
[2025-07-22T10:13:46.702+0000] {logging_mixin.py:190} INFO - [2025-07-22T10:13:46.702+0000] {dag.py:4180} INFO - Setting next_dagrun for train_traffic_pred to 2025-07-22 00:00:00+00:00, run_after=2025-07-23 00:00:00+00:00
[2025-07-22T10:13:46.726+0000] {processor.py:208} INFO - Processing /opt/airflow/dags/train_traffic_pred.py took 3.698 seconds
[2025-07-22T10:14:17.920+0000] {processor.py:186} INFO - Started process (PID=46181) to work on /opt/airflow/dags/train_traffic_pred.py
[2025-07-22T10:14:17.921+0000] {processor.py:914} INFO - Processing file /opt/airflow/dags/train_traffic_pred.py for tasks to queue
[2025-07-22T10:14:17.923+0000] {logging_mixin.py:190} INFO - [2025-07-22T10:14:17.923+0000] {dagbag.py:588} INFO - Filling up the DagBag from /opt/airflow/dags/train_traffic_pred.py
[2025-07-22T10:14:21.298+0000] {processor.py:925} INFO - DAG(s) 'train_traffic_pred' retrieved from /opt/airflow/dags/train_traffic_pred.py
[2025-07-22T10:14:21.326+0000] {logging_mixin.py:190} INFO - [2025-07-22T10:14:21.325+0000] {dag.py:3239} INFO - Sync 1 DAGs
[2025-07-22T10:14:21.351+0000] {logging_mixin.py:190} INFO - [2025-07-22T10:14:21.351+0000] {dag.py:4180} INFO - Setting next_dagrun for train_traffic_pred to 2025-07-22 00:00:00+00:00, run_after=2025-07-23 00:00:00+00:00
[2025-07-22T10:14:21.373+0000] {processor.py:208} INFO - Processing /opt/airflow/dags/train_traffic_pred.py took 3.460 seconds
[2025-07-22T10:14:52.543+0000] {processor.py:186} INFO - Started process (PID=46279) to work on /opt/airflow/dags/train_traffic_pred.py
[2025-07-22T10:14:52.544+0000] {processor.py:914} INFO - Processing file /opt/airflow/dags/train_traffic_pred.py for tasks to queue
[2025-07-22T10:14:52.547+0000] {logging_mixin.py:190} INFO - [2025-07-22T10:14:52.546+0000] {dagbag.py:588} INFO - Filling up the DagBag from /opt/airflow/dags/train_traffic_pred.py
[2025-07-22T10:14:55.846+0000] {processor.py:925} INFO - DAG(s) 'train_traffic_pred' retrieved from /opt/airflow/dags/train_traffic_pred.py
[2025-07-22T10:14:55.868+0000] {logging_mixin.py:190} INFO - [2025-07-22T10:14:55.867+0000] {dag.py:3239} INFO - Sync 1 DAGs
[2025-07-22T10:14:55.885+0000] {logging_mixin.py:190} INFO - [2025-07-22T10:14:55.885+0000] {dag.py:4180} INFO - Setting next_dagrun for train_traffic_pred to 2025-07-22 00:00:00+00:00, run_after=2025-07-23 00:00:00+00:00
[2025-07-22T10:14:55.899+0000] {processor.py:208} INFO - Processing /opt/airflow/dags/train_traffic_pred.py took 3.362 seconds
[2025-07-22T10:15:27.755+0000] {processor.py:186} INFO - Started process (PID=46377) to work on /opt/airflow/dags/train_traffic_pred.py
[2025-07-22T10:15:27.756+0000] {processor.py:914} INFO - Processing file /opt/airflow/dags/train_traffic_pred.py for tasks to queue
[2025-07-22T10:15:27.758+0000] {logging_mixin.py:190} INFO - [2025-07-22T10:15:27.758+0000] {dagbag.py:588} INFO - Filling up the DagBag from /opt/airflow/dags/train_traffic_pred.py
[2025-07-22T10:15:30.878+0000] {processor.py:925} INFO - DAG(s) 'train_traffic_pred' retrieved from /opt/airflow/dags/train_traffic_pred.py
[2025-07-22T10:15:30.897+0000] {logging_mixin.py:190} INFO - [2025-07-22T10:15:30.897+0000] {dag.py:3239} INFO - Sync 1 DAGs
[2025-07-22T10:15:30.915+0000] {logging_mixin.py:190} INFO - [2025-07-22T10:15:30.915+0000] {dag.py:4180} INFO - Setting next_dagrun for train_traffic_pred to 2025-07-22 00:00:00+00:00, run_after=2025-07-23 00:00:00+00:00
[2025-07-22T10:15:30.932+0000] {processor.py:208} INFO - Processing /opt/airflow/dags/train_traffic_pred.py took 3.182 seconds
[2025-07-22T10:16:01.985+0000] {processor.py:186} INFO - Started process (PID=46472) to work on /opt/airflow/dags/train_traffic_pred.py
[2025-07-22T10:16:01.986+0000] {processor.py:914} INFO - Processing file /opt/airflow/dags/train_traffic_pred.py for tasks to queue
[2025-07-22T10:16:01.989+0000] {logging_mixin.py:190} INFO - [2025-07-22T10:16:01.989+0000] {dagbag.py:588} INFO - Filling up the DagBag from /opt/airflow/dags/train_traffic_pred.py
[2025-07-22T10:16:05.554+0000] {processor.py:925} INFO - DAG(s) 'train_traffic_pred' retrieved from /opt/airflow/dags/train_traffic_pred.py
[2025-07-22T10:16:05.579+0000] {logging_mixin.py:190} INFO - [2025-07-22T10:16:05.578+0000] {dag.py:3239} INFO - Sync 1 DAGs
[2025-07-22T10:16:05.598+0000] {logging_mixin.py:190} INFO - [2025-07-22T10:16:05.598+0000] {dag.py:4180} INFO - Setting next_dagrun for train_traffic_pred to 2025-07-22 00:00:00+00:00, run_after=2025-07-23 00:00:00+00:00
[2025-07-22T10:16:05.620+0000] {processor.py:208} INFO - Processing /opt/airflow/dags/train_traffic_pred.py took 3.641 seconds
[2025-07-22T10:16:37.326+0000] {processor.py:186} INFO - Started process (PID=46570) to work on /opt/airflow/dags/train_traffic_pred.py
[2025-07-22T10:16:37.328+0000] {processor.py:914} INFO - Processing file /opt/airflow/dags/train_traffic_pred.py for tasks to queue
[2025-07-22T10:16:37.331+0000] {logging_mixin.py:190} INFO - [2025-07-22T10:16:37.330+0000] {dagbag.py:588} INFO - Filling up the DagBag from /opt/airflow/dags/train_traffic_pred.py
[2025-07-22T10:16:40.729+0000] {processor.py:925} INFO - DAG(s) 'train_traffic_pred' retrieved from /opt/airflow/dags/train_traffic_pred.py
[2025-07-22T10:16:40.752+0000] {logging_mixin.py:190} INFO - [2025-07-22T10:16:40.751+0000] {dag.py:3239} INFO - Sync 1 DAGs
[2025-07-22T10:16:40.771+0000] {logging_mixin.py:190} INFO - [2025-07-22T10:16:40.770+0000] {dag.py:4180} INFO - Setting next_dagrun for train_traffic_pred to 2025-07-22 00:00:00+00:00, run_after=2025-07-23 00:00:00+00:00
[2025-07-22T10:16:40.788+0000] {processor.py:208} INFO - Processing /opt/airflow/dags/train_traffic_pred.py took 3.469 seconds
[2025-07-22T10:17:12.715+0000] {processor.py:186} INFO - Started process (PID=46668) to work on /opt/airflow/dags/train_traffic_pred.py
[2025-07-22T10:17:12.717+0000] {processor.py:914} INFO - Processing file /opt/airflow/dags/train_traffic_pred.py for tasks to queue
[2025-07-22T10:17:12.720+0000] {logging_mixin.py:190} INFO - [2025-07-22T10:17:12.719+0000] {dagbag.py:588} INFO - Filling up the DagBag from /opt/airflow/dags/train_traffic_pred.py
[2025-07-22T10:17:15.987+0000] {processor.py:925} INFO - DAG(s) 'train_traffic_pred' retrieved from /opt/airflow/dags/train_traffic_pred.py
[2025-07-22T10:17:16.009+0000] {logging_mixin.py:190} INFO - [2025-07-22T10:17:16.009+0000] {dag.py:3239} INFO - Sync 1 DAGs
[2025-07-22T10:17:16.027+0000] {logging_mixin.py:190} INFO - [2025-07-22T10:17:16.027+0000] {dag.py:4180} INFO - Setting next_dagrun for train_traffic_pred to 2025-07-22 00:00:00+00:00, run_after=2025-07-23 00:00:00+00:00
[2025-07-22T10:17:16.043+0000] {processor.py:208} INFO - Processing /opt/airflow/dags/train_traffic_pred.py took 3.334 seconds
[2025-07-22T10:17:47.313+0000] {processor.py:186} INFO - Started process (PID=46766) to work on /opt/airflow/dags/train_traffic_pred.py
[2025-07-22T10:17:47.314+0000] {processor.py:914} INFO - Processing file /opt/airflow/dags/train_traffic_pred.py for tasks to queue
[2025-07-22T10:17:47.317+0000] {logging_mixin.py:190} INFO - [2025-07-22T10:17:47.317+0000] {dagbag.py:588} INFO - Filling up the DagBag from /opt/airflow/dags/train_traffic_pred.py
[2025-07-22T10:17:50.574+0000] {processor.py:925} INFO - DAG(s) 'train_traffic_pred' retrieved from /opt/airflow/dags/train_traffic_pred.py
[2025-07-22T10:17:50.597+0000] {logging_mixin.py:190} INFO - [2025-07-22T10:17:50.596+0000] {dag.py:3239} INFO - Sync 1 DAGs
[2025-07-22T10:17:50.616+0000] {logging_mixin.py:190} INFO - [2025-07-22T10:17:50.616+0000] {dag.py:4180} INFO - Setting next_dagrun for train_traffic_pred to 2025-07-22 00:00:00+00:00, run_after=2025-07-23 00:00:00+00:00
[2025-07-22T10:17:50.633+0000] {processor.py:208} INFO - Processing /opt/airflow/dags/train_traffic_pred.py took 3.328 seconds
[2025-07-22T10:18:22.325+0000] {processor.py:186} INFO - Started process (PID=46870) to work on /opt/airflow/dags/train_traffic_pred.py
[2025-07-22T10:18:22.327+0000] {processor.py:914} INFO - Processing file /opt/airflow/dags/train_traffic_pred.py for tasks to queue
[2025-07-22T10:18:22.330+0000] {logging_mixin.py:190} INFO - [2025-07-22T10:18:22.329+0000] {dagbag.py:588} INFO - Filling up the DagBag from /opt/airflow/dags/train_traffic_pred.py
[2025-07-22T10:18:25.501+0000] {processor.py:925} INFO - DAG(s) 'train_traffic_pred' retrieved from /opt/airflow/dags/train_traffic_pred.py
[2025-07-22T10:18:25.523+0000] {logging_mixin.py:190} INFO - [2025-07-22T10:18:25.523+0000] {dag.py:3239} INFO - Sync 1 DAGs
[2025-07-22T10:18:25.542+0000] {logging_mixin.py:190} INFO - [2025-07-22T10:18:25.541+0000] {dag.py:4180} INFO - Setting next_dagrun for train_traffic_pred to 2025-07-22 00:00:00+00:00, run_after=2025-07-23 00:00:00+00:00
[2025-07-22T10:18:25.558+0000] {processor.py:208} INFO - Processing /opt/airflow/dags/train_traffic_pred.py took 3.240 seconds
[2025-07-22T10:18:57.447+0000] {processor.py:186} INFO - Started process (PID=46968) to work on /opt/airflow/dags/train_traffic_pred.py
[2025-07-22T10:18:57.448+0000] {processor.py:914} INFO - Processing file /opt/airflow/dags/train_traffic_pred.py for tasks to queue
[2025-07-22T10:18:57.451+0000] {logging_mixin.py:190} INFO - [2025-07-22T10:18:57.451+0000] {dagbag.py:588} INFO - Filling up the DagBag from /opt/airflow/dags/train_traffic_pred.py
[2025-07-22T10:19:00.710+0000] {processor.py:925} INFO - DAG(s) 'train_traffic_pred' retrieved from /opt/airflow/dags/train_traffic_pred.py
[2025-07-22T10:19:00.732+0000] {logging_mixin.py:190} INFO - [2025-07-22T10:19:00.732+0000] {dag.py:3239} INFO - Sync 1 DAGs
[2025-07-22T10:19:00.751+0000] {logging_mixin.py:190} INFO - [2025-07-22T10:19:00.751+0000] {dag.py:4180} INFO - Setting next_dagrun for train_traffic_pred to 2025-07-22 00:00:00+00:00, run_after=2025-07-23 00:00:00+00:00
[2025-07-22T10:19:00.766+0000] {processor.py:208} INFO - Processing /opt/airflow/dags/train_traffic_pred.py took 3.327 seconds
[2025-07-22T10:19:32.630+0000] {processor.py:186} INFO - Started process (PID=47066) to work on /opt/airflow/dags/train_traffic_pred.py
[2025-07-22T10:19:32.631+0000] {processor.py:914} INFO - Processing file /opt/airflow/dags/train_traffic_pred.py for tasks to queue
[2025-07-22T10:19:32.634+0000] {logging_mixin.py:190} INFO - [2025-07-22T10:19:32.634+0000] {dagbag.py:588} INFO - Filling up the DagBag from /opt/airflow/dags/train_traffic_pred.py
[2025-07-22T10:19:35.801+0000] {processor.py:925} INFO - DAG(s) 'train_traffic_pred' retrieved from /opt/airflow/dags/train_traffic_pred.py
[2025-07-22T10:19:35.825+0000] {logging_mixin.py:190} INFO - [2025-07-22T10:19:35.824+0000] {dag.py:3239} INFO - Sync 1 DAGs
[2025-07-22T10:19:35.844+0000] {logging_mixin.py:190} INFO - [2025-07-22T10:19:35.844+0000] {dag.py:4180} INFO - Setting next_dagrun for train_traffic_pred to 2025-07-22 00:00:00+00:00, run_after=2025-07-23 00:00:00+00:00
[2025-07-22T10:19:35.860+0000] {processor.py:208} INFO - Processing /opt/airflow/dags/train_traffic_pred.py took 3.236 seconds
[2025-07-22T10:20:07.775+0000] {processor.py:186} INFO - Started process (PID=47165) to work on /opt/airflow/dags/train_traffic_pred.py
[2025-07-22T10:20:07.776+0000] {processor.py:914} INFO - Processing file /opt/airflow/dags/train_traffic_pred.py for tasks to queue
[2025-07-22T10:20:07.778+0000] {logging_mixin.py:190} INFO - [2025-07-22T10:20:07.777+0000] {dagbag.py:588} INFO - Filling up the DagBag from /opt/airflow/dags/train_traffic_pred.py
[2025-07-22T10:20:11.109+0000] {processor.py:925} INFO - DAG(s) 'train_traffic_pred' retrieved from /opt/airflow/dags/train_traffic_pred.py
[2025-07-22T10:20:11.130+0000] {logging_mixin.py:190} INFO - [2025-07-22T10:20:11.129+0000] {dag.py:3239} INFO - Sync 1 DAGs
[2025-07-22T10:20:11.150+0000] {logging_mixin.py:190} INFO - [2025-07-22T10:20:11.150+0000] {dag.py:4180} INFO - Setting next_dagrun for train_traffic_pred to 2025-07-22 00:00:00+00:00, run_after=2025-07-23 00:00:00+00:00
[2025-07-22T10:20:11.166+0000] {processor.py:208} INFO - Processing /opt/airflow/dags/train_traffic_pred.py took 3.398 seconds
[2025-07-22T10:20:43.044+0000] {processor.py:186} INFO - Started process (PID=47265) to work on /opt/airflow/dags/train_traffic_pred.py
[2025-07-22T10:20:43.046+0000] {processor.py:914} INFO - Processing file /opt/airflow/dags/train_traffic_pred.py for tasks to queue
[2025-07-22T10:20:43.049+0000] {logging_mixin.py:190} INFO - [2025-07-22T10:20:43.048+0000] {dagbag.py:588} INFO - Filling up the DagBag from /opt/airflow/dags/train_traffic_pred.py
[2025-07-22T10:20:46.486+0000] {processor.py:925} INFO - DAG(s) 'train_traffic_pred' retrieved from /opt/airflow/dags/train_traffic_pred.py
[2025-07-22T10:20:46.514+0000] {logging_mixin.py:190} INFO - [2025-07-22T10:20:46.513+0000] {dag.py:3239} INFO - Sync 1 DAGs
[2025-07-22T10:20:46.535+0000] {logging_mixin.py:190} INFO - [2025-07-22T10:20:46.535+0000] {dag.py:4180} INFO - Setting next_dagrun for train_traffic_pred to 2025-07-22 00:00:00+00:00, run_after=2025-07-23 00:00:00+00:00
[2025-07-22T10:20:46.554+0000] {processor.py:208} INFO - Processing /opt/airflow/dags/train_traffic_pred.py took 3.518 seconds
[2025-07-22T10:21:18.024+0000] {processor.py:186} INFO - Started process (PID=47363) to work on /opt/airflow/dags/train_traffic_pred.py
[2025-07-22T10:21:18.025+0000] {processor.py:914} INFO - Processing file /opt/airflow/dags/train_traffic_pred.py for tasks to queue
[2025-07-22T10:21:18.028+0000] {logging_mixin.py:190} INFO - [2025-07-22T10:21:18.028+0000] {dagbag.py:588} INFO - Filling up the DagBag from /opt/airflow/dags/train_traffic_pred.py
[2025-07-22T10:21:21.566+0000] {processor.py:925} INFO - DAG(s) 'train_traffic_pred' retrieved from /opt/airflow/dags/train_traffic_pred.py
[2025-07-22T10:21:21.593+0000] {logging_mixin.py:190} INFO - [2025-07-22T10:21:21.593+0000] {dag.py:3239} INFO - Sync 1 DAGs
[2025-07-22T10:21:21.621+0000] {logging_mixin.py:190} INFO - [2025-07-22T10:21:21.621+0000] {dag.py:4180} INFO - Setting next_dagrun for train_traffic_pred to 2025-07-22 00:00:00+00:00, run_after=2025-07-23 00:00:00+00:00
[2025-07-22T10:21:21.643+0000] {processor.py:208} INFO - Processing /opt/airflow/dags/train_traffic_pred.py took 3.626 seconds
[2025-07-22T10:21:53.439+0000] {processor.py:186} INFO - Started process (PID=47464) to work on /opt/airflow/dags/train_traffic_pred.py
[2025-07-22T10:21:53.441+0000] {processor.py:914} INFO - Processing file /opt/airflow/dags/train_traffic_pred.py for tasks to queue
[2025-07-22T10:21:53.452+0000] {logging_mixin.py:190} INFO - [2025-07-22T10:21:53.451+0000] {dagbag.py:588} INFO - Filling up the DagBag from /opt/airflow/dags/train_traffic_pred.py
[2025-07-22T10:22:02.835+0000] {processor.py:925} INFO - DAG(s) 'train_traffic_pred' retrieved from /opt/airflow/dags/train_traffic_pred.py
[2025-07-22T10:22:02.899+0000] {logging_mixin.py:190} INFO - [2025-07-22T10:22:02.899+0000] {dag.py:3239} INFO - Sync 1 DAGs
[2025-07-22T10:22:02.967+0000] {logging_mixin.py:190} INFO - [2025-07-22T10:22:02.965+0000] {dag.py:4180} INFO - Setting next_dagrun for train_traffic_pred to 2025-07-22 00:00:00+00:00, run_after=2025-07-23 00:00:00+00:00
[2025-07-22T10:22:03.028+0000] {processor.py:208} INFO - Processing /opt/airflow/dags/train_traffic_pred.py took 9.609 seconds
[2025-07-22T10:22:34.843+0000] {processor.py:186} INFO - Started process (PID=47566) to work on /opt/airflow/dags/train_traffic_pred.py
[2025-07-22T10:22:34.844+0000] {processor.py:914} INFO - Processing file /opt/airflow/dags/train_traffic_pred.py for tasks to queue
[2025-07-22T10:22:34.845+0000] {logging_mixin.py:190} INFO - [2025-07-22T10:22:34.845+0000] {dagbag.py:588} INFO - Filling up the DagBag from /opt/airflow/dags/train_traffic_pred.py
[2025-07-22T10:22:37.897+0000] {processor.py:925} INFO - DAG(s) 'train_traffic_pred' retrieved from /opt/airflow/dags/train_traffic_pred.py
[2025-07-22T10:22:37.919+0000] {logging_mixin.py:190} INFO - [2025-07-22T10:22:37.918+0000] {dag.py:3239} INFO - Sync 1 DAGs
[2025-07-22T10:22:37.936+0000] {logging_mixin.py:190} INFO - [2025-07-22T10:22:37.936+0000] {dag.py:4180} INFO - Setting next_dagrun for train_traffic_pred to 2025-07-22 00:00:00+00:00, run_after=2025-07-23 00:00:00+00:00
[2025-07-22T10:22:37.949+0000] {processor.py:208} INFO - Processing /opt/airflow/dags/train_traffic_pred.py took 3.112 seconds
[2025-07-22T10:23:09.820+0000] {processor.py:186} INFO - Started process (PID=47664) to work on /opt/airflow/dags/train_traffic_pred.py
[2025-07-22T10:23:09.822+0000] {processor.py:914} INFO - Processing file /opt/airflow/dags/train_traffic_pred.py for tasks to queue
[2025-07-22T10:23:09.825+0000] {logging_mixin.py:190} INFO - [2025-07-22T10:23:09.824+0000] {dagbag.py:588} INFO - Filling up the DagBag from /opt/airflow/dags/train_traffic_pred.py
[2025-07-22T10:23:13.188+0000] {processor.py:925} INFO - DAG(s) 'train_traffic_pred' retrieved from /opt/airflow/dags/train_traffic_pred.py
[2025-07-22T10:23:13.210+0000] {logging_mixin.py:190} INFO - [2025-07-22T10:23:13.209+0000] {dag.py:3239} INFO - Sync 1 DAGs
[2025-07-22T10:23:13.230+0000] {logging_mixin.py:190} INFO - [2025-07-22T10:23:13.230+0000] {dag.py:4180} INFO - Setting next_dagrun for train_traffic_pred to 2025-07-22 00:00:00+00:00, run_after=2025-07-23 00:00:00+00:00
[2025-07-22T10:23:13.245+0000] {processor.py:208} INFO - Processing /opt/airflow/dags/train_traffic_pred.py took 3.432 seconds
[2025-07-22T10:23:44.302+0000] {processor.py:186} INFO - Started process (PID=47760) to work on /opt/airflow/dags/train_traffic_pred.py
[2025-07-22T10:23:44.303+0000] {processor.py:914} INFO - Processing file /opt/airflow/dags/train_traffic_pred.py for tasks to queue
[2025-07-22T10:23:44.307+0000] {logging_mixin.py:190} INFO - [2025-07-22T10:23:44.306+0000] {dagbag.py:588} INFO - Filling up the DagBag from /opt/airflow/dags/train_traffic_pred.py
[2025-07-22T10:23:47.391+0000] {processor.py:925} INFO - DAG(s) 'train_traffic_pred' retrieved from /opt/airflow/dags/train_traffic_pred.py
[2025-07-22T10:23:47.411+0000] {logging_mixin.py:190} INFO - [2025-07-22T10:23:47.410+0000] {dag.py:3239} INFO - Sync 1 DAGs
[2025-07-22T10:23:47.428+0000] {logging_mixin.py:190} INFO - [2025-07-22T10:23:47.427+0000] {dag.py:4180} INFO - Setting next_dagrun for train_traffic_pred to 2025-07-22 00:00:00+00:00, run_after=2025-07-23 00:00:00+00:00
[2025-07-22T10:23:47.440+0000] {processor.py:208} INFO - Processing /opt/airflow/dags/train_traffic_pred.py took 3.144 seconds
[2025-07-22T10:24:19.371+0000] {processor.py:186} INFO - Started process (PID=47863) to work on /opt/airflow/dags/train_traffic_pred.py
[2025-07-22T10:24:19.373+0000] {processor.py:914} INFO - Processing file /opt/airflow/dags/train_traffic_pred.py for tasks to queue
[2025-07-22T10:24:19.376+0000] {logging_mixin.py:190} INFO - [2025-07-22T10:24:19.375+0000] {dagbag.py:588} INFO - Filling up the DagBag from /opt/airflow/dags/train_traffic_pred.py
[2025-07-22T10:24:22.657+0000] {processor.py:925} INFO - DAG(s) 'train_traffic_pred' retrieved from /opt/airflow/dags/train_traffic_pred.py
[2025-07-22T10:24:22.675+0000] {logging_mixin.py:190} INFO - [2025-07-22T10:24:22.675+0000] {dag.py:3239} INFO - Sync 1 DAGs
[2025-07-22T10:24:22.691+0000] {logging_mixin.py:190} INFO - [2025-07-22T10:24:22.691+0000] {dag.py:4180} INFO - Setting next_dagrun for train_traffic_pred to 2025-07-22 00:00:00+00:00, run_after=2025-07-23 00:00:00+00:00
[2025-07-22T10:24:22.706+0000] {processor.py:208} INFO - Processing /opt/airflow/dags/train_traffic_pred.py took 3.342 seconds
[2025-07-22T10:24:54.435+0000] {processor.py:186} INFO - Started process (PID=47961) to work on /opt/airflow/dags/train_traffic_pred.py
[2025-07-22T10:24:54.437+0000] {processor.py:914} INFO - Processing file /opt/airflow/dags/train_traffic_pred.py for tasks to queue
[2025-07-22T10:24:54.440+0000] {logging_mixin.py:190} INFO - [2025-07-22T10:24:54.440+0000] {dagbag.py:588} INFO - Filling up the DagBag from /opt/airflow/dags/train_traffic_pred.py
[2025-07-22T10:24:57.632+0000] {processor.py:925} INFO - DAG(s) 'train_traffic_pred' retrieved from /opt/airflow/dags/train_traffic_pred.py
[2025-07-22T10:24:57.650+0000] {logging_mixin.py:190} INFO - [2025-07-22T10:24:57.650+0000] {dag.py:3239} INFO - Sync 1 DAGs
[2025-07-22T10:24:57.666+0000] {logging_mixin.py:190} INFO - [2025-07-22T10:24:57.666+0000] {dag.py:4180} INFO - Setting next_dagrun for train_traffic_pred to 2025-07-22 00:00:00+00:00, run_after=2025-07-23 00:00:00+00:00
[2025-07-22T10:24:57.681+0000] {processor.py:208} INFO - Processing /opt/airflow/dags/train_traffic_pred.py took 3.253 seconds
[2025-07-22T10:25:29.397+0000] {processor.py:186} INFO - Started process (PID=48059) to work on /opt/airflow/dags/train_traffic_pred.py
[2025-07-22T10:25:29.398+0000] {processor.py:914} INFO - Processing file /opt/airflow/dags/train_traffic_pred.py for tasks to queue
[2025-07-22T10:25:29.401+0000] {logging_mixin.py:190} INFO - [2025-07-22T10:25:29.401+0000] {dagbag.py:588} INFO - Filling up the DagBag from /opt/airflow/dags/train_traffic_pred.py
[2025-07-22T10:25:32.695+0000] {processor.py:925} INFO - DAG(s) 'train_traffic_pred' retrieved from /opt/airflow/dags/train_traffic_pred.py
[2025-07-22T10:25:32.716+0000] {logging_mixin.py:190} INFO - [2025-07-22T10:25:32.716+0000] {dag.py:3239} INFO - Sync 1 DAGs
[2025-07-22T10:25:32.734+0000] {logging_mixin.py:190} INFO - [2025-07-22T10:25:32.734+0000] {dag.py:4180} INFO - Setting next_dagrun for train_traffic_pred to 2025-07-22 00:00:00+00:00, run_after=2025-07-23 00:00:00+00:00
[2025-07-22T10:25:32.751+0000] {processor.py:208} INFO - Processing /opt/airflow/dags/train_traffic_pred.py took 3.362 seconds
[2025-07-22T10:26:04.413+0000] {processor.py:186} INFO - Started process (PID=48157) to work on /opt/airflow/dags/train_traffic_pred.py
[2025-07-22T10:26:04.415+0000] {processor.py:914} INFO - Processing file /opt/airflow/dags/train_traffic_pred.py for tasks to queue
[2025-07-22T10:26:04.419+0000] {logging_mixin.py:190} INFO - [2025-07-22T10:26:04.418+0000] {dagbag.py:588} INFO - Filling up the DagBag from /opt/airflow/dags/train_traffic_pred.py
[2025-07-22T10:26:07.648+0000] {processor.py:925} INFO - DAG(s) 'train_traffic_pred' retrieved from /opt/airflow/dags/train_traffic_pred.py
[2025-07-22T10:26:07.669+0000] {logging_mixin.py:190} INFO - [2025-07-22T10:26:07.668+0000] {dag.py:3239} INFO - Sync 1 DAGs
[2025-07-22T10:26:07.687+0000] {logging_mixin.py:190} INFO - [2025-07-22T10:26:07.686+0000] {dag.py:4180} INFO - Setting next_dagrun for train_traffic_pred to 2025-07-22 00:00:00+00:00, run_after=2025-07-23 00:00:00+00:00
[2025-07-22T10:26:07.701+0000] {processor.py:208} INFO - Processing /opt/airflow/dags/train_traffic_pred.py took 3.295 seconds
[2025-07-22T10:26:39.410+0000] {processor.py:186} INFO - Started process (PID=48255) to work on /opt/airflow/dags/train_traffic_pred.py
[2025-07-22T10:26:39.411+0000] {processor.py:914} INFO - Processing file /opt/airflow/dags/train_traffic_pred.py for tasks to queue
[2025-07-22T10:26:39.414+0000] {logging_mixin.py:190} INFO - [2025-07-22T10:26:39.413+0000] {dagbag.py:588} INFO - Filling up the DagBag from /opt/airflow/dags/train_traffic_pred.py
[2025-07-22T10:26:42.763+0000] {processor.py:925} INFO - DAG(s) 'train_traffic_pred' retrieved from /opt/airflow/dags/train_traffic_pred.py
[2025-07-22T10:26:42.785+0000] {logging_mixin.py:190} INFO - [2025-07-22T10:26:42.784+0000] {dag.py:3239} INFO - Sync 1 DAGs
[2025-07-22T10:26:42.803+0000] {logging_mixin.py:190} INFO - [2025-07-22T10:26:42.803+0000] {dag.py:4180} INFO - Setting next_dagrun for train_traffic_pred to 2025-07-22 00:00:00+00:00, run_after=2025-07-23 00:00:00+00:00
[2025-07-22T10:26:42.823+0000] {processor.py:208} INFO - Processing /opt/airflow/dags/train_traffic_pred.py took 3.421 seconds
[2025-07-22T10:27:14.458+0000] {processor.py:186} INFO - Started process (PID=48353) to work on /opt/airflow/dags/train_traffic_pred.py
[2025-07-22T10:27:14.460+0000] {processor.py:914} INFO - Processing file /opt/airflow/dags/train_traffic_pred.py for tasks to queue
[2025-07-22T10:27:14.463+0000] {logging_mixin.py:190} INFO - [2025-07-22T10:27:14.463+0000] {dagbag.py:588} INFO - Filling up the DagBag from /opt/airflow/dags/train_traffic_pred.py
[2025-07-22T10:27:17.832+0000] {processor.py:925} INFO - DAG(s) 'train_traffic_pred' retrieved from /opt/airflow/dags/train_traffic_pred.py
[2025-07-22T10:27:17.854+0000] {logging_mixin.py:190} INFO - [2025-07-22T10:27:17.853+0000] {dag.py:3239} INFO - Sync 1 DAGs
[2025-07-22T10:27:17.874+0000] {logging_mixin.py:190} INFO - [2025-07-22T10:27:17.874+0000] {dag.py:4180} INFO - Setting next_dagrun for train_traffic_pred to 2025-07-22 00:00:00+00:00, run_after=2025-07-23 00:00:00+00:00
[2025-07-22T10:27:17.890+0000] {processor.py:208} INFO - Processing /opt/airflow/dags/train_traffic_pred.py took 3.439 seconds
[2025-07-22T10:27:49.702+0000] {processor.py:186} INFO - Started process (PID=48457) to work on /opt/airflow/dags/train_traffic_pred.py
[2025-07-22T10:27:49.703+0000] {processor.py:914} INFO - Processing file /opt/airflow/dags/train_traffic_pred.py for tasks to queue
[2025-07-22T10:27:49.706+0000] {logging_mixin.py:190} INFO - [2025-07-22T10:27:49.706+0000] {dagbag.py:588} INFO - Filling up the DagBag from /opt/airflow/dags/train_traffic_pred.py
[2025-07-22T10:27:53.337+0000] {processor.py:925} INFO - DAG(s) 'train_traffic_pred' retrieved from /opt/airflow/dags/train_traffic_pred.py
[2025-07-22T10:27:53.362+0000] {logging_mixin.py:190} INFO - [2025-07-22T10:27:53.361+0000] {dag.py:3239} INFO - Sync 1 DAGs
[2025-07-22T10:27:53.384+0000] {logging_mixin.py:190} INFO - [2025-07-22T10:27:53.384+0000] {dag.py:4180} INFO - Setting next_dagrun for train_traffic_pred to 2025-07-22 00:00:00+00:00, run_after=2025-07-23 00:00:00+00:00
[2025-07-22T10:27:53.407+0000] {processor.py:208} INFO - Processing /opt/airflow/dags/train_traffic_pred.py took 3.714 seconds
[2025-07-22T10:28:25.236+0000] {processor.py:186} INFO - Started process (PID=48558) to work on /opt/airflow/dags/train_traffic_pred.py
[2025-07-22T10:28:25.238+0000] {processor.py:914} INFO - Processing file /opt/airflow/dags/train_traffic_pred.py for tasks to queue
[2025-07-22T10:28:25.240+0000] {logging_mixin.py:190} INFO - [2025-07-22T10:28:25.240+0000] {dagbag.py:588} INFO - Filling up the DagBag from /opt/airflow/dags/train_traffic_pred.py
[2025-07-22T10:28:28.466+0000] {processor.py:925} INFO - DAG(s) 'train_traffic_pred' retrieved from /opt/airflow/dags/train_traffic_pred.py
[2025-07-22T10:28:28.487+0000] {logging_mixin.py:190} INFO - [2025-07-22T10:28:28.486+0000] {dag.py:3239} INFO - Sync 1 DAGs
[2025-07-22T10:28:28.506+0000] {logging_mixin.py:190} INFO - [2025-07-22T10:28:28.506+0000] {dag.py:4180} INFO - Setting next_dagrun for train_traffic_pred to 2025-07-22 00:00:00+00:00, run_after=2025-07-23 00:00:00+00:00
[2025-07-22T10:28:28.523+0000] {processor.py:208} INFO - Processing /opt/airflow/dags/train_traffic_pred.py took 3.294 seconds
[2025-07-22T10:28:59.819+0000] {processor.py:186} INFO - Started process (PID=48656) to work on /opt/airflow/dags/train_traffic_pred.py
[2025-07-22T10:28:59.820+0000] {processor.py:914} INFO - Processing file /opt/airflow/dags/train_traffic_pred.py for tasks to queue
[2025-07-22T10:28:59.823+0000] {logging_mixin.py:190} INFO - [2025-07-22T10:28:59.823+0000] {dagbag.py:588} INFO - Filling up the DagBag from /opt/airflow/dags/train_traffic_pred.py
[2025-07-22T10:29:03.151+0000] {processor.py:925} INFO - DAG(s) 'train_traffic_pred' retrieved from /opt/airflow/dags/train_traffic_pred.py
[2025-07-22T10:29:03.175+0000] {logging_mixin.py:190} INFO - [2025-07-22T10:29:03.174+0000] {dag.py:3239} INFO - Sync 1 DAGs
[2025-07-22T10:29:03.195+0000] {logging_mixin.py:190} INFO - [2025-07-22T10:29:03.195+0000] {dag.py:4180} INFO - Setting next_dagrun for train_traffic_pred to 2025-07-22 00:00:00+00:00, run_after=2025-07-23 00:00:00+00:00
[2025-07-22T10:29:03.214+0000] {processor.py:208} INFO - Processing /opt/airflow/dags/train_traffic_pred.py took 3.400 seconds
[2025-07-22T10:29:34.322+0000] {processor.py:186} INFO - Started process (PID=48754) to work on /opt/airflow/dags/train_traffic_pred.py
[2025-07-22T10:29:34.323+0000] {processor.py:914} INFO - Processing file /opt/airflow/dags/train_traffic_pred.py for tasks to queue
[2025-07-22T10:29:34.326+0000] {logging_mixin.py:190} INFO - [2025-07-22T10:29:34.325+0000] {dagbag.py:588} INFO - Filling up the DagBag from /opt/airflow/dags/train_traffic_pred.py
[2025-07-22T10:29:37.738+0000] {processor.py:925} INFO - DAG(s) 'train_traffic_pred' retrieved from /opt/airflow/dags/train_traffic_pred.py
[2025-07-22T10:29:37.763+0000] {logging_mixin.py:190} INFO - [2025-07-22T10:29:37.761+0000] {dag.py:3239} INFO - Sync 1 DAGs
[2025-07-22T10:29:37.784+0000] {logging_mixin.py:190} INFO - [2025-07-22T10:29:37.783+0000] {dag.py:4180} INFO - Setting next_dagrun for train_traffic_pred to 2025-07-22 00:00:00+00:00, run_after=2025-07-23 00:00:00+00:00
[2025-07-22T10:29:37.801+0000] {processor.py:208} INFO - Processing /opt/airflow/dags/train_traffic_pred.py took 3.485 seconds
[2025-07-22T10:30:09.291+0000] {processor.py:186} INFO - Started process (PID=48853) to work on /opt/airflow/dags/train_traffic_pred.py
[2025-07-22T10:30:09.293+0000] {processor.py:914} INFO - Processing file /opt/airflow/dags/train_traffic_pred.py for tasks to queue
[2025-07-22T10:30:09.295+0000] {logging_mixin.py:190} INFO - [2025-07-22T10:30:09.295+0000] {dagbag.py:588} INFO - Filling up the DagBag from /opt/airflow/dags/train_traffic_pred.py
[2025-07-22T10:30:12.588+0000] {processor.py:925} INFO - DAG(s) 'train_traffic_pred' retrieved from /opt/airflow/dags/train_traffic_pred.py
[2025-07-22T10:30:12.611+0000] {logging_mixin.py:190} INFO - [2025-07-22T10:30:12.610+0000] {dag.py:3239} INFO - Sync 1 DAGs
[2025-07-22T10:30:12.633+0000] {logging_mixin.py:190} INFO - [2025-07-22T10:30:12.633+0000] {dag.py:4180} INFO - Setting next_dagrun for train_traffic_pred to 2025-07-22 00:00:00+00:00, run_after=2025-07-23 00:00:00+00:00
[2025-07-22T10:30:12.650+0000] {processor.py:208} INFO - Processing /opt/airflow/dags/train_traffic_pred.py took 3.364 seconds
[2025-07-22T10:30:43.919+0000] {processor.py:186} INFO - Started process (PID=48951) to work on /opt/airflow/dags/train_traffic_pred.py
[2025-07-22T10:30:43.921+0000] {processor.py:914} INFO - Processing file /opt/airflow/dags/train_traffic_pred.py for tasks to queue
[2025-07-22T10:30:43.923+0000] {logging_mixin.py:190} INFO - [2025-07-22T10:30:43.922+0000] {dagbag.py:588} INFO - Filling up the DagBag from /opt/airflow/dags/train_traffic_pred.py
[2025-07-22T10:30:47.047+0000] {processor.py:925} INFO - DAG(s) 'train_traffic_pred' retrieved from /opt/airflow/dags/train_traffic_pred.py
[2025-07-22T10:30:47.070+0000] {logging_mixin.py:190} INFO - [2025-07-22T10:30:47.069+0000] {dag.py:3239} INFO - Sync 1 DAGs
[2025-07-22T10:30:47.088+0000] {logging_mixin.py:190} INFO - [2025-07-22T10:30:47.088+0000] {dag.py:4180} INFO - Setting next_dagrun for train_traffic_pred to 2025-07-22 00:00:00+00:00, run_after=2025-07-23 00:00:00+00:00
[2025-07-22T10:30:47.103+0000] {processor.py:208} INFO - Processing /opt/airflow/dags/train_traffic_pred.py took 3.191 seconds
[2025-07-22T10:31:18.827+0000] {processor.py:186} INFO - Started process (PID=49045) to work on /opt/airflow/dags/train_traffic_pred.py
[2025-07-22T10:31:18.829+0000] {processor.py:914} INFO - Processing file /opt/airflow/dags/train_traffic_pred.py for tasks to queue
[2025-07-22T10:31:18.842+0000] {logging_mixin.py:190} INFO - [2025-07-22T10:31:18.841+0000] {dagbag.py:588} INFO - Filling up the DagBag from /opt/airflow/dags/train_traffic_pred.py
[2025-07-22T10:31:27.600+0000] {processor.py:925} INFO - DAG(s) 'train_traffic_pred' retrieved from /opt/airflow/dags/train_traffic_pred.py
[2025-07-22T10:31:27.638+0000] {logging_mixin.py:190} INFO - [2025-07-22T10:31:27.636+0000] {dag.py:3239} INFO - Sync 1 DAGs
[2025-07-22T10:31:27.694+0000] {logging_mixin.py:190} INFO - [2025-07-22T10:31:27.694+0000] {dag.py:4180} INFO - Setting next_dagrun for train_traffic_pred to 2025-07-22 00:00:00+00:00, run_after=2025-07-23 00:00:00+00:00
[2025-07-22T10:31:27.746+0000] {processor.py:208} INFO - Processing /opt/airflow/dags/train_traffic_pred.py took 8.945 seconds
[2025-07-22T10:31:59.108+0000] {processor.py:186} INFO - Started process (PID=49150) to work on /opt/airflow/dags/train_traffic_pred.py
[2025-07-22T10:31:59.109+0000] {processor.py:914} INFO - Processing file /opt/airflow/dags/train_traffic_pred.py for tasks to queue
[2025-07-22T10:31:59.112+0000] {logging_mixin.py:190} INFO - [2025-07-22T10:31:59.112+0000] {dagbag.py:588} INFO - Filling up the DagBag from /opt/airflow/dags/train_traffic_pred.py
[2025-07-22T10:32:02.372+0000] {processor.py:925} INFO - DAG(s) 'train_traffic_pred' retrieved from /opt/airflow/dags/train_traffic_pred.py
[2025-07-22T10:32:02.396+0000] {logging_mixin.py:190} INFO - [2025-07-22T10:32:02.395+0000] {dag.py:3239} INFO - Sync 1 DAGs
[2025-07-22T10:32:02.416+0000] {logging_mixin.py:190} INFO - [2025-07-22T10:32:02.415+0000] {dag.py:4180} INFO - Setting next_dagrun for train_traffic_pred to 2025-07-22 00:00:00+00:00, run_after=2025-07-23 00:00:00+00:00
[2025-07-22T10:32:02.431+0000] {processor.py:208} INFO - Processing /opt/airflow/dags/train_traffic_pred.py took 3.330 seconds
[2025-07-22T10:32:34.414+0000] {processor.py:186} INFO - Started process (PID=49248) to work on /opt/airflow/dags/train_traffic_pred.py
[2025-07-22T10:32:34.416+0000] {processor.py:914} INFO - Processing file /opt/airflow/dags/train_traffic_pred.py for tasks to queue
[2025-07-22T10:32:34.419+0000] {logging_mixin.py:190} INFO - [2025-07-22T10:32:34.419+0000] {dagbag.py:588} INFO - Filling up the DagBag from /opt/airflow/dags/train_traffic_pred.py
[2025-07-22T10:32:37.693+0000] {processor.py:925} INFO - DAG(s) 'train_traffic_pred' retrieved from /opt/airflow/dags/train_traffic_pred.py
[2025-07-22T10:32:37.716+0000] {logging_mixin.py:190} INFO - [2025-07-22T10:32:37.715+0000] {dag.py:3239} INFO - Sync 1 DAGs
[2025-07-22T10:32:37.734+0000] {logging_mixin.py:190} INFO - [2025-07-22T10:32:37.734+0000] {dag.py:4180} INFO - Setting next_dagrun for train_traffic_pred to 2025-07-22 00:00:00+00:00, run_after=2025-07-23 00:00:00+00:00
[2025-07-22T10:32:37.750+0000] {processor.py:208} INFO - Processing /opt/airflow/dags/train_traffic_pred.py took 3.343 seconds
[2025-07-22T10:33:08.989+0000] {processor.py:186} INFO - Started process (PID=49346) to work on /opt/airflow/dags/train_traffic_pred.py
[2025-07-22T10:33:08.990+0000] {processor.py:914} INFO - Processing file /opt/airflow/dags/train_traffic_pred.py for tasks to queue
[2025-07-22T10:33:08.993+0000] {logging_mixin.py:190} INFO - [2025-07-22T10:33:08.993+0000] {dagbag.py:588} INFO - Filling up the DagBag from /opt/airflow/dags/train_traffic_pred.py
[2025-07-22T10:33:12.079+0000] {processor.py:925} INFO - DAG(s) 'train_traffic_pred' retrieved from /opt/airflow/dags/train_traffic_pred.py
[2025-07-22T10:33:12.100+0000] {logging_mixin.py:190} INFO - [2025-07-22T10:33:12.098+0000] {dag.py:3239} INFO - Sync 1 DAGs
[2025-07-22T10:33:12.117+0000] {logging_mixin.py:190} INFO - [2025-07-22T10:33:12.117+0000] {dag.py:4180} INFO - Setting next_dagrun for train_traffic_pred to 2025-07-22 00:00:00+00:00, run_after=2025-07-23 00:00:00+00:00
[2025-07-22T10:33:12.130+0000] {processor.py:208} INFO - Processing /opt/airflow/dags/train_traffic_pred.py took 3.148 seconds
[2025-07-22T10:33:43.984+0000] {processor.py:186} INFO - Started process (PID=49444) to work on /opt/airflow/dags/train_traffic_pred.py
[2025-07-22T10:33:43.986+0000] {processor.py:914} INFO - Processing file /opt/airflow/dags/train_traffic_pred.py for tasks to queue
[2025-07-22T10:33:43.989+0000] {logging_mixin.py:190} INFO - [2025-07-22T10:33:43.989+0000] {dagbag.py:588} INFO - Filling up the DagBag from /opt/airflow/dags/train_traffic_pred.py
[2025-07-22T10:33:47.283+0000] {processor.py:925} INFO - DAG(s) 'train_traffic_pred' retrieved from /opt/airflow/dags/train_traffic_pred.py
[2025-07-22T10:33:47.302+0000] {logging_mixin.py:190} INFO - [2025-07-22T10:33:47.302+0000] {dag.py:3239} INFO - Sync 1 DAGs
[2025-07-22T10:33:47.322+0000] {logging_mixin.py:190} INFO - [2025-07-22T10:33:47.321+0000] {dag.py:4180} INFO - Setting next_dagrun for train_traffic_pred to 2025-07-22 00:00:00+00:00, run_after=2025-07-23 00:00:00+00:00
[2025-07-22T10:33:47.335+0000] {processor.py:208} INFO - Processing /opt/airflow/dags/train_traffic_pred.py took 3.358 seconds
[2025-07-22T10:34:19.115+0000] {processor.py:186} INFO - Started process (PID=49542) to work on /opt/airflow/dags/train_traffic_pred.py
[2025-07-22T10:34:19.116+0000] {processor.py:914} INFO - Processing file /opt/airflow/dags/train_traffic_pred.py for tasks to queue
[2025-07-22T10:34:19.119+0000] {logging_mixin.py:190} INFO - [2025-07-22T10:34:19.118+0000] {dagbag.py:588} INFO - Filling up the DagBag from /opt/airflow/dags/train_traffic_pred.py
[2025-07-22T10:34:22.340+0000] {processor.py:925} INFO - DAG(s) 'train_traffic_pred' retrieved from /opt/airflow/dags/train_traffic_pred.py
[2025-07-22T10:34:22.362+0000] {logging_mixin.py:190} INFO - [2025-07-22T10:34:22.361+0000] {dag.py:3239} INFO - Sync 1 DAGs
[2025-07-22T10:34:22.380+0000] {logging_mixin.py:190} INFO - [2025-07-22T10:34:22.379+0000] {dag.py:4180} INFO - Setting next_dagrun for train_traffic_pred to 2025-07-22 00:00:00+00:00, run_after=2025-07-23 00:00:00+00:00
[2025-07-22T10:34:22.393+0000] {processor.py:208} INFO - Processing /opt/airflow/dags/train_traffic_pred.py took 3.286 seconds
[2025-07-22T10:34:53.491+0000] {processor.py:186} INFO - Started process (PID=49645) to work on /opt/airflow/dags/train_traffic_pred.py
[2025-07-22T10:34:53.493+0000] {processor.py:914} INFO - Processing file /opt/airflow/dags/train_traffic_pred.py for tasks to queue
[2025-07-22T10:34:53.496+0000] {logging_mixin.py:190} INFO - [2025-07-22T10:34:53.496+0000] {dagbag.py:588} INFO - Filling up the DagBag from /opt/airflow/dags/train_traffic_pred.py
[2025-07-22T10:34:56.668+0000] {processor.py:925} INFO - DAG(s) 'train_traffic_pred' retrieved from /opt/airflow/dags/train_traffic_pred.py
[2025-07-22T10:34:56.687+0000] {logging_mixin.py:190} INFO - [2025-07-22T10:34:56.686+0000] {dag.py:3239} INFO - Sync 1 DAGs
[2025-07-22T10:34:56.702+0000] {logging_mixin.py:190} INFO - [2025-07-22T10:34:56.702+0000] {dag.py:4180} INFO - Setting next_dagrun for train_traffic_pred to 2025-07-22 00:00:00+00:00, run_after=2025-07-23 00:00:00+00:00
[2025-07-22T10:34:56.716+0000] {processor.py:208} INFO - Processing /opt/airflow/dags/train_traffic_pred.py took 3.231 seconds
[2025-07-22T10:35:28.734+0000] {processor.py:186} INFO - Started process (PID=49743) to work on /opt/airflow/dags/train_traffic_pred.py
[2025-07-22T10:35:28.740+0000] {processor.py:914} INFO - Processing file /opt/airflow/dags/train_traffic_pred.py for tasks to queue
[2025-07-22T10:35:28.747+0000] {logging_mixin.py:190} INFO - [2025-07-22T10:35:28.746+0000] {dagbag.py:588} INFO - Filling up the DagBag from /opt/airflow/dags/train_traffic_pred.py
[2025-07-22T10:35:38.449+0000] {processor.py:925} INFO - DAG(s) 'train_traffic_pred' retrieved from /opt/airflow/dags/train_traffic_pred.py
[2025-07-22T10:35:38.524+0000] {logging_mixin.py:190} INFO - [2025-07-22T10:35:38.523+0000] {dag.py:3239} INFO - Sync 1 DAGs
[2025-07-22T10:35:38.566+0000] {logging_mixin.py:190} INFO - [2025-07-22T10:35:38.566+0000] {dag.py:4180} INFO - Setting next_dagrun for train_traffic_pred to 2025-07-22 00:00:00+00:00, run_after=2025-07-23 00:00:00+00:00
[2025-07-22T10:35:38.584+0000] {processor.py:208} INFO - Processing /opt/airflow/dags/train_traffic_pred.py took 9.869 seconds
[2025-07-22T10:36:10.230+0000] {processor.py:186} INFO - Started process (PID=49841) to work on /opt/airflow/dags/train_traffic_pred.py
[2025-07-22T10:36:10.231+0000] {processor.py:914} INFO - Processing file /opt/airflow/dags/train_traffic_pred.py for tasks to queue
[2025-07-22T10:36:10.234+0000] {logging_mixin.py:190} INFO - [2025-07-22T10:36:10.234+0000] {dagbag.py:588} INFO - Filling up the DagBag from /opt/airflow/dags/train_traffic_pred.py
[2025-07-22T10:36:13.523+0000] {processor.py:925} INFO - DAG(s) 'train_traffic_pred' retrieved from /opt/airflow/dags/train_traffic_pred.py
[2025-07-22T10:36:13.543+0000] {logging_mixin.py:190} INFO - [2025-07-22T10:36:13.542+0000] {dag.py:3239} INFO - Sync 1 DAGs
[2025-07-22T10:36:13.561+0000] {logging_mixin.py:190} INFO - [2025-07-22T10:36:13.561+0000] {dag.py:4180} INFO - Setting next_dagrun for train_traffic_pred to 2025-07-22 00:00:00+00:00, run_after=2025-07-23 00:00:00+00:00
[2025-07-22T10:36:13.576+0000] {processor.py:208} INFO - Processing /opt/airflow/dags/train_traffic_pred.py took 3.353 seconds
[2025-07-22T10:36:45.290+0000] {processor.py:186} INFO - Started process (PID=49939) to work on /opt/airflow/dags/train_traffic_pred.py
[2025-07-22T10:36:45.292+0000] {processor.py:914} INFO - Processing file /opt/airflow/dags/train_traffic_pred.py for tasks to queue
[2025-07-22T10:36:45.295+0000] {logging_mixin.py:190} INFO - [2025-07-22T10:36:45.294+0000] {dagbag.py:588} INFO - Filling up the DagBag from /opt/airflow/dags/train_traffic_pred.py
[2025-07-22T10:36:48.715+0000] {processor.py:925} INFO - DAG(s) 'train_traffic_pred' retrieved from /opt/airflow/dags/train_traffic_pred.py
[2025-07-22T10:36:48.736+0000] {logging_mixin.py:190} INFO - [2025-07-22T10:36:48.736+0000] {dag.py:3239} INFO - Sync 1 DAGs
[2025-07-22T10:36:48.754+0000] {logging_mixin.py:190} INFO - [2025-07-22T10:36:48.753+0000] {dag.py:4180} INFO - Setting next_dagrun for train_traffic_pred to 2025-07-22 00:00:00+00:00, run_after=2025-07-23 00:00:00+00:00
[2025-07-22T10:36:48.769+0000] {processor.py:208} INFO - Processing /opt/airflow/dags/train_traffic_pred.py took 3.487 seconds
[2025-07-22T10:37:20.500+0000] {processor.py:186} INFO - Started process (PID=50037) to work on /opt/airflow/dags/train_traffic_pred.py
[2025-07-22T10:37:20.502+0000] {processor.py:914} INFO - Processing file /opt/airflow/dags/train_traffic_pred.py for tasks to queue
[2025-07-22T10:37:20.505+0000] {logging_mixin.py:190} INFO - [2025-07-22T10:37:20.504+0000] {dagbag.py:588} INFO - Filling up the DagBag from /opt/airflow/dags/train_traffic_pred.py
[2025-07-22T10:37:23.747+0000] {processor.py:925} INFO - DAG(s) 'train_traffic_pred' retrieved from /opt/airflow/dags/train_traffic_pred.py
[2025-07-22T10:37:23.766+0000] {logging_mixin.py:190} INFO - [2025-07-22T10:37:23.765+0000] {dag.py:3239} INFO - Sync 1 DAGs
[2025-07-22T10:37:23.782+0000] {logging_mixin.py:190} INFO - [2025-07-22T10:37:23.782+0000] {dag.py:4180} INFO - Setting next_dagrun for train_traffic_pred to 2025-07-22 00:00:00+00:00, run_after=2025-07-23 00:00:00+00:00
[2025-07-22T10:37:23.797+0000] {processor.py:208} INFO - Processing /opt/airflow/dags/train_traffic_pred.py took 3.304 seconds
[2025-07-22T10:37:55.713+0000] {processor.py:186} INFO - Started process (PID=50141) to work on /opt/airflow/dags/train_traffic_pred.py
[2025-07-22T10:37:55.715+0000] {processor.py:914} INFO - Processing file /opt/airflow/dags/train_traffic_pred.py for tasks to queue
[2025-07-22T10:37:55.718+0000] {logging_mixin.py:190} INFO - [2025-07-22T10:37:55.717+0000] {dagbag.py:588} INFO - Filling up the DagBag from /opt/airflow/dags/train_traffic_pred.py
[2025-07-22T10:37:58.864+0000] {processor.py:925} INFO - DAG(s) 'train_traffic_pred' retrieved from /opt/airflow/dags/train_traffic_pred.py
[2025-07-22T10:37:58.883+0000] {logging_mixin.py:190} INFO - [2025-07-22T10:37:58.883+0000] {dag.py:3239} INFO - Sync 1 DAGs
[2025-07-22T10:37:58.899+0000] {logging_mixin.py:190} INFO - [2025-07-22T10:37:58.898+0000] {dag.py:4180} INFO - Setting next_dagrun for train_traffic_pred to 2025-07-22 00:00:00+00:00, run_after=2025-07-23 00:00:00+00:00
[2025-07-22T10:37:58.913+0000] {processor.py:208} INFO - Processing /opt/airflow/dags/train_traffic_pred.py took 3.206 seconds
[2025-07-22T10:38:30.766+0000] {processor.py:186} INFO - Started process (PID=50239) to work on /opt/airflow/dags/train_traffic_pred.py
[2025-07-22T10:38:30.767+0000] {processor.py:914} INFO - Processing file /opt/airflow/dags/train_traffic_pred.py for tasks to queue
[2025-07-22T10:38:30.770+0000] {logging_mixin.py:190} INFO - [2025-07-22T10:38:30.770+0000] {dagbag.py:588} INFO - Filling up the DagBag from /opt/airflow/dags/train_traffic_pred.py
[2025-07-22T10:38:34.044+0000] {processor.py:925} INFO - DAG(s) 'train_traffic_pred' retrieved from /opt/airflow/dags/train_traffic_pred.py
[2025-07-22T10:38:34.066+0000] {logging_mixin.py:190} INFO - [2025-07-22T10:38:34.065+0000] {dag.py:3239} INFO - Sync 1 DAGs
[2025-07-22T10:38:34.084+0000] {logging_mixin.py:190} INFO - [2025-07-22T10:38:34.084+0000] {dag.py:4180} INFO - Setting next_dagrun for train_traffic_pred to 2025-07-22 00:00:00+00:00, run_after=2025-07-23 00:00:00+00:00
[2025-07-22T10:38:34.098+0000] {processor.py:208} INFO - Processing /opt/airflow/dags/train_traffic_pred.py took 3.339 seconds
[2025-07-22T10:39:06.312+0000] {processor.py:186} INFO - Started process (PID=50337) to work on /opt/airflow/dags/train_traffic_pred.py
[2025-07-22T10:39:06.313+0000] {processor.py:914} INFO - Processing file /opt/airflow/dags/train_traffic_pred.py for tasks to queue
[2025-07-22T10:39:06.316+0000] {logging_mixin.py:190} INFO - [2025-07-22T10:39:06.315+0000] {dagbag.py:588} INFO - Filling up the DagBag from /opt/airflow/dags/train_traffic_pred.py
[2025-07-22T10:39:09.628+0000] {processor.py:925} INFO - DAG(s) 'train_traffic_pred' retrieved from /opt/airflow/dags/train_traffic_pred.py
[2025-07-22T10:39:09.650+0000] {logging_mixin.py:190} INFO - [2025-07-22T10:39:09.650+0000] {dag.py:3239} INFO - Sync 1 DAGs
[2025-07-22T10:39:09.670+0000] {logging_mixin.py:190} INFO - [2025-07-22T10:39:09.670+0000] {dag.py:4180} INFO - Setting next_dagrun for train_traffic_pred to 2025-07-22 00:00:00+00:00, run_after=2025-07-23 00:00:00+00:00
[2025-07-22T10:39:09.685+0000] {processor.py:208} INFO - Processing /opt/airflow/dags/train_traffic_pred.py took 3.382 seconds
[2025-07-22T10:39:41.382+0000] {processor.py:186} INFO - Started process (PID=50435) to work on /opt/airflow/dags/train_traffic_pred.py
[2025-07-22T10:39:41.383+0000] {processor.py:914} INFO - Processing file /opt/airflow/dags/train_traffic_pred.py for tasks to queue
[2025-07-22T10:39:41.386+0000] {logging_mixin.py:190} INFO - [2025-07-22T10:39:41.386+0000] {dagbag.py:588} INFO - Filling up the DagBag from /opt/airflow/dags/train_traffic_pred.py
[2025-07-22T10:39:44.636+0000] {processor.py:925} INFO - DAG(s) 'train_traffic_pred' retrieved from /opt/airflow/dags/train_traffic_pred.py
[2025-07-22T10:39:44.655+0000] {logging_mixin.py:190} INFO - [2025-07-22T10:39:44.655+0000] {dag.py:3239} INFO - Sync 1 DAGs
[2025-07-22T10:39:44.671+0000] {logging_mixin.py:190} INFO - [2025-07-22T10:39:44.671+0000] {dag.py:4180} INFO - Setting next_dagrun for train_traffic_pred to 2025-07-22 00:00:00+00:00, run_after=2025-07-23 00:00:00+00:00
[2025-07-22T10:39:44.685+0000] {processor.py:208} INFO - Processing /opt/airflow/dags/train_traffic_pred.py took 3.309 seconds
[2025-07-22T10:40:16.733+0000] {processor.py:186} INFO - Started process (PID=50533) to work on /opt/airflow/dags/train_traffic_pred.py
[2025-07-22T10:40:16.735+0000] {processor.py:914} INFO - Processing file /opt/airflow/dags/train_traffic_pred.py for tasks to queue
[2025-07-22T10:40:16.738+0000] {logging_mixin.py:190} INFO - [2025-07-22T10:40:16.738+0000] {dagbag.py:588} INFO - Filling up the DagBag from /opt/airflow/dags/train_traffic_pred.py
[2025-07-22T10:40:20.235+0000] {processor.py:925} INFO - DAG(s) 'train_traffic_pred' retrieved from /opt/airflow/dags/train_traffic_pred.py
[2025-07-22T10:40:20.258+0000] {logging_mixin.py:190} INFO - [2025-07-22T10:40:20.258+0000] {dag.py:3239} INFO - Sync 1 DAGs
[2025-07-22T10:40:20.276+0000] {logging_mixin.py:190} INFO - [2025-07-22T10:40:20.275+0000] {dag.py:4180} INFO - Setting next_dagrun for train_traffic_pred to 2025-07-22 00:00:00+00:00, run_after=2025-07-23 00:00:00+00:00
[2025-07-22T10:40:20.294+0000] {processor.py:208} INFO - Processing /opt/airflow/dags/train_traffic_pred.py took 3.568 seconds
[2025-07-22T10:40:52.183+0000] {processor.py:186} INFO - Started process (PID=50637) to work on /opt/airflow/dags/train_traffic_pred.py
[2025-07-22T10:40:52.185+0000] {processor.py:914} INFO - Processing file /opt/airflow/dags/train_traffic_pred.py for tasks to queue
[2025-07-22T10:40:52.188+0000] {logging_mixin.py:190} INFO - [2025-07-22T10:40:52.187+0000] {dagbag.py:588} INFO - Filling up the DagBag from /opt/airflow/dags/train_traffic_pred.py
[2025-07-22T10:40:55.393+0000] {processor.py:925} INFO - DAG(s) 'train_traffic_pred' retrieved from /opt/airflow/dags/train_traffic_pred.py
[2025-07-22T10:40:55.412+0000] {logging_mixin.py:190} INFO - [2025-07-22T10:40:55.411+0000] {dag.py:3239} INFO - Sync 1 DAGs
[2025-07-22T10:40:55.427+0000] {logging_mixin.py:190} INFO - [2025-07-22T10:40:55.426+0000] {dag.py:4180} INFO - Setting next_dagrun for train_traffic_pred to 2025-07-22 00:00:00+00:00, run_after=2025-07-23 00:00:00+00:00
[2025-07-22T10:40:55.439+0000] {processor.py:208} INFO - Processing /opt/airflow/dags/train_traffic_pred.py took 3.266 seconds
[2025-07-22T10:41:27.248+0000] {processor.py:186} INFO - Started process (PID=50735) to work on /opt/airflow/dags/train_traffic_pred.py
[2025-07-22T10:41:27.249+0000] {processor.py:914} INFO - Processing file /opt/airflow/dags/train_traffic_pred.py for tasks to queue
[2025-07-22T10:41:27.252+0000] {logging_mixin.py:190} INFO - [2025-07-22T10:41:27.251+0000] {dagbag.py:588} INFO - Filling up the DagBag from /opt/airflow/dags/train_traffic_pred.py
[2025-07-22T10:41:30.490+0000] {processor.py:925} INFO - DAG(s) 'train_traffic_pred' retrieved from /opt/airflow/dags/train_traffic_pred.py
[2025-07-22T10:41:30.509+0000] {logging_mixin.py:190} INFO - [2025-07-22T10:41:30.509+0000] {dag.py:3239} INFO - Sync 1 DAGs
[2025-07-22T10:41:30.524+0000] {logging_mixin.py:190} INFO - [2025-07-22T10:41:30.524+0000] {dag.py:4180} INFO - Setting next_dagrun for train_traffic_pred to 2025-07-22 00:00:00+00:00, run_after=2025-07-23 00:00:00+00:00
[2025-07-22T10:41:30.537+0000] {processor.py:208} INFO - Processing /opt/airflow/dags/train_traffic_pred.py took 3.296 seconds
[2025-07-22T10:42:01.656+0000] {processor.py:186} INFO - Started process (PID=50833) to work on /opt/airflow/dags/train_traffic_pred.py
[2025-07-22T10:42:01.657+0000] {processor.py:914} INFO - Processing file /opt/airflow/dags/train_traffic_pred.py for tasks to queue
[2025-07-22T10:42:01.660+0000] {logging_mixin.py:190} INFO - [2025-07-22T10:42:01.660+0000] {dagbag.py:588} INFO - Filling up the DagBag from /opt/airflow/dags/train_traffic_pred.py
[2025-07-22T10:42:05.218+0000] {processor.py:925} INFO - DAG(s) 'train_traffic_pred' retrieved from /opt/airflow/dags/train_traffic_pred.py
[2025-07-22T10:42:05.240+0000] {logging_mixin.py:190} INFO - [2025-07-22T10:42:05.239+0000] {dag.py:3239} INFO - Sync 1 DAGs
[2025-07-22T10:42:05.261+0000] {logging_mixin.py:190} INFO - [2025-07-22T10:42:05.261+0000] {dag.py:4180} INFO - Setting next_dagrun for train_traffic_pred to 2025-07-22 00:00:00+00:00, run_after=2025-07-23 00:00:00+00:00
[2025-07-22T10:42:05.284+0000] {processor.py:208} INFO - Processing /opt/airflow/dags/train_traffic_pred.py took 3.636 seconds
[2025-07-22T10:42:36.666+0000] {processor.py:186} INFO - Started process (PID=50931) to work on /opt/airflow/dags/train_traffic_pred.py
[2025-07-22T10:42:36.668+0000] {processor.py:914} INFO - Processing file /opt/airflow/dags/train_traffic_pred.py for tasks to queue
[2025-07-22T10:42:36.671+0000] {logging_mixin.py:190} INFO - [2025-07-22T10:42:36.671+0000] {dagbag.py:588} INFO - Filling up the DagBag from /opt/airflow/dags/train_traffic_pred.py
[2025-07-22T10:42:39.895+0000] {processor.py:925} INFO - DAG(s) 'train_traffic_pred' retrieved from /opt/airflow/dags/train_traffic_pred.py
[2025-07-22T10:42:39.915+0000] {logging_mixin.py:190} INFO - [2025-07-22T10:42:39.915+0000] {dag.py:3239} INFO - Sync 1 DAGs
[2025-07-22T10:42:39.931+0000] {logging_mixin.py:190} INFO - [2025-07-22T10:42:39.931+0000] {dag.py:4180} INFO - Setting next_dagrun for train_traffic_pred to 2025-07-22 00:00:00+00:00, run_after=2025-07-23 00:00:00+00:00
[2025-07-22T10:42:39.944+0000] {processor.py:208} INFO - Processing /opt/airflow/dags/train_traffic_pred.py took 3.286 seconds
[2025-07-22T10:43:12.002+0000] {processor.py:186} INFO - Started process (PID=51029) to work on /opt/airflow/dags/train_traffic_pred.py
[2025-07-22T10:43:12.004+0000] {processor.py:914} INFO - Processing file /opt/airflow/dags/train_traffic_pred.py for tasks to queue
[2025-07-22T10:43:12.010+0000] {logging_mixin.py:190} INFO - [2025-07-22T10:43:12.010+0000] {dagbag.py:588} INFO - Filling up the DagBag from /opt/airflow/dags/train_traffic_pred.py
[2025-07-22T10:43:20.690+0000] {processor.py:925} INFO - DAG(s) 'train_traffic_pred' retrieved from /opt/airflow/dags/train_traffic_pred.py
[2025-07-22T10:43:20.713+0000] {logging_mixin.py:190} INFO - [2025-07-22T10:43:20.712+0000] {dag.py:3239} INFO - Sync 1 DAGs
[2025-07-22T10:43:20.758+0000] {logging_mixin.py:190} INFO - [2025-07-22T10:43:20.758+0000] {dag.py:4180} INFO - Setting next_dagrun for train_traffic_pred to 2025-07-22 00:00:00+00:00, run_after=2025-07-23 00:00:00+00:00
[2025-07-22T10:43:20.821+0000] {processor.py:208} INFO - Processing /opt/airflow/dags/train_traffic_pred.py took 8.839 seconds
[2025-07-22T10:43:52.665+0000] {processor.py:186} INFO - Started process (PID=51134) to work on /opt/airflow/dags/train_traffic_pred.py
[2025-07-22T10:43:52.666+0000] {processor.py:914} INFO - Processing file /opt/airflow/dags/train_traffic_pred.py for tasks to queue
[2025-07-22T10:43:52.669+0000] {logging_mixin.py:190} INFO - [2025-07-22T10:43:52.669+0000] {dagbag.py:588} INFO - Filling up the DagBag from /opt/airflow/dags/train_traffic_pred.py
[2025-07-22T10:43:55.789+0000] {processor.py:925} INFO - DAG(s) 'train_traffic_pred' retrieved from /opt/airflow/dags/train_traffic_pred.py
[2025-07-22T10:43:55.808+0000] {logging_mixin.py:190} INFO - [2025-07-22T10:43:55.807+0000] {dag.py:3239} INFO - Sync 1 DAGs
[2025-07-22T10:43:55.825+0000] {logging_mixin.py:190} INFO - [2025-07-22T10:43:55.825+0000] {dag.py:4180} INFO - Setting next_dagrun for train_traffic_pred to 2025-07-22 00:00:00+00:00, run_after=2025-07-23 00:00:00+00:00
[2025-07-22T10:43:55.839+0000] {processor.py:208} INFO - Processing /opt/airflow/dags/train_traffic_pred.py took 3.182 seconds
[2025-07-22T10:44:27.268+0000] {processor.py:186} INFO - Started process (PID=51232) to work on /opt/airflow/dags/train_traffic_pred.py
[2025-07-22T10:44:27.270+0000] {processor.py:914} INFO - Processing file /opt/airflow/dags/train_traffic_pred.py for tasks to queue
[2025-07-22T10:44:27.273+0000] {logging_mixin.py:190} INFO - [2025-07-22T10:44:27.273+0000] {dagbag.py:588} INFO - Filling up the DagBag from /opt/airflow/dags/train_traffic_pred.py
[2025-07-22T10:44:30.534+0000] {processor.py:925} INFO - DAG(s) 'train_traffic_pred' retrieved from /opt/airflow/dags/train_traffic_pred.py
[2025-07-22T10:44:30.556+0000] {logging_mixin.py:190} INFO - [2025-07-22T10:44:30.556+0000] {dag.py:3239} INFO - Sync 1 DAGs
[2025-07-22T10:44:30.577+0000] {logging_mixin.py:190} INFO - [2025-07-22T10:44:30.576+0000] {dag.py:4180} INFO - Setting next_dagrun for train_traffic_pred to 2025-07-22 00:00:00+00:00, run_after=2025-07-23 00:00:00+00:00
[2025-07-22T10:44:30.607+0000] {processor.py:208} INFO - Processing /opt/airflow/dags/train_traffic_pred.py took 3.353 seconds
[2025-07-22T10:45:01.820+0000] {processor.py:186} INFO - Started process (PID=51330) to work on /opt/airflow/dags/train_traffic_pred.py
[2025-07-22T10:45:01.822+0000] {processor.py:914} INFO - Processing file /opt/airflow/dags/train_traffic_pred.py for tasks to queue
[2025-07-22T10:45:01.825+0000] {logging_mixin.py:190} INFO - [2025-07-22T10:45:01.825+0000] {dagbag.py:588} INFO - Filling up the DagBag from /opt/airflow/dags/train_traffic_pred.py
[2025-07-22T10:45:05.132+0000] {processor.py:925} INFO - DAG(s) 'train_traffic_pred' retrieved from /opt/airflow/dags/train_traffic_pred.py
[2025-07-22T10:45:05.152+0000] {logging_mixin.py:190} INFO - [2025-07-22T10:45:05.152+0000] {dag.py:3239} INFO - Sync 1 DAGs
[2025-07-22T10:45:05.169+0000] {logging_mixin.py:190} INFO - [2025-07-22T10:45:05.169+0000] {dag.py:4180} INFO - Setting next_dagrun for train_traffic_pred to 2025-07-22 00:00:00+00:00, run_after=2025-07-23 00:00:00+00:00
[2025-07-22T10:45:05.186+0000] {processor.py:208} INFO - Processing /opt/airflow/dags/train_traffic_pred.py took 3.373 seconds
[2025-07-22T10:45:36.363+0000] {processor.py:186} INFO - Started process (PID=51428) to work on /opt/airflow/dags/train_traffic_pred.py
[2025-07-22T10:45:36.364+0000] {processor.py:914} INFO - Processing file /opt/airflow/dags/train_traffic_pred.py for tasks to queue
[2025-07-22T10:45:36.366+0000] {logging_mixin.py:190} INFO - [2025-07-22T10:45:36.366+0000] {dagbag.py:588} INFO - Filling up the DagBag from /opt/airflow/dags/train_traffic_pred.py
[2025-07-22T10:45:39.412+0000] {processor.py:925} INFO - DAG(s) 'train_traffic_pred' retrieved from /opt/airflow/dags/train_traffic_pred.py
[2025-07-22T10:45:39.430+0000] {logging_mixin.py:190} INFO - [2025-07-22T10:45:39.430+0000] {dag.py:3239} INFO - Sync 1 DAGs
[2025-07-22T10:45:39.448+0000] {logging_mixin.py:190} INFO - [2025-07-22T10:45:39.447+0000] {dag.py:4180} INFO - Setting next_dagrun for train_traffic_pred to 2025-07-22 00:00:00+00:00, run_after=2025-07-23 00:00:00+00:00
[2025-07-22T10:45:39.460+0000] {processor.py:208} INFO - Processing /opt/airflow/dags/train_traffic_pred.py took 3.102 seconds
[2025-07-22T10:46:10.794+0000] {processor.py:186} INFO - Started process (PID=51525) to work on /opt/airflow/dags/train_traffic_pred.py
[2025-07-22T10:46:10.796+0000] {processor.py:914} INFO - Processing file /opt/airflow/dags/train_traffic_pred.py for tasks to queue
[2025-07-22T10:46:10.798+0000] {logging_mixin.py:190} INFO - [2025-07-22T10:46:10.798+0000] {dagbag.py:588} INFO - Filling up the DagBag from /opt/airflow/dags/train_traffic_pred.py
[2025-07-22T10:46:14.035+0000] {processor.py:925} INFO - DAG(s) 'train_traffic_pred' retrieved from /opt/airflow/dags/train_traffic_pred.py
[2025-07-22T10:46:14.055+0000] {logging_mixin.py:190} INFO - [2025-07-22T10:46:14.055+0000] {dag.py:3239} INFO - Sync 1 DAGs
[2025-07-22T10:46:14.071+0000] {logging_mixin.py:190} INFO - [2025-07-22T10:46:14.071+0000] {dag.py:4180} INFO - Setting next_dagrun for train_traffic_pred to 2025-07-22 00:00:00+00:00, run_after=2025-07-23 00:00:00+00:00
[2025-07-22T10:46:14.085+0000] {processor.py:208} INFO - Processing /opt/airflow/dags/train_traffic_pred.py took 3.298 seconds
[2025-07-22T10:46:45.233+0000] {processor.py:186} INFO - Started process (PID=51623) to work on /opt/airflow/dags/train_traffic_pred.py
[2025-07-22T10:46:45.235+0000] {processor.py:914} INFO - Processing file /opt/airflow/dags/train_traffic_pred.py for tasks to queue
[2025-07-22T10:46:45.238+0000] {logging_mixin.py:190} INFO - [2025-07-22T10:46:45.237+0000] {dagbag.py:588} INFO - Filling up the DagBag from /opt/airflow/dags/train_traffic_pred.py
[2025-07-22T10:46:48.498+0000] {processor.py:925} INFO - DAG(s) 'train_traffic_pred' retrieved from /opt/airflow/dags/train_traffic_pred.py
[2025-07-22T10:46:48.519+0000] {logging_mixin.py:190} INFO - [2025-07-22T10:46:48.518+0000] {dag.py:3239} INFO - Sync 1 DAGs
[2025-07-22T10:46:48.534+0000] {logging_mixin.py:190} INFO - [2025-07-22T10:46:48.534+0000] {dag.py:4180} INFO - Setting next_dagrun for train_traffic_pred to 2025-07-22 00:00:00+00:00, run_after=2025-07-23 00:00:00+00:00
[2025-07-22T10:46:48.561+0000] {processor.py:208} INFO - Processing /opt/airflow/dags/train_traffic_pred.py took 3.335 seconds
[2025-07-22T10:47:20.523+0000] {processor.py:186} INFO - Started process (PID=51721) to work on /opt/airflow/dags/train_traffic_pred.py
[2025-07-22T10:47:20.525+0000] {processor.py:914} INFO - Processing file /opt/airflow/dags/train_traffic_pred.py for tasks to queue
[2025-07-22T10:47:20.528+0000] {logging_mixin.py:190} INFO - [2025-07-22T10:47:20.527+0000] {dagbag.py:588} INFO - Filling up the DagBag from /opt/airflow/dags/train_traffic_pred.py
[2025-07-22T10:47:23.804+0000] {processor.py:925} INFO - DAG(s) 'train_traffic_pred' retrieved from /opt/airflow/dags/train_traffic_pred.py
[2025-07-22T10:47:23.825+0000] {logging_mixin.py:190} INFO - [2025-07-22T10:47:23.825+0000] {dag.py:3239} INFO - Sync 1 DAGs
[2025-07-22T10:47:23.843+0000] {logging_mixin.py:190} INFO - [2025-07-22T10:47:23.843+0000] {dag.py:4180} INFO - Setting next_dagrun for train_traffic_pred to 2025-07-22 00:00:00+00:00, run_after=2025-07-23 00:00:00+00:00
[2025-07-22T10:47:23.857+0000] {processor.py:208} INFO - Processing /opt/airflow/dags/train_traffic_pred.py took 3.342 seconds
[2025-07-22T10:47:55.597+0000] {processor.py:186} INFO - Started process (PID=51825) to work on /opt/airflow/dags/train_traffic_pred.py
[2025-07-22T10:47:55.598+0000] {processor.py:914} INFO - Processing file /opt/airflow/dags/train_traffic_pred.py for tasks to queue
[2025-07-22T10:47:55.601+0000] {logging_mixin.py:190} INFO - [2025-07-22T10:47:55.601+0000] {dagbag.py:588} INFO - Filling up the DagBag from /opt/airflow/dags/train_traffic_pred.py
[2025-07-22T10:47:58.881+0000] {processor.py:925} INFO - DAG(s) 'train_traffic_pred' retrieved from /opt/airflow/dags/train_traffic_pred.py
[2025-07-22T10:47:58.902+0000] {logging_mixin.py:190} INFO - [2025-07-22T10:47:58.901+0000] {dag.py:3239} INFO - Sync 1 DAGs
[2025-07-22T10:47:58.920+0000] {logging_mixin.py:190} INFO - [2025-07-22T10:47:58.920+0000] {dag.py:4180} INFO - Setting next_dagrun for train_traffic_pred to 2025-07-22 00:00:00+00:00, run_after=2025-07-23 00:00:00+00:00
[2025-07-22T10:47:58.933+0000] {processor.py:208} INFO - Processing /opt/airflow/dags/train_traffic_pred.py took 3.344 seconds
[2025-07-22T10:48:30.912+0000] {processor.py:186} INFO - Started process (PID=51923) to work on /opt/airflow/dags/train_traffic_pred.py
[2025-07-22T10:48:30.914+0000] {processor.py:914} INFO - Processing file /opt/airflow/dags/train_traffic_pred.py for tasks to queue
[2025-07-22T10:48:30.916+0000] {logging_mixin.py:190} INFO - [2025-07-22T10:48:30.916+0000] {dagbag.py:588} INFO - Filling up the DagBag from /opt/airflow/dags/train_traffic_pred.py
[2025-07-22T10:48:34.267+0000] {processor.py:925} INFO - DAG(s) 'train_traffic_pred' retrieved from /opt/airflow/dags/train_traffic_pred.py
[2025-07-22T10:48:34.285+0000] {logging_mixin.py:190} INFO - [2025-07-22T10:48:34.285+0000] {dag.py:3239} INFO - Sync 1 DAGs
[2025-07-22T10:48:34.302+0000] {logging_mixin.py:190} INFO - [2025-07-22T10:48:34.302+0000] {dag.py:4180} INFO - Setting next_dagrun for train_traffic_pred to 2025-07-22 00:00:00+00:00, run_after=2025-07-23 00:00:00+00:00
[2025-07-22T10:48:34.317+0000] {processor.py:208} INFO - Processing /opt/airflow/dags/train_traffic_pred.py took 3.412 seconds
[2025-07-22T10:49:06.156+0000] {processor.py:186} INFO - Started process (PID=52021) to work on /opt/airflow/dags/train_traffic_pred.py
[2025-07-22T10:49:06.157+0000] {processor.py:914} INFO - Processing file /opt/airflow/dags/train_traffic_pred.py for tasks to queue
[2025-07-22T10:49:06.160+0000] {logging_mixin.py:190} INFO - [2025-07-22T10:49:06.160+0000] {dagbag.py:588} INFO - Filling up the DagBag from /opt/airflow/dags/train_traffic_pred.py
[2025-07-22T10:49:09.483+0000] {processor.py:925} INFO - DAG(s) 'train_traffic_pred' retrieved from /opt/airflow/dags/train_traffic_pred.py
[2025-07-22T10:49:09.504+0000] {logging_mixin.py:190} INFO - [2025-07-22T10:49:09.504+0000] {dag.py:3239} INFO - Sync 1 DAGs
[2025-07-22T10:49:09.521+0000] {logging_mixin.py:190} INFO - [2025-07-22T10:49:09.521+0000] {dag.py:4180} INFO - Setting next_dagrun for train_traffic_pred to 2025-07-22 00:00:00+00:00, run_after=2025-07-23 00:00:00+00:00
[2025-07-22T10:49:09.536+0000] {processor.py:208} INFO - Processing /opt/airflow/dags/train_traffic_pred.py took 3.387 seconds
[2025-07-22T10:49:41.513+0000] {processor.py:186} INFO - Started process (PID=52119) to work on /opt/airflow/dags/train_traffic_pred.py
[2025-07-22T10:49:41.515+0000] {processor.py:914} INFO - Processing file /opt/airflow/dags/train_traffic_pred.py for tasks to queue
[2025-07-22T10:49:41.518+0000] {logging_mixin.py:190} INFO - [2025-07-22T10:49:41.518+0000] {dagbag.py:588} INFO - Filling up the DagBag from /opt/airflow/dags/train_traffic_pred.py
[2025-07-22T10:49:44.859+0000] {processor.py:925} INFO - DAG(s) 'train_traffic_pred' retrieved from /opt/airflow/dags/train_traffic_pred.py
[2025-07-22T10:49:44.877+0000] {logging_mixin.py:190} INFO - [2025-07-22T10:49:44.877+0000] {dag.py:3239} INFO - Sync 1 DAGs
[2025-07-22T10:49:44.893+0000] {logging_mixin.py:190} INFO - [2025-07-22T10:49:44.892+0000] {dag.py:4180} INFO - Setting next_dagrun for train_traffic_pred to 2025-07-22 00:00:00+00:00, run_after=2025-07-23 00:00:00+00:00
[2025-07-22T10:49:44.905+0000] {processor.py:208} INFO - Processing /opt/airflow/dags/train_traffic_pred.py took 3.398 seconds
[2025-07-22T10:50:16.016+0000] {processor.py:186} INFO - Started process (PID=52217) to work on /opt/airflow/dags/train_traffic_pred.py
[2025-07-22T10:50:16.018+0000] {processor.py:914} INFO - Processing file /opt/airflow/dags/train_traffic_pred.py for tasks to queue
[2025-07-22T10:50:16.020+0000] {logging_mixin.py:190} INFO - [2025-07-22T10:50:16.020+0000] {dagbag.py:588} INFO - Filling up the DagBag from /opt/airflow/dags/train_traffic_pred.py
[2025-07-22T10:50:19.464+0000] {processor.py:925} INFO - DAG(s) 'train_traffic_pred' retrieved from /opt/airflow/dags/train_traffic_pred.py
[2025-07-22T10:50:19.487+0000] {logging_mixin.py:190} INFO - [2025-07-22T10:50:19.486+0000] {dag.py:3239} INFO - Sync 1 DAGs
[2025-07-22T10:50:19.506+0000] {logging_mixin.py:190} INFO - [2025-07-22T10:50:19.506+0000] {dag.py:4180} INFO - Setting next_dagrun for train_traffic_pred to 2025-07-22 00:00:00+00:00, run_after=2025-07-23 00:00:00+00:00
[2025-07-22T10:50:19.522+0000] {processor.py:208} INFO - Processing /opt/airflow/dags/train_traffic_pred.py took 3.513 seconds
[2025-07-22T10:50:50.718+0000] {processor.py:186} INFO - Started process (PID=52315) to work on /opt/airflow/dags/train_traffic_pred.py
[2025-07-22T10:50:50.719+0000] {processor.py:914} INFO - Processing file /opt/airflow/dags/train_traffic_pred.py for tasks to queue
[2025-07-22T10:50:50.723+0000] {logging_mixin.py:190} INFO - [2025-07-22T10:50:50.722+0000] {dagbag.py:588} INFO - Filling up the DagBag from /opt/airflow/dags/train_traffic_pred.py
[2025-07-22T10:50:54.108+0000] {processor.py:925} INFO - DAG(s) 'train_traffic_pred' retrieved from /opt/airflow/dags/train_traffic_pred.py
[2025-07-22T10:50:54.132+0000] {logging_mixin.py:190} INFO - [2025-07-22T10:50:54.132+0000] {dag.py:3239} INFO - Sync 1 DAGs
[2025-07-22T10:50:54.149+0000] {logging_mixin.py:190} INFO - [2025-07-22T10:50:54.149+0000] {dag.py:4180} INFO - Setting next_dagrun for train_traffic_pred to 2025-07-22 00:00:00+00:00, run_after=2025-07-23 00:00:00+00:00
[2025-07-22T10:50:54.163+0000] {processor.py:208} INFO - Processing /opt/airflow/dags/train_traffic_pred.py took 3.453 seconds
[2025-07-22T10:51:26.060+0000] {processor.py:186} INFO - Started process (PID=52419) to work on /opt/airflow/dags/train_traffic_pred.py
[2025-07-22T10:51:26.062+0000] {processor.py:914} INFO - Processing file /opt/airflow/dags/train_traffic_pred.py for tasks to queue
[2025-07-22T10:51:26.064+0000] {logging_mixin.py:190} INFO - [2025-07-22T10:51:26.064+0000] {dagbag.py:588} INFO - Filling up the DagBag from /opt/airflow/dags/train_traffic_pred.py
[2025-07-22T10:51:29.335+0000] {processor.py:925} INFO - DAG(s) 'train_traffic_pred' retrieved from /opt/airflow/dags/train_traffic_pred.py
[2025-07-22T10:51:29.355+0000] {logging_mixin.py:190} INFO - [2025-07-22T10:51:29.354+0000] {dag.py:3239} INFO - Sync 1 DAGs
[2025-07-22T10:51:29.372+0000] {logging_mixin.py:190} INFO - [2025-07-22T10:51:29.371+0000] {dag.py:4180} INFO - Setting next_dagrun for train_traffic_pred to 2025-07-22 00:00:00+00:00, run_after=2025-07-23 00:00:00+00:00
[2025-07-22T10:51:29.387+0000] {processor.py:208} INFO - Processing /opt/airflow/dags/train_traffic_pred.py took 3.334 seconds
[2025-07-22T10:52:00.476+0000] {processor.py:186} INFO - Started process (PID=52517) to work on /opt/airflow/dags/train_traffic_pred.py
[2025-07-22T10:52:00.477+0000] {processor.py:914} INFO - Processing file /opt/airflow/dags/train_traffic_pred.py for tasks to queue
[2025-07-22T10:52:00.480+0000] {logging_mixin.py:190} INFO - [2025-07-22T10:52:00.480+0000] {dagbag.py:588} INFO - Filling up the DagBag from /opt/airflow/dags/train_traffic_pred.py
[2025-07-22T10:52:04.000+0000] {processor.py:925} INFO - DAG(s) 'train_traffic_pred' retrieved from /opt/airflow/dags/train_traffic_pred.py
[2025-07-22T10:52:04.024+0000] {logging_mixin.py:190} INFO - [2025-07-22T10:52:04.023+0000] {dag.py:3239} INFO - Sync 1 DAGs
[2025-07-22T10:52:04.044+0000] {logging_mixin.py:190} INFO - [2025-07-22T10:52:04.044+0000] {dag.py:4180} INFO - Setting next_dagrun for train_traffic_pred to 2025-07-22 00:00:00+00:00, run_after=2025-07-23 00:00:00+00:00
[2025-07-22T10:52:04.062+0000] {processor.py:208} INFO - Processing /opt/airflow/dags/train_traffic_pred.py took 3.592 seconds
[2025-07-22T10:52:36.077+0000] {processor.py:186} INFO - Started process (PID=52615) to work on /opt/airflow/dags/train_traffic_pred.py
[2025-07-22T10:52:36.078+0000] {processor.py:914} INFO - Processing file /opt/airflow/dags/train_traffic_pred.py for tasks to queue
[2025-07-22T10:52:36.081+0000] {logging_mixin.py:190} INFO - [2025-07-22T10:52:36.081+0000] {dagbag.py:588} INFO - Filling up the DagBag from /opt/airflow/dags/train_traffic_pred.py
[2025-07-22T10:52:39.368+0000] {processor.py:925} INFO - DAG(s) 'train_traffic_pred' retrieved from /opt/airflow/dags/train_traffic_pred.py
[2025-07-22T10:52:39.388+0000] {logging_mixin.py:190} INFO - [2025-07-22T10:52:39.387+0000] {dag.py:3239} INFO - Sync 1 DAGs
[2025-07-22T10:52:39.406+0000] {logging_mixin.py:190} INFO - [2025-07-22T10:52:39.406+0000] {dag.py:4180} INFO - Setting next_dagrun for train_traffic_pred to 2025-07-22 00:00:00+00:00, run_after=2025-07-23 00:00:00+00:00
[2025-07-22T10:52:39.432+0000] {processor.py:208} INFO - Processing /opt/airflow/dags/train_traffic_pred.py took 3.363 seconds
[2025-07-22T10:53:11.436+0000] {processor.py:186} INFO - Started process (PID=52713) to work on /opt/airflow/dags/train_traffic_pred.py
[2025-07-22T10:53:11.437+0000] {processor.py:914} INFO - Processing file /opt/airflow/dags/train_traffic_pred.py for tasks to queue
[2025-07-22T10:53:11.439+0000] {logging_mixin.py:190} INFO - [2025-07-22T10:53:11.439+0000] {dagbag.py:588} INFO - Filling up the DagBag from /opt/airflow/dags/train_traffic_pred.py
[2025-07-22T10:53:14.629+0000] {processor.py:925} INFO - DAG(s) 'train_traffic_pred' retrieved from /opt/airflow/dags/train_traffic_pred.py
[2025-07-22T10:53:14.648+0000] {logging_mixin.py:190} INFO - [2025-07-22T10:53:14.648+0000] {dag.py:3239} INFO - Sync 1 DAGs
[2025-07-22T10:53:14.664+0000] {logging_mixin.py:190} INFO - [2025-07-22T10:53:14.664+0000] {dag.py:4180} INFO - Setting next_dagrun for train_traffic_pred to 2025-07-22 00:00:00+00:00, run_after=2025-07-23 00:00:00+00:00
[2025-07-22T10:53:14.678+0000] {processor.py:208} INFO - Processing /opt/airflow/dags/train_traffic_pred.py took 3.247 seconds
[2025-07-22T10:53:46.356+0000] {processor.py:186} INFO - Started process (PID=52811) to work on /opt/airflow/dags/train_traffic_pred.py
[2025-07-22T10:53:46.358+0000] {processor.py:914} INFO - Processing file /opt/airflow/dags/train_traffic_pred.py for tasks to queue
[2025-07-22T10:53:46.361+0000] {logging_mixin.py:190} INFO - [2025-07-22T10:53:46.361+0000] {dagbag.py:588} INFO - Filling up the DagBag from /opt/airflow/dags/train_traffic_pred.py
[2025-07-22T10:53:49.684+0000] {processor.py:925} INFO - DAG(s) 'train_traffic_pred' retrieved from /opt/airflow/dags/train_traffic_pred.py
[2025-07-22T10:53:49.708+0000] {logging_mixin.py:190} INFO - [2025-07-22T10:53:49.707+0000] {dag.py:3239} INFO - Sync 1 DAGs
[2025-07-22T10:53:49.728+0000] {logging_mixin.py:190} INFO - [2025-07-22T10:53:49.727+0000] {dag.py:4180} INFO - Setting next_dagrun for train_traffic_pred to 2025-07-22 00:00:00+00:00, run_after=2025-07-23 00:00:00+00:00
[2025-07-22T10:53:49.747+0000] {processor.py:208} INFO - Processing /opt/airflow/dags/train_traffic_pred.py took 3.398 seconds
[2025-07-22T10:54:21.647+0000] {processor.py:186} INFO - Started process (PID=52909) to work on /opt/airflow/dags/train_traffic_pred.py
[2025-07-22T10:54:21.648+0000] {processor.py:914} INFO - Processing file /opt/airflow/dags/train_traffic_pred.py for tasks to queue
[2025-07-22T10:54:21.651+0000] {logging_mixin.py:190} INFO - [2025-07-22T10:54:21.651+0000] {dagbag.py:588} INFO - Filling up the DagBag from /opt/airflow/dags/train_traffic_pred.py
[2025-07-22T10:54:24.861+0000] {processor.py:925} INFO - DAG(s) 'train_traffic_pred' retrieved from /opt/airflow/dags/train_traffic_pred.py
[2025-07-22T10:54:24.881+0000] {logging_mixin.py:190} INFO - [2025-07-22T10:54:24.881+0000] {dag.py:3239} INFO - Sync 1 DAGs
[2025-07-22T10:54:24.901+0000] {logging_mixin.py:190} INFO - [2025-07-22T10:54:24.901+0000] {dag.py:4180} INFO - Setting next_dagrun for train_traffic_pred to 2025-07-22 00:00:00+00:00, run_after=2025-07-23 00:00:00+00:00
[2025-07-22T10:54:24.919+0000] {processor.py:208} INFO - Processing /opt/airflow/dags/train_traffic_pred.py took 3.279 seconds
[2025-07-22T10:54:56.806+0000] {processor.py:186} INFO - Started process (PID=53013) to work on /opt/airflow/dags/train_traffic_pred.py
[2025-07-22T10:54:56.808+0000] {processor.py:914} INFO - Processing file /opt/airflow/dags/train_traffic_pred.py for tasks to queue
[2025-07-22T10:54:56.810+0000] {logging_mixin.py:190} INFO - [2025-07-22T10:54:56.810+0000] {dagbag.py:588} INFO - Filling up the DagBag from /opt/airflow/dags/train_traffic_pred.py
[2025-07-22T10:55:00.105+0000] {processor.py:925} INFO - DAG(s) 'train_traffic_pred' retrieved from /opt/airflow/dags/train_traffic_pred.py
[2025-07-22T10:55:00.125+0000] {logging_mixin.py:190} INFO - [2025-07-22T10:55:00.124+0000] {dag.py:3239} INFO - Sync 1 DAGs
[2025-07-22T10:55:00.148+0000] {logging_mixin.py:190} INFO - [2025-07-22T10:55:00.147+0000] {dag.py:4180} INFO - Setting next_dagrun for train_traffic_pred to 2025-07-22 00:00:00+00:00, run_after=2025-07-23 00:00:00+00:00
[2025-07-22T10:55:00.170+0000] {processor.py:208} INFO - Processing /opt/airflow/dags/train_traffic_pred.py took 3.370 seconds
[2025-07-22T10:55:32.019+0000] {processor.py:186} INFO - Started process (PID=53111) to work on /opt/airflow/dags/train_traffic_pred.py
[2025-07-22T10:55:32.020+0000] {processor.py:914} INFO - Processing file /opt/airflow/dags/train_traffic_pred.py for tasks to queue
[2025-07-22T10:55:32.023+0000] {logging_mixin.py:190} INFO - [2025-07-22T10:55:32.023+0000] {dagbag.py:588} INFO - Filling up the DagBag from /opt/airflow/dags/train_traffic_pred.py
[2025-07-22T10:55:35.320+0000] {processor.py:925} INFO - DAG(s) 'train_traffic_pred' retrieved from /opt/airflow/dags/train_traffic_pred.py
[2025-07-22T10:55:35.342+0000] {logging_mixin.py:190} INFO - [2025-07-22T10:55:35.341+0000] {dag.py:3239} INFO - Sync 1 DAGs
[2025-07-22T10:55:35.360+0000] {logging_mixin.py:190} INFO - [2025-07-22T10:55:35.359+0000] {dag.py:4180} INFO - Setting next_dagrun for train_traffic_pred to 2025-07-22 00:00:00+00:00, run_after=2025-07-23 00:00:00+00:00
[2025-07-22T10:55:35.374+0000] {processor.py:208} INFO - Processing /opt/airflow/dags/train_traffic_pred.py took 3.362 seconds
[2025-07-22T10:56:07.263+0000] {processor.py:186} INFO - Started process (PID=53209) to work on /opt/airflow/dags/train_traffic_pred.py
[2025-07-22T10:56:07.264+0000] {processor.py:914} INFO - Processing file /opt/airflow/dags/train_traffic_pred.py for tasks to queue
[2025-07-22T10:56:07.268+0000] {logging_mixin.py:190} INFO - [2025-07-22T10:56:07.267+0000] {dagbag.py:588} INFO - Filling up the DagBag from /opt/airflow/dags/train_traffic_pred.py
[2025-07-22T10:56:10.634+0000] {processor.py:925} INFO - DAG(s) 'train_traffic_pred' retrieved from /opt/airflow/dags/train_traffic_pred.py
[2025-07-22T10:56:10.655+0000] {logging_mixin.py:190} INFO - [2025-07-22T10:56:10.655+0000] {dag.py:3239} INFO - Sync 1 DAGs
[2025-07-22T10:56:10.672+0000] {logging_mixin.py:190} INFO - [2025-07-22T10:56:10.672+0000] {dag.py:4180} INFO - Setting next_dagrun for train_traffic_pred to 2025-07-22 00:00:00+00:00, run_after=2025-07-23 00:00:00+00:00
[2025-07-22T10:56:10.690+0000] {processor.py:208} INFO - Processing /opt/airflow/dags/train_traffic_pred.py took 3.435 seconds
[2025-07-22T10:56:42.272+0000] {processor.py:186} INFO - Started process (PID=53307) to work on /opt/airflow/dags/train_traffic_pred.py
[2025-07-22T10:56:42.273+0000] {processor.py:914} INFO - Processing file /opt/airflow/dags/train_traffic_pred.py for tasks to queue
[2025-07-22T10:56:42.277+0000] {logging_mixin.py:190} INFO - [2025-07-22T10:56:42.276+0000] {dagbag.py:588} INFO - Filling up the DagBag from /opt/airflow/dags/train_traffic_pred.py
[2025-07-22T10:56:45.489+0000] {processor.py:925} INFO - DAG(s) 'train_traffic_pred' retrieved from /opt/airflow/dags/train_traffic_pred.py
[2025-07-22T10:56:45.508+0000] {logging_mixin.py:190} INFO - [2025-07-22T10:56:45.508+0000] {dag.py:3239} INFO - Sync 1 DAGs
[2025-07-22T10:56:45.524+0000] {logging_mixin.py:190} INFO - [2025-07-22T10:56:45.523+0000] {dag.py:4180} INFO - Setting next_dagrun for train_traffic_pred to 2025-07-22 00:00:00+00:00, run_after=2025-07-23 00:00:00+00:00
[2025-07-22T10:56:45.538+0000] {processor.py:208} INFO - Processing /opt/airflow/dags/train_traffic_pred.py took 3.274 seconds
[2025-07-22T10:57:17.483+0000] {processor.py:186} INFO - Started process (PID=53405) to work on /opt/airflow/dags/train_traffic_pred.py
[2025-07-22T10:57:17.484+0000] {processor.py:914} INFO - Processing file /opt/airflow/dags/train_traffic_pred.py for tasks to queue
[2025-07-22T10:57:17.488+0000] {logging_mixin.py:190} INFO - [2025-07-22T10:57:17.487+0000] {dagbag.py:588} INFO - Filling up the DagBag from /opt/airflow/dags/train_traffic_pred.py
[2025-07-22T10:57:20.792+0000] {processor.py:925} INFO - DAG(s) 'train_traffic_pred' retrieved from /opt/airflow/dags/train_traffic_pred.py
[2025-07-22T10:57:20.811+0000] {logging_mixin.py:190} INFO - [2025-07-22T10:57:20.811+0000] {dag.py:3239} INFO - Sync 1 DAGs
[2025-07-22T10:57:20.827+0000] {logging_mixin.py:190} INFO - [2025-07-22T10:57:20.827+0000] {dag.py:4180} INFO - Setting next_dagrun for train_traffic_pred to 2025-07-22 00:00:00+00:00, run_after=2025-07-23 00:00:00+00:00
[2025-07-22T10:57:20.840+0000] {processor.py:208} INFO - Processing /opt/airflow/dags/train_traffic_pred.py took 3.364 seconds
[2025-07-22T10:57:52.479+0000] {processor.py:186} INFO - Started process (PID=53503) to work on /opt/airflow/dags/train_traffic_pred.py
[2025-07-22T10:57:52.480+0000] {processor.py:914} INFO - Processing file /opt/airflow/dags/train_traffic_pred.py for tasks to queue
[2025-07-22T10:57:52.484+0000] {logging_mixin.py:190} INFO - [2025-07-22T10:57:52.483+0000] {dagbag.py:588} INFO - Filling up the DagBag from /opt/airflow/dags/train_traffic_pred.py
[2025-07-22T10:57:55.861+0000] {processor.py:925} INFO - DAG(s) 'train_traffic_pred' retrieved from /opt/airflow/dags/train_traffic_pred.py
[2025-07-22T10:57:55.885+0000] {logging_mixin.py:190} INFO - [2025-07-22T10:57:55.884+0000] {dag.py:3239} INFO - Sync 1 DAGs
[2025-07-22T10:57:55.901+0000] {logging_mixin.py:190} INFO - [2025-07-22T10:57:55.901+0000] {dag.py:4180} INFO - Setting next_dagrun for train_traffic_pred to 2025-07-22 00:00:00+00:00, run_after=2025-07-23 00:00:00+00:00
[2025-07-22T10:57:55.917+0000] {processor.py:208} INFO - Processing /opt/airflow/dags/train_traffic_pred.py took 3.445 seconds
[2025-07-22T10:58:27.634+0000] {processor.py:186} INFO - Started process (PID=53607) to work on /opt/airflow/dags/train_traffic_pred.py
[2025-07-22T10:58:27.636+0000] {processor.py:914} INFO - Processing file /opt/airflow/dags/train_traffic_pred.py for tasks to queue
[2025-07-22T10:58:27.638+0000] {logging_mixin.py:190} INFO - [2025-07-22T10:58:27.638+0000] {dagbag.py:588} INFO - Filling up the DagBag from /opt/airflow/dags/train_traffic_pred.py
[2025-07-22T10:58:30.755+0000] {processor.py:925} INFO - DAG(s) 'train_traffic_pred' retrieved from /opt/airflow/dags/train_traffic_pred.py
[2025-07-22T10:58:30.774+0000] {logging_mixin.py:190} INFO - [2025-07-22T10:58:30.773+0000] {dag.py:3239} INFO - Sync 1 DAGs
[2025-07-22T10:58:30.790+0000] {logging_mixin.py:190} INFO - [2025-07-22T10:58:30.790+0000] {dag.py:4180} INFO - Setting next_dagrun for train_traffic_pred to 2025-07-22 00:00:00+00:00, run_after=2025-07-23 00:00:00+00:00
[2025-07-22T10:58:30.803+0000] {processor.py:208} INFO - Processing /opt/airflow/dags/train_traffic_pred.py took 3.175 seconds
[2025-07-22T10:59:02.786+0000] {processor.py:186} INFO - Started process (PID=53705) to work on /opt/airflow/dags/train_traffic_pred.py
[2025-07-22T10:59:02.787+0000] {processor.py:914} INFO - Processing file /opt/airflow/dags/train_traffic_pred.py for tasks to queue
[2025-07-22T10:59:02.790+0000] {logging_mixin.py:190} INFO - [2025-07-22T10:59:02.789+0000] {dagbag.py:588} INFO - Filling up the DagBag from /opt/airflow/dags/train_traffic_pred.py
[2025-07-22T10:59:05.967+0000] {processor.py:925} INFO - DAG(s) 'train_traffic_pred' retrieved from /opt/airflow/dags/train_traffic_pred.py
[2025-07-22T10:59:05.988+0000] {logging_mixin.py:190} INFO - [2025-07-22T10:59:05.987+0000] {dag.py:3239} INFO - Sync 1 DAGs
[2025-07-22T10:59:06.005+0000] {logging_mixin.py:190} INFO - [2025-07-22T10:59:06.004+0000] {dag.py:4180} INFO - Setting next_dagrun for train_traffic_pred to 2025-07-22 00:00:00+00:00, run_after=2025-07-23 00:00:00+00:00
[2025-07-22T10:59:06.020+0000] {processor.py:208} INFO - Processing /opt/airflow/dags/train_traffic_pred.py took 3.242 seconds
[2025-07-22T10:59:37.763+0000] {processor.py:186} INFO - Started process (PID=53803) to work on /opt/airflow/dags/train_traffic_pred.py
[2025-07-22T10:59:37.764+0000] {processor.py:914} INFO - Processing file /opt/airflow/dags/train_traffic_pred.py for tasks to queue
[2025-07-22T10:59:37.768+0000] {logging_mixin.py:190} INFO - [2025-07-22T10:59:37.767+0000] {dagbag.py:588} INFO - Filling up the DagBag from /opt/airflow/dags/train_traffic_pred.py
[2025-07-22T10:59:40.966+0000] {processor.py:925} INFO - DAG(s) 'train_traffic_pred' retrieved from /opt/airflow/dags/train_traffic_pred.py
[2025-07-22T10:59:40.983+0000] {logging_mixin.py:190} INFO - [2025-07-22T10:59:40.982+0000] {dag.py:3239} INFO - Sync 1 DAGs
[2025-07-22T10:59:40.998+0000] {logging_mixin.py:190} INFO - [2025-07-22T10:59:40.998+0000] {dag.py:4180} INFO - Setting next_dagrun for train_traffic_pred to 2025-07-22 00:00:00+00:00, run_after=2025-07-23 00:00:00+00:00
[2025-07-22T10:59:41.012+0000] {processor.py:208} INFO - Processing /opt/airflow/dags/train_traffic_pred.py took 3.256 seconds
[2025-07-22T11:00:13.182+0000] {processor.py:186} INFO - Started process (PID=53901) to work on /opt/airflow/dags/train_traffic_pred.py
[2025-07-22T11:00:13.183+0000] {processor.py:914} INFO - Processing file /opt/airflow/dags/train_traffic_pred.py for tasks to queue
[2025-07-22T11:00:13.185+0000] {logging_mixin.py:190} INFO - [2025-07-22T11:00:13.185+0000] {dagbag.py:588} INFO - Filling up the DagBag from /opt/airflow/dags/train_traffic_pred.py
[2025-07-22T11:00:16.306+0000] {processor.py:925} INFO - DAG(s) 'train_traffic_pred' retrieved from /opt/airflow/dags/train_traffic_pred.py
[2025-07-22T11:00:16.326+0000] {logging_mixin.py:190} INFO - [2025-07-22T11:00:16.325+0000] {dag.py:3239} INFO - Sync 1 DAGs
[2025-07-22T11:00:16.341+0000] {logging_mixin.py:190} INFO - [2025-07-22T11:00:16.341+0000] {dag.py:4180} INFO - Setting next_dagrun for train_traffic_pred to 2025-07-22 00:00:00+00:00, run_after=2025-07-23 00:00:00+00:00
[2025-07-22T11:00:16.355+0000] {processor.py:208} INFO - Processing /opt/airflow/dags/train_traffic_pred.py took 3.179 seconds
[2025-07-22T11:00:48.156+0000] {processor.py:186} INFO - Started process (PID=53999) to work on /opt/airflow/dags/train_traffic_pred.py
[2025-07-22T11:00:48.157+0000] {processor.py:914} INFO - Processing file /opt/airflow/dags/train_traffic_pred.py for tasks to queue
[2025-07-22T11:00:48.160+0000] {logging_mixin.py:190} INFO - [2025-07-22T11:00:48.160+0000] {dagbag.py:588} INFO - Filling up the DagBag from /opt/airflow/dags/train_traffic_pred.py
[2025-07-22T11:00:51.458+0000] {processor.py:925} INFO - DAG(s) 'train_traffic_pred' retrieved from /opt/airflow/dags/train_traffic_pred.py
[2025-07-22T11:00:51.477+0000] {logging_mixin.py:190} INFO - [2025-07-22T11:00:51.476+0000] {dag.py:3239} INFO - Sync 1 DAGs
[2025-07-22T11:00:51.494+0000] {logging_mixin.py:190} INFO - [2025-07-22T11:00:51.494+0000] {dag.py:4180} INFO - Setting next_dagrun for train_traffic_pred to 2025-07-22 00:00:00+00:00, run_after=2025-07-23 00:00:00+00:00
[2025-07-22T11:00:51.508+0000] {processor.py:208} INFO - Processing /opt/airflow/dags/train_traffic_pred.py took 3.361 seconds
[2025-07-22T11:01:23.327+0000] {processor.py:186} INFO - Started process (PID=54097) to work on /opt/airflow/dags/train_traffic_pred.py
[2025-07-22T11:01:23.329+0000] {processor.py:914} INFO - Processing file /opt/airflow/dags/train_traffic_pred.py for tasks to queue
[2025-07-22T11:01:23.331+0000] {logging_mixin.py:190} INFO - [2025-07-22T11:01:23.331+0000] {dagbag.py:588} INFO - Filling up the DagBag from /opt/airflow/dags/train_traffic_pred.py
[2025-07-22T11:01:26.654+0000] {processor.py:925} INFO - DAG(s) 'train_traffic_pred' retrieved from /opt/airflow/dags/train_traffic_pred.py
[2025-07-22T11:01:26.674+0000] {logging_mixin.py:190} INFO - [2025-07-22T11:01:26.673+0000] {dag.py:3239} INFO - Sync 1 DAGs
[2025-07-22T11:01:26.690+0000] {logging_mixin.py:190} INFO - [2025-07-22T11:01:26.690+0000] {dag.py:4180} INFO - Setting next_dagrun for train_traffic_pred to 2025-07-22 00:00:00+00:00, run_after=2025-07-23 00:00:00+00:00
[2025-07-22T11:01:26.705+0000] {processor.py:208} INFO - Processing /opt/airflow/dags/train_traffic_pred.py took 3.386 seconds
[2025-07-22T11:01:58.602+0000] {processor.py:186} INFO - Started process (PID=54201) to work on /opt/airflow/dags/train_traffic_pred.py
[2025-07-22T11:01:58.604+0000] {processor.py:914} INFO - Processing file /opt/airflow/dags/train_traffic_pred.py for tasks to queue
[2025-07-22T11:01:58.607+0000] {logging_mixin.py:190} INFO - [2025-07-22T11:01:58.607+0000] {dagbag.py:588} INFO - Filling up the DagBag from /opt/airflow/dags/train_traffic_pred.py
[2025-07-22T11:02:01.859+0000] {processor.py:925} INFO - DAG(s) 'train_traffic_pred' retrieved from /opt/airflow/dags/train_traffic_pred.py
[2025-07-22T11:02:01.880+0000] {logging_mixin.py:190} INFO - [2025-07-22T11:02:01.879+0000] {dag.py:3239} INFO - Sync 1 DAGs
[2025-07-22T11:02:01.897+0000] {logging_mixin.py:190} INFO - [2025-07-22T11:02:01.896+0000] {dag.py:4180} INFO - Setting next_dagrun for train_traffic_pred to 2025-07-22 00:00:00+00:00, run_after=2025-07-23 00:00:00+00:00
[2025-07-22T11:02:01.911+0000] {processor.py:208} INFO - Processing /opt/airflow/dags/train_traffic_pred.py took 3.315 seconds
[2025-07-22T11:02:33.751+0000] {processor.py:186} INFO - Started process (PID=54299) to work on /opt/airflow/dags/train_traffic_pred.py
[2025-07-22T11:02:33.752+0000] {processor.py:914} INFO - Processing file /opt/airflow/dags/train_traffic_pred.py for tasks to queue
[2025-07-22T11:02:33.755+0000] {logging_mixin.py:190} INFO - [2025-07-22T11:02:33.755+0000] {dagbag.py:588} INFO - Filling up the DagBag from /opt/airflow/dags/train_traffic_pred.py
[2025-07-22T11:02:36.991+0000] {processor.py:925} INFO - DAG(s) 'train_traffic_pred' retrieved from /opt/airflow/dags/train_traffic_pred.py
[2025-07-22T11:02:37.012+0000] {logging_mixin.py:190} INFO - [2025-07-22T11:02:37.011+0000] {dag.py:3239} INFO - Sync 1 DAGs
[2025-07-22T11:02:37.032+0000] {logging_mixin.py:190} INFO - [2025-07-22T11:02:37.032+0000] {dag.py:4180} INFO - Setting next_dagrun for train_traffic_pred to 2025-07-22 00:00:00+00:00, run_after=2025-07-23 00:00:00+00:00
[2025-07-22T11:02:37.047+0000] {processor.py:208} INFO - Processing /opt/airflow/dags/train_traffic_pred.py took 3.303 seconds
[2025-07-22T11:03:09.238+0000] {processor.py:186} INFO - Started process (PID=54397) to work on /opt/airflow/dags/train_traffic_pred.py
[2025-07-22T11:03:09.240+0000] {processor.py:914} INFO - Processing file /opt/airflow/dags/train_traffic_pred.py for tasks to queue
[2025-07-22T11:03:09.242+0000] {logging_mixin.py:190} INFO - [2025-07-22T11:03:09.242+0000] {dagbag.py:588} INFO - Filling up the DagBag from /opt/airflow/dags/train_traffic_pred.py
[2025-07-22T11:03:12.368+0000] {processor.py:925} INFO - DAG(s) 'train_traffic_pred' retrieved from /opt/airflow/dags/train_traffic_pred.py
[2025-07-22T11:03:12.389+0000] {logging_mixin.py:190} INFO - [2025-07-22T11:03:12.388+0000] {dag.py:3239} INFO - Sync 1 DAGs
[2025-07-22T11:03:12.406+0000] {logging_mixin.py:190} INFO - [2025-07-22T11:03:12.406+0000] {dag.py:4180} INFO - Setting next_dagrun for train_traffic_pred to 2025-07-22 00:00:00+00:00, run_after=2025-07-23 00:00:00+00:00
[2025-07-22T11:03:12.422+0000] {processor.py:208} INFO - Processing /opt/airflow/dags/train_traffic_pred.py took 3.191 seconds
[2025-07-22T11:03:44.205+0000] {processor.py:186} INFO - Started process (PID=54495) to work on /opt/airflow/dags/train_traffic_pred.py
[2025-07-22T11:03:44.207+0000] {processor.py:914} INFO - Processing file /opt/airflow/dags/train_traffic_pred.py for tasks to queue
[2025-07-22T11:03:44.210+0000] {logging_mixin.py:190} INFO - [2025-07-22T11:03:44.209+0000] {dagbag.py:588} INFO - Filling up the DagBag from /opt/airflow/dags/train_traffic_pred.py
[2025-07-22T11:03:47.663+0000] {processor.py:925} INFO - DAG(s) 'train_traffic_pred' retrieved from /opt/airflow/dags/train_traffic_pred.py
[2025-07-22T11:03:47.686+0000] {logging_mixin.py:190} INFO - [2025-07-22T11:03:47.684+0000] {dag.py:3239} INFO - Sync 1 DAGs
[2025-07-22T11:03:47.705+0000] {logging_mixin.py:190} INFO - [2025-07-22T11:03:47.705+0000] {dag.py:4180} INFO - Setting next_dagrun for train_traffic_pred to 2025-07-22 00:00:00+00:00, run_after=2025-07-23 00:00:00+00:00
[2025-07-22T11:03:47.721+0000] {processor.py:208} INFO - Processing /opt/airflow/dags/train_traffic_pred.py took 3.522 seconds
[2025-07-22T11:04:19.621+0000] {processor.py:186} INFO - Started process (PID=54593) to work on /opt/airflow/dags/train_traffic_pred.py
[2025-07-22T11:04:19.622+0000] {processor.py:914} INFO - Processing file /opt/airflow/dags/train_traffic_pred.py for tasks to queue
[2025-07-22T11:04:19.625+0000] {logging_mixin.py:190} INFO - [2025-07-22T11:04:19.625+0000] {dagbag.py:588} INFO - Filling up the DagBag from /opt/airflow/dags/train_traffic_pred.py
[2025-07-22T11:04:23.119+0000] {processor.py:925} INFO - DAG(s) 'train_traffic_pred' retrieved from /opt/airflow/dags/train_traffic_pred.py
[2025-07-22T11:04:23.141+0000] {logging_mixin.py:190} INFO - [2025-07-22T11:04:23.140+0000] {dag.py:3239} INFO - Sync 1 DAGs
[2025-07-22T11:04:23.161+0000] {logging_mixin.py:190} INFO - [2025-07-22T11:04:23.161+0000] {dag.py:4180} INFO - Setting next_dagrun for train_traffic_pred to 2025-07-22 00:00:00+00:00, run_after=2025-07-23 00:00:00+00:00
[2025-07-22T11:04:23.179+0000] {processor.py:208} INFO - Processing /opt/airflow/dags/train_traffic_pred.py took 3.567 seconds
[2025-07-22T11:04:55.095+0000] {processor.py:186} INFO - Started process (PID=54697) to work on /opt/airflow/dags/train_traffic_pred.py
[2025-07-22T11:04:55.097+0000] {processor.py:914} INFO - Processing file /opt/airflow/dags/train_traffic_pred.py for tasks to queue
[2025-07-22T11:04:55.100+0000] {logging_mixin.py:190} INFO - [2025-07-22T11:04:55.099+0000] {dagbag.py:588} INFO - Filling up the DagBag from /opt/airflow/dags/train_traffic_pred.py
[2025-07-22T11:04:58.289+0000] {processor.py:925} INFO - DAG(s) 'train_traffic_pred' retrieved from /opt/airflow/dags/train_traffic_pred.py
[2025-07-22T11:04:58.312+0000] {logging_mixin.py:190} INFO - [2025-07-22T11:04:58.311+0000] {dag.py:3239} INFO - Sync 1 DAGs
[2025-07-22T11:04:58.329+0000] {logging_mixin.py:190} INFO - [2025-07-22T11:04:58.328+0000] {dag.py:4180} INFO - Setting next_dagrun for train_traffic_pred to 2025-07-22 00:00:00+00:00, run_after=2025-07-23 00:00:00+00:00
[2025-07-22T11:04:58.345+0000] {processor.py:208} INFO - Processing /opt/airflow/dags/train_traffic_pred.py took 3.256 seconds
[2025-07-22T11:05:30.047+0000] {processor.py:186} INFO - Started process (PID=54795) to work on /opt/airflow/dags/train_traffic_pred.py
[2025-07-22T11:05:30.049+0000] {processor.py:914} INFO - Processing file /opt/airflow/dags/train_traffic_pred.py for tasks to queue
[2025-07-22T11:05:30.052+0000] {logging_mixin.py:190} INFO - [2025-07-22T11:05:30.051+0000] {dagbag.py:588} INFO - Filling up the DagBag from /opt/airflow/dags/train_traffic_pred.py
[2025-07-22T11:05:33.352+0000] {processor.py:925} INFO - DAG(s) 'train_traffic_pred' retrieved from /opt/airflow/dags/train_traffic_pred.py
[2025-07-22T11:05:33.373+0000] {logging_mixin.py:190} INFO - [2025-07-22T11:05:33.372+0000] {dag.py:3239} INFO - Sync 1 DAGs
[2025-07-22T11:05:33.392+0000] {logging_mixin.py:190} INFO - [2025-07-22T11:05:33.392+0000] {dag.py:4180} INFO - Setting next_dagrun for train_traffic_pred to 2025-07-22 00:00:00+00:00, run_after=2025-07-23 00:00:00+00:00
[2025-07-22T11:05:33.406+0000] {processor.py:208} INFO - Processing /opt/airflow/dags/train_traffic_pred.py took 3.365 seconds
[2025-07-22T11:06:05.281+0000] {processor.py:186} INFO - Started process (PID=54893) to work on /opt/airflow/dags/train_traffic_pred.py
[2025-07-22T11:06:05.282+0000] {processor.py:914} INFO - Processing file /opt/airflow/dags/train_traffic_pred.py for tasks to queue
[2025-07-22T11:06:05.285+0000] {logging_mixin.py:190} INFO - [2025-07-22T11:06:05.285+0000] {dagbag.py:588} INFO - Filling up the DagBag from /opt/airflow/dags/train_traffic_pred.py
[2025-07-22T11:06:08.566+0000] {processor.py:925} INFO - DAG(s) 'train_traffic_pred' retrieved from /opt/airflow/dags/train_traffic_pred.py
[2025-07-22T11:06:08.588+0000] {logging_mixin.py:190} INFO - [2025-07-22T11:06:08.588+0000] {dag.py:3239} INFO - Sync 1 DAGs
[2025-07-22T11:06:08.607+0000] {logging_mixin.py:190} INFO - [2025-07-22T11:06:08.607+0000] {dag.py:4180} INFO - Setting next_dagrun for train_traffic_pred to 2025-07-22 00:00:00+00:00, run_after=2025-07-23 00:00:00+00:00
[2025-07-22T11:06:08.623+0000] {processor.py:208} INFO - Processing /opt/airflow/dags/train_traffic_pred.py took 3.349 seconds
[2025-07-22T11:06:40.434+0000] {processor.py:186} INFO - Started process (PID=54991) to work on /opt/airflow/dags/train_traffic_pred.py
[2025-07-22T11:06:40.435+0000] {processor.py:914} INFO - Processing file /opt/airflow/dags/train_traffic_pred.py for tasks to queue
[2025-07-22T11:06:40.441+0000] {logging_mixin.py:190} INFO - [2025-07-22T11:06:40.441+0000] {dagbag.py:588} INFO - Filling up the DagBag from /opt/airflow/dags/train_traffic_pred.py
[2025-07-22T11:06:43.841+0000] {processor.py:925} INFO - DAG(s) 'train_traffic_pred' retrieved from /opt/airflow/dags/train_traffic_pred.py
[2025-07-22T11:06:43.859+0000] {logging_mixin.py:190} INFO - [2025-07-22T11:06:43.859+0000] {dag.py:3239} INFO - Sync 1 DAGs
[2025-07-22T11:06:43.876+0000] {logging_mixin.py:190} INFO - [2025-07-22T11:06:43.876+0000] {dag.py:4180} INFO - Setting next_dagrun for train_traffic_pred to 2025-07-22 00:00:00+00:00, run_after=2025-07-23 00:00:00+00:00
[2025-07-22T11:06:43.893+0000] {processor.py:208} INFO - Processing /opt/airflow/dags/train_traffic_pred.py took 3.465 seconds
[2025-07-22T11:07:15.594+0000] {processor.py:186} INFO - Started process (PID=55089) to work on /opt/airflow/dags/train_traffic_pred.py
[2025-07-22T11:07:15.595+0000] {processor.py:914} INFO - Processing file /opt/airflow/dags/train_traffic_pred.py for tasks to queue
[2025-07-22T11:07:15.597+0000] {logging_mixin.py:190} INFO - [2025-07-22T11:07:15.597+0000] {dagbag.py:588} INFO - Filling up the DagBag from /opt/airflow/dags/train_traffic_pred.py
[2025-07-22T11:07:18.839+0000] {processor.py:925} INFO - DAG(s) 'train_traffic_pred' retrieved from /opt/airflow/dags/train_traffic_pred.py
[2025-07-22T11:07:18.877+0000] {logging_mixin.py:190} INFO - [2025-07-22T11:07:18.876+0000] {dag.py:3239} INFO - Sync 1 DAGs
[2025-07-22T11:07:18.905+0000] {logging_mixin.py:190} INFO - [2025-07-22T11:07:18.905+0000] {dag.py:4180} INFO - Setting next_dagrun for train_traffic_pred to 2025-07-22 00:00:00+00:00, run_after=2025-07-23 00:00:00+00:00
[2025-07-22T11:07:18.927+0000] {processor.py:208} INFO - Processing /opt/airflow/dags/train_traffic_pred.py took 3.339 seconds
[2025-07-22T11:07:50.773+0000] {processor.py:186} INFO - Started process (PID=55187) to work on /opt/airflow/dags/train_traffic_pred.py
[2025-07-22T11:07:50.774+0000] {processor.py:914} INFO - Processing file /opt/airflow/dags/train_traffic_pred.py for tasks to queue
[2025-07-22T11:07:50.776+0000] {logging_mixin.py:190} INFO - [2025-07-22T11:07:50.776+0000] {dagbag.py:588} INFO - Filling up the DagBag from /opt/airflow/dags/train_traffic_pred.py
[2025-07-22T11:07:54.004+0000] {processor.py:925} INFO - DAG(s) 'train_traffic_pred' retrieved from /opt/airflow/dags/train_traffic_pred.py
[2025-07-22T11:07:54.029+0000] {logging_mixin.py:190} INFO - [2025-07-22T11:07:54.027+0000] {dag.py:3239} INFO - Sync 1 DAGs
[2025-07-22T11:07:54.049+0000] {logging_mixin.py:190} INFO - [2025-07-22T11:07:54.049+0000] {dag.py:4180} INFO - Setting next_dagrun for train_traffic_pred to 2025-07-22 00:00:00+00:00, run_after=2025-07-23 00:00:00+00:00
[2025-07-22T11:07:54.067+0000] {processor.py:208} INFO - Processing /opt/airflow/dags/train_traffic_pred.py took 3.302 seconds
[2025-07-22T11:08:25.979+0000] {processor.py:186} INFO - Started process (PID=55291) to work on /opt/airflow/dags/train_traffic_pred.py
[2025-07-22T11:08:25.980+0000] {processor.py:914} INFO - Processing file /opt/airflow/dags/train_traffic_pred.py for tasks to queue
[2025-07-22T11:08:25.984+0000] {logging_mixin.py:190} INFO - [2025-07-22T11:08:25.984+0000] {dagbag.py:588} INFO - Filling up the DagBag from /opt/airflow/dags/train_traffic_pred.py
[2025-07-22T11:08:29.429+0000] {processor.py:925} INFO - DAG(s) 'train_traffic_pred' retrieved from /opt/airflow/dags/train_traffic_pred.py
[2025-07-22T11:08:29.447+0000] {logging_mixin.py:190} INFO - [2025-07-22T11:08:29.447+0000] {dag.py:3239} INFO - Sync 1 DAGs
[2025-07-22T11:08:29.464+0000] {logging_mixin.py:190} INFO - [2025-07-22T11:08:29.464+0000] {dag.py:4180} INFO - Setting next_dagrun for train_traffic_pred to 2025-07-22 00:00:00+00:00, run_after=2025-07-23 00:00:00+00:00
[2025-07-22T11:08:29.480+0000] {processor.py:208} INFO - Processing /opt/airflow/dags/train_traffic_pred.py took 3.509 seconds
[2025-07-22T11:09:01.457+0000] {processor.py:186} INFO - Started process (PID=55389) to work on /opt/airflow/dags/train_traffic_pred.py
[2025-07-22T11:09:01.459+0000] {processor.py:914} INFO - Processing file /opt/airflow/dags/train_traffic_pred.py for tasks to queue
[2025-07-22T11:09:01.461+0000] {logging_mixin.py:190} INFO - [2025-07-22T11:09:01.461+0000] {dagbag.py:588} INFO - Filling up the DagBag from /opt/airflow/dags/train_traffic_pred.py
[2025-07-22T11:09:04.922+0000] {processor.py:925} INFO - DAG(s) 'train_traffic_pred' retrieved from /opt/airflow/dags/train_traffic_pred.py
[2025-07-22T11:09:04.944+0000] {logging_mixin.py:190} INFO - [2025-07-22T11:09:04.944+0000] {dag.py:3239} INFO - Sync 1 DAGs
[2025-07-22T11:09:04.962+0000] {logging_mixin.py:190} INFO - [2025-07-22T11:09:04.962+0000] {dag.py:4180} INFO - Setting next_dagrun for train_traffic_pred to 2025-07-22 00:00:00+00:00, run_after=2025-07-23 00:00:00+00:00
[2025-07-22T11:09:04.976+0000] {processor.py:208} INFO - Processing /opt/airflow/dags/train_traffic_pred.py took 3.526 seconds
[2025-07-22T11:09:36.136+0000] {processor.py:186} INFO - Started process (PID=55487) to work on /opt/airflow/dags/train_traffic_pred.py
[2025-07-22T11:09:36.137+0000] {processor.py:914} INFO - Processing file /opt/airflow/dags/train_traffic_pred.py for tasks to queue
[2025-07-22T11:09:36.140+0000] {logging_mixin.py:190} INFO - [2025-07-22T11:09:36.139+0000] {dagbag.py:588} INFO - Filling up the DagBag from /opt/airflow/dags/train_traffic_pred.py
[2025-07-22T11:09:39.642+0000] {processor.py:925} INFO - DAG(s) 'train_traffic_pred' retrieved from /opt/airflow/dags/train_traffic_pred.py
[2025-07-22T11:09:39.663+0000] {logging_mixin.py:190} INFO - [2025-07-22T11:09:39.662+0000] {dag.py:3239} INFO - Sync 1 DAGs
[2025-07-22T11:09:39.683+0000] {logging_mixin.py:190} INFO - [2025-07-22T11:09:39.683+0000] {dag.py:4180} INFO - Setting next_dagrun for train_traffic_pred to 2025-07-22 00:00:00+00:00, run_after=2025-07-23 00:00:00+00:00
[2025-07-22T11:09:39.701+0000] {processor.py:208} INFO - Processing /opt/airflow/dags/train_traffic_pred.py took 3.572 seconds
[2025-07-22T11:10:11.591+0000] {processor.py:186} INFO - Started process (PID=55585) to work on /opt/airflow/dags/train_traffic_pred.py
[2025-07-22T11:10:11.593+0000] {processor.py:914} INFO - Processing file /opt/airflow/dags/train_traffic_pred.py for tasks to queue
[2025-07-22T11:10:11.596+0000] {logging_mixin.py:190} INFO - [2025-07-22T11:10:11.595+0000] {dagbag.py:588} INFO - Filling up the DagBag from /opt/airflow/dags/train_traffic_pred.py
[2025-07-22T11:10:15.229+0000] {processor.py:925} INFO - DAG(s) 'train_traffic_pred' retrieved from /opt/airflow/dags/train_traffic_pred.py
[2025-07-22T11:10:15.254+0000] {logging_mixin.py:190} INFO - [2025-07-22T11:10:15.254+0000] {dag.py:3239} INFO - Sync 1 DAGs
[2025-07-22T11:10:15.274+0000] {logging_mixin.py:190} INFO - [2025-07-22T11:10:15.274+0000] {dag.py:4180} INFO - Setting next_dagrun for train_traffic_pred to 2025-07-22 00:00:00+00:00, run_after=2025-07-23 00:00:00+00:00
[2025-07-22T11:10:15.292+0000] {processor.py:208} INFO - Processing /opt/airflow/dags/train_traffic_pred.py took 3.708 seconds
[2025-07-22T11:10:46.547+0000] {processor.py:186} INFO - Started process (PID=55683) to work on /opt/airflow/dags/train_traffic_pred.py
[2025-07-22T11:10:46.548+0000] {processor.py:914} INFO - Processing file /opt/airflow/dags/train_traffic_pred.py for tasks to queue
[2025-07-22T11:10:46.551+0000] {logging_mixin.py:190} INFO - [2025-07-22T11:10:46.551+0000] {dagbag.py:588} INFO - Filling up the DagBag from /opt/airflow/dags/train_traffic_pred.py
[2025-07-22T11:10:49.812+0000] {processor.py:925} INFO - DAG(s) 'train_traffic_pred' retrieved from /opt/airflow/dags/train_traffic_pred.py
[2025-07-22T11:10:49.831+0000] {logging_mixin.py:190} INFO - [2025-07-22T11:10:49.831+0000] {dag.py:3239} INFO - Sync 1 DAGs
[2025-07-22T11:10:49.850+0000] {logging_mixin.py:190} INFO - [2025-07-22T11:10:49.850+0000] {dag.py:4180} INFO - Setting next_dagrun for train_traffic_pred to 2025-07-22 00:00:00+00:00, run_after=2025-07-23 00:00:00+00:00
[2025-07-22T11:10:49.864+0000] {processor.py:208} INFO - Processing /opt/airflow/dags/train_traffic_pred.py took 3.324 seconds
[2025-07-22T11:11:21.524+0000] {processor.py:186} INFO - Started process (PID=55781) to work on /opt/airflow/dags/train_traffic_pred.py
[2025-07-22T11:11:21.526+0000] {processor.py:914} INFO - Processing file /opt/airflow/dags/train_traffic_pred.py for tasks to queue
[2025-07-22T11:11:21.529+0000] {logging_mixin.py:190} INFO - [2025-07-22T11:11:21.529+0000] {dagbag.py:588} INFO - Filling up the DagBag from /opt/airflow/dags/train_traffic_pred.py
[2025-07-22T11:11:24.953+0000] {processor.py:925} INFO - DAG(s) 'train_traffic_pred' retrieved from /opt/airflow/dags/train_traffic_pred.py
[2025-07-22T11:11:24.974+0000] {logging_mixin.py:190} INFO - [2025-07-22T11:11:24.973+0000] {dag.py:3239} INFO - Sync 1 DAGs
[2025-07-22T11:11:24.990+0000] {logging_mixin.py:190} INFO - [2025-07-22T11:11:24.990+0000] {dag.py:4180} INFO - Setting next_dagrun for train_traffic_pred to 2025-07-22 00:00:00+00:00, run_after=2025-07-23 00:00:00+00:00
[2025-07-22T11:11:25.005+0000] {processor.py:208} INFO - Processing /opt/airflow/dags/train_traffic_pred.py took 3.488 seconds
[2025-07-22T11:11:56.405+0000] {processor.py:186} INFO - Started process (PID=55885) to work on /opt/airflow/dags/train_traffic_pred.py
[2025-07-22T11:11:56.407+0000] {processor.py:914} INFO - Processing file /opt/airflow/dags/train_traffic_pred.py for tasks to queue
[2025-07-22T11:11:56.410+0000] {logging_mixin.py:190} INFO - [2025-07-22T11:11:56.409+0000] {dagbag.py:588} INFO - Filling up the DagBag from /opt/airflow/dags/train_traffic_pred.py
[2025-07-22T11:11:59.637+0000] {processor.py:925} INFO - DAG(s) 'train_traffic_pred' retrieved from /opt/airflow/dags/train_traffic_pred.py
[2025-07-22T11:11:59.657+0000] {logging_mixin.py:190} INFO - [2025-07-22T11:11:59.656+0000] {dag.py:3239} INFO - Sync 1 DAGs
[2025-07-22T11:11:59.674+0000] {logging_mixin.py:190} INFO - [2025-07-22T11:11:59.674+0000] {dag.py:4180} INFO - Setting next_dagrun for train_traffic_pred to 2025-07-22 00:00:00+00:00, run_after=2025-07-23 00:00:00+00:00
[2025-07-22T11:11:59.688+0000] {processor.py:208} INFO - Processing /opt/airflow/dags/train_traffic_pred.py took 3.291 seconds
[2025-07-22T11:12:31.622+0000] {processor.py:186} INFO - Started process (PID=55984) to work on /opt/airflow/dags/train_traffic_pred.py
[2025-07-22T11:12:31.623+0000] {processor.py:914} INFO - Processing file /opt/airflow/dags/train_traffic_pred.py for tasks to queue
[2025-07-22T11:12:31.626+0000] {logging_mixin.py:190} INFO - [2025-07-22T11:12:31.626+0000] {dagbag.py:588} INFO - Filling up the DagBag from /opt/airflow/dags/train_traffic_pred.py
[2025-07-22T11:12:34.984+0000] {processor.py:925} INFO - DAG(s) 'train_traffic_pred' retrieved from /opt/airflow/dags/train_traffic_pred.py
[2025-07-22T11:12:35.007+0000] {logging_mixin.py:190} INFO - [2025-07-22T11:12:35.006+0000] {dag.py:3239} INFO - Sync 1 DAGs
[2025-07-22T11:12:35.027+0000] {logging_mixin.py:190} INFO - [2025-07-22T11:12:35.027+0000] {dag.py:4180} INFO - Setting next_dagrun for train_traffic_pred to 2025-07-22 00:00:00+00:00, run_after=2025-07-23 00:00:00+00:00
[2025-07-22T11:12:35.044+0000] {processor.py:208} INFO - Processing /opt/airflow/dags/train_traffic_pred.py took 3.429 seconds
[2025-07-22T11:13:06.321+0000] {processor.py:186} INFO - Started process (PID=56085) to work on /opt/airflow/dags/train_traffic_pred.py
[2025-07-22T11:13:06.323+0000] {processor.py:914} INFO - Processing file /opt/airflow/dags/train_traffic_pred.py for tasks to queue
[2025-07-22T11:13:06.326+0000] {logging_mixin.py:190} INFO - [2025-07-22T11:13:06.326+0000] {dagbag.py:588} INFO - Filling up the DagBag from /opt/airflow/dags/train_traffic_pred.py
[2025-07-22T11:13:09.529+0000] {processor.py:925} INFO - DAG(s) 'train_traffic_pred' retrieved from /opt/airflow/dags/train_traffic_pred.py
[2025-07-22T11:13:09.552+0000] {logging_mixin.py:190} INFO - [2025-07-22T11:13:09.552+0000] {dag.py:3239} INFO - Sync 1 DAGs
[2025-07-22T11:13:09.570+0000] {logging_mixin.py:190} INFO - [2025-07-22T11:13:09.570+0000] {dag.py:4180} INFO - Setting next_dagrun for train_traffic_pred to 2025-07-22 00:00:00+00:00, run_after=2025-07-23 00:00:00+00:00
[2025-07-22T11:13:09.585+0000] {processor.py:208} INFO - Processing /opt/airflow/dags/train_traffic_pred.py took 3.271 seconds
[2025-07-22T11:13:40.798+0000] {processor.py:186} INFO - Started process (PID=56183) to work on /opt/airflow/dags/train_traffic_pred.py
[2025-07-22T11:13:40.800+0000] {processor.py:914} INFO - Processing file /opt/airflow/dags/train_traffic_pred.py for tasks to queue
[2025-07-22T11:13:40.802+0000] {logging_mixin.py:190} INFO - [2025-07-22T11:13:40.802+0000] {dagbag.py:588} INFO - Filling up the DagBag from /opt/airflow/dags/train_traffic_pred.py
[2025-07-22T11:13:44.017+0000] {processor.py:925} INFO - DAG(s) 'train_traffic_pred' retrieved from /opt/airflow/dags/train_traffic_pred.py
[2025-07-22T11:13:44.037+0000] {logging_mixin.py:190} INFO - [2025-07-22T11:13:44.037+0000] {dag.py:3239} INFO - Sync 1 DAGs
[2025-07-22T11:13:44.055+0000] {logging_mixin.py:190} INFO - [2025-07-22T11:13:44.055+0000] {dag.py:4180} INFO - Setting next_dagrun for train_traffic_pred to 2025-07-22 00:00:00+00:00, run_after=2025-07-23 00:00:00+00:00
[2025-07-22T11:13:44.069+0000] {processor.py:208} INFO - Processing /opt/airflow/dags/train_traffic_pred.py took 3.279 seconds
[2025-07-22T11:14:15.866+0000] {processor.py:186} INFO - Started process (PID=56281) to work on /opt/airflow/dags/train_traffic_pred.py
[2025-07-22T11:14:15.868+0000] {processor.py:914} INFO - Processing file /opt/airflow/dags/train_traffic_pred.py for tasks to queue
[2025-07-22T11:14:15.871+0000] {logging_mixin.py:190} INFO - [2025-07-22T11:14:15.870+0000] {dagbag.py:588} INFO - Filling up the DagBag from /opt/airflow/dags/train_traffic_pred.py
[2025-07-22T11:14:19.192+0000] {processor.py:925} INFO - DAG(s) 'train_traffic_pred' retrieved from /opt/airflow/dags/train_traffic_pred.py
[2025-07-22T11:14:19.214+0000] {logging_mixin.py:190} INFO - [2025-07-22T11:14:19.212+0000] {dag.py:3239} INFO - Sync 1 DAGs
[2025-07-22T11:14:19.233+0000] {logging_mixin.py:190} INFO - [2025-07-22T11:14:19.233+0000] {dag.py:4180} INFO - Setting next_dagrun for train_traffic_pred to 2025-07-22 00:00:00+00:00, run_after=2025-07-23 00:00:00+00:00
[2025-07-22T11:14:19.262+0000] {processor.py:208} INFO - Processing /opt/airflow/dags/train_traffic_pred.py took 3.402 seconds
[2025-07-22T11:14:51.116+0000] {processor.py:186} INFO - Started process (PID=56379) to work on /opt/airflow/dags/train_traffic_pred.py
[2025-07-22T11:14:51.117+0000] {processor.py:914} INFO - Processing file /opt/airflow/dags/train_traffic_pred.py for tasks to queue
[2025-07-22T11:14:51.118+0000] {logging_mixin.py:190} INFO - [2025-07-22T11:14:51.118+0000] {dagbag.py:588} INFO - Filling up the DagBag from /opt/airflow/dags/train_traffic_pred.py
[2025-07-22T11:14:54.400+0000] {processor.py:925} INFO - DAG(s) 'train_traffic_pred' retrieved from /opt/airflow/dags/train_traffic_pred.py
[2025-07-22T11:14:54.421+0000] {logging_mixin.py:190} INFO - [2025-07-22T11:14:54.420+0000] {dag.py:3239} INFO - Sync 1 DAGs
[2025-07-22T11:14:54.439+0000] {logging_mixin.py:190} INFO - [2025-07-22T11:14:54.438+0000] {dag.py:4180} INFO - Setting next_dagrun for train_traffic_pred to 2025-07-22 00:00:00+00:00, run_after=2025-07-23 00:00:00+00:00
[2025-07-22T11:14:54.455+0000] {processor.py:208} INFO - Processing /opt/airflow/dags/train_traffic_pred.py took 3.346 seconds
[2025-07-22T11:15:26.281+0000] {processor.py:186} INFO - Started process (PID=56477) to work on /opt/airflow/dags/train_traffic_pred.py
[2025-07-22T11:15:26.283+0000] {processor.py:914} INFO - Processing file /opt/airflow/dags/train_traffic_pred.py for tasks to queue
[2025-07-22T11:15:26.286+0000] {logging_mixin.py:190} INFO - [2025-07-22T11:15:26.285+0000] {dagbag.py:588} INFO - Filling up the DagBag from /opt/airflow/dags/train_traffic_pred.py
[2025-07-22T11:15:29.697+0000] {processor.py:925} INFO - DAG(s) 'train_traffic_pred' retrieved from /opt/airflow/dags/train_traffic_pred.py
[2025-07-22T11:15:29.722+0000] {logging_mixin.py:190} INFO - [2025-07-22T11:15:29.721+0000] {dag.py:3239} INFO - Sync 1 DAGs
[2025-07-22T11:15:29.742+0000] {logging_mixin.py:190} INFO - [2025-07-22T11:15:29.742+0000] {dag.py:4180} INFO - Setting next_dagrun for train_traffic_pred to 2025-07-22 00:00:00+00:00, run_after=2025-07-23 00:00:00+00:00
[2025-07-22T11:15:29.758+0000] {processor.py:208} INFO - Processing /opt/airflow/dags/train_traffic_pred.py took 3.483 seconds
[2025-07-22T11:16:01.505+0000] {processor.py:186} INFO - Started process (PID=56581) to work on /opt/airflow/dags/train_traffic_pred.py
[2025-07-22T11:16:01.506+0000] {processor.py:914} INFO - Processing file /opt/airflow/dags/train_traffic_pred.py for tasks to queue
[2025-07-22T11:16:01.509+0000] {logging_mixin.py:190} INFO - [2025-07-22T11:16:01.509+0000] {dagbag.py:588} INFO - Filling up the DagBag from /opt/airflow/dags/train_traffic_pred.py
[2025-07-22T11:16:04.998+0000] {processor.py:925} INFO - DAG(s) 'train_traffic_pred' retrieved from /opt/airflow/dags/train_traffic_pred.py
[2025-07-22T11:16:05.020+0000] {logging_mixin.py:190} INFO - [2025-07-22T11:16:05.020+0000] {dag.py:3239} INFO - Sync 1 DAGs
[2025-07-22T11:16:05.040+0000] {logging_mixin.py:190} INFO - [2025-07-22T11:16:05.039+0000] {dag.py:4180} INFO - Setting next_dagrun for train_traffic_pred to 2025-07-22 00:00:00+00:00, run_after=2025-07-23 00:00:00+00:00
[2025-07-22T11:16:05.059+0000] {processor.py:208} INFO - Processing /opt/airflow/dags/train_traffic_pred.py took 3.561 seconds
[2025-07-22T11:16:36.145+0000] {processor.py:186} INFO - Started process (PID=56679) to work on /opt/airflow/dags/train_traffic_pred.py
[2025-07-22T11:16:36.147+0000] {processor.py:914} INFO - Processing file /opt/airflow/dags/train_traffic_pred.py for tasks to queue
[2025-07-22T11:16:36.150+0000] {logging_mixin.py:190} INFO - [2025-07-22T11:16:36.149+0000] {dagbag.py:588} INFO - Filling up the DagBag from /opt/airflow/dags/train_traffic_pred.py
[2025-07-22T11:16:39.377+0000] {processor.py:925} INFO - DAG(s) 'train_traffic_pred' retrieved from /opt/airflow/dags/train_traffic_pred.py
[2025-07-22T11:16:39.401+0000] {logging_mixin.py:190} INFO - [2025-07-22T11:16:39.400+0000] {dag.py:3239} INFO - Sync 1 DAGs
[2025-07-22T11:16:39.421+0000] {logging_mixin.py:190} INFO - [2025-07-22T11:16:39.421+0000] {dag.py:4180} INFO - Setting next_dagrun for train_traffic_pred to 2025-07-22 00:00:00+00:00, run_after=2025-07-23 00:00:00+00:00
[2025-07-22T11:16:39.437+0000] {processor.py:208} INFO - Processing /opt/airflow/dags/train_traffic_pred.py took 3.299 seconds
[2025-07-22T11:17:10.607+0000] {processor.py:186} INFO - Started process (PID=56777) to work on /opt/airflow/dags/train_traffic_pred.py
[2025-07-22T11:17:10.608+0000] {processor.py:914} INFO - Processing file /opt/airflow/dags/train_traffic_pred.py for tasks to queue
[2025-07-22T11:17:10.610+0000] {logging_mixin.py:190} INFO - [2025-07-22T11:17:10.610+0000] {dagbag.py:588} INFO - Filling up the DagBag from /opt/airflow/dags/train_traffic_pred.py
[2025-07-22T11:17:13.906+0000] {processor.py:925} INFO - DAG(s) 'train_traffic_pred' retrieved from /opt/airflow/dags/train_traffic_pred.py
[2025-07-22T11:17:13.931+0000] {logging_mixin.py:190} INFO - [2025-07-22T11:17:13.931+0000] {dag.py:3239} INFO - Sync 1 DAGs
[2025-07-22T11:17:13.953+0000] {logging_mixin.py:190} INFO - [2025-07-22T11:17:13.952+0000] {dag.py:4180} INFO - Setting next_dagrun for train_traffic_pred to 2025-07-22 00:00:00+00:00, run_after=2025-07-23 00:00:00+00:00
[2025-07-22T11:17:13.973+0000] {processor.py:208} INFO - Processing /opt/airflow/dags/train_traffic_pred.py took 3.372 seconds
[2025-07-22T11:17:45.175+0000] {processor.py:186} INFO - Started process (PID=56875) to work on /opt/airflow/dags/train_traffic_pred.py
[2025-07-22T11:17:45.176+0000] {processor.py:914} INFO - Processing file /opt/airflow/dags/train_traffic_pred.py for tasks to queue
[2025-07-22T11:17:45.178+0000] {logging_mixin.py:190} INFO - [2025-07-22T11:17:45.178+0000] {dagbag.py:588} INFO - Filling up the DagBag from /opt/airflow/dags/train_traffic_pred.py
[2025-07-22T11:17:48.538+0000] {processor.py:925} INFO - DAG(s) 'train_traffic_pred' retrieved from /opt/airflow/dags/train_traffic_pred.py
[2025-07-22T11:17:48.563+0000] {logging_mixin.py:190} INFO - [2025-07-22T11:17:48.562+0000] {dag.py:3239} INFO - Sync 1 DAGs
[2025-07-22T11:17:48.582+0000] {logging_mixin.py:190} INFO - [2025-07-22T11:17:48.582+0000] {dag.py:4180} INFO - Setting next_dagrun for train_traffic_pred to 2025-07-22 00:00:00+00:00, run_after=2025-07-23 00:00:00+00:00
[2025-07-22T11:17:48.599+0000] {processor.py:208} INFO - Processing /opt/airflow/dags/train_traffic_pred.py took 3.431 seconds
[2025-07-22T11:18:19.810+0000] {processor.py:186} INFO - Started process (PID=56973) to work on /opt/airflow/dags/train_traffic_pred.py
[2025-07-22T11:18:19.811+0000] {processor.py:914} INFO - Processing file /opt/airflow/dags/train_traffic_pred.py for tasks to queue
[2025-07-22T11:18:19.813+0000] {logging_mixin.py:190} INFO - [2025-07-22T11:18:19.813+0000] {dagbag.py:588} INFO - Filling up the DagBag from /opt/airflow/dags/train_traffic_pred.py
[2025-07-22T11:18:23.162+0000] {processor.py:925} INFO - DAG(s) 'train_traffic_pred' retrieved from /opt/airflow/dags/train_traffic_pred.py
[2025-07-22T11:18:23.187+0000] {logging_mixin.py:190} INFO - [2025-07-22T11:18:23.186+0000] {dag.py:3239} INFO - Sync 1 DAGs
[2025-07-22T11:18:23.211+0000] {logging_mixin.py:190} INFO - [2025-07-22T11:18:23.211+0000] {dag.py:4180} INFO - Setting next_dagrun for train_traffic_pred to 2025-07-22 00:00:00+00:00, run_after=2025-07-23 00:00:00+00:00
[2025-07-22T11:18:23.232+0000] {processor.py:208} INFO - Processing /opt/airflow/dags/train_traffic_pred.py took 3.430 seconds
[2025-07-22T11:18:54.377+0000] {processor.py:186} INFO - Started process (PID=57071) to work on /opt/airflow/dags/train_traffic_pred.py
[2025-07-22T11:18:54.378+0000] {processor.py:914} INFO - Processing file /opt/airflow/dags/train_traffic_pred.py for tasks to queue
[2025-07-22T11:18:54.380+0000] {logging_mixin.py:190} INFO - [2025-07-22T11:18:54.380+0000] {dagbag.py:588} INFO - Filling up the DagBag from /opt/airflow/dags/train_traffic_pred.py
[2025-07-22T11:18:57.576+0000] {processor.py:925} INFO - DAG(s) 'train_traffic_pred' retrieved from /opt/airflow/dags/train_traffic_pred.py
[2025-07-22T11:18:57.599+0000] {logging_mixin.py:190} INFO - [2025-07-22T11:18:57.599+0000] {dag.py:3239} INFO - Sync 1 DAGs
[2025-07-22T11:18:57.618+0000] {logging_mixin.py:190} INFO - [2025-07-22T11:18:57.618+0000] {dag.py:4180} INFO - Setting next_dagrun for train_traffic_pred to 2025-07-22 00:00:00+00:00, run_after=2025-07-23 00:00:00+00:00
[2025-07-22T11:18:57.634+0000] {processor.py:208} INFO - Processing /opt/airflow/dags/train_traffic_pred.py took 3.263 seconds
[2025-07-22T11:19:29.347+0000] {processor.py:186} INFO - Started process (PID=57175) to work on /opt/airflow/dags/train_traffic_pred.py
[2025-07-22T11:19:29.348+0000] {processor.py:914} INFO - Processing file /opt/airflow/dags/train_traffic_pred.py for tasks to queue
[2025-07-22T11:19:29.351+0000] {logging_mixin.py:190} INFO - [2025-07-22T11:19:29.351+0000] {dagbag.py:588} INFO - Filling up the DagBag from /opt/airflow/dags/train_traffic_pred.py
[2025-07-22T11:19:32.631+0000] {processor.py:925} INFO - DAG(s) 'train_traffic_pred' retrieved from /opt/airflow/dags/train_traffic_pred.py
[2025-07-22T11:19:32.654+0000] {logging_mixin.py:190} INFO - [2025-07-22T11:19:32.654+0000] {dag.py:3239} INFO - Sync 1 DAGs
[2025-07-22T11:19:32.673+0000] {logging_mixin.py:190} INFO - [2025-07-22T11:19:32.673+0000] {dag.py:4180} INFO - Setting next_dagrun for train_traffic_pred to 2025-07-22 00:00:00+00:00, run_after=2025-07-23 00:00:00+00:00
[2025-07-22T11:19:32.689+0000] {processor.py:208} INFO - Processing /opt/airflow/dags/train_traffic_pred.py took 3.350 seconds
[2025-07-22T11:20:04.592+0000] {processor.py:186} INFO - Started process (PID=57273) to work on /opt/airflow/dags/train_traffic_pred.py
[2025-07-22T11:20:04.593+0000] {processor.py:914} INFO - Processing file /opt/airflow/dags/train_traffic_pred.py for tasks to queue
[2025-07-22T11:20:04.595+0000] {logging_mixin.py:190} INFO - [2025-07-22T11:20:04.595+0000] {dagbag.py:588} INFO - Filling up the DagBag from /opt/airflow/dags/train_traffic_pred.py
[2025-07-22T11:20:07.873+0000] {processor.py:925} INFO - DAG(s) 'train_traffic_pred' retrieved from /opt/airflow/dags/train_traffic_pred.py
[2025-07-22T11:20:07.900+0000] {logging_mixin.py:190} INFO - [2025-07-22T11:20:07.899+0000] {dag.py:3239} INFO - Sync 1 DAGs
[2025-07-22T11:20:07.922+0000] {logging_mixin.py:190} INFO - [2025-07-22T11:20:07.922+0000] {dag.py:4180} INFO - Setting next_dagrun for train_traffic_pred to 2025-07-22 00:00:00+00:00, run_after=2025-07-23 00:00:00+00:00
[2025-07-22T11:20:07.941+0000] {processor.py:208} INFO - Processing /opt/airflow/dags/train_traffic_pred.py took 3.355 seconds
[2025-07-22T11:20:39.711+0000] {processor.py:186} INFO - Started process (PID=57371) to work on /opt/airflow/dags/train_traffic_pred.py
[2025-07-22T11:20:39.712+0000] {processor.py:914} INFO - Processing file /opt/airflow/dags/train_traffic_pred.py for tasks to queue
[2025-07-22T11:20:39.715+0000] {logging_mixin.py:190} INFO - [2025-07-22T11:20:39.715+0000] {dagbag.py:588} INFO - Filling up the DagBag from /opt/airflow/dags/train_traffic_pred.py
[2025-07-22T11:20:42.842+0000] {processor.py:925} INFO - DAG(s) 'train_traffic_pred' retrieved from /opt/airflow/dags/train_traffic_pred.py
[2025-07-22T11:20:42.866+0000] {logging_mixin.py:190} INFO - [2025-07-22T11:20:42.865+0000] {dag.py:3239} INFO - Sync 1 DAGs
[2025-07-22T11:20:42.886+0000] {logging_mixin.py:190} INFO - [2025-07-22T11:20:42.886+0000] {dag.py:4180} INFO - Setting next_dagrun for train_traffic_pred to 2025-07-22 00:00:00+00:00, run_after=2025-07-23 00:00:00+00:00
[2025-07-22T11:20:42.901+0000] {processor.py:208} INFO - Processing /opt/airflow/dags/train_traffic_pred.py took 3.197 seconds
[2025-07-22T11:21:14.926+0000] {processor.py:186} INFO - Started process (PID=57469) to work on /opt/airflow/dags/train_traffic_pred.py
[2025-07-22T11:21:14.926+0000] {processor.py:914} INFO - Processing file /opt/airflow/dags/train_traffic_pred.py for tasks to queue
[2025-07-22T11:21:14.929+0000] {logging_mixin.py:190} INFO - [2025-07-22T11:21:14.928+0000] {dagbag.py:588} INFO - Filling up the DagBag from /opt/airflow/dags/train_traffic_pred.py
[2025-07-22T11:21:18.580+0000] {processor.py:925} INFO - DAG(s) 'train_traffic_pred' retrieved from /opt/airflow/dags/train_traffic_pred.py
[2025-07-22T11:21:18.605+0000] {logging_mixin.py:190} INFO - [2025-07-22T11:21:18.604+0000] {dag.py:3239} INFO - Sync 1 DAGs
[2025-07-22T11:21:18.626+0000] {logging_mixin.py:190} INFO - [2025-07-22T11:21:18.626+0000] {dag.py:4180} INFO - Setting next_dagrun for train_traffic_pred to 2025-07-22 00:00:00+00:00, run_after=2025-07-23 00:00:00+00:00
[2025-07-22T11:21:18.644+0000] {processor.py:208} INFO - Processing /opt/airflow/dags/train_traffic_pred.py took 3.724 seconds
[2025-07-22T11:21:49.886+0000] {processor.py:186} INFO - Started process (PID=57563) to work on /opt/airflow/dags/train_traffic_pred.py
[2025-07-22T11:21:49.901+0000] {processor.py:914} INFO - Processing file /opt/airflow/dags/train_traffic_pred.py for tasks to queue
[2025-07-22T11:21:49.905+0000] {logging_mixin.py:190} INFO - [2025-07-22T11:21:49.904+0000] {dagbag.py:588} INFO - Filling up the DagBag from /opt/airflow/dags/train_traffic_pred.py
[2025-07-22T11:21:57.740+0000] {processor.py:925} INFO - DAG(s) 'train_traffic_pred' retrieved from /opt/airflow/dags/train_traffic_pred.py
[2025-07-22T11:21:57.771+0000] {logging_mixin.py:190} INFO - [2025-07-22T11:21:57.771+0000] {dag.py:3239} INFO - Sync 1 DAGs
[2025-07-22T11:21:57.802+0000] {logging_mixin.py:190} INFO - [2025-07-22T11:21:57.802+0000] {dag.py:4180} INFO - Setting next_dagrun for train_traffic_pred to 2025-07-22 00:00:00+00:00, run_after=2025-07-23 00:00:00+00:00
[2025-07-22T11:21:57.832+0000] {processor.py:208} INFO - Processing /opt/airflow/dags/train_traffic_pred.py took 7.963 seconds
[2025-07-22T11:22:29.223+0000] {processor.py:186} INFO - Started process (PID=57668) to work on /opt/airflow/dags/train_traffic_pred.py
[2025-07-22T11:22:29.224+0000] {processor.py:914} INFO - Processing file /opt/airflow/dags/train_traffic_pred.py for tasks to queue
[2025-07-22T11:22:29.227+0000] {logging_mixin.py:190} INFO - [2025-07-22T11:22:29.227+0000] {dagbag.py:588} INFO - Filling up the DagBag from /opt/airflow/dags/train_traffic_pred.py
[2025-07-22T11:22:32.363+0000] {processor.py:925} INFO - DAG(s) 'train_traffic_pred' retrieved from /opt/airflow/dags/train_traffic_pred.py
[2025-07-22T11:22:32.383+0000] {logging_mixin.py:190} INFO - [2025-07-22T11:22:32.382+0000] {dag.py:3239} INFO - Sync 1 DAGs
[2025-07-22T11:22:32.398+0000] {logging_mixin.py:190} INFO - [2025-07-22T11:22:32.398+0000] {dag.py:4180} INFO - Setting next_dagrun for train_traffic_pred to 2025-07-22 00:00:00+00:00, run_after=2025-07-23 00:00:00+00:00
[2025-07-22T11:22:32.424+0000] {processor.py:208} INFO - Processing /opt/airflow/dags/train_traffic_pred.py took 3.206 seconds
[2025-07-22T11:23:04.026+0000] {processor.py:186} INFO - Started process (PID=57766) to work on /opt/airflow/dags/train_traffic_pred.py
[2025-07-22T11:23:04.027+0000] {processor.py:914} INFO - Processing file /opt/airflow/dags/train_traffic_pred.py for tasks to queue
[2025-07-22T11:23:04.031+0000] {logging_mixin.py:190} INFO - [2025-07-22T11:23:04.030+0000] {dagbag.py:588} INFO - Filling up the DagBag from /opt/airflow/dags/train_traffic_pred.py
[2025-07-22T11:23:07.051+0000] {processor.py:925} INFO - DAG(s) 'train_traffic_pred' retrieved from /opt/airflow/dags/train_traffic_pred.py
[2025-07-22T11:23:07.070+0000] {logging_mixin.py:190} INFO - [2025-07-22T11:23:07.070+0000] {dag.py:3239} INFO - Sync 1 DAGs
[2025-07-22T11:23:07.087+0000] {logging_mixin.py:190} INFO - [2025-07-22T11:23:07.086+0000] {dag.py:4180} INFO - Setting next_dagrun for train_traffic_pred to 2025-07-22 00:00:00+00:00, run_after=2025-07-23 00:00:00+00:00
[2025-07-22T11:23:07.116+0000] {processor.py:208} INFO - Processing /opt/airflow/dags/train_traffic_pred.py took 3.097 seconds
[2025-07-22T11:23:39.115+0000] {processor.py:186} INFO - Started process (PID=57867) to work on /opt/airflow/dags/train_traffic_pred.py
[2025-07-22T11:23:39.117+0000] {processor.py:914} INFO - Processing file /opt/airflow/dags/train_traffic_pred.py for tasks to queue
[2025-07-22T11:23:39.120+0000] {logging_mixin.py:190} INFO - [2025-07-22T11:23:39.119+0000] {dagbag.py:588} INFO - Filling up the DagBag from /opt/airflow/dags/train_traffic_pred.py
[2025-07-22T11:23:42.242+0000] {processor.py:925} INFO - DAG(s) 'train_traffic_pred' retrieved from /opt/airflow/dags/train_traffic_pred.py
[2025-07-22T11:23:42.262+0000] {logging_mixin.py:190} INFO - [2025-07-22T11:23:42.262+0000] {dag.py:3239} INFO - Sync 1 DAGs
[2025-07-22T11:23:42.279+0000] {logging_mixin.py:190} INFO - [2025-07-22T11:23:42.278+0000] {dag.py:4180} INFO - Setting next_dagrun for train_traffic_pred to 2025-07-22 00:00:00+00:00, run_after=2025-07-23 00:00:00+00:00
[2025-07-22T11:23:42.306+0000] {processor.py:208} INFO - Processing /opt/airflow/dags/train_traffic_pred.py took 3.198 seconds
[2025-07-22T11:24:14.062+0000] {processor.py:186} INFO - Started process (PID=57962) to work on /opt/airflow/dags/train_traffic_pred.py
[2025-07-22T11:24:14.064+0000] {processor.py:914} INFO - Processing file /opt/airflow/dags/train_traffic_pred.py for tasks to queue
[2025-07-22T11:24:14.067+0000] {logging_mixin.py:190} INFO - [2025-07-22T11:24:14.066+0000] {dagbag.py:588} INFO - Filling up the DagBag from /opt/airflow/dags/train_traffic_pred.py
[2025-07-22T11:24:17.229+0000] {processor.py:925} INFO - DAG(s) 'train_traffic_pred' retrieved from /opt/airflow/dags/train_traffic_pred.py
[2025-07-22T11:24:17.251+0000] {logging_mixin.py:190} INFO - [2025-07-22T11:24:17.250+0000] {dag.py:3239} INFO - Sync 1 DAGs
[2025-07-22T11:24:17.270+0000] {logging_mixin.py:190} INFO - [2025-07-22T11:24:17.270+0000] {dag.py:4180} INFO - Setting next_dagrun for train_traffic_pred to 2025-07-22 00:00:00+00:00, run_after=2025-07-23 00:00:00+00:00
[2025-07-22T11:24:17.286+0000] {processor.py:208} INFO - Processing /opt/airflow/dags/train_traffic_pred.py took 3.230 seconds
[2025-07-22T11:24:48.700+0000] {processor.py:186} INFO - Started process (PID=58060) to work on /opt/airflow/dags/train_traffic_pred.py
[2025-07-22T11:24:48.702+0000] {processor.py:914} INFO - Processing file /opt/airflow/dags/train_traffic_pred.py for tasks to queue
[2025-07-22T11:24:48.705+0000] {logging_mixin.py:190} INFO - [2025-07-22T11:24:48.705+0000] {dagbag.py:588} INFO - Filling up the DagBag from /opt/airflow/dags/train_traffic_pred.py
[2025-07-22T11:24:51.893+0000] {processor.py:925} INFO - DAG(s) 'train_traffic_pred' retrieved from /opt/airflow/dags/train_traffic_pred.py
[2025-07-22T11:24:51.916+0000] {logging_mixin.py:190} INFO - [2025-07-22T11:24:51.915+0000] {dag.py:3239} INFO - Sync 1 DAGs
[2025-07-22T11:24:51.933+0000] {logging_mixin.py:190} INFO - [2025-07-22T11:24:51.933+0000] {dag.py:4180} INFO - Setting next_dagrun for train_traffic_pred to 2025-07-22 00:00:00+00:00, run_after=2025-07-23 00:00:00+00:00
[2025-07-22T11:24:51.947+0000] {processor.py:208} INFO - Processing /opt/airflow/dags/train_traffic_pred.py took 3.257 seconds
[2025-07-22T11:25:23.858+0000] {processor.py:186} INFO - Started process (PID=58158) to work on /opt/airflow/dags/train_traffic_pred.py
[2025-07-22T11:25:23.860+0000] {processor.py:914} INFO - Processing file /opt/airflow/dags/train_traffic_pred.py for tasks to queue
[2025-07-22T11:25:23.863+0000] {logging_mixin.py:190} INFO - [2025-07-22T11:25:23.862+0000] {dagbag.py:588} INFO - Filling up the DagBag from /opt/airflow/dags/train_traffic_pred.py
[2025-07-22T11:25:26.968+0000] {processor.py:925} INFO - DAG(s) 'train_traffic_pred' retrieved from /opt/airflow/dags/train_traffic_pred.py
[2025-07-22T11:25:26.989+0000] {logging_mixin.py:190} INFO - [2025-07-22T11:25:26.989+0000] {dag.py:3239} INFO - Sync 1 DAGs
[2025-07-22T11:25:27.006+0000] {logging_mixin.py:190} INFO - [2025-07-22T11:25:27.006+0000] {dag.py:4180} INFO - Setting next_dagrun for train_traffic_pred to 2025-07-22 00:00:00+00:00, run_after=2025-07-23 00:00:00+00:00
[2025-07-22T11:25:27.022+0000] {processor.py:208} INFO - Processing /opt/airflow/dags/train_traffic_pred.py took 3.170 seconds
[2025-07-22T11:25:59.042+0000] {processor.py:186} INFO - Started process (PID=58262) to work on /opt/airflow/dags/train_traffic_pred.py
[2025-07-22T11:25:59.043+0000] {processor.py:914} INFO - Processing file /opt/airflow/dags/train_traffic_pred.py for tasks to queue
[2025-07-22T11:25:59.046+0000] {logging_mixin.py:190} INFO - [2025-07-22T11:25:59.046+0000] {dagbag.py:588} INFO - Filling up the DagBag from /opt/airflow/dags/train_traffic_pred.py
[2025-07-22T11:26:02.245+0000] {processor.py:925} INFO - DAG(s) 'train_traffic_pred' retrieved from /opt/airflow/dags/train_traffic_pred.py
[2025-07-22T11:26:02.266+0000] {logging_mixin.py:190} INFO - [2025-07-22T11:26:02.266+0000] {dag.py:3239} INFO - Sync 1 DAGs
[2025-07-22T11:26:02.285+0000] {logging_mixin.py:190} INFO - [2025-07-22T11:26:02.285+0000] {dag.py:4180} INFO - Setting next_dagrun for train_traffic_pred to 2025-07-22 00:00:00+00:00, run_after=2025-07-23 00:00:00+00:00
[2025-07-22T11:26:02.299+0000] {processor.py:208} INFO - Processing /opt/airflow/dags/train_traffic_pred.py took 3.264 seconds
[2025-07-22T11:26:34.263+0000] {processor.py:186} INFO - Started process (PID=58360) to work on /opt/airflow/dags/train_traffic_pred.py
[2025-07-22T11:26:34.265+0000] {processor.py:914} INFO - Processing file /opt/airflow/dags/train_traffic_pred.py for tasks to queue
[2025-07-22T11:26:34.268+0000] {logging_mixin.py:190} INFO - [2025-07-22T11:26:34.267+0000] {dagbag.py:588} INFO - Filling up the DagBag from /opt/airflow/dags/train_traffic_pred.py
[2025-07-22T11:26:37.453+0000] {processor.py:925} INFO - DAG(s) 'train_traffic_pred' retrieved from /opt/airflow/dags/train_traffic_pred.py
[2025-07-22T11:26:37.476+0000] {logging_mixin.py:190} INFO - [2025-07-22T11:26:37.475+0000] {dag.py:3239} INFO - Sync 1 DAGs
[2025-07-22T11:26:37.495+0000] {logging_mixin.py:190} INFO - [2025-07-22T11:26:37.495+0000] {dag.py:4180} INFO - Setting next_dagrun for train_traffic_pred to 2025-07-22 00:00:00+00:00, run_after=2025-07-23 00:00:00+00:00
[2025-07-22T11:26:37.510+0000] {processor.py:208} INFO - Processing /opt/airflow/dags/train_traffic_pred.py took 3.254 seconds
[2025-07-22T11:27:09.423+0000] {processor.py:186} INFO - Started process (PID=58458) to work on /opt/airflow/dags/train_traffic_pred.py
[2025-07-22T11:27:09.425+0000] {processor.py:914} INFO - Processing file /opt/airflow/dags/train_traffic_pred.py for tasks to queue
[2025-07-22T11:27:09.428+0000] {logging_mixin.py:190} INFO - [2025-07-22T11:27:09.428+0000] {dagbag.py:588} INFO - Filling up the DagBag from /opt/airflow/dags/train_traffic_pred.py
[2025-07-22T11:27:12.807+0000] {processor.py:925} INFO - DAG(s) 'train_traffic_pred' retrieved from /opt/airflow/dags/train_traffic_pred.py
[2025-07-22T11:27:12.828+0000] {logging_mixin.py:190} INFO - [2025-07-22T11:27:12.827+0000] {dag.py:3239} INFO - Sync 1 DAGs
[2025-07-22T11:27:12.847+0000] {logging_mixin.py:190} INFO - [2025-07-22T11:27:12.846+0000] {dag.py:4180} INFO - Setting next_dagrun for train_traffic_pred to 2025-07-22 00:00:00+00:00, run_after=2025-07-23 00:00:00+00:00
[2025-07-22T11:27:12.864+0000] {processor.py:208} INFO - Processing /opt/airflow/dags/train_traffic_pred.py took 3.449 seconds
[2025-07-22T11:27:44.572+0000] {processor.py:186} INFO - Started process (PID=58556) to work on /opt/airflow/dags/train_traffic_pred.py
[2025-07-22T11:27:44.574+0000] {processor.py:914} INFO - Processing file /opt/airflow/dags/train_traffic_pred.py for tasks to queue
[2025-07-22T11:27:44.577+0000] {logging_mixin.py:190} INFO - [2025-07-22T11:27:44.576+0000] {dagbag.py:588} INFO - Filling up the DagBag from /opt/airflow/dags/train_traffic_pred.py
[2025-07-22T11:27:47.852+0000] {processor.py:925} INFO - DAG(s) 'train_traffic_pred' retrieved from /opt/airflow/dags/train_traffic_pred.py
[2025-07-22T11:27:47.873+0000] {logging_mixin.py:190} INFO - [2025-07-22T11:27:47.873+0000] {dag.py:3239} INFO - Sync 1 DAGs
[2025-07-22T11:27:47.892+0000] {logging_mixin.py:190} INFO - [2025-07-22T11:27:47.891+0000] {dag.py:4180} INFO - Setting next_dagrun for train_traffic_pred to 2025-07-22 00:00:00+00:00, run_after=2025-07-23 00:00:00+00:00
[2025-07-22T11:27:47.907+0000] {processor.py:208} INFO - Processing /opt/airflow/dags/train_traffic_pred.py took 3.343 seconds
[2025-07-22T11:28:19.836+0000] {processor.py:186} INFO - Started process (PID=58654) to work on /opt/airflow/dags/train_traffic_pred.py
[2025-07-22T11:28:19.837+0000] {processor.py:914} INFO - Processing file /opt/airflow/dags/train_traffic_pred.py for tasks to queue
[2025-07-22T11:28:19.840+0000] {logging_mixin.py:190} INFO - [2025-07-22T11:28:19.840+0000] {dagbag.py:588} INFO - Filling up the DagBag from /opt/airflow/dags/train_traffic_pred.py
[2025-07-22T11:28:23.210+0000] {processor.py:925} INFO - DAG(s) 'train_traffic_pred' retrieved from /opt/airflow/dags/train_traffic_pred.py
[2025-07-22T11:28:23.231+0000] {logging_mixin.py:190} INFO - [2025-07-22T11:28:23.230+0000] {dag.py:3239} INFO - Sync 1 DAGs
[2025-07-22T11:28:23.250+0000] {logging_mixin.py:190} INFO - [2025-07-22T11:28:23.250+0000] {dag.py:4180} INFO - Setting next_dagrun for train_traffic_pred to 2025-07-22 00:00:00+00:00, run_after=2025-07-23 00:00:00+00:00
[2025-07-22T11:28:23.267+0000] {processor.py:208} INFO - Processing /opt/airflow/dags/train_traffic_pred.py took 3.440 seconds
[2025-07-22T11:28:54.478+0000] {processor.py:186} INFO - Started process (PID=58752) to work on /opt/airflow/dags/train_traffic_pred.py
[2025-07-22T11:28:54.479+0000] {processor.py:914} INFO - Processing file /opt/airflow/dags/train_traffic_pred.py for tasks to queue
[2025-07-22T11:28:54.483+0000] {logging_mixin.py:190} INFO - [2025-07-22T11:28:54.482+0000] {dagbag.py:588} INFO - Filling up the DagBag from /opt/airflow/dags/train_traffic_pred.py
[2025-07-22T11:28:58.028+0000] {processor.py:925} INFO - DAG(s) 'train_traffic_pred' retrieved from /opt/airflow/dags/train_traffic_pred.py
[2025-07-22T11:28:58.051+0000] {logging_mixin.py:190} INFO - [2025-07-22T11:28:58.050+0000] {dag.py:3239} INFO - Sync 1 DAGs
[2025-07-22T11:28:58.071+0000] {logging_mixin.py:190} INFO - [2025-07-22T11:28:58.070+0000] {dag.py:4180} INFO - Setting next_dagrun for train_traffic_pred to 2025-07-22 00:00:00+00:00, run_after=2025-07-23 00:00:00+00:00
[2025-07-22T11:28:58.088+0000] {processor.py:208} INFO - Processing /opt/airflow/dags/train_traffic_pred.py took 3.617 seconds
[2025-07-22T11:29:29.680+0000] {processor.py:186} INFO - Started process (PID=58856) to work on /opt/airflow/dags/train_traffic_pred.py
[2025-07-22T11:29:29.681+0000] {processor.py:914} INFO - Processing file /opt/airflow/dags/train_traffic_pred.py for tasks to queue
[2025-07-22T11:29:29.685+0000] {logging_mixin.py:190} INFO - [2025-07-22T11:29:29.684+0000] {dagbag.py:588} INFO - Filling up the DagBag from /opt/airflow/dags/train_traffic_pred.py
[2025-07-22T11:29:33.075+0000] {processor.py:925} INFO - DAG(s) 'train_traffic_pred' retrieved from /opt/airflow/dags/train_traffic_pred.py
[2025-07-22T11:29:33.097+0000] {logging_mixin.py:190} INFO - [2025-07-22T11:29:33.096+0000] {dag.py:3239} INFO - Sync 1 DAGs
[2025-07-22T11:29:33.115+0000] {logging_mixin.py:190} INFO - [2025-07-22T11:29:33.115+0000] {dag.py:4180} INFO - Setting next_dagrun for train_traffic_pred to 2025-07-22 00:00:00+00:00, run_after=2025-07-23 00:00:00+00:00
[2025-07-22T11:29:33.130+0000] {processor.py:208} INFO - Processing /opt/airflow/dags/train_traffic_pred.py took 3.458 seconds
[2025-07-22T11:30:04.254+0000] {processor.py:186} INFO - Started process (PID=58954) to work on /opt/airflow/dags/train_traffic_pred.py
[2025-07-22T11:30:04.255+0000] {processor.py:914} INFO - Processing file /opt/airflow/dags/train_traffic_pred.py for tasks to queue
[2025-07-22T11:30:04.257+0000] {logging_mixin.py:190} INFO - [2025-07-22T11:30:04.257+0000] {dagbag.py:588} INFO - Filling up the DagBag from /opt/airflow/dags/train_traffic_pred.py
[2025-07-22T11:30:07.376+0000] {processor.py:925} INFO - DAG(s) 'train_traffic_pred' retrieved from /opt/airflow/dags/train_traffic_pred.py
[2025-07-22T11:30:07.398+0000] {logging_mixin.py:190} INFO - [2025-07-22T11:30:07.397+0000] {dag.py:3239} INFO - Sync 1 DAGs
[2025-07-22T11:30:07.417+0000] {logging_mixin.py:190} INFO - [2025-07-22T11:30:07.417+0000] {dag.py:4180} INFO - Setting next_dagrun for train_traffic_pred to 2025-07-22 00:00:00+00:00, run_after=2025-07-23 00:00:00+00:00
[2025-07-22T11:30:07.436+0000] {processor.py:208} INFO - Processing /opt/airflow/dags/train_traffic_pred.py took 3.187 seconds
[2025-07-22T11:30:38.477+0000] {processor.py:186} INFO - Started process (PID=59051) to work on /opt/airflow/dags/train_traffic_pred.py
[2025-07-22T11:30:38.478+0000] {processor.py:914} INFO - Processing file /opt/airflow/dags/train_traffic_pred.py for tasks to queue
[2025-07-22T11:30:38.482+0000] {logging_mixin.py:190} INFO - [2025-07-22T11:30:38.481+0000] {dagbag.py:588} INFO - Filling up the DagBag from /opt/airflow/dags/train_traffic_pred.py
[2025-07-22T11:30:41.784+0000] {processor.py:925} INFO - DAG(s) 'train_traffic_pred' retrieved from /opt/airflow/dags/train_traffic_pred.py
[2025-07-22T11:30:41.807+0000] {logging_mixin.py:190} INFO - [2025-07-22T11:30:41.806+0000] {dag.py:3239} INFO - Sync 1 DAGs
[2025-07-22T11:30:41.825+0000] {logging_mixin.py:190} INFO - [2025-07-22T11:30:41.825+0000] {dag.py:4180} INFO - Setting next_dagrun for train_traffic_pred to 2025-07-22 00:00:00+00:00, run_after=2025-07-23 00:00:00+00:00
[2025-07-22T11:30:41.839+0000] {processor.py:208} INFO - Processing /opt/airflow/dags/train_traffic_pred.py took 3.370 seconds
[2025-07-22T11:31:13.742+0000] {processor.py:186} INFO - Started process (PID=59149) to work on /opt/airflow/dags/train_traffic_pred.py
[2025-07-22T11:31:13.744+0000] {processor.py:914} INFO - Processing file /opt/airflow/dags/train_traffic_pred.py for tasks to queue
[2025-07-22T11:31:13.747+0000] {logging_mixin.py:190} INFO - [2025-07-22T11:31:13.746+0000] {dagbag.py:588} INFO - Filling up the DagBag from /opt/airflow/dags/train_traffic_pred.py
[2025-07-22T11:31:17.016+0000] {processor.py:925} INFO - DAG(s) 'train_traffic_pred' retrieved from /opt/airflow/dags/train_traffic_pred.py
[2025-07-22T11:31:17.039+0000] {logging_mixin.py:190} INFO - [2025-07-22T11:31:17.039+0000] {dag.py:3239} INFO - Sync 1 DAGs
[2025-07-22T11:31:17.058+0000] {logging_mixin.py:190} INFO - [2025-07-22T11:31:17.058+0000] {dag.py:4180} INFO - Setting next_dagrun for train_traffic_pred to 2025-07-22 00:00:00+00:00, run_after=2025-07-23 00:00:00+00:00
[2025-07-22T11:31:17.075+0000] {processor.py:208} INFO - Processing /opt/airflow/dags/train_traffic_pred.py took 3.340 seconds
[2025-07-22T11:31:49.039+0000] {processor.py:186} INFO - Started process (PID=59247) to work on /opt/airflow/dags/train_traffic_pred.py
[2025-07-22T11:31:49.041+0000] {processor.py:914} INFO - Processing file /opt/airflow/dags/train_traffic_pred.py for tasks to queue
[2025-07-22T11:31:49.044+0000] {logging_mixin.py:190} INFO - [2025-07-22T11:31:49.043+0000] {dagbag.py:588} INFO - Filling up the DagBag from /opt/airflow/dags/train_traffic_pred.py
[2025-07-22T11:31:52.420+0000] {processor.py:925} INFO - DAG(s) 'train_traffic_pred' retrieved from /opt/airflow/dags/train_traffic_pred.py
[2025-07-22T11:31:52.438+0000] {logging_mixin.py:190} INFO - [2025-07-22T11:31:52.438+0000] {dag.py:3239} INFO - Sync 1 DAGs
[2025-07-22T11:31:52.454+0000] {logging_mixin.py:190} INFO - [2025-07-22T11:31:52.454+0000] {dag.py:4180} INFO - Setting next_dagrun for train_traffic_pred to 2025-07-22 00:00:00+00:00, run_after=2025-07-23 00:00:00+00:00
[2025-07-22T11:31:52.482+0000] {processor.py:208} INFO - Processing /opt/airflow/dags/train_traffic_pred.py took 3.452 seconds
[2025-07-22T11:32:24.366+0000] {processor.py:186} INFO - Started process (PID=59345) to work on /opt/airflow/dags/train_traffic_pred.py
[2025-07-22T11:32:24.367+0000] {processor.py:914} INFO - Processing file /opt/airflow/dags/train_traffic_pred.py for tasks to queue
[2025-07-22T11:32:24.370+0000] {logging_mixin.py:190} INFO - [2025-07-22T11:32:24.370+0000] {dagbag.py:588} INFO - Filling up the DagBag from /opt/airflow/dags/train_traffic_pred.py
[2025-07-22T11:32:27.548+0000] {processor.py:925} INFO - DAG(s) 'train_traffic_pred' retrieved from /opt/airflow/dags/train_traffic_pred.py
[2025-07-22T11:32:27.569+0000] {logging_mixin.py:190} INFO - [2025-07-22T11:32:27.569+0000] {dag.py:3239} INFO - Sync 1 DAGs
[2025-07-22T11:32:27.588+0000] {logging_mixin.py:190} INFO - [2025-07-22T11:32:27.587+0000] {dag.py:4180} INFO - Setting next_dagrun for train_traffic_pred to 2025-07-22 00:00:00+00:00, run_after=2025-07-23 00:00:00+00:00
[2025-07-22T11:32:27.601+0000] {processor.py:208} INFO - Processing /opt/airflow/dags/train_traffic_pred.py took 3.242 seconds
[2025-07-22T11:32:59.350+0000] {processor.py:186} INFO - Started process (PID=59449) to work on /opt/airflow/dags/train_traffic_pred.py
[2025-07-22T11:32:59.351+0000] {processor.py:914} INFO - Processing file /opt/airflow/dags/train_traffic_pred.py for tasks to queue
[2025-07-22T11:32:59.354+0000] {logging_mixin.py:190} INFO - [2025-07-22T11:32:59.354+0000] {dagbag.py:588} INFO - Filling up the DagBag from /opt/airflow/dags/train_traffic_pred.py
[2025-07-22T11:33:02.783+0000] {processor.py:925} INFO - DAG(s) 'train_traffic_pred' retrieved from /opt/airflow/dags/train_traffic_pred.py
[2025-07-22T11:33:02.802+0000] {logging_mixin.py:190} INFO - [2025-07-22T11:33:02.801+0000] {dag.py:3239} INFO - Sync 1 DAGs
[2025-07-22T11:33:02.817+0000] {logging_mixin.py:190} INFO - [2025-07-22T11:33:02.817+0000] {dag.py:4180} INFO - Setting next_dagrun for train_traffic_pred to 2025-07-22 00:00:00+00:00, run_after=2025-07-23 00:00:00+00:00
[2025-07-22T11:33:02.831+0000] {processor.py:208} INFO - Processing /opt/airflow/dags/train_traffic_pred.py took 3.489 seconds
[2025-07-22T11:33:34.523+0000] {processor.py:186} INFO - Started process (PID=59547) to work on /opt/airflow/dags/train_traffic_pred.py
[2025-07-22T11:33:34.525+0000] {processor.py:914} INFO - Processing file /opt/airflow/dags/train_traffic_pred.py for tasks to queue
[2025-07-22T11:33:34.528+0000] {logging_mixin.py:190} INFO - [2025-07-22T11:33:34.528+0000] {dagbag.py:588} INFO - Filling up the DagBag from /opt/airflow/dags/train_traffic_pred.py
[2025-07-22T11:33:37.896+0000] {processor.py:925} INFO - DAG(s) 'train_traffic_pred' retrieved from /opt/airflow/dags/train_traffic_pred.py
[2025-07-22T11:33:37.917+0000] {logging_mixin.py:190} INFO - [2025-07-22T11:33:37.917+0000] {dag.py:3239} INFO - Sync 1 DAGs
[2025-07-22T11:33:37.936+0000] {logging_mixin.py:190} INFO - [2025-07-22T11:33:37.935+0000] {dag.py:4180} INFO - Setting next_dagrun for train_traffic_pred to 2025-07-22 00:00:00+00:00, run_after=2025-07-23 00:00:00+00:00
[2025-07-22T11:33:37.957+0000] {processor.py:208} INFO - Processing /opt/airflow/dags/train_traffic_pred.py took 3.441 seconds
[2025-07-22T11:34:09.835+0000] {processor.py:186} INFO - Started process (PID=59645) to work on /opt/airflow/dags/train_traffic_pred.py
[2025-07-22T11:34:09.837+0000] {processor.py:914} INFO - Processing file /opt/airflow/dags/train_traffic_pred.py for tasks to queue
[2025-07-22T11:34:09.840+0000] {logging_mixin.py:190} INFO - [2025-07-22T11:34:09.840+0000] {dagbag.py:588} INFO - Filling up the DagBag from /opt/airflow/dags/train_traffic_pred.py
[2025-07-22T11:34:13.390+0000] {processor.py:925} INFO - DAG(s) 'train_traffic_pred' retrieved from /opt/airflow/dags/train_traffic_pred.py
[2025-07-22T11:34:13.411+0000] {logging_mixin.py:190} INFO - [2025-07-22T11:34:13.410+0000] {dag.py:3239} INFO - Sync 1 DAGs
[2025-07-22T11:34:13.429+0000] {logging_mixin.py:190} INFO - [2025-07-22T11:34:13.429+0000] {dag.py:4180} INFO - Setting next_dagrun for train_traffic_pred to 2025-07-22 00:00:00+00:00, run_after=2025-07-23 00:00:00+00:00
[2025-07-22T11:34:13.446+0000] {processor.py:208} INFO - Processing /opt/airflow/dags/train_traffic_pred.py took 3.618 seconds
[2025-07-22T11:34:44.528+0000] {processor.py:186} INFO - Started process (PID=59743) to work on /opt/airflow/dags/train_traffic_pred.py
[2025-07-22T11:34:44.529+0000] {processor.py:914} INFO - Processing file /opt/airflow/dags/train_traffic_pred.py for tasks to queue
[2025-07-22T11:34:44.532+0000] {logging_mixin.py:190} INFO - [2025-07-22T11:34:44.532+0000] {dagbag.py:588} INFO - Filling up the DagBag from /opt/airflow/dags/train_traffic_pred.py
[2025-07-22T11:34:47.909+0000] {processor.py:925} INFO - DAG(s) 'train_traffic_pred' retrieved from /opt/airflow/dags/train_traffic_pred.py
[2025-07-22T11:34:47.928+0000] {logging_mixin.py:190} INFO - [2025-07-22T11:34:47.928+0000] {dag.py:3239} INFO - Sync 1 DAGs
[2025-07-22T11:34:47.946+0000] {logging_mixin.py:190} INFO - [2025-07-22T11:34:47.945+0000] {dag.py:4180} INFO - Setting next_dagrun for train_traffic_pred to 2025-07-22 00:00:00+00:00, run_after=2025-07-23 00:00:00+00:00
[2025-07-22T11:34:47.960+0000] {processor.py:208} INFO - Processing /opt/airflow/dags/train_traffic_pred.py took 3.441 seconds
[2025-07-22T11:35:20.170+0000] {processor.py:186} INFO - Started process (PID=59841) to work on /opt/airflow/dags/train_traffic_pred.py
[2025-07-22T11:35:20.171+0000] {processor.py:914} INFO - Processing file /opt/airflow/dags/train_traffic_pred.py for tasks to queue
[2025-07-22T11:35:20.174+0000] {logging_mixin.py:190} INFO - [2025-07-22T11:35:20.174+0000] {dagbag.py:588} INFO - Filling up the DagBag from /opt/airflow/dags/train_traffic_pred.py
[2025-07-22T11:35:23.484+0000] {processor.py:925} INFO - DAG(s) 'train_traffic_pred' retrieved from /opt/airflow/dags/train_traffic_pred.py
[2025-07-22T11:35:23.505+0000] {logging_mixin.py:190} INFO - [2025-07-22T11:35:23.504+0000] {dag.py:3239} INFO - Sync 1 DAGs
[2025-07-22T11:35:23.522+0000] {logging_mixin.py:190} INFO - [2025-07-22T11:35:23.522+0000] {dag.py:4180} INFO - Setting next_dagrun for train_traffic_pred to 2025-07-22 00:00:00+00:00, run_after=2025-07-23 00:00:00+00:00
[2025-07-22T11:35:23.536+0000] {processor.py:208} INFO - Processing /opt/airflow/dags/train_traffic_pred.py took 3.375 seconds
[2025-07-22T11:35:54.803+0000] {processor.py:186} INFO - Started process (PID=59939) to work on /opt/airflow/dags/train_traffic_pred.py
[2025-07-22T11:35:54.804+0000] {processor.py:914} INFO - Processing file /opt/airflow/dags/train_traffic_pred.py for tasks to queue
[2025-07-22T11:35:54.808+0000] {logging_mixin.py:190} INFO - [2025-07-22T11:35:54.807+0000] {dagbag.py:588} INFO - Filling up the DagBag from /opt/airflow/dags/train_traffic_pred.py
[2025-07-22T11:35:58.233+0000] {processor.py:925} INFO - DAG(s) 'train_traffic_pred' retrieved from /opt/airflow/dags/train_traffic_pred.py
[2025-07-22T11:35:58.255+0000] {logging_mixin.py:190} INFO - [2025-07-22T11:35:58.254+0000] {dag.py:3239} INFO - Sync 1 DAGs
[2025-07-22T11:35:58.273+0000] {logging_mixin.py:190} INFO - [2025-07-22T11:35:58.273+0000] {dag.py:4180} INFO - Setting next_dagrun for train_traffic_pred to 2025-07-22 00:00:00+00:00, run_after=2025-07-23 00:00:00+00:00
[2025-07-22T11:35:58.297+0000] {processor.py:208} INFO - Processing /opt/airflow/dags/train_traffic_pred.py took 3.502 seconds
[2025-07-22T11:36:30.170+0000] {processor.py:186} INFO - Started process (PID=60043) to work on /opt/airflow/dags/train_traffic_pred.py
[2025-07-22T11:36:30.171+0000] {processor.py:914} INFO - Processing file /opt/airflow/dags/train_traffic_pred.py for tasks to queue
[2025-07-22T11:36:30.174+0000] {logging_mixin.py:190} INFO - [2025-07-22T11:36:30.174+0000] {dagbag.py:588} INFO - Filling up the DagBag from /opt/airflow/dags/train_traffic_pred.py
[2025-07-22T11:36:33.708+0000] {processor.py:925} INFO - DAG(s) 'train_traffic_pred' retrieved from /opt/airflow/dags/train_traffic_pred.py
[2025-07-22T11:36:33.727+0000] {logging_mixin.py:190} INFO - [2025-07-22T11:36:33.727+0000] {dag.py:3239} INFO - Sync 1 DAGs
[2025-07-22T11:36:33.744+0000] {logging_mixin.py:190} INFO - [2025-07-22T11:36:33.744+0000] {dag.py:4180} INFO - Setting next_dagrun for train_traffic_pred to 2025-07-22 00:00:00+00:00, run_after=2025-07-23 00:00:00+00:00
[2025-07-22T11:36:33.757+0000] {processor.py:208} INFO - Processing /opt/airflow/dags/train_traffic_pred.py took 3.594 seconds
[2025-07-22T11:37:05.052+0000] {processor.py:186} INFO - Started process (PID=60141) to work on /opt/airflow/dags/train_traffic_pred.py
[2025-07-22T11:37:05.054+0000] {processor.py:914} INFO - Processing file /opt/airflow/dags/train_traffic_pred.py for tasks to queue
[2025-07-22T11:37:05.056+0000] {logging_mixin.py:190} INFO - [2025-07-22T11:37:05.056+0000] {dagbag.py:588} INFO - Filling up the DagBag from /opt/airflow/dags/train_traffic_pred.py
[2025-07-22T11:37:08.384+0000] {processor.py:925} INFO - DAG(s) 'train_traffic_pred' retrieved from /opt/airflow/dags/train_traffic_pred.py
[2025-07-22T11:37:08.402+0000] {logging_mixin.py:190} INFO - [2025-07-22T11:37:08.402+0000] {dag.py:3239} INFO - Sync 1 DAGs
[2025-07-22T11:37:08.418+0000] {logging_mixin.py:190} INFO - [2025-07-22T11:37:08.418+0000] {dag.py:4180} INFO - Setting next_dagrun for train_traffic_pred to 2025-07-22 00:00:00+00:00, run_after=2025-07-23 00:00:00+00:00
[2025-07-22T11:37:08.433+0000] {processor.py:208} INFO - Processing /opt/airflow/dags/train_traffic_pred.py took 3.388 seconds
[2025-07-22T11:37:39.754+0000] {processor.py:186} INFO - Started process (PID=60239) to work on /opt/airflow/dags/train_traffic_pred.py
[2025-07-22T11:37:39.756+0000] {processor.py:914} INFO - Processing file /opt/airflow/dags/train_traffic_pred.py for tasks to queue
[2025-07-22T11:37:39.759+0000] {logging_mixin.py:190} INFO - [2025-07-22T11:37:39.758+0000] {dagbag.py:588} INFO - Filling up the DagBag from /opt/airflow/dags/train_traffic_pred.py
[2025-07-22T11:37:43.285+0000] {processor.py:925} INFO - DAG(s) 'train_traffic_pred' retrieved from /opt/airflow/dags/train_traffic_pred.py
[2025-07-22T11:37:43.307+0000] {logging_mixin.py:190} INFO - [2025-07-22T11:37:43.306+0000] {dag.py:3239} INFO - Sync 1 DAGs
[2025-07-22T11:37:43.326+0000] {logging_mixin.py:190} INFO - [2025-07-22T11:37:43.326+0000] {dag.py:4180} INFO - Setting next_dagrun for train_traffic_pred to 2025-07-22 00:00:00+00:00, run_after=2025-07-23 00:00:00+00:00
[2025-07-22T11:37:43.340+0000] {processor.py:208} INFO - Processing /opt/airflow/dags/train_traffic_pred.py took 3.595 seconds
[2025-07-22T11:38:14.420+0000] {processor.py:186} INFO - Started process (PID=60338) to work on /opt/airflow/dags/train_traffic_pred.py
[2025-07-22T11:38:14.421+0000] {processor.py:914} INFO - Processing file /opt/airflow/dags/train_traffic_pred.py for tasks to queue
[2025-07-22T11:38:14.424+0000] {logging_mixin.py:190} INFO - [2025-07-22T11:38:14.424+0000] {dagbag.py:588} INFO - Filling up the DagBag from /opt/airflow/dags/train_traffic_pred.py
[2025-07-22T11:38:17.879+0000] {processor.py:925} INFO - DAG(s) 'train_traffic_pred' retrieved from /opt/airflow/dags/train_traffic_pred.py
[2025-07-22T11:38:17.898+0000] {logging_mixin.py:190} INFO - [2025-07-22T11:38:17.898+0000] {dag.py:3239} INFO - Sync 1 DAGs
[2025-07-22T11:38:17.916+0000] {logging_mixin.py:190} INFO - [2025-07-22T11:38:17.916+0000] {dag.py:4180} INFO - Setting next_dagrun for train_traffic_pred to 2025-07-22 00:00:00+00:00, run_after=2025-07-23 00:00:00+00:00
[2025-07-22T11:38:17.932+0000] {processor.py:208} INFO - Processing /opt/airflow/dags/train_traffic_pred.py took 3.519 seconds
[2025-07-22T11:38:49.224+0000] {processor.py:186} INFO - Started process (PID=60436) to work on /opt/airflow/dags/train_traffic_pred.py
[2025-07-22T11:38:49.225+0000] {processor.py:914} INFO - Processing file /opt/airflow/dags/train_traffic_pred.py for tasks to queue
[2025-07-22T11:38:49.228+0000] {logging_mixin.py:190} INFO - [2025-07-22T11:38:49.228+0000] {dagbag.py:588} INFO - Filling up the DagBag from /opt/airflow/dags/train_traffic_pred.py
[2025-07-22T11:38:52.732+0000] {processor.py:925} INFO - DAG(s) 'train_traffic_pred' retrieved from /opt/airflow/dags/train_traffic_pred.py
[2025-07-22T11:38:52.751+0000] {logging_mixin.py:190} INFO - [2025-07-22T11:38:52.751+0000] {dag.py:3239} INFO - Sync 1 DAGs
[2025-07-22T11:38:52.769+0000] {logging_mixin.py:190} INFO - [2025-07-22T11:38:52.768+0000] {dag.py:4180} INFO - Setting next_dagrun for train_traffic_pred to 2025-07-22 00:00:00+00:00, run_after=2025-07-23 00:00:00+00:00
[2025-07-22T11:38:52.785+0000] {processor.py:208} INFO - Processing /opt/airflow/dags/train_traffic_pred.py took 3.572 seconds
[2025-07-22T11:39:24.801+0000] {processor.py:186} INFO - Started process (PID=60534) to work on /opt/airflow/dags/train_traffic_pred.py
[2025-07-22T11:39:24.802+0000] {processor.py:914} INFO - Processing file /opt/airflow/dags/train_traffic_pred.py for tasks to queue
[2025-07-22T11:39:24.805+0000] {logging_mixin.py:190} INFO - [2025-07-22T11:39:24.805+0000] {dagbag.py:588} INFO - Filling up the DagBag from /opt/airflow/dags/train_traffic_pred.py
[2025-07-22T11:39:28.164+0000] {processor.py:925} INFO - DAG(s) 'train_traffic_pred' retrieved from /opt/airflow/dags/train_traffic_pred.py
[2025-07-22T11:39:28.185+0000] {logging_mixin.py:190} INFO - [2025-07-22T11:39:28.183+0000] {dag.py:3239} INFO - Sync 1 DAGs
[2025-07-22T11:39:28.201+0000] {logging_mixin.py:190} INFO - [2025-07-22T11:39:28.201+0000] {dag.py:4180} INFO - Setting next_dagrun for train_traffic_pred to 2025-07-22 00:00:00+00:00, run_after=2025-07-23 00:00:00+00:00
[2025-07-22T11:39:28.216+0000] {processor.py:208} INFO - Processing /opt/airflow/dags/train_traffic_pred.py took 3.422 seconds
[2025-07-22T11:39:59.427+0000] {processor.py:186} INFO - Started process (PID=60632) to work on /opt/airflow/dags/train_traffic_pred.py
[2025-07-22T11:39:59.428+0000] {processor.py:914} INFO - Processing file /opt/airflow/dags/train_traffic_pred.py for tasks to queue
[2025-07-22T11:39:59.431+0000] {logging_mixin.py:190} INFO - [2025-07-22T11:39:59.431+0000] {dagbag.py:588} INFO - Filling up the DagBag from /opt/airflow/dags/train_traffic_pred.py
[2025-07-22T11:40:02.842+0000] {processor.py:925} INFO - DAG(s) 'train_traffic_pred' retrieved from /opt/airflow/dags/train_traffic_pred.py
[2025-07-22T11:40:02.863+0000] {logging_mixin.py:190} INFO - [2025-07-22T11:40:02.862+0000] {dag.py:3239} INFO - Sync 1 DAGs
[2025-07-22T11:40:02.881+0000] {logging_mixin.py:190} INFO - [2025-07-22T11:40:02.881+0000] {dag.py:4180} INFO - Setting next_dagrun for train_traffic_pred to 2025-07-22 00:00:00+00:00, run_after=2025-07-23 00:00:00+00:00
[2025-07-22T11:40:02.898+0000] {processor.py:208} INFO - Processing /opt/airflow/dags/train_traffic_pred.py took 3.479 seconds
[2025-07-22T11:40:34.027+0000] {processor.py:186} INFO - Started process (PID=60736) to work on /opt/airflow/dags/train_traffic_pred.py
[2025-07-22T11:40:34.028+0000] {processor.py:914} INFO - Processing file /opt/airflow/dags/train_traffic_pred.py for tasks to queue
[2025-07-22T11:40:34.030+0000] {logging_mixin.py:190} INFO - [2025-07-22T11:40:34.030+0000] {dagbag.py:588} INFO - Filling up the DagBag from /opt/airflow/dags/train_traffic_pred.py
[2025-07-22T11:40:37.366+0000] {processor.py:925} INFO - DAG(s) 'train_traffic_pred' retrieved from /opt/airflow/dags/train_traffic_pred.py
[2025-07-22T11:40:37.386+0000] {logging_mixin.py:190} INFO - [2025-07-22T11:40:37.386+0000] {dag.py:3239} INFO - Sync 1 DAGs
[2025-07-22T11:40:37.403+0000] {logging_mixin.py:190} INFO - [2025-07-22T11:40:37.402+0000] {dag.py:4180} INFO - Setting next_dagrun for train_traffic_pred to 2025-07-22 00:00:00+00:00, run_after=2025-07-23 00:00:00+00:00
[2025-07-22T11:40:37.417+0000] {processor.py:208} INFO - Processing /opt/airflow/dags/train_traffic_pred.py took 3.398 seconds
[2025-07-22T11:41:08.614+0000] {processor.py:186} INFO - Started process (PID=60834) to work on /opt/airflow/dags/train_traffic_pred.py
[2025-07-22T11:41:08.616+0000] {processor.py:914} INFO - Processing file /opt/airflow/dags/train_traffic_pred.py for tasks to queue
[2025-07-22T11:41:08.619+0000] {logging_mixin.py:190} INFO - [2025-07-22T11:41:08.618+0000] {dagbag.py:588} INFO - Filling up the DagBag from /opt/airflow/dags/train_traffic_pred.py
[2025-07-22T11:41:12.159+0000] {processor.py:925} INFO - DAG(s) 'train_traffic_pred' retrieved from /opt/airflow/dags/train_traffic_pred.py
[2025-07-22T11:41:12.181+0000] {logging_mixin.py:190} INFO - [2025-07-22T11:41:12.180+0000] {dag.py:3239} INFO - Sync 1 DAGs
[2025-07-22T11:41:12.209+0000] {logging_mixin.py:190} INFO - [2025-07-22T11:41:12.209+0000] {dag.py:4180} INFO - Setting next_dagrun for train_traffic_pred to 2025-07-22 00:00:00+00:00, run_after=2025-07-23 00:00:00+00:00
[2025-07-22T11:41:12.229+0000] {processor.py:208} INFO - Processing /opt/airflow/dags/train_traffic_pred.py took 3.623 seconds
[2025-07-22T11:41:43.556+0000] {processor.py:186} INFO - Started process (PID=60932) to work on /opt/airflow/dags/train_traffic_pred.py
[2025-07-22T11:41:43.557+0000] {processor.py:914} INFO - Processing file /opt/airflow/dags/train_traffic_pred.py for tasks to queue
[2025-07-22T11:41:43.560+0000] {logging_mixin.py:190} INFO - [2025-07-22T11:41:43.560+0000] {dagbag.py:588} INFO - Filling up the DagBag from /opt/airflow/dags/train_traffic_pred.py
[2025-07-22T11:41:46.945+0000] {processor.py:925} INFO - DAG(s) 'train_traffic_pred' retrieved from /opt/airflow/dags/train_traffic_pred.py
[2025-07-22T11:41:46.967+0000] {logging_mixin.py:190} INFO - [2025-07-22T11:41:46.966+0000] {dag.py:3239} INFO - Sync 1 DAGs
[2025-07-22T11:41:46.985+0000] {logging_mixin.py:190} INFO - [2025-07-22T11:41:46.984+0000] {dag.py:4180} INFO - Setting next_dagrun for train_traffic_pred to 2025-07-22 00:00:00+00:00, run_after=2025-07-23 00:00:00+00:00
[2025-07-22T11:41:47.001+0000] {processor.py:208} INFO - Processing /opt/airflow/dags/train_traffic_pred.py took 3.452 seconds
[2025-07-22T11:42:18.190+0000] {processor.py:186} INFO - Started process (PID=61030) to work on /opt/airflow/dags/train_traffic_pred.py
[2025-07-22T11:42:18.191+0000] {processor.py:914} INFO - Processing file /opt/airflow/dags/train_traffic_pred.py for tasks to queue
[2025-07-22T11:42:18.194+0000] {logging_mixin.py:190} INFO - [2025-07-22T11:42:18.194+0000] {dagbag.py:588} INFO - Filling up the DagBag from /opt/airflow/dags/train_traffic_pred.py
[2025-07-22T11:42:21.953+0000] {processor.py:925} INFO - DAG(s) 'train_traffic_pred' retrieved from /opt/airflow/dags/train_traffic_pred.py
[2025-07-22T11:42:21.977+0000] {logging_mixin.py:190} INFO - [2025-07-22T11:42:21.976+0000] {dag.py:3239} INFO - Sync 1 DAGs
[2025-07-22T11:42:21.995+0000] {logging_mixin.py:190} INFO - [2025-07-22T11:42:21.995+0000] {dag.py:4180} INFO - Setting next_dagrun for train_traffic_pred to 2025-07-22 00:00:00+00:00, run_after=2025-07-23 00:00:00+00:00
[2025-07-22T11:42:22.012+0000] {processor.py:208} INFO - Processing /opt/airflow/dags/train_traffic_pred.py took 3.831 seconds
[2025-07-22T11:42:53.343+0000] {processor.py:186} INFO - Started process (PID=61128) to work on /opt/airflow/dags/train_traffic_pred.py
[2025-07-22T11:42:53.344+0000] {processor.py:914} INFO - Processing file /opt/airflow/dags/train_traffic_pred.py for tasks to queue
[2025-07-22T11:42:53.348+0000] {logging_mixin.py:190} INFO - [2025-07-22T11:42:53.347+0000] {dagbag.py:588} INFO - Filling up the DagBag from /opt/airflow/dags/train_traffic_pred.py
[2025-07-22T11:42:56.698+0000] {processor.py:925} INFO - DAG(s) 'train_traffic_pred' retrieved from /opt/airflow/dags/train_traffic_pred.py
[2025-07-22T11:42:56.717+0000] {logging_mixin.py:190} INFO - [2025-07-22T11:42:56.717+0000] {dag.py:3239} INFO - Sync 1 DAGs
[2025-07-22T11:42:56.733+0000] {logging_mixin.py:190} INFO - [2025-07-22T11:42:56.733+0000] {dag.py:4180} INFO - Setting next_dagrun for train_traffic_pred to 2025-07-22 00:00:00+00:00, run_after=2025-07-23 00:00:00+00:00
[2025-07-22T11:42:56.747+0000] {processor.py:208} INFO - Processing /opt/airflow/dags/train_traffic_pred.py took 3.412 seconds
[2025-07-22T11:43:27.950+0000] {processor.py:186} INFO - Started process (PID=61226) to work on /opt/airflow/dags/train_traffic_pred.py
[2025-07-22T11:43:27.952+0000] {processor.py:914} INFO - Processing file /opt/airflow/dags/train_traffic_pred.py for tasks to queue
[2025-07-22T11:43:27.955+0000] {logging_mixin.py:190} INFO - [2025-07-22T11:43:27.955+0000] {dagbag.py:588} INFO - Filling up the DagBag from /opt/airflow/dags/train_traffic_pred.py
[2025-07-22T11:43:31.565+0000] {processor.py:925} INFO - DAG(s) 'train_traffic_pred' retrieved from /opt/airflow/dags/train_traffic_pred.py
[2025-07-22T11:43:31.587+0000] {logging_mixin.py:190} INFO - [2025-07-22T11:43:31.587+0000] {dag.py:3239} INFO - Sync 1 DAGs
[2025-07-22T11:43:31.605+0000] {logging_mixin.py:190} INFO - [2025-07-22T11:43:31.605+0000] {dag.py:4180} INFO - Setting next_dagrun for train_traffic_pred to 2025-07-22 00:00:00+00:00, run_after=2025-07-23 00:00:00+00:00
[2025-07-22T11:43:31.618+0000] {processor.py:208} INFO - Processing /opt/airflow/dags/train_traffic_pred.py took 3.676 seconds
[2025-07-22T11:44:02.920+0000] {processor.py:186} INFO - Started process (PID=61330) to work on /opt/airflow/dags/train_traffic_pred.py
[2025-07-22T11:44:02.921+0000] {processor.py:914} INFO - Processing file /opt/airflow/dags/train_traffic_pred.py for tasks to queue
[2025-07-22T11:44:02.924+0000] {logging_mixin.py:190} INFO - [2025-07-22T11:44:02.924+0000] {dagbag.py:588} INFO - Filling up the DagBag from /opt/airflow/dags/train_traffic_pred.py
[2025-07-22T11:44:06.441+0000] {processor.py:925} INFO - DAG(s) 'train_traffic_pred' retrieved from /opt/airflow/dags/train_traffic_pred.py
[2025-07-22T11:44:06.464+0000] {logging_mixin.py:190} INFO - [2025-07-22T11:44:06.462+0000] {dag.py:3239} INFO - Sync 1 DAGs
[2025-07-22T11:44:06.486+0000] {logging_mixin.py:190} INFO - [2025-07-22T11:44:06.485+0000] {dag.py:4180} INFO - Setting next_dagrun for train_traffic_pred to 2025-07-22 00:00:00+00:00, run_after=2025-07-23 00:00:00+00:00
[2025-07-22T11:44:06.505+0000] {processor.py:208} INFO - Processing /opt/airflow/dags/train_traffic_pred.py took 3.592 seconds
[2025-07-22T11:44:37.953+0000] {processor.py:186} INFO - Started process (PID=61428) to work on /opt/airflow/dags/train_traffic_pred.py
[2025-07-22T11:44:37.954+0000] {processor.py:914} INFO - Processing file /opt/airflow/dags/train_traffic_pred.py for tasks to queue
[2025-07-22T11:44:37.957+0000] {logging_mixin.py:190} INFO - [2025-07-22T11:44:37.957+0000] {dagbag.py:588} INFO - Filling up the DagBag from /opt/airflow/dags/train_traffic_pred.py
[2025-07-22T11:44:41.601+0000] {processor.py:925} INFO - DAG(s) 'train_traffic_pred' retrieved from /opt/airflow/dags/train_traffic_pred.py
[2025-07-22T11:44:41.621+0000] {logging_mixin.py:190} INFO - [2025-07-22T11:44:41.621+0000] {dag.py:3239} INFO - Sync 1 DAGs
[2025-07-22T11:44:41.640+0000] {logging_mixin.py:190} INFO - [2025-07-22T11:44:41.639+0000] {dag.py:4180} INFO - Setting next_dagrun for train_traffic_pred to 2025-07-22 00:00:00+00:00, run_after=2025-07-23 00:00:00+00:00
[2025-07-22T11:44:41.657+0000] {processor.py:208} INFO - Processing /opt/airflow/dags/train_traffic_pred.py took 3.710 seconds
[2025-07-22T11:45:13.662+0000] {processor.py:186} INFO - Started process (PID=61526) to work on /opt/airflow/dags/train_traffic_pred.py
[2025-07-22T11:45:13.663+0000] {processor.py:914} INFO - Processing file /opt/airflow/dags/train_traffic_pred.py for tasks to queue
[2025-07-22T11:45:13.665+0000] {logging_mixin.py:190} INFO - [2025-07-22T11:45:13.665+0000] {dagbag.py:588} INFO - Filling up the DagBag from /opt/airflow/dags/train_traffic_pred.py
[2025-07-22T11:45:17.022+0000] {processor.py:925} INFO - DAG(s) 'train_traffic_pred' retrieved from /opt/airflow/dags/train_traffic_pred.py
[2025-07-22T11:45:17.045+0000] {logging_mixin.py:190} INFO - [2025-07-22T11:45:17.044+0000] {dag.py:3239} INFO - Sync 1 DAGs
[2025-07-22T11:45:17.064+0000] {logging_mixin.py:190} INFO - [2025-07-22T11:45:17.063+0000] {dag.py:4180} INFO - Setting next_dagrun for train_traffic_pred to 2025-07-22 00:00:00+00:00, run_after=2025-07-23 00:00:00+00:00
[2025-07-22T11:45:17.080+0000] {processor.py:208} INFO - Processing /opt/airflow/dags/train_traffic_pred.py took 3.423 seconds
[2025-07-22T11:45:48.581+0000] {processor.py:186} INFO - Started process (PID=61624) to work on /opt/airflow/dags/train_traffic_pred.py
[2025-07-22T11:45:48.583+0000] {processor.py:914} INFO - Processing file /opt/airflow/dags/train_traffic_pred.py for tasks to queue
[2025-07-22T11:45:48.585+0000] {logging_mixin.py:190} INFO - [2025-07-22T11:45:48.585+0000] {dagbag.py:588} INFO - Filling up the DagBag from /opt/airflow/dags/train_traffic_pred.py
[2025-07-22T11:45:52.357+0000] {processor.py:925} INFO - DAG(s) 'train_traffic_pred' retrieved from /opt/airflow/dags/train_traffic_pred.py
[2025-07-22T11:45:52.379+0000] {logging_mixin.py:190} INFO - [2025-07-22T11:45:52.378+0000] {dag.py:3239} INFO - Sync 1 DAGs
[2025-07-22T11:45:52.398+0000] {logging_mixin.py:190} INFO - [2025-07-22T11:45:52.398+0000] {dag.py:4180} INFO - Setting next_dagrun for train_traffic_pred to 2025-07-22 00:00:00+00:00, run_after=2025-07-23 00:00:00+00:00
[2025-07-22T11:45:52.417+0000] {processor.py:208} INFO - Processing /opt/airflow/dags/train_traffic_pred.py took 3.843 seconds
[2025-07-22T11:46:24.282+0000] {processor.py:186} INFO - Started process (PID=61722) to work on /opt/airflow/dags/train_traffic_pred.py
[2025-07-22T11:46:24.284+0000] {processor.py:914} INFO - Processing file /opt/airflow/dags/train_traffic_pred.py for tasks to queue
[2025-07-22T11:46:24.287+0000] {logging_mixin.py:190} INFO - [2025-07-22T11:46:24.286+0000] {dagbag.py:588} INFO - Filling up the DagBag from /opt/airflow/dags/train_traffic_pred.py
[2025-07-22T11:46:27.724+0000] {processor.py:925} INFO - DAG(s) 'train_traffic_pred' retrieved from /opt/airflow/dags/train_traffic_pred.py
[2025-07-22T11:46:27.745+0000] {logging_mixin.py:190} INFO - [2025-07-22T11:46:27.745+0000] {dag.py:3239} INFO - Sync 1 DAGs
[2025-07-22T11:46:27.764+0000] {logging_mixin.py:190} INFO - [2025-07-22T11:46:27.764+0000] {dag.py:4180} INFO - Setting next_dagrun for train_traffic_pred to 2025-07-22 00:00:00+00:00, run_after=2025-07-23 00:00:00+00:00
[2025-07-22T11:46:27.782+0000] {processor.py:208} INFO - Processing /opt/airflow/dags/train_traffic_pred.py took 3.507 seconds
[2025-07-22T11:46:59.234+0000] {processor.py:186} INFO - Started process (PID=61820) to work on /opt/airflow/dags/train_traffic_pred.py
[2025-07-22T11:46:59.236+0000] {processor.py:914} INFO - Processing file /opt/airflow/dags/train_traffic_pred.py for tasks to queue
[2025-07-22T11:46:59.239+0000] {logging_mixin.py:190} INFO - [2025-07-22T11:46:59.239+0000] {dagbag.py:588} INFO - Filling up the DagBag from /opt/airflow/dags/train_traffic_pred.py
[2025-07-22T11:47:02.853+0000] {processor.py:925} INFO - DAG(s) 'train_traffic_pred' retrieved from /opt/airflow/dags/train_traffic_pred.py
[2025-07-22T11:47:02.877+0000] {logging_mixin.py:190} INFO - [2025-07-22T11:47:02.876+0000] {dag.py:3239} INFO - Sync 1 DAGs
[2025-07-22T11:47:02.897+0000] {logging_mixin.py:190} INFO - [2025-07-22T11:47:02.897+0000] {dag.py:4180} INFO - Setting next_dagrun for train_traffic_pred to 2025-07-22 00:00:00+00:00, run_after=2025-07-23 00:00:00+00:00
[2025-07-22T11:47:02.914+0000] {processor.py:208} INFO - Processing /opt/airflow/dags/train_traffic_pred.py took 3.688 seconds
[2025-07-22T11:47:34.890+0000] {processor.py:186} INFO - Started process (PID=61925) to work on /opt/airflow/dags/train_traffic_pred.py
[2025-07-22T11:47:34.892+0000] {processor.py:914} INFO - Processing file /opt/airflow/dags/train_traffic_pred.py for tasks to queue
[2025-07-22T11:47:34.895+0000] {logging_mixin.py:190} INFO - [2025-07-22T11:47:34.894+0000] {dagbag.py:588} INFO - Filling up the DagBag from /opt/airflow/dags/train_traffic_pred.py
[2025-07-22T11:47:38.371+0000] {processor.py:925} INFO - DAG(s) 'train_traffic_pred' retrieved from /opt/airflow/dags/train_traffic_pred.py
[2025-07-22T11:47:38.392+0000] {logging_mixin.py:190} INFO - [2025-07-22T11:47:38.392+0000] {dag.py:3239} INFO - Sync 1 DAGs
[2025-07-22T11:47:38.411+0000] {logging_mixin.py:190} INFO - [2025-07-22T11:47:38.410+0000] {dag.py:4180} INFO - Setting next_dagrun for train_traffic_pred to 2025-07-22 00:00:00+00:00, run_after=2025-07-23 00:00:00+00:00
[2025-07-22T11:47:38.427+0000] {processor.py:208} INFO - Processing /opt/airflow/dags/train_traffic_pred.py took 3.544 seconds
[2025-07-22T11:48:10.126+0000] {processor.py:186} INFO - Started process (PID=62023) to work on /opt/airflow/dags/train_traffic_pred.py
[2025-07-22T11:48:10.128+0000] {processor.py:914} INFO - Processing file /opt/airflow/dags/train_traffic_pred.py for tasks to queue
[2025-07-22T11:48:10.130+0000] {logging_mixin.py:190} INFO - [2025-07-22T11:48:10.130+0000] {dagbag.py:588} INFO - Filling up the DagBag from /opt/airflow/dags/train_traffic_pred.py
[2025-07-22T11:48:13.491+0000] {processor.py:925} INFO - DAG(s) 'train_traffic_pred' retrieved from /opt/airflow/dags/train_traffic_pred.py
[2025-07-22T11:48:13.512+0000] {logging_mixin.py:190} INFO - [2025-07-22T11:48:13.511+0000] {dag.py:3239} INFO - Sync 1 DAGs
[2025-07-22T11:48:13.530+0000] {logging_mixin.py:190} INFO - [2025-07-22T11:48:13.529+0000] {dag.py:4180} INFO - Setting next_dagrun for train_traffic_pred to 2025-07-22 00:00:00+00:00, run_after=2025-07-23 00:00:00+00:00
[2025-07-22T11:48:13.546+0000] {processor.py:208} INFO - Processing /opt/airflow/dags/train_traffic_pred.py took 3.426 seconds
[2025-07-22T11:48:45.516+0000] {processor.py:186} INFO - Started process (PID=62121) to work on /opt/airflow/dags/train_traffic_pred.py
[2025-07-22T11:48:45.517+0000] {processor.py:914} INFO - Processing file /opt/airflow/dags/train_traffic_pred.py for tasks to queue
[2025-07-22T11:48:45.520+0000] {logging_mixin.py:190} INFO - [2025-07-22T11:48:45.520+0000] {dagbag.py:588} INFO - Filling up the DagBag from /opt/airflow/dags/train_traffic_pred.py
[2025-07-22T11:48:48.976+0000] {processor.py:925} INFO - DAG(s) 'train_traffic_pred' retrieved from /opt/airflow/dags/train_traffic_pred.py
[2025-07-22T11:48:48.997+0000] {logging_mixin.py:190} INFO - [2025-07-22T11:48:48.997+0000] {dag.py:3239} INFO - Sync 1 DAGs
[2025-07-22T11:48:49.018+0000] {logging_mixin.py:190} INFO - [2025-07-22T11:48:49.017+0000] {dag.py:4180} INFO - Setting next_dagrun for train_traffic_pred to 2025-07-22 00:00:00+00:00, run_after=2025-07-23 00:00:00+00:00
[2025-07-22T11:48:49.033+0000] {processor.py:208} INFO - Processing /opt/airflow/dags/train_traffic_pred.py took 3.525 seconds
[2025-07-22T11:49:20.085+0000] {processor.py:186} INFO - Started process (PID=62219) to work on /opt/airflow/dags/train_traffic_pred.py
[2025-07-22T11:49:20.087+0000] {processor.py:914} INFO - Processing file /opt/airflow/dags/train_traffic_pred.py for tasks to queue
[2025-07-22T11:49:20.089+0000] {logging_mixin.py:190} INFO - [2025-07-22T11:49:20.089+0000] {dagbag.py:588} INFO - Filling up the DagBag from /opt/airflow/dags/train_traffic_pred.py
[2025-07-22T11:49:23.448+0000] {processor.py:925} INFO - DAG(s) 'train_traffic_pred' retrieved from /opt/airflow/dags/train_traffic_pred.py
[2025-07-22T11:49:23.470+0000] {logging_mixin.py:190} INFO - [2025-07-22T11:49:23.469+0000] {dag.py:3239} INFO - Sync 1 DAGs
[2025-07-22T11:49:23.487+0000] {logging_mixin.py:190} INFO - [2025-07-22T11:49:23.486+0000] {dag.py:4180} INFO - Setting next_dagrun for train_traffic_pred to 2025-07-22 00:00:00+00:00, run_after=2025-07-23 00:00:00+00:00
[2025-07-22T11:49:23.501+0000] {processor.py:208} INFO - Processing /opt/airflow/dags/train_traffic_pred.py took 3.425 seconds
[2025-07-22T11:49:55.420+0000] {processor.py:186} INFO - Started process (PID=62317) to work on /opt/airflow/dags/train_traffic_pred.py
[2025-07-22T11:49:55.421+0000] {processor.py:914} INFO - Processing file /opt/airflow/dags/train_traffic_pred.py for tasks to queue
[2025-07-22T11:49:55.424+0000] {logging_mixin.py:190} INFO - [2025-07-22T11:49:55.424+0000] {dagbag.py:588} INFO - Filling up the DagBag from /opt/airflow/dags/train_traffic_pred.py
[2025-07-22T11:49:58.958+0000] {processor.py:925} INFO - DAG(s) 'train_traffic_pred' retrieved from /opt/airflow/dags/train_traffic_pred.py
[2025-07-22T11:49:58.983+0000] {logging_mixin.py:190} INFO - [2025-07-22T11:49:58.982+0000] {dag.py:3239} INFO - Sync 1 DAGs
[2025-07-22T11:49:59.009+0000] {logging_mixin.py:190} INFO - [2025-07-22T11:49:59.008+0000] {dag.py:4180} INFO - Setting next_dagrun for train_traffic_pred to 2025-07-22 00:00:00+00:00, run_after=2025-07-23 00:00:00+00:00
[2025-07-22T11:49:59.029+0000] {processor.py:208} INFO - Processing /opt/airflow/dags/train_traffic_pred.py took 3.616 seconds
[2025-07-22T11:50:30.347+0000] {processor.py:186} INFO - Started process (PID=62415) to work on /opt/airflow/dags/train_traffic_pred.py
[2025-07-22T11:50:30.348+0000] {processor.py:914} INFO - Processing file /opt/airflow/dags/train_traffic_pred.py for tasks to queue
[2025-07-22T11:50:30.351+0000] {logging_mixin.py:190} INFO - [2025-07-22T11:50:30.351+0000] {dagbag.py:588} INFO - Filling up the DagBag from /opt/airflow/dags/train_traffic_pred.py
[2025-07-22T11:50:33.723+0000] {processor.py:925} INFO - DAG(s) 'train_traffic_pred' retrieved from /opt/airflow/dags/train_traffic_pred.py
[2025-07-22T11:50:33.746+0000] {logging_mixin.py:190} INFO - [2025-07-22T11:50:33.746+0000] {dag.py:3239} INFO - Sync 1 DAGs
[2025-07-22T11:50:33.765+0000] {logging_mixin.py:190} INFO - [2025-07-22T11:50:33.765+0000] {dag.py:4180} INFO - Setting next_dagrun for train_traffic_pred to 2025-07-22 00:00:00+00:00, run_after=2025-07-23 00:00:00+00:00
[2025-07-22T11:50:33.782+0000] {processor.py:208} INFO - Processing /opt/airflow/dags/train_traffic_pred.py took 3.442 seconds
[2025-07-22T11:51:05.446+0000] {processor.py:186} INFO - Started process (PID=62519) to work on /opt/airflow/dags/train_traffic_pred.py
[2025-07-22T11:51:05.447+0000] {processor.py:914} INFO - Processing file /opt/airflow/dags/train_traffic_pred.py for tasks to queue
[2025-07-22T11:51:05.450+0000] {logging_mixin.py:190} INFO - [2025-07-22T11:51:05.450+0000] {dagbag.py:588} INFO - Filling up the DagBag from /opt/airflow/dags/train_traffic_pred.py
[2025-07-22T11:51:08.718+0000] {processor.py:925} INFO - DAG(s) 'train_traffic_pred' retrieved from /opt/airflow/dags/train_traffic_pred.py
[2025-07-22T11:51:08.740+0000] {logging_mixin.py:190} INFO - [2025-07-22T11:51:08.740+0000] {dag.py:3239} INFO - Sync 1 DAGs
[2025-07-22T11:51:08.760+0000] {logging_mixin.py:190} INFO - [2025-07-22T11:51:08.760+0000] {dag.py:4180} INFO - Setting next_dagrun for train_traffic_pred to 2025-07-22 00:00:00+00:00, run_after=2025-07-23 00:00:00+00:00
[2025-07-22T11:51:08.775+0000] {processor.py:208} INFO - Processing /opt/airflow/dags/train_traffic_pred.py took 3.336 seconds
[2025-07-22T11:51:40.061+0000] {processor.py:186} INFO - Started process (PID=62617) to work on /opt/airflow/dags/train_traffic_pred.py
[2025-07-22T11:51:40.062+0000] {processor.py:914} INFO - Processing file /opt/airflow/dags/train_traffic_pred.py for tasks to queue
[2025-07-22T11:51:40.065+0000] {logging_mixin.py:190} INFO - [2025-07-22T11:51:40.065+0000] {dagbag.py:588} INFO - Filling up the DagBag from /opt/airflow/dags/train_traffic_pred.py
[2025-07-22T11:51:43.537+0000] {processor.py:925} INFO - DAG(s) 'train_traffic_pred' retrieved from /opt/airflow/dags/train_traffic_pred.py
[2025-07-22T11:51:43.558+0000] {logging_mixin.py:190} INFO - [2025-07-22T11:51:43.557+0000] {dag.py:3239} INFO - Sync 1 DAGs
[2025-07-22T11:51:43.575+0000] {logging_mixin.py:190} INFO - [2025-07-22T11:51:43.574+0000] {dag.py:4180} INFO - Setting next_dagrun for train_traffic_pred to 2025-07-22 00:00:00+00:00, run_after=2025-07-23 00:00:00+00:00
[2025-07-22T11:51:43.590+0000] {processor.py:208} INFO - Processing /opt/airflow/dags/train_traffic_pred.py took 3.535 seconds
[2025-07-22T11:52:15.496+0000] {processor.py:186} INFO - Started process (PID=62718) to work on /opt/airflow/dags/train_traffic_pred.py
[2025-07-22T11:52:15.497+0000] {processor.py:914} INFO - Processing file /opt/airflow/dags/train_traffic_pred.py for tasks to queue
[2025-07-22T11:52:15.499+0000] {logging_mixin.py:190} INFO - [2025-07-22T11:52:15.499+0000] {dagbag.py:588} INFO - Filling up the DagBag from /opt/airflow/dags/train_traffic_pred.py
[2025-07-22T11:52:18.833+0000] {processor.py:925} INFO - DAG(s) 'train_traffic_pred' retrieved from /opt/airflow/dags/train_traffic_pred.py
[2025-07-22T11:52:18.854+0000] {logging_mixin.py:190} INFO - [2025-07-22T11:52:18.854+0000] {dag.py:3239} INFO - Sync 1 DAGs
[2025-07-22T11:52:18.874+0000] {logging_mixin.py:190} INFO - [2025-07-22T11:52:18.874+0000] {dag.py:4180} INFO - Setting next_dagrun for train_traffic_pred to 2025-07-22 00:00:00+00:00, run_after=2025-07-23 00:00:00+00:00
[2025-07-22T11:52:18.892+0000] {processor.py:208} INFO - Processing /opt/airflow/dags/train_traffic_pred.py took 3.403 seconds
[2025-07-22T11:52:50.782+0000] {processor.py:186} INFO - Started process (PID=62816) to work on /opt/airflow/dags/train_traffic_pred.py
[2025-07-22T11:52:50.783+0000] {processor.py:914} INFO - Processing file /opt/airflow/dags/train_traffic_pred.py for tasks to queue
[2025-07-22T11:52:50.785+0000] {logging_mixin.py:190} INFO - [2025-07-22T11:52:50.785+0000] {dagbag.py:588} INFO - Filling up the DagBag from /opt/airflow/dags/train_traffic_pred.py
[2025-07-22T11:52:54.135+0000] {processor.py:925} INFO - DAG(s) 'train_traffic_pred' retrieved from /opt/airflow/dags/train_traffic_pred.py
[2025-07-22T11:52:54.155+0000] {logging_mixin.py:190} INFO - [2025-07-22T11:52:54.155+0000] {dag.py:3239} INFO - Sync 1 DAGs
[2025-07-22T11:52:54.172+0000] {logging_mixin.py:190} INFO - [2025-07-22T11:52:54.172+0000] {dag.py:4180} INFO - Setting next_dagrun for train_traffic_pred to 2025-07-22 00:00:00+00:00, run_after=2025-07-23 00:00:00+00:00
[2025-07-22T11:52:54.186+0000] {processor.py:208} INFO - Processing /opt/airflow/dags/train_traffic_pred.py took 3.411 seconds
[2025-07-22T11:53:25.279+0000] {processor.py:186} INFO - Started process (PID=62914) to work on /opt/airflow/dags/train_traffic_pred.py
[2025-07-22T11:53:25.280+0000] {processor.py:914} INFO - Processing file /opt/airflow/dags/train_traffic_pred.py for tasks to queue
[2025-07-22T11:53:25.283+0000] {logging_mixin.py:190} INFO - [2025-07-22T11:53:25.282+0000] {dagbag.py:588} INFO - Filling up the DagBag from /opt/airflow/dags/train_traffic_pred.py
[2025-07-22T11:53:28.630+0000] {processor.py:925} INFO - DAG(s) 'train_traffic_pred' retrieved from /opt/airflow/dags/train_traffic_pred.py
[2025-07-22T11:53:28.653+0000] {logging_mixin.py:190} INFO - [2025-07-22T11:53:28.652+0000] {dag.py:3239} INFO - Sync 1 DAGs
[2025-07-22T11:53:28.670+0000] {logging_mixin.py:190} INFO - [2025-07-22T11:53:28.670+0000] {dag.py:4180} INFO - Setting next_dagrun for train_traffic_pred to 2025-07-22 00:00:00+00:00, run_after=2025-07-23 00:00:00+00:00
[2025-07-22T11:53:28.683+0000] {processor.py:208} INFO - Processing /opt/airflow/dags/train_traffic_pred.py took 3.411 seconds
[2025-07-22T11:54:00.102+0000] {processor.py:186} INFO - Started process (PID=63012) to work on /opt/airflow/dags/train_traffic_pred.py
[2025-07-22T11:54:00.103+0000] {processor.py:914} INFO - Processing file /opt/airflow/dags/train_traffic_pred.py for tasks to queue
[2025-07-22T11:54:00.105+0000] {logging_mixin.py:190} INFO - [2025-07-22T11:54:00.105+0000] {dagbag.py:588} INFO - Filling up the DagBag from /opt/airflow/dags/train_traffic_pred.py
[2025-07-22T11:54:03.570+0000] {processor.py:925} INFO - DAG(s) 'train_traffic_pred' retrieved from /opt/airflow/dags/train_traffic_pred.py
[2025-07-22T11:54:03.591+0000] {logging_mixin.py:190} INFO - [2025-07-22T11:54:03.590+0000] {dag.py:3239} INFO - Sync 1 DAGs
[2025-07-22T11:54:03.607+0000] {logging_mixin.py:190} INFO - [2025-07-22T11:54:03.607+0000] {dag.py:4180} INFO - Setting next_dagrun for train_traffic_pred to 2025-07-22 00:00:00+00:00, run_after=2025-07-23 00:00:00+00:00
[2025-07-22T11:54:03.622+0000] {processor.py:208} INFO - Processing /opt/airflow/dags/train_traffic_pred.py took 3.528 seconds
[2025-07-22T11:54:34.697+0000] {processor.py:186} INFO - Started process (PID=63116) to work on /opt/airflow/dags/train_traffic_pred.py
[2025-07-22T11:54:34.698+0000] {processor.py:914} INFO - Processing file /opt/airflow/dags/train_traffic_pred.py for tasks to queue
[2025-07-22T11:54:34.700+0000] {logging_mixin.py:190} INFO - [2025-07-22T11:54:34.700+0000] {dagbag.py:588} INFO - Filling up the DagBag from /opt/airflow/dags/train_traffic_pred.py
[2025-07-22T11:54:37.960+0000] {processor.py:925} INFO - DAG(s) 'train_traffic_pred' retrieved from /opt/airflow/dags/train_traffic_pred.py
[2025-07-22T11:54:37.982+0000] {logging_mixin.py:190} INFO - [2025-07-22T11:54:37.982+0000] {dag.py:3239} INFO - Sync 1 DAGs
[2025-07-22T11:54:38.000+0000] {logging_mixin.py:190} INFO - [2025-07-22T11:54:38.000+0000] {dag.py:4180} INFO - Setting next_dagrun for train_traffic_pred to 2025-07-22 00:00:00+00:00, run_after=2025-07-23 00:00:00+00:00
[2025-07-22T11:54:38.016+0000] {processor.py:208} INFO - Processing /opt/airflow/dags/train_traffic_pred.py took 3.325 seconds
[2025-07-22T11:55:09.815+0000] {processor.py:186} INFO - Started process (PID=63214) to work on /opt/airflow/dags/train_traffic_pred.py
[2025-07-22T11:55:09.816+0000] {processor.py:914} INFO - Processing file /opt/airflow/dags/train_traffic_pred.py for tasks to queue
[2025-07-22T11:55:09.819+0000] {logging_mixin.py:190} INFO - [2025-07-22T11:55:09.819+0000] {dagbag.py:588} INFO - Filling up the DagBag from /opt/airflow/dags/train_traffic_pred.py
[2025-07-22T11:55:13.427+0000] {processor.py:925} INFO - DAG(s) 'train_traffic_pred' retrieved from /opt/airflow/dags/train_traffic_pred.py
[2025-07-22T11:55:13.451+0000] {logging_mixin.py:190} INFO - [2025-07-22T11:55:13.451+0000] {dag.py:3239} INFO - Sync 1 DAGs
[2025-07-22T11:55:13.474+0000] {logging_mixin.py:190} INFO - [2025-07-22T11:55:13.473+0000] {dag.py:4180} INFO - Setting next_dagrun for train_traffic_pred to 2025-07-22 00:00:00+00:00, run_after=2025-07-23 00:00:00+00:00
[2025-07-22T11:55:13.491+0000] {processor.py:208} INFO - Processing /opt/airflow/dags/train_traffic_pred.py took 3.684 seconds
[2025-07-22T11:55:44.774+0000] {processor.py:186} INFO - Started process (PID=63312) to work on /opt/airflow/dags/train_traffic_pred.py
[2025-07-22T11:55:44.776+0000] {processor.py:914} INFO - Processing file /opt/airflow/dags/train_traffic_pred.py for tasks to queue
[2025-07-22T11:55:44.779+0000] {logging_mixin.py:190} INFO - [2025-07-22T11:55:44.778+0000] {dagbag.py:588} INFO - Filling up the DagBag from /opt/airflow/dags/train_traffic_pred.py
[2025-07-22T11:55:48.265+0000] {processor.py:925} INFO - DAG(s) 'train_traffic_pred' retrieved from /opt/airflow/dags/train_traffic_pred.py
[2025-07-22T11:55:48.290+0000] {logging_mixin.py:190} INFO - [2025-07-22T11:55:48.289+0000] {dag.py:3239} INFO - Sync 1 DAGs
[2025-07-22T11:55:48.317+0000] {logging_mixin.py:190} INFO - [2025-07-22T11:55:48.316+0000] {dag.py:4180} INFO - Setting next_dagrun for train_traffic_pred to 2025-07-22 00:00:00+00:00, run_after=2025-07-23 00:00:00+00:00
[2025-07-22T11:55:48.337+0000] {processor.py:208} INFO - Processing /opt/airflow/dags/train_traffic_pred.py took 3.571 seconds
[2025-07-22T11:56:19.786+0000] {processor.py:186} INFO - Started process (PID=63410) to work on /opt/airflow/dags/train_traffic_pred.py
[2025-07-22T11:56:19.788+0000] {processor.py:914} INFO - Processing file /opt/airflow/dags/train_traffic_pred.py for tasks to queue
[2025-07-22T11:56:19.790+0000] {logging_mixin.py:190} INFO - [2025-07-22T11:56:19.790+0000] {dagbag.py:588} INFO - Filling up the DagBag from /opt/airflow/dags/train_traffic_pred.py
[2025-07-22T11:56:23.614+0000] {processor.py:925} INFO - DAG(s) 'train_traffic_pred' retrieved from /opt/airflow/dags/train_traffic_pred.py
[2025-07-22T11:56:23.637+0000] {logging_mixin.py:190} INFO - [2025-07-22T11:56:23.636+0000] {dag.py:3239} INFO - Sync 1 DAGs
[2025-07-22T11:56:23.658+0000] {logging_mixin.py:190} INFO - [2025-07-22T11:56:23.658+0000] {dag.py:4180} INFO - Setting next_dagrun for train_traffic_pred to 2025-07-22 00:00:00+00:00, run_after=2025-07-23 00:00:00+00:00
[2025-07-22T11:56:23.677+0000] {processor.py:208} INFO - Processing /opt/airflow/dags/train_traffic_pred.py took 3.899 seconds
[2025-07-22T11:56:54.764+0000] {processor.py:186} INFO - Started process (PID=63508) to work on /opt/airflow/dags/train_traffic_pred.py
[2025-07-22T11:56:54.765+0000] {processor.py:914} INFO - Processing file /opt/airflow/dags/train_traffic_pred.py for tasks to queue
[2025-07-22T11:56:54.769+0000] {logging_mixin.py:190} INFO - [2025-07-22T11:56:54.769+0000] {dagbag.py:588} INFO - Filling up the DagBag from /opt/airflow/dags/train_traffic_pred.py
[2025-07-22T11:56:58.358+0000] {processor.py:925} INFO - DAG(s) 'train_traffic_pred' retrieved from /opt/airflow/dags/train_traffic_pred.py
[2025-07-22T11:56:58.392+0000] {logging_mixin.py:190} INFO - [2025-07-22T11:56:58.391+0000] {dag.py:3239} INFO - Sync 1 DAGs
[2025-07-22T11:56:58.409+0000] {logging_mixin.py:190} INFO - [2025-07-22T11:56:58.409+0000] {dag.py:4180} INFO - Setting next_dagrun for train_traffic_pred to 2025-07-22 00:00:00+00:00, run_after=2025-07-23 00:00:00+00:00
[2025-07-22T11:56:58.426+0000] {processor.py:208} INFO - Processing /opt/airflow/dags/train_traffic_pred.py took 3.669 seconds
[2025-07-22T11:57:30.415+0000] {processor.py:186} INFO - Started process (PID=63606) to work on /opt/airflow/dags/train_traffic_pred.py
[2025-07-22T11:57:30.416+0000] {processor.py:914} INFO - Processing file /opt/airflow/dags/train_traffic_pred.py for tasks to queue
[2025-07-22T11:57:30.419+0000] {logging_mixin.py:190} INFO - [2025-07-22T11:57:30.419+0000] {dagbag.py:588} INFO - Filling up the DagBag from /opt/airflow/dags/train_traffic_pred.py
[2025-07-22T11:57:33.925+0000] {processor.py:925} INFO - DAG(s) 'train_traffic_pred' retrieved from /opt/airflow/dags/train_traffic_pred.py
[2025-07-22T11:57:33.947+0000] {logging_mixin.py:190} INFO - [2025-07-22T11:57:33.946+0000] {dag.py:3239} INFO - Sync 1 DAGs
[2025-07-22T11:57:33.968+0000] {logging_mixin.py:190} INFO - [2025-07-22T11:57:33.967+0000] {dag.py:4180} INFO - Setting next_dagrun for train_traffic_pred to 2025-07-22 00:00:00+00:00, run_after=2025-07-23 00:00:00+00:00
[2025-07-22T11:57:33.983+0000] {processor.py:208} INFO - Processing /opt/airflow/dags/train_traffic_pred.py took 3.574 seconds
[2025-07-22T11:58:05.148+0000] {processor.py:186} INFO - Started process (PID=63710) to work on /opt/airflow/dags/train_traffic_pred.py
[2025-07-22T11:58:05.150+0000] {processor.py:914} INFO - Processing file /opt/airflow/dags/train_traffic_pred.py for tasks to queue
[2025-07-22T11:58:05.153+0000] {logging_mixin.py:190} INFO - [2025-07-22T11:58:05.152+0000] {dagbag.py:588} INFO - Filling up the DagBag from /opt/airflow/dags/train_traffic_pred.py
[2025-07-22T11:58:08.790+0000] {processor.py:925} INFO - DAG(s) 'train_traffic_pred' retrieved from /opt/airflow/dags/train_traffic_pred.py
[2025-07-22T11:58:08.816+0000] {logging_mixin.py:190} INFO - [2025-07-22T11:58:08.815+0000] {dag.py:3239} INFO - Sync 1 DAGs
[2025-07-22T11:58:08.836+0000] {logging_mixin.py:190} INFO - [2025-07-22T11:58:08.836+0000] {dag.py:4180} INFO - Setting next_dagrun for train_traffic_pred to 2025-07-22 00:00:00+00:00, run_after=2025-07-23 00:00:00+00:00
[2025-07-22T11:58:08.854+0000] {processor.py:208} INFO - Processing /opt/airflow/dags/train_traffic_pred.py took 3.713 seconds
[2025-07-22T11:58:40.070+0000] {processor.py:186} INFO - Started process (PID=63808) to work on /opt/airflow/dags/train_traffic_pred.py
[2025-07-22T11:58:40.072+0000] {processor.py:914} INFO - Processing file /opt/airflow/dags/train_traffic_pred.py for tasks to queue
[2025-07-22T11:58:40.074+0000] {logging_mixin.py:190} INFO - [2025-07-22T11:58:40.074+0000] {dagbag.py:588} INFO - Filling up the DagBag from /opt/airflow/dags/train_traffic_pred.py
[2025-07-22T11:58:43.455+0000] {processor.py:925} INFO - DAG(s) 'train_traffic_pred' retrieved from /opt/airflow/dags/train_traffic_pred.py
[2025-07-22T11:58:43.477+0000] {logging_mixin.py:190} INFO - [2025-07-22T11:58:43.476+0000] {dag.py:3239} INFO - Sync 1 DAGs
[2025-07-22T11:58:43.496+0000] {logging_mixin.py:190} INFO - [2025-07-22T11:58:43.496+0000] {dag.py:4180} INFO - Setting next_dagrun for train_traffic_pred to 2025-07-22 00:00:00+00:00, run_after=2025-07-23 00:00:00+00:00
[2025-07-22T11:58:43.511+0000] {processor.py:208} INFO - Processing /opt/airflow/dags/train_traffic_pred.py took 3.446 seconds
[2025-07-22T11:59:15.544+0000] {processor.py:186} INFO - Started process (PID=63906) to work on /opt/airflow/dags/train_traffic_pred.py
[2025-07-22T11:59:15.545+0000] {processor.py:914} INFO - Processing file /opt/airflow/dags/train_traffic_pred.py for tasks to queue
[2025-07-22T11:59:15.548+0000] {logging_mixin.py:190} INFO - [2025-07-22T11:59:15.548+0000] {dagbag.py:588} INFO - Filling up the DagBag from /opt/airflow/dags/train_traffic_pred.py
[2025-07-22T11:59:18.982+0000] {processor.py:925} INFO - DAG(s) 'train_traffic_pred' retrieved from /opt/airflow/dags/train_traffic_pred.py
[2025-07-22T11:59:19.016+0000] {logging_mixin.py:190} INFO - [2025-07-22T11:59:19.014+0000] {dag.py:3239} INFO - Sync 1 DAGs
[2025-07-22T11:59:19.047+0000] {logging_mixin.py:190} INFO - [2025-07-22T11:59:19.047+0000] {dag.py:4180} INFO - Setting next_dagrun for train_traffic_pred to 2025-07-22 00:00:00+00:00, run_after=2025-07-23 00:00:00+00:00
[2025-07-22T11:59:19.079+0000] {processor.py:208} INFO - Processing /opt/airflow/dags/train_traffic_pred.py took 3.542 seconds
[2025-07-22T11:59:50.437+0000] {processor.py:186} INFO - Started process (PID=64004) to work on /opt/airflow/dags/train_traffic_pred.py
[2025-07-22T11:59:50.438+0000] {processor.py:914} INFO - Processing file /opt/airflow/dags/train_traffic_pred.py for tasks to queue
[2025-07-22T11:59:50.442+0000] {logging_mixin.py:190} INFO - [2025-07-22T11:59:50.441+0000] {dagbag.py:588} INFO - Filling up the DagBag from /opt/airflow/dags/train_traffic_pred.py
[2025-07-22T11:59:54.008+0000] {processor.py:925} INFO - DAG(s) 'train_traffic_pred' retrieved from /opt/airflow/dags/train_traffic_pred.py
[2025-07-22T11:59:54.029+0000] {logging_mixin.py:190} INFO - [2025-07-22T11:59:54.029+0000] {dag.py:3239} INFO - Sync 1 DAGs
[2025-07-22T11:59:54.049+0000] {logging_mixin.py:190} INFO - [2025-07-22T11:59:54.049+0000] {dag.py:4180} INFO - Setting next_dagrun for train_traffic_pred to 2025-07-22 00:00:00+00:00, run_after=2025-07-23 00:00:00+00:00
[2025-07-22T11:59:54.066+0000] {processor.py:208} INFO - Processing /opt/airflow/dags/train_traffic_pred.py took 3.637 seconds
[2025-07-22T12:00:25.802+0000] {processor.py:186} INFO - Started process (PID=64102) to work on /opt/airflow/dags/train_traffic_pred.py
[2025-07-22T12:00:25.803+0000] {processor.py:914} INFO - Processing file /opt/airflow/dags/train_traffic_pred.py for tasks to queue
[2025-07-22T12:00:25.805+0000] {logging_mixin.py:190} INFO - [2025-07-22T12:00:25.805+0000] {dagbag.py:588} INFO - Filling up the DagBag from /opt/airflow/dags/train_traffic_pred.py
[2025-07-22T12:00:29.421+0000] {processor.py:925} INFO - DAG(s) 'train_traffic_pred' retrieved from /opt/airflow/dags/train_traffic_pred.py
[2025-07-22T12:00:29.444+0000] {logging_mixin.py:190} INFO - [2025-07-22T12:00:29.443+0000] {dag.py:3239} INFO - Sync 1 DAGs
[2025-07-22T12:00:29.465+0000] {logging_mixin.py:190} INFO - [2025-07-22T12:00:29.464+0000] {dag.py:4180} INFO - Setting next_dagrun for train_traffic_pred to 2025-07-22 00:00:00+00:00, run_after=2025-07-23 00:00:00+00:00
[2025-07-22T12:00:29.483+0000] {processor.py:208} INFO - Processing /opt/airflow/dags/train_traffic_pred.py took 3.687 seconds
[2025-07-22T12:01:01.096+0000] {processor.py:186} INFO - Started process (PID=64200) to work on /opt/airflow/dags/train_traffic_pred.py
[2025-07-22T12:01:01.098+0000] {processor.py:914} INFO - Processing file /opt/airflow/dags/train_traffic_pred.py for tasks to queue
[2025-07-22T12:01:01.103+0000] {logging_mixin.py:190} INFO - [2025-07-22T12:01:01.102+0000] {dagbag.py:588} INFO - Filling up the DagBag from /opt/airflow/dags/train_traffic_pred.py
[2025-07-22T12:01:04.941+0000] {processor.py:925} INFO - DAG(s) 'train_traffic_pred' retrieved from /opt/airflow/dags/train_traffic_pred.py
[2025-07-22T12:01:04.965+0000] {logging_mixin.py:190} INFO - [2025-07-22T12:01:04.965+0000] {dag.py:3239} INFO - Sync 1 DAGs
[2025-07-22T12:01:04.987+0000] {logging_mixin.py:190} INFO - [2025-07-22T12:01:04.987+0000] {dag.py:4180} INFO - Setting next_dagrun for train_traffic_pred to 2025-07-22 00:00:00+00:00, run_after=2025-07-23 00:00:00+00:00
[2025-07-22T12:01:05.007+0000] {processor.py:208} INFO - Processing /opt/airflow/dags/train_traffic_pred.py took 3.922 seconds
[2025-07-22T12:01:36.873+0000] {processor.py:186} INFO - Started process (PID=64304) to work on /opt/airflow/dags/train_traffic_pred.py
[2025-07-22T12:01:36.874+0000] {processor.py:914} INFO - Processing file /opt/airflow/dags/train_traffic_pred.py for tasks to queue
[2025-07-22T12:01:36.877+0000] {logging_mixin.py:190} INFO - [2025-07-22T12:01:36.876+0000] {dagbag.py:588} INFO - Filling up the DagBag from /opt/airflow/dags/train_traffic_pred.py
[2025-07-22T12:01:40.255+0000] {processor.py:925} INFO - DAG(s) 'train_traffic_pred' retrieved from /opt/airflow/dags/train_traffic_pred.py
[2025-07-22T12:01:40.277+0000] {logging_mixin.py:190} INFO - [2025-07-22T12:01:40.277+0000] {dag.py:3239} INFO - Sync 1 DAGs
[2025-07-22T12:01:40.299+0000] {logging_mixin.py:190} INFO - [2025-07-22T12:01:40.299+0000] {dag.py:4180} INFO - Setting next_dagrun for train_traffic_pred to 2025-07-22 00:00:00+00:00, run_after=2025-07-23 00:00:00+00:00
[2025-07-22T12:01:40.317+0000] {processor.py:208} INFO - Processing /opt/airflow/dags/train_traffic_pred.py took 3.451 seconds
[2025-07-22T12:02:12.195+0000] {processor.py:186} INFO - Started process (PID=64402) to work on /opt/airflow/dags/train_traffic_pred.py
[2025-07-22T12:02:12.196+0000] {processor.py:914} INFO - Processing file /opt/airflow/dags/train_traffic_pred.py for tasks to queue
[2025-07-22T12:02:12.198+0000] {logging_mixin.py:190} INFO - [2025-07-22T12:02:12.198+0000] {dagbag.py:588} INFO - Filling up the DagBag from /opt/airflow/dags/train_traffic_pred.py
[2025-07-22T12:02:15.842+0000] {processor.py:925} INFO - DAG(s) 'train_traffic_pred' retrieved from /opt/airflow/dags/train_traffic_pred.py
[2025-07-22T12:02:15.869+0000] {logging_mixin.py:190} INFO - [2025-07-22T12:02:15.868+0000] {dag.py:3239} INFO - Sync 1 DAGs
[2025-07-22T12:02:15.891+0000] {logging_mixin.py:190} INFO - [2025-07-22T12:02:15.890+0000] {dag.py:4180} INFO - Setting next_dagrun for train_traffic_pred to 2025-07-22 00:00:00+00:00, run_after=2025-07-23 00:00:00+00:00
[2025-07-22T12:02:15.909+0000] {processor.py:208} INFO - Processing /opt/airflow/dags/train_traffic_pred.py took 3.721 seconds
[2025-07-22T12:02:47.232+0000] {processor.py:186} INFO - Started process (PID=64500) to work on /opt/airflow/dags/train_traffic_pred.py
[2025-07-22T12:02:47.234+0000] {processor.py:914} INFO - Processing file /opt/airflow/dags/train_traffic_pred.py for tasks to queue
[2025-07-22T12:02:47.237+0000] {logging_mixin.py:190} INFO - [2025-07-22T12:02:47.237+0000] {dagbag.py:588} INFO - Filling up the DagBag from /opt/airflow/dags/train_traffic_pred.py
[2025-07-22T12:02:50.804+0000] {processor.py:925} INFO - DAG(s) 'train_traffic_pred' retrieved from /opt/airflow/dags/train_traffic_pred.py
[2025-07-22T12:02:50.830+0000] {logging_mixin.py:190} INFO - [2025-07-22T12:02:50.830+0000] {dag.py:3239} INFO - Sync 1 DAGs
[2025-07-22T12:02:50.852+0000] {logging_mixin.py:190} INFO - [2025-07-22T12:02:50.852+0000] {dag.py:4180} INFO - Setting next_dagrun for train_traffic_pred to 2025-07-22 00:00:00+00:00, run_after=2025-07-23 00:00:00+00:00
[2025-07-22T12:02:50.874+0000] {processor.py:208} INFO - Processing /opt/airflow/dags/train_traffic_pred.py took 3.650 seconds
[2025-07-22T12:03:22.413+0000] {processor.py:186} INFO - Started process (PID=64598) to work on /opt/airflow/dags/train_traffic_pred.py
[2025-07-22T12:03:22.414+0000] {processor.py:914} INFO - Processing file /opt/airflow/dags/train_traffic_pred.py for tasks to queue
[2025-07-22T12:03:22.417+0000] {logging_mixin.py:190} INFO - [2025-07-22T12:03:22.416+0000] {dagbag.py:588} INFO - Filling up the DagBag from /opt/airflow/dags/train_traffic_pred.py
[2025-07-22T12:03:25.825+0000] {processor.py:925} INFO - DAG(s) 'train_traffic_pred' retrieved from /opt/airflow/dags/train_traffic_pred.py
[2025-07-22T12:03:25.849+0000] {logging_mixin.py:190} INFO - [2025-07-22T12:03:25.848+0000] {dag.py:3239} INFO - Sync 1 DAGs
[2025-07-22T12:03:25.869+0000] {logging_mixin.py:190} INFO - [2025-07-22T12:03:25.869+0000] {dag.py:4180} INFO - Setting next_dagrun for train_traffic_pred to 2025-07-22 00:00:00+00:00, run_after=2025-07-23 00:00:00+00:00
[2025-07-22T12:03:25.886+0000] {processor.py:208} INFO - Processing /opt/airflow/dags/train_traffic_pred.py took 3.479 seconds
[2025-07-22T12:03:57.007+0000] {processor.py:186} INFO - Started process (PID=64696) to work on /opt/airflow/dags/train_traffic_pred.py
[2025-07-22T12:03:57.008+0000] {processor.py:914} INFO - Processing file /opt/airflow/dags/train_traffic_pred.py for tasks to queue
[2025-07-22T12:03:57.011+0000] {logging_mixin.py:190} INFO - [2025-07-22T12:03:57.010+0000] {dagbag.py:588} INFO - Filling up the DagBag from /opt/airflow/dags/train_traffic_pred.py
[2025-07-22T12:04:00.475+0000] {processor.py:925} INFO - DAG(s) 'train_traffic_pred' retrieved from /opt/airflow/dags/train_traffic_pred.py
[2025-07-22T12:04:00.498+0000] {logging_mixin.py:190} INFO - [2025-07-22T12:04:00.498+0000] {dag.py:3239} INFO - Sync 1 DAGs
[2025-07-22T12:04:00.520+0000] {logging_mixin.py:190} INFO - [2025-07-22T12:04:00.520+0000] {dag.py:4180} INFO - Setting next_dagrun for train_traffic_pred to 2025-07-22 00:00:00+00:00, run_after=2025-07-23 00:00:00+00:00
[2025-07-22T12:04:00.540+0000] {processor.py:208} INFO - Processing /opt/airflow/dags/train_traffic_pred.py took 3.541 seconds
[2025-07-22T12:04:31.614+0000] {processor.py:186} INFO - Started process (PID=64794) to work on /opt/airflow/dags/train_traffic_pred.py
[2025-07-22T12:04:31.616+0000] {processor.py:914} INFO - Processing file /opt/airflow/dags/train_traffic_pred.py for tasks to queue
[2025-07-22T12:04:31.618+0000] {logging_mixin.py:190} INFO - [2025-07-22T12:04:31.618+0000] {dagbag.py:588} INFO - Filling up the DagBag from /opt/airflow/dags/train_traffic_pred.py
[2025-07-22T12:04:35.157+0000] {processor.py:925} INFO - DAG(s) 'train_traffic_pred' retrieved from /opt/airflow/dags/train_traffic_pred.py
[2025-07-22T12:04:35.182+0000] {logging_mixin.py:190} INFO - [2025-07-22T12:04:35.181+0000] {dag.py:3239} INFO - Sync 1 DAGs
[2025-07-22T12:04:35.201+0000] {logging_mixin.py:190} INFO - [2025-07-22T12:04:35.201+0000] {dag.py:4180} INFO - Setting next_dagrun for train_traffic_pred to 2025-07-22 00:00:00+00:00, run_after=2025-07-23 00:00:00+00:00
[2025-07-22T12:04:35.219+0000] {processor.py:208} INFO - Processing /opt/airflow/dags/train_traffic_pred.py took 3.612 seconds
[2025-07-22T12:05:07.104+0000] {processor.py:186} INFO - Started process (PID=64898) to work on /opt/airflow/dags/train_traffic_pred.py
[2025-07-22T12:05:07.107+0000] {processor.py:914} INFO - Processing file /opt/airflow/dags/train_traffic_pred.py for tasks to queue
[2025-07-22T12:05:07.110+0000] {logging_mixin.py:190} INFO - [2025-07-22T12:05:07.109+0000] {dagbag.py:588} INFO - Filling up the DagBag from /opt/airflow/dags/train_traffic_pred.py
[2025-07-22T12:05:10.898+0000] {processor.py:925} INFO - DAG(s) 'train_traffic_pred' retrieved from /opt/airflow/dags/train_traffic_pred.py
[2025-07-22T12:05:10.921+0000] {logging_mixin.py:190} INFO - [2025-07-22T12:05:10.920+0000] {dag.py:3239} INFO - Sync 1 DAGs
[2025-07-22T12:05:10.939+0000] {logging_mixin.py:190} INFO - [2025-07-22T12:05:10.939+0000] {dag.py:4180} INFO - Setting next_dagrun for train_traffic_pred to 2025-07-22 00:00:00+00:00, run_after=2025-07-23 00:00:00+00:00
[2025-07-22T12:05:10.954+0000] {processor.py:208} INFO - Processing /opt/airflow/dags/train_traffic_pred.py took 3.857 seconds
[2025-07-22T12:05:42.242+0000] {processor.py:186} INFO - Started process (PID=64996) to work on /opt/airflow/dags/train_traffic_pred.py
[2025-07-22T12:05:42.243+0000] {processor.py:914} INFO - Processing file /opt/airflow/dags/train_traffic_pred.py for tasks to queue
[2025-07-22T12:05:42.245+0000] {logging_mixin.py:190} INFO - [2025-07-22T12:05:42.245+0000] {dagbag.py:588} INFO - Filling up the DagBag from /opt/airflow/dags/train_traffic_pred.py
[2025-07-22T12:05:45.628+0000] {processor.py:925} INFO - DAG(s) 'train_traffic_pred' retrieved from /opt/airflow/dags/train_traffic_pred.py
[2025-07-22T12:05:45.654+0000] {logging_mixin.py:190} INFO - [2025-07-22T12:05:45.654+0000] {dag.py:3239} INFO - Sync 1 DAGs
[2025-07-22T12:05:45.674+0000] {logging_mixin.py:190} INFO - [2025-07-22T12:05:45.673+0000] {dag.py:4180} INFO - Setting next_dagrun for train_traffic_pred to 2025-07-22 00:00:00+00:00, run_after=2025-07-23 00:00:00+00:00
[2025-07-22T12:05:45.690+0000] {processor.py:208} INFO - Processing /opt/airflow/dags/train_traffic_pred.py took 3.456 seconds
[2025-07-22T12:06:16.966+0000] {processor.py:186} INFO - Started process (PID=65094) to work on /opt/airflow/dags/train_traffic_pred.py
[2025-07-22T12:06:16.967+0000] {processor.py:914} INFO - Processing file /opt/airflow/dags/train_traffic_pred.py for tasks to queue
[2025-07-22T12:06:16.969+0000] {logging_mixin.py:190} INFO - [2025-07-22T12:06:16.969+0000] {dagbag.py:588} INFO - Filling up the DagBag from /opt/airflow/dags/train_traffic_pred.py
[2025-07-22T12:06:20.926+0000] {processor.py:925} INFO - DAG(s) 'train_traffic_pred' retrieved from /opt/airflow/dags/train_traffic_pred.py
[2025-07-22T12:06:20.957+0000] {logging_mixin.py:190} INFO - [2025-07-22T12:06:20.956+0000] {dag.py:3239} INFO - Sync 1 DAGs
[2025-07-22T12:06:20.983+0000] {logging_mixin.py:190} INFO - [2025-07-22T12:06:20.983+0000] {dag.py:4180} INFO - Setting next_dagrun for train_traffic_pred to 2025-07-22 00:00:00+00:00, run_after=2025-07-23 00:00:00+00:00
[2025-07-22T12:06:21.002+0000] {processor.py:208} INFO - Processing /opt/airflow/dags/train_traffic_pred.py took 4.043 seconds
[2025-07-22T12:06:52.116+0000] {processor.py:186} INFO - Started process (PID=65192) to work on /opt/airflow/dags/train_traffic_pred.py
[2025-07-22T12:06:52.117+0000] {processor.py:914} INFO - Processing file /opt/airflow/dags/train_traffic_pred.py for tasks to queue
[2025-07-22T12:06:52.119+0000] {logging_mixin.py:190} INFO - [2025-07-22T12:06:52.119+0000] {dagbag.py:588} INFO - Filling up the DagBag from /opt/airflow/dags/train_traffic_pred.py
[2025-07-22T12:06:55.596+0000] {processor.py:925} INFO - DAG(s) 'train_traffic_pred' retrieved from /opt/airflow/dags/train_traffic_pred.py
[2025-07-22T12:06:55.617+0000] {logging_mixin.py:190} INFO - [2025-07-22T12:06:55.617+0000] {dag.py:3239} INFO - Sync 1 DAGs
[2025-07-22T12:06:55.634+0000] {logging_mixin.py:190} INFO - [2025-07-22T12:06:55.634+0000] {dag.py:4180} INFO - Setting next_dagrun for train_traffic_pred to 2025-07-22 00:00:00+00:00, run_after=2025-07-23 00:00:00+00:00
[2025-07-22T12:06:55.648+0000] {processor.py:208} INFO - Processing /opt/airflow/dags/train_traffic_pred.py took 3.538 seconds
[2025-07-22T12:07:26.734+0000] {processor.py:186} INFO - Started process (PID=65290) to work on /opt/airflow/dags/train_traffic_pred.py
[2025-07-22T12:07:26.735+0000] {processor.py:914} INFO - Processing file /opt/airflow/dags/train_traffic_pred.py for tasks to queue
[2025-07-22T12:07:26.738+0000] {logging_mixin.py:190} INFO - [2025-07-22T12:07:26.738+0000] {dagbag.py:588} INFO - Filling up the DagBag from /opt/airflow/dags/train_traffic_pred.py
[2025-07-22T12:07:30.179+0000] {processor.py:925} INFO - DAG(s) 'train_traffic_pred' retrieved from /opt/airflow/dags/train_traffic_pred.py
[2025-07-22T12:07:30.204+0000] {logging_mixin.py:190} INFO - [2025-07-22T12:07:30.203+0000] {dag.py:3239} INFO - Sync 1 DAGs
[2025-07-22T12:07:30.223+0000] {logging_mixin.py:190} INFO - [2025-07-22T12:07:30.223+0000] {dag.py:4180} INFO - Setting next_dagrun for train_traffic_pred to 2025-07-22 00:00:00+00:00, run_after=2025-07-23 00:00:00+00:00
[2025-07-22T12:07:30.240+0000] {processor.py:208} INFO - Processing /opt/airflow/dags/train_traffic_pred.py took 3.513 seconds
[2025-07-22T12:08:01.428+0000] {processor.py:186} INFO - Started process (PID=65388) to work on /opt/airflow/dags/train_traffic_pred.py
[2025-07-22T12:08:01.429+0000] {processor.py:914} INFO - Processing file /opt/airflow/dags/train_traffic_pred.py for tasks to queue
[2025-07-22T12:08:01.431+0000] {logging_mixin.py:190} INFO - [2025-07-22T12:08:01.430+0000] {dagbag.py:588} INFO - Filling up the DagBag from /opt/airflow/dags/train_traffic_pred.py
[2025-07-22T12:08:04.697+0000] {processor.py:925} INFO - DAG(s) 'train_traffic_pred' retrieved from /opt/airflow/dags/train_traffic_pred.py
[2025-07-22T12:08:04.718+0000] {logging_mixin.py:190} INFO - [2025-07-22T12:08:04.717+0000] {dag.py:3239} INFO - Sync 1 DAGs
[2025-07-22T12:08:04.735+0000] {logging_mixin.py:190} INFO - [2025-07-22T12:08:04.735+0000] {dag.py:4180} INFO - Setting next_dagrun for train_traffic_pred to 2025-07-22 00:00:00+00:00, run_after=2025-07-23 00:00:00+00:00
[2025-07-22T12:08:04.752+0000] {processor.py:208} INFO - Processing /opt/airflow/dags/train_traffic_pred.py took 3.330 seconds
[2025-07-22T12:08:35.996+0000] {processor.py:186} INFO - Started process (PID=65493) to work on /opt/airflow/dags/train_traffic_pred.py
[2025-07-22T12:08:35.997+0000] {processor.py:914} INFO - Processing file /opt/airflow/dags/train_traffic_pred.py for tasks to queue
[2025-07-22T12:08:35.999+0000] {logging_mixin.py:190} INFO - [2025-07-22T12:08:35.999+0000] {dagbag.py:588} INFO - Filling up the DagBag from /opt/airflow/dags/train_traffic_pred.py
[2025-07-22T12:08:39.122+0000] {processor.py:925} INFO - DAG(s) 'train_traffic_pred' retrieved from /opt/airflow/dags/train_traffic_pred.py
[2025-07-22T12:08:39.144+0000] {logging_mixin.py:190} INFO - [2025-07-22T12:08:39.143+0000] {dag.py:3239} INFO - Sync 1 DAGs
[2025-07-22T12:08:39.161+0000] {logging_mixin.py:190} INFO - [2025-07-22T12:08:39.161+0000] {dag.py:4180} INFO - Setting next_dagrun for train_traffic_pred to 2025-07-22 00:00:00+00:00, run_after=2025-07-23 00:00:00+00:00
[2025-07-22T12:08:39.183+0000] {processor.py:208} INFO - Processing /opt/airflow/dags/train_traffic_pred.py took 3.192 seconds
[2025-07-22T12:09:10.944+0000] {processor.py:186} INFO - Started process (PID=65591) to work on /opt/airflow/dags/train_traffic_pred.py
[2025-07-22T12:09:10.946+0000] {processor.py:914} INFO - Processing file /opt/airflow/dags/train_traffic_pred.py for tasks to queue
[2025-07-22T12:09:10.949+0000] {logging_mixin.py:190} INFO - [2025-07-22T12:09:10.948+0000] {dagbag.py:588} INFO - Filling up the DagBag from /opt/airflow/dags/train_traffic_pred.py
[2025-07-22T12:09:14.206+0000] {processor.py:925} INFO - DAG(s) 'train_traffic_pred' retrieved from /opt/airflow/dags/train_traffic_pred.py
[2025-07-22T12:09:14.228+0000] {logging_mixin.py:190} INFO - [2025-07-22T12:09:14.227+0000] {dag.py:3239} INFO - Sync 1 DAGs
[2025-07-22T12:09:14.244+0000] {logging_mixin.py:190} INFO - [2025-07-22T12:09:14.244+0000] {dag.py:4180} INFO - Setting next_dagrun for train_traffic_pred to 2025-07-22 00:00:00+00:00, run_after=2025-07-23 00:00:00+00:00
[2025-07-22T12:09:14.259+0000] {processor.py:208} INFO - Processing /opt/airflow/dags/train_traffic_pred.py took 3.321 seconds
[2025-07-22T12:09:45.576+0000] {processor.py:186} INFO - Started process (PID=65689) to work on /opt/airflow/dags/train_traffic_pred.py
[2025-07-22T12:09:45.577+0000] {processor.py:914} INFO - Processing file /opt/airflow/dags/train_traffic_pred.py for tasks to queue
[2025-07-22T12:09:45.580+0000] {logging_mixin.py:190} INFO - [2025-07-22T12:09:45.580+0000] {dagbag.py:588} INFO - Filling up the DagBag from /opt/airflow/dags/train_traffic_pred.py
[2025-07-22T12:09:48.799+0000] {processor.py:925} INFO - DAG(s) 'train_traffic_pred' retrieved from /opt/airflow/dags/train_traffic_pred.py
[2025-07-22T12:09:48.822+0000] {logging_mixin.py:190} INFO - [2025-07-22T12:09:48.821+0000] {dag.py:3239} INFO - Sync 1 DAGs
[2025-07-22T12:09:48.840+0000] {logging_mixin.py:190} INFO - [2025-07-22T12:09:48.840+0000] {dag.py:4180} INFO - Setting next_dagrun for train_traffic_pred to 2025-07-22 00:00:00+00:00, run_after=2025-07-23 00:00:00+00:00
[2025-07-22T12:09:48.854+0000] {processor.py:208} INFO - Processing /opt/airflow/dags/train_traffic_pred.py took 3.285 seconds
[2025-07-22T12:10:20.170+0000] {processor.py:186} INFO - Started process (PID=65787) to work on /opt/airflow/dags/train_traffic_pred.py
[2025-07-22T12:10:20.171+0000] {processor.py:914} INFO - Processing file /opt/airflow/dags/train_traffic_pred.py for tasks to queue
[2025-07-22T12:10:20.174+0000] {logging_mixin.py:190} INFO - [2025-07-22T12:10:20.174+0000] {dagbag.py:588} INFO - Filling up the DagBag from /opt/airflow/dags/train_traffic_pred.py
[2025-07-22T12:10:23.733+0000] {processor.py:925} INFO - DAG(s) 'train_traffic_pred' retrieved from /opt/airflow/dags/train_traffic_pred.py
[2025-07-22T12:10:23.755+0000] {logging_mixin.py:190} INFO - [2025-07-22T12:10:23.754+0000] {dag.py:3239} INFO - Sync 1 DAGs
[2025-07-22T12:10:23.775+0000] {logging_mixin.py:190} INFO - [2025-07-22T12:10:23.775+0000] {dag.py:4180} INFO - Setting next_dagrun for train_traffic_pred to 2025-07-22 00:00:00+00:00, run_after=2025-07-23 00:00:00+00:00
[2025-07-22T12:10:23.790+0000] {processor.py:208} INFO - Processing /opt/airflow/dags/train_traffic_pred.py took 3.629 seconds
[2025-07-22T12:10:55.720+0000] {processor.py:186} INFO - Started process (PID=65885) to work on /opt/airflow/dags/train_traffic_pred.py
[2025-07-22T12:10:55.721+0000] {processor.py:914} INFO - Processing file /opt/airflow/dags/train_traffic_pred.py for tasks to queue
[2025-07-22T12:10:55.724+0000] {logging_mixin.py:190} INFO - [2025-07-22T12:10:55.724+0000] {dagbag.py:588} INFO - Filling up the DagBag from /opt/airflow/dags/train_traffic_pred.py
[2025-07-22T12:10:59.098+0000] {processor.py:925} INFO - DAG(s) 'train_traffic_pred' retrieved from /opt/airflow/dags/train_traffic_pred.py
[2025-07-22T12:10:59.122+0000] {logging_mixin.py:190} INFO - [2025-07-22T12:10:59.121+0000] {dag.py:3239} INFO - Sync 1 DAGs
[2025-07-22T12:10:59.141+0000] {logging_mixin.py:190} INFO - [2025-07-22T12:10:59.141+0000] {dag.py:4180} INFO - Setting next_dagrun for train_traffic_pred to 2025-07-22 00:00:00+00:00, run_after=2025-07-23 00:00:00+00:00
[2025-07-22T12:10:59.159+0000] {processor.py:208} INFO - Processing /opt/airflow/dags/train_traffic_pred.py took 3.446 seconds
[2025-07-22T12:11:30.542+0000] {processor.py:186} INFO - Started process (PID=65983) to work on /opt/airflow/dags/train_traffic_pred.py
[2025-07-22T12:11:30.543+0000] {processor.py:914} INFO - Processing file /opt/airflow/dags/train_traffic_pred.py for tasks to queue
[2025-07-22T12:11:30.547+0000] {logging_mixin.py:190} INFO - [2025-07-22T12:11:30.547+0000] {dagbag.py:588} INFO - Filling up the DagBag from /opt/airflow/dags/train_traffic_pred.py
[2025-07-22T12:11:34.085+0000] {processor.py:925} INFO - DAG(s) 'train_traffic_pred' retrieved from /opt/airflow/dags/train_traffic_pred.py
[2025-07-22T12:11:34.108+0000] {logging_mixin.py:190} INFO - [2025-07-22T12:11:34.107+0000] {dag.py:3239} INFO - Sync 1 DAGs
[2025-07-22T12:11:34.130+0000] {logging_mixin.py:190} INFO - [2025-07-22T12:11:34.129+0000] {dag.py:4180} INFO - Setting next_dagrun for train_traffic_pred to 2025-07-22 00:00:00+00:00, run_after=2025-07-23 00:00:00+00:00
[2025-07-22T12:11:34.147+0000] {processor.py:208} INFO - Processing /opt/airflow/dags/train_traffic_pred.py took 3.613 seconds
[2025-07-22T12:12:05.849+0000] {processor.py:186} INFO - Started process (PID=66088) to work on /opt/airflow/dags/train_traffic_pred.py
[2025-07-22T12:12:05.851+0000] {processor.py:914} INFO - Processing file /opt/airflow/dags/train_traffic_pred.py for tasks to queue
[2025-07-22T12:12:05.853+0000] {logging_mixin.py:190} INFO - [2025-07-22T12:12:05.853+0000] {dagbag.py:588} INFO - Filling up the DagBag from /opt/airflow/dags/train_traffic_pred.py
[2025-07-22T12:12:09.191+0000] {processor.py:925} INFO - DAG(s) 'train_traffic_pred' retrieved from /opt/airflow/dags/train_traffic_pred.py
[2025-07-22T12:12:09.213+0000] {logging_mixin.py:190} INFO - [2025-07-22T12:12:09.212+0000] {dag.py:3239} INFO - Sync 1 DAGs
[2025-07-22T12:12:09.231+0000] {logging_mixin.py:190} INFO - [2025-07-22T12:12:09.230+0000] {dag.py:4180} INFO - Setting next_dagrun for train_traffic_pred to 2025-07-22 00:00:00+00:00, run_after=2025-07-23 00:00:00+00:00
[2025-07-22T12:12:09.265+0000] {processor.py:208} INFO - Processing /opt/airflow/dags/train_traffic_pred.py took 3.423 seconds
[2025-07-22T12:12:41.201+0000] {processor.py:186} INFO - Started process (PID=66186) to work on /opt/airflow/dags/train_traffic_pred.py
[2025-07-22T12:12:41.202+0000] {processor.py:914} INFO - Processing file /opt/airflow/dags/train_traffic_pred.py for tasks to queue
[2025-07-22T12:12:41.205+0000] {logging_mixin.py:190} INFO - [2025-07-22T12:12:41.205+0000] {dagbag.py:588} INFO - Filling up the DagBag from /opt/airflow/dags/train_traffic_pred.py
[2025-07-22T12:12:44.755+0000] {processor.py:925} INFO - DAG(s) 'train_traffic_pred' retrieved from /opt/airflow/dags/train_traffic_pred.py
[2025-07-22T12:12:44.780+0000] {logging_mixin.py:190} INFO - [2025-07-22T12:12:44.779+0000] {dag.py:3239} INFO - Sync 1 DAGs
[2025-07-22T12:12:44.801+0000] {logging_mixin.py:190} INFO - [2025-07-22T12:12:44.801+0000] {dag.py:4180} INFO - Setting next_dagrun for train_traffic_pred to 2025-07-22 00:00:00+00:00, run_after=2025-07-23 00:00:00+00:00
[2025-07-22T12:12:44.819+0000] {processor.py:208} INFO - Processing /opt/airflow/dags/train_traffic_pred.py took 3.624 seconds
[2025-07-22T12:13:16.507+0000] {processor.py:186} INFO - Started process (PID=66284) to work on /opt/airflow/dags/train_traffic_pred.py
[2025-07-22T12:13:16.508+0000] {processor.py:914} INFO - Processing file /opt/airflow/dags/train_traffic_pred.py for tasks to queue
[2025-07-22T12:13:16.510+0000] {logging_mixin.py:190} INFO - [2025-07-22T12:13:16.510+0000] {dagbag.py:588} INFO - Filling up the DagBag from /opt/airflow/dags/train_traffic_pred.py
[2025-07-22T12:13:19.874+0000] {processor.py:925} INFO - DAG(s) 'train_traffic_pred' retrieved from /opt/airflow/dags/train_traffic_pred.py
[2025-07-22T12:13:19.895+0000] {logging_mixin.py:190} INFO - [2025-07-22T12:13:19.894+0000] {dag.py:3239} INFO - Sync 1 DAGs
[2025-07-22T12:13:19.913+0000] {logging_mixin.py:190} INFO - [2025-07-22T12:13:19.912+0000] {dag.py:4180} INFO - Setting next_dagrun for train_traffic_pred to 2025-07-22 00:00:00+00:00, run_after=2025-07-23 00:00:00+00:00
[2025-07-22T12:13:19.929+0000] {processor.py:208} INFO - Processing /opt/airflow/dags/train_traffic_pred.py took 3.428 seconds
[2025-07-22T12:13:51.033+0000] {processor.py:186} INFO - Started process (PID=66382) to work on /opt/airflow/dags/train_traffic_pred.py
[2025-07-22T12:13:51.034+0000] {processor.py:914} INFO - Processing file /opt/airflow/dags/train_traffic_pred.py for tasks to queue
[2025-07-22T12:13:51.037+0000] {logging_mixin.py:190} INFO - [2025-07-22T12:13:51.036+0000] {dagbag.py:588} INFO - Filling up the DagBag from /opt/airflow/dags/train_traffic_pred.py
[2025-07-22T12:13:54.425+0000] {processor.py:925} INFO - DAG(s) 'train_traffic_pred' retrieved from /opt/airflow/dags/train_traffic_pred.py
[2025-07-22T12:13:54.447+0000] {logging_mixin.py:190} INFO - [2025-07-22T12:13:54.446+0000] {dag.py:3239} INFO - Sync 1 DAGs
[2025-07-22T12:13:54.466+0000] {logging_mixin.py:190} INFO - [2025-07-22T12:13:54.466+0000] {dag.py:4180} INFO - Setting next_dagrun for train_traffic_pred to 2025-07-22 00:00:00+00:00, run_after=2025-07-23 00:00:00+00:00
[2025-07-22T12:13:54.482+0000] {processor.py:208} INFO - Processing /opt/airflow/dags/train_traffic_pred.py took 3.457 seconds
[2025-07-22T12:14:25.700+0000] {processor.py:186} INFO - Started process (PID=66480) to work on /opt/airflow/dags/train_traffic_pred.py
[2025-07-22T12:14:25.701+0000] {processor.py:914} INFO - Processing file /opt/airflow/dags/train_traffic_pred.py for tasks to queue
[2025-07-22T12:14:25.703+0000] {logging_mixin.py:190} INFO - [2025-07-22T12:14:25.702+0000] {dagbag.py:588} INFO - Filling up the DagBag from /opt/airflow/dags/train_traffic_pred.py
[2025-07-22T12:14:29.008+0000] {processor.py:925} INFO - DAG(s) 'train_traffic_pred' retrieved from /opt/airflow/dags/train_traffic_pred.py
[2025-07-22T12:14:29.032+0000] {logging_mixin.py:190} INFO - [2025-07-22T12:14:29.031+0000] {dag.py:3239} INFO - Sync 1 DAGs
[2025-07-22T12:14:29.054+0000] {logging_mixin.py:190} INFO - [2025-07-22T12:14:29.054+0000] {dag.py:4180} INFO - Setting next_dagrun for train_traffic_pred to 2025-07-22 00:00:00+00:00, run_after=2025-07-23 00:00:00+00:00
[2025-07-22T12:14:29.072+0000] {processor.py:208} INFO - Processing /opt/airflow/dags/train_traffic_pred.py took 3.378 seconds
[2025-07-22T12:15:00.338+0000] {processor.py:186} INFO - Started process (PID=66578) to work on /opt/airflow/dags/train_traffic_pred.py
[2025-07-22T12:15:00.339+0000] {processor.py:914} INFO - Processing file /opt/airflow/dags/train_traffic_pred.py for tasks to queue
[2025-07-22T12:15:00.342+0000] {logging_mixin.py:190} INFO - [2025-07-22T12:15:00.342+0000] {dagbag.py:588} INFO - Filling up the DagBag from /opt/airflow/dags/train_traffic_pred.py
[2025-07-22T12:15:03.858+0000] {processor.py:925} INFO - DAG(s) 'train_traffic_pred' retrieved from /opt/airflow/dags/train_traffic_pred.py
[2025-07-22T12:15:03.879+0000] {logging_mixin.py:190} INFO - [2025-07-22T12:15:03.879+0000] {dag.py:3239} INFO - Sync 1 DAGs
[2025-07-22T12:15:03.922+0000] {logging_mixin.py:190} INFO - [2025-07-22T12:15:03.922+0000] {dag.py:4180} INFO - Setting next_dagrun for train_traffic_pred to 2025-07-22 00:00:00+00:00, run_after=2025-07-23 00:00:00+00:00
[2025-07-22T12:15:03.955+0000] {processor.py:208} INFO - Processing /opt/airflow/dags/train_traffic_pred.py took 3.624 seconds
[2025-07-22T12:15:35.211+0000] {processor.py:186} INFO - Started process (PID=66682) to work on /opt/airflow/dags/train_traffic_pred.py
[2025-07-22T12:15:35.212+0000] {processor.py:914} INFO - Processing file /opt/airflow/dags/train_traffic_pred.py for tasks to queue
[2025-07-22T12:15:35.214+0000] {logging_mixin.py:190} INFO - [2025-07-22T12:15:35.214+0000] {dagbag.py:588} INFO - Filling up the DagBag from /opt/airflow/dags/train_traffic_pred.py
[2025-07-22T12:15:38.582+0000] {processor.py:925} INFO - DAG(s) 'train_traffic_pred' retrieved from /opt/airflow/dags/train_traffic_pred.py
[2025-07-22T12:15:38.606+0000] {logging_mixin.py:190} INFO - [2025-07-22T12:15:38.605+0000] {dag.py:3239} INFO - Sync 1 DAGs
[2025-07-22T12:15:38.627+0000] {logging_mixin.py:190} INFO - [2025-07-22T12:15:38.626+0000] {dag.py:4180} INFO - Setting next_dagrun for train_traffic_pred to 2025-07-22 00:00:00+00:00, run_after=2025-07-23 00:00:00+00:00
[2025-07-22T12:15:38.643+0000] {processor.py:208} INFO - Processing /opt/airflow/dags/train_traffic_pred.py took 3.438 seconds
[2025-07-22T12:16:10.162+0000] {processor.py:186} INFO - Started process (PID=66780) to work on /opt/airflow/dags/train_traffic_pred.py
[2025-07-22T12:16:10.163+0000] {processor.py:914} INFO - Processing file /opt/airflow/dags/train_traffic_pred.py for tasks to queue
[2025-07-22T12:16:10.166+0000] {logging_mixin.py:190} INFO - [2025-07-22T12:16:10.166+0000] {dagbag.py:588} INFO - Filling up the DagBag from /opt/airflow/dags/train_traffic_pred.py
[2025-07-22T12:16:13.597+0000] {processor.py:925} INFO - DAG(s) 'train_traffic_pred' retrieved from /opt/airflow/dags/train_traffic_pred.py
[2025-07-22T12:16:13.622+0000] {logging_mixin.py:190} INFO - [2025-07-22T12:16:13.621+0000] {dag.py:3239} INFO - Sync 1 DAGs
[2025-07-22T12:16:13.643+0000] {logging_mixin.py:190} INFO - [2025-07-22T12:16:13.643+0000] {dag.py:4180} INFO - Setting next_dagrun for train_traffic_pred to 2025-07-22 00:00:00+00:00, run_after=2025-07-23 00:00:00+00:00
[2025-07-22T12:16:13.662+0000] {processor.py:208} INFO - Processing /opt/airflow/dags/train_traffic_pred.py took 3.506 seconds
[2025-07-22T12:16:44.962+0000] {processor.py:186} INFO - Started process (PID=66878) to work on /opt/airflow/dags/train_traffic_pred.py
[2025-07-22T12:16:44.963+0000] {processor.py:914} INFO - Processing file /opt/airflow/dags/train_traffic_pred.py for tasks to queue
[2025-07-22T12:16:44.965+0000] {logging_mixin.py:190} INFO - [2025-07-22T12:16:44.965+0000] {dagbag.py:588} INFO - Filling up the DagBag from /opt/airflow/dags/train_traffic_pred.py
[2025-07-22T12:16:48.244+0000] {processor.py:925} INFO - DAG(s) 'train_traffic_pred' retrieved from /opt/airflow/dags/train_traffic_pred.py
[2025-07-22T12:16:48.268+0000] {logging_mixin.py:190} INFO - [2025-07-22T12:16:48.267+0000] {dag.py:3239} INFO - Sync 1 DAGs
[2025-07-22T12:16:48.290+0000] {logging_mixin.py:190} INFO - [2025-07-22T12:16:48.290+0000] {dag.py:4180} INFO - Setting next_dagrun for train_traffic_pred to 2025-07-22 00:00:00+00:00, run_after=2025-07-23 00:00:00+00:00
[2025-07-22T12:16:48.307+0000] {processor.py:208} INFO - Processing /opt/airflow/dags/train_traffic_pred.py took 3.351 seconds
[2025-07-22T12:17:19.425+0000] {processor.py:186} INFO - Started process (PID=66976) to work on /opt/airflow/dags/train_traffic_pred.py
[2025-07-22T12:17:19.426+0000] {processor.py:914} INFO - Processing file /opt/airflow/dags/train_traffic_pred.py for tasks to queue
[2025-07-22T12:17:19.429+0000] {logging_mixin.py:190} INFO - [2025-07-22T12:17:19.429+0000] {dagbag.py:588} INFO - Filling up the DagBag from /opt/airflow/dags/train_traffic_pred.py
[2025-07-22T12:17:22.734+0000] {processor.py:925} INFO - DAG(s) 'train_traffic_pred' retrieved from /opt/airflow/dags/train_traffic_pred.py
[2025-07-22T12:17:22.754+0000] {logging_mixin.py:190} INFO - [2025-07-22T12:17:22.754+0000] {dag.py:3239} INFO - Sync 1 DAGs
[2025-07-22T12:17:22.772+0000] {logging_mixin.py:190} INFO - [2025-07-22T12:17:22.772+0000] {dag.py:4180} INFO - Setting next_dagrun for train_traffic_pred to 2025-07-22 00:00:00+00:00, run_after=2025-07-23 00:00:00+00:00
[2025-07-22T12:17:22.791+0000] {processor.py:208} INFO - Processing /opt/airflow/dags/train_traffic_pred.py took 3.373 seconds
[2025-07-22T12:17:54.006+0000] {processor.py:186} INFO - Started process (PID=67074) to work on /opt/airflow/dags/train_traffic_pred.py
[2025-07-22T12:17:54.007+0000] {processor.py:914} INFO - Processing file /opt/airflow/dags/train_traffic_pred.py for tasks to queue
[2025-07-22T12:17:54.009+0000] {logging_mixin.py:190} INFO - [2025-07-22T12:17:54.009+0000] {dagbag.py:588} INFO - Filling up the DagBag from /opt/airflow/dags/train_traffic_pred.py
[2025-07-22T12:17:57.264+0000] {processor.py:925} INFO - DAG(s) 'train_traffic_pred' retrieved from /opt/airflow/dags/train_traffic_pred.py
[2025-07-22T12:17:57.286+0000] {logging_mixin.py:190} INFO - [2025-07-22T12:17:57.285+0000] {dag.py:3239} INFO - Sync 1 DAGs
[2025-07-22T12:17:57.306+0000] {logging_mixin.py:190} INFO - [2025-07-22T12:17:57.306+0000] {dag.py:4180} INFO - Setting next_dagrun for train_traffic_pred to 2025-07-22 00:00:00+00:00, run_after=2025-07-23 00:00:00+00:00
[2025-07-22T12:17:57.323+0000] {processor.py:208} INFO - Processing /opt/airflow/dags/train_traffic_pred.py took 3.323 seconds
[2025-07-22T12:18:28.470+0000] {processor.py:186} INFO - Started process (PID=67172) to work on /opt/airflow/dags/train_traffic_pred.py
[2025-07-22T12:18:28.471+0000] {processor.py:914} INFO - Processing file /opt/airflow/dags/train_traffic_pred.py for tasks to queue
[2025-07-22T12:18:28.474+0000] {logging_mixin.py:190} INFO - [2025-07-22T12:18:28.473+0000] {dagbag.py:588} INFO - Filling up the DagBag from /opt/airflow/dags/train_traffic_pred.py
[2025-07-22T12:18:31.826+0000] {processor.py:925} INFO - DAG(s) 'train_traffic_pred' retrieved from /opt/airflow/dags/train_traffic_pred.py
[2025-07-22T12:18:31.850+0000] {logging_mixin.py:190} INFO - [2025-07-22T12:18:31.850+0000] {dag.py:3239} INFO - Sync 1 DAGs
[2025-07-22T12:18:31.874+0000] {logging_mixin.py:190} INFO - [2025-07-22T12:18:31.874+0000] {dag.py:4180} INFO - Setting next_dagrun for train_traffic_pred to 2025-07-22 00:00:00+00:00, run_after=2025-07-23 00:00:00+00:00
[2025-07-22T12:18:31.892+0000] {processor.py:208} INFO - Processing /opt/airflow/dags/train_traffic_pred.py took 3.428 seconds
[2025-07-22T12:19:03.031+0000] {processor.py:186} INFO - Started process (PID=67271) to work on /opt/airflow/dags/train_traffic_pred.py
[2025-07-22T12:19:03.032+0000] {processor.py:914} INFO - Processing file /opt/airflow/dags/train_traffic_pred.py for tasks to queue
[2025-07-22T12:19:03.034+0000] {logging_mixin.py:190} INFO - [2025-07-22T12:19:03.034+0000] {dagbag.py:588} INFO - Filling up the DagBag from /opt/airflow/dags/train_traffic_pred.py
[2025-07-22T12:19:06.280+0000] {processor.py:925} INFO - DAG(s) 'train_traffic_pred' retrieved from /opt/airflow/dags/train_traffic_pred.py
[2025-07-22T12:19:06.301+0000] {logging_mixin.py:190} INFO - [2025-07-22T12:19:06.300+0000] {dag.py:3239} INFO - Sync 1 DAGs
[2025-07-22T12:19:06.318+0000] {logging_mixin.py:190} INFO - [2025-07-22T12:19:06.318+0000] {dag.py:4180} INFO - Setting next_dagrun for train_traffic_pred to 2025-07-22 00:00:00+00:00, run_after=2025-07-23 00:00:00+00:00
[2025-07-22T12:19:06.333+0000] {processor.py:208} INFO - Processing /opt/airflow/dags/train_traffic_pred.py took 3.308 seconds
[2025-07-22T12:19:37.736+0000] {processor.py:186} INFO - Started process (PID=67375) to work on /opt/airflow/dags/train_traffic_pred.py
[2025-07-22T12:19:37.738+0000] {processor.py:914} INFO - Processing file /opt/airflow/dags/train_traffic_pred.py for tasks to queue
[2025-07-22T12:19:37.740+0000] {logging_mixin.py:190} INFO - [2025-07-22T12:19:37.740+0000] {dagbag.py:588} INFO - Filling up the DagBag from /opt/airflow/dags/train_traffic_pred.py
[2025-07-22T12:19:41.185+0000] {processor.py:925} INFO - DAG(s) 'train_traffic_pred' retrieved from /opt/airflow/dags/train_traffic_pred.py
[2025-07-22T12:19:41.209+0000] {logging_mixin.py:190} INFO - [2025-07-22T12:19:41.208+0000] {dag.py:3239} INFO - Sync 1 DAGs
[2025-07-22T12:19:41.228+0000] {logging_mixin.py:190} INFO - [2025-07-22T12:19:41.228+0000] {dag.py:4180} INFO - Setting next_dagrun for train_traffic_pred to 2025-07-22 00:00:00+00:00, run_after=2025-07-23 00:00:00+00:00
[2025-07-22T12:19:41.245+0000] {processor.py:208} INFO - Processing /opt/airflow/dags/train_traffic_pred.py took 3.517 seconds
[2025-07-22T12:20:12.418+0000] {processor.py:186} INFO - Started process (PID=67473) to work on /opt/airflow/dags/train_traffic_pred.py
[2025-07-22T12:20:12.420+0000] {processor.py:914} INFO - Processing file /opt/airflow/dags/train_traffic_pred.py for tasks to queue
[2025-07-22T12:20:12.423+0000] {logging_mixin.py:190} INFO - [2025-07-22T12:20:12.422+0000] {dagbag.py:588} INFO - Filling up the DagBag from /opt/airflow/dags/train_traffic_pred.py
[2025-07-22T12:20:15.678+0000] {processor.py:925} INFO - DAG(s) 'train_traffic_pred' retrieved from /opt/airflow/dags/train_traffic_pred.py
[2025-07-22T12:20:15.699+0000] {logging_mixin.py:190} INFO - [2025-07-22T12:20:15.699+0000] {dag.py:3239} INFO - Sync 1 DAGs
[2025-07-22T12:20:15.718+0000] {logging_mixin.py:190} INFO - [2025-07-22T12:20:15.718+0000] {dag.py:4180} INFO - Setting next_dagrun for train_traffic_pred to 2025-07-22 00:00:00+00:00, run_after=2025-07-23 00:00:00+00:00
[2025-07-22T12:20:15.733+0000] {processor.py:208} INFO - Processing /opt/airflow/dags/train_traffic_pred.py took 3.321 seconds
[2025-07-22T12:20:47.339+0000] {processor.py:186} INFO - Started process (PID=67571) to work on /opt/airflow/dags/train_traffic_pred.py
[2025-07-22T12:20:47.341+0000] {processor.py:914} INFO - Processing file /opt/airflow/dags/train_traffic_pred.py for tasks to queue
[2025-07-22T12:20:47.344+0000] {logging_mixin.py:190} INFO - [2025-07-22T12:20:47.344+0000] {dagbag.py:588} INFO - Filling up the DagBag from /opt/airflow/dags/train_traffic_pred.py
[2025-07-22T12:20:50.569+0000] {processor.py:925} INFO - DAG(s) 'train_traffic_pred' retrieved from /opt/airflow/dags/train_traffic_pred.py
[2025-07-22T12:20:50.589+0000] {logging_mixin.py:190} INFO - [2025-07-22T12:20:50.589+0000] {dag.py:3239} INFO - Sync 1 DAGs
[2025-07-22T12:20:50.608+0000] {logging_mixin.py:190} INFO - [2025-07-22T12:20:50.607+0000] {dag.py:4180} INFO - Setting next_dagrun for train_traffic_pred to 2025-07-22 00:00:00+00:00, run_after=2025-07-23 00:00:00+00:00
[2025-07-22T12:20:50.637+0000] {processor.py:208} INFO - Processing /opt/airflow/dags/train_traffic_pred.py took 3.305 seconds
[2025-07-22T12:21:22.155+0000] {processor.py:186} INFO - Started process (PID=67669) to work on /opt/airflow/dags/train_traffic_pred.py
[2025-07-22T12:21:22.157+0000] {processor.py:914} INFO - Processing file /opt/airflow/dags/train_traffic_pred.py for tasks to queue
[2025-07-22T12:21:22.159+0000] {logging_mixin.py:190} INFO - [2025-07-22T12:21:22.159+0000] {dagbag.py:588} INFO - Filling up the DagBag from /opt/airflow/dags/train_traffic_pred.py
[2025-07-22T12:21:25.482+0000] {processor.py:925} INFO - DAG(s) 'train_traffic_pred' retrieved from /opt/airflow/dags/train_traffic_pred.py
[2025-07-22T12:21:25.502+0000] {logging_mixin.py:190} INFO - [2025-07-22T12:21:25.501+0000] {dag.py:3239} INFO - Sync 1 DAGs
[2025-07-22T12:21:25.519+0000] {logging_mixin.py:190} INFO - [2025-07-22T12:21:25.519+0000] {dag.py:4180} INFO - Setting next_dagrun for train_traffic_pred to 2025-07-22 00:00:00+00:00, run_after=2025-07-23 00:00:00+00:00
[2025-07-22T12:21:25.535+0000] {processor.py:208} INFO - Processing /opt/airflow/dags/train_traffic_pred.py took 3.386 seconds
[2025-07-22T12:21:57.059+0000] {processor.py:186} INFO - Started process (PID=67764) to work on /opt/airflow/dags/train_traffic_pred.py
[2025-07-22T12:21:57.061+0000] {processor.py:914} INFO - Processing file /opt/airflow/dags/train_traffic_pred.py for tasks to queue
[2025-07-22T12:21:57.064+0000] {logging_mixin.py:190} INFO - [2025-07-22T12:21:57.064+0000] {dagbag.py:588} INFO - Filling up the DagBag from /opt/airflow/dags/train_traffic_pred.py
[2025-07-22T12:22:00.423+0000] {processor.py:925} INFO - DAG(s) 'train_traffic_pred' retrieved from /opt/airflow/dags/train_traffic_pred.py
[2025-07-22T12:22:00.445+0000] {logging_mixin.py:190} INFO - [2025-07-22T12:22:00.445+0000] {dag.py:3239} INFO - Sync 1 DAGs
[2025-07-22T12:22:00.465+0000] {logging_mixin.py:190} INFO - [2025-07-22T12:22:00.465+0000] {dag.py:4180} INFO - Setting next_dagrun for train_traffic_pred to 2025-07-22 00:00:00+00:00, run_after=2025-07-23 00:00:00+00:00
[2025-07-22T12:22:00.482+0000] {processor.py:208} INFO - Processing /opt/airflow/dags/train_traffic_pred.py took 3.431 seconds
[2025-07-22T12:22:32.049+0000] {processor.py:186} INFO - Started process (PID=67862) to work on /opt/airflow/dags/train_traffic_pred.py
[2025-07-22T12:22:32.051+0000] {processor.py:914} INFO - Processing file /opt/airflow/dags/train_traffic_pred.py for tasks to queue
[2025-07-22T12:22:32.054+0000] {logging_mixin.py:190} INFO - [2025-07-22T12:22:32.054+0000] {dagbag.py:588} INFO - Filling up the DagBag from /opt/airflow/dags/train_traffic_pred.py
[2025-07-22T12:22:35.432+0000] {processor.py:925} INFO - DAG(s) 'train_traffic_pred' retrieved from /opt/airflow/dags/train_traffic_pred.py
[2025-07-22T12:22:35.453+0000] {logging_mixin.py:190} INFO - [2025-07-22T12:22:35.452+0000] {dag.py:3239} INFO - Sync 1 DAGs
[2025-07-22T12:22:35.471+0000] {logging_mixin.py:190} INFO - [2025-07-22T12:22:35.471+0000] {dag.py:4180} INFO - Setting next_dagrun for train_traffic_pred to 2025-07-22 00:00:00+00:00, run_after=2025-07-23 00:00:00+00:00
[2025-07-22T12:22:35.487+0000] {processor.py:208} INFO - Processing /opt/airflow/dags/train_traffic_pred.py took 3.445 seconds
[2025-07-22T12:23:06.796+0000] {processor.py:186} INFO - Started process (PID=67966) to work on /opt/airflow/dags/train_traffic_pred.py
[2025-07-22T12:23:06.797+0000] {processor.py:914} INFO - Processing file /opt/airflow/dags/train_traffic_pred.py for tasks to queue
[2025-07-22T12:23:06.800+0000] {logging_mixin.py:190} INFO - [2025-07-22T12:23:06.800+0000] {dagbag.py:588} INFO - Filling up the DagBag from /opt/airflow/dags/train_traffic_pred.py
[2025-07-22T12:23:10.037+0000] {processor.py:925} INFO - DAG(s) 'train_traffic_pred' retrieved from /opt/airflow/dags/train_traffic_pred.py
[2025-07-22T12:23:10.057+0000] {logging_mixin.py:190} INFO - [2025-07-22T12:23:10.056+0000] {dag.py:3239} INFO - Sync 1 DAGs
[2025-07-22T12:23:10.074+0000] {logging_mixin.py:190} INFO - [2025-07-22T12:23:10.074+0000] {dag.py:4180} INFO - Setting next_dagrun for train_traffic_pred to 2025-07-22 00:00:00+00:00, run_after=2025-07-23 00:00:00+00:00
[2025-07-22T12:23:10.091+0000] {processor.py:208} INFO - Processing /opt/airflow/dags/train_traffic_pred.py took 3.302 seconds
[2025-07-22T12:23:42.046+0000] {processor.py:186} INFO - Started process (PID=68064) to work on /opt/airflow/dags/train_traffic_pred.py
[2025-07-22T12:23:42.048+0000] {processor.py:914} INFO - Processing file /opt/airflow/dags/train_traffic_pred.py for tasks to queue
[2025-07-22T12:23:42.050+0000] {logging_mixin.py:190} INFO - [2025-07-22T12:23:42.050+0000] {dagbag.py:588} INFO - Filling up the DagBag from /opt/airflow/dags/train_traffic_pred.py
[2025-07-22T12:23:45.397+0000] {processor.py:925} INFO - DAG(s) 'train_traffic_pred' retrieved from /opt/airflow/dags/train_traffic_pred.py
[2025-07-22T12:23:45.418+0000] {logging_mixin.py:190} INFO - [2025-07-22T12:23:45.418+0000] {dag.py:3239} INFO - Sync 1 DAGs
[2025-07-22T12:23:45.434+0000] {logging_mixin.py:190} INFO - [2025-07-22T12:23:45.434+0000] {dag.py:4180} INFO - Setting next_dagrun for train_traffic_pred to 2025-07-22 00:00:00+00:00, run_after=2025-07-23 00:00:00+00:00
[2025-07-22T12:23:45.448+0000] {processor.py:208} INFO - Processing /opt/airflow/dags/train_traffic_pred.py took 3.409 seconds
[2025-07-22T12:24:17.484+0000] {processor.py:186} INFO - Started process (PID=68165) to work on /opt/airflow/dags/train_traffic_pred.py
[2025-07-22T12:24:17.486+0000] {processor.py:914} INFO - Processing file /opt/airflow/dags/train_traffic_pred.py for tasks to queue
[2025-07-22T12:24:17.489+0000] {logging_mixin.py:190} INFO - [2025-07-22T12:24:17.489+0000] {dagbag.py:588} INFO - Filling up the DagBag from /opt/airflow/dags/train_traffic_pred.py
[2025-07-22T12:24:20.997+0000] {processor.py:925} INFO - DAG(s) 'train_traffic_pred' retrieved from /opt/airflow/dags/train_traffic_pred.py
[2025-07-22T12:24:21.024+0000] {logging_mixin.py:190} INFO - [2025-07-22T12:24:21.023+0000] {dag.py:3239} INFO - Sync 1 DAGs
[2025-07-22T12:24:21.052+0000] {logging_mixin.py:190} INFO - [2025-07-22T12:24:21.052+0000] {dag.py:4180} INFO - Setting next_dagrun for train_traffic_pred to 2025-07-22 00:00:00+00:00, run_after=2025-07-23 00:00:00+00:00
[2025-07-22T12:24:21.078+0000] {processor.py:208} INFO - Processing /opt/airflow/dags/train_traffic_pred.py took 3.602 seconds
[2025-07-22T12:24:52.431+0000] {processor.py:186} INFO - Started process (PID=68263) to work on /opt/airflow/dags/train_traffic_pred.py
[2025-07-22T12:24:52.432+0000] {processor.py:914} INFO - Processing file /opt/airflow/dags/train_traffic_pred.py for tasks to queue
[2025-07-22T12:24:52.434+0000] {logging_mixin.py:190} INFO - [2025-07-22T12:24:52.434+0000] {dagbag.py:588} INFO - Filling up the DagBag from /opt/airflow/dags/train_traffic_pred.py
[2025-07-22T12:24:55.669+0000] {processor.py:925} INFO - DAG(s) 'train_traffic_pred' retrieved from /opt/airflow/dags/train_traffic_pred.py
[2025-07-22T12:24:55.690+0000] {logging_mixin.py:190} INFO - [2025-07-22T12:24:55.690+0000] {dag.py:3239} INFO - Sync 1 DAGs
[2025-07-22T12:24:55.712+0000] {logging_mixin.py:190} INFO - [2025-07-22T12:24:55.712+0000] {dag.py:4180} INFO - Setting next_dagrun for train_traffic_pred to 2025-07-22 00:00:00+00:00, run_after=2025-07-23 00:00:00+00:00
[2025-07-22T12:24:55.728+0000] {processor.py:208} INFO - Processing /opt/airflow/dags/train_traffic_pred.py took 3.302 seconds
[2025-07-22T12:25:27.074+0000] {processor.py:186} INFO - Started process (PID=68361) to work on /opt/airflow/dags/train_traffic_pred.py
[2025-07-22T12:25:27.075+0000] {processor.py:914} INFO - Processing file /opt/airflow/dags/train_traffic_pred.py for tasks to queue
[2025-07-22T12:25:27.078+0000] {logging_mixin.py:190} INFO - [2025-07-22T12:25:27.077+0000] {dagbag.py:588} INFO - Filling up the DagBag from /opt/airflow/dags/train_traffic_pred.py
[2025-07-22T12:25:30.462+0000] {processor.py:925} INFO - DAG(s) 'train_traffic_pred' retrieved from /opt/airflow/dags/train_traffic_pred.py
[2025-07-22T12:25:30.484+0000] {logging_mixin.py:190} INFO - [2025-07-22T12:25:30.483+0000] {dag.py:3239} INFO - Sync 1 DAGs
[2025-07-22T12:25:30.504+0000] {logging_mixin.py:190} INFO - [2025-07-22T12:25:30.504+0000] {dag.py:4180} INFO - Setting next_dagrun for train_traffic_pred to 2025-07-22 00:00:00+00:00, run_after=2025-07-23 00:00:00+00:00
[2025-07-22T12:25:30.520+0000] {processor.py:208} INFO - Processing /opt/airflow/dags/train_traffic_pred.py took 3.452 seconds
[2025-07-22T12:26:01.971+0000] {processor.py:186} INFO - Started process (PID=68459) to work on /opt/airflow/dags/train_traffic_pred.py
[2025-07-22T12:26:01.973+0000] {processor.py:914} INFO - Processing file /opt/airflow/dags/train_traffic_pred.py for tasks to queue
[2025-07-22T12:26:01.975+0000] {logging_mixin.py:190} INFO - [2025-07-22T12:26:01.975+0000] {dagbag.py:588} INFO - Filling up the DagBag from /opt/airflow/dags/train_traffic_pred.py
[2025-07-22T12:26:05.420+0000] {processor.py:925} INFO - DAG(s) 'train_traffic_pred' retrieved from /opt/airflow/dags/train_traffic_pred.py
[2025-07-22T12:26:05.444+0000] {logging_mixin.py:190} INFO - [2025-07-22T12:26:05.443+0000] {dag.py:3239} INFO - Sync 1 DAGs
[2025-07-22T12:26:05.463+0000] {logging_mixin.py:190} INFO - [2025-07-22T12:26:05.462+0000] {dag.py:4180} INFO - Setting next_dagrun for train_traffic_pred to 2025-07-22 00:00:00+00:00, run_after=2025-07-23 00:00:00+00:00
[2025-07-22T12:26:05.480+0000] {processor.py:208} INFO - Processing /opt/airflow/dags/train_traffic_pred.py took 3.515 seconds
[2025-07-22T12:26:36.653+0000] {processor.py:186} INFO - Started process (PID=68563) to work on /opt/airflow/dags/train_traffic_pred.py
[2025-07-22T12:26:36.654+0000] {processor.py:914} INFO - Processing file /opt/airflow/dags/train_traffic_pred.py for tasks to queue
[2025-07-22T12:26:36.656+0000] {logging_mixin.py:190} INFO - [2025-07-22T12:26:36.656+0000] {dagbag.py:588} INFO - Filling up the DagBag from /opt/airflow/dags/train_traffic_pred.py
[2025-07-22T12:26:39.859+0000] {processor.py:925} INFO - DAG(s) 'train_traffic_pred' retrieved from /opt/airflow/dags/train_traffic_pred.py
[2025-07-22T12:26:39.881+0000] {logging_mixin.py:190} INFO - [2025-07-22T12:26:39.881+0000] {dag.py:3239} INFO - Sync 1 DAGs
[2025-07-22T12:26:39.901+0000] {logging_mixin.py:190} INFO - [2025-07-22T12:26:39.900+0000] {dag.py:4180} INFO - Setting next_dagrun for train_traffic_pred to 2025-07-22 00:00:00+00:00, run_after=2025-07-23 00:00:00+00:00
[2025-07-22T12:26:39.917+0000] {processor.py:208} INFO - Processing /opt/airflow/dags/train_traffic_pred.py took 3.271 seconds
[2025-07-22T12:27:11.659+0000] {processor.py:186} INFO - Started process (PID=68661) to work on /opt/airflow/dags/train_traffic_pred.py
[2025-07-22T12:27:11.660+0000] {processor.py:914} INFO - Processing file /opt/airflow/dags/train_traffic_pred.py for tasks to queue
[2025-07-22T12:27:11.663+0000] {logging_mixin.py:190} INFO - [2025-07-22T12:27:11.663+0000] {dagbag.py:588} INFO - Filling up the DagBag from /opt/airflow/dags/train_traffic_pred.py
[2025-07-22T12:27:14.990+0000] {processor.py:925} INFO - DAG(s) 'train_traffic_pred' retrieved from /opt/airflow/dags/train_traffic_pred.py
[2025-07-22T12:27:15.012+0000] {logging_mixin.py:190} INFO - [2025-07-22T12:27:15.012+0000] {dag.py:3239} INFO - Sync 1 DAGs
[2025-07-22T12:27:15.033+0000] {logging_mixin.py:190} INFO - [2025-07-22T12:27:15.033+0000] {dag.py:4180} INFO - Setting next_dagrun for train_traffic_pred to 2025-07-22 00:00:00+00:00, run_after=2025-07-23 00:00:00+00:00
[2025-07-22T12:27:15.049+0000] {processor.py:208} INFO - Processing /opt/airflow/dags/train_traffic_pred.py took 3.397 seconds
[2025-07-22T12:27:46.235+0000] {processor.py:186} INFO - Started process (PID=68756) to work on /opt/airflow/dags/train_traffic_pred.py
[2025-07-22T12:27:46.236+0000] {processor.py:914} INFO - Processing file /opt/airflow/dags/train_traffic_pred.py for tasks to queue
[2025-07-22T12:27:46.240+0000] {logging_mixin.py:190} INFO - [2025-07-22T12:27:46.239+0000] {dagbag.py:588} INFO - Filling up the DagBag from /opt/airflow/dags/train_traffic_pred.py
[2025-07-22T12:27:49.588+0000] {processor.py:925} INFO - DAG(s) 'train_traffic_pred' retrieved from /opt/airflow/dags/train_traffic_pred.py
[2025-07-22T12:27:49.607+0000] {logging_mixin.py:190} INFO - [2025-07-22T12:27:49.607+0000] {dag.py:3239} INFO - Sync 1 DAGs
[2025-07-22T12:27:49.622+0000] {logging_mixin.py:190} INFO - [2025-07-22T12:27:49.622+0000] {dag.py:4180} INFO - Setting next_dagrun for train_traffic_pred to 2025-07-22 00:00:00+00:00, run_after=2025-07-23 00:00:00+00:00
[2025-07-22T12:27:49.636+0000] {processor.py:208} INFO - Processing /opt/airflow/dags/train_traffic_pred.py took 3.410 seconds
[2025-07-22T12:28:21.607+0000] {processor.py:186} INFO - Started process (PID=68854) to work on /opt/airflow/dags/train_traffic_pred.py
[2025-07-22T12:28:21.609+0000] {processor.py:914} INFO - Processing file /opt/airflow/dags/train_traffic_pred.py for tasks to queue
[2025-07-22T12:28:21.612+0000] {logging_mixin.py:190} INFO - [2025-07-22T12:28:21.612+0000] {dagbag.py:588} INFO - Filling up the DagBag from /opt/airflow/dags/train_traffic_pred.py
[2025-07-22T12:28:24.911+0000] {processor.py:925} INFO - DAG(s) 'train_traffic_pred' retrieved from /opt/airflow/dags/train_traffic_pred.py
[2025-07-22T12:28:24.929+0000] {logging_mixin.py:190} INFO - [2025-07-22T12:28:24.929+0000] {dag.py:3239} INFO - Sync 1 DAGs
[2025-07-22T12:28:24.945+0000] {logging_mixin.py:190} INFO - [2025-07-22T12:28:24.945+0000] {dag.py:4180} INFO - Setting next_dagrun for train_traffic_pred to 2025-07-22 00:00:00+00:00, run_after=2025-07-23 00:00:00+00:00
[2025-07-22T12:28:24.959+0000] {processor.py:208} INFO - Processing /opt/airflow/dags/train_traffic_pred.py took 3.359 seconds
[2025-07-22T12:28:56.655+0000] {processor.py:186} INFO - Started process (PID=68952) to work on /opt/airflow/dags/train_traffic_pred.py
[2025-07-22T12:28:56.656+0000] {processor.py:914} INFO - Processing file /opt/airflow/dags/train_traffic_pred.py for tasks to queue
[2025-07-22T12:28:56.659+0000] {logging_mixin.py:190} INFO - [2025-07-22T12:28:56.659+0000] {dagbag.py:588} INFO - Filling up the DagBag from /opt/airflow/dags/train_traffic_pred.py
[2025-07-22T12:28:59.809+0000] {processor.py:925} INFO - DAG(s) 'train_traffic_pred' retrieved from /opt/airflow/dags/train_traffic_pred.py
[2025-07-22T12:28:59.831+0000] {logging_mixin.py:190} INFO - [2025-07-22T12:28:59.830+0000] {dag.py:3239} INFO - Sync 1 DAGs
[2025-07-22T12:28:59.850+0000] {logging_mixin.py:190} INFO - [2025-07-22T12:28:59.850+0000] {dag.py:4180} INFO - Setting next_dagrun for train_traffic_pred to 2025-07-22 00:00:00+00:00, run_after=2025-07-23 00:00:00+00:00
[2025-07-22T12:28:59.869+0000] {processor.py:208} INFO - Processing /opt/airflow/dags/train_traffic_pred.py took 3.221 seconds
[2025-07-22T12:29:31.846+0000] {processor.py:186} INFO - Started process (PID=69050) to work on /opt/airflow/dags/train_traffic_pred.py
[2025-07-22T12:29:31.848+0000] {processor.py:914} INFO - Processing file /opt/airflow/dags/train_traffic_pred.py for tasks to queue
[2025-07-22T12:29:31.851+0000] {logging_mixin.py:190} INFO - [2025-07-22T12:29:31.851+0000] {dagbag.py:588} INFO - Filling up the DagBag from /opt/airflow/dags/train_traffic_pred.py
[2025-07-22T12:29:35.068+0000] {processor.py:925} INFO - DAG(s) 'train_traffic_pred' retrieved from /opt/airflow/dags/train_traffic_pred.py
[2025-07-22T12:29:35.088+0000] {logging_mixin.py:190} INFO - [2025-07-22T12:29:35.087+0000] {dag.py:3239} INFO - Sync 1 DAGs
[2025-07-22T12:29:35.105+0000] {logging_mixin.py:190} INFO - [2025-07-22T12:29:35.104+0000] {dag.py:4180} INFO - Setting next_dagrun for train_traffic_pred to 2025-07-22 00:00:00+00:00, run_after=2025-07-23 00:00:00+00:00
[2025-07-22T12:29:35.119+0000] {processor.py:208} INFO - Processing /opt/airflow/dags/train_traffic_pred.py took 3.280 seconds
[2025-07-22T12:30:07.043+0000] {processor.py:186} INFO - Started process (PID=69154) to work on /opt/airflow/dags/train_traffic_pred.py
[2025-07-22T12:30:07.045+0000] {processor.py:914} INFO - Processing file /opt/airflow/dags/train_traffic_pred.py for tasks to queue
[2025-07-22T12:30:07.048+0000] {logging_mixin.py:190} INFO - [2025-07-22T12:30:07.048+0000] {dagbag.py:588} INFO - Filling up the DagBag from /opt/airflow/dags/train_traffic_pred.py
[2025-07-22T12:30:10.324+0000] {processor.py:925} INFO - DAG(s) 'train_traffic_pred' retrieved from /opt/airflow/dags/train_traffic_pred.py
[2025-07-22T12:30:10.344+0000] {logging_mixin.py:190} INFO - [2025-07-22T12:30:10.343+0000] {dag.py:3239} INFO - Sync 1 DAGs
[2025-07-22T12:30:10.368+0000] {logging_mixin.py:190} INFO - [2025-07-22T12:30:10.367+0000] {dag.py:4180} INFO - Setting next_dagrun for train_traffic_pred to 2025-07-22 00:00:00+00:00, run_after=2025-07-23 00:00:00+00:00
[2025-07-22T12:30:10.389+0000] {processor.py:208} INFO - Processing /opt/airflow/dags/train_traffic_pred.py took 3.353 seconds
[2025-07-22T12:30:42.401+0000] {processor.py:186} INFO - Started process (PID=69252) to work on /opt/airflow/dags/train_traffic_pred.py
[2025-07-22T12:30:42.402+0000] {processor.py:914} INFO - Processing file /opt/airflow/dags/train_traffic_pred.py for tasks to queue
[2025-07-22T12:30:42.405+0000] {logging_mixin.py:190} INFO - [2025-07-22T12:30:42.405+0000] {dagbag.py:588} INFO - Filling up the DagBag from /opt/airflow/dags/train_traffic_pred.py
[2025-07-22T12:30:45.989+0000] {processor.py:925} INFO - DAG(s) 'train_traffic_pred' retrieved from /opt/airflow/dags/train_traffic_pred.py
[2025-07-22T12:30:46.011+0000] {logging_mixin.py:190} INFO - [2025-07-22T12:30:46.010+0000] {dag.py:3239} INFO - Sync 1 DAGs
[2025-07-22T12:30:46.028+0000] {logging_mixin.py:190} INFO - [2025-07-22T12:30:46.028+0000] {dag.py:4180} INFO - Setting next_dagrun for train_traffic_pred to 2025-07-22 00:00:00+00:00, run_after=2025-07-23 00:00:00+00:00
[2025-07-22T12:30:46.044+0000] {processor.py:208} INFO - Processing /opt/airflow/dags/train_traffic_pred.py took 3.651 seconds
[2025-07-22T12:31:17.564+0000] {processor.py:186} INFO - Started process (PID=69350) to work on /opt/airflow/dags/train_traffic_pred.py
[2025-07-22T12:31:17.566+0000] {processor.py:914} INFO - Processing file /opt/airflow/dags/train_traffic_pred.py for tasks to queue
[2025-07-22T12:31:17.569+0000] {logging_mixin.py:190} INFO - [2025-07-22T12:31:17.569+0000] {dagbag.py:588} INFO - Filling up the DagBag from /opt/airflow/dags/train_traffic_pred.py
[2025-07-22T12:31:21.235+0000] {processor.py:925} INFO - DAG(s) 'train_traffic_pred' retrieved from /opt/airflow/dags/train_traffic_pred.py
[2025-07-22T12:31:21.268+0000] {logging_mixin.py:190} INFO - [2025-07-22T12:31:21.268+0000] {dag.py:3239} INFO - Sync 1 DAGs
[2025-07-22T12:31:21.302+0000] {logging_mixin.py:190} INFO - [2025-07-22T12:31:21.302+0000] {dag.py:4180} INFO - Setting next_dagrun for train_traffic_pred to 2025-07-22 00:00:00+00:00, run_after=2025-07-23 00:00:00+00:00
[2025-07-22T12:31:21.325+0000] {processor.py:208} INFO - Processing /opt/airflow/dags/train_traffic_pred.py took 3.768 seconds
[2025-07-22T12:31:53.243+0000] {processor.py:186} INFO - Started process (PID=69451) to work on /opt/airflow/dags/train_traffic_pred.py
[2025-07-22T12:31:53.245+0000] {processor.py:914} INFO - Processing file /opt/airflow/dags/train_traffic_pred.py for tasks to queue
[2025-07-22T12:31:53.247+0000] {logging_mixin.py:190} INFO - [2025-07-22T12:31:53.247+0000] {dagbag.py:588} INFO - Filling up the DagBag from /opt/airflow/dags/train_traffic_pred.py
[2025-07-22T12:31:56.699+0000] {processor.py:925} INFO - DAG(s) 'train_traffic_pred' retrieved from /opt/airflow/dags/train_traffic_pred.py
[2025-07-22T12:31:56.717+0000] {logging_mixin.py:190} INFO - [2025-07-22T12:31:56.717+0000] {dag.py:3239} INFO - Sync 1 DAGs
[2025-07-22T12:31:56.734+0000] {logging_mixin.py:190} INFO - [2025-07-22T12:31:56.733+0000] {dag.py:4180} INFO - Setting next_dagrun for train_traffic_pred to 2025-07-22 00:00:00+00:00, run_after=2025-07-23 00:00:00+00:00
[2025-07-22T12:31:56.747+0000] {processor.py:208} INFO - Processing /opt/airflow/dags/train_traffic_pred.py took 3.511 seconds
[2025-07-22T12:32:28.157+0000] {processor.py:186} INFO - Started process (PID=69549) to work on /opt/airflow/dags/train_traffic_pred.py
[2025-07-22T12:32:28.158+0000] {processor.py:914} INFO - Processing file /opt/airflow/dags/train_traffic_pred.py for tasks to queue
[2025-07-22T12:32:28.160+0000] {logging_mixin.py:190} INFO - [2025-07-22T12:32:28.160+0000] {dagbag.py:588} INFO - Filling up the DagBag from /opt/airflow/dags/train_traffic_pred.py
[2025-07-22T12:32:31.250+0000] {processor.py:925} INFO - DAG(s) 'train_traffic_pred' retrieved from /opt/airflow/dags/train_traffic_pred.py
[2025-07-22T12:32:31.271+0000] {logging_mixin.py:190} INFO - [2025-07-22T12:32:31.270+0000] {dag.py:3239} INFO - Sync 1 DAGs
[2025-07-22T12:32:31.292+0000] {logging_mixin.py:190} INFO - [2025-07-22T12:32:31.292+0000] {dag.py:4180} INFO - Setting next_dagrun for train_traffic_pred to 2025-07-22 00:00:00+00:00, run_after=2025-07-23 00:00:00+00:00
[2025-07-22T12:32:31.314+0000] {processor.py:208} INFO - Processing /opt/airflow/dags/train_traffic_pred.py took 3.162 seconds
[2025-07-22T12:33:03.240+0000] {processor.py:186} INFO - Started process (PID=69647) to work on /opt/airflow/dags/train_traffic_pred.py
[2025-07-22T12:33:03.241+0000] {processor.py:914} INFO - Processing file /opt/airflow/dags/train_traffic_pred.py for tasks to queue
[2025-07-22T12:33:03.243+0000] {logging_mixin.py:190} INFO - [2025-07-22T12:33:03.243+0000] {dagbag.py:588} INFO - Filling up the DagBag from /opt/airflow/dags/train_traffic_pred.py
[2025-07-22T12:33:06.491+0000] {processor.py:925} INFO - DAG(s) 'train_traffic_pred' retrieved from /opt/airflow/dags/train_traffic_pred.py
[2025-07-22T12:33:06.513+0000] {logging_mixin.py:190} INFO - [2025-07-22T12:33:06.512+0000] {dag.py:3239} INFO - Sync 1 DAGs
[2025-07-22T12:33:06.532+0000] {logging_mixin.py:190} INFO - [2025-07-22T12:33:06.532+0000] {dag.py:4180} INFO - Setting next_dagrun for train_traffic_pred to 2025-07-22 00:00:00+00:00, run_after=2025-07-23 00:00:00+00:00
[2025-07-22T12:33:06.549+0000] {processor.py:208} INFO - Processing /opt/airflow/dags/train_traffic_pred.py took 3.317 seconds
[2025-07-22T12:33:38.440+0000] {processor.py:186} INFO - Started process (PID=69751) to work on /opt/airflow/dags/train_traffic_pred.py
[2025-07-22T12:33:38.441+0000] {processor.py:914} INFO - Processing file /opt/airflow/dags/train_traffic_pred.py for tasks to queue
[2025-07-22T12:33:38.444+0000] {logging_mixin.py:190} INFO - [2025-07-22T12:33:38.444+0000] {dagbag.py:588} INFO - Filling up the DagBag from /opt/airflow/dags/train_traffic_pred.py
[2025-07-22T12:33:41.995+0000] {processor.py:925} INFO - DAG(s) 'train_traffic_pred' retrieved from /opt/airflow/dags/train_traffic_pred.py
[2025-07-22T12:33:42.017+0000] {logging_mixin.py:190} INFO - [2025-07-22T12:33:42.017+0000] {dag.py:3239} INFO - Sync 1 DAGs
[2025-07-22T12:33:42.039+0000] {logging_mixin.py:190} INFO - [2025-07-22T12:33:42.039+0000] {dag.py:4180} INFO - Setting next_dagrun for train_traffic_pred to 2025-07-22 00:00:00+00:00, run_after=2025-07-23 00:00:00+00:00
[2025-07-22T12:33:42.055+0000] {processor.py:208} INFO - Processing /opt/airflow/dags/train_traffic_pred.py took 3.623 seconds
[2025-07-22T12:34:13.695+0000] {processor.py:186} INFO - Started process (PID=69849) to work on /opt/airflow/dags/train_traffic_pred.py
[2025-07-22T12:34:13.696+0000] {processor.py:914} INFO - Processing file /opt/airflow/dags/train_traffic_pred.py for tasks to queue
[2025-07-22T12:34:13.699+0000] {logging_mixin.py:190} INFO - [2025-07-22T12:34:13.699+0000] {dagbag.py:588} INFO - Filling up the DagBag from /opt/airflow/dags/train_traffic_pred.py
[2025-07-22T12:34:17.174+0000] {processor.py:925} INFO - DAG(s) 'train_traffic_pred' retrieved from /opt/airflow/dags/train_traffic_pred.py
[2025-07-22T12:34:17.197+0000] {logging_mixin.py:190} INFO - [2025-07-22T12:34:17.197+0000] {dag.py:3239} INFO - Sync 1 DAGs
[2025-07-22T12:34:17.218+0000] {logging_mixin.py:190} INFO - [2025-07-22T12:34:17.217+0000] {dag.py:4180} INFO - Setting next_dagrun for train_traffic_pred to 2025-07-22 00:00:00+00:00, run_after=2025-07-23 00:00:00+00:00
[2025-07-22T12:34:17.236+0000] {processor.py:208} INFO - Processing /opt/airflow/dags/train_traffic_pred.py took 3.549 seconds
[2025-07-22T12:34:49.056+0000] {processor.py:186} INFO - Started process (PID=69943) to work on /opt/airflow/dags/train_traffic_pred.py
[2025-07-22T12:34:49.058+0000] {processor.py:914} INFO - Processing file /opt/airflow/dags/train_traffic_pred.py for tasks to queue
[2025-07-22T12:34:49.061+0000] {logging_mixin.py:190} INFO - [2025-07-22T12:34:49.061+0000] {dagbag.py:588} INFO - Filling up the DagBag from /opt/airflow/dags/train_traffic_pred.py
[2025-07-22T12:34:55.939+0000] {processor.py:925} INFO - DAG(s) 'train_traffic_pred' retrieved from /opt/airflow/dags/train_traffic_pred.py
[2025-07-22T12:34:55.993+0000] {logging_mixin.py:190} INFO - [2025-07-22T12:34:55.993+0000] {dag.py:3239} INFO - Sync 1 DAGs
[2025-07-22T12:34:56.041+0000] {logging_mixin.py:190} INFO - [2025-07-22T12:34:56.041+0000] {dag.py:4180} INFO - Setting next_dagrun for train_traffic_pred to 2025-07-22 00:00:00+00:00, run_after=2025-07-23 00:00:00+00:00
[2025-07-22T12:34:56.082+0000] {processor.py:208} INFO - Processing /opt/airflow/dags/train_traffic_pred.py took 7.035 seconds
[2025-07-22T12:35:28.053+0000] {processor.py:186} INFO - Started process (PID=70042) to work on /opt/airflow/dags/train_traffic_pred.py
[2025-07-22T12:35:28.056+0000] {processor.py:914} INFO - Processing file /opt/airflow/dags/train_traffic_pred.py for tasks to queue
[2025-07-22T12:35:28.063+0000] {logging_mixin.py:190} INFO - [2025-07-22T12:35:28.063+0000] {dagbag.py:588} INFO - Filling up the DagBag from /opt/airflow/dags/train_traffic_pred.py
[2025-07-22T12:35:35.431+0000] {processor.py:925} INFO - DAG(s) 'train_traffic_pred' retrieved from /opt/airflow/dags/train_traffic_pred.py
[2025-07-22T12:35:35.480+0000] {logging_mixin.py:190} INFO - [2025-07-22T12:35:35.478+0000] {dag.py:3239} INFO - Sync 1 DAGs
[2025-07-22T12:35:35.523+0000] {logging_mixin.py:190} INFO - [2025-07-22T12:35:35.523+0000] {dag.py:4180} INFO - Setting next_dagrun for train_traffic_pred to 2025-07-22 00:00:00+00:00, run_after=2025-07-23 00:00:00+00:00
[2025-07-22T12:35:35.544+0000] {processor.py:208} INFO - Processing /opt/airflow/dags/train_traffic_pred.py took 7.514 seconds
[2025-07-22T12:36:06.889+0000] {processor.py:186} INFO - Started process (PID=70143) to work on /opt/airflow/dags/train_traffic_pred.py
[2025-07-22T12:36:06.890+0000] {processor.py:914} INFO - Processing file /opt/airflow/dags/train_traffic_pred.py for tasks to queue
[2025-07-22T12:36:06.892+0000] {logging_mixin.py:190} INFO - [2025-07-22T12:36:06.892+0000] {dagbag.py:588} INFO - Filling up the DagBag from /opt/airflow/dags/train_traffic_pred.py
[2025-07-22T12:36:10.452+0000] {processor.py:925} INFO - DAG(s) 'train_traffic_pred' retrieved from /opt/airflow/dags/train_traffic_pred.py
[2025-07-22T12:36:10.476+0000] {logging_mixin.py:190} INFO - [2025-07-22T12:36:10.475+0000] {dag.py:3239} INFO - Sync 1 DAGs
[2025-07-22T12:36:10.498+0000] {logging_mixin.py:190} INFO - [2025-07-22T12:36:10.498+0000] {dag.py:4180} INFO - Setting next_dagrun for train_traffic_pred to 2025-07-22 00:00:00+00:00, run_after=2025-07-23 00:00:00+00:00
[2025-07-22T12:36:10.519+0000] {processor.py:208} INFO - Processing /opt/airflow/dags/train_traffic_pred.py took 3.638 seconds
[2025-07-22T12:36:41.602+0000] {processor.py:186} INFO - Started process (PID=70247) to work on /opt/airflow/dags/train_traffic_pred.py
[2025-07-22T12:36:41.604+0000] {processor.py:914} INFO - Processing file /opt/airflow/dags/train_traffic_pred.py for tasks to queue
[2025-07-22T12:36:41.606+0000] {logging_mixin.py:190} INFO - [2025-07-22T12:36:41.606+0000] {dagbag.py:588} INFO - Filling up the DagBag from /opt/airflow/dags/train_traffic_pred.py
[2025-07-22T12:36:44.684+0000] {processor.py:925} INFO - DAG(s) 'train_traffic_pred' retrieved from /opt/airflow/dags/train_traffic_pred.py
[2025-07-22T12:36:44.704+0000] {logging_mixin.py:190} INFO - [2025-07-22T12:36:44.704+0000] {dag.py:3239} INFO - Sync 1 DAGs
[2025-07-22T12:36:44.722+0000] {logging_mixin.py:190} INFO - [2025-07-22T12:36:44.722+0000] {dag.py:4180} INFO - Setting next_dagrun for train_traffic_pred to 2025-07-22 00:00:00+00:00, run_after=2025-07-23 00:00:00+00:00
[2025-07-22T12:36:44.747+0000] {processor.py:208} INFO - Processing /opt/airflow/dags/train_traffic_pred.py took 3.151 seconds
[2025-07-22T12:37:16.635+0000] {processor.py:186} INFO - Started process (PID=70345) to work on /opt/airflow/dags/train_traffic_pred.py
[2025-07-22T12:37:16.636+0000] {processor.py:914} INFO - Processing file /opt/airflow/dags/train_traffic_pred.py for tasks to queue
[2025-07-22T12:37:16.639+0000] {logging_mixin.py:190} INFO - [2025-07-22T12:37:16.638+0000] {dagbag.py:588} INFO - Filling up the DagBag from /opt/airflow/dags/train_traffic_pred.py
[2025-07-22T12:37:19.888+0000] {processor.py:925} INFO - DAG(s) 'train_traffic_pred' retrieved from /opt/airflow/dags/train_traffic_pred.py
[2025-07-22T12:37:19.908+0000] {logging_mixin.py:190} INFO - [2025-07-22T12:37:19.908+0000] {dag.py:3239} INFO - Sync 1 DAGs
[2025-07-22T12:37:19.927+0000] {logging_mixin.py:190} INFO - [2025-07-22T12:37:19.927+0000] {dag.py:4180} INFO - Setting next_dagrun for train_traffic_pred to 2025-07-22 00:00:00+00:00, run_after=2025-07-23 00:00:00+00:00
[2025-07-22T12:37:19.957+0000] {processor.py:208} INFO - Processing /opt/airflow/dags/train_traffic_pred.py took 3.328 seconds
[2025-07-22T12:37:51.831+0000] {processor.py:186} INFO - Started process (PID=70443) to work on /opt/airflow/dags/train_traffic_pred.py
[2025-07-22T12:37:51.832+0000] {processor.py:914} INFO - Processing file /opt/airflow/dags/train_traffic_pred.py for tasks to queue
[2025-07-22T12:37:51.834+0000] {logging_mixin.py:190} INFO - [2025-07-22T12:37:51.834+0000] {dagbag.py:588} INFO - Filling up the DagBag from /opt/airflow/dags/train_traffic_pred.py
[2025-07-22T12:37:54.930+0000] {processor.py:925} INFO - DAG(s) 'train_traffic_pred' retrieved from /opt/airflow/dags/train_traffic_pred.py
[2025-07-22T12:37:54.953+0000] {logging_mixin.py:190} INFO - [2025-07-22T12:37:54.952+0000] {dag.py:3239} INFO - Sync 1 DAGs
[2025-07-22T12:37:54.971+0000] {logging_mixin.py:190} INFO - [2025-07-22T12:37:54.971+0000] {dag.py:4180} INFO - Setting next_dagrun for train_traffic_pred to 2025-07-22 00:00:00+00:00, run_after=2025-07-23 00:00:00+00:00
[2025-07-22T12:37:54.985+0000] {processor.py:208} INFO - Processing /opt/airflow/dags/train_traffic_pred.py took 3.159 seconds
[2025-07-22T12:38:26.434+0000] {processor.py:186} INFO - Started process (PID=70541) to work on /opt/airflow/dags/train_traffic_pred.py
[2025-07-22T12:38:26.436+0000] {processor.py:914} INFO - Processing file /opt/airflow/dags/train_traffic_pred.py for tasks to queue
[2025-07-22T12:38:26.437+0000] {logging_mixin.py:190} INFO - [2025-07-22T12:38:26.437+0000] {dagbag.py:588} INFO - Filling up the DagBag from /opt/airflow/dags/train_traffic_pred.py
[2025-07-22T12:38:29.969+0000] {processor.py:925} INFO - DAG(s) 'train_traffic_pred' retrieved from /opt/airflow/dags/train_traffic_pred.py
[2025-07-22T12:38:29.996+0000] {logging_mixin.py:190} INFO - [2025-07-22T12:38:29.995+0000] {dag.py:3239} INFO - Sync 1 DAGs
[2025-07-22T12:38:30.016+0000] {logging_mixin.py:190} INFO - [2025-07-22T12:38:30.016+0000] {dag.py:4180} INFO - Setting next_dagrun for train_traffic_pred to 2025-07-22 00:00:00+00:00, run_after=2025-07-23 00:00:00+00:00
[2025-07-22T12:38:30.033+0000] {processor.py:208} INFO - Processing /opt/airflow/dags/train_traffic_pred.py took 3.605 seconds
[2025-07-22T12:39:01.131+0000] {processor.py:186} INFO - Started process (PID=70639) to work on /opt/airflow/dags/train_traffic_pred.py
[2025-07-22T12:39:01.132+0000] {processor.py:914} INFO - Processing file /opt/airflow/dags/train_traffic_pred.py for tasks to queue
[2025-07-22T12:39:01.136+0000] {logging_mixin.py:190} INFO - [2025-07-22T12:39:01.135+0000] {dagbag.py:588} INFO - Filling up the DagBag from /opt/airflow/dags/train_traffic_pred.py
[2025-07-22T12:39:04.810+0000] {processor.py:925} INFO - DAG(s) 'train_traffic_pred' retrieved from /opt/airflow/dags/train_traffic_pred.py
[2025-07-22T12:39:04.839+0000] {logging_mixin.py:190} INFO - [2025-07-22T12:39:04.838+0000] {dag.py:3239} INFO - Sync 1 DAGs
[2025-07-22T12:39:04.865+0000] {logging_mixin.py:190} INFO - [2025-07-22T12:39:04.864+0000] {dag.py:4180} INFO - Setting next_dagrun for train_traffic_pred to 2025-07-22 00:00:00+00:00, run_after=2025-07-23 00:00:00+00:00
[2025-07-22T12:39:04.885+0000] {processor.py:208} INFO - Processing /opt/airflow/dags/train_traffic_pred.py took 3.764 seconds
[2025-07-22T12:39:36.507+0000] {processor.py:186} INFO - Started process (PID=70737) to work on /opt/airflow/dags/train_traffic_pred.py
[2025-07-22T12:39:36.509+0000] {processor.py:914} INFO - Processing file /opt/airflow/dags/train_traffic_pred.py for tasks to queue
[2025-07-22T12:39:36.511+0000] {logging_mixin.py:190} INFO - [2025-07-22T12:39:36.511+0000] {dagbag.py:588} INFO - Filling up the DagBag from /opt/airflow/dags/train_traffic_pred.py
[2025-07-22T12:39:39.688+0000] {processor.py:925} INFO - DAG(s) 'train_traffic_pred' retrieved from /opt/airflow/dags/train_traffic_pred.py
[2025-07-22T12:39:39.711+0000] {logging_mixin.py:190} INFO - [2025-07-22T12:39:39.711+0000] {dag.py:3239} INFO - Sync 1 DAGs
[2025-07-22T12:39:39.729+0000] {logging_mixin.py:190} INFO - [2025-07-22T12:39:39.729+0000] {dag.py:4180} INFO - Setting next_dagrun for train_traffic_pred to 2025-07-22 00:00:00+00:00, run_after=2025-07-23 00:00:00+00:00
[2025-07-22T12:39:39.744+0000] {processor.py:208} INFO - Processing /opt/airflow/dags/train_traffic_pred.py took 3.243 seconds
[2025-07-22T12:40:11.777+0000] {processor.py:186} INFO - Started process (PID=70841) to work on /opt/airflow/dags/train_traffic_pred.py
[2025-07-22T12:40:11.779+0000] {processor.py:914} INFO - Processing file /opt/airflow/dags/train_traffic_pred.py for tasks to queue
[2025-07-22T12:40:11.781+0000] {logging_mixin.py:190} INFO - [2025-07-22T12:40:11.781+0000] {dagbag.py:588} INFO - Filling up the DagBag from /opt/airflow/dags/train_traffic_pred.py
[2025-07-22T12:40:15.047+0000] {processor.py:925} INFO - DAG(s) 'train_traffic_pred' retrieved from /opt/airflow/dags/train_traffic_pred.py
[2025-07-22T12:40:15.073+0000] {logging_mixin.py:190} INFO - [2025-07-22T12:40:15.073+0000] {dag.py:3239} INFO - Sync 1 DAGs
[2025-07-22T12:40:15.091+0000] {logging_mixin.py:190} INFO - [2025-07-22T12:40:15.091+0000] {dag.py:4180} INFO - Setting next_dagrun for train_traffic_pred to 2025-07-22 00:00:00+00:00, run_after=2025-07-23 00:00:00+00:00
[2025-07-22T12:40:15.106+0000] {processor.py:208} INFO - Processing /opt/airflow/dags/train_traffic_pred.py took 3.335 seconds
[2025-07-22T12:40:46.505+0000] {processor.py:186} INFO - Started process (PID=70939) to work on /opt/airflow/dags/train_traffic_pred.py
[2025-07-22T12:40:46.507+0000] {processor.py:914} INFO - Processing file /opt/airflow/dags/train_traffic_pred.py for tasks to queue
[2025-07-22T12:40:46.510+0000] {logging_mixin.py:190} INFO - [2025-07-22T12:40:46.509+0000] {dagbag.py:588} INFO - Filling up the DagBag from /opt/airflow/dags/train_traffic_pred.py
[2025-07-22T12:40:49.834+0000] {processor.py:925} INFO - DAG(s) 'train_traffic_pred' retrieved from /opt/airflow/dags/train_traffic_pred.py
[2025-07-22T12:40:49.856+0000] {logging_mixin.py:190} INFO - [2025-07-22T12:40:49.855+0000] {dag.py:3239} INFO - Sync 1 DAGs
[2025-07-22T12:40:49.873+0000] {logging_mixin.py:190} INFO - [2025-07-22T12:40:49.873+0000] {dag.py:4180} INFO - Setting next_dagrun for train_traffic_pred to 2025-07-22 00:00:00+00:00, run_after=2025-07-23 00:00:00+00:00
[2025-07-22T12:40:49.887+0000] {processor.py:208} INFO - Processing /opt/airflow/dags/train_traffic_pred.py took 3.388 seconds
[2025-07-22T12:41:21.799+0000] {processor.py:186} INFO - Started process (PID=71036) to work on /opt/airflow/dags/train_traffic_pred.py
[2025-07-22T12:41:21.801+0000] {processor.py:914} INFO - Processing file /opt/airflow/dags/train_traffic_pred.py for tasks to queue
[2025-07-22T12:41:21.804+0000] {logging_mixin.py:190} INFO - [2025-07-22T12:41:21.803+0000] {dagbag.py:588} INFO - Filling up the DagBag from /opt/airflow/dags/train_traffic_pred.py
[2025-07-22T12:41:25.465+0000] {processor.py:925} INFO - DAG(s) 'train_traffic_pred' retrieved from /opt/airflow/dags/train_traffic_pred.py
[2025-07-22T12:41:25.489+0000] {logging_mixin.py:190} INFO - [2025-07-22T12:41:25.488+0000] {dag.py:3239} INFO - Sync 1 DAGs
[2025-07-22T12:41:25.509+0000] {logging_mixin.py:190} INFO - [2025-07-22T12:41:25.509+0000] {dag.py:4180} INFO - Setting next_dagrun for train_traffic_pred to 2025-07-22 00:00:00+00:00, run_after=2025-07-23 00:00:00+00:00
[2025-07-22T12:41:25.527+0000] {processor.py:208} INFO - Processing /opt/airflow/dags/train_traffic_pred.py took 3.737 seconds
[2025-07-22T12:41:56.979+0000] {processor.py:186} INFO - Started process (PID=71135) to work on /opt/airflow/dags/train_traffic_pred.py
[2025-07-22T12:41:56.981+0000] {processor.py:914} INFO - Processing file /opt/airflow/dags/train_traffic_pred.py for tasks to queue
[2025-07-22T12:41:56.985+0000] {logging_mixin.py:190} INFO - [2025-07-22T12:41:56.984+0000] {dagbag.py:588} INFO - Filling up the DagBag from /opt/airflow/dags/train_traffic_pred.py
[2025-07-22T12:42:00.381+0000] {processor.py:925} INFO - DAG(s) 'train_traffic_pred' retrieved from /opt/airflow/dags/train_traffic_pred.py
[2025-07-22T12:42:00.404+0000] {logging_mixin.py:190} INFO - [2025-07-22T12:42:00.403+0000] {dag.py:3239} INFO - Sync 1 DAGs
[2025-07-22T12:42:00.423+0000] {logging_mixin.py:190} INFO - [2025-07-22T12:42:00.423+0000] {dag.py:4180} INFO - Setting next_dagrun for train_traffic_pred to 2025-07-22 00:00:00+00:00, run_after=2025-07-23 00:00:00+00:00
[2025-07-22T12:42:00.438+0000] {processor.py:208} INFO - Processing /opt/airflow/dags/train_traffic_pred.py took 3.467 seconds
[2025-07-22T12:42:31.854+0000] {processor.py:186} INFO - Started process (PID=71230) to work on /opt/airflow/dags/train_traffic_pred.py
[2025-07-22T12:42:31.857+0000] {processor.py:914} INFO - Processing file /opt/airflow/dags/train_traffic_pred.py for tasks to queue
[2025-07-22T12:42:31.863+0000] {logging_mixin.py:190} INFO - [2025-07-22T12:42:31.862+0000] {dagbag.py:588} INFO - Filling up the DagBag from /opt/airflow/dags/train_traffic_pred.py
[2025-07-22T12:42:38.179+0000] {processor.py:925} INFO - DAG(s) 'train_traffic_pred' retrieved from /opt/airflow/dags/train_traffic_pred.py
[2025-07-22T12:42:38.202+0000] {logging_mixin.py:190} INFO - [2025-07-22T12:42:38.201+0000] {dag.py:3239} INFO - Sync 1 DAGs
[2025-07-22T12:42:38.221+0000] {logging_mixin.py:190} INFO - [2025-07-22T12:42:38.221+0000] {dag.py:4180} INFO - Setting next_dagrun for train_traffic_pred to 2025-07-22 00:00:00+00:00, run_after=2025-07-23 00:00:00+00:00
[2025-07-22T12:42:38.240+0000] {processor.py:208} INFO - Processing /opt/airflow/dags/train_traffic_pred.py took 6.401 seconds
[2025-07-22T12:43:09.729+0000] {processor.py:186} INFO - Started process (PID=71337) to work on /opt/airflow/dags/train_traffic_pred.py
[2025-07-22T12:43:09.731+0000] {processor.py:914} INFO - Processing file /opt/airflow/dags/train_traffic_pred.py for tasks to queue
[2025-07-22T12:43:09.733+0000] {logging_mixin.py:190} INFO - [2025-07-22T12:43:09.733+0000] {dagbag.py:588} INFO - Filling up the DagBag from /opt/airflow/dags/train_traffic_pred.py
[2025-07-22T12:43:13.487+0000] {processor.py:925} INFO - DAG(s) 'train_traffic_pred' retrieved from /opt/airflow/dags/train_traffic_pred.py
[2025-07-22T12:43:13.508+0000] {logging_mixin.py:190} INFO - [2025-07-22T12:43:13.508+0000] {dag.py:3239} INFO - Sync 1 DAGs
[2025-07-22T12:43:13.527+0000] {logging_mixin.py:190} INFO - [2025-07-22T12:43:13.526+0000] {dag.py:4180} INFO - Setting next_dagrun for train_traffic_pred to 2025-07-22 00:00:00+00:00, run_after=2025-07-23 00:00:00+00:00
[2025-07-22T12:43:13.542+0000] {processor.py:208} INFO - Processing /opt/airflow/dags/train_traffic_pred.py took 3.818 seconds
[2025-07-22T12:43:44.842+0000] {processor.py:186} INFO - Started process (PID=71435) to work on /opt/airflow/dags/train_traffic_pred.py
[2025-07-22T12:43:44.843+0000] {processor.py:914} INFO - Processing file /opt/airflow/dags/train_traffic_pred.py for tasks to queue
[2025-07-22T12:43:44.845+0000] {logging_mixin.py:190} INFO - [2025-07-22T12:43:44.845+0000] {dagbag.py:588} INFO - Filling up the DagBag from /opt/airflow/dags/train_traffic_pred.py
[2025-07-22T12:43:48.252+0000] {processor.py:925} INFO - DAG(s) 'train_traffic_pred' retrieved from /opt/airflow/dags/train_traffic_pred.py
[2025-07-22T12:43:48.278+0000] {logging_mixin.py:190} INFO - [2025-07-22T12:43:48.277+0000] {dag.py:3239} INFO - Sync 1 DAGs
[2025-07-22T12:43:48.298+0000] {logging_mixin.py:190} INFO - [2025-07-22T12:43:48.298+0000] {dag.py:4180} INFO - Setting next_dagrun for train_traffic_pred to 2025-07-22 00:00:00+00:00, run_after=2025-07-23 00:00:00+00:00
[2025-07-22T12:43:48.318+0000] {processor.py:208} INFO - Processing /opt/airflow/dags/train_traffic_pred.py took 3.482 seconds
[2025-07-22T12:44:20.268+0000] {processor.py:186} INFO - Started process (PID=71533) to work on /opt/airflow/dags/train_traffic_pred.py
[2025-07-22T12:44:20.269+0000] {processor.py:914} INFO - Processing file /opt/airflow/dags/train_traffic_pred.py for tasks to queue
[2025-07-22T12:44:20.272+0000] {logging_mixin.py:190} INFO - [2025-07-22T12:44:20.271+0000] {dagbag.py:588} INFO - Filling up the DagBag from /opt/airflow/dags/train_traffic_pred.py
[2025-07-22T12:44:23.713+0000] {processor.py:925} INFO - DAG(s) 'train_traffic_pred' retrieved from /opt/airflow/dags/train_traffic_pred.py
[2025-07-22T12:44:23.743+0000] {logging_mixin.py:190} INFO - [2025-07-22T12:44:23.742+0000] {dag.py:3239} INFO - Sync 1 DAGs
[2025-07-22T12:44:23.763+0000] {logging_mixin.py:190} INFO - [2025-07-22T12:44:23.763+0000] {dag.py:4180} INFO - Setting next_dagrun for train_traffic_pred to 2025-07-22 00:00:00+00:00, run_after=2025-07-23 00:00:00+00:00
[2025-07-22T12:44:23.778+0000] {processor.py:208} INFO - Processing /opt/airflow/dags/train_traffic_pred.py took 3.518 seconds
[2025-07-22T12:44:54.818+0000] {processor.py:186} INFO - Started process (PID=71631) to work on /opt/airflow/dags/train_traffic_pred.py
[2025-07-22T12:44:54.820+0000] {processor.py:914} INFO - Processing file /opt/airflow/dags/train_traffic_pred.py for tasks to queue
[2025-07-22T12:44:54.822+0000] {logging_mixin.py:190} INFO - [2025-07-22T12:44:54.822+0000] {dagbag.py:588} INFO - Filling up the DagBag from /opt/airflow/dags/train_traffic_pred.py
[2025-07-22T12:44:58.149+0000] {processor.py:925} INFO - DAG(s) 'train_traffic_pred' retrieved from /opt/airflow/dags/train_traffic_pred.py
[2025-07-22T12:44:58.172+0000] {logging_mixin.py:190} INFO - [2025-07-22T12:44:58.172+0000] {dag.py:3239} INFO - Sync 1 DAGs
[2025-07-22T12:44:58.192+0000] {logging_mixin.py:190} INFO - [2025-07-22T12:44:58.192+0000] {dag.py:4180} INFO - Setting next_dagrun for train_traffic_pred to 2025-07-22 00:00:00+00:00, run_after=2025-07-23 00:00:00+00:00
[2025-07-22T12:44:58.210+0000] {processor.py:208} INFO - Processing /opt/airflow/dags/train_traffic_pred.py took 3.398 seconds
[2025-07-22T12:45:29.906+0000] {processor.py:186} INFO - Started process (PID=71729) to work on /opt/airflow/dags/train_traffic_pred.py
[2025-07-22T12:45:29.908+0000] {processor.py:914} INFO - Processing file /opt/airflow/dags/train_traffic_pred.py for tasks to queue
[2025-07-22T12:45:29.910+0000] {logging_mixin.py:190} INFO - [2025-07-22T12:45:29.910+0000] {dagbag.py:588} INFO - Filling up the DagBag from /opt/airflow/dags/train_traffic_pred.py
[2025-07-22T12:45:33.314+0000] {processor.py:925} INFO - DAG(s) 'train_traffic_pred' retrieved from /opt/airflow/dags/train_traffic_pred.py
[2025-07-22T12:45:33.338+0000] {logging_mixin.py:190} INFO - [2025-07-22T12:45:33.336+0000] {dag.py:3239} INFO - Sync 1 DAGs
[2025-07-22T12:45:33.358+0000] {logging_mixin.py:190} INFO - [2025-07-22T12:45:33.358+0000] {dag.py:4180} INFO - Setting next_dagrun for train_traffic_pred to 2025-07-22 00:00:00+00:00, run_after=2025-07-23 00:00:00+00:00
[2025-07-22T12:45:33.375+0000] {processor.py:208} INFO - Processing /opt/airflow/dags/train_traffic_pred.py took 3.476 seconds
[2025-07-22T12:46:04.747+0000] {processor.py:186} INFO - Started process (PID=71827) to work on /opt/airflow/dags/train_traffic_pred.py
[2025-07-22T12:46:04.748+0000] {processor.py:914} INFO - Processing file /opt/airflow/dags/train_traffic_pred.py for tasks to queue
[2025-07-22T12:46:04.750+0000] {logging_mixin.py:190} INFO - [2025-07-22T12:46:04.750+0000] {dagbag.py:588} INFO - Filling up the DagBag from /opt/airflow/dags/train_traffic_pred.py
[2025-07-22T12:46:08.332+0000] {processor.py:925} INFO - DAG(s) 'train_traffic_pred' retrieved from /opt/airflow/dags/train_traffic_pred.py
[2025-07-22T12:46:08.355+0000] {logging_mixin.py:190} INFO - [2025-07-22T12:46:08.355+0000] {dag.py:3239} INFO - Sync 1 DAGs
[2025-07-22T12:46:08.376+0000] {logging_mixin.py:190} INFO - [2025-07-22T12:46:08.375+0000] {dag.py:4180} INFO - Setting next_dagrun for train_traffic_pred to 2025-07-22 00:00:00+00:00, run_after=2025-07-23 00:00:00+00:00
[2025-07-22T12:46:08.391+0000] {processor.py:208} INFO - Processing /opt/airflow/dags/train_traffic_pred.py took 3.650 seconds
[2025-07-22T12:46:39.601+0000] {processor.py:186} INFO - Started process (PID=72493) to work on /opt/airflow/dags/train_traffic_pred.py
[2025-07-22T12:46:39.602+0000] {processor.py:914} INFO - Processing file /opt/airflow/dags/train_traffic_pred.py for tasks to queue
[2025-07-22T12:46:39.604+0000] {logging_mixin.py:190} INFO - [2025-07-22T12:46:39.604+0000] {dagbag.py:588} INFO - Filling up the DagBag from /opt/airflow/dags/train_traffic_pred.py
[2025-07-22T12:46:43.360+0000] {processor.py:925} INFO - DAG(s) 'train_traffic_pred' retrieved from /opt/airflow/dags/train_traffic_pred.py
[2025-07-22T12:46:43.383+0000] {logging_mixin.py:190} INFO - [2025-07-22T12:46:43.382+0000] {dag.py:3239} INFO - Sync 1 DAGs
[2025-07-22T12:46:43.401+0000] {logging_mixin.py:190} INFO - [2025-07-22T12:46:43.401+0000] {dag.py:4180} INFO - Setting next_dagrun for train_traffic_pred to 2025-07-22 00:00:00+00:00, run_after=2025-07-23 00:00:00+00:00
[2025-07-22T12:46:43.417+0000] {processor.py:208} INFO - Processing /opt/airflow/dags/train_traffic_pred.py took 3.823 seconds
[2025-07-22T12:47:14.526+0000] {processor.py:186} INFO - Started process (PID=72591) to work on /opt/airflow/dags/train_traffic_pred.py
[2025-07-22T12:47:14.527+0000] {processor.py:914} INFO - Processing file /opt/airflow/dags/train_traffic_pred.py for tasks to queue
[2025-07-22T12:47:14.529+0000] {logging_mixin.py:190} INFO - [2025-07-22T12:47:14.529+0000] {dagbag.py:588} INFO - Filling up the DagBag from /opt/airflow/dags/train_traffic_pred.py
[2025-07-22T12:47:17.863+0000] {processor.py:925} INFO - DAG(s) 'train_traffic_pred' retrieved from /opt/airflow/dags/train_traffic_pred.py
[2025-07-22T12:47:17.886+0000] {logging_mixin.py:190} INFO - [2025-07-22T12:47:17.885+0000] {dag.py:3239} INFO - Sync 1 DAGs
[2025-07-22T12:47:17.905+0000] {logging_mixin.py:190} INFO - [2025-07-22T12:47:17.905+0000] {dag.py:4180} INFO - Setting next_dagrun for train_traffic_pred to 2025-07-22 00:00:00+00:00, run_after=2025-07-23 00:00:00+00:00
[2025-07-22T12:47:17.925+0000] {processor.py:208} INFO - Processing /opt/airflow/dags/train_traffic_pred.py took 3.406 seconds
[2025-07-22T12:47:49.323+0000] {processor.py:186} INFO - Started process (PID=72689) to work on /opt/airflow/dags/train_traffic_pred.py
[2025-07-22T12:47:49.323+0000] {processor.py:914} INFO - Processing file /opt/airflow/dags/train_traffic_pred.py for tasks to queue
[2025-07-22T12:47:49.325+0000] {logging_mixin.py:190} INFO - [2025-07-22T12:47:49.325+0000] {dagbag.py:588} INFO - Filling up the DagBag from /opt/airflow/dags/train_traffic_pred.py
[2025-07-22T12:47:52.607+0000] {processor.py:925} INFO - DAG(s) 'train_traffic_pred' retrieved from /opt/airflow/dags/train_traffic_pred.py
[2025-07-22T12:47:52.629+0000] {logging_mixin.py:190} INFO - [2025-07-22T12:47:52.629+0000] {dag.py:3239} INFO - Sync 1 DAGs
[2025-07-22T12:47:52.648+0000] {logging_mixin.py:190} INFO - [2025-07-22T12:47:52.648+0000] {dag.py:4180} INFO - Setting next_dagrun for train_traffic_pred to 2025-07-22 00:00:00+00:00, run_after=2025-07-23 00:00:00+00:00
[2025-07-22T12:47:52.664+0000] {processor.py:208} INFO - Processing /opt/airflow/dags/train_traffic_pred.py took 3.349 seconds
[2025-07-22T12:48:23.794+0000] {processor.py:186} INFO - Started process (PID=72787) to work on /opt/airflow/dags/train_traffic_pred.py
[2025-07-22T12:48:23.795+0000] {processor.py:914} INFO - Processing file /opt/airflow/dags/train_traffic_pred.py for tasks to queue
[2025-07-22T12:48:23.797+0000] {logging_mixin.py:190} INFO - [2025-07-22T12:48:23.796+0000] {dagbag.py:588} INFO - Filling up the DagBag from /opt/airflow/dags/train_traffic_pred.py
[2025-07-22T12:48:26.952+0000] {processor.py:925} INFO - DAG(s) 'train_traffic_pred' retrieved from /opt/airflow/dags/train_traffic_pred.py
[2025-07-22T12:48:26.974+0000] {logging_mixin.py:190} INFO - [2025-07-22T12:48:26.973+0000] {dag.py:3239} INFO - Sync 1 DAGs
[2025-07-22T12:48:26.992+0000] {logging_mixin.py:190} INFO - [2025-07-22T12:48:26.992+0000] {dag.py:4180} INFO - Setting next_dagrun for train_traffic_pred to 2025-07-22 00:00:00+00:00, run_after=2025-07-23 00:00:00+00:00
[2025-07-22T12:48:27.008+0000] {processor.py:208} INFO - Processing /opt/airflow/dags/train_traffic_pred.py took 3.220 seconds
[2025-07-22T12:48:58.962+0000] {processor.py:186} INFO - Started process (PID=72885) to work on /opt/airflow/dags/train_traffic_pred.py
[2025-07-22T12:48:58.963+0000] {processor.py:914} INFO - Processing file /opt/airflow/dags/train_traffic_pred.py for tasks to queue
[2025-07-22T12:48:58.965+0000] {logging_mixin.py:190} INFO - [2025-07-22T12:48:58.965+0000] {dagbag.py:588} INFO - Filling up the DagBag from /opt/airflow/dags/train_traffic_pred.py
[2025-07-22T12:49:02.325+0000] {processor.py:925} INFO - DAG(s) 'train_traffic_pred' retrieved from /opt/airflow/dags/train_traffic_pred.py
[2025-07-22T12:49:02.349+0000] {logging_mixin.py:190} INFO - [2025-07-22T12:49:02.348+0000] {dag.py:3239} INFO - Sync 1 DAGs
[2025-07-22T12:49:02.368+0000] {logging_mixin.py:190} INFO - [2025-07-22T12:49:02.368+0000] {dag.py:4180} INFO - Setting next_dagrun for train_traffic_pred to 2025-07-22 00:00:00+00:00, run_after=2025-07-23 00:00:00+00:00
[2025-07-22T12:49:02.384+0000] {processor.py:208} INFO - Processing /opt/airflow/dags/train_traffic_pred.py took 3.427 seconds
[2025-07-22T12:49:33.546+0000] {processor.py:186} INFO - Started process (PID=72983) to work on /opt/airflow/dags/train_traffic_pred.py
[2025-07-22T12:49:33.548+0000] {processor.py:914} INFO - Processing file /opt/airflow/dags/train_traffic_pred.py for tasks to queue
[2025-07-22T12:49:33.550+0000] {logging_mixin.py:190} INFO - [2025-07-22T12:49:33.549+0000] {dagbag.py:588} INFO - Filling up the DagBag from /opt/airflow/dags/train_traffic_pred.py
[2025-07-22T12:49:37.018+0000] {processor.py:925} INFO - DAG(s) 'train_traffic_pred' retrieved from /opt/airflow/dags/train_traffic_pred.py
[2025-07-22T12:49:37.042+0000] {logging_mixin.py:190} INFO - [2025-07-22T12:49:37.040+0000] {dag.py:3239} INFO - Sync 1 DAGs
[2025-07-22T12:49:37.062+0000] {logging_mixin.py:190} INFO - [2025-07-22T12:49:37.061+0000] {dag.py:4180} INFO - Setting next_dagrun for train_traffic_pred to 2025-07-22 00:00:00+00:00, run_after=2025-07-23 00:00:00+00:00
[2025-07-22T12:49:37.079+0000] {processor.py:208} INFO - Processing /opt/airflow/dags/train_traffic_pred.py took 3.538 seconds
[2025-07-22T12:50:08.245+0000] {processor.py:186} INFO - Started process (PID=73081) to work on /opt/airflow/dags/train_traffic_pred.py
[2025-07-22T12:50:08.246+0000] {processor.py:914} INFO - Processing file /opt/airflow/dags/train_traffic_pred.py for tasks to queue
[2025-07-22T12:50:08.249+0000] {logging_mixin.py:190} INFO - [2025-07-22T12:50:08.249+0000] {dagbag.py:588} INFO - Filling up the DagBag from /opt/airflow/dags/train_traffic_pred.py
[2025-07-22T12:50:11.823+0000] {processor.py:925} INFO - DAG(s) 'train_traffic_pred' retrieved from /opt/airflow/dags/train_traffic_pred.py
[2025-07-22T12:50:11.849+0000] {logging_mixin.py:190} INFO - [2025-07-22T12:50:11.849+0000] {dag.py:3239} INFO - Sync 1 DAGs
[2025-07-22T12:50:11.873+0000] {logging_mixin.py:190} INFO - [2025-07-22T12:50:11.872+0000] {dag.py:4180} INFO - Setting next_dagrun for train_traffic_pred to 2025-07-22 00:00:00+00:00, run_after=2025-07-23 00:00:00+00:00
[2025-07-22T12:50:11.893+0000] {processor.py:208} INFO - Processing /opt/airflow/dags/train_traffic_pred.py took 3.654 seconds
[2025-07-22T12:50:43.047+0000] {processor.py:186} INFO - Started process (PID=73185) to work on /opt/airflow/dags/train_traffic_pred.py
[2025-07-22T12:50:43.048+0000] {processor.py:914} INFO - Processing file /opt/airflow/dags/train_traffic_pred.py for tasks to queue
[2025-07-22T12:50:43.051+0000] {logging_mixin.py:190} INFO - [2025-07-22T12:50:43.050+0000] {dagbag.py:588} INFO - Filling up the DagBag from /opt/airflow/dags/train_traffic_pred.py
[2025-07-22T12:50:46.545+0000] {processor.py:925} INFO - DAG(s) 'train_traffic_pred' retrieved from /opt/airflow/dags/train_traffic_pred.py
[2025-07-22T12:50:46.570+0000] {logging_mixin.py:190} INFO - [2025-07-22T12:50:46.569+0000] {dag.py:3239} INFO - Sync 1 DAGs
[2025-07-22T12:50:46.590+0000] {logging_mixin.py:190} INFO - [2025-07-22T12:50:46.589+0000] {dag.py:4180} INFO - Setting next_dagrun for train_traffic_pred to 2025-07-22 00:00:00+00:00, run_after=2025-07-23 00:00:00+00:00
[2025-07-22T12:50:46.608+0000] {processor.py:208} INFO - Processing /opt/airflow/dags/train_traffic_pred.py took 3.568 seconds
[2025-07-22T12:51:17.789+0000] {processor.py:186} INFO - Started process (PID=73283) to work on /opt/airflow/dags/train_traffic_pred.py
[2025-07-22T12:51:17.790+0000] {processor.py:914} INFO - Processing file /opt/airflow/dags/train_traffic_pred.py for tasks to queue
[2025-07-22T12:51:17.792+0000] {logging_mixin.py:190} INFO - [2025-07-22T12:51:17.792+0000] {dagbag.py:588} INFO - Filling up the DagBag from /opt/airflow/dags/train_traffic_pred.py
[2025-07-22T12:51:21.156+0000] {processor.py:925} INFO - DAG(s) 'train_traffic_pred' retrieved from /opt/airflow/dags/train_traffic_pred.py
[2025-07-22T12:51:21.179+0000] {logging_mixin.py:190} INFO - [2025-07-22T12:51:21.179+0000] {dag.py:3239} INFO - Sync 1 DAGs
[2025-07-22T12:51:21.198+0000] {logging_mixin.py:190} INFO - [2025-07-22T12:51:21.198+0000] {dag.py:4180} INFO - Setting next_dagrun for train_traffic_pred to 2025-07-22 00:00:00+00:00, run_after=2025-07-23 00:00:00+00:00
[2025-07-22T12:51:21.215+0000] {processor.py:208} INFO - Processing /opt/airflow/dags/train_traffic_pred.py took 3.433 seconds
[2025-07-22T12:51:52.496+0000] {processor.py:186} INFO - Started process (PID=73381) to work on /opt/airflow/dags/train_traffic_pred.py
[2025-07-22T12:51:52.499+0000] {processor.py:914} INFO - Processing file /opt/airflow/dags/train_traffic_pred.py for tasks to queue
[2025-07-22T12:51:52.503+0000] {logging_mixin.py:190} INFO - [2025-07-22T12:51:52.502+0000] {dagbag.py:588} INFO - Filling up the DagBag from /opt/airflow/dags/train_traffic_pred.py
[2025-07-22T12:51:58.656+0000] {processor.py:925} INFO - DAG(s) 'train_traffic_pred' retrieved from /opt/airflow/dags/train_traffic_pred.py
[2025-07-22T12:51:58.703+0000] {logging_mixin.py:190} INFO - [2025-07-22T12:51:58.702+0000] {dag.py:3239} INFO - Sync 1 DAGs
[2025-07-22T12:51:58.740+0000] {logging_mixin.py:190} INFO - [2025-07-22T12:51:58.740+0000] {dag.py:4180} INFO - Setting next_dagrun for train_traffic_pred to 2025-07-22 00:00:00+00:00, run_after=2025-07-23 00:00:00+00:00
[2025-07-22T12:51:58.773+0000] {processor.py:208} INFO - Processing /opt/airflow/dags/train_traffic_pred.py took 6.289 seconds
[2025-07-22T12:52:29.795+0000] {processor.py:186} INFO - Started process (PID=73479) to work on /opt/airflow/dags/train_traffic_pred.py
[2025-07-22T12:52:29.796+0000] {processor.py:914} INFO - Processing file /opt/airflow/dags/train_traffic_pred.py for tasks to queue
[2025-07-22T12:52:29.798+0000] {logging_mixin.py:190} INFO - [2025-07-22T12:52:29.798+0000] {dagbag.py:588} INFO - Filling up the DagBag from /opt/airflow/dags/train_traffic_pred.py
[2025-07-22T12:52:33.129+0000] {processor.py:925} INFO - DAG(s) 'train_traffic_pred' retrieved from /opt/airflow/dags/train_traffic_pred.py
[2025-07-22T12:52:33.150+0000] {logging_mixin.py:190} INFO - [2025-07-22T12:52:33.149+0000] {dag.py:3239} INFO - Sync 1 DAGs
[2025-07-22T12:52:33.167+0000] {logging_mixin.py:190} INFO - [2025-07-22T12:52:33.167+0000] {dag.py:4180} INFO - Setting next_dagrun for train_traffic_pred to 2025-07-22 00:00:00+00:00, run_after=2025-07-23 00:00:00+00:00
[2025-07-22T12:52:33.183+0000] {processor.py:208} INFO - Processing /opt/airflow/dags/train_traffic_pred.py took 3.394 seconds
[2025-07-22T12:53:04.764+0000] {processor.py:186} INFO - Started process (PID=73577) to work on /opt/airflow/dags/train_traffic_pred.py
[2025-07-22T12:53:04.766+0000] {processor.py:914} INFO - Processing file /opt/airflow/dags/train_traffic_pred.py for tasks to queue
[2025-07-22T12:53:04.768+0000] {logging_mixin.py:190} INFO - [2025-07-22T12:53:04.767+0000] {dagbag.py:588} INFO - Filling up the DagBag from /opt/airflow/dags/train_traffic_pred.py
[2025-07-22T12:53:08.070+0000] {processor.py:925} INFO - DAG(s) 'train_traffic_pred' retrieved from /opt/airflow/dags/train_traffic_pred.py
[2025-07-22T12:53:08.094+0000] {logging_mixin.py:190} INFO - [2025-07-22T12:53:08.093+0000] {dag.py:3239} INFO - Sync 1 DAGs
[2025-07-22T12:53:08.113+0000] {logging_mixin.py:190} INFO - [2025-07-22T12:53:08.112+0000] {dag.py:4180} INFO - Setting next_dagrun for train_traffic_pred to 2025-07-22 00:00:00+00:00, run_after=2025-07-23 00:00:00+00:00
[2025-07-22T12:53:08.129+0000] {processor.py:208} INFO - Processing /opt/airflow/dags/train_traffic_pred.py took 3.371 seconds
[2025-07-22T12:53:40.041+0000] {processor.py:186} INFO - Started process (PID=73675) to work on /opt/airflow/dags/train_traffic_pred.py
[2025-07-22T12:53:40.042+0000] {processor.py:914} INFO - Processing file /opt/airflow/dags/train_traffic_pred.py for tasks to queue
[2025-07-22T12:53:40.044+0000] {logging_mixin.py:190} INFO - [2025-07-22T12:53:40.044+0000] {dagbag.py:588} INFO - Filling up the DagBag from /opt/airflow/dags/train_traffic_pred.py
[2025-07-22T12:53:43.254+0000] {processor.py:925} INFO - DAG(s) 'train_traffic_pred' retrieved from /opt/airflow/dags/train_traffic_pred.py
[2025-07-22T12:53:43.274+0000] {logging_mixin.py:190} INFO - [2025-07-22T12:53:43.273+0000] {dag.py:3239} INFO - Sync 1 DAGs
[2025-07-22T12:53:43.293+0000] {logging_mixin.py:190} INFO - [2025-07-22T12:53:43.293+0000] {dag.py:4180} INFO - Setting next_dagrun for train_traffic_pred to 2025-07-22 00:00:00+00:00, run_after=2025-07-23 00:00:00+00:00
[2025-07-22T12:53:43.306+0000] {processor.py:208} INFO - Processing /opt/airflow/dags/train_traffic_pred.py took 3.272 seconds
[2025-07-22T12:54:15.087+0000] {processor.py:186} INFO - Started process (PID=73779) to work on /opt/airflow/dags/train_traffic_pred.py
[2025-07-22T12:54:15.088+0000] {processor.py:914} INFO - Processing file /opt/airflow/dags/train_traffic_pred.py for tasks to queue
[2025-07-22T12:54:15.090+0000] {logging_mixin.py:190} INFO - [2025-07-22T12:54:15.090+0000] {dagbag.py:588} INFO - Filling up the DagBag from /opt/airflow/dags/train_traffic_pred.py
[2025-07-22T12:54:18.426+0000] {processor.py:925} INFO - DAG(s) 'train_traffic_pred' retrieved from /opt/airflow/dags/train_traffic_pred.py
[2025-07-22T12:54:18.449+0000] {logging_mixin.py:190} INFO - [2025-07-22T12:54:18.448+0000] {dag.py:3239} INFO - Sync 1 DAGs
[2025-07-22T12:54:18.471+0000] {logging_mixin.py:190} INFO - [2025-07-22T12:54:18.471+0000] {dag.py:4180} INFO - Setting next_dagrun for train_traffic_pred to 2025-07-22 00:00:00+00:00, run_after=2025-07-23 00:00:00+00:00
[2025-07-22T12:54:18.491+0000] {processor.py:208} INFO - Processing /opt/airflow/dags/train_traffic_pred.py took 3.410 seconds
[2025-07-22T12:54:50.368+0000] {processor.py:186} INFO - Started process (PID=73877) to work on /opt/airflow/dags/train_traffic_pred.py
[2025-07-22T12:54:50.369+0000] {processor.py:914} INFO - Processing file /opt/airflow/dags/train_traffic_pred.py for tasks to queue
[2025-07-22T12:54:50.372+0000] {logging_mixin.py:190} INFO - [2025-07-22T12:54:50.371+0000] {dagbag.py:588} INFO - Filling up the DagBag from /opt/airflow/dags/train_traffic_pred.py
[2025-07-22T12:54:54.070+0000] {processor.py:925} INFO - DAG(s) 'train_traffic_pred' retrieved from /opt/airflow/dags/train_traffic_pred.py
[2025-07-22T12:54:54.094+0000] {logging_mixin.py:190} INFO - [2025-07-22T12:54:54.093+0000] {dag.py:3239} INFO - Sync 1 DAGs
[2025-07-22T12:54:54.112+0000] {logging_mixin.py:190} INFO - [2025-07-22T12:54:54.111+0000] {dag.py:4180} INFO - Setting next_dagrun for train_traffic_pred to 2025-07-22 00:00:00+00:00, run_after=2025-07-23 00:00:00+00:00
[2025-07-22T12:54:54.129+0000] {processor.py:208} INFO - Processing /opt/airflow/dags/train_traffic_pred.py took 3.769 seconds
