[2025-07-22T04:14:38.586+0000] {processor.py:186} INFO - Started process (PID=201) to work on /opt/airflow/dags/train_weather_pred.py
[2025-07-22T04:14:38.588+0000] {processor.py:914} INFO - Processing file /opt/airflow/dags/train_weather_pred.py for tasks to queue
[2025-07-22T04:14:38.592+0000] {logging_mixin.py:190} INFO - [2025-07-22T04:14:38.591+0000] {dagbag.py:588} INFO - Filling up the DagBag from /opt/airflow/dags/train_weather_pred.py
[2025-07-22T04:14:46.464+0000] {processor.py:925} INFO - DAG(s) 'train_weather_pred' retrieved from /opt/airflow/dags/train_weather_pred.py
[2025-07-22T04:14:46.499+0000] {logging_mixin.py:190} INFO - [2025-07-22T04:14:46.498+0000] {dag.py:3239} INFO - Sync 1 DAGs
[2025-07-22T04:14:46.525+0000] {logging_mixin.py:190} INFO - [2025-07-22T04:14:46.525+0000] {dag.py:4180} INFO - Setting next_dagrun for train_weather_pred to 2025-07-22 00:00:00+00:00, run_after=2025-07-23 00:00:00+00:00
[2025-07-22T04:14:46.545+0000] {processor.py:208} INFO - Processing /opt/airflow/dags/train_weather_pred.py took 7.969 seconds
[2025-07-22T04:15:17.604+0000] {processor.py:186} INFO - Started process (PID=7940) to work on /opt/airflow/dags/train_weather_pred.py
[2025-07-22T04:15:17.605+0000] {processor.py:914} INFO - Processing file /opt/airflow/dags/train_weather_pred.py for tasks to queue
[2025-07-22T04:15:17.607+0000] {logging_mixin.py:190} INFO - [2025-07-22T04:15:17.606+0000] {dagbag.py:588} INFO - Filling up the DagBag from /opt/airflow/dags/train_weather_pred.py
[2025-07-22T04:15:21.258+0000] {processor.py:925} INFO - DAG(s) 'train_weather_pred' retrieved from /opt/airflow/dags/train_weather_pred.py
[2025-07-22T04:15:21.281+0000] {logging_mixin.py:190} INFO - [2025-07-22T04:15:21.280+0000] {dag.py:3239} INFO - Sync 1 DAGs
[2025-07-22T04:15:21.300+0000] {logging_mixin.py:190} INFO - [2025-07-22T04:15:21.300+0000] {dag.py:4180} INFO - Setting next_dagrun for train_weather_pred to 2025-07-22 00:00:00+00:00, run_after=2025-07-23 00:00:00+00:00
[2025-07-22T04:15:21.318+0000] {processor.py:208} INFO - Processing /opt/airflow/dags/train_weather_pred.py took 3.720 seconds
[2025-07-22T04:15:53.239+0000] {processor.py:186} INFO - Started process (PID=8038) to work on /opt/airflow/dags/train_weather_pred.py
[2025-07-22T04:15:53.241+0000] {processor.py:914} INFO - Processing file /opt/airflow/dags/train_weather_pred.py for tasks to queue
[2025-07-22T04:15:53.245+0000] {logging_mixin.py:190} INFO - [2025-07-22T04:15:53.244+0000] {dagbag.py:588} INFO - Filling up the DagBag from /opt/airflow/dags/train_weather_pred.py
[2025-07-22T04:15:57.135+0000] {processor.py:925} INFO - DAG(s) 'train_weather_pred' retrieved from /opt/airflow/dags/train_weather_pred.py
[2025-07-22T04:15:57.278+0000] {logging_mixin.py:190} INFO - [2025-07-22T04:15:57.277+0000] {dag.py:3239} INFO - Sync 1 DAGs
[2025-07-22T04:15:57.297+0000] {logging_mixin.py:190} INFO - [2025-07-22T04:15:57.297+0000] {dag.py:4180} INFO - Setting next_dagrun for train_weather_pred to 2025-07-22 00:00:00+00:00, run_after=2025-07-23 00:00:00+00:00
[2025-07-22T04:15:57.470+0000] {processor.py:208} INFO - Processing /opt/airflow/dags/train_weather_pred.py took 4.245 seconds
[2025-07-22T04:16:28.685+0000] {processor.py:186} INFO - Started process (PID=8136) to work on /opt/airflow/dags/train_weather_pred.py
[2025-07-22T04:16:28.686+0000] {processor.py:914} INFO - Processing file /opt/airflow/dags/train_weather_pred.py for tasks to queue
[2025-07-22T04:16:28.689+0000] {logging_mixin.py:190} INFO - [2025-07-22T04:16:28.688+0000] {dagbag.py:588} INFO - Filling up the DagBag from /opt/airflow/dags/train_weather_pred.py
[2025-07-22T04:16:32.324+0000] {processor.py:925} INFO - DAG(s) 'train_weather_pred' retrieved from /opt/airflow/dags/train_weather_pred.py
[2025-07-22T04:16:32.348+0000] {logging_mixin.py:190} INFO - [2025-07-22T04:16:32.347+0000] {dag.py:3239} INFO - Sync 1 DAGs
[2025-07-22T04:16:32.366+0000] {logging_mixin.py:190} INFO - [2025-07-22T04:16:32.366+0000] {dag.py:4180} INFO - Setting next_dagrun for train_weather_pred to 2025-07-22 00:00:00+00:00, run_after=2025-07-23 00:00:00+00:00
[2025-07-22T04:16:32.462+0000] {processor.py:208} INFO - Processing /opt/airflow/dags/train_weather_pred.py took 3.784 seconds
[2025-07-22T04:17:03.959+0000] {processor.py:186} INFO - Started process (PID=8234) to work on /opt/airflow/dags/train_weather_pred.py
[2025-07-22T04:17:03.960+0000] {processor.py:914} INFO - Processing file /opt/airflow/dags/train_weather_pred.py for tasks to queue
[2025-07-22T04:17:03.962+0000] {logging_mixin.py:190} INFO - [2025-07-22T04:17:03.962+0000] {dagbag.py:588} INFO - Filling up the DagBag from /opt/airflow/dags/train_weather_pred.py
[2025-07-22T04:17:07.497+0000] {processor.py:925} INFO - DAG(s) 'train_weather_pred' retrieved from /opt/airflow/dags/train_weather_pred.py
[2025-07-22T04:17:07.584+0000] {logging_mixin.py:190} INFO - [2025-07-22T04:17:07.583+0000] {dag.py:3239} INFO - Sync 1 DAGs
[2025-07-22T04:17:07.602+0000] {logging_mixin.py:190} INFO - [2025-07-22T04:17:07.601+0000] {dag.py:4180} INFO - Setting next_dagrun for train_weather_pred to 2025-07-22 00:00:00+00:00, run_after=2025-07-23 00:00:00+00:00
[2025-07-22T04:17:07.638+0000] {processor.py:208} INFO - Processing /opt/airflow/dags/train_weather_pred.py took 3.685 seconds
[2025-07-22T04:17:43.879+0000] {processor.py:186} INFO - Started process (PID=8338) to work on /opt/airflow/dags/train_weather_pred.py
[2025-07-22T04:17:46.331+0000] {processor.py:914} INFO - Processing file /opt/airflow/dags/train_weather_pred.py for tasks to queue
[2025-07-22T04:17:46.455+0000] {logging_mixin.py:190} INFO - [2025-07-22T04:17:46.454+0000] {dagbag.py:588} INFO - Filling up the DagBag from /opt/airflow/dags/train_weather_pred.py
[2025-07-22T04:17:52.065+0000] {processor.py:925} INFO - DAG(s) 'train_weather_pred' retrieved from /opt/airflow/dags/train_weather_pred.py
[2025-07-22T04:17:52.239+0000] {logging_mixin.py:190} INFO - [2025-07-22T04:17:52.238+0000] {dag.py:3239} INFO - Sync 1 DAGs
[2025-07-22T04:17:52.412+0000] {logging_mixin.py:190} INFO - [2025-07-22T04:17:52.411+0000] {dag.py:4180} INFO - Setting next_dagrun for train_weather_pred to 2025-07-22 00:00:00+00:00, run_after=2025-07-23 00:00:00+00:00
[2025-07-22T04:17:53.014+0000] {processor.py:208} INFO - Processing /opt/airflow/dags/train_weather_pred.py took 9.147 seconds
[2025-07-22T04:18:24.698+0000] {processor.py:186} INFO - Started process (PID=8455) to work on /opt/airflow/dags/train_weather_pred.py
[2025-07-22T04:18:24.700+0000] {processor.py:914} INFO - Processing file /opt/airflow/dags/train_weather_pred.py for tasks to queue
[2025-07-22T04:18:24.704+0000] {logging_mixin.py:190} INFO - [2025-07-22T04:18:24.704+0000] {dagbag.py:588} INFO - Filling up the DagBag from /opt/airflow/dags/train_weather_pred.py
[2025-07-22T04:18:28.278+0000] {processor.py:925} INFO - DAG(s) 'train_weather_pred' retrieved from /opt/airflow/dags/train_weather_pred.py
[2025-07-22T04:18:28.302+0000] {logging_mixin.py:190} INFO - [2025-07-22T04:18:28.301+0000] {dag.py:3239} INFO - Sync 1 DAGs
[2025-07-22T04:18:28.320+0000] {logging_mixin.py:190} INFO - [2025-07-22T04:18:28.319+0000] {dag.py:4180} INFO - Setting next_dagrun for train_weather_pred to 2025-07-22 00:00:00+00:00, run_after=2025-07-23 00:00:00+00:00
[2025-07-22T04:18:28.421+0000] {processor.py:208} INFO - Processing /opt/airflow/dags/train_weather_pred.py took 3.734 seconds
[2025-07-22T04:18:59.488+0000] {processor.py:186} INFO - Started process (PID=8534) to work on /opt/airflow/dags/train_weather_pred.py
[2025-07-22T04:18:59.490+0000] {processor.py:914} INFO - Processing file /opt/airflow/dags/train_weather_pred.py for tasks to queue
[2025-07-22T04:18:59.492+0000] {logging_mixin.py:190} INFO - [2025-07-22T04:18:59.491+0000] {dagbag.py:588} INFO - Filling up the DagBag from /opt/airflow/dags/train_weather_pred.py
[2025-07-22T04:19:03.040+0000] {processor.py:925} INFO - DAG(s) 'train_weather_pred' retrieved from /opt/airflow/dags/train_weather_pred.py
[2025-07-22T04:19:03.070+0000] {logging_mixin.py:190} INFO - [2025-07-22T04:19:03.069+0000] {dag.py:3239} INFO - Sync 1 DAGs
[2025-07-22T04:19:03.088+0000] {logging_mixin.py:190} INFO - [2025-07-22T04:19:03.088+0000] {dag.py:4180} INFO - Setting next_dagrun for train_weather_pred to 2025-07-22 00:00:00+00:00, run_after=2025-07-23 00:00:00+00:00
[2025-07-22T04:19:03.105+0000] {processor.py:208} INFO - Processing /opt/airflow/dags/train_weather_pred.py took 3.623 seconds
[2025-07-22T04:19:34.839+0000] {processor.py:186} INFO - Started process (PID=8632) to work on /opt/airflow/dags/train_weather_pred.py
[2025-07-22T04:19:34.840+0000] {processor.py:914} INFO - Processing file /opt/airflow/dags/train_weather_pred.py for tasks to queue
[2025-07-22T04:19:34.842+0000] {logging_mixin.py:190} INFO - [2025-07-22T04:19:34.842+0000] {dagbag.py:588} INFO - Filling up the DagBag from /opt/airflow/dags/train_weather_pred.py
[2025-07-22T04:19:38.236+0000] {processor.py:925} INFO - DAG(s) 'train_weather_pred' retrieved from /opt/airflow/dags/train_weather_pred.py
[2025-07-22T04:19:38.260+0000] {logging_mixin.py:190} INFO - [2025-07-22T04:19:38.260+0000] {dag.py:3239} INFO - Sync 1 DAGs
[2025-07-22T04:19:38.278+0000] {logging_mixin.py:190} INFO - [2025-07-22T04:19:38.278+0000] {dag.py:4180} INFO - Setting next_dagrun for train_weather_pred to 2025-07-22 00:00:00+00:00, run_after=2025-07-23 00:00:00+00:00
[2025-07-22T04:19:38.294+0000] {processor.py:208} INFO - Processing /opt/airflow/dags/train_weather_pred.py took 3.460 seconds
[2025-07-22T04:20:09.750+0000] {processor.py:186} INFO - Started process (PID=8730) to work on /opt/airflow/dags/train_weather_pred.py
[2025-07-22T04:20:09.751+0000] {processor.py:914} INFO - Processing file /opt/airflow/dags/train_weather_pred.py for tasks to queue
[2025-07-22T04:20:09.753+0000] {logging_mixin.py:190} INFO - [2025-07-22T04:20:09.753+0000] {dagbag.py:588} INFO - Filling up the DagBag from /opt/airflow/dags/train_weather_pred.py
[2025-07-22T04:20:13.127+0000] {processor.py:925} INFO - DAG(s) 'train_weather_pred' retrieved from /opt/airflow/dags/train_weather_pred.py
[2025-07-22T04:20:13.150+0000] {logging_mixin.py:190} INFO - [2025-07-22T04:20:13.149+0000] {dag.py:3239} INFO - Sync 1 DAGs
[2025-07-22T04:20:13.168+0000] {logging_mixin.py:190} INFO - [2025-07-22T04:20:13.168+0000] {dag.py:4180} INFO - Setting next_dagrun for train_weather_pred to 2025-07-22 00:00:00+00:00, run_after=2025-07-23 00:00:00+00:00
[2025-07-22T04:20:13.183+0000] {processor.py:208} INFO - Processing /opt/airflow/dags/train_weather_pred.py took 3.439 seconds
[2025-07-22T04:20:45.361+0000] {processor.py:186} INFO - Started process (PID=8834) to work on /opt/airflow/dags/train_weather_pred.py
[2025-07-22T04:20:45.362+0000] {processor.py:914} INFO - Processing file /opt/airflow/dags/train_weather_pred.py for tasks to queue
[2025-07-22T04:20:45.364+0000] {logging_mixin.py:190} INFO - [2025-07-22T04:20:45.364+0000] {dagbag.py:588} INFO - Filling up the DagBag from /opt/airflow/dags/train_weather_pred.py
[2025-07-22T04:20:48.729+0000] {processor.py:925} INFO - DAG(s) 'train_weather_pred' retrieved from /opt/airflow/dags/train_weather_pred.py
[2025-07-22T04:20:48.752+0000] {logging_mixin.py:190} INFO - [2025-07-22T04:20:48.751+0000] {dag.py:3239} INFO - Sync 1 DAGs
[2025-07-22T04:20:48.771+0000] {logging_mixin.py:190} INFO - [2025-07-22T04:20:48.771+0000] {dag.py:4180} INFO - Setting next_dagrun for train_weather_pred to 2025-07-22 00:00:00+00:00, run_after=2025-07-23 00:00:00+00:00
[2025-07-22T04:20:48.787+0000] {processor.py:208} INFO - Processing /opt/airflow/dags/train_weather_pred.py took 3.432 seconds
[2025-07-22T04:21:20.254+0000] {processor.py:186} INFO - Started process (PID=8932) to work on /opt/airflow/dags/train_weather_pred.py
[2025-07-22T04:21:20.255+0000] {processor.py:914} INFO - Processing file /opt/airflow/dags/train_weather_pred.py for tasks to queue
[2025-07-22T04:21:20.258+0000] {logging_mixin.py:190} INFO - [2025-07-22T04:21:20.257+0000] {dagbag.py:588} INFO - Filling up the DagBag from /opt/airflow/dags/train_weather_pred.py
[2025-07-22T04:21:23.726+0000] {processor.py:925} INFO - DAG(s) 'train_weather_pred' retrieved from /opt/airflow/dags/train_weather_pred.py
[2025-07-22T04:21:23.751+0000] {logging_mixin.py:190} INFO - [2025-07-22T04:21:23.750+0000] {dag.py:3239} INFO - Sync 1 DAGs
[2025-07-22T04:21:23.771+0000] {logging_mixin.py:190} INFO - [2025-07-22T04:21:23.771+0000] {dag.py:4180} INFO - Setting next_dagrun for train_weather_pred to 2025-07-22 00:00:00+00:00, run_after=2025-07-23 00:00:00+00:00
[2025-07-22T04:21:23.787+0000] {processor.py:208} INFO - Processing /opt/airflow/dags/train_weather_pred.py took 3.542 seconds
[2025-07-22T04:21:55.283+0000] {processor.py:186} INFO - Started process (PID=9030) to work on /opt/airflow/dags/train_weather_pred.py
[2025-07-22T04:21:55.284+0000] {processor.py:914} INFO - Processing file /opt/airflow/dags/train_weather_pred.py for tasks to queue
[2025-07-22T04:21:55.286+0000] {logging_mixin.py:190} INFO - [2025-07-22T04:21:55.286+0000] {dagbag.py:588} INFO - Filling up the DagBag from /opt/airflow/dags/train_weather_pred.py
[2025-07-22T04:21:58.659+0000] {processor.py:925} INFO - DAG(s) 'train_weather_pred' retrieved from /opt/airflow/dags/train_weather_pred.py
[2025-07-22T04:21:58.682+0000] {logging_mixin.py:190} INFO - [2025-07-22T04:21:58.682+0000] {dag.py:3239} INFO - Sync 1 DAGs
[2025-07-22T04:21:58.702+0000] {logging_mixin.py:190} INFO - [2025-07-22T04:21:58.701+0000] {dag.py:4180} INFO - Setting next_dagrun for train_weather_pred to 2025-07-22 00:00:00+00:00, run_after=2025-07-23 00:00:00+00:00
[2025-07-22T04:21:58.717+0000] {processor.py:208} INFO - Processing /opt/airflow/dags/train_weather_pred.py took 3.440 seconds
[2025-07-22T04:22:30.167+0000] {processor.py:186} INFO - Started process (PID=9128) to work on /opt/airflow/dags/train_weather_pred.py
[2025-07-22T04:22:30.169+0000] {processor.py:914} INFO - Processing file /opt/airflow/dags/train_weather_pred.py for tasks to queue
[2025-07-22T04:22:30.171+0000] {logging_mixin.py:190} INFO - [2025-07-22T04:22:30.171+0000] {dagbag.py:588} INFO - Filling up the DagBag from /opt/airflow/dags/train_weather_pred.py
[2025-07-22T04:22:33.485+0000] {processor.py:925} INFO - DAG(s) 'train_weather_pred' retrieved from /opt/airflow/dags/train_weather_pred.py
[2025-07-22T04:22:33.507+0000] {logging_mixin.py:190} INFO - [2025-07-22T04:22:33.507+0000] {dag.py:3239} INFO - Sync 1 DAGs
[2025-07-22T04:22:33.526+0000] {logging_mixin.py:190} INFO - [2025-07-22T04:22:33.526+0000] {dag.py:4180} INFO - Setting next_dagrun for train_weather_pred to 2025-07-22 00:00:00+00:00, run_after=2025-07-23 00:00:00+00:00
[2025-07-22T04:22:33.540+0000] {processor.py:208} INFO - Processing /opt/airflow/dags/train_weather_pred.py took 3.378 seconds
[2025-07-22T04:23:04.777+0000] {processor.py:186} INFO - Started process (PID=9226) to work on /opt/airflow/dags/train_weather_pred.py
[2025-07-22T04:23:04.778+0000] {processor.py:914} INFO - Processing file /opt/airflow/dags/train_weather_pred.py for tasks to queue
[2025-07-22T04:23:04.781+0000] {logging_mixin.py:190} INFO - [2025-07-22T04:23:04.780+0000] {dagbag.py:588} INFO - Filling up the DagBag from /opt/airflow/dags/train_weather_pred.py
[2025-07-22T04:23:08.088+0000] {processor.py:925} INFO - DAG(s) 'train_weather_pred' retrieved from /opt/airflow/dags/train_weather_pred.py
[2025-07-22T04:23:08.108+0000] {logging_mixin.py:190} INFO - [2025-07-22T04:23:08.107+0000] {dag.py:3239} INFO - Sync 1 DAGs
[2025-07-22T04:23:08.125+0000] {logging_mixin.py:190} INFO - [2025-07-22T04:23:08.125+0000] {dag.py:4180} INFO - Setting next_dagrun for train_weather_pred to 2025-07-22 00:00:00+00:00, run_after=2025-07-23 00:00:00+00:00
[2025-07-22T04:23:08.142+0000] {processor.py:208} INFO - Processing /opt/airflow/dags/train_weather_pred.py took 3.371 seconds
[2025-07-22T04:23:39.523+0000] {processor.py:186} INFO - Started process (PID=9324) to work on /opt/airflow/dags/train_weather_pred.py
[2025-07-22T04:23:39.524+0000] {processor.py:914} INFO - Processing file /opt/airflow/dags/train_weather_pred.py for tasks to queue
[2025-07-22T04:23:39.526+0000] {logging_mixin.py:190} INFO - [2025-07-22T04:23:39.526+0000] {dagbag.py:588} INFO - Filling up the DagBag from /opt/airflow/dags/train_weather_pred.py
[2025-07-22T04:23:42.886+0000] {processor.py:925} INFO - DAG(s) 'train_weather_pred' retrieved from /opt/airflow/dags/train_weather_pred.py
[2025-07-22T04:23:42.912+0000] {logging_mixin.py:190} INFO - [2025-07-22T04:23:42.911+0000] {dag.py:3239} INFO - Sync 1 DAGs
[2025-07-22T04:23:42.930+0000] {logging_mixin.py:190} INFO - [2025-07-22T04:23:42.930+0000] {dag.py:4180} INFO - Setting next_dagrun for train_weather_pred to 2025-07-22 00:00:00+00:00, run_after=2025-07-23 00:00:00+00:00
[2025-07-22T04:23:42.947+0000] {processor.py:208} INFO - Processing /opt/airflow/dags/train_weather_pred.py took 3.429 seconds
[2025-07-22T04:24:14.365+0000] {processor.py:186} INFO - Started process (PID=9428) to work on /opt/airflow/dags/train_weather_pred.py
[2025-07-22T04:24:14.366+0000] {processor.py:914} INFO - Processing file /opt/airflow/dags/train_weather_pred.py for tasks to queue
[2025-07-22T04:24:14.369+0000] {logging_mixin.py:190} INFO - [2025-07-22T04:24:14.368+0000] {dagbag.py:588} INFO - Filling up the DagBag from /opt/airflow/dags/train_weather_pred.py
[2025-07-22T04:24:17.646+0000] {processor.py:925} INFO - DAG(s) 'train_weather_pred' retrieved from /opt/airflow/dags/train_weather_pred.py
[2025-07-22T04:24:17.668+0000] {logging_mixin.py:190} INFO - [2025-07-22T04:24:17.668+0000] {dag.py:3239} INFO - Sync 1 DAGs
[2025-07-22T04:24:17.688+0000] {logging_mixin.py:190} INFO - [2025-07-22T04:24:17.688+0000] {dag.py:4180} INFO - Setting next_dagrun for train_weather_pred to 2025-07-22 00:00:00+00:00, run_after=2025-07-23 00:00:00+00:00
[2025-07-22T04:24:17.705+0000] {processor.py:208} INFO - Processing /opt/airflow/dags/train_weather_pred.py took 3.346 seconds
[2025-07-22T04:24:49.057+0000] {processor.py:186} INFO - Started process (PID=9526) to work on /opt/airflow/dags/train_weather_pred.py
[2025-07-22T04:24:49.058+0000] {processor.py:914} INFO - Processing file /opt/airflow/dags/train_weather_pred.py for tasks to queue
[2025-07-22T04:24:49.060+0000] {logging_mixin.py:190} INFO - [2025-07-22T04:24:49.060+0000] {dagbag.py:588} INFO - Filling up the DagBag from /opt/airflow/dags/train_weather_pred.py
[2025-07-22T04:24:52.597+0000] {processor.py:925} INFO - DAG(s) 'train_weather_pred' retrieved from /opt/airflow/dags/train_weather_pred.py
[2025-07-22T04:24:52.618+0000] {logging_mixin.py:190} INFO - [2025-07-22T04:24:52.617+0000] {dag.py:3239} INFO - Sync 1 DAGs
[2025-07-22T04:24:52.636+0000] {logging_mixin.py:190} INFO - [2025-07-22T04:24:52.636+0000] {dag.py:4180} INFO - Setting next_dagrun for train_weather_pred to 2025-07-22 00:00:00+00:00, run_after=2025-07-23 00:00:00+00:00
[2025-07-22T04:24:52.649+0000] {processor.py:208} INFO - Processing /opt/airflow/dags/train_weather_pred.py took 3.598 seconds
[2025-07-22T04:25:24.071+0000] {processor.py:186} INFO - Started process (PID=9625) to work on /opt/airflow/dags/train_weather_pred.py
[2025-07-22T04:25:24.072+0000] {processor.py:914} INFO - Processing file /opt/airflow/dags/train_weather_pred.py for tasks to queue
[2025-07-22T04:25:24.074+0000] {logging_mixin.py:190} INFO - [2025-07-22T04:25:24.074+0000] {dagbag.py:588} INFO - Filling up the DagBag from /opt/airflow/dags/train_weather_pred.py
[2025-07-22T04:25:27.803+0000] {processor.py:925} INFO - DAG(s) 'train_weather_pred' retrieved from /opt/airflow/dags/train_weather_pred.py
[2025-07-22T04:25:27.827+0000] {logging_mixin.py:190} INFO - [2025-07-22T04:25:27.826+0000] {dag.py:3239} INFO - Sync 1 DAGs
[2025-07-22T04:25:27.847+0000] {logging_mixin.py:190} INFO - [2025-07-22T04:25:27.847+0000] {dag.py:4180} INFO - Setting next_dagrun for train_weather_pred to 2025-07-22 00:00:00+00:00, run_after=2025-07-23 00:00:00+00:00
[2025-07-22T04:25:27.865+0000] {processor.py:208} INFO - Processing /opt/airflow/dags/train_weather_pred.py took 3.799 seconds
[2025-07-22T04:25:59.159+0000] {processor.py:186} INFO - Started process (PID=9723) to work on /opt/airflow/dags/train_weather_pred.py
[2025-07-22T04:25:59.160+0000] {processor.py:914} INFO - Processing file /opt/airflow/dags/train_weather_pred.py for tasks to queue
[2025-07-22T04:25:59.163+0000] {logging_mixin.py:190} INFO - [2025-07-22T04:25:59.163+0000] {dagbag.py:588} INFO - Filling up the DagBag from /opt/airflow/dags/train_weather_pred.py
[2025-07-22T04:26:02.776+0000] {processor.py:925} INFO - DAG(s) 'train_weather_pred' retrieved from /opt/airflow/dags/train_weather_pred.py
[2025-07-22T04:26:02.799+0000] {logging_mixin.py:190} INFO - [2025-07-22T04:26:02.798+0000] {dag.py:3239} INFO - Sync 1 DAGs
[2025-07-22T04:26:02.820+0000] {logging_mixin.py:190} INFO - [2025-07-22T04:26:02.819+0000] {dag.py:4180} INFO - Setting next_dagrun for train_weather_pred to 2025-07-22 00:00:00+00:00, run_after=2025-07-23 00:00:00+00:00
[2025-07-22T04:26:02.835+0000] {processor.py:208} INFO - Processing /opt/airflow/dags/train_weather_pred.py took 3.685 seconds
[2025-07-22T04:26:34.037+0000] {processor.py:186} INFO - Started process (PID=9821) to work on /opt/airflow/dags/train_weather_pred.py
[2025-07-22T04:26:34.038+0000] {processor.py:914} INFO - Processing file /opt/airflow/dags/train_weather_pred.py for tasks to queue
[2025-07-22T04:26:34.041+0000] {logging_mixin.py:190} INFO - [2025-07-22T04:26:34.041+0000] {dagbag.py:588} INFO - Filling up the DagBag from /opt/airflow/dags/train_weather_pred.py
[2025-07-22T04:26:37.632+0000] {processor.py:925} INFO - DAG(s) 'train_weather_pred' retrieved from /opt/airflow/dags/train_weather_pred.py
[2025-07-22T04:26:37.656+0000] {logging_mixin.py:190} INFO - [2025-07-22T04:26:37.655+0000] {dag.py:3239} INFO - Sync 1 DAGs
[2025-07-22T04:26:37.674+0000] {logging_mixin.py:190} INFO - [2025-07-22T04:26:37.674+0000] {dag.py:4180} INFO - Setting next_dagrun for train_weather_pred to 2025-07-22 00:00:00+00:00, run_after=2025-07-23 00:00:00+00:00
[2025-07-22T04:26:37.689+0000] {processor.py:208} INFO - Processing /opt/airflow/dags/train_weather_pred.py took 3.661 seconds
[2025-07-22T04:27:09.172+0000] {processor.py:186} INFO - Started process (PID=9919) to work on /opt/airflow/dags/train_weather_pred.py
[2025-07-22T04:27:09.173+0000] {processor.py:914} INFO - Processing file /opt/airflow/dags/train_weather_pred.py for tasks to queue
[2025-07-22T04:27:09.177+0000] {logging_mixin.py:190} INFO - [2025-07-22T04:27:09.177+0000] {dagbag.py:588} INFO - Filling up the DagBag from /opt/airflow/dags/train_weather_pred.py
[2025-07-22T04:27:12.887+0000] {processor.py:925} INFO - DAG(s) 'train_weather_pred' retrieved from /opt/airflow/dags/train_weather_pred.py
[2025-07-22T04:27:12.908+0000] {logging_mixin.py:190} INFO - [2025-07-22T04:27:12.908+0000] {dag.py:3239} INFO - Sync 1 DAGs
[2025-07-22T04:27:12.928+0000] {logging_mixin.py:190} INFO - [2025-07-22T04:27:12.928+0000] {dag.py:4180} INFO - Setting next_dagrun for train_weather_pred to 2025-07-22 00:00:00+00:00, run_after=2025-07-23 00:00:00+00:00
[2025-07-22T04:27:12.944+0000] {processor.py:208} INFO - Processing /opt/airflow/dags/train_weather_pred.py took 3.780 seconds
[2025-07-22T04:27:44.178+0000] {processor.py:186} INFO - Started process (PID=10023) to work on /opt/airflow/dags/train_weather_pred.py
[2025-07-22T04:27:44.179+0000] {processor.py:914} INFO - Processing file /opt/airflow/dags/train_weather_pred.py for tasks to queue
[2025-07-22T04:27:44.181+0000] {logging_mixin.py:190} INFO - [2025-07-22T04:27:44.181+0000] {dagbag.py:588} INFO - Filling up the DagBag from /opt/airflow/dags/train_weather_pred.py
[2025-07-22T04:27:47.500+0000] {processor.py:925} INFO - DAG(s) 'train_weather_pred' retrieved from /opt/airflow/dags/train_weather_pred.py
[2025-07-22T04:27:47.524+0000] {logging_mixin.py:190} INFO - [2025-07-22T04:27:47.523+0000] {dag.py:3239} INFO - Sync 1 DAGs
[2025-07-22T04:27:47.542+0000] {logging_mixin.py:190} INFO - [2025-07-22T04:27:47.542+0000] {dag.py:4180} INFO - Setting next_dagrun for train_weather_pred to 2025-07-22 00:00:00+00:00, run_after=2025-07-23 00:00:00+00:00
[2025-07-22T04:27:47.557+0000] {processor.py:208} INFO - Processing /opt/airflow/dags/train_weather_pred.py took 3.385 seconds
[2025-07-22T04:28:18.806+0000] {processor.py:186} INFO - Started process (PID=10121) to work on /opt/airflow/dags/train_weather_pred.py
[2025-07-22T04:28:18.807+0000] {processor.py:914} INFO - Processing file /opt/airflow/dags/train_weather_pred.py for tasks to queue
[2025-07-22T04:28:18.809+0000] {logging_mixin.py:190} INFO - [2025-07-22T04:28:18.809+0000] {dagbag.py:588} INFO - Filling up the DagBag from /opt/airflow/dags/train_weather_pred.py
[2025-07-22T04:28:22.159+0000] {processor.py:925} INFO - DAG(s) 'train_weather_pred' retrieved from /opt/airflow/dags/train_weather_pred.py
[2025-07-22T04:28:22.181+0000] {logging_mixin.py:190} INFO - [2025-07-22T04:28:22.180+0000] {dag.py:3239} INFO - Sync 1 DAGs
[2025-07-22T04:28:22.198+0000] {logging_mixin.py:190} INFO - [2025-07-22T04:28:22.198+0000] {dag.py:4180} INFO - Setting next_dagrun for train_weather_pred to 2025-07-22 00:00:00+00:00, run_after=2025-07-23 00:00:00+00:00
[2025-07-22T04:28:22.212+0000] {processor.py:208} INFO - Processing /opt/airflow/dags/train_weather_pred.py took 3.412 seconds
[2025-07-22T04:28:53.451+0000] {processor.py:186} INFO - Started process (PID=10219) to work on /opt/airflow/dags/train_weather_pred.py
[2025-07-22T04:28:53.452+0000] {processor.py:914} INFO - Processing file /opt/airflow/dags/train_weather_pred.py for tasks to queue
[2025-07-22T04:28:53.454+0000] {logging_mixin.py:190} INFO - [2025-07-22T04:28:53.454+0000] {dagbag.py:588} INFO - Filling up the DagBag from /opt/airflow/dags/train_weather_pred.py
[2025-07-22T04:28:56.847+0000] {processor.py:925} INFO - DAG(s) 'train_weather_pred' retrieved from /opt/airflow/dags/train_weather_pred.py
[2025-07-22T04:28:56.868+0000] {logging_mixin.py:190} INFO - [2025-07-22T04:28:56.868+0000] {dag.py:3239} INFO - Sync 1 DAGs
[2025-07-22T04:28:56.886+0000] {logging_mixin.py:190} INFO - [2025-07-22T04:28:56.886+0000] {dag.py:4180} INFO - Setting next_dagrun for train_weather_pred to 2025-07-22 00:00:00+00:00, run_after=2025-07-23 00:00:00+00:00
[2025-07-22T04:28:56.901+0000] {processor.py:208} INFO - Processing /opt/airflow/dags/train_weather_pred.py took 3.457 seconds
[2025-07-22T04:29:28.212+0000] {processor.py:186} INFO - Started process (PID=10317) to work on /opt/airflow/dags/train_weather_pred.py
[2025-07-22T04:29:28.213+0000] {processor.py:914} INFO - Processing file /opt/airflow/dags/train_weather_pred.py for tasks to queue
[2025-07-22T04:29:28.216+0000] {logging_mixin.py:190} INFO - [2025-07-22T04:29:28.215+0000] {dagbag.py:588} INFO - Filling up the DagBag from /opt/airflow/dags/train_weather_pred.py
[2025-07-22T04:29:31.597+0000] {processor.py:925} INFO - DAG(s) 'train_weather_pred' retrieved from /opt/airflow/dags/train_weather_pred.py
[2025-07-22T04:29:31.618+0000] {logging_mixin.py:190} INFO - [2025-07-22T04:29:31.618+0000] {dag.py:3239} INFO - Sync 1 DAGs
[2025-07-22T04:29:31.635+0000] {logging_mixin.py:190} INFO - [2025-07-22T04:29:31.635+0000] {dag.py:4180} INFO - Setting next_dagrun for train_weather_pred to 2025-07-22 00:00:00+00:00, run_after=2025-07-23 00:00:00+00:00
[2025-07-22T04:29:31.649+0000] {processor.py:208} INFO - Processing /opt/airflow/dags/train_weather_pred.py took 3.442 seconds
[2025-07-22T04:30:02.783+0000] {processor.py:186} INFO - Started process (PID=10415) to work on /opt/airflow/dags/train_weather_pred.py
[2025-07-22T04:30:02.784+0000] {processor.py:914} INFO - Processing file /opt/airflow/dags/train_weather_pred.py for tasks to queue
[2025-07-22T04:30:02.787+0000] {logging_mixin.py:190} INFO - [2025-07-22T04:30:02.786+0000] {dagbag.py:588} INFO - Filling up the DagBag from /opt/airflow/dags/train_weather_pred.py
[2025-07-22T04:30:06.137+0000] {processor.py:925} INFO - DAG(s) 'train_weather_pred' retrieved from /opt/airflow/dags/train_weather_pred.py
[2025-07-22T04:30:06.159+0000] {logging_mixin.py:190} INFO - [2025-07-22T04:30:06.158+0000] {dag.py:3239} INFO - Sync 1 DAGs
[2025-07-22T04:30:06.178+0000] {logging_mixin.py:190} INFO - [2025-07-22T04:30:06.178+0000] {dag.py:4180} INFO - Setting next_dagrun for train_weather_pred to 2025-07-22 00:00:00+00:00, run_after=2025-07-23 00:00:00+00:00
[2025-07-22T04:30:06.193+0000] {processor.py:208} INFO - Processing /opt/airflow/dags/train_weather_pred.py took 3.417 seconds
[2025-07-22T04:30:37.577+0000] {processor.py:186} INFO - Started process (PID=10513) to work on /opt/airflow/dags/train_weather_pred.py
[2025-07-22T04:30:37.578+0000] {processor.py:914} INFO - Processing file /opt/airflow/dags/train_weather_pred.py for tasks to queue
[2025-07-22T04:30:37.581+0000] {logging_mixin.py:190} INFO - [2025-07-22T04:30:37.581+0000] {dagbag.py:588} INFO - Filling up the DagBag from /opt/airflow/dags/train_weather_pred.py
[2025-07-22T04:30:41.126+0000] {processor.py:925} INFO - DAG(s) 'train_weather_pred' retrieved from /opt/airflow/dags/train_weather_pred.py
[2025-07-22T04:30:41.149+0000] {logging_mixin.py:190} INFO - [2025-07-22T04:30:41.148+0000] {dag.py:3239} INFO - Sync 1 DAGs
[2025-07-22T04:30:41.166+0000] {logging_mixin.py:190} INFO - [2025-07-22T04:30:41.166+0000] {dag.py:4180} INFO - Setting next_dagrun for train_weather_pred to 2025-07-22 00:00:00+00:00, run_after=2025-07-23 00:00:00+00:00
[2025-07-22T04:30:41.181+0000] {processor.py:208} INFO - Processing /opt/airflow/dags/train_weather_pred.py took 3.612 seconds
[2025-07-22T04:31:12.586+0000] {processor.py:186} INFO - Started process (PID=10617) to work on /opt/airflow/dags/train_weather_pred.py
[2025-07-22T04:31:12.587+0000] {processor.py:914} INFO - Processing file /opt/airflow/dags/train_weather_pred.py for tasks to queue
[2025-07-22T04:31:12.590+0000] {logging_mixin.py:190} INFO - [2025-07-22T04:31:12.590+0000] {dagbag.py:588} INFO - Filling up the DagBag from /opt/airflow/dags/train_weather_pred.py
[2025-07-22T04:31:15.944+0000] {processor.py:925} INFO - DAG(s) 'train_weather_pred' retrieved from /opt/airflow/dags/train_weather_pred.py
[2025-07-22T04:31:15.966+0000] {logging_mixin.py:190} INFO - [2025-07-22T04:31:15.964+0000] {dag.py:3239} INFO - Sync 1 DAGs
[2025-07-22T04:31:15.984+0000] {logging_mixin.py:190} INFO - [2025-07-22T04:31:15.983+0000] {dag.py:4180} INFO - Setting next_dagrun for train_weather_pred to 2025-07-22 00:00:00+00:00, run_after=2025-07-23 00:00:00+00:00
[2025-07-22T04:31:15.999+0000] {processor.py:208} INFO - Processing /opt/airflow/dags/train_weather_pred.py took 3.420 seconds
[2025-07-22T04:31:47.491+0000] {processor.py:186} INFO - Started process (PID=10715) to work on /opt/airflow/dags/train_weather_pred.py
[2025-07-22T04:31:47.492+0000] {processor.py:914} INFO - Processing file /opt/airflow/dags/train_weather_pred.py for tasks to queue
[2025-07-22T04:31:47.495+0000] {logging_mixin.py:190} INFO - [2025-07-22T04:31:47.495+0000] {dagbag.py:588} INFO - Filling up the DagBag from /opt/airflow/dags/train_weather_pred.py
[2025-07-22T04:31:51.016+0000] {processor.py:925} INFO - DAG(s) 'train_weather_pred' retrieved from /opt/airflow/dags/train_weather_pred.py
[2025-07-22T04:31:51.040+0000] {logging_mixin.py:190} INFO - [2025-07-22T04:31:51.040+0000] {dag.py:3239} INFO - Sync 1 DAGs
[2025-07-22T04:31:51.061+0000] {logging_mixin.py:190} INFO - [2025-07-22T04:31:51.061+0000] {dag.py:4180} INFO - Setting next_dagrun for train_weather_pred to 2025-07-22 00:00:00+00:00, run_after=2025-07-23 00:00:00+00:00
[2025-07-22T04:31:51.080+0000] {processor.py:208} INFO - Processing /opt/airflow/dags/train_weather_pred.py took 3.596 seconds
[2025-07-22T04:32:22.400+0000] {processor.py:186} INFO - Started process (PID=10813) to work on /opt/airflow/dags/train_weather_pred.py
[2025-07-22T04:32:22.401+0000] {processor.py:914} INFO - Processing file /opt/airflow/dags/train_weather_pred.py for tasks to queue
[2025-07-22T04:32:22.403+0000] {logging_mixin.py:190} INFO - [2025-07-22T04:32:22.403+0000] {dagbag.py:588} INFO - Filling up the DagBag from /opt/airflow/dags/train_weather_pred.py
[2025-07-22T04:32:25.684+0000] {processor.py:925} INFO - DAG(s) 'train_weather_pred' retrieved from /opt/airflow/dags/train_weather_pred.py
[2025-07-22T04:32:25.706+0000] {logging_mixin.py:190} INFO - [2025-07-22T04:32:25.705+0000] {dag.py:3239} INFO - Sync 1 DAGs
[2025-07-22T04:32:25.723+0000] {logging_mixin.py:190} INFO - [2025-07-22T04:32:25.723+0000] {dag.py:4180} INFO - Setting next_dagrun for train_weather_pred to 2025-07-22 00:00:00+00:00, run_after=2025-07-23 00:00:00+00:00
[2025-07-22T04:32:25.739+0000] {processor.py:208} INFO - Processing /opt/airflow/dags/train_weather_pred.py took 3.344 seconds
[2025-07-22T04:32:56.853+0000] {processor.py:186} INFO - Started process (PID=10911) to work on /opt/airflow/dags/train_weather_pred.py
[2025-07-22T04:32:56.855+0000] {processor.py:914} INFO - Processing file /opt/airflow/dags/train_weather_pred.py for tasks to queue
[2025-07-22T04:32:56.857+0000] {logging_mixin.py:190} INFO - [2025-07-22T04:32:56.857+0000] {dagbag.py:588} INFO - Filling up the DagBag from /opt/airflow/dags/train_weather_pred.py
[2025-07-22T04:33:00.188+0000] {processor.py:925} INFO - DAG(s) 'train_weather_pred' retrieved from /opt/airflow/dags/train_weather_pred.py
[2025-07-22T04:33:00.208+0000] {logging_mixin.py:190} INFO - [2025-07-22T04:33:00.207+0000] {dag.py:3239} INFO - Sync 1 DAGs
[2025-07-22T04:33:00.229+0000] {logging_mixin.py:190} INFO - [2025-07-22T04:33:00.228+0000] {dag.py:4180} INFO - Setting next_dagrun for train_weather_pred to 2025-07-22 00:00:00+00:00, run_after=2025-07-23 00:00:00+00:00
[2025-07-22T04:33:00.245+0000] {processor.py:208} INFO - Processing /opt/airflow/dags/train_weather_pred.py took 3.398 seconds
[2025-07-22T04:33:31.722+0000] {processor.py:186} INFO - Started process (PID=11009) to work on /opt/airflow/dags/train_weather_pred.py
[2025-07-22T04:33:31.723+0000] {processor.py:914} INFO - Processing file /opt/airflow/dags/train_weather_pred.py for tasks to queue
[2025-07-22T04:33:31.725+0000] {logging_mixin.py:190} INFO - [2025-07-22T04:33:31.725+0000] {dagbag.py:588} INFO - Filling up the DagBag from /opt/airflow/dags/train_weather_pred.py
[2025-07-22T04:33:35.151+0000] {processor.py:925} INFO - DAG(s) 'train_weather_pred' retrieved from /opt/airflow/dags/train_weather_pred.py
[2025-07-22T04:33:35.173+0000] {logging_mixin.py:190} INFO - [2025-07-22T04:33:35.173+0000] {dag.py:3239} INFO - Sync 1 DAGs
[2025-07-22T04:33:35.194+0000] {logging_mixin.py:190} INFO - [2025-07-22T04:33:35.194+0000] {dag.py:4180} INFO - Setting next_dagrun for train_weather_pred to 2025-07-22 00:00:00+00:00, run_after=2025-07-23 00:00:00+00:00
[2025-07-22T04:33:35.210+0000] {processor.py:208} INFO - Processing /opt/airflow/dags/train_weather_pred.py took 3.494 seconds
[2025-07-22T04:34:06.708+0000] {processor.py:186} INFO - Started process (PID=11107) to work on /opt/airflow/dags/train_weather_pred.py
[2025-07-22T04:34:06.710+0000] {processor.py:914} INFO - Processing file /opt/airflow/dags/train_weather_pred.py for tasks to queue
[2025-07-22T04:34:06.713+0000] {logging_mixin.py:190} INFO - [2025-07-22T04:34:06.713+0000] {dagbag.py:588} INFO - Filling up the DagBag from /opt/airflow/dags/train_weather_pred.py
[2025-07-22T04:34:10.151+0000] {processor.py:925} INFO - DAG(s) 'train_weather_pred' retrieved from /opt/airflow/dags/train_weather_pred.py
[2025-07-22T04:34:10.173+0000] {logging_mixin.py:190} INFO - [2025-07-22T04:34:10.172+0000] {dag.py:3239} INFO - Sync 1 DAGs
[2025-07-22T04:34:10.190+0000] {logging_mixin.py:190} INFO - [2025-07-22T04:34:10.190+0000] {dag.py:4180} INFO - Setting next_dagrun for train_weather_pred to 2025-07-22 00:00:00+00:00, run_after=2025-07-23 00:00:00+00:00
[2025-07-22T04:34:10.204+0000] {processor.py:208} INFO - Processing /opt/airflow/dags/train_weather_pred.py took 3.505 seconds
[2025-07-22T04:34:41.269+0000] {processor.py:186} INFO - Started process (PID=11205) to work on /opt/airflow/dags/train_weather_pred.py
[2025-07-22T04:34:41.270+0000] {processor.py:914} INFO - Processing file /opt/airflow/dags/train_weather_pred.py for tasks to queue
[2025-07-22T04:34:41.272+0000] {logging_mixin.py:190} INFO - [2025-07-22T04:34:41.272+0000] {dagbag.py:588} INFO - Filling up the DagBag from /opt/airflow/dags/train_weather_pred.py
[2025-07-22T04:34:44.706+0000] {processor.py:925} INFO - DAG(s) 'train_weather_pred' retrieved from /opt/airflow/dags/train_weather_pred.py
[2025-07-22T04:34:44.729+0000] {logging_mixin.py:190} INFO - [2025-07-22T04:34:44.728+0000] {dag.py:3239} INFO - Sync 1 DAGs
[2025-07-22T04:34:44.747+0000] {logging_mixin.py:190} INFO - [2025-07-22T04:34:44.746+0000] {dag.py:4180} INFO - Setting next_dagrun for train_weather_pred to 2025-07-22 00:00:00+00:00, run_after=2025-07-23 00:00:00+00:00
[2025-07-22T04:34:44.761+0000] {processor.py:208} INFO - Processing /opt/airflow/dags/train_weather_pred.py took 3.500 seconds
[2025-07-22T04:35:16.367+0000] {processor.py:186} INFO - Started process (PID=11309) to work on /opt/airflow/dags/train_weather_pred.py
[2025-07-22T04:35:16.368+0000] {processor.py:914} INFO - Processing file /opt/airflow/dags/train_weather_pred.py for tasks to queue
[2025-07-22T04:35:16.370+0000] {logging_mixin.py:190} INFO - [2025-07-22T04:35:16.370+0000] {dagbag.py:588} INFO - Filling up the DagBag from /opt/airflow/dags/train_weather_pred.py
[2025-07-22T04:35:19.778+0000] {processor.py:925} INFO - DAG(s) 'train_weather_pred' retrieved from /opt/airflow/dags/train_weather_pred.py
[2025-07-22T04:35:19.804+0000] {logging_mixin.py:190} INFO - [2025-07-22T04:35:19.803+0000] {dag.py:3239} INFO - Sync 1 DAGs
[2025-07-22T04:35:19.826+0000] {logging_mixin.py:190} INFO - [2025-07-22T04:35:19.825+0000] {dag.py:4180} INFO - Setting next_dagrun for train_weather_pred to 2025-07-22 00:00:00+00:00, run_after=2025-07-23 00:00:00+00:00
[2025-07-22T04:35:19.845+0000] {processor.py:208} INFO - Processing /opt/airflow/dags/train_weather_pred.py took 3.485 seconds
[2025-07-22T04:35:51.236+0000] {processor.py:186} INFO - Started process (PID=11407) to work on /opt/airflow/dags/train_weather_pred.py
[2025-07-22T04:35:51.237+0000] {processor.py:914} INFO - Processing file /opt/airflow/dags/train_weather_pred.py for tasks to queue
[2025-07-22T04:35:51.240+0000] {logging_mixin.py:190} INFO - [2025-07-22T04:35:51.239+0000] {dagbag.py:588} INFO - Filling up the DagBag from /opt/airflow/dags/train_weather_pred.py
[2025-07-22T04:35:54.874+0000] {processor.py:925} INFO - DAG(s) 'train_weather_pred' retrieved from /opt/airflow/dags/train_weather_pred.py
[2025-07-22T04:35:54.897+0000] {logging_mixin.py:190} INFO - [2025-07-22T04:35:54.896+0000] {dag.py:3239} INFO - Sync 1 DAGs
[2025-07-22T04:35:54.917+0000] {logging_mixin.py:190} INFO - [2025-07-22T04:35:54.917+0000] {dag.py:4180} INFO - Setting next_dagrun for train_weather_pred to 2025-07-22 00:00:00+00:00, run_after=2025-07-23 00:00:00+00:00
[2025-07-22T04:35:54.931+0000] {processor.py:208} INFO - Processing /opt/airflow/dags/train_weather_pred.py took 3.700 seconds
[2025-07-22T04:36:26.032+0000] {processor.py:186} INFO - Started process (PID=11505) to work on /opt/airflow/dags/train_weather_pred.py
[2025-07-22T04:36:26.033+0000] {processor.py:914} INFO - Processing file /opt/airflow/dags/train_weather_pred.py for tasks to queue
[2025-07-22T04:36:26.036+0000] {logging_mixin.py:190} INFO - [2025-07-22T04:36:26.035+0000] {dagbag.py:588} INFO - Filling up the DagBag from /opt/airflow/dags/train_weather_pred.py
[2025-07-22T04:36:29.544+0000] {processor.py:925} INFO - DAG(s) 'train_weather_pred' retrieved from /opt/airflow/dags/train_weather_pred.py
[2025-07-22T04:36:29.570+0000] {logging_mixin.py:190} INFO - [2025-07-22T04:36:29.569+0000] {dag.py:3239} INFO - Sync 1 DAGs
[2025-07-22T04:36:29.590+0000] {logging_mixin.py:190} INFO - [2025-07-22T04:36:29.589+0000] {dag.py:4180} INFO - Setting next_dagrun for train_weather_pred to 2025-07-22 00:00:00+00:00, run_after=2025-07-23 00:00:00+00:00
[2025-07-22T04:36:29.608+0000] {processor.py:208} INFO - Processing /opt/airflow/dags/train_weather_pred.py took 3.582 seconds
[2025-07-22T04:37:01.374+0000] {processor.py:186} INFO - Started process (PID=11603) to work on /opt/airflow/dags/train_weather_pred.py
[2025-07-22T04:37:01.375+0000] {processor.py:914} INFO - Processing file /opt/airflow/dags/train_weather_pred.py for tasks to queue
[2025-07-22T04:37:01.377+0000] {logging_mixin.py:190} INFO - [2025-07-22T04:37:01.377+0000] {dagbag.py:588} INFO - Filling up the DagBag from /opt/airflow/dags/train_weather_pred.py
[2025-07-22T04:37:04.821+0000] {processor.py:925} INFO - DAG(s) 'train_weather_pred' retrieved from /opt/airflow/dags/train_weather_pred.py
[2025-07-22T04:37:04.845+0000] {logging_mixin.py:190} INFO - [2025-07-22T04:37:04.844+0000] {dag.py:3239} INFO - Sync 1 DAGs
[2025-07-22T04:37:04.865+0000] {logging_mixin.py:190} INFO - [2025-07-22T04:37:04.865+0000] {dag.py:4180} INFO - Setting next_dagrun for train_weather_pred to 2025-07-22 00:00:00+00:00, run_after=2025-07-23 00:00:00+00:00
[2025-07-22T04:37:04.882+0000] {processor.py:208} INFO - Processing /opt/airflow/dags/train_weather_pred.py took 3.514 seconds
[2025-07-22T04:37:36.236+0000] {processor.py:186} INFO - Started process (PID=11701) to work on /opt/airflow/dags/train_weather_pred.py
[2025-07-22T04:37:36.237+0000] {processor.py:914} INFO - Processing file /opt/airflow/dags/train_weather_pred.py for tasks to queue
[2025-07-22T04:37:36.240+0000] {logging_mixin.py:190} INFO - [2025-07-22T04:37:36.239+0000] {dagbag.py:588} INFO - Filling up the DagBag from /opt/airflow/dags/train_weather_pred.py
[2025-07-22T04:37:39.759+0000] {processor.py:925} INFO - DAG(s) 'train_weather_pred' retrieved from /opt/airflow/dags/train_weather_pred.py
[2025-07-22T04:37:39.784+0000] {logging_mixin.py:190} INFO - [2025-07-22T04:37:39.784+0000] {dag.py:3239} INFO - Sync 1 DAGs
[2025-07-22T04:37:39.803+0000] {logging_mixin.py:190} INFO - [2025-07-22T04:37:39.803+0000] {dag.py:4180} INFO - Setting next_dagrun for train_weather_pred to 2025-07-22 00:00:00+00:00, run_after=2025-07-23 00:00:00+00:00
[2025-07-22T04:37:39.822+0000] {processor.py:208} INFO - Processing /opt/airflow/dags/train_weather_pred.py took 3.592 seconds
[2025-07-22T04:38:11.034+0000] {processor.py:186} INFO - Started process (PID=11799) to work on /opt/airflow/dags/train_weather_pred.py
[2025-07-22T04:38:11.035+0000] {processor.py:914} INFO - Processing file /opt/airflow/dags/train_weather_pred.py for tasks to queue
[2025-07-22T04:38:11.038+0000] {logging_mixin.py:190} INFO - [2025-07-22T04:38:11.037+0000] {dagbag.py:588} INFO - Filling up the DagBag from /opt/airflow/dags/train_weather_pred.py
[2025-07-22T04:38:14.374+0000] {processor.py:925} INFO - DAG(s) 'train_weather_pred' retrieved from /opt/airflow/dags/train_weather_pred.py
[2025-07-22T04:38:14.395+0000] {logging_mixin.py:190} INFO - [2025-07-22T04:38:14.395+0000] {dag.py:3239} INFO - Sync 1 DAGs
[2025-07-22T04:38:14.413+0000] {logging_mixin.py:190} INFO - [2025-07-22T04:38:14.412+0000] {dag.py:4180} INFO - Setting next_dagrun for train_weather_pred to 2025-07-22 00:00:00+00:00, run_after=2025-07-23 00:00:00+00:00
[2025-07-22T04:38:14.428+0000] {processor.py:208} INFO - Processing /opt/airflow/dags/train_weather_pred.py took 3.401 seconds
[2025-07-22T04:38:46.334+0000] {processor.py:186} INFO - Started process (PID=11903) to work on /opt/airflow/dags/train_weather_pred.py
[2025-07-22T04:38:46.336+0000] {processor.py:914} INFO - Processing file /opt/airflow/dags/train_weather_pred.py for tasks to queue
[2025-07-22T04:38:46.338+0000] {logging_mixin.py:190} INFO - [2025-07-22T04:38:46.337+0000] {dagbag.py:588} INFO - Filling up the DagBag from /opt/airflow/dags/train_weather_pred.py
[2025-07-22T04:38:49.862+0000] {processor.py:925} INFO - DAG(s) 'train_weather_pred' retrieved from /opt/airflow/dags/train_weather_pred.py
[2025-07-22T04:38:49.887+0000] {logging_mixin.py:190} INFO - [2025-07-22T04:38:49.886+0000] {dag.py:3239} INFO - Sync 1 DAGs
[2025-07-22T04:38:49.909+0000] {logging_mixin.py:190} INFO - [2025-07-22T04:38:49.909+0000] {dag.py:4180} INFO - Setting next_dagrun for train_weather_pred to 2025-07-22 00:00:00+00:00, run_after=2025-07-23 00:00:00+00:00
[2025-07-22T04:38:49.932+0000] {processor.py:208} INFO - Processing /opt/airflow/dags/train_weather_pred.py took 3.603 seconds
[2025-07-22T04:39:21.020+0000] {processor.py:186} INFO - Started process (PID=12001) to work on /opt/airflow/dags/train_weather_pred.py
[2025-07-22T04:39:21.021+0000] {processor.py:914} INFO - Processing file /opt/airflow/dags/train_weather_pred.py for tasks to queue
[2025-07-22T04:39:21.024+0000] {logging_mixin.py:190} INFO - [2025-07-22T04:39:21.023+0000] {dagbag.py:588} INFO - Filling up the DagBag from /opt/airflow/dags/train_weather_pred.py
[2025-07-22T04:39:24.300+0000] {processor.py:925} INFO - DAG(s) 'train_weather_pred' retrieved from /opt/airflow/dags/train_weather_pred.py
[2025-07-22T04:39:24.322+0000] {logging_mixin.py:190} INFO - [2025-07-22T04:39:24.322+0000] {dag.py:3239} INFO - Sync 1 DAGs
[2025-07-22T04:39:24.340+0000] {logging_mixin.py:190} INFO - [2025-07-22T04:39:24.340+0000] {dag.py:4180} INFO - Setting next_dagrun for train_weather_pred to 2025-07-22 00:00:00+00:00, run_after=2025-07-23 00:00:00+00:00
[2025-07-22T04:39:24.354+0000] {processor.py:208} INFO - Processing /opt/airflow/dags/train_weather_pred.py took 3.339 seconds
[2025-07-22T04:39:55.439+0000] {processor.py:186} INFO - Started process (PID=12099) to work on /opt/airflow/dags/train_weather_pred.py
[2025-07-22T04:39:55.441+0000] {processor.py:914} INFO - Processing file /opt/airflow/dags/train_weather_pred.py for tasks to queue
[2025-07-22T04:39:55.444+0000] {logging_mixin.py:190} INFO - [2025-07-22T04:39:55.443+0000] {dagbag.py:588} INFO - Filling up the DagBag from /opt/airflow/dags/train_weather_pred.py
[2025-07-22T04:39:58.820+0000] {processor.py:925} INFO - DAG(s) 'train_weather_pred' retrieved from /opt/airflow/dags/train_weather_pred.py
[2025-07-22T04:39:58.842+0000] {logging_mixin.py:190} INFO - [2025-07-22T04:39:58.841+0000] {dag.py:3239} INFO - Sync 1 DAGs
[2025-07-22T04:39:58.860+0000] {logging_mixin.py:190} INFO - [2025-07-22T04:39:58.860+0000] {dag.py:4180} INFO - Setting next_dagrun for train_weather_pred to 2025-07-22 00:00:00+00:00, run_after=2025-07-23 00:00:00+00:00
[2025-07-22T04:39:58.878+0000] {processor.py:208} INFO - Processing /opt/airflow/dags/train_weather_pred.py took 3.445 seconds
[2025-07-22T04:40:30.839+0000] {processor.py:186} INFO - Started process (PID=12197) to work on /opt/airflow/dags/train_weather_pred.py
[2025-07-22T04:40:30.840+0000] {processor.py:914} INFO - Processing file /opt/airflow/dags/train_weather_pred.py for tasks to queue
[2025-07-22T04:40:30.843+0000] {logging_mixin.py:190} INFO - [2025-07-22T04:40:30.842+0000] {dagbag.py:588} INFO - Filling up the DagBag from /opt/airflow/dags/train_weather_pred.py
[2025-07-22T04:40:34.157+0000] {processor.py:925} INFO - DAG(s) 'train_weather_pred' retrieved from /opt/airflow/dags/train_weather_pred.py
[2025-07-22T04:40:34.178+0000] {logging_mixin.py:190} INFO - [2025-07-22T04:40:34.177+0000] {dag.py:3239} INFO - Sync 1 DAGs
[2025-07-22T04:40:34.195+0000] {logging_mixin.py:190} INFO - [2025-07-22T04:40:34.195+0000] {dag.py:4180} INFO - Setting next_dagrun for train_weather_pred to 2025-07-22 00:00:00+00:00, run_after=2025-07-23 00:00:00+00:00
[2025-07-22T04:40:34.211+0000] {processor.py:208} INFO - Processing /opt/airflow/dags/train_weather_pred.py took 3.378 seconds
[2025-07-22T04:41:05.302+0000] {processor.py:186} INFO - Started process (PID=12295) to work on /opt/airflow/dags/train_weather_pred.py
[2025-07-22T04:41:05.303+0000] {processor.py:914} INFO - Processing file /opt/airflow/dags/train_weather_pred.py for tasks to queue
[2025-07-22T04:41:05.305+0000] {logging_mixin.py:190} INFO - [2025-07-22T04:41:05.305+0000] {dagbag.py:588} INFO - Filling up the DagBag from /opt/airflow/dags/train_weather_pred.py
[2025-07-22T04:41:08.686+0000] {processor.py:925} INFO - DAG(s) 'train_weather_pred' retrieved from /opt/airflow/dags/train_weather_pred.py
[2025-07-22T04:41:08.707+0000] {logging_mixin.py:190} INFO - [2025-07-22T04:41:08.706+0000] {dag.py:3239} INFO - Sync 1 DAGs
[2025-07-22T04:41:08.725+0000] {logging_mixin.py:190} INFO - [2025-07-22T04:41:08.725+0000] {dag.py:4180} INFO - Setting next_dagrun for train_weather_pred to 2025-07-22 00:00:00+00:00, run_after=2025-07-23 00:00:00+00:00
[2025-07-22T04:41:08.740+0000] {processor.py:208} INFO - Processing /opt/airflow/dags/train_weather_pred.py took 3.444 seconds
[2025-07-22T04:41:40.636+0000] {processor.py:186} INFO - Started process (PID=12393) to work on /opt/airflow/dags/train_weather_pred.py
[2025-07-22T04:41:40.638+0000] {processor.py:914} INFO - Processing file /opt/airflow/dags/train_weather_pred.py for tasks to queue
[2025-07-22T04:41:40.641+0000] {logging_mixin.py:190} INFO - [2025-07-22T04:41:40.640+0000] {dagbag.py:588} INFO - Filling up the DagBag from /opt/airflow/dags/train_weather_pred.py
[2025-07-22T04:41:43.924+0000] {processor.py:925} INFO - DAG(s) 'train_weather_pred' retrieved from /opt/airflow/dags/train_weather_pred.py
[2025-07-22T04:41:43.943+0000] {logging_mixin.py:190} INFO - [2025-07-22T04:41:43.943+0000] {dag.py:3239} INFO - Sync 1 DAGs
[2025-07-22T04:41:43.961+0000] {logging_mixin.py:190} INFO - [2025-07-22T04:41:43.961+0000] {dag.py:4180} INFO - Setting next_dagrun for train_weather_pred to 2025-07-22 00:00:00+00:00, run_after=2025-07-23 00:00:00+00:00
[2025-07-22T04:41:43.975+0000] {processor.py:208} INFO - Processing /opt/airflow/dags/train_weather_pred.py took 3.349 seconds
[2025-07-22T04:42:15.894+0000] {processor.py:186} INFO - Started process (PID=12497) to work on /opt/airflow/dags/train_weather_pred.py
[2025-07-22T04:42:15.895+0000] {processor.py:914} INFO - Processing file /opt/airflow/dags/train_weather_pred.py for tasks to queue
[2025-07-22T04:42:15.897+0000] {logging_mixin.py:190} INFO - [2025-07-22T04:42:15.897+0000] {dagbag.py:588} INFO - Filling up the DagBag from /opt/airflow/dags/train_weather_pred.py
[2025-07-22T04:42:19.343+0000] {processor.py:925} INFO - DAG(s) 'train_weather_pred' retrieved from /opt/airflow/dags/train_weather_pred.py
[2025-07-22T04:42:19.367+0000] {logging_mixin.py:190} INFO - [2025-07-22T04:42:19.366+0000] {dag.py:3239} INFO - Sync 1 DAGs
[2025-07-22T04:42:19.391+0000] {logging_mixin.py:190} INFO - [2025-07-22T04:42:19.390+0000] {dag.py:4180} INFO - Setting next_dagrun for train_weather_pred to 2025-07-22 00:00:00+00:00, run_after=2025-07-23 00:00:00+00:00
[2025-07-22T04:42:19.411+0000] {processor.py:208} INFO - Processing /opt/airflow/dags/train_weather_pred.py took 3.523 seconds
[2025-07-22T04:42:51.265+0000] {processor.py:186} INFO - Started process (PID=12595) to work on /opt/airflow/dags/train_weather_pred.py
[2025-07-22T04:42:51.266+0000] {processor.py:914} INFO - Processing file /opt/airflow/dags/train_weather_pred.py for tasks to queue
[2025-07-22T04:42:51.268+0000] {logging_mixin.py:190} INFO - [2025-07-22T04:42:51.268+0000] {dagbag.py:588} INFO - Filling up the DagBag from /opt/airflow/dags/train_weather_pred.py
[2025-07-22T04:42:54.741+0000] {processor.py:925} INFO - DAG(s) 'train_weather_pred' retrieved from /opt/airflow/dags/train_weather_pred.py
[2025-07-22T04:42:54.765+0000] {logging_mixin.py:190} INFO - [2025-07-22T04:42:54.765+0000] {dag.py:3239} INFO - Sync 1 DAGs
[2025-07-22T04:42:54.783+0000] {logging_mixin.py:190} INFO - [2025-07-22T04:42:54.783+0000] {dag.py:4180} INFO - Setting next_dagrun for train_weather_pred to 2025-07-22 00:00:00+00:00, run_after=2025-07-23 00:00:00+00:00
[2025-07-22T04:42:54.797+0000] {processor.py:208} INFO - Processing /opt/airflow/dags/train_weather_pred.py took 3.539 seconds
[2025-07-22T04:43:26.697+0000] {processor.py:186} INFO - Started process (PID=12693) to work on /opt/airflow/dags/train_weather_pred.py
[2025-07-22T04:43:26.698+0000] {processor.py:914} INFO - Processing file /opt/airflow/dags/train_weather_pred.py for tasks to queue
[2025-07-22T04:43:26.700+0000] {logging_mixin.py:190} INFO - [2025-07-22T04:43:26.700+0000] {dagbag.py:588} INFO - Filling up the DagBag from /opt/airflow/dags/train_weather_pred.py
[2025-07-22T04:43:30.086+0000] {processor.py:925} INFO - DAG(s) 'train_weather_pred' retrieved from /opt/airflow/dags/train_weather_pred.py
[2025-07-22T04:43:30.108+0000] {logging_mixin.py:190} INFO - [2025-07-22T04:43:30.108+0000] {dag.py:3239} INFO - Sync 1 DAGs
[2025-07-22T04:43:30.125+0000] {logging_mixin.py:190} INFO - [2025-07-22T04:43:30.125+0000] {dag.py:4180} INFO - Setting next_dagrun for train_weather_pred to 2025-07-22 00:00:00+00:00, run_after=2025-07-23 00:00:00+00:00
[2025-07-22T04:43:30.140+0000] {processor.py:208} INFO - Processing /opt/airflow/dags/train_weather_pred.py took 3.449 seconds
[2025-07-22T04:44:01.194+0000] {processor.py:186} INFO - Started process (PID=12791) to work on /opt/airflow/dags/train_weather_pred.py
[2025-07-22T04:44:01.195+0000] {processor.py:914} INFO - Processing file /opt/airflow/dags/train_weather_pred.py for tasks to queue
[2025-07-22T04:44:01.197+0000] {logging_mixin.py:190} INFO - [2025-07-22T04:44:01.197+0000] {dagbag.py:588} INFO - Filling up the DagBag from /opt/airflow/dags/train_weather_pred.py
[2025-07-22T04:44:04.596+0000] {processor.py:925} INFO - DAG(s) 'train_weather_pred' retrieved from /opt/airflow/dags/train_weather_pred.py
[2025-07-22T04:44:04.618+0000] {logging_mixin.py:190} INFO - [2025-07-22T04:44:04.618+0000] {dag.py:3239} INFO - Sync 1 DAGs
[2025-07-22T04:44:04.636+0000] {logging_mixin.py:190} INFO - [2025-07-22T04:44:04.636+0000] {dag.py:4180} INFO - Setting next_dagrun for train_weather_pred to 2025-07-22 00:00:00+00:00, run_after=2025-07-23 00:00:00+00:00
[2025-07-22T04:44:04.652+0000] {processor.py:208} INFO - Processing /opt/airflow/dags/train_weather_pred.py took 3.463 seconds
[2025-07-22T04:44:36.659+0000] {processor.py:186} INFO - Started process (PID=12889) to work on /opt/airflow/dags/train_weather_pred.py
[2025-07-22T04:44:36.661+0000] {processor.py:914} INFO - Processing file /opt/airflow/dags/train_weather_pred.py for tasks to queue
[2025-07-22T04:44:36.663+0000] {logging_mixin.py:190} INFO - [2025-07-22T04:44:36.663+0000] {dagbag.py:588} INFO - Filling up the DagBag from /opt/airflow/dags/train_weather_pred.py
[2025-07-22T04:44:40.483+0000] {processor.py:925} INFO - DAG(s) 'train_weather_pred' retrieved from /opt/airflow/dags/train_weather_pred.py
[2025-07-22T04:44:40.508+0000] {logging_mixin.py:190} INFO - [2025-07-22T04:44:40.507+0000] {dag.py:3239} INFO - Sync 1 DAGs
[2025-07-22T04:44:40.527+0000] {logging_mixin.py:190} INFO - [2025-07-22T04:44:40.527+0000] {dag.py:4180} INFO - Setting next_dagrun for train_weather_pred to 2025-07-22 00:00:00+00:00, run_after=2025-07-23 00:00:00+00:00
[2025-07-22T04:44:40.544+0000] {processor.py:208} INFO - Processing /opt/airflow/dags/train_weather_pred.py took 3.892 seconds
[2025-07-22T04:45:12.170+0000] {processor.py:186} INFO - Started process (PID=12987) to work on /opt/airflow/dags/train_weather_pred.py
[2025-07-22T04:45:12.171+0000] {processor.py:914} INFO - Processing file /opt/airflow/dags/train_weather_pred.py for tasks to queue
[2025-07-22T04:45:12.174+0000] {logging_mixin.py:190} INFO - [2025-07-22T04:45:12.173+0000] {dagbag.py:588} INFO - Filling up the DagBag from /opt/airflow/dags/train_weather_pred.py
[2025-07-22T04:45:15.478+0000] {processor.py:925} INFO - DAG(s) 'train_weather_pred' retrieved from /opt/airflow/dags/train_weather_pred.py
[2025-07-22T04:45:15.498+0000] {logging_mixin.py:190} INFO - [2025-07-22T04:45:15.498+0000] {dag.py:3239} INFO - Sync 1 DAGs
[2025-07-22T04:45:15.515+0000] {logging_mixin.py:190} INFO - [2025-07-22T04:45:15.515+0000] {dag.py:4180} INFO - Setting next_dagrun for train_weather_pred to 2025-07-22 00:00:00+00:00, run_after=2025-07-23 00:00:00+00:00
[2025-07-22T04:45:15.529+0000] {processor.py:208} INFO - Processing /opt/airflow/dags/train_weather_pred.py took 3.367 seconds
[2025-07-22T04:45:46.911+0000] {processor.py:186} INFO - Started process (PID=13091) to work on /opt/airflow/dags/train_weather_pred.py
[2025-07-22T04:45:46.912+0000] {processor.py:914} INFO - Processing file /opt/airflow/dags/train_weather_pred.py for tasks to queue
[2025-07-22T04:45:46.917+0000] {logging_mixin.py:190} INFO - [2025-07-22T04:45:46.916+0000] {dagbag.py:588} INFO - Filling up the DagBag from /opt/airflow/dags/train_weather_pred.py
[2025-07-22T04:45:50.565+0000] {processor.py:925} INFO - DAG(s) 'train_weather_pred' retrieved from /opt/airflow/dags/train_weather_pred.py
[2025-07-22T04:45:50.589+0000] {logging_mixin.py:190} INFO - [2025-07-22T04:45:50.588+0000] {dag.py:3239} INFO - Sync 1 DAGs
[2025-07-22T04:45:50.608+0000] {logging_mixin.py:190} INFO - [2025-07-22T04:45:50.607+0000] {dag.py:4180} INFO - Setting next_dagrun for train_weather_pred to 2025-07-22 00:00:00+00:00, run_after=2025-07-23 00:00:00+00:00
[2025-07-22T04:45:50.624+0000] {processor.py:208} INFO - Processing /opt/airflow/dags/train_weather_pred.py took 3.722 seconds
[2025-07-22T04:46:22.866+0000] {processor.py:186} INFO - Started process (PID=13189) to work on /opt/airflow/dags/train_weather_pred.py
[2025-07-22T04:46:22.867+0000] {processor.py:914} INFO - Processing file /opt/airflow/dags/train_weather_pred.py for tasks to queue
[2025-07-22T04:46:22.869+0000] {logging_mixin.py:190} INFO - [2025-07-22T04:46:22.869+0000] {dagbag.py:588} INFO - Filling up the DagBag from /opt/airflow/dags/train_weather_pred.py
[2025-07-22T04:46:26.172+0000] {processor.py:925} INFO - DAG(s) 'train_weather_pred' retrieved from /opt/airflow/dags/train_weather_pred.py
[2025-07-22T04:46:26.194+0000] {logging_mixin.py:190} INFO - [2025-07-22T04:46:26.194+0000] {dag.py:3239} INFO - Sync 1 DAGs
[2025-07-22T04:46:26.211+0000] {logging_mixin.py:190} INFO - [2025-07-22T04:46:26.211+0000] {dag.py:4180} INFO - Setting next_dagrun for train_weather_pred to 2025-07-22 00:00:00+00:00, run_after=2025-07-23 00:00:00+00:00
[2025-07-22T04:46:26.226+0000] {processor.py:208} INFO - Processing /opt/airflow/dags/train_weather_pred.py took 3.366 seconds
[2025-07-22T04:46:58.136+0000] {processor.py:186} INFO - Started process (PID=13287) to work on /opt/airflow/dags/train_weather_pred.py
[2025-07-22T04:46:58.137+0000] {processor.py:914} INFO - Processing file /opt/airflow/dags/train_weather_pred.py for tasks to queue
[2025-07-22T04:46:58.139+0000] {logging_mixin.py:190} INFO - [2025-07-22T04:46:58.139+0000] {dagbag.py:588} INFO - Filling up the DagBag from /opt/airflow/dags/train_weather_pred.py
[2025-07-22T04:47:01.472+0000] {processor.py:925} INFO - DAG(s) 'train_weather_pred' retrieved from /opt/airflow/dags/train_weather_pred.py
[2025-07-22T04:47:01.494+0000] {logging_mixin.py:190} INFO - [2025-07-22T04:47:01.494+0000] {dag.py:3239} INFO - Sync 1 DAGs
[2025-07-22T04:47:01.512+0000] {logging_mixin.py:190} INFO - [2025-07-22T04:47:01.512+0000] {dag.py:4180} INFO - Setting next_dagrun for train_weather_pred to 2025-07-22 00:00:00+00:00, run_after=2025-07-23 00:00:00+00:00
[2025-07-22T04:47:01.527+0000] {processor.py:208} INFO - Processing /opt/airflow/dags/train_weather_pred.py took 3.397 seconds
[2025-07-22T04:47:33.439+0000] {processor.py:186} INFO - Started process (PID=13385) to work on /opt/airflow/dags/train_weather_pred.py
[2025-07-22T04:47:33.440+0000] {processor.py:914} INFO - Processing file /opt/airflow/dags/train_weather_pred.py for tasks to queue
[2025-07-22T04:47:33.442+0000] {logging_mixin.py:190} INFO - [2025-07-22T04:47:33.442+0000] {dagbag.py:588} INFO - Filling up the DagBag from /opt/airflow/dags/train_weather_pred.py
[2025-07-22T04:47:36.725+0000] {processor.py:925} INFO - DAG(s) 'train_weather_pred' retrieved from /opt/airflow/dags/train_weather_pred.py
[2025-07-22T04:47:36.746+0000] {logging_mixin.py:190} INFO - [2025-07-22T04:47:36.745+0000] {dag.py:3239} INFO - Sync 1 DAGs
[2025-07-22T04:47:36.760+0000] {logging_mixin.py:190} INFO - [2025-07-22T04:47:36.760+0000] {dag.py:4180} INFO - Setting next_dagrun for train_weather_pred to 2025-07-22 00:00:00+00:00, run_after=2025-07-23 00:00:00+00:00
[2025-07-22T04:47:36.773+0000] {processor.py:208} INFO - Processing /opt/airflow/dags/train_weather_pred.py took 3.340 seconds
[2025-07-22T04:48:08.644+0000] {processor.py:186} INFO - Started process (PID=13483) to work on /opt/airflow/dags/train_weather_pred.py
[2025-07-22T04:48:08.645+0000] {processor.py:914} INFO - Processing file /opt/airflow/dags/train_weather_pred.py for tasks to queue
[2025-07-22T04:48:08.647+0000] {logging_mixin.py:190} INFO - [2025-07-22T04:48:08.647+0000] {dagbag.py:588} INFO - Filling up the DagBag from /opt/airflow/dags/train_weather_pred.py
[2025-07-22T04:48:12.017+0000] {processor.py:925} INFO - DAG(s) 'train_weather_pred' retrieved from /opt/airflow/dags/train_weather_pred.py
[2025-07-22T04:48:12.040+0000] {logging_mixin.py:190} INFO - [2025-07-22T04:48:12.040+0000] {dag.py:3239} INFO - Sync 1 DAGs
[2025-07-22T04:48:12.060+0000] {logging_mixin.py:190} INFO - [2025-07-22T04:48:12.059+0000] {dag.py:4180} INFO - Setting next_dagrun for train_weather_pred to 2025-07-22 00:00:00+00:00, run_after=2025-07-23 00:00:00+00:00
[2025-07-22T04:48:12.077+0000] {processor.py:208} INFO - Processing /opt/airflow/dags/train_weather_pred.py took 3.439 seconds
[2025-07-22T04:48:43.744+0000] {processor.py:186} INFO - Started process (PID=13581) to work on /opt/airflow/dags/train_weather_pred.py
[2025-07-22T04:48:43.746+0000] {processor.py:914} INFO - Processing file /opt/airflow/dags/train_weather_pred.py for tasks to queue
[2025-07-22T04:48:43.749+0000] {logging_mixin.py:190} INFO - [2025-07-22T04:48:43.748+0000] {dagbag.py:588} INFO - Filling up the DagBag from /opt/airflow/dags/train_weather_pred.py
[2025-07-22T04:48:47.069+0000] {processor.py:925} INFO - DAG(s) 'train_weather_pred' retrieved from /opt/airflow/dags/train_weather_pred.py
[2025-07-22T04:48:47.089+0000] {logging_mixin.py:190} INFO - [2025-07-22T04:48:47.089+0000] {dag.py:3239} INFO - Sync 1 DAGs
[2025-07-22T04:48:47.108+0000] {logging_mixin.py:190} INFO - [2025-07-22T04:48:47.108+0000] {dag.py:4180} INFO - Setting next_dagrun for train_weather_pred to 2025-07-22 00:00:00+00:00, run_after=2025-07-23 00:00:00+00:00
[2025-07-22T04:48:47.124+0000] {processor.py:208} INFO - Processing /opt/airflow/dags/train_weather_pred.py took 3.388 seconds
[2025-07-22T04:49:19.070+0000] {processor.py:186} INFO - Started process (PID=13685) to work on /opt/airflow/dags/train_weather_pred.py
[2025-07-22T04:49:19.071+0000] {processor.py:914} INFO - Processing file /opt/airflow/dags/train_weather_pred.py for tasks to queue
[2025-07-22T04:49:19.074+0000] {logging_mixin.py:190} INFO - [2025-07-22T04:49:19.074+0000] {dagbag.py:588} INFO - Filling up the DagBag from /opt/airflow/dags/train_weather_pred.py
[2025-07-22T04:49:22.533+0000] {processor.py:925} INFO - DAG(s) 'train_weather_pred' retrieved from /opt/airflow/dags/train_weather_pred.py
[2025-07-22T04:49:22.556+0000] {logging_mixin.py:190} INFO - [2025-07-22T04:49:22.555+0000] {dag.py:3239} INFO - Sync 1 DAGs
[2025-07-22T04:49:22.575+0000] {logging_mixin.py:190} INFO - [2025-07-22T04:49:22.575+0000] {dag.py:4180} INFO - Setting next_dagrun for train_weather_pred to 2025-07-22 00:00:00+00:00, run_after=2025-07-23 00:00:00+00:00
[2025-07-22T04:49:22.592+0000] {processor.py:208} INFO - Processing /opt/airflow/dags/train_weather_pred.py took 3.529 seconds
[2025-07-22T04:49:53.677+0000] {processor.py:186} INFO - Started process (PID=13783) to work on /opt/airflow/dags/train_weather_pred.py
[2025-07-22T04:49:53.678+0000] {processor.py:914} INFO - Processing file /opt/airflow/dags/train_weather_pred.py for tasks to queue
[2025-07-22T04:49:53.681+0000] {logging_mixin.py:190} INFO - [2025-07-22T04:49:53.680+0000] {dagbag.py:588} INFO - Filling up the DagBag from /opt/airflow/dags/train_weather_pred.py
[2025-07-22T04:49:57.132+0000] {processor.py:925} INFO - DAG(s) 'train_weather_pred' retrieved from /opt/airflow/dags/train_weather_pred.py
[2025-07-22T04:49:57.157+0000] {logging_mixin.py:190} INFO - [2025-07-22T04:49:57.156+0000] {dag.py:3239} INFO - Sync 1 DAGs
[2025-07-22T04:49:57.181+0000] {logging_mixin.py:190} INFO - [2025-07-22T04:49:57.180+0000] {dag.py:4180} INFO - Setting next_dagrun for train_weather_pred to 2025-07-22 00:00:00+00:00, run_after=2025-07-23 00:00:00+00:00
[2025-07-22T04:49:57.198+0000] {processor.py:208} INFO - Processing /opt/airflow/dags/train_weather_pred.py took 3.527 seconds
[2025-07-22T04:50:29.088+0000] {processor.py:186} INFO - Started process (PID=13882) to work on /opt/airflow/dags/train_weather_pred.py
[2025-07-22T04:50:29.089+0000] {processor.py:914} INFO - Processing file /opt/airflow/dags/train_weather_pred.py for tasks to queue
[2025-07-22T04:50:29.091+0000] {logging_mixin.py:190} INFO - [2025-07-22T04:50:29.091+0000] {dagbag.py:588} INFO - Filling up the DagBag from /opt/airflow/dags/train_weather_pred.py
[2025-07-22T04:50:32.489+0000] {processor.py:925} INFO - DAG(s) 'train_weather_pred' retrieved from /opt/airflow/dags/train_weather_pred.py
[2025-07-22T04:50:32.512+0000] {logging_mixin.py:190} INFO - [2025-07-22T04:50:32.512+0000] {dag.py:3239} INFO - Sync 1 DAGs
[2025-07-22T04:50:32.531+0000] {logging_mixin.py:190} INFO - [2025-07-22T04:50:32.530+0000] {dag.py:4180} INFO - Setting next_dagrun for train_weather_pred to 2025-07-22 00:00:00+00:00, run_after=2025-07-23 00:00:00+00:00
[2025-07-22T04:50:32.545+0000] {processor.py:208} INFO - Processing /opt/airflow/dags/train_weather_pred.py took 3.463 seconds
[2025-07-22T04:51:03.594+0000] {processor.py:186} INFO - Started process (PID=13980) to work on /opt/airflow/dags/train_weather_pred.py
[2025-07-22T04:51:03.595+0000] {processor.py:914} INFO - Processing file /opt/airflow/dags/train_weather_pred.py for tasks to queue
[2025-07-22T04:51:03.598+0000] {logging_mixin.py:190} INFO - [2025-07-22T04:51:03.597+0000] {dagbag.py:588} INFO - Filling up the DagBag from /opt/airflow/dags/train_weather_pred.py
[2025-07-22T04:51:06.930+0000] {processor.py:925} INFO - DAG(s) 'train_weather_pred' retrieved from /opt/airflow/dags/train_weather_pred.py
[2025-07-22T04:51:06.954+0000] {logging_mixin.py:190} INFO - [2025-07-22T04:51:06.953+0000] {dag.py:3239} INFO - Sync 1 DAGs
[2025-07-22T04:51:06.972+0000] {logging_mixin.py:190} INFO - [2025-07-22T04:51:06.972+0000] {dag.py:4180} INFO - Setting next_dagrun for train_weather_pred to 2025-07-22 00:00:00+00:00, run_after=2025-07-23 00:00:00+00:00
[2025-07-22T04:51:06.988+0000] {processor.py:208} INFO - Processing /opt/airflow/dags/train_weather_pred.py took 3.400 seconds
[2025-07-22T04:51:38.923+0000] {processor.py:186} INFO - Started process (PID=14078) to work on /opt/airflow/dags/train_weather_pred.py
[2025-07-22T04:51:38.924+0000] {processor.py:914} INFO - Processing file /opt/airflow/dags/train_weather_pred.py for tasks to queue
[2025-07-22T04:51:38.926+0000] {logging_mixin.py:190} INFO - [2025-07-22T04:51:38.926+0000] {dagbag.py:588} INFO - Filling up the DagBag from /opt/airflow/dags/train_weather_pred.py
[2025-07-22T04:51:42.292+0000] {processor.py:925} INFO - DAG(s) 'train_weather_pred' retrieved from /opt/airflow/dags/train_weather_pred.py
[2025-07-22T04:51:42.314+0000] {logging_mixin.py:190} INFO - [2025-07-22T04:51:42.314+0000] {dag.py:3239} INFO - Sync 1 DAGs
[2025-07-22T04:51:42.332+0000] {logging_mixin.py:190} INFO - [2025-07-22T04:51:42.332+0000] {dag.py:4180} INFO - Setting next_dagrun for train_weather_pred to 2025-07-22 00:00:00+00:00, run_after=2025-07-23 00:00:00+00:00
[2025-07-22T04:51:42.348+0000] {processor.py:208} INFO - Processing /opt/airflow/dags/train_weather_pred.py took 3.432 seconds
[2025-07-22T04:52:13.433+0000] {processor.py:186} INFO - Started process (PID=14176) to work on /opt/airflow/dags/train_weather_pred.py
[2025-07-22T04:52:13.435+0000] {processor.py:914} INFO - Processing file /opt/airflow/dags/train_weather_pred.py for tasks to queue
[2025-07-22T04:52:13.437+0000] {logging_mixin.py:190} INFO - [2025-07-22T04:52:13.436+0000] {dagbag.py:588} INFO - Filling up the DagBag from /opt/airflow/dags/train_weather_pred.py
[2025-07-22T04:52:16.684+0000] {processor.py:925} INFO - DAG(s) 'train_weather_pred' retrieved from /opt/airflow/dags/train_weather_pred.py
[2025-07-22T04:52:16.706+0000] {logging_mixin.py:190} INFO - [2025-07-22T04:52:16.705+0000] {dag.py:3239} INFO - Sync 1 DAGs
[2025-07-22T04:52:16.722+0000] {logging_mixin.py:190} INFO - [2025-07-22T04:52:16.722+0000] {dag.py:4180} INFO - Setting next_dagrun for train_weather_pred to 2025-07-22 00:00:00+00:00, run_after=2025-07-23 00:00:00+00:00
[2025-07-22T04:52:16.738+0000] {processor.py:208} INFO - Processing /opt/airflow/dags/train_weather_pred.py took 3.311 seconds
[2025-07-22T04:52:48.648+0000] {processor.py:186} INFO - Started process (PID=14281) to work on /opt/airflow/dags/train_weather_pred.py
[2025-07-22T04:52:48.649+0000] {processor.py:914} INFO - Processing file /opt/airflow/dags/train_weather_pred.py for tasks to queue
[2025-07-22T04:52:48.651+0000] {logging_mixin.py:190} INFO - [2025-07-22T04:52:48.650+0000] {dagbag.py:588} INFO - Filling up the DagBag from /opt/airflow/dags/train_weather_pred.py
[2025-07-22T04:52:52.041+0000] {processor.py:925} INFO - DAG(s) 'train_weather_pred' retrieved from /opt/airflow/dags/train_weather_pred.py
[2025-07-22T04:52:52.063+0000] {logging_mixin.py:190} INFO - [2025-07-22T04:52:52.063+0000] {dag.py:3239} INFO - Sync 1 DAGs
[2025-07-22T04:52:52.082+0000] {logging_mixin.py:190} INFO - [2025-07-22T04:52:52.082+0000] {dag.py:4180} INFO - Setting next_dagrun for train_weather_pred to 2025-07-22 00:00:00+00:00, run_after=2025-07-23 00:00:00+00:00
[2025-07-22T04:52:52.098+0000] {processor.py:208} INFO - Processing /opt/airflow/dags/train_weather_pred.py took 3.455 seconds
[2025-07-22T04:53:24.094+0000] {processor.py:186} INFO - Started process (PID=14379) to work on /opt/airflow/dags/train_weather_pred.py
[2025-07-22T04:53:24.096+0000] {processor.py:914} INFO - Processing file /opt/airflow/dags/train_weather_pred.py for tasks to queue
[2025-07-22T04:53:24.098+0000] {logging_mixin.py:190} INFO - [2025-07-22T04:53:24.098+0000] {dagbag.py:588} INFO - Filling up the DagBag from /opt/airflow/dags/train_weather_pred.py
[2025-07-22T04:53:27.390+0000] {processor.py:925} INFO - DAG(s) 'train_weather_pred' retrieved from /opt/airflow/dags/train_weather_pred.py
[2025-07-22T04:53:27.413+0000] {logging_mixin.py:190} INFO - [2025-07-22T04:53:27.413+0000] {dag.py:3239} INFO - Sync 1 DAGs
[2025-07-22T04:53:27.432+0000] {logging_mixin.py:190} INFO - [2025-07-22T04:53:27.432+0000] {dag.py:4180} INFO - Setting next_dagrun for train_weather_pred to 2025-07-22 00:00:00+00:00, run_after=2025-07-23 00:00:00+00:00
[2025-07-22T04:53:27.448+0000] {processor.py:208} INFO - Processing /opt/airflow/dags/train_weather_pred.py took 3.359 seconds
[2025-07-22T04:53:59.354+0000] {processor.py:186} INFO - Started process (PID=14477) to work on /opt/airflow/dags/train_weather_pred.py
[2025-07-22T04:53:59.355+0000] {processor.py:914} INFO - Processing file /opt/airflow/dags/train_weather_pred.py for tasks to queue
[2025-07-22T04:53:59.357+0000] {logging_mixin.py:190} INFO - [2025-07-22T04:53:59.357+0000] {dagbag.py:588} INFO - Filling up the DagBag from /opt/airflow/dags/train_weather_pred.py
[2025-07-22T04:54:02.789+0000] {processor.py:925} INFO - DAG(s) 'train_weather_pred' retrieved from /opt/airflow/dags/train_weather_pred.py
[2025-07-22T04:54:02.812+0000] {logging_mixin.py:190} INFO - [2025-07-22T04:54:02.812+0000] {dag.py:3239} INFO - Sync 1 DAGs
[2025-07-22T04:54:02.830+0000] {logging_mixin.py:190} INFO - [2025-07-22T04:54:02.830+0000] {dag.py:4180} INFO - Setting next_dagrun for train_weather_pred to 2025-07-22 00:00:00+00:00, run_after=2025-07-23 00:00:00+00:00
[2025-07-22T04:54:02.848+0000] {processor.py:208} INFO - Processing /opt/airflow/dags/train_weather_pred.py took 3.499 seconds
[2025-07-22T04:54:34.739+0000] {processor.py:186} INFO - Started process (PID=14575) to work on /opt/airflow/dags/train_weather_pred.py
[2025-07-22T04:54:34.741+0000] {processor.py:914} INFO - Processing file /opt/airflow/dags/train_weather_pred.py for tasks to queue
[2025-07-22T04:54:34.742+0000] {logging_mixin.py:190} INFO - [2025-07-22T04:54:34.742+0000] {dagbag.py:588} INFO - Filling up the DagBag from /opt/airflow/dags/train_weather_pred.py
[2025-07-22T04:54:38.026+0000] {processor.py:925} INFO - DAG(s) 'train_weather_pred' retrieved from /opt/airflow/dags/train_weather_pred.py
[2025-07-22T04:54:38.047+0000] {logging_mixin.py:190} INFO - [2025-07-22T04:54:38.047+0000] {dag.py:3239} INFO - Sync 1 DAGs
[2025-07-22T04:54:38.066+0000] {logging_mixin.py:190} INFO - [2025-07-22T04:54:38.065+0000] {dag.py:4180} INFO - Setting next_dagrun for train_weather_pred to 2025-07-22 00:00:00+00:00, run_after=2025-07-23 00:00:00+00:00
[2025-07-22T04:54:38.083+0000] {processor.py:208} INFO - Processing /opt/airflow/dags/train_weather_pred.py took 3.349 seconds
[2025-07-22T04:55:10.050+0000] {processor.py:186} INFO - Started process (PID=14673) to work on /opt/airflow/dags/train_weather_pred.py
[2025-07-22T04:55:10.051+0000] {processor.py:914} INFO - Processing file /opt/airflow/dags/train_weather_pred.py for tasks to queue
[2025-07-22T04:55:10.053+0000] {logging_mixin.py:190} INFO - [2025-07-22T04:55:10.053+0000] {dagbag.py:588} INFO - Filling up the DagBag from /opt/airflow/dags/train_weather_pred.py
[2025-07-22T04:55:13.411+0000] {processor.py:925} INFO - DAG(s) 'train_weather_pred' retrieved from /opt/airflow/dags/train_weather_pred.py
[2025-07-22T04:55:13.434+0000] {logging_mixin.py:190} INFO - [2025-07-22T04:55:13.433+0000] {dag.py:3239} INFO - Sync 1 DAGs
[2025-07-22T04:55:13.454+0000] {logging_mixin.py:190} INFO - [2025-07-22T04:55:13.454+0000] {dag.py:4180} INFO - Setting next_dagrun for train_weather_pred to 2025-07-22 00:00:00+00:00, run_after=2025-07-23 00:00:00+00:00
[2025-07-22T04:55:13.471+0000] {processor.py:208} INFO - Processing /opt/airflow/dags/train_weather_pred.py took 3.426 seconds
[2025-07-22T04:55:45.359+0000] {processor.py:186} INFO - Started process (PID=14777) to work on /opt/airflow/dags/train_weather_pred.py
[2025-07-22T04:55:45.360+0000] {processor.py:914} INFO - Processing file /opt/airflow/dags/train_weather_pred.py for tasks to queue
[2025-07-22T04:55:45.363+0000] {logging_mixin.py:190} INFO - [2025-07-22T04:55:45.363+0000] {dagbag.py:588} INFO - Filling up the DagBag from /opt/airflow/dags/train_weather_pred.py
[2025-07-22T04:55:48.640+0000] {processor.py:925} INFO - DAG(s) 'train_weather_pred' retrieved from /opt/airflow/dags/train_weather_pred.py
[2025-07-22T04:55:48.662+0000] {logging_mixin.py:190} INFO - [2025-07-22T04:55:48.662+0000] {dag.py:3239} INFO - Sync 1 DAGs
[2025-07-22T04:55:48.681+0000] {logging_mixin.py:190} INFO - [2025-07-22T04:55:48.681+0000] {dag.py:4180} INFO - Setting next_dagrun for train_weather_pred to 2025-07-22 00:00:00+00:00, run_after=2025-07-23 00:00:00+00:00
[2025-07-22T04:55:48.696+0000] {processor.py:208} INFO - Processing /opt/airflow/dags/train_weather_pred.py took 3.345 seconds
[2025-07-22T04:56:20.377+0000] {processor.py:186} INFO - Started process (PID=14875) to work on /opt/airflow/dags/train_weather_pred.py
[2025-07-22T04:56:20.378+0000] {processor.py:914} INFO - Processing file /opt/airflow/dags/train_weather_pred.py for tasks to queue
[2025-07-22T04:56:20.381+0000] {logging_mixin.py:190} INFO - [2025-07-22T04:56:20.381+0000] {dagbag.py:588} INFO - Filling up the DagBag from /opt/airflow/dags/train_weather_pred.py
[2025-07-22T04:56:23.631+0000] {processor.py:925} INFO - DAG(s) 'train_weather_pred' retrieved from /opt/airflow/dags/train_weather_pred.py
[2025-07-22T04:56:23.652+0000] {logging_mixin.py:190} INFO - [2025-07-22T04:56:23.651+0000] {dag.py:3239} INFO - Sync 1 DAGs
[2025-07-22T04:56:23.669+0000] {logging_mixin.py:190} INFO - [2025-07-22T04:56:23.669+0000] {dag.py:4180} INFO - Setting next_dagrun for train_weather_pred to 2025-07-22 00:00:00+00:00, run_after=2025-07-23 00:00:00+00:00
[2025-07-22T04:56:23.684+0000] {processor.py:208} INFO - Processing /opt/airflow/dags/train_weather_pred.py took 3.314 seconds
[2025-07-22T04:56:55.598+0000] {processor.py:186} INFO - Started process (PID=14973) to work on /opt/airflow/dags/train_weather_pred.py
[2025-07-22T04:56:55.599+0000] {processor.py:914} INFO - Processing file /opt/airflow/dags/train_weather_pred.py for tasks to queue
[2025-07-22T04:56:55.602+0000] {logging_mixin.py:190} INFO - [2025-07-22T04:56:55.601+0000] {dagbag.py:588} INFO - Filling up the DagBag from /opt/airflow/dags/train_weather_pred.py
[2025-07-22T04:56:59.197+0000] {processor.py:925} INFO - DAG(s) 'train_weather_pred' retrieved from /opt/airflow/dags/train_weather_pred.py
[2025-07-22T04:56:59.220+0000] {logging_mixin.py:190} INFO - [2025-07-22T04:56:59.220+0000] {dag.py:3239} INFO - Sync 1 DAGs
[2025-07-22T04:56:59.239+0000] {logging_mixin.py:190} INFO - [2025-07-22T04:56:59.239+0000] {dag.py:4180} INFO - Setting next_dagrun for train_weather_pred to 2025-07-22 00:00:00+00:00, run_after=2025-07-23 00:00:00+00:00
[2025-07-22T04:56:59.255+0000] {processor.py:208} INFO - Processing /opt/airflow/dags/train_weather_pred.py took 3.665 seconds
[2025-07-22T04:57:30.383+0000] {processor.py:186} INFO - Started process (PID=15071) to work on /opt/airflow/dags/train_weather_pred.py
[2025-07-22T04:57:30.384+0000] {processor.py:914} INFO - Processing file /opt/airflow/dags/train_weather_pred.py for tasks to queue
[2025-07-22T04:57:30.386+0000] {logging_mixin.py:190} INFO - [2025-07-22T04:57:30.386+0000] {dagbag.py:588} INFO - Filling up the DagBag from /opt/airflow/dags/train_weather_pred.py
[2025-07-22T04:57:33.793+0000] {processor.py:925} INFO - DAG(s) 'train_weather_pred' retrieved from /opt/airflow/dags/train_weather_pred.py
[2025-07-22T04:57:33.819+0000] {logging_mixin.py:190} INFO - [2025-07-22T04:57:33.818+0000] {dag.py:3239} INFO - Sync 1 DAGs
[2025-07-22T04:57:33.842+0000] {logging_mixin.py:190} INFO - [2025-07-22T04:57:33.841+0000] {dag.py:4180} INFO - Setting next_dagrun for train_weather_pred to 2025-07-22 00:00:00+00:00, run_after=2025-07-23 00:00:00+00:00
[2025-07-22T04:57:33.859+0000] {processor.py:208} INFO - Processing /opt/airflow/dags/train_weather_pred.py took 3.482 seconds
[2025-07-22T04:58:04.964+0000] {processor.py:186} INFO - Started process (PID=15169) to work on /opt/airflow/dags/train_weather_pred.py
[2025-07-22T04:58:04.965+0000] {processor.py:914} INFO - Processing file /opt/airflow/dags/train_weather_pred.py for tasks to queue
[2025-07-22T04:58:04.968+0000] {logging_mixin.py:190} INFO - [2025-07-22T04:58:04.967+0000] {dagbag.py:588} INFO - Filling up the DagBag from /opt/airflow/dags/train_weather_pred.py
[2025-07-22T04:58:08.326+0000] {processor.py:925} INFO - DAG(s) 'train_weather_pred' retrieved from /opt/airflow/dags/train_weather_pred.py
[2025-07-22T04:58:08.348+0000] {logging_mixin.py:190} INFO - [2025-07-22T04:58:08.348+0000] {dag.py:3239} INFO - Sync 1 DAGs
[2025-07-22T04:58:08.365+0000] {logging_mixin.py:190} INFO - [2025-07-22T04:58:08.365+0000] {dag.py:4180} INFO - Setting next_dagrun for train_weather_pred to 2025-07-22 00:00:00+00:00, run_after=2025-07-23 00:00:00+00:00
[2025-07-22T04:58:08.380+0000] {processor.py:208} INFO - Processing /opt/airflow/dags/train_weather_pred.py took 3.422 seconds
[2025-07-22T04:58:40.455+0000] {processor.py:186} INFO - Started process (PID=15267) to work on /opt/airflow/dags/train_weather_pred.py
[2025-07-22T04:58:40.456+0000] {processor.py:914} INFO - Processing file /opt/airflow/dags/train_weather_pred.py for tasks to queue
[2025-07-22T04:58:40.458+0000] {logging_mixin.py:190} INFO - [2025-07-22T04:58:40.458+0000] {dagbag.py:588} INFO - Filling up the DagBag from /opt/airflow/dags/train_weather_pred.py
[2025-07-22T04:58:43.729+0000] {processor.py:925} INFO - DAG(s) 'train_weather_pred' retrieved from /opt/airflow/dags/train_weather_pred.py
[2025-07-22T04:58:43.749+0000] {logging_mixin.py:190} INFO - [2025-07-22T04:58:43.749+0000] {dag.py:3239} INFO - Sync 1 DAGs
[2025-07-22T04:58:43.767+0000] {logging_mixin.py:190} INFO - [2025-07-22T04:58:43.766+0000] {dag.py:4180} INFO - Setting next_dagrun for train_weather_pred to 2025-07-22 00:00:00+00:00, run_after=2025-07-23 00:00:00+00:00
[2025-07-22T04:58:43.782+0000] {processor.py:208} INFO - Processing /opt/airflow/dags/train_weather_pred.py took 3.333 seconds
[2025-07-22T04:59:15.720+0000] {processor.py:186} INFO - Started process (PID=15370) to work on /opt/airflow/dags/train_weather_pred.py
[2025-07-22T04:59:15.721+0000] {processor.py:914} INFO - Processing file /opt/airflow/dags/train_weather_pred.py for tasks to queue
[2025-07-22T04:59:15.723+0000] {logging_mixin.py:190} INFO - [2025-07-22T04:59:15.723+0000] {dagbag.py:588} INFO - Filling up the DagBag from /opt/airflow/dags/train_weather_pred.py
[2025-07-22T04:59:19.009+0000] {processor.py:925} INFO - DAG(s) 'train_weather_pred' retrieved from /opt/airflow/dags/train_weather_pred.py
[2025-07-22T04:59:19.032+0000] {logging_mixin.py:190} INFO - [2025-07-22T04:59:19.032+0000] {dag.py:3239} INFO - Sync 1 DAGs
[2025-07-22T04:59:19.052+0000] {logging_mixin.py:190} INFO - [2025-07-22T04:59:19.052+0000] {dag.py:4180} INFO - Setting next_dagrun for train_weather_pred to 2025-07-22 00:00:00+00:00, run_after=2025-07-23 00:00:00+00:00
[2025-07-22T04:59:19.070+0000] {processor.py:208} INFO - Processing /opt/airflow/dags/train_weather_pred.py took 3.356 seconds
[2025-07-22T04:59:50.746+0000] {processor.py:186} INFO - Started process (PID=15468) to work on /opt/airflow/dags/train_weather_pred.py
[2025-07-22T04:59:50.747+0000] {processor.py:914} INFO - Processing file /opt/airflow/dags/train_weather_pred.py for tasks to queue
[2025-07-22T04:59:50.749+0000] {logging_mixin.py:190} INFO - [2025-07-22T04:59:50.749+0000] {dagbag.py:588} INFO - Filling up the DagBag from /opt/airflow/dags/train_weather_pred.py
[2025-07-22T04:59:54.170+0000] {processor.py:925} INFO - DAG(s) 'train_weather_pred' retrieved from /opt/airflow/dags/train_weather_pred.py
[2025-07-22T04:59:54.191+0000] {logging_mixin.py:190} INFO - [2025-07-22T04:59:54.190+0000] {dag.py:3239} INFO - Sync 1 DAGs
[2025-07-22T04:59:54.208+0000] {logging_mixin.py:190} INFO - [2025-07-22T04:59:54.208+0000] {dag.py:4180} INFO - Setting next_dagrun for train_weather_pred to 2025-07-22 00:00:00+00:00, run_after=2025-07-23 00:00:00+00:00
[2025-07-22T04:59:54.223+0000] {processor.py:208} INFO - Processing /opt/airflow/dags/train_weather_pred.py took 3.484 seconds
[2025-07-22T05:00:26.021+0000] {processor.py:186} INFO - Started process (PID=15566) to work on /opt/airflow/dags/train_weather_pred.py
[2025-07-22T05:00:26.022+0000] {processor.py:914} INFO - Processing file /opt/airflow/dags/train_weather_pred.py for tasks to queue
[2025-07-22T05:00:26.025+0000] {logging_mixin.py:190} INFO - [2025-07-22T05:00:26.024+0000] {dagbag.py:588} INFO - Filling up the DagBag from /opt/airflow/dags/train_weather_pred.py
[2025-07-22T05:00:29.365+0000] {processor.py:925} INFO - DAG(s) 'train_weather_pred' retrieved from /opt/airflow/dags/train_weather_pred.py
[2025-07-22T05:00:29.386+0000] {logging_mixin.py:190} INFO - [2025-07-22T05:00:29.386+0000] {dag.py:3239} INFO - Sync 1 DAGs
[2025-07-22T05:00:29.404+0000] {logging_mixin.py:190} INFO - [2025-07-22T05:00:29.404+0000] {dag.py:4180} INFO - Setting next_dagrun for train_weather_pred to 2025-07-22 00:00:00+00:00, run_after=2025-07-23 00:00:00+00:00
[2025-07-22T05:00:29.420+0000] {processor.py:208} INFO - Processing /opt/airflow/dags/train_weather_pred.py took 3.404 seconds
[2025-07-22T05:01:01.234+0000] {processor.py:186} INFO - Started process (PID=15664) to work on /opt/airflow/dags/train_weather_pred.py
[2025-07-22T05:01:01.235+0000] {processor.py:914} INFO - Processing file /opt/airflow/dags/train_weather_pred.py for tasks to queue
[2025-07-22T05:01:01.237+0000] {logging_mixin.py:190} INFO - [2025-07-22T05:01:01.237+0000] {dagbag.py:588} INFO - Filling up the DagBag from /opt/airflow/dags/train_weather_pred.py
[2025-07-22T05:01:04.569+0000] {processor.py:925} INFO - DAG(s) 'train_weather_pred' retrieved from /opt/airflow/dags/train_weather_pred.py
[2025-07-22T05:01:04.590+0000] {logging_mixin.py:190} INFO - [2025-07-22T05:01:04.589+0000] {dag.py:3239} INFO - Sync 1 DAGs
[2025-07-22T05:01:04.608+0000] {logging_mixin.py:190} INFO - [2025-07-22T05:01:04.607+0000] {dag.py:4180} INFO - Setting next_dagrun for train_weather_pred to 2025-07-22 00:00:00+00:00, run_after=2025-07-23 00:00:00+00:00
[2025-07-22T05:01:04.622+0000] {processor.py:208} INFO - Processing /opt/airflow/dags/train_weather_pred.py took 3.394 seconds
[2025-07-22T05:01:36.505+0000] {processor.py:186} INFO - Started process (PID=15762) to work on /opt/airflow/dags/train_weather_pred.py
[2025-07-22T05:01:36.506+0000] {processor.py:914} INFO - Processing file /opt/airflow/dags/train_weather_pred.py for tasks to queue
[2025-07-22T05:01:36.510+0000] {logging_mixin.py:190} INFO - [2025-07-22T05:01:36.509+0000] {dagbag.py:588} INFO - Filling up the DagBag from /opt/airflow/dags/train_weather_pred.py
[2025-07-22T05:01:39.849+0000] {processor.py:925} INFO - DAG(s) 'train_weather_pred' retrieved from /opt/airflow/dags/train_weather_pred.py
[2025-07-22T05:01:39.872+0000] {logging_mixin.py:190} INFO - [2025-07-22T05:01:39.872+0000] {dag.py:3239} INFO - Sync 1 DAGs
[2025-07-22T05:01:39.893+0000] {logging_mixin.py:190} INFO - [2025-07-22T05:01:39.892+0000] {dag.py:4180} INFO - Setting next_dagrun for train_weather_pred to 2025-07-22 00:00:00+00:00, run_after=2025-07-23 00:00:00+00:00
[2025-07-22T05:01:39.910+0000] {processor.py:208} INFO - Processing /opt/airflow/dags/train_weather_pred.py took 3.410 seconds
[2025-07-22T05:02:11.771+0000] {processor.py:186} INFO - Started process (PID=15860) to work on /opt/airflow/dags/train_weather_pred.py
[2025-07-22T05:02:11.772+0000] {processor.py:914} INFO - Processing file /opt/airflow/dags/train_weather_pred.py for tasks to queue
[2025-07-22T05:02:11.774+0000] {logging_mixin.py:190} INFO - [2025-07-22T05:02:11.774+0000] {dagbag.py:588} INFO - Filling up the DagBag from /opt/airflow/dags/train_weather_pred.py
[2025-07-22T05:02:15.059+0000] {processor.py:925} INFO - DAG(s) 'train_weather_pred' retrieved from /opt/airflow/dags/train_weather_pred.py
[2025-07-22T05:02:15.079+0000] {logging_mixin.py:190} INFO - [2025-07-22T05:02:15.078+0000] {dag.py:3239} INFO - Sync 1 DAGs
[2025-07-22T05:02:15.094+0000] {logging_mixin.py:190} INFO - [2025-07-22T05:02:15.094+0000] {dag.py:4180} INFO - Setting next_dagrun for train_weather_pred to 2025-07-22 00:00:00+00:00, run_after=2025-07-23 00:00:00+00:00
[2025-07-22T05:02:15.108+0000] {processor.py:208} INFO - Processing /opt/airflow/dags/train_weather_pred.py took 3.344 seconds
[2025-07-22T05:02:46.990+0000] {processor.py:186} INFO - Started process (PID=15964) to work on /opt/airflow/dags/train_weather_pred.py
[2025-07-22T05:02:46.991+0000] {processor.py:914} INFO - Processing file /opt/airflow/dags/train_weather_pred.py for tasks to queue
[2025-07-22T05:02:46.994+0000] {logging_mixin.py:190} INFO - [2025-07-22T05:02:46.994+0000] {dagbag.py:588} INFO - Filling up the DagBag from /opt/airflow/dags/train_weather_pred.py
[2025-07-22T05:02:50.490+0000] {processor.py:925} INFO - DAG(s) 'train_weather_pred' retrieved from /opt/airflow/dags/train_weather_pred.py
[2025-07-22T05:02:50.516+0000] {logging_mixin.py:190} INFO - [2025-07-22T05:02:50.514+0000] {dag.py:3239} INFO - Sync 1 DAGs
[2025-07-22T05:02:50.538+0000] {logging_mixin.py:190} INFO - [2025-07-22T05:02:50.537+0000] {dag.py:4180} INFO - Setting next_dagrun for train_weather_pred to 2025-07-22 00:00:00+00:00, run_after=2025-07-23 00:00:00+00:00
[2025-07-22T05:02:50.559+0000] {processor.py:208} INFO - Processing /opt/airflow/dags/train_weather_pred.py took 3.578 seconds
[2025-07-22T05:03:22.090+0000] {processor.py:186} INFO - Started process (PID=16062) to work on /opt/airflow/dags/train_weather_pred.py
[2025-07-22T05:03:22.091+0000] {processor.py:914} INFO - Processing file /opt/airflow/dags/train_weather_pred.py for tasks to queue
[2025-07-22T05:03:22.093+0000] {logging_mixin.py:190} INFO - [2025-07-22T05:03:22.093+0000] {dagbag.py:588} INFO - Filling up the DagBag from /opt/airflow/dags/train_weather_pred.py
[2025-07-22T05:03:25.597+0000] {processor.py:925} INFO - DAG(s) 'train_weather_pred' retrieved from /opt/airflow/dags/train_weather_pred.py
[2025-07-22T05:03:25.618+0000] {logging_mixin.py:190} INFO - [2025-07-22T05:03:25.618+0000] {dag.py:3239} INFO - Sync 1 DAGs
[2025-07-22T05:03:25.636+0000] {logging_mixin.py:190} INFO - [2025-07-22T05:03:25.636+0000] {dag.py:4180} INFO - Setting next_dagrun for train_weather_pred to 2025-07-22 00:00:00+00:00, run_after=2025-07-23 00:00:00+00:00
[2025-07-22T05:03:25.655+0000] {processor.py:208} INFO - Processing /opt/airflow/dags/train_weather_pred.py took 3.570 seconds
[2025-07-22T05:03:56.769+0000] {processor.py:186} INFO - Started process (PID=16160) to work on /opt/airflow/dags/train_weather_pred.py
[2025-07-22T05:03:56.771+0000] {processor.py:914} INFO - Processing file /opt/airflow/dags/train_weather_pred.py for tasks to queue
[2025-07-22T05:03:56.772+0000] {logging_mixin.py:190} INFO - [2025-07-22T05:03:56.772+0000] {dagbag.py:588} INFO - Filling up the DagBag from /opt/airflow/dags/train_weather_pred.py
[2025-07-22T05:04:00.162+0000] {processor.py:925} INFO - DAG(s) 'train_weather_pred' retrieved from /opt/airflow/dags/train_weather_pred.py
[2025-07-22T05:04:00.184+0000] {logging_mixin.py:190} INFO - [2025-07-22T05:04:00.184+0000] {dag.py:3239} INFO - Sync 1 DAGs
[2025-07-22T05:04:00.202+0000] {logging_mixin.py:190} INFO - [2025-07-22T05:04:00.202+0000] {dag.py:4180} INFO - Setting next_dagrun for train_weather_pred to 2025-07-22 00:00:00+00:00, run_after=2025-07-23 00:00:00+00:00
[2025-07-22T05:04:00.219+0000] {processor.py:208} INFO - Processing /opt/airflow/dags/train_weather_pred.py took 3.455 seconds
[2025-07-22T05:04:32.080+0000] {processor.py:186} INFO - Started process (PID=16258) to work on /opt/airflow/dags/train_weather_pred.py
[2025-07-22T05:04:32.082+0000] {processor.py:914} INFO - Processing file /opt/airflow/dags/train_weather_pred.py for tasks to queue
[2025-07-22T05:04:32.084+0000] {logging_mixin.py:190} INFO - [2025-07-22T05:04:32.083+0000] {dagbag.py:588} INFO - Filling up the DagBag from /opt/airflow/dags/train_weather_pred.py
[2025-07-22T05:04:35.360+0000] {processor.py:925} INFO - DAG(s) 'train_weather_pred' retrieved from /opt/airflow/dags/train_weather_pred.py
[2025-07-22T05:04:35.386+0000] {logging_mixin.py:190} INFO - [2025-07-22T05:04:35.384+0000] {dag.py:3239} INFO - Sync 1 DAGs
[2025-07-22T05:04:35.404+0000] {logging_mixin.py:190} INFO - [2025-07-22T05:04:35.404+0000] {dag.py:4180} INFO - Setting next_dagrun for train_weather_pred to 2025-07-22 00:00:00+00:00, run_after=2025-07-23 00:00:00+00:00
[2025-07-22T05:04:35.421+0000] {processor.py:208} INFO - Processing /opt/airflow/dags/train_weather_pred.py took 3.346 seconds
[2025-07-22T05:05:07.292+0000] {processor.py:186} INFO - Started process (PID=16356) to work on /opt/airflow/dags/train_weather_pred.py
[2025-07-22T05:05:07.293+0000] {processor.py:914} INFO - Processing file /opt/airflow/dags/train_weather_pred.py for tasks to queue
[2025-07-22T05:05:07.296+0000] {logging_mixin.py:190} INFO - [2025-07-22T05:05:07.295+0000] {dagbag.py:588} INFO - Filling up the DagBag from /opt/airflow/dags/train_weather_pred.py
[2025-07-22T05:05:10.548+0000] {processor.py:925} INFO - DAG(s) 'train_weather_pred' retrieved from /opt/airflow/dags/train_weather_pred.py
[2025-07-22T05:05:10.572+0000] {logging_mixin.py:190} INFO - [2025-07-22T05:05:10.571+0000] {dag.py:3239} INFO - Sync 1 DAGs
[2025-07-22T05:05:10.592+0000] {logging_mixin.py:190} INFO - [2025-07-22T05:05:10.592+0000] {dag.py:4180} INFO - Setting next_dagrun for train_weather_pred to 2025-07-22 00:00:00+00:00, run_after=2025-07-23 00:00:00+00:00
[2025-07-22T05:05:10.612+0000] {processor.py:208} INFO - Processing /opt/airflow/dags/train_weather_pred.py took 3.326 seconds
[2025-07-22T05:05:42.266+0000] {processor.py:186} INFO - Started process (PID=16454) to work on /opt/airflow/dags/train_weather_pred.py
[2025-07-22T05:05:42.267+0000] {processor.py:914} INFO - Processing file /opt/airflow/dags/train_weather_pred.py for tasks to queue
[2025-07-22T05:05:42.269+0000] {logging_mixin.py:190} INFO - [2025-07-22T05:05:42.269+0000] {dagbag.py:588} INFO - Filling up the DagBag from /opt/airflow/dags/train_weather_pred.py
[2025-07-22T05:05:45.551+0000] {processor.py:925} INFO - DAG(s) 'train_weather_pred' retrieved from /opt/airflow/dags/train_weather_pred.py
[2025-07-22T05:05:45.574+0000] {logging_mixin.py:190} INFO - [2025-07-22T05:05:45.574+0000] {dag.py:3239} INFO - Sync 1 DAGs
[2025-07-22T05:05:45.592+0000] {logging_mixin.py:190} INFO - [2025-07-22T05:05:45.592+0000] {dag.py:4180} INFO - Setting next_dagrun for train_weather_pred to 2025-07-22 00:00:00+00:00, run_after=2025-07-23 00:00:00+00:00
[2025-07-22T05:05:45.608+0000] {processor.py:208} INFO - Processing /opt/airflow/dags/train_weather_pred.py took 3.349 seconds
[2025-07-22T05:06:17.642+0000] {processor.py:186} INFO - Started process (PID=16558) to work on /opt/airflow/dags/train_weather_pred.py
[2025-07-22T05:06:17.643+0000] {processor.py:914} INFO - Processing file /opt/airflow/dags/train_weather_pred.py for tasks to queue
[2025-07-22T05:06:17.645+0000] {logging_mixin.py:190} INFO - [2025-07-22T05:06:17.645+0000] {dagbag.py:588} INFO - Filling up the DagBag from /opt/airflow/dags/train_weather_pred.py
[2025-07-22T05:06:20.994+0000] {processor.py:925} INFO - DAG(s) 'train_weather_pred' retrieved from /opt/airflow/dags/train_weather_pred.py
[2025-07-22T05:06:21.016+0000] {logging_mixin.py:190} INFO - [2025-07-22T05:06:21.015+0000] {dag.py:3239} INFO - Sync 1 DAGs
[2025-07-22T05:06:21.037+0000] {logging_mixin.py:190} INFO - [2025-07-22T05:06:21.037+0000] {dag.py:4180} INFO - Setting next_dagrun for train_weather_pred to 2025-07-22 00:00:00+00:00, run_after=2025-07-23 00:00:00+00:00
[2025-07-22T05:06:21.052+0000] {processor.py:208} INFO - Processing /opt/airflow/dags/train_weather_pred.py took 3.416 seconds
[2025-07-22T05:06:52.921+0000] {processor.py:186} INFO - Started process (PID=16656) to work on /opt/airflow/dags/train_weather_pred.py
[2025-07-22T05:06:52.922+0000] {processor.py:914} INFO - Processing file /opt/airflow/dags/train_weather_pred.py for tasks to queue
[2025-07-22T05:06:52.924+0000] {logging_mixin.py:190} INFO - [2025-07-22T05:06:52.924+0000] {dagbag.py:588} INFO - Filling up the DagBag from /opt/airflow/dags/train_weather_pred.py
[2025-07-22T05:06:56.362+0000] {processor.py:925} INFO - DAG(s) 'train_weather_pred' retrieved from /opt/airflow/dags/train_weather_pred.py
[2025-07-22T05:06:56.392+0000] {logging_mixin.py:190} INFO - [2025-07-22T05:06:56.391+0000] {dag.py:3239} INFO - Sync 1 DAGs
[2025-07-22T05:06:56.413+0000] {logging_mixin.py:190} INFO - [2025-07-22T05:06:56.412+0000] {dag.py:4180} INFO - Setting next_dagrun for train_weather_pred to 2025-07-22 00:00:00+00:00, run_after=2025-07-23 00:00:00+00:00
[2025-07-22T05:06:56.430+0000] {processor.py:208} INFO - Processing /opt/airflow/dags/train_weather_pred.py took 3.514 seconds
[2025-07-22T05:07:28.284+0000] {processor.py:186} INFO - Started process (PID=16754) to work on /opt/airflow/dags/train_weather_pred.py
[2025-07-22T05:07:28.286+0000] {processor.py:914} INFO - Processing file /opt/airflow/dags/train_weather_pred.py for tasks to queue
[2025-07-22T05:07:28.288+0000] {logging_mixin.py:190} INFO - [2025-07-22T05:07:28.287+0000] {dagbag.py:588} INFO - Filling up the DagBag from /opt/airflow/dags/train_weather_pred.py
[2025-07-22T05:07:31.594+0000] {processor.py:925} INFO - DAG(s) 'train_weather_pred' retrieved from /opt/airflow/dags/train_weather_pred.py
[2025-07-22T05:07:31.617+0000] {logging_mixin.py:190} INFO - [2025-07-22T05:07:31.616+0000] {dag.py:3239} INFO - Sync 1 DAGs
[2025-07-22T05:07:31.634+0000] {logging_mixin.py:190} INFO - [2025-07-22T05:07:31.633+0000] {dag.py:4180} INFO - Setting next_dagrun for train_weather_pred to 2025-07-22 00:00:00+00:00, run_after=2025-07-23 00:00:00+00:00
[2025-07-22T05:07:31.648+0000] {processor.py:208} INFO - Processing /opt/airflow/dags/train_weather_pred.py took 3.369 seconds
[2025-07-22T05:08:03.548+0000] {processor.py:186} INFO - Started process (PID=16852) to work on /opt/airflow/dags/train_weather_pred.py
[2025-07-22T05:08:03.549+0000] {processor.py:914} INFO - Processing file /opt/airflow/dags/train_weather_pred.py for tasks to queue
[2025-07-22T05:08:03.552+0000] {logging_mixin.py:190} INFO - [2025-07-22T05:08:03.551+0000] {dagbag.py:588} INFO - Filling up the DagBag from /opt/airflow/dags/train_weather_pred.py
[2025-07-22T05:08:06.924+0000] {processor.py:925} INFO - DAG(s) 'train_weather_pred' retrieved from /opt/airflow/dags/train_weather_pred.py
[2025-07-22T05:08:06.952+0000] {logging_mixin.py:190} INFO - [2025-07-22T05:08:06.951+0000] {dag.py:3239} INFO - Sync 1 DAGs
[2025-07-22T05:08:06.974+0000] {logging_mixin.py:190} INFO - [2025-07-22T05:08:06.974+0000] {dag.py:4180} INFO - Setting next_dagrun for train_weather_pred to 2025-07-22 00:00:00+00:00, run_after=2025-07-23 00:00:00+00:00
[2025-07-22T05:08:06.990+0000] {processor.py:208} INFO - Processing /opt/airflow/dags/train_weather_pred.py took 3.447 seconds
[2025-07-22T05:08:38.165+0000] {processor.py:186} INFO - Started process (PID=16950) to work on /opt/airflow/dags/train_weather_pred.py
[2025-07-22T05:08:38.166+0000] {processor.py:914} INFO - Processing file /opt/airflow/dags/train_weather_pred.py for tasks to queue
[2025-07-22T05:08:38.168+0000] {logging_mixin.py:190} INFO - [2025-07-22T05:08:38.168+0000] {dagbag.py:588} INFO - Filling up the DagBag from /opt/airflow/dags/train_weather_pred.py
[2025-07-22T05:08:41.622+0000] {processor.py:925} INFO - DAG(s) 'train_weather_pred' retrieved from /opt/airflow/dags/train_weather_pred.py
[2025-07-22T05:08:41.645+0000] {logging_mixin.py:190} INFO - [2025-07-22T05:08:41.645+0000] {dag.py:3239} INFO - Sync 1 DAGs
[2025-07-22T05:08:41.665+0000] {logging_mixin.py:190} INFO - [2025-07-22T05:08:41.665+0000] {dag.py:4180} INFO - Setting next_dagrun for train_weather_pred to 2025-07-22 00:00:00+00:00, run_after=2025-07-23 00:00:00+00:00
[2025-07-22T05:08:41.681+0000] {processor.py:208} INFO - Processing /opt/airflow/dags/train_weather_pred.py took 3.522 seconds
[2025-07-22T05:09:12.993+0000] {processor.py:186} INFO - Started process (PID=17048) to work on /opt/airflow/dags/train_weather_pred.py
[2025-07-22T05:09:12.995+0000] {processor.py:914} INFO - Processing file /opt/airflow/dags/train_weather_pred.py for tasks to queue
[2025-07-22T05:09:13.000+0000] {logging_mixin.py:190} INFO - [2025-07-22T05:09:12.999+0000] {dagbag.py:588} INFO - Filling up the DagBag from /opt/airflow/dags/train_weather_pred.py
[2025-07-22T05:09:16.591+0000] {processor.py:925} INFO - DAG(s) 'train_weather_pred' retrieved from /opt/airflow/dags/train_weather_pred.py
[2025-07-22T05:09:16.620+0000] {logging_mixin.py:190} INFO - [2025-07-22T05:09:16.620+0000] {dag.py:3239} INFO - Sync 1 DAGs
[2025-07-22T05:09:16.639+0000] {logging_mixin.py:190} INFO - [2025-07-22T05:09:16.638+0000] {dag.py:4180} INFO - Setting next_dagrun for train_weather_pred to 2025-07-22 00:00:00+00:00, run_after=2025-07-23 00:00:00+00:00
[2025-07-22T05:09:16.657+0000] {processor.py:208} INFO - Processing /opt/airflow/dags/train_weather_pred.py took 3.676 seconds
[2025-07-22T05:09:48.051+0000] {processor.py:186} INFO - Started process (PID=17152) to work on /opt/airflow/dags/train_weather_pred.py
[2025-07-22T05:09:48.052+0000] {processor.py:914} INFO - Processing file /opt/airflow/dags/train_weather_pred.py for tasks to queue
[2025-07-22T05:09:48.055+0000] {logging_mixin.py:190} INFO - [2025-07-22T05:09:48.055+0000] {dagbag.py:588} INFO - Filling up the DagBag from /opt/airflow/dags/train_weather_pred.py
[2025-07-22T05:09:51.475+0000] {processor.py:925} INFO - DAG(s) 'train_weather_pred' retrieved from /opt/airflow/dags/train_weather_pred.py
[2025-07-22T05:09:51.498+0000] {logging_mixin.py:190} INFO - [2025-07-22T05:09:51.497+0000] {dag.py:3239} INFO - Sync 1 DAGs
[2025-07-22T05:09:51.517+0000] {logging_mixin.py:190} INFO - [2025-07-22T05:09:51.517+0000] {dag.py:4180} INFO - Setting next_dagrun for train_weather_pred to 2025-07-22 00:00:00+00:00, run_after=2025-07-23 00:00:00+00:00
[2025-07-22T05:09:51.534+0000] {processor.py:208} INFO - Processing /opt/airflow/dags/train_weather_pred.py took 3.490 seconds
[2025-07-22T05:10:23.191+0000] {processor.py:186} INFO - Started process (PID=17250) to work on /opt/airflow/dags/train_weather_pred.py
[2025-07-22T05:10:23.192+0000] {processor.py:914} INFO - Processing file /opt/airflow/dags/train_weather_pred.py for tasks to queue
[2025-07-22T05:10:23.194+0000] {logging_mixin.py:190} INFO - [2025-07-22T05:10:23.194+0000] {dagbag.py:588} INFO - Filling up the DagBag from /opt/airflow/dags/train_weather_pred.py
[2025-07-22T05:10:26.489+0000] {processor.py:925} INFO - DAG(s) 'train_weather_pred' retrieved from /opt/airflow/dags/train_weather_pred.py
[2025-07-22T05:10:26.511+0000] {logging_mixin.py:190} INFO - [2025-07-22T05:10:26.510+0000] {dag.py:3239} INFO - Sync 1 DAGs
[2025-07-22T05:10:26.529+0000] {logging_mixin.py:190} INFO - [2025-07-22T05:10:26.529+0000] {dag.py:4180} INFO - Setting next_dagrun for train_weather_pred to 2025-07-22 00:00:00+00:00, run_after=2025-07-23 00:00:00+00:00
[2025-07-22T05:10:26.543+0000] {processor.py:208} INFO - Processing /opt/airflow/dags/train_weather_pred.py took 3.357 seconds
[2025-07-22T05:10:58.441+0000] {processor.py:186} INFO - Started process (PID=17348) to work on /opt/airflow/dags/train_weather_pred.py
[2025-07-22T05:10:58.442+0000] {processor.py:914} INFO - Processing file /opt/airflow/dags/train_weather_pred.py for tasks to queue
[2025-07-22T05:10:58.444+0000] {logging_mixin.py:190} INFO - [2025-07-22T05:10:58.443+0000] {dagbag.py:588} INFO - Filling up the DagBag from /opt/airflow/dags/train_weather_pred.py
[2025-07-22T05:11:01.716+0000] {processor.py:925} INFO - DAG(s) 'train_weather_pred' retrieved from /opt/airflow/dags/train_weather_pred.py
[2025-07-22T05:11:01.739+0000] {logging_mixin.py:190} INFO - [2025-07-22T05:11:01.739+0000] {dag.py:3239} INFO - Sync 1 DAGs
[2025-07-22T05:11:01.757+0000] {logging_mixin.py:190} INFO - [2025-07-22T05:11:01.757+0000] {dag.py:4180} INFO - Setting next_dagrun for train_weather_pred to 2025-07-22 00:00:00+00:00, run_after=2025-07-23 00:00:00+00:00
[2025-07-22T05:11:01.773+0000] {processor.py:208} INFO - Processing /opt/airflow/dags/train_weather_pred.py took 3.338 seconds
[2025-07-22T05:11:33.451+0000] {processor.py:186} INFO - Started process (PID=17446) to work on /opt/airflow/dags/train_weather_pred.py
[2025-07-22T05:11:33.452+0000] {processor.py:914} INFO - Processing file /opt/airflow/dags/train_weather_pred.py for tasks to queue
[2025-07-22T05:11:33.455+0000] {logging_mixin.py:190} INFO - [2025-07-22T05:11:33.455+0000] {dagbag.py:588} INFO - Filling up the DagBag from /opt/airflow/dags/train_weather_pred.py
[2025-07-22T05:11:36.691+0000] {processor.py:925} INFO - DAG(s) 'train_weather_pred' retrieved from /opt/airflow/dags/train_weather_pred.py
[2025-07-22T05:11:36.713+0000] {logging_mixin.py:190} INFO - [2025-07-22T05:11:36.712+0000] {dag.py:3239} INFO - Sync 1 DAGs
[2025-07-22T05:11:36.731+0000] {logging_mixin.py:190} INFO - [2025-07-22T05:11:36.730+0000] {dag.py:4180} INFO - Setting next_dagrun for train_weather_pred to 2025-07-22 00:00:00+00:00, run_after=2025-07-23 00:00:00+00:00
[2025-07-22T05:11:36.745+0000] {processor.py:208} INFO - Processing /opt/airflow/dags/train_weather_pred.py took 3.302 seconds
[2025-07-22T05:12:07.852+0000] {processor.py:186} INFO - Started process (PID=17544) to work on /opt/airflow/dags/train_weather_pred.py
[2025-07-22T05:12:07.853+0000] {processor.py:914} INFO - Processing file /opt/airflow/dags/train_weather_pred.py for tasks to queue
[2025-07-22T05:12:07.855+0000] {logging_mixin.py:190} INFO - [2025-07-22T05:12:07.855+0000] {dagbag.py:588} INFO - Filling up the DagBag from /opt/airflow/dags/train_weather_pred.py
[2025-07-22T05:12:11.146+0000] {processor.py:925} INFO - DAG(s) 'train_weather_pred' retrieved from /opt/airflow/dags/train_weather_pred.py
[2025-07-22T05:12:11.170+0000] {logging_mixin.py:190} INFO - [2025-07-22T05:12:11.170+0000] {dag.py:3239} INFO - Sync 1 DAGs
[2025-07-22T05:12:11.191+0000] {logging_mixin.py:190} INFO - [2025-07-22T05:12:11.191+0000] {dag.py:4180} INFO - Setting next_dagrun for train_weather_pred to 2025-07-22 00:00:00+00:00, run_after=2025-07-23 00:00:00+00:00
[2025-07-22T05:12:11.209+0000] {processor.py:208} INFO - Processing /opt/airflow/dags/train_weather_pred.py took 3.363 seconds
[2025-07-22T05:12:43.223+0000] {processor.py:186} INFO - Started process (PID=17642) to work on /opt/airflow/dags/train_weather_pred.py
[2025-07-22T05:12:43.224+0000] {processor.py:914} INFO - Processing file /opt/airflow/dags/train_weather_pred.py for tasks to queue
[2025-07-22T05:12:43.227+0000] {logging_mixin.py:190} INFO - [2025-07-22T05:12:43.226+0000] {dagbag.py:588} INFO - Filling up the DagBag from /opt/airflow/dags/train_weather_pred.py
[2025-07-22T05:12:46.538+0000] {processor.py:925} INFO - DAG(s) 'train_weather_pred' retrieved from /opt/airflow/dags/train_weather_pred.py
[2025-07-22T05:12:46.561+0000] {logging_mixin.py:190} INFO - [2025-07-22T05:12:46.561+0000] {dag.py:3239} INFO - Sync 1 DAGs
[2025-07-22T05:12:46.580+0000] {logging_mixin.py:190} INFO - [2025-07-22T05:12:46.579+0000] {dag.py:4180} INFO - Setting next_dagrun for train_weather_pred to 2025-07-22 00:00:00+00:00, run_after=2025-07-23 00:00:00+00:00
[2025-07-22T05:12:46.594+0000] {processor.py:208} INFO - Processing /opt/airflow/dags/train_weather_pred.py took 3.377 seconds
[2025-07-22T05:13:18.229+0000] {processor.py:186} INFO - Started process (PID=17746) to work on /opt/airflow/dags/train_weather_pred.py
[2025-07-22T05:13:18.230+0000] {processor.py:914} INFO - Processing file /opt/airflow/dags/train_weather_pred.py for tasks to queue
[2025-07-22T05:13:18.232+0000] {logging_mixin.py:190} INFO - [2025-07-22T05:13:18.232+0000] {dagbag.py:588} INFO - Filling up the DagBag from /opt/airflow/dags/train_weather_pred.py
[2025-07-22T05:13:21.617+0000] {processor.py:925} INFO - DAG(s) 'train_weather_pred' retrieved from /opt/airflow/dags/train_weather_pred.py
[2025-07-22T05:13:21.639+0000] {logging_mixin.py:190} INFO - [2025-07-22T05:13:21.639+0000] {dag.py:3239} INFO - Sync 1 DAGs
[2025-07-22T05:13:21.658+0000] {logging_mixin.py:190} INFO - [2025-07-22T05:13:21.658+0000] {dag.py:4180} INFO - Setting next_dagrun for train_weather_pred to 2025-07-22 00:00:00+00:00, run_after=2025-07-23 00:00:00+00:00
[2025-07-22T05:13:21.672+0000] {processor.py:208} INFO - Processing /opt/airflow/dags/train_weather_pred.py took 3.448 seconds
[2025-07-22T05:13:52.856+0000] {processor.py:186} INFO - Started process (PID=17844) to work on /opt/airflow/dags/train_weather_pred.py
[2025-07-22T05:13:52.857+0000] {processor.py:914} INFO - Processing file /opt/airflow/dags/train_weather_pred.py for tasks to queue
[2025-07-22T05:13:52.859+0000] {logging_mixin.py:190} INFO - [2025-07-22T05:13:52.859+0000] {dagbag.py:588} INFO - Filling up the DagBag from /opt/airflow/dags/train_weather_pred.py
[2025-07-22T05:13:56.289+0000] {processor.py:925} INFO - DAG(s) 'train_weather_pred' retrieved from /opt/airflow/dags/train_weather_pred.py
[2025-07-22T05:13:56.313+0000] {logging_mixin.py:190} INFO - [2025-07-22T05:13:56.312+0000] {dag.py:3239} INFO - Sync 1 DAGs
[2025-07-22T05:13:56.330+0000] {logging_mixin.py:190} INFO - [2025-07-22T05:13:56.330+0000] {dag.py:4180} INFO - Setting next_dagrun for train_weather_pred to 2025-07-22 00:00:00+00:00, run_after=2025-07-23 00:00:00+00:00
[2025-07-22T05:13:56.346+0000] {processor.py:208} INFO - Processing /opt/airflow/dags/train_weather_pred.py took 3.496 seconds
[2025-07-22T05:14:27.594+0000] {processor.py:186} INFO - Started process (PID=17942) to work on /opt/airflow/dags/train_weather_pred.py
[2025-07-22T05:14:27.595+0000] {processor.py:914} INFO - Processing file /opt/airflow/dags/train_weather_pred.py for tasks to queue
[2025-07-22T05:14:27.597+0000] {logging_mixin.py:190} INFO - [2025-07-22T05:14:27.597+0000] {dagbag.py:588} INFO - Filling up the DagBag from /opt/airflow/dags/train_weather_pred.py
[2025-07-22T05:14:30.883+0000] {processor.py:925} INFO - DAG(s) 'train_weather_pred' retrieved from /opt/airflow/dags/train_weather_pred.py
[2025-07-22T05:14:30.906+0000] {logging_mixin.py:190} INFO - [2025-07-22T05:14:30.906+0000] {dag.py:3239} INFO - Sync 1 DAGs
[2025-07-22T05:14:30.924+0000] {logging_mixin.py:190} INFO - [2025-07-22T05:14:30.924+0000] {dag.py:4180} INFO - Setting next_dagrun for train_weather_pred to 2025-07-22 00:00:00+00:00, run_after=2025-07-23 00:00:00+00:00
[2025-07-22T05:14:30.941+0000] {processor.py:208} INFO - Processing /opt/airflow/dags/train_weather_pred.py took 3.353 seconds
[2025-07-22T05:15:02.663+0000] {processor.py:186} INFO - Started process (PID=18040) to work on /opt/airflow/dags/train_weather_pred.py
[2025-07-22T05:15:02.664+0000] {processor.py:914} INFO - Processing file /opt/airflow/dags/train_weather_pred.py for tasks to queue
[2025-07-22T05:15:02.666+0000] {logging_mixin.py:190} INFO - [2025-07-22T05:15:02.666+0000] {dagbag.py:588} INFO - Filling up the DagBag from /opt/airflow/dags/train_weather_pred.py
[2025-07-22T05:15:05.941+0000] {processor.py:925} INFO - DAG(s) 'train_weather_pred' retrieved from /opt/airflow/dags/train_weather_pred.py
[2025-07-22T05:15:05.963+0000] {logging_mixin.py:190} INFO - [2025-07-22T05:15:05.962+0000] {dag.py:3239} INFO - Sync 1 DAGs
[2025-07-22T05:15:05.981+0000] {logging_mixin.py:190} INFO - [2025-07-22T05:15:05.981+0000] {dag.py:4180} INFO - Setting next_dagrun for train_weather_pred to 2025-07-22 00:00:00+00:00, run_after=2025-07-23 00:00:00+00:00
[2025-07-22T05:15:05.997+0000] {processor.py:208} INFO - Processing /opt/airflow/dags/train_weather_pred.py took 3.340 seconds
[2025-07-22T05:15:37.844+0000] {processor.py:186} INFO - Started process (PID=18138) to work on /opt/airflow/dags/train_weather_pred.py
[2025-07-22T05:15:37.845+0000] {processor.py:914} INFO - Processing file /opt/airflow/dags/train_weather_pred.py for tasks to queue
[2025-07-22T05:15:37.847+0000] {logging_mixin.py:190} INFO - [2025-07-22T05:15:37.847+0000] {dagbag.py:588} INFO - Filling up the DagBag from /opt/airflow/dags/train_weather_pred.py
[2025-07-22T05:15:41.131+0000] {processor.py:925} INFO - DAG(s) 'train_weather_pred' retrieved from /opt/airflow/dags/train_weather_pred.py
[2025-07-22T05:15:41.154+0000] {logging_mixin.py:190} INFO - [2025-07-22T05:15:41.154+0000] {dag.py:3239} INFO - Sync 1 DAGs
[2025-07-22T05:15:41.172+0000] {logging_mixin.py:190} INFO - [2025-07-22T05:15:41.171+0000] {dag.py:4180} INFO - Setting next_dagrun for train_weather_pred to 2025-07-22 00:00:00+00:00, run_after=2025-07-23 00:00:00+00:00
[2025-07-22T05:15:41.186+0000] {processor.py:208} INFO - Processing /opt/airflow/dags/train_weather_pred.py took 3.348 seconds
[2025-07-22T05:16:12.855+0000] {processor.py:186} INFO - Started process (PID=18236) to work on /opt/airflow/dags/train_weather_pred.py
[2025-07-22T05:16:12.856+0000] {processor.py:914} INFO - Processing file /opt/airflow/dags/train_weather_pred.py for tasks to queue
[2025-07-22T05:16:12.858+0000] {logging_mixin.py:190} INFO - [2025-07-22T05:16:12.858+0000] {dagbag.py:588} INFO - Filling up the DagBag from /opt/airflow/dags/train_weather_pred.py
[2025-07-22T05:16:16.211+0000] {processor.py:925} INFO - DAG(s) 'train_weather_pred' retrieved from /opt/airflow/dags/train_weather_pred.py
[2025-07-22T05:16:16.234+0000] {logging_mixin.py:190} INFO - [2025-07-22T05:16:16.232+0000] {dag.py:3239} INFO - Sync 1 DAGs
[2025-07-22T05:16:16.251+0000] {logging_mixin.py:190} INFO - [2025-07-22T05:16:16.251+0000] {dag.py:4180} INFO - Setting next_dagrun for train_weather_pred to 2025-07-22 00:00:00+00:00, run_after=2025-07-23 00:00:00+00:00
[2025-07-22T05:16:16.266+0000] {processor.py:208} INFO - Processing /opt/airflow/dags/train_weather_pred.py took 3.418 seconds
[2025-07-22T05:16:48.143+0000] {processor.py:186} INFO - Started process (PID=18340) to work on /opt/airflow/dags/train_weather_pred.py
[2025-07-22T05:16:48.144+0000] {processor.py:914} INFO - Processing file /opt/airflow/dags/train_weather_pred.py for tasks to queue
[2025-07-22T05:16:48.147+0000] {logging_mixin.py:190} INFO - [2025-07-22T05:16:48.146+0000] {dagbag.py:588} INFO - Filling up the DagBag from /opt/airflow/dags/train_weather_pred.py
[2025-07-22T05:16:51.474+0000] {processor.py:925} INFO - DAG(s) 'train_weather_pred' retrieved from /opt/airflow/dags/train_weather_pred.py
[2025-07-22T05:16:51.494+0000] {logging_mixin.py:190} INFO - [2025-07-22T05:16:51.494+0000] {dag.py:3239} INFO - Sync 1 DAGs
[2025-07-22T05:16:51.510+0000] {logging_mixin.py:190} INFO - [2025-07-22T05:16:51.510+0000] {dag.py:4180} INFO - Setting next_dagrun for train_weather_pred to 2025-07-22 00:00:00+00:00, run_after=2025-07-23 00:00:00+00:00
[2025-07-22T05:16:51.526+0000] {processor.py:208} INFO - Processing /opt/airflow/dags/train_weather_pred.py took 3.388 seconds
[2025-07-22T05:17:23.503+0000] {processor.py:186} INFO - Started process (PID=18438) to work on /opt/airflow/dags/train_weather_pred.py
[2025-07-22T05:17:23.504+0000] {processor.py:914} INFO - Processing file /opt/airflow/dags/train_weather_pred.py for tasks to queue
[2025-07-22T05:17:23.506+0000] {logging_mixin.py:190} INFO - [2025-07-22T05:17:23.506+0000] {dagbag.py:588} INFO - Filling up the DagBag from /opt/airflow/dags/train_weather_pred.py
[2025-07-22T05:17:26.699+0000] {processor.py:925} INFO - DAG(s) 'train_weather_pred' retrieved from /opt/airflow/dags/train_weather_pred.py
[2025-07-22T05:17:26.721+0000] {logging_mixin.py:190} INFO - [2025-07-22T05:17:26.721+0000] {dag.py:3239} INFO - Sync 1 DAGs
[2025-07-22T05:17:26.739+0000] {logging_mixin.py:190} INFO - [2025-07-22T05:17:26.738+0000] {dag.py:4180} INFO - Setting next_dagrun for train_weather_pred to 2025-07-22 00:00:00+00:00, run_after=2025-07-23 00:00:00+00:00
[2025-07-22T05:17:26.753+0000] {processor.py:208} INFO - Processing /opt/airflow/dags/train_weather_pred.py took 3.256 seconds
[2025-07-22T05:17:58.403+0000] {processor.py:186} INFO - Started process (PID=18536) to work on /opt/airflow/dags/train_weather_pred.py
[2025-07-22T05:17:58.404+0000] {processor.py:914} INFO - Processing file /opt/airflow/dags/train_weather_pred.py for tasks to queue
[2025-07-22T05:17:58.407+0000] {logging_mixin.py:190} INFO - [2025-07-22T05:17:58.407+0000] {dagbag.py:588} INFO - Filling up the DagBag from /opt/airflow/dags/train_weather_pred.py
[2025-07-22T05:18:01.678+0000] {processor.py:925} INFO - DAG(s) 'train_weather_pred' retrieved from /opt/airflow/dags/train_weather_pred.py
[2025-07-22T05:18:01.700+0000] {logging_mixin.py:190} INFO - [2025-07-22T05:18:01.699+0000] {dag.py:3239} INFO - Sync 1 DAGs
[2025-07-22T05:18:01.718+0000] {logging_mixin.py:190} INFO - [2025-07-22T05:18:01.718+0000] {dag.py:4180} INFO - Setting next_dagrun for train_weather_pred to 2025-07-22 00:00:00+00:00, run_after=2025-07-23 00:00:00+00:00
[2025-07-22T05:18:01.733+0000] {processor.py:208} INFO - Processing /opt/airflow/dags/train_weather_pred.py took 3.336 seconds
[2025-07-22T05:18:32.853+0000] {processor.py:186} INFO - Started process (PID=18634) to work on /opt/airflow/dags/train_weather_pred.py
[2025-07-22T05:18:32.854+0000] {processor.py:914} INFO - Processing file /opt/airflow/dags/train_weather_pred.py for tasks to queue
[2025-07-22T05:18:32.856+0000] {logging_mixin.py:190} INFO - [2025-07-22T05:18:32.856+0000] {dagbag.py:588} INFO - Filling up the DagBag from /opt/airflow/dags/train_weather_pred.py
[2025-07-22T05:18:36.105+0000] {processor.py:925} INFO - DAG(s) 'train_weather_pred' retrieved from /opt/airflow/dags/train_weather_pred.py
[2025-07-22T05:18:36.125+0000] {logging_mixin.py:190} INFO - [2025-07-22T05:18:36.125+0000] {dag.py:3239} INFO - Sync 1 DAGs
[2025-07-22T05:18:36.144+0000] {logging_mixin.py:190} INFO - [2025-07-22T05:18:36.144+0000] {dag.py:4180} INFO - Setting next_dagrun for train_weather_pred to 2025-07-22 00:00:00+00:00, run_after=2025-07-23 00:00:00+00:00
[2025-07-22T05:18:36.159+0000] {processor.py:208} INFO - Processing /opt/airflow/dags/train_weather_pred.py took 3.312 seconds
[2025-07-22T05:19:08.115+0000] {processor.py:186} INFO - Started process (PID=18732) to work on /opt/airflow/dags/train_weather_pred.py
[2025-07-22T05:19:08.116+0000] {processor.py:914} INFO - Processing file /opt/airflow/dags/train_weather_pred.py for tasks to queue
[2025-07-22T05:19:08.118+0000] {logging_mixin.py:190} INFO - [2025-07-22T05:19:08.118+0000] {dagbag.py:588} INFO - Filling up the DagBag from /opt/airflow/dags/train_weather_pred.py
[2025-07-22T05:19:11.409+0000] {processor.py:925} INFO - DAG(s) 'train_weather_pred' retrieved from /opt/airflow/dags/train_weather_pred.py
[2025-07-22T05:19:11.431+0000] {logging_mixin.py:190} INFO - [2025-07-22T05:19:11.431+0000] {dag.py:3239} INFO - Sync 1 DAGs
[2025-07-22T05:19:11.448+0000] {logging_mixin.py:190} INFO - [2025-07-22T05:19:11.448+0000] {dag.py:4180} INFO - Setting next_dagrun for train_weather_pred to 2025-07-22 00:00:00+00:00, run_after=2025-07-23 00:00:00+00:00
[2025-07-22T05:19:11.463+0000] {processor.py:208} INFO - Processing /opt/airflow/dags/train_weather_pred.py took 3.354 seconds
[2025-07-22T05:19:43.339+0000] {processor.py:186} INFO - Started process (PID=18830) to work on /opt/airflow/dags/train_weather_pred.py
[2025-07-22T05:19:43.340+0000] {processor.py:914} INFO - Processing file /opt/airflow/dags/train_weather_pred.py for tasks to queue
[2025-07-22T05:19:43.342+0000] {logging_mixin.py:190} INFO - [2025-07-22T05:19:43.342+0000] {dagbag.py:588} INFO - Filling up the DagBag from /opt/airflow/dags/train_weather_pred.py
[2025-07-22T05:19:46.604+0000] {processor.py:925} INFO - DAG(s) 'train_weather_pred' retrieved from /opt/airflow/dags/train_weather_pred.py
[2025-07-22T05:19:46.625+0000] {logging_mixin.py:190} INFO - [2025-07-22T05:19:46.624+0000] {dag.py:3239} INFO - Sync 1 DAGs
[2025-07-22T05:19:46.643+0000] {logging_mixin.py:190} INFO - [2025-07-22T05:19:46.643+0000] {dag.py:4180} INFO - Setting next_dagrun for train_weather_pred to 2025-07-22 00:00:00+00:00, run_after=2025-07-23 00:00:00+00:00
[2025-07-22T05:19:46.659+0000] {processor.py:208} INFO - Processing /opt/airflow/dags/train_weather_pred.py took 3.327 seconds
[2025-07-22T05:20:18.536+0000] {processor.py:186} INFO - Started process (PID=18934) to work on /opt/airflow/dags/train_weather_pred.py
[2025-07-22T05:20:18.537+0000] {processor.py:914} INFO - Processing file /opt/airflow/dags/train_weather_pred.py for tasks to queue
[2025-07-22T05:20:18.539+0000] {logging_mixin.py:190} INFO - [2025-07-22T05:20:18.539+0000] {dagbag.py:588} INFO - Filling up the DagBag from /opt/airflow/dags/train_weather_pred.py
[2025-07-22T05:20:22.015+0000] {processor.py:925} INFO - DAG(s) 'train_weather_pred' retrieved from /opt/airflow/dags/train_weather_pred.py
[2025-07-22T05:20:22.047+0000] {logging_mixin.py:190} INFO - [2025-07-22T05:20:22.046+0000] {dag.py:3239} INFO - Sync 1 DAGs
[2025-07-22T05:20:22.067+0000] {logging_mixin.py:190} INFO - [2025-07-22T05:20:22.067+0000] {dag.py:4180} INFO - Setting next_dagrun for train_weather_pred to 2025-07-22 00:00:00+00:00, run_after=2025-07-23 00:00:00+00:00
[2025-07-22T05:20:22.084+0000] {processor.py:208} INFO - Processing /opt/airflow/dags/train_weather_pred.py took 3.554 seconds
[2025-07-22T05:20:53.739+0000] {processor.py:186} INFO - Started process (PID=19032) to work on /opt/airflow/dags/train_weather_pred.py
[2025-07-22T05:20:53.740+0000] {processor.py:914} INFO - Processing file /opt/airflow/dags/train_weather_pred.py for tasks to queue
[2025-07-22T05:20:53.742+0000] {logging_mixin.py:190} INFO - [2025-07-22T05:20:53.742+0000] {dagbag.py:588} INFO - Filling up the DagBag from /opt/airflow/dags/train_weather_pred.py
[2025-07-22T05:20:56.913+0000] {processor.py:925} INFO - DAG(s) 'train_weather_pred' retrieved from /opt/airflow/dags/train_weather_pred.py
[2025-07-22T05:20:56.936+0000] {logging_mixin.py:190} INFO - [2025-07-22T05:20:56.935+0000] {dag.py:3239} INFO - Sync 1 DAGs
[2025-07-22T05:20:56.955+0000] {logging_mixin.py:190} INFO - [2025-07-22T05:20:56.954+0000] {dag.py:4180} INFO - Setting next_dagrun for train_weather_pred to 2025-07-22 00:00:00+00:00, run_after=2025-07-23 00:00:00+00:00
[2025-07-22T05:20:56.970+0000] {processor.py:208} INFO - Processing /opt/airflow/dags/train_weather_pred.py took 3.236 seconds
[2025-07-22T05:21:28.146+0000] {processor.py:186} INFO - Started process (PID=19130) to work on /opt/airflow/dags/train_weather_pred.py
[2025-07-22T05:21:28.147+0000] {processor.py:914} INFO - Processing file /opt/airflow/dags/train_weather_pred.py for tasks to queue
[2025-07-22T05:21:28.149+0000] {logging_mixin.py:190} INFO - [2025-07-22T05:21:28.149+0000] {dagbag.py:588} INFO - Filling up the DagBag from /opt/airflow/dags/train_weather_pred.py
[2025-07-22T05:21:31.434+0000] {processor.py:925} INFO - DAG(s) 'train_weather_pred' retrieved from /opt/airflow/dags/train_weather_pred.py
[2025-07-22T05:21:31.455+0000] {logging_mixin.py:190} INFO - [2025-07-22T05:21:31.455+0000] {dag.py:3239} INFO - Sync 1 DAGs
[2025-07-22T05:21:31.473+0000] {logging_mixin.py:190} INFO - [2025-07-22T05:21:31.473+0000] {dag.py:4180} INFO - Setting next_dagrun for train_weather_pred to 2025-07-22 00:00:00+00:00, run_after=2025-07-23 00:00:00+00:00
[2025-07-22T05:21:31.488+0000] {processor.py:208} INFO - Processing /opt/airflow/dags/train_weather_pred.py took 3.348 seconds
[2025-07-22T05:22:03.363+0000] {processor.py:186} INFO - Started process (PID=19228) to work on /opt/airflow/dags/train_weather_pred.py
[2025-07-22T05:22:03.364+0000] {processor.py:914} INFO - Processing file /opt/airflow/dags/train_weather_pred.py for tasks to queue
[2025-07-22T05:22:03.366+0000] {logging_mixin.py:190} INFO - [2025-07-22T05:22:03.366+0000] {dagbag.py:588} INFO - Filling up the DagBag from /opt/airflow/dags/train_weather_pred.py
[2025-07-22T05:22:06.579+0000] {processor.py:925} INFO - DAG(s) 'train_weather_pred' retrieved from /opt/airflow/dags/train_weather_pred.py
[2025-07-22T05:22:06.599+0000] {logging_mixin.py:190} INFO - [2025-07-22T05:22:06.599+0000] {dag.py:3239} INFO - Sync 1 DAGs
[2025-07-22T05:22:06.616+0000] {logging_mixin.py:190} INFO - [2025-07-22T05:22:06.616+0000] {dag.py:4180} INFO - Setting next_dagrun for train_weather_pred to 2025-07-22 00:00:00+00:00, run_after=2025-07-23 00:00:00+00:00
[2025-07-22T05:22:06.632+0000] {processor.py:208} INFO - Processing /opt/airflow/dags/train_weather_pred.py took 3.275 seconds
[2025-07-22T05:22:38.298+0000] {processor.py:186} INFO - Started process (PID=19326) to work on /opt/airflow/dags/train_weather_pred.py
[2025-07-22T05:22:38.300+0000] {processor.py:914} INFO - Processing file /opt/airflow/dags/train_weather_pred.py for tasks to queue
[2025-07-22T05:22:38.302+0000] {logging_mixin.py:190} INFO - [2025-07-22T05:22:38.301+0000] {dagbag.py:588} INFO - Filling up the DagBag from /opt/airflow/dags/train_weather_pred.py
[2025-07-22T05:22:41.536+0000] {processor.py:925} INFO - DAG(s) 'train_weather_pred' retrieved from /opt/airflow/dags/train_weather_pred.py
[2025-07-22T05:22:41.560+0000] {logging_mixin.py:190} INFO - [2025-07-22T05:22:41.559+0000] {dag.py:3239} INFO - Sync 1 DAGs
[2025-07-22T05:22:41.578+0000] {logging_mixin.py:190} INFO - [2025-07-22T05:22:41.577+0000] {dag.py:4180} INFO - Setting next_dagrun for train_weather_pred to 2025-07-22 00:00:00+00:00, run_after=2025-07-23 00:00:00+00:00
[2025-07-22T05:22:41.592+0000] {processor.py:208} INFO - Processing /opt/airflow/dags/train_weather_pred.py took 3.300 seconds
[2025-07-22T05:23:12.756+0000] {processor.py:186} INFO - Started process (PID=19424) to work on /opt/airflow/dags/train_weather_pred.py
[2025-07-22T05:23:12.757+0000] {processor.py:914} INFO - Processing file /opt/airflow/dags/train_weather_pred.py for tasks to queue
[2025-07-22T05:23:12.759+0000] {logging_mixin.py:190} INFO - [2025-07-22T05:23:12.759+0000] {dagbag.py:588} INFO - Filling up the DagBag from /opt/airflow/dags/train_weather_pred.py
[2025-07-22T05:23:16.035+0000] {processor.py:925} INFO - DAG(s) 'train_weather_pred' retrieved from /opt/airflow/dags/train_weather_pred.py
[2025-07-22T05:23:16.056+0000] {logging_mixin.py:190} INFO - [2025-07-22T05:23:16.056+0000] {dag.py:3239} INFO - Sync 1 DAGs
[2025-07-22T05:23:16.074+0000] {logging_mixin.py:190} INFO - [2025-07-22T05:23:16.074+0000] {dag.py:4180} INFO - Setting next_dagrun for train_weather_pred to 2025-07-22 00:00:00+00:00, run_after=2025-07-23 00:00:00+00:00
[2025-07-22T05:23:16.089+0000] {processor.py:208} INFO - Processing /opt/airflow/dags/train_weather_pred.py took 3.340 seconds
[2025-07-22T05:23:48.129+0000] {processor.py:186} INFO - Started process (PID=19522) to work on /opt/airflow/dags/train_weather_pred.py
[2025-07-22T05:23:48.130+0000] {processor.py:914} INFO - Processing file /opt/airflow/dags/train_weather_pred.py for tasks to queue
[2025-07-22T05:23:48.132+0000] {logging_mixin.py:190} INFO - [2025-07-22T05:23:48.132+0000] {dagbag.py:588} INFO - Filling up the DagBag from /opt/airflow/dags/train_weather_pred.py
[2025-07-22T05:23:51.563+0000] {processor.py:925} INFO - DAG(s) 'train_weather_pred' retrieved from /opt/airflow/dags/train_weather_pred.py
[2025-07-22T05:23:51.586+0000] {logging_mixin.py:190} INFO - [2025-07-22T05:23:51.585+0000] {dag.py:3239} INFO - Sync 1 DAGs
[2025-07-22T05:23:51.605+0000] {logging_mixin.py:190} INFO - [2025-07-22T05:23:51.605+0000] {dag.py:4180} INFO - Setting next_dagrun for train_weather_pred to 2025-07-22 00:00:00+00:00, run_after=2025-07-23 00:00:00+00:00
[2025-07-22T05:23:51.623+0000] {processor.py:208} INFO - Processing /opt/airflow/dags/train_weather_pred.py took 3.499 seconds
[2025-07-22T05:24:23.770+0000] {processor.py:186} INFO - Started process (PID=19627) to work on /opt/airflow/dags/train_weather_pred.py
[2025-07-22T05:24:23.772+0000] {processor.py:914} INFO - Processing file /opt/airflow/dags/train_weather_pred.py for tasks to queue
[2025-07-22T05:24:23.775+0000] {logging_mixin.py:190} INFO - [2025-07-22T05:24:23.774+0000] {dagbag.py:588} INFO - Filling up the DagBag from /opt/airflow/dags/train_weather_pred.py
[2025-07-22T05:24:27.193+0000] {processor.py:925} INFO - DAG(s) 'train_weather_pred' retrieved from /opt/airflow/dags/train_weather_pred.py
[2025-07-22T05:24:27.215+0000] {logging_mixin.py:190} INFO - [2025-07-22T05:24:27.214+0000] {dag.py:3239} INFO - Sync 1 DAGs
[2025-07-22T05:24:27.233+0000] {logging_mixin.py:190} INFO - [2025-07-22T05:24:27.233+0000] {dag.py:4180} INFO - Setting next_dagrun for train_weather_pred to 2025-07-22 00:00:00+00:00, run_after=2025-07-23 00:00:00+00:00
[2025-07-22T05:24:27.249+0000] {processor.py:208} INFO - Processing /opt/airflow/dags/train_weather_pred.py took 3.487 seconds
[2025-07-22T05:24:59.174+0000] {processor.py:186} INFO - Started process (PID=19725) to work on /opt/airflow/dags/train_weather_pred.py
[2025-07-22T05:24:59.175+0000] {processor.py:914} INFO - Processing file /opt/airflow/dags/train_weather_pred.py for tasks to queue
[2025-07-22T05:24:59.178+0000] {logging_mixin.py:190} INFO - [2025-07-22T05:24:59.177+0000] {dagbag.py:588} INFO - Filling up the DagBag from /opt/airflow/dags/train_weather_pred.py
[2025-07-22T05:25:02.756+0000] {processor.py:925} INFO - DAG(s) 'train_weather_pred' retrieved from /opt/airflow/dags/train_weather_pred.py
[2025-07-22T05:25:02.785+0000] {logging_mixin.py:190} INFO - [2025-07-22T05:25:02.785+0000] {dag.py:3239} INFO - Sync 1 DAGs
[2025-07-22T05:25:02.810+0000] {logging_mixin.py:190} INFO - [2025-07-22T05:25:02.810+0000] {dag.py:4180} INFO - Setting next_dagrun for train_weather_pred to 2025-07-22 00:00:00+00:00, run_after=2025-07-23 00:00:00+00:00
[2025-07-22T05:25:02.830+0000] {processor.py:208} INFO - Processing /opt/airflow/dags/train_weather_pred.py took 3.661 seconds
[2025-07-22T05:25:34.014+0000] {processor.py:186} INFO - Started process (PID=19823) to work on /opt/airflow/dags/train_weather_pred.py
[2025-07-22T05:25:34.015+0000] {processor.py:914} INFO - Processing file /opt/airflow/dags/train_weather_pred.py for tasks to queue
[2025-07-22T05:25:34.017+0000] {logging_mixin.py:190} INFO - [2025-07-22T05:25:34.017+0000] {dagbag.py:588} INFO - Filling up the DagBag from /opt/airflow/dags/train_weather_pred.py
[2025-07-22T05:25:37.238+0000] {processor.py:925} INFO - DAG(s) 'train_weather_pred' retrieved from /opt/airflow/dags/train_weather_pred.py
[2025-07-22T05:25:37.262+0000] {logging_mixin.py:190} INFO - [2025-07-22T05:25:37.261+0000] {dag.py:3239} INFO - Sync 1 DAGs
[2025-07-22T05:25:37.280+0000] {logging_mixin.py:190} INFO - [2025-07-22T05:25:37.280+0000] {dag.py:4180} INFO - Setting next_dagrun for train_weather_pred to 2025-07-22 00:00:00+00:00, run_after=2025-07-23 00:00:00+00:00
[2025-07-22T05:25:37.298+0000] {processor.py:208} INFO - Processing /opt/airflow/dags/train_weather_pred.py took 3.289 seconds
[2025-07-22T05:26:09.200+0000] {processor.py:186} INFO - Started process (PID=19921) to work on /opt/airflow/dags/train_weather_pred.py
[2025-07-22T05:26:09.201+0000] {processor.py:914} INFO - Processing file /opt/airflow/dags/train_weather_pred.py for tasks to queue
[2025-07-22T05:26:09.202+0000] {logging_mixin.py:190} INFO - [2025-07-22T05:26:09.202+0000] {dagbag.py:588} INFO - Filling up the DagBag from /opt/airflow/dags/train_weather_pred.py
[2025-07-22T05:26:12.463+0000] {processor.py:925} INFO - DAG(s) 'train_weather_pred' retrieved from /opt/airflow/dags/train_weather_pred.py
[2025-07-22T05:26:12.485+0000] {logging_mixin.py:190} INFO - [2025-07-22T05:26:12.484+0000] {dag.py:3239} INFO - Sync 1 DAGs
[2025-07-22T05:26:12.503+0000] {logging_mixin.py:190} INFO - [2025-07-22T05:26:12.502+0000] {dag.py:4180} INFO - Setting next_dagrun for train_weather_pred to 2025-07-22 00:00:00+00:00, run_after=2025-07-23 00:00:00+00:00
[2025-07-22T05:26:12.517+0000] {processor.py:208} INFO - Processing /opt/airflow/dags/train_weather_pred.py took 3.322 seconds
[2025-07-22T05:26:43.757+0000] {processor.py:186} INFO - Started process (PID=20019) to work on /opt/airflow/dags/train_weather_pred.py
[2025-07-22T05:26:43.758+0000] {processor.py:914} INFO - Processing file /opt/airflow/dags/train_weather_pred.py for tasks to queue
[2025-07-22T05:26:43.761+0000] {logging_mixin.py:190} INFO - [2025-07-22T05:26:43.761+0000] {dagbag.py:588} INFO - Filling up the DagBag from /opt/airflow/dags/train_weather_pred.py
[2025-07-22T05:26:47.072+0000] {processor.py:925} INFO - DAG(s) 'train_weather_pred' retrieved from /opt/airflow/dags/train_weather_pred.py
[2025-07-22T05:26:47.096+0000] {logging_mixin.py:190} INFO - [2025-07-22T05:26:47.096+0000] {dag.py:3239} INFO - Sync 1 DAGs
[2025-07-22T05:26:47.117+0000] {logging_mixin.py:190} INFO - [2025-07-22T05:26:47.116+0000] {dag.py:4180} INFO - Setting next_dagrun for train_weather_pred to 2025-07-22 00:00:00+00:00, run_after=2025-07-23 00:00:00+00:00
[2025-07-22T05:26:47.132+0000] {processor.py:208} INFO - Processing /opt/airflow/dags/train_weather_pred.py took 3.382 seconds
[2025-07-22T05:27:18.424+0000] {processor.py:186} INFO - Started process (PID=20117) to work on /opt/airflow/dags/train_weather_pred.py
[2025-07-22T05:27:18.425+0000] {processor.py:914} INFO - Processing file /opt/airflow/dags/train_weather_pred.py for tasks to queue
[2025-07-22T05:27:18.427+0000] {logging_mixin.py:190} INFO - [2025-07-22T05:27:18.426+0000] {dagbag.py:588} INFO - Filling up the DagBag from /opt/airflow/dags/train_weather_pred.py
[2025-07-22T05:27:21.819+0000] {processor.py:925} INFO - DAG(s) 'train_weather_pred' retrieved from /opt/airflow/dags/train_weather_pred.py
[2025-07-22T05:27:21.843+0000] {logging_mixin.py:190} INFO - [2025-07-22T05:27:21.842+0000] {dag.py:3239} INFO - Sync 1 DAGs
[2025-07-22T05:27:21.863+0000] {logging_mixin.py:190} INFO - [2025-07-22T05:27:21.863+0000] {dag.py:4180} INFO - Setting next_dagrun for train_weather_pred to 2025-07-22 00:00:00+00:00, run_after=2025-07-23 00:00:00+00:00
[2025-07-22T05:27:21.880+0000] {processor.py:208} INFO - Processing /opt/airflow/dags/train_weather_pred.py took 3.462 seconds
[2025-07-22T05:27:53.260+0000] {processor.py:186} INFO - Started process (PID=20221) to work on /opt/airflow/dags/train_weather_pred.py
[2025-07-22T05:27:53.261+0000] {processor.py:914} INFO - Processing file /opt/airflow/dags/train_weather_pred.py for tasks to queue
[2025-07-22T05:27:53.264+0000] {logging_mixin.py:190} INFO - [2025-07-22T05:27:53.264+0000] {dagbag.py:588} INFO - Filling up the DagBag from /opt/airflow/dags/train_weather_pred.py
[2025-07-22T05:27:56.754+0000] {processor.py:925} INFO - DAG(s) 'train_weather_pred' retrieved from /opt/airflow/dags/train_weather_pred.py
[2025-07-22T05:27:56.779+0000] {logging_mixin.py:190} INFO - [2025-07-22T05:27:56.779+0000] {dag.py:3239} INFO - Sync 1 DAGs
[2025-07-22T05:27:56.797+0000] {logging_mixin.py:190} INFO - [2025-07-22T05:27:56.797+0000] {dag.py:4180} INFO - Setting next_dagrun for train_weather_pred to 2025-07-22 00:00:00+00:00, run_after=2025-07-23 00:00:00+00:00
[2025-07-22T05:27:56.812+0000] {processor.py:208} INFO - Processing /opt/airflow/dags/train_weather_pred.py took 3.558 seconds
[2025-07-22T05:28:27.908+0000] {processor.py:186} INFO - Started process (PID=20319) to work on /opt/airflow/dags/train_weather_pred.py
[2025-07-22T05:28:27.909+0000] {processor.py:914} INFO - Processing file /opt/airflow/dags/train_weather_pred.py for tasks to queue
[2025-07-22T05:28:27.911+0000] {logging_mixin.py:190} INFO - [2025-07-22T05:28:27.911+0000] {dagbag.py:588} INFO - Filling up the DagBag from /opt/airflow/dags/train_weather_pred.py
[2025-07-22T05:28:31.267+0000] {processor.py:925} INFO - DAG(s) 'train_weather_pred' retrieved from /opt/airflow/dags/train_weather_pred.py
[2025-07-22T05:28:31.297+0000] {logging_mixin.py:190} INFO - [2025-07-22T05:28:31.296+0000] {dag.py:3239} INFO - Sync 1 DAGs
[2025-07-22T05:28:31.324+0000] {logging_mixin.py:190} INFO - [2025-07-22T05:28:31.323+0000] {dag.py:4180} INFO - Setting next_dagrun for train_weather_pred to 2025-07-22 00:00:00+00:00, run_after=2025-07-23 00:00:00+00:00
[2025-07-22T05:28:31.346+0000] {processor.py:208} INFO - Processing /opt/airflow/dags/train_weather_pred.py took 3.444 seconds
[2025-07-22T05:29:02.383+0000] {processor.py:186} INFO - Started process (PID=20417) to work on /opt/airflow/dags/train_weather_pred.py
[2025-07-22T05:29:02.384+0000] {processor.py:914} INFO - Processing file /opt/airflow/dags/train_weather_pred.py for tasks to queue
[2025-07-22T05:29:02.386+0000] {logging_mixin.py:190} INFO - [2025-07-22T05:29:02.386+0000] {dagbag.py:588} INFO - Filling up the DagBag from /opt/airflow/dags/train_weather_pred.py
[2025-07-22T05:29:05.696+0000] {processor.py:925} INFO - DAG(s) 'train_weather_pred' retrieved from /opt/airflow/dags/train_weather_pred.py
[2025-07-22T05:29:05.723+0000] {logging_mixin.py:190} INFO - [2025-07-22T05:29:05.722+0000] {dag.py:3239} INFO - Sync 1 DAGs
[2025-07-22T05:29:05.742+0000] {logging_mixin.py:190} INFO - [2025-07-22T05:29:05.742+0000] {dag.py:4180} INFO - Setting next_dagrun for train_weather_pred to 2025-07-22 00:00:00+00:00, run_after=2025-07-23 00:00:00+00:00
[2025-07-22T05:29:05.758+0000] {processor.py:208} INFO - Processing /opt/airflow/dags/train_weather_pred.py took 3.380 seconds
[2025-07-22T05:29:36.941+0000] {processor.py:186} INFO - Started process (PID=20515) to work on /opt/airflow/dags/train_weather_pred.py
[2025-07-22T05:29:36.943+0000] {processor.py:914} INFO - Processing file /opt/airflow/dags/train_weather_pred.py for tasks to queue
[2025-07-22T05:29:36.945+0000] {logging_mixin.py:190} INFO - [2025-07-22T05:29:36.945+0000] {dagbag.py:588} INFO - Filling up the DagBag from /opt/airflow/dags/train_weather_pred.py
[2025-07-22T05:29:40.267+0000] {processor.py:925} INFO - DAG(s) 'train_weather_pred' retrieved from /opt/airflow/dags/train_weather_pred.py
[2025-07-22T05:29:40.291+0000] {logging_mixin.py:190} INFO - [2025-07-22T05:29:40.291+0000] {dag.py:3239} INFO - Sync 1 DAGs
[2025-07-22T05:29:40.312+0000] {logging_mixin.py:190} INFO - [2025-07-22T05:29:40.312+0000] {dag.py:4180} INFO - Setting next_dagrun for train_weather_pred to 2025-07-22 00:00:00+00:00, run_after=2025-07-23 00:00:00+00:00
[2025-07-22T05:29:40.327+0000] {processor.py:208} INFO - Processing /opt/airflow/dags/train_weather_pred.py took 3.392 seconds
[2025-07-22T05:30:11.581+0000] {processor.py:186} INFO - Started process (PID=20613) to work on /opt/airflow/dags/train_weather_pred.py
[2025-07-22T05:30:11.582+0000] {processor.py:914} INFO - Processing file /opt/airflow/dags/train_weather_pred.py for tasks to queue
[2025-07-22T05:30:11.585+0000] {logging_mixin.py:190} INFO - [2025-07-22T05:30:11.584+0000] {dagbag.py:588} INFO - Filling up the DagBag from /opt/airflow/dags/train_weather_pred.py
[2025-07-22T05:30:14.917+0000] {processor.py:925} INFO - DAG(s) 'train_weather_pred' retrieved from /opt/airflow/dags/train_weather_pred.py
[2025-07-22T05:30:14.950+0000] {logging_mixin.py:190} INFO - [2025-07-22T05:30:14.949+0000] {dag.py:3239} INFO - Sync 1 DAGs
[2025-07-22T05:30:14.971+0000] {logging_mixin.py:190} INFO - [2025-07-22T05:30:14.971+0000] {dag.py:4180} INFO - Setting next_dagrun for train_weather_pred to 2025-07-22 00:00:00+00:00, run_after=2025-07-23 00:00:00+00:00
[2025-07-22T05:30:14.991+0000] {processor.py:208} INFO - Processing /opt/airflow/dags/train_weather_pred.py took 3.418 seconds
[2025-07-22T05:30:46.892+0000] {processor.py:186} INFO - Started process (PID=20711) to work on /opt/airflow/dags/train_weather_pred.py
[2025-07-22T05:30:46.893+0000] {processor.py:914} INFO - Processing file /opt/airflow/dags/train_weather_pred.py for tasks to queue
[2025-07-22T05:30:46.895+0000] {logging_mixin.py:190} INFO - [2025-07-22T05:30:46.895+0000] {dagbag.py:588} INFO - Filling up the DagBag from /opt/airflow/dags/train_weather_pred.py
[2025-07-22T05:30:50.139+0000] {processor.py:925} INFO - DAG(s) 'train_weather_pred' retrieved from /opt/airflow/dags/train_weather_pred.py
[2025-07-22T05:30:50.162+0000] {logging_mixin.py:190} INFO - [2025-07-22T05:30:50.162+0000] {dag.py:3239} INFO - Sync 1 DAGs
[2025-07-22T05:30:50.182+0000] {logging_mixin.py:190} INFO - [2025-07-22T05:30:50.182+0000] {dag.py:4180} INFO - Setting next_dagrun for train_weather_pred to 2025-07-22 00:00:00+00:00, run_after=2025-07-23 00:00:00+00:00
[2025-07-22T05:30:50.198+0000] {processor.py:208} INFO - Processing /opt/airflow/dags/train_weather_pred.py took 3.312 seconds
[2025-07-22T05:31:22.048+0000] {processor.py:186} INFO - Started process (PID=20816) to work on /opt/airflow/dags/train_weather_pred.py
[2025-07-22T05:31:22.050+0000] {processor.py:914} INFO - Processing file /opt/airflow/dags/train_weather_pred.py for tasks to queue
[2025-07-22T05:31:22.052+0000] {logging_mixin.py:190} INFO - [2025-07-22T05:31:22.051+0000] {dagbag.py:588} INFO - Filling up the DagBag from /opt/airflow/dags/train_weather_pred.py
[2025-07-22T05:31:25.324+0000] {processor.py:925} INFO - DAG(s) 'train_weather_pred' retrieved from /opt/airflow/dags/train_weather_pred.py
[2025-07-22T05:31:25.345+0000] {logging_mixin.py:190} INFO - [2025-07-22T05:31:25.344+0000] {dag.py:3239} INFO - Sync 1 DAGs
[2025-07-22T05:31:25.362+0000] {logging_mixin.py:190} INFO - [2025-07-22T05:31:25.362+0000] {dag.py:4180} INFO - Setting next_dagrun for train_weather_pred to 2025-07-22 00:00:00+00:00, run_after=2025-07-23 00:00:00+00:00
[2025-07-22T05:31:25.377+0000] {processor.py:208} INFO - Processing /opt/airflow/dags/train_weather_pred.py took 3.335 seconds
[2025-07-22T05:31:57.344+0000] {processor.py:186} INFO - Started process (PID=20914) to work on /opt/airflow/dags/train_weather_pred.py
[2025-07-22T05:31:57.345+0000] {processor.py:914} INFO - Processing file /opt/airflow/dags/train_weather_pred.py for tasks to queue
[2025-07-22T05:31:57.348+0000] {logging_mixin.py:190} INFO - [2025-07-22T05:31:57.348+0000] {dagbag.py:588} INFO - Filling up the DagBag from /opt/airflow/dags/train_weather_pred.py
[2025-07-22T05:32:00.706+0000] {processor.py:925} INFO - DAG(s) 'train_weather_pred' retrieved from /opt/airflow/dags/train_weather_pred.py
[2025-07-22T05:32:00.730+0000] {logging_mixin.py:190} INFO - [2025-07-22T05:32:00.729+0000] {dag.py:3239} INFO - Sync 1 DAGs
[2025-07-22T05:32:00.748+0000] {logging_mixin.py:190} INFO - [2025-07-22T05:32:00.748+0000] {dag.py:4180} INFO - Setting next_dagrun for train_weather_pred to 2025-07-22 00:00:00+00:00, run_after=2025-07-23 00:00:00+00:00
[2025-07-22T05:32:00.764+0000] {processor.py:208} INFO - Processing /opt/airflow/dags/train_weather_pred.py took 3.428 seconds
[2025-07-22T05:32:32.839+0000] {processor.py:186} INFO - Started process (PID=21012) to work on /opt/airflow/dags/train_weather_pred.py
[2025-07-22T05:32:32.840+0000] {processor.py:914} INFO - Processing file /opt/airflow/dags/train_weather_pred.py for tasks to queue
[2025-07-22T05:32:32.842+0000] {logging_mixin.py:190} INFO - [2025-07-22T05:32:32.842+0000] {dagbag.py:588} INFO - Filling up the DagBag from /opt/airflow/dags/train_weather_pred.py
[2025-07-22T05:32:36.055+0000] {processor.py:925} INFO - DAG(s) 'train_weather_pred' retrieved from /opt/airflow/dags/train_weather_pred.py
[2025-07-22T05:32:36.080+0000] {logging_mixin.py:190} INFO - [2025-07-22T05:32:36.080+0000] {dag.py:3239} INFO - Sync 1 DAGs
[2025-07-22T05:32:36.102+0000] {logging_mixin.py:190} INFO - [2025-07-22T05:32:36.102+0000] {dag.py:4180} INFO - Setting next_dagrun for train_weather_pred to 2025-07-22 00:00:00+00:00, run_after=2025-07-23 00:00:00+00:00
[2025-07-22T05:32:36.120+0000] {processor.py:208} INFO - Processing /opt/airflow/dags/train_weather_pred.py took 3.287 seconds
[2025-07-22T05:33:07.952+0000] {processor.py:186} INFO - Started process (PID=21110) to work on /opt/airflow/dags/train_weather_pred.py
[2025-07-22T05:33:07.953+0000] {processor.py:914} INFO - Processing file /opt/airflow/dags/train_weather_pred.py for tasks to queue
[2025-07-22T05:33:07.956+0000] {logging_mixin.py:190} INFO - [2025-07-22T05:33:07.955+0000] {dagbag.py:588} INFO - Filling up the DagBag from /opt/airflow/dags/train_weather_pred.py
[2025-07-22T05:33:11.473+0000] {processor.py:925} INFO - DAG(s) 'train_weather_pred' retrieved from /opt/airflow/dags/train_weather_pred.py
[2025-07-22T05:33:11.495+0000] {logging_mixin.py:190} INFO - [2025-07-22T05:33:11.495+0000] {dag.py:3239} INFO - Sync 1 DAGs
[2025-07-22T05:33:11.512+0000] {logging_mixin.py:190} INFO - [2025-07-22T05:33:11.512+0000] {dag.py:4180} INFO - Setting next_dagrun for train_weather_pred to 2025-07-22 00:00:00+00:00, run_after=2025-07-23 00:00:00+00:00
[2025-07-22T05:33:11.528+0000] {processor.py:208} INFO - Processing /opt/airflow/dags/train_weather_pred.py took 3.581 seconds
[2025-07-22T05:33:43.404+0000] {processor.py:186} INFO - Started process (PID=21208) to work on /opt/airflow/dags/train_weather_pred.py
[2025-07-22T05:33:43.405+0000] {processor.py:914} INFO - Processing file /opt/airflow/dags/train_weather_pred.py for tasks to queue
[2025-07-22T05:33:43.406+0000] {logging_mixin.py:190} INFO - [2025-07-22T05:33:43.406+0000] {dagbag.py:588} INFO - Filling up the DagBag from /opt/airflow/dags/train_weather_pred.py
[2025-07-22T05:33:46.594+0000] {processor.py:925} INFO - DAG(s) 'train_weather_pred' retrieved from /opt/airflow/dags/train_weather_pred.py
[2025-07-22T05:33:46.618+0000] {logging_mixin.py:190} INFO - [2025-07-22T05:33:46.618+0000] {dag.py:3239} INFO - Sync 1 DAGs
[2025-07-22T05:33:46.640+0000] {logging_mixin.py:190} INFO - [2025-07-22T05:33:46.639+0000] {dag.py:4180} INFO - Setting next_dagrun for train_weather_pred to 2025-07-22 00:00:00+00:00, run_after=2025-07-23 00:00:00+00:00
[2025-07-22T05:33:46.655+0000] {processor.py:208} INFO - Processing /opt/airflow/dags/train_weather_pred.py took 3.258 seconds
[2025-07-22T05:34:18.636+0000] {processor.py:186} INFO - Started process (PID=21306) to work on /opt/airflow/dags/train_weather_pred.py
[2025-07-22T05:34:18.637+0000] {processor.py:914} INFO - Processing file /opt/airflow/dags/train_weather_pred.py for tasks to queue
[2025-07-22T05:34:18.639+0000] {logging_mixin.py:190} INFO - [2025-07-22T05:34:18.639+0000] {dagbag.py:588} INFO - Filling up the DagBag from /opt/airflow/dags/train_weather_pred.py
[2025-07-22T05:34:22.128+0000] {processor.py:925} INFO - DAG(s) 'train_weather_pred' retrieved from /opt/airflow/dags/train_weather_pred.py
[2025-07-22T05:34:22.152+0000] {logging_mixin.py:190} INFO - [2025-07-22T05:34:22.151+0000] {dag.py:3239} INFO - Sync 1 DAGs
[2025-07-22T05:34:22.169+0000] {logging_mixin.py:190} INFO - [2025-07-22T05:34:22.169+0000] {dag.py:4180} INFO - Setting next_dagrun for train_weather_pred to 2025-07-22 00:00:00+00:00, run_after=2025-07-23 00:00:00+00:00
[2025-07-22T05:34:22.185+0000] {processor.py:208} INFO - Processing /opt/airflow/dags/train_weather_pred.py took 3.555 seconds
[2025-07-22T05:34:53.217+0000] {processor.py:186} INFO - Started process (PID=21410) to work on /opt/airflow/dags/train_weather_pred.py
[2025-07-22T05:34:53.218+0000] {processor.py:914} INFO - Processing file /opt/airflow/dags/train_weather_pred.py for tasks to queue
[2025-07-22T05:34:53.220+0000] {logging_mixin.py:190} INFO - [2025-07-22T05:34:53.220+0000] {dagbag.py:588} INFO - Filling up the DagBag from /opt/airflow/dags/train_weather_pred.py
[2025-07-22T05:34:56.665+0000] {processor.py:925} INFO - DAG(s) 'train_weather_pred' retrieved from /opt/airflow/dags/train_weather_pred.py
[2025-07-22T05:34:56.685+0000] {logging_mixin.py:190} INFO - [2025-07-22T05:34:56.685+0000] {dag.py:3239} INFO - Sync 1 DAGs
[2025-07-22T05:34:56.708+0000] {logging_mixin.py:190} INFO - [2025-07-22T05:34:56.708+0000] {dag.py:4180} INFO - Setting next_dagrun for train_weather_pred to 2025-07-22 00:00:00+00:00, run_after=2025-07-23 00:00:00+00:00
[2025-07-22T05:34:56.727+0000] {processor.py:208} INFO - Processing /opt/airflow/dags/train_weather_pred.py took 3.515 seconds
[2025-07-22T05:35:28.638+0000] {processor.py:186} INFO - Started process (PID=21508) to work on /opt/airflow/dags/train_weather_pred.py
[2025-07-22T05:35:28.639+0000] {processor.py:914} INFO - Processing file /opt/airflow/dags/train_weather_pred.py for tasks to queue
[2025-07-22T05:35:28.641+0000] {logging_mixin.py:190} INFO - [2025-07-22T05:35:28.640+0000] {dagbag.py:588} INFO - Filling up the DagBag from /opt/airflow/dags/train_weather_pred.py
[2025-07-22T05:35:31.963+0000] {processor.py:925} INFO - DAG(s) 'train_weather_pred' retrieved from /opt/airflow/dags/train_weather_pred.py
[2025-07-22T05:35:31.986+0000] {logging_mixin.py:190} INFO - [2025-07-22T05:35:31.986+0000] {dag.py:3239} INFO - Sync 1 DAGs
[2025-07-22T05:35:32.006+0000] {logging_mixin.py:190} INFO - [2025-07-22T05:35:32.005+0000] {dag.py:4180} INFO - Setting next_dagrun for train_weather_pred to 2025-07-22 00:00:00+00:00, run_after=2025-07-23 00:00:00+00:00
[2025-07-22T05:35:32.020+0000] {processor.py:208} INFO - Processing /opt/airflow/dags/train_weather_pred.py took 3.388 seconds
[2025-07-22T05:36:03.931+0000] {processor.py:186} INFO - Started process (PID=21606) to work on /opt/airflow/dags/train_weather_pred.py
[2025-07-22T05:36:03.933+0000] {processor.py:914} INFO - Processing file /opt/airflow/dags/train_weather_pred.py for tasks to queue
[2025-07-22T05:36:03.935+0000] {logging_mixin.py:190} INFO - [2025-07-22T05:36:03.935+0000] {dagbag.py:588} INFO - Filling up the DagBag from /opt/airflow/dags/train_weather_pred.py
[2025-07-22T05:36:07.139+0000] {processor.py:925} INFO - DAG(s) 'train_weather_pred' retrieved from /opt/airflow/dags/train_weather_pred.py
[2025-07-22T05:36:07.160+0000] {logging_mixin.py:190} INFO - [2025-07-22T05:36:07.160+0000] {dag.py:3239} INFO - Sync 1 DAGs
[2025-07-22T05:36:07.179+0000] {logging_mixin.py:190} INFO - [2025-07-22T05:36:07.179+0000] {dag.py:4180} INFO - Setting next_dagrun for train_weather_pred to 2025-07-22 00:00:00+00:00, run_after=2025-07-23 00:00:00+00:00
[2025-07-22T05:36:07.196+0000] {processor.py:208} INFO - Processing /opt/airflow/dags/train_weather_pred.py took 3.270 seconds
[2025-07-22T05:36:38.470+0000] {processor.py:186} INFO - Started process (PID=21704) to work on /opt/airflow/dags/train_weather_pred.py
[2025-07-22T05:36:38.471+0000] {processor.py:914} INFO - Processing file /opt/airflow/dags/train_weather_pred.py for tasks to queue
[2025-07-22T05:36:38.472+0000] {logging_mixin.py:190} INFO - [2025-07-22T05:36:38.472+0000] {dagbag.py:588} INFO - Filling up the DagBag from /opt/airflow/dags/train_weather_pred.py
[2025-07-22T05:36:41.714+0000] {processor.py:925} INFO - DAG(s) 'train_weather_pred' retrieved from /opt/airflow/dags/train_weather_pred.py
[2025-07-22T05:36:41.734+0000] {logging_mixin.py:190} INFO - [2025-07-22T05:36:41.734+0000] {dag.py:3239} INFO - Sync 1 DAGs
[2025-07-22T05:36:41.751+0000] {logging_mixin.py:190} INFO - [2025-07-22T05:36:41.751+0000] {dag.py:4180} INFO - Setting next_dagrun for train_weather_pred to 2025-07-22 00:00:00+00:00, run_after=2025-07-23 00:00:00+00:00
[2025-07-22T05:36:41.769+0000] {processor.py:208} INFO - Processing /opt/airflow/dags/train_weather_pred.py took 3.304 seconds
[2025-07-22T05:37:13.812+0000] {processor.py:186} INFO - Started process (PID=21802) to work on /opt/airflow/dags/train_weather_pred.py
[2025-07-22T05:37:13.813+0000] {processor.py:914} INFO - Processing file /opt/airflow/dags/train_weather_pred.py for tasks to queue
[2025-07-22T05:37:13.816+0000] {logging_mixin.py:190} INFO - [2025-07-22T05:37:13.816+0000] {dagbag.py:588} INFO - Filling up the DagBag from /opt/airflow/dags/train_weather_pred.py
[2025-07-22T05:37:17.137+0000] {processor.py:925} INFO - DAG(s) 'train_weather_pred' retrieved from /opt/airflow/dags/train_weather_pred.py
[2025-07-22T05:37:17.160+0000] {logging_mixin.py:190} INFO - [2025-07-22T05:37:17.159+0000] {dag.py:3239} INFO - Sync 1 DAGs
[2025-07-22T05:37:17.179+0000] {logging_mixin.py:190} INFO - [2025-07-22T05:37:17.179+0000] {dag.py:4180} INFO - Setting next_dagrun for train_weather_pred to 2025-07-22 00:00:00+00:00, run_after=2025-07-23 00:00:00+00:00
[2025-07-22T05:37:17.195+0000] {processor.py:208} INFO - Processing /opt/airflow/dags/train_weather_pred.py took 3.391 seconds
[2025-07-22T05:37:48.360+0000] {processor.py:186} INFO - Started process (PID=21900) to work on /opt/airflow/dags/train_weather_pred.py
[2025-07-22T05:37:48.361+0000] {processor.py:914} INFO - Processing file /opt/airflow/dags/train_weather_pred.py for tasks to queue
[2025-07-22T05:37:48.364+0000] {logging_mixin.py:190} INFO - [2025-07-22T05:37:48.363+0000] {dagbag.py:588} INFO - Filling up the DagBag from /opt/airflow/dags/train_weather_pred.py
[2025-07-22T05:37:51.773+0000] {processor.py:925} INFO - DAG(s) 'train_weather_pred' retrieved from /opt/airflow/dags/train_weather_pred.py
[2025-07-22T05:37:51.794+0000] {logging_mixin.py:190} INFO - [2025-07-22T05:37:51.794+0000] {dag.py:3239} INFO - Sync 1 DAGs
[2025-07-22T05:37:51.815+0000] {logging_mixin.py:190} INFO - [2025-07-22T05:37:51.815+0000] {dag.py:4180} INFO - Setting next_dagrun for train_weather_pred to 2025-07-22 00:00:00+00:00, run_after=2025-07-23 00:00:00+00:00
[2025-07-22T05:37:51.832+0000] {processor.py:208} INFO - Processing /opt/airflow/dags/train_weather_pred.py took 3.478 seconds
[2025-07-22T05:38:23.804+0000] {processor.py:186} INFO - Started process (PID=22004) to work on /opt/airflow/dags/train_weather_pred.py
[2025-07-22T05:38:23.806+0000] {processor.py:914} INFO - Processing file /opt/airflow/dags/train_weather_pred.py for tasks to queue
[2025-07-22T05:38:23.809+0000] {logging_mixin.py:190} INFO - [2025-07-22T05:38:23.808+0000] {dagbag.py:588} INFO - Filling up the DagBag from /opt/airflow/dags/train_weather_pred.py
[2025-07-22T05:38:27.255+0000] {processor.py:925} INFO - DAG(s) 'train_weather_pred' retrieved from /opt/airflow/dags/train_weather_pred.py
[2025-07-22T05:38:27.276+0000] {logging_mixin.py:190} INFO - [2025-07-22T05:38:27.276+0000] {dag.py:3239} INFO - Sync 1 DAGs
[2025-07-22T05:38:27.295+0000] {logging_mixin.py:190} INFO - [2025-07-22T05:38:27.294+0000] {dag.py:4180} INFO - Setting next_dagrun for train_weather_pred to 2025-07-22 00:00:00+00:00, run_after=2025-07-23 00:00:00+00:00
[2025-07-22T05:38:27.313+0000] {processor.py:208} INFO - Processing /opt/airflow/dags/train_weather_pred.py took 3.514 seconds
[2025-07-22T05:38:58.425+0000] {processor.py:186} INFO - Started process (PID=22102) to work on /opt/airflow/dags/train_weather_pred.py
[2025-07-22T05:38:58.426+0000] {processor.py:914} INFO - Processing file /opt/airflow/dags/train_weather_pred.py for tasks to queue
[2025-07-22T05:38:58.430+0000] {logging_mixin.py:190} INFO - [2025-07-22T05:38:58.429+0000] {dagbag.py:588} INFO - Filling up the DagBag from /opt/airflow/dags/train_weather_pred.py
[2025-07-22T05:39:01.930+0000] {processor.py:925} INFO - DAG(s) 'train_weather_pred' retrieved from /opt/airflow/dags/train_weather_pred.py
[2025-07-22T05:39:01.954+0000] {logging_mixin.py:190} INFO - [2025-07-22T05:39:01.953+0000] {dag.py:3239} INFO - Sync 1 DAGs
[2025-07-22T05:39:01.976+0000] {logging_mixin.py:190} INFO - [2025-07-22T05:39:01.975+0000] {dag.py:4180} INFO - Setting next_dagrun for train_weather_pred to 2025-07-22 00:00:00+00:00, run_after=2025-07-23 00:00:00+00:00
[2025-07-22T05:39:01.992+0000] {processor.py:208} INFO - Processing /opt/airflow/dags/train_weather_pred.py took 3.575 seconds
[2025-07-22T05:39:33.174+0000] {processor.py:186} INFO - Started process (PID=22200) to work on /opt/airflow/dags/train_weather_pred.py
[2025-07-22T05:39:33.175+0000] {processor.py:914} INFO - Processing file /opt/airflow/dags/train_weather_pred.py for tasks to queue
[2025-07-22T05:39:33.177+0000] {logging_mixin.py:190} INFO - [2025-07-22T05:39:33.177+0000] {dagbag.py:588} INFO - Filling up the DagBag from /opt/airflow/dags/train_weather_pred.py
[2025-07-22T05:39:36.405+0000] {processor.py:925} INFO - DAG(s) 'train_weather_pred' retrieved from /opt/airflow/dags/train_weather_pred.py
[2025-07-22T05:39:36.427+0000] {logging_mixin.py:190} INFO - [2025-07-22T05:39:36.426+0000] {dag.py:3239} INFO - Sync 1 DAGs
[2025-07-22T05:39:36.444+0000] {logging_mixin.py:190} INFO - [2025-07-22T05:39:36.444+0000] {dag.py:4180} INFO - Setting next_dagrun for train_weather_pred to 2025-07-22 00:00:00+00:00, run_after=2025-07-23 00:00:00+00:00
[2025-07-22T05:39:36.461+0000] {processor.py:208} INFO - Processing /opt/airflow/dags/train_weather_pred.py took 3.293 seconds
[2025-07-22T05:40:08.120+0000] {processor.py:186} INFO - Started process (PID=22298) to work on /opt/airflow/dags/train_weather_pred.py
[2025-07-22T05:40:08.121+0000] {processor.py:914} INFO - Processing file /opt/airflow/dags/train_weather_pred.py for tasks to queue
[2025-07-22T05:40:08.123+0000] {logging_mixin.py:190} INFO - [2025-07-22T05:40:08.123+0000] {dagbag.py:588} INFO - Filling up the DagBag from /opt/airflow/dags/train_weather_pred.py
[2025-07-22T05:40:11.368+0000] {processor.py:925} INFO - DAG(s) 'train_weather_pred' retrieved from /opt/airflow/dags/train_weather_pred.py
[2025-07-22T05:40:11.391+0000] {logging_mixin.py:190} INFO - [2025-07-22T05:40:11.390+0000] {dag.py:3239} INFO - Sync 1 DAGs
[2025-07-22T05:40:11.410+0000] {logging_mixin.py:190} INFO - [2025-07-22T05:40:11.410+0000] {dag.py:4180} INFO - Setting next_dagrun for train_weather_pred to 2025-07-22 00:00:00+00:00, run_after=2025-07-23 00:00:00+00:00
[2025-07-22T05:40:11.425+0000] {processor.py:208} INFO - Processing /opt/airflow/dags/train_weather_pred.py took 3.310 seconds
[2025-07-22T05:40:42.516+0000] {processor.py:186} INFO - Started process (PID=22396) to work on /opt/airflow/dags/train_weather_pred.py
[2025-07-22T05:40:42.517+0000] {processor.py:914} INFO - Processing file /opt/airflow/dags/train_weather_pred.py for tasks to queue
[2025-07-22T05:40:42.520+0000] {logging_mixin.py:190} INFO - [2025-07-22T05:40:42.519+0000] {dagbag.py:588} INFO - Filling up the DagBag from /opt/airflow/dags/train_weather_pred.py
[2025-07-22T05:40:45.844+0000] {processor.py:925} INFO - DAG(s) 'train_weather_pred' retrieved from /opt/airflow/dags/train_weather_pred.py
[2025-07-22T05:40:45.868+0000] {logging_mixin.py:190} INFO - [2025-07-22T05:40:45.867+0000] {dag.py:3239} INFO - Sync 1 DAGs
[2025-07-22T05:40:45.889+0000] {logging_mixin.py:190} INFO - [2025-07-22T05:40:45.889+0000] {dag.py:4180} INFO - Setting next_dagrun for train_weather_pred to 2025-07-22 00:00:00+00:00, run_after=2025-07-23 00:00:00+00:00
[2025-07-22T05:40:45.909+0000] {processor.py:208} INFO - Processing /opt/airflow/dags/train_weather_pred.py took 3.401 seconds
[2025-07-22T05:41:17.952+0000] {processor.py:186} INFO - Started process (PID=22494) to work on /opt/airflow/dags/train_weather_pred.py
[2025-07-22T05:41:17.953+0000] {processor.py:914} INFO - Processing file /opt/airflow/dags/train_weather_pred.py for tasks to queue
[2025-07-22T05:41:17.955+0000] {logging_mixin.py:190} INFO - [2025-07-22T05:41:17.955+0000] {dagbag.py:588} INFO - Filling up the DagBag from /opt/airflow/dags/train_weather_pred.py
[2025-07-22T05:41:21.479+0000] {processor.py:925} INFO - DAG(s) 'train_weather_pred' retrieved from /opt/airflow/dags/train_weather_pred.py
[2025-07-22T05:41:21.507+0000] {logging_mixin.py:190} INFO - [2025-07-22T05:41:21.506+0000] {dag.py:3239} INFO - Sync 1 DAGs
[2025-07-22T05:41:21.567+0000] {logging_mixin.py:190} INFO - [2025-07-22T05:41:21.567+0000] {dag.py:4180} INFO - Setting next_dagrun for train_weather_pred to 2025-07-22 00:00:00+00:00, run_after=2025-07-23 00:00:00+00:00
[2025-07-22T05:41:21.599+0000] {processor.py:208} INFO - Processing /opt/airflow/dags/train_weather_pred.py took 3.652 seconds
[2025-07-22T05:41:52.918+0000] {processor.py:186} INFO - Started process (PID=22598) to work on /opt/airflow/dags/train_weather_pred.py
[2025-07-22T05:41:52.919+0000] {processor.py:914} INFO - Processing file /opt/airflow/dags/train_weather_pred.py for tasks to queue
[2025-07-22T05:41:52.921+0000] {logging_mixin.py:190} INFO - [2025-07-22T05:41:52.921+0000] {dagbag.py:588} INFO - Filling up the DagBag from /opt/airflow/dags/train_weather_pred.py
[2025-07-22T05:41:56.230+0000] {processor.py:925} INFO - DAG(s) 'train_weather_pred' retrieved from /opt/airflow/dags/train_weather_pred.py
[2025-07-22T05:41:56.251+0000] {logging_mixin.py:190} INFO - [2025-07-22T05:41:56.251+0000] {dag.py:3239} INFO - Sync 1 DAGs
[2025-07-22T05:41:56.270+0000] {logging_mixin.py:190} INFO - [2025-07-22T05:41:56.269+0000] {dag.py:4180} INFO - Setting next_dagrun for train_weather_pred to 2025-07-22 00:00:00+00:00, run_after=2025-07-23 00:00:00+00:00
[2025-07-22T05:41:56.286+0000] {processor.py:208} INFO - Processing /opt/airflow/dags/train_weather_pred.py took 3.375 seconds
[2025-07-22T05:42:28.173+0000] {processor.py:186} INFO - Started process (PID=22696) to work on /opt/airflow/dags/train_weather_pred.py
[2025-07-22T05:42:28.174+0000] {processor.py:914} INFO - Processing file /opt/airflow/dags/train_weather_pred.py for tasks to queue
[2025-07-22T05:42:28.176+0000] {logging_mixin.py:190} INFO - [2025-07-22T05:42:28.176+0000] {dagbag.py:588} INFO - Filling up the DagBag from /opt/airflow/dags/train_weather_pred.py
[2025-07-22T05:42:31.456+0000] {processor.py:925} INFO - DAG(s) 'train_weather_pred' retrieved from /opt/airflow/dags/train_weather_pred.py
[2025-07-22T05:42:31.478+0000] {logging_mixin.py:190} INFO - [2025-07-22T05:42:31.478+0000] {dag.py:3239} INFO - Sync 1 DAGs
[2025-07-22T05:42:31.496+0000] {logging_mixin.py:190} INFO - [2025-07-22T05:42:31.496+0000] {dag.py:4180} INFO - Setting next_dagrun for train_weather_pred to 2025-07-22 00:00:00+00:00, run_after=2025-07-23 00:00:00+00:00
[2025-07-22T05:42:31.511+0000] {processor.py:208} INFO - Processing /opt/airflow/dags/train_weather_pred.py took 3.344 seconds
[2025-07-22T05:43:03.379+0000] {processor.py:186} INFO - Started process (PID=22794) to work on /opt/airflow/dags/train_weather_pred.py
[2025-07-22T05:43:03.381+0000] {processor.py:914} INFO - Processing file /opt/airflow/dags/train_weather_pred.py for tasks to queue
[2025-07-22T05:43:03.383+0000] {logging_mixin.py:190} INFO - [2025-07-22T05:43:03.383+0000] {dagbag.py:588} INFO - Filling up the DagBag from /opt/airflow/dags/train_weather_pred.py
[2025-07-22T05:43:06.704+0000] {processor.py:925} INFO - DAG(s) 'train_weather_pred' retrieved from /opt/airflow/dags/train_weather_pred.py
[2025-07-22T05:43:06.725+0000] {logging_mixin.py:190} INFO - [2025-07-22T05:43:06.725+0000] {dag.py:3239} INFO - Sync 1 DAGs
[2025-07-22T05:43:06.743+0000] {logging_mixin.py:190} INFO - [2025-07-22T05:43:06.743+0000] {dag.py:4180} INFO - Setting next_dagrun for train_weather_pred to 2025-07-22 00:00:00+00:00, run_after=2025-07-23 00:00:00+00:00
[2025-07-22T05:43:06.761+0000] {processor.py:208} INFO - Processing /opt/airflow/dags/train_weather_pred.py took 3.388 seconds
[2025-07-22T05:43:38.207+0000] {processor.py:186} INFO - Started process (PID=22892) to work on /opt/airflow/dags/train_weather_pred.py
[2025-07-22T05:43:38.208+0000] {processor.py:914} INFO - Processing file /opt/airflow/dags/train_weather_pred.py for tasks to queue
[2025-07-22T05:43:38.210+0000] {logging_mixin.py:190} INFO - [2025-07-22T05:43:38.210+0000] {dagbag.py:588} INFO - Filling up the DagBag from /opt/airflow/dags/train_weather_pred.py
[2025-07-22T05:43:41.430+0000] {processor.py:925} INFO - DAG(s) 'train_weather_pred' retrieved from /opt/airflow/dags/train_weather_pred.py
[2025-07-22T05:43:41.452+0000] {logging_mixin.py:190} INFO - [2025-07-22T05:43:41.452+0000] {dag.py:3239} INFO - Sync 1 DAGs
[2025-07-22T05:43:41.468+0000] {logging_mixin.py:190} INFO - [2025-07-22T05:43:41.468+0000] {dag.py:4180} INFO - Setting next_dagrun for train_weather_pred to 2025-07-22 00:00:00+00:00, run_after=2025-07-23 00:00:00+00:00
[2025-07-22T05:43:41.482+0000] {processor.py:208} INFO - Processing /opt/airflow/dags/train_weather_pred.py took 3.282 seconds
[2025-07-22T05:44:13.512+0000] {processor.py:186} INFO - Started process (PID=22990) to work on /opt/airflow/dags/train_weather_pred.py
[2025-07-22T05:44:13.513+0000] {processor.py:914} INFO - Processing file /opt/airflow/dags/train_weather_pred.py for tasks to queue
[2025-07-22T05:44:13.515+0000] {logging_mixin.py:190} INFO - [2025-07-22T05:44:13.515+0000] {dagbag.py:588} INFO - Filling up the DagBag from /opt/airflow/dags/train_weather_pred.py
[2025-07-22T05:44:16.727+0000] {processor.py:925} INFO - DAG(s) 'train_weather_pred' retrieved from /opt/airflow/dags/train_weather_pred.py
[2025-07-22T05:44:16.749+0000] {logging_mixin.py:190} INFO - [2025-07-22T05:44:16.748+0000] {dag.py:3239} INFO - Sync 1 DAGs
[2025-07-22T05:44:16.766+0000] {logging_mixin.py:190} INFO - [2025-07-22T05:44:16.766+0000] {dag.py:4180} INFO - Setting next_dagrun for train_weather_pred to 2025-07-22 00:00:00+00:00, run_after=2025-07-23 00:00:00+00:00
[2025-07-22T05:44:16.782+0000] {processor.py:208} INFO - Processing /opt/airflow/dags/train_weather_pred.py took 3.277 seconds
[2025-07-22T05:44:48.462+0000] {processor.py:186} INFO - Started process (PID=23088) to work on /opt/airflow/dags/train_weather_pred.py
[2025-07-22T05:44:48.464+0000] {processor.py:914} INFO - Processing file /opt/airflow/dags/train_weather_pred.py for tasks to queue
[2025-07-22T05:44:48.466+0000] {logging_mixin.py:190} INFO - [2025-07-22T05:44:48.466+0000] {dagbag.py:588} INFO - Filling up the DagBag from /opt/airflow/dags/train_weather_pred.py
[2025-07-22T05:44:51.881+0000] {processor.py:925} INFO - DAG(s) 'train_weather_pred' retrieved from /opt/airflow/dags/train_weather_pred.py
[2025-07-22T05:44:51.904+0000] {logging_mixin.py:190} INFO - [2025-07-22T05:44:51.903+0000] {dag.py:3239} INFO - Sync 1 DAGs
[2025-07-22T05:44:51.924+0000] {logging_mixin.py:190} INFO - [2025-07-22T05:44:51.924+0000] {dag.py:4180} INFO - Setting next_dagrun for train_weather_pred to 2025-07-22 00:00:00+00:00, run_after=2025-07-23 00:00:00+00:00
[2025-07-22T05:44:51.960+0000] {processor.py:208} INFO - Processing /opt/airflow/dags/train_weather_pred.py took 3.503 seconds
[2025-07-22T05:45:23.297+0000] {processor.py:186} INFO - Started process (PID=23192) to work on /opt/airflow/dags/train_weather_pred.py
[2025-07-22T05:45:23.298+0000] {processor.py:914} INFO - Processing file /opt/airflow/dags/train_weather_pred.py for tasks to queue
[2025-07-22T05:45:23.301+0000] {logging_mixin.py:190} INFO - [2025-07-22T05:45:23.300+0000] {dagbag.py:588} INFO - Filling up the DagBag from /opt/airflow/dags/train_weather_pred.py
[2025-07-22T05:45:26.545+0000] {processor.py:925} INFO - DAG(s) 'train_weather_pred' retrieved from /opt/airflow/dags/train_weather_pred.py
[2025-07-22T05:45:26.569+0000] {logging_mixin.py:190} INFO - [2025-07-22T05:45:26.568+0000] {dag.py:3239} INFO - Sync 1 DAGs
[2025-07-22T05:45:26.587+0000] {logging_mixin.py:190} INFO - [2025-07-22T05:45:26.587+0000] {dag.py:4180} INFO - Setting next_dagrun for train_weather_pred to 2025-07-22 00:00:00+00:00, run_after=2025-07-23 00:00:00+00:00
[2025-07-22T05:45:26.606+0000] {processor.py:208} INFO - Processing /opt/airflow/dags/train_weather_pred.py took 3.314 seconds
[2025-07-22T05:45:58.032+0000] {processor.py:186} INFO - Started process (PID=23290) to work on /opt/airflow/dags/train_weather_pred.py
[2025-07-22T05:45:58.034+0000] {processor.py:914} INFO - Processing file /opt/airflow/dags/train_weather_pred.py for tasks to queue
[2025-07-22T05:45:58.036+0000] {logging_mixin.py:190} INFO - [2025-07-22T05:45:58.036+0000] {dagbag.py:588} INFO - Filling up the DagBag from /opt/airflow/dags/train_weather_pred.py
[2025-07-22T05:46:01.347+0000] {processor.py:925} INFO - DAG(s) 'train_weather_pred' retrieved from /opt/airflow/dags/train_weather_pred.py
[2025-07-22T05:46:01.368+0000] {logging_mixin.py:190} INFO - [2025-07-22T05:46:01.368+0000] {dag.py:3239} INFO - Sync 1 DAGs
[2025-07-22T05:46:01.386+0000] {logging_mixin.py:190} INFO - [2025-07-22T05:46:01.386+0000] {dag.py:4180} INFO - Setting next_dagrun for train_weather_pred to 2025-07-22 00:00:00+00:00, run_after=2025-07-23 00:00:00+00:00
[2025-07-22T05:46:01.402+0000] {processor.py:208} INFO - Processing /opt/airflow/dags/train_weather_pred.py took 3.377 seconds
[2025-07-22T05:46:32.847+0000] {processor.py:186} INFO - Started process (PID=23388) to work on /opt/airflow/dags/train_weather_pred.py
[2025-07-22T05:46:32.849+0000] {processor.py:914} INFO - Processing file /opt/airflow/dags/train_weather_pred.py for tasks to queue
[2025-07-22T05:46:32.851+0000] {logging_mixin.py:190} INFO - [2025-07-22T05:46:32.851+0000] {dagbag.py:588} INFO - Filling up the DagBag from /opt/airflow/dags/train_weather_pred.py
[2025-07-22T05:46:36.247+0000] {processor.py:925} INFO - DAG(s) 'train_weather_pred' retrieved from /opt/airflow/dags/train_weather_pred.py
[2025-07-22T05:46:36.270+0000] {logging_mixin.py:190} INFO - [2025-07-22T05:46:36.269+0000] {dag.py:3239} INFO - Sync 1 DAGs
[2025-07-22T05:46:36.313+0000] {logging_mixin.py:190} INFO - [2025-07-22T05:46:36.312+0000] {dag.py:4180} INFO - Setting next_dagrun for train_weather_pred to 2025-07-22 00:00:00+00:00, run_after=2025-07-23 00:00:00+00:00
[2025-07-22T05:46:36.346+0000] {processor.py:208} INFO - Processing /opt/airflow/dags/train_weather_pred.py took 3.505 seconds
[2025-07-22T05:47:08.049+0000] {processor.py:186} INFO - Started process (PID=23486) to work on /opt/airflow/dags/train_weather_pred.py
[2025-07-22T05:47:08.050+0000] {processor.py:914} INFO - Processing file /opt/airflow/dags/train_weather_pred.py for tasks to queue
[2025-07-22T05:47:08.052+0000] {logging_mixin.py:190} INFO - [2025-07-22T05:47:08.052+0000] {dagbag.py:588} INFO - Filling up the DagBag from /opt/airflow/dags/train_weather_pred.py
[2025-07-22T05:47:11.250+0000] {processor.py:925} INFO - DAG(s) 'train_weather_pred' retrieved from /opt/airflow/dags/train_weather_pred.py
[2025-07-22T05:47:11.273+0000] {logging_mixin.py:190} INFO - [2025-07-22T05:47:11.273+0000] {dag.py:3239} INFO - Sync 1 DAGs
[2025-07-22T05:47:11.291+0000] {logging_mixin.py:190} INFO - [2025-07-22T05:47:11.291+0000] {dag.py:4180} INFO - Setting next_dagrun for train_weather_pred to 2025-07-22 00:00:00+00:00, run_after=2025-07-23 00:00:00+00:00
[2025-07-22T05:47:11.308+0000] {processor.py:208} INFO - Processing /opt/airflow/dags/train_weather_pred.py took 3.265 seconds
[2025-07-22T05:47:43.468+0000] {processor.py:186} INFO - Started process (PID=23584) to work on /opt/airflow/dags/train_weather_pred.py
[2025-07-22T05:47:43.469+0000] {processor.py:914} INFO - Processing file /opt/airflow/dags/train_weather_pred.py for tasks to queue
[2025-07-22T05:47:43.471+0000] {logging_mixin.py:190} INFO - [2025-07-22T05:47:43.470+0000] {dagbag.py:588} INFO - Filling up the DagBag from /opt/airflow/dags/train_weather_pred.py
[2025-07-22T05:47:46.896+0000] {processor.py:925} INFO - DAG(s) 'train_weather_pred' retrieved from /opt/airflow/dags/train_weather_pred.py
[2025-07-22T05:47:46.921+0000] {logging_mixin.py:190} INFO - [2025-07-22T05:47:46.920+0000] {dag.py:3239} INFO - Sync 1 DAGs
[2025-07-22T05:47:46.942+0000] {logging_mixin.py:190} INFO - [2025-07-22T05:47:46.942+0000] {dag.py:4180} INFO - Setting next_dagrun for train_weather_pred to 2025-07-22 00:00:00+00:00, run_after=2025-07-23 00:00:00+00:00
[2025-07-22T05:47:46.958+0000] {processor.py:208} INFO - Processing /opt/airflow/dags/train_weather_pred.py took 3.497 seconds
[2025-07-22T05:48:18.229+0000] {processor.py:186} INFO - Started process (PID=23682) to work on /opt/airflow/dags/train_weather_pred.py
[2025-07-22T05:48:18.230+0000] {processor.py:914} INFO - Processing file /opt/airflow/dags/train_weather_pred.py for tasks to queue
[2025-07-22T05:48:18.233+0000] {logging_mixin.py:190} INFO - [2025-07-22T05:48:18.233+0000] {dagbag.py:588} INFO - Filling up the DagBag from /opt/airflow/dags/train_weather_pred.py
[2025-07-22T05:48:21.755+0000] {processor.py:925} INFO - DAG(s) 'train_weather_pred' retrieved from /opt/airflow/dags/train_weather_pred.py
[2025-07-22T05:48:21.776+0000] {logging_mixin.py:190} INFO - [2025-07-22T05:48:21.776+0000] {dag.py:3239} INFO - Sync 1 DAGs
[2025-07-22T05:48:21.794+0000] {logging_mixin.py:190} INFO - [2025-07-22T05:48:21.794+0000] {dag.py:4180} INFO - Setting next_dagrun for train_weather_pred to 2025-07-22 00:00:00+00:00, run_after=2025-07-23 00:00:00+00:00
[2025-07-22T05:48:21.808+0000] {processor.py:208} INFO - Processing /opt/airflow/dags/train_weather_pred.py took 3.587 seconds
[2025-07-22T05:48:53.818+0000] {processor.py:186} INFO - Started process (PID=23786) to work on /opt/airflow/dags/train_weather_pred.py
[2025-07-22T05:48:53.819+0000] {processor.py:914} INFO - Processing file /opt/airflow/dags/train_weather_pred.py for tasks to queue
[2025-07-22T05:48:53.822+0000] {logging_mixin.py:190} INFO - [2025-07-22T05:48:53.821+0000] {dagbag.py:588} INFO - Filling up the DagBag from /opt/airflow/dags/train_weather_pred.py
[2025-07-22T05:48:57.194+0000] {processor.py:925} INFO - DAG(s) 'train_weather_pred' retrieved from /opt/airflow/dags/train_weather_pred.py
[2025-07-22T05:48:57.215+0000] {logging_mixin.py:190} INFO - [2025-07-22T05:48:57.215+0000] {dag.py:3239} INFO - Sync 1 DAGs
[2025-07-22T05:48:57.236+0000] {logging_mixin.py:190} INFO - [2025-07-22T05:48:57.236+0000] {dag.py:4180} INFO - Setting next_dagrun for train_weather_pred to 2025-07-22 00:00:00+00:00, run_after=2025-07-23 00:00:00+00:00
[2025-07-22T05:48:57.254+0000] {processor.py:208} INFO - Processing /opt/airflow/dags/train_weather_pred.py took 3.442 seconds
[2025-07-22T05:49:28.648+0000] {processor.py:186} INFO - Started process (PID=23884) to work on /opt/airflow/dags/train_weather_pred.py
[2025-07-22T05:49:28.649+0000] {processor.py:914} INFO - Processing file /opt/airflow/dags/train_weather_pred.py for tasks to queue
[2025-07-22T05:49:28.652+0000] {logging_mixin.py:190} INFO - [2025-07-22T05:49:28.652+0000] {dagbag.py:588} INFO - Filling up the DagBag from /opt/airflow/dags/train_weather_pred.py
[2025-07-22T05:49:31.943+0000] {processor.py:925} INFO - DAG(s) 'train_weather_pred' retrieved from /opt/airflow/dags/train_weather_pred.py
[2025-07-22T05:49:31.963+0000] {logging_mixin.py:190} INFO - [2025-07-22T05:49:31.963+0000] {dag.py:3239} INFO - Sync 1 DAGs
[2025-07-22T05:49:31.980+0000] {logging_mixin.py:190} INFO - [2025-07-22T05:49:31.980+0000] {dag.py:4180} INFO - Setting next_dagrun for train_weather_pred to 2025-07-22 00:00:00+00:00, run_after=2025-07-23 00:00:00+00:00
[2025-07-22T05:49:31.997+0000] {processor.py:208} INFO - Processing /opt/airflow/dags/train_weather_pred.py took 3.356 seconds
[2025-07-22T05:50:03.949+0000] {processor.py:186} INFO - Started process (PID=23982) to work on /opt/airflow/dags/train_weather_pred.py
[2025-07-22T05:50:03.950+0000] {processor.py:914} INFO - Processing file /opt/airflow/dags/train_weather_pred.py for tasks to queue
[2025-07-22T05:50:03.953+0000] {logging_mixin.py:190} INFO - [2025-07-22T05:50:03.952+0000] {dagbag.py:588} INFO - Filling up the DagBag from /opt/airflow/dags/train_weather_pred.py
[2025-07-22T05:50:07.412+0000] {processor.py:925} INFO - DAG(s) 'train_weather_pred' retrieved from /opt/airflow/dags/train_weather_pred.py
[2025-07-22T05:50:07.435+0000] {logging_mixin.py:190} INFO - [2025-07-22T05:50:07.434+0000] {dag.py:3239} INFO - Sync 1 DAGs
[2025-07-22T05:50:07.454+0000] {logging_mixin.py:190} INFO - [2025-07-22T05:50:07.454+0000] {dag.py:4180} INFO - Setting next_dagrun for train_weather_pred to 2025-07-22 00:00:00+00:00, run_after=2025-07-23 00:00:00+00:00
[2025-07-22T05:50:07.470+0000] {processor.py:208} INFO - Processing /opt/airflow/dags/train_weather_pred.py took 3.527 seconds
[2025-07-22T05:50:39.229+0000] {processor.py:186} INFO - Started process (PID=24080) to work on /opt/airflow/dags/train_weather_pred.py
[2025-07-22T05:50:39.230+0000] {processor.py:914} INFO - Processing file /opt/airflow/dags/train_weather_pred.py for tasks to queue
[2025-07-22T05:50:39.233+0000] {logging_mixin.py:190} INFO - [2025-07-22T05:50:39.232+0000] {dagbag.py:588} INFO - Filling up the DagBag from /opt/airflow/dags/train_weather_pred.py
[2025-07-22T05:50:42.603+0000] {processor.py:925} INFO - DAG(s) 'train_weather_pred' retrieved from /opt/airflow/dags/train_weather_pred.py
[2025-07-22T05:50:42.623+0000] {logging_mixin.py:190} INFO - [2025-07-22T05:50:42.623+0000] {dag.py:3239} INFO - Sync 1 DAGs
[2025-07-22T05:50:42.643+0000] {logging_mixin.py:190} INFO - [2025-07-22T05:50:42.643+0000] {dag.py:4180} INFO - Setting next_dagrun for train_weather_pred to 2025-07-22 00:00:00+00:00, run_after=2025-07-23 00:00:00+00:00
[2025-07-22T05:50:42.656+0000] {processor.py:208} INFO - Processing /opt/airflow/dags/train_weather_pred.py took 3.432 seconds
[2025-07-22T05:51:13.747+0000] {processor.py:186} INFO - Started process (PID=24178) to work on /opt/airflow/dags/train_weather_pred.py
[2025-07-22T05:51:13.748+0000] {processor.py:914} INFO - Processing file /opt/airflow/dags/train_weather_pred.py for tasks to queue
[2025-07-22T05:51:13.751+0000] {logging_mixin.py:190} INFO - [2025-07-22T05:51:13.750+0000] {dagbag.py:588} INFO - Filling up the DagBag from /opt/airflow/dags/train_weather_pred.py
[2025-07-22T05:51:17.028+0000] {processor.py:925} INFO - DAG(s) 'train_weather_pred' retrieved from /opt/airflow/dags/train_weather_pred.py
[2025-07-22T05:51:17.052+0000] {logging_mixin.py:190} INFO - [2025-07-22T05:51:17.051+0000] {dag.py:3239} INFO - Sync 1 DAGs
[2025-07-22T05:51:17.070+0000] {logging_mixin.py:190} INFO - [2025-07-22T05:51:17.070+0000] {dag.py:4180} INFO - Setting next_dagrun for train_weather_pred to 2025-07-22 00:00:00+00:00, run_after=2025-07-23 00:00:00+00:00
[2025-07-22T05:51:17.088+0000] {processor.py:208} INFO - Processing /opt/airflow/dags/train_weather_pred.py took 3.347 seconds
[2025-07-22T05:51:48.120+0000] {processor.py:186} INFO - Started process (PID=24276) to work on /opt/airflow/dags/train_weather_pred.py
[2025-07-22T05:51:48.121+0000] {processor.py:914} INFO - Processing file /opt/airflow/dags/train_weather_pred.py for tasks to queue
[2025-07-22T05:51:48.123+0000] {logging_mixin.py:190} INFO - [2025-07-22T05:51:48.123+0000] {dagbag.py:588} INFO - Filling up the DagBag from /opt/airflow/dags/train_weather_pred.py
[2025-07-22T05:51:51.487+0000] {processor.py:925} INFO - DAG(s) 'train_weather_pred' retrieved from /opt/airflow/dags/train_weather_pred.py
[2025-07-22T05:51:51.510+0000] {logging_mixin.py:190} INFO - [2025-07-22T05:51:51.510+0000] {dag.py:3239} INFO - Sync 1 DAGs
[2025-07-22T05:51:51.529+0000] {logging_mixin.py:190} INFO - [2025-07-22T05:51:51.529+0000] {dag.py:4180} INFO - Setting next_dagrun for train_weather_pred to 2025-07-22 00:00:00+00:00, run_after=2025-07-23 00:00:00+00:00
[2025-07-22T05:51:51.544+0000] {processor.py:208} INFO - Processing /opt/airflow/dags/train_weather_pred.py took 3.431 seconds
[2025-07-22T05:52:23.064+0000] {processor.py:186} INFO - Started process (PID=24380) to work on /opt/airflow/dags/train_weather_pred.py
[2025-07-22T05:52:23.065+0000] {processor.py:914} INFO - Processing file /opt/airflow/dags/train_weather_pred.py for tasks to queue
[2025-07-22T05:52:23.068+0000] {logging_mixin.py:190} INFO - [2025-07-22T05:52:23.068+0000] {dagbag.py:588} INFO - Filling up the DagBag from /opt/airflow/dags/train_weather_pred.py
[2025-07-22T05:52:26.395+0000] {processor.py:925} INFO - DAG(s) 'train_weather_pred' retrieved from /opt/airflow/dags/train_weather_pred.py
[2025-07-22T05:52:26.418+0000] {logging_mixin.py:190} INFO - [2025-07-22T05:52:26.417+0000] {dag.py:3239} INFO - Sync 1 DAGs
[2025-07-22T05:52:26.437+0000] {logging_mixin.py:190} INFO - [2025-07-22T05:52:26.437+0000] {dag.py:4180} INFO - Setting next_dagrun for train_weather_pred to 2025-07-22 00:00:00+00:00, run_after=2025-07-23 00:00:00+00:00
[2025-07-22T05:52:26.454+0000] {processor.py:208} INFO - Processing /opt/airflow/dags/train_weather_pred.py took 3.397 seconds
[2025-07-22T05:52:58.052+0000] {processor.py:186} INFO - Started process (PID=24478) to work on /opt/airflow/dags/train_weather_pred.py
[2025-07-22T05:52:58.053+0000] {processor.py:914} INFO - Processing file /opt/airflow/dags/train_weather_pred.py for tasks to queue
[2025-07-22T05:52:58.055+0000] {logging_mixin.py:190} INFO - [2025-07-22T05:52:58.055+0000] {dagbag.py:588} INFO - Filling up the DagBag from /opt/airflow/dags/train_weather_pred.py
[2025-07-22T05:53:01.311+0000] {processor.py:925} INFO - DAG(s) 'train_weather_pred' retrieved from /opt/airflow/dags/train_weather_pred.py
[2025-07-22T05:53:01.334+0000] {logging_mixin.py:190} INFO - [2025-07-22T05:53:01.333+0000] {dag.py:3239} INFO - Sync 1 DAGs
[2025-07-22T05:53:01.351+0000] {logging_mixin.py:190} INFO - [2025-07-22T05:53:01.351+0000] {dag.py:4180} INFO - Setting next_dagrun for train_weather_pred to 2025-07-22 00:00:00+00:00, run_after=2025-07-23 00:00:00+00:00
[2025-07-22T05:53:01.367+0000] {processor.py:208} INFO - Processing /opt/airflow/dags/train_weather_pred.py took 3.319 seconds
[2025-07-22T05:53:33.436+0000] {processor.py:186} INFO - Started process (PID=24576) to work on /opt/airflow/dags/train_weather_pred.py
[2025-07-22T05:53:33.438+0000] {processor.py:914} INFO - Processing file /opt/airflow/dags/train_weather_pred.py for tasks to queue
[2025-07-22T05:53:33.441+0000] {logging_mixin.py:190} INFO - [2025-07-22T05:53:33.440+0000] {dagbag.py:588} INFO - Filling up the DagBag from /opt/airflow/dags/train_weather_pred.py
[2025-07-22T05:53:36.929+0000] {processor.py:925} INFO - DAG(s) 'train_weather_pred' retrieved from /opt/airflow/dags/train_weather_pred.py
[2025-07-22T05:53:36.949+0000] {logging_mixin.py:190} INFO - [2025-07-22T05:53:36.949+0000] {dag.py:3239} INFO - Sync 1 DAGs
[2025-07-22T05:53:36.968+0000] {logging_mixin.py:190} INFO - [2025-07-22T05:53:36.968+0000] {dag.py:4180} INFO - Setting next_dagrun for train_weather_pred to 2025-07-22 00:00:00+00:00, run_after=2025-07-23 00:00:00+00:00
[2025-07-22T05:53:36.983+0000] {processor.py:208} INFO - Processing /opt/airflow/dags/train_weather_pred.py took 3.554 seconds
[2025-07-22T05:54:08.063+0000] {processor.py:186} INFO - Started process (PID=24674) to work on /opt/airflow/dags/train_weather_pred.py
[2025-07-22T05:54:08.064+0000] {processor.py:914} INFO - Processing file /opt/airflow/dags/train_weather_pred.py for tasks to queue
[2025-07-22T05:54:08.068+0000] {logging_mixin.py:190} INFO - [2025-07-22T05:54:08.067+0000] {dagbag.py:588} INFO - Filling up the DagBag from /opt/airflow/dags/train_weather_pred.py
[2025-07-22T05:54:11.363+0000] {processor.py:925} INFO - DAG(s) 'train_weather_pred' retrieved from /opt/airflow/dags/train_weather_pred.py
[2025-07-22T05:54:11.384+0000] {logging_mixin.py:190} INFO - [2025-07-22T05:54:11.384+0000] {dag.py:3239} INFO - Sync 1 DAGs
[2025-07-22T05:54:11.402+0000] {logging_mixin.py:190} INFO - [2025-07-22T05:54:11.402+0000] {dag.py:4180} INFO - Setting next_dagrun for train_weather_pred to 2025-07-22 00:00:00+00:00, run_after=2025-07-23 00:00:00+00:00
[2025-07-22T05:54:11.420+0000] {processor.py:208} INFO - Processing /opt/airflow/dags/train_weather_pred.py took 3.365 seconds
[2025-07-22T05:54:43.347+0000] {processor.py:186} INFO - Started process (PID=24772) to work on /opt/airflow/dags/train_weather_pred.py
[2025-07-22T05:54:43.348+0000] {processor.py:914} INFO - Processing file /opt/airflow/dags/train_weather_pred.py for tasks to queue
[2025-07-22T05:54:43.351+0000] {logging_mixin.py:190} INFO - [2025-07-22T05:54:43.350+0000] {dagbag.py:588} INFO - Filling up the DagBag from /opt/airflow/dags/train_weather_pred.py
[2025-07-22T05:54:46.730+0000] {processor.py:925} INFO - DAG(s) 'train_weather_pred' retrieved from /opt/airflow/dags/train_weather_pred.py
[2025-07-22T05:54:46.754+0000] {logging_mixin.py:190} INFO - [2025-07-22T05:54:46.752+0000] {dag.py:3239} INFO - Sync 1 DAGs
[2025-07-22T05:54:46.772+0000] {logging_mixin.py:190} INFO - [2025-07-22T05:54:46.772+0000] {dag.py:4180} INFO - Setting next_dagrun for train_weather_pred to 2025-07-22 00:00:00+00:00, run_after=2025-07-23 00:00:00+00:00
[2025-07-22T05:54:46.788+0000] {processor.py:208} INFO - Processing /opt/airflow/dags/train_weather_pred.py took 3.449 seconds
[2025-07-22T05:55:17.976+0000] {processor.py:186} INFO - Started process (PID=24870) to work on /opt/airflow/dags/train_weather_pred.py
[2025-07-22T05:55:17.977+0000] {processor.py:914} INFO - Processing file /opt/airflow/dags/train_weather_pred.py for tasks to queue
[2025-07-22T05:55:17.979+0000] {logging_mixin.py:190} INFO - [2025-07-22T05:55:17.979+0000] {dagbag.py:588} INFO - Filling up the DagBag from /opt/airflow/dags/train_weather_pred.py
[2025-07-22T05:55:21.358+0000] {processor.py:925} INFO - DAG(s) 'train_weather_pred' retrieved from /opt/airflow/dags/train_weather_pred.py
[2025-07-22T05:55:21.382+0000] {logging_mixin.py:190} INFO - [2025-07-22T05:55:21.381+0000] {dag.py:3239} INFO - Sync 1 DAGs
[2025-07-22T05:55:21.402+0000] {logging_mixin.py:190} INFO - [2025-07-22T05:55:21.402+0000] {dag.py:4180} INFO - Setting next_dagrun for train_weather_pred to 2025-07-22 00:00:00+00:00, run_after=2025-07-23 00:00:00+00:00
[2025-07-22T05:55:21.419+0000] {processor.py:208} INFO - Processing /opt/airflow/dags/train_weather_pred.py took 3.449 seconds
[2025-07-22T05:55:52.494+0000] {processor.py:186} INFO - Started process (PID=24968) to work on /opt/airflow/dags/train_weather_pred.py
[2025-07-22T05:55:52.495+0000] {processor.py:914} INFO - Processing file /opt/airflow/dags/train_weather_pred.py for tasks to queue
[2025-07-22T05:55:52.498+0000] {logging_mixin.py:190} INFO - [2025-07-22T05:55:52.498+0000] {dagbag.py:588} INFO - Filling up the DagBag from /opt/airflow/dags/train_weather_pred.py
[2025-07-22T05:55:56.048+0000] {processor.py:925} INFO - DAG(s) 'train_weather_pred' retrieved from /opt/airflow/dags/train_weather_pred.py
[2025-07-22T05:55:56.072+0000] {logging_mixin.py:190} INFO - [2025-07-22T05:55:56.072+0000] {dag.py:3239} INFO - Sync 1 DAGs
[2025-07-22T05:55:56.093+0000] {logging_mixin.py:190} INFO - [2025-07-22T05:55:56.092+0000] {dag.py:4180} INFO - Setting next_dagrun for train_weather_pred to 2025-07-22 00:00:00+00:00, run_after=2025-07-23 00:00:00+00:00
[2025-07-22T05:55:56.111+0000] {processor.py:208} INFO - Processing /opt/airflow/dags/train_weather_pred.py took 3.623 seconds
[2025-07-22T05:56:27.302+0000] {processor.py:186} INFO - Started process (PID=25072) to work on /opt/airflow/dags/train_weather_pred.py
[2025-07-22T05:56:27.303+0000] {processor.py:914} INFO - Processing file /opt/airflow/dags/train_weather_pred.py for tasks to queue
[2025-07-22T05:56:27.306+0000] {logging_mixin.py:190} INFO - [2025-07-22T05:56:27.305+0000] {dagbag.py:588} INFO - Filling up the DagBag from /opt/airflow/dags/train_weather_pred.py
[2025-07-22T05:56:30.643+0000] {processor.py:925} INFO - DAG(s) 'train_weather_pred' retrieved from /opt/airflow/dags/train_weather_pred.py
[2025-07-22T05:56:30.668+0000] {logging_mixin.py:190} INFO - [2025-07-22T05:56:30.668+0000] {dag.py:3239} INFO - Sync 1 DAGs
[2025-07-22T05:56:30.689+0000] {logging_mixin.py:190} INFO - [2025-07-22T05:56:30.689+0000] {dag.py:4180} INFO - Setting next_dagrun for train_weather_pred to 2025-07-22 00:00:00+00:00, run_after=2025-07-23 00:00:00+00:00
[2025-07-22T05:56:30.706+0000] {processor.py:208} INFO - Processing /opt/airflow/dags/train_weather_pred.py took 3.410 seconds
[2025-07-22T05:57:02.196+0000] {processor.py:186} INFO - Started process (PID=25170) to work on /opt/airflow/dags/train_weather_pred.py
[2025-07-22T05:57:02.197+0000] {processor.py:914} INFO - Processing file /opt/airflow/dags/train_weather_pred.py for tasks to queue
[2025-07-22T05:57:02.200+0000] {logging_mixin.py:190} INFO - [2025-07-22T05:57:02.199+0000] {dagbag.py:588} INFO - Filling up the DagBag from /opt/airflow/dags/train_weather_pred.py
[2025-07-22T05:57:05.532+0000] {processor.py:925} INFO - DAG(s) 'train_weather_pred' retrieved from /opt/airflow/dags/train_weather_pred.py
[2025-07-22T05:57:05.555+0000] {logging_mixin.py:190} INFO - [2025-07-22T05:57:05.554+0000] {dag.py:3239} INFO - Sync 1 DAGs
[2025-07-22T05:57:05.572+0000] {logging_mixin.py:190} INFO - [2025-07-22T05:57:05.572+0000] {dag.py:4180} INFO - Setting next_dagrun for train_weather_pred to 2025-07-22 00:00:00+00:00, run_after=2025-07-23 00:00:00+00:00
[2025-07-22T05:57:05.589+0000] {processor.py:208} INFO - Processing /opt/airflow/dags/train_weather_pred.py took 3.399 seconds
[2025-07-22T05:57:36.633+0000] {processor.py:186} INFO - Started process (PID=25268) to work on /opt/airflow/dags/train_weather_pred.py
[2025-07-22T05:57:36.635+0000] {processor.py:914} INFO - Processing file /opt/airflow/dags/train_weather_pred.py for tasks to queue
[2025-07-22T05:57:36.637+0000] {logging_mixin.py:190} INFO - [2025-07-22T05:57:36.637+0000] {dagbag.py:588} INFO - Filling up the DagBag from /opt/airflow/dags/train_weather_pred.py
[2025-07-22T05:57:39.851+0000] {processor.py:925} INFO - DAG(s) 'train_weather_pred' retrieved from /opt/airflow/dags/train_weather_pred.py
[2025-07-22T05:57:39.872+0000] {logging_mixin.py:190} INFO - [2025-07-22T05:57:39.871+0000] {dag.py:3239} INFO - Sync 1 DAGs
[2025-07-22T05:57:39.893+0000] {logging_mixin.py:190} INFO - [2025-07-22T05:57:39.893+0000] {dag.py:4180} INFO - Setting next_dagrun for train_weather_pred to 2025-07-22 00:00:00+00:00, run_after=2025-07-23 00:00:00+00:00
[2025-07-22T05:57:39.908+0000] {processor.py:208} INFO - Processing /opt/airflow/dags/train_weather_pred.py took 3.280 seconds
[2025-07-22T05:58:11.940+0000] {processor.py:186} INFO - Started process (PID=25366) to work on /opt/airflow/dags/train_weather_pred.py
[2025-07-22T05:58:11.941+0000] {processor.py:914} INFO - Processing file /opt/airflow/dags/train_weather_pred.py for tasks to queue
[2025-07-22T05:58:11.943+0000] {logging_mixin.py:190} INFO - [2025-07-22T05:58:11.943+0000] {dagbag.py:588} INFO - Filling up the DagBag from /opt/airflow/dags/train_weather_pred.py
[2025-07-22T05:58:15.262+0000] {processor.py:925} INFO - DAG(s) 'train_weather_pred' retrieved from /opt/airflow/dags/train_weather_pred.py
[2025-07-22T05:58:15.283+0000] {logging_mixin.py:190} INFO - [2025-07-22T05:58:15.282+0000] {dag.py:3239} INFO - Sync 1 DAGs
[2025-07-22T05:58:15.301+0000] {logging_mixin.py:190} INFO - [2025-07-22T05:58:15.301+0000] {dag.py:4180} INFO - Setting next_dagrun for train_weather_pred to 2025-07-22 00:00:00+00:00, run_after=2025-07-23 00:00:00+00:00
[2025-07-22T05:58:15.315+0000] {processor.py:208} INFO - Processing /opt/airflow/dags/train_weather_pred.py took 3.383 seconds
[2025-07-22T05:58:46.747+0000] {processor.py:186} INFO - Started process (PID=25464) to work on /opt/airflow/dags/train_weather_pred.py
[2025-07-22T05:58:46.749+0000] {processor.py:914} INFO - Processing file /opt/airflow/dags/train_weather_pred.py for tasks to queue
[2025-07-22T05:58:46.751+0000] {logging_mixin.py:190} INFO - [2025-07-22T05:58:46.751+0000] {dagbag.py:588} INFO - Filling up the DagBag from /opt/airflow/dags/train_weather_pred.py
[2025-07-22T05:58:50.166+0000] {processor.py:925} INFO - DAG(s) 'train_weather_pred' retrieved from /opt/airflow/dags/train_weather_pred.py
[2025-07-22T05:58:50.190+0000] {logging_mixin.py:190} INFO - [2025-07-22T05:58:50.188+0000] {dag.py:3239} INFO - Sync 1 DAGs
[2025-07-22T05:58:50.209+0000] {logging_mixin.py:190} INFO - [2025-07-22T05:58:50.209+0000] {dag.py:4180} INFO - Setting next_dagrun for train_weather_pred to 2025-07-22 00:00:00+00:00, run_after=2025-07-23 00:00:00+00:00
[2025-07-22T05:58:50.225+0000] {processor.py:208} INFO - Processing /opt/airflow/dags/train_weather_pred.py took 3.484 seconds
[2025-07-22T05:59:22.097+0000] {processor.py:186} INFO - Started process (PID=25562) to work on /opt/airflow/dags/train_weather_pred.py
[2025-07-22T05:59:22.098+0000] {processor.py:914} INFO - Processing file /opt/airflow/dags/train_weather_pred.py for tasks to queue
[2025-07-22T05:59:22.100+0000] {logging_mixin.py:190} INFO - [2025-07-22T05:59:22.100+0000] {dagbag.py:588} INFO - Filling up the DagBag from /opt/airflow/dags/train_weather_pred.py
[2025-07-22T05:59:25.528+0000] {processor.py:925} INFO - DAG(s) 'train_weather_pred' retrieved from /opt/airflow/dags/train_weather_pred.py
[2025-07-22T05:59:25.556+0000] {logging_mixin.py:190} INFO - [2025-07-22T05:59:25.555+0000] {dag.py:3239} INFO - Sync 1 DAGs
[2025-07-22T05:59:25.577+0000] {logging_mixin.py:190} INFO - [2025-07-22T05:59:25.577+0000] {dag.py:4180} INFO - Setting next_dagrun for train_weather_pred to 2025-07-22 00:00:00+00:00, run_after=2025-07-23 00:00:00+00:00
[2025-07-22T05:59:25.599+0000] {processor.py:208} INFO - Processing /opt/airflow/dags/train_weather_pred.py took 3.508 seconds
[2025-07-22T05:59:56.644+0000] {processor.py:186} INFO - Started process (PID=25666) to work on /opt/airflow/dags/train_weather_pred.py
[2025-07-22T05:59:56.645+0000] {processor.py:914} INFO - Processing file /opt/airflow/dags/train_weather_pred.py for tasks to queue
[2025-07-22T05:59:56.646+0000] {logging_mixin.py:190} INFO - [2025-07-22T05:59:56.646+0000] {dagbag.py:588} INFO - Filling up the DagBag from /opt/airflow/dags/train_weather_pred.py
[2025-07-22T05:59:59.840+0000] {processor.py:925} INFO - DAG(s) 'train_weather_pred' retrieved from /opt/airflow/dags/train_weather_pred.py
[2025-07-22T05:59:59.864+0000] {logging_mixin.py:190} INFO - [2025-07-22T05:59:59.863+0000] {dag.py:3239} INFO - Sync 1 DAGs
[2025-07-22T05:59:59.883+0000] {logging_mixin.py:190} INFO - [2025-07-22T05:59:59.883+0000] {dag.py:4180} INFO - Setting next_dagrun for train_weather_pred to 2025-07-22 00:00:00+00:00, run_after=2025-07-23 00:00:00+00:00
[2025-07-22T05:59:59.900+0000] {processor.py:208} INFO - Processing /opt/airflow/dags/train_weather_pred.py took 3.261 seconds
[2025-07-22T06:00:31.770+0000] {processor.py:186} INFO - Started process (PID=25764) to work on /opt/airflow/dags/train_weather_pred.py
[2025-07-22T06:00:31.772+0000] {processor.py:914} INFO - Processing file /opt/airflow/dags/train_weather_pred.py for tasks to queue
[2025-07-22T06:00:31.774+0000] {logging_mixin.py:190} INFO - [2025-07-22T06:00:31.774+0000] {dagbag.py:588} INFO - Filling up the DagBag from /opt/airflow/dags/train_weather_pred.py
[2025-07-22T06:00:34.856+0000] {processor.py:925} INFO - DAG(s) 'train_weather_pred' retrieved from /opt/airflow/dags/train_weather_pred.py
[2025-07-22T06:00:34.877+0000] {logging_mixin.py:190} INFO - [2025-07-22T06:00:34.876+0000] {dag.py:3239} INFO - Sync 1 DAGs
[2025-07-22T06:00:34.895+0000] {logging_mixin.py:190} INFO - [2025-07-22T06:00:34.894+0000] {dag.py:4180} INFO - Setting next_dagrun for train_weather_pred to 2025-07-22 00:00:00+00:00, run_after=2025-07-23 00:00:00+00:00
[2025-07-22T06:00:34.909+0000] {processor.py:208} INFO - Processing /opt/airflow/dags/train_weather_pred.py took 3.144 seconds
[2025-07-22T06:01:06.061+0000] {processor.py:186} INFO - Started process (PID=25862) to work on /opt/airflow/dags/train_weather_pred.py
[2025-07-22T06:01:06.062+0000] {processor.py:914} INFO - Processing file /opt/airflow/dags/train_weather_pred.py for tasks to queue
[2025-07-22T06:01:06.064+0000] {logging_mixin.py:190} INFO - [2025-07-22T06:01:06.064+0000] {dagbag.py:588} INFO - Filling up the DagBag from /opt/airflow/dags/train_weather_pred.py
[2025-07-22T06:01:09.222+0000] {processor.py:925} INFO - DAG(s) 'train_weather_pred' retrieved from /opt/airflow/dags/train_weather_pred.py
[2025-07-22T06:01:09.246+0000] {logging_mixin.py:190} INFO - [2025-07-22T06:01:09.246+0000] {dag.py:3239} INFO - Sync 1 DAGs
[2025-07-22T06:01:09.264+0000] {logging_mixin.py:190} INFO - [2025-07-22T06:01:09.264+0000] {dag.py:4180} INFO - Setting next_dagrun for train_weather_pred to 2025-07-22 00:00:00+00:00, run_after=2025-07-23 00:00:00+00:00
[2025-07-22T06:01:09.279+0000] {processor.py:208} INFO - Processing /opt/airflow/dags/train_weather_pred.py took 3.223 seconds
[2025-07-22T06:01:40.476+0000] {processor.py:186} INFO - Started process (PID=25960) to work on /opt/airflow/dags/train_weather_pred.py
[2025-07-22T06:01:40.477+0000] {processor.py:914} INFO - Processing file /opt/airflow/dags/train_weather_pred.py for tasks to queue
[2025-07-22T06:01:40.479+0000] {logging_mixin.py:190} INFO - [2025-07-22T06:01:40.478+0000] {dagbag.py:588} INFO - Filling up the DagBag from /opt/airflow/dags/train_weather_pred.py
[2025-07-22T06:01:43.897+0000] {processor.py:925} INFO - DAG(s) 'train_weather_pred' retrieved from /opt/airflow/dags/train_weather_pred.py
[2025-07-22T06:01:43.915+0000] {logging_mixin.py:190} INFO - [2025-07-22T06:01:43.914+0000] {dag.py:3239} INFO - Sync 1 DAGs
[2025-07-22T06:01:43.932+0000] {logging_mixin.py:190} INFO - [2025-07-22T06:01:43.932+0000] {dag.py:4180} INFO - Setting next_dagrun for train_weather_pred to 2025-07-22 00:00:00+00:00, run_after=2025-07-23 00:00:00+00:00
[2025-07-22T06:01:43.946+0000] {processor.py:208} INFO - Processing /opt/airflow/dags/train_weather_pred.py took 3.475 seconds
[2025-07-22T06:02:15.659+0000] {processor.py:186} INFO - Started process (PID=26058) to work on /opt/airflow/dags/train_weather_pred.py
[2025-07-22T06:02:15.661+0000] {processor.py:914} INFO - Processing file /opt/airflow/dags/train_weather_pred.py for tasks to queue
[2025-07-22T06:02:15.664+0000] {logging_mixin.py:190} INFO - [2025-07-22T06:02:15.663+0000] {dagbag.py:588} INFO - Filling up the DagBag from /opt/airflow/dags/train_weather_pred.py
[2025-07-22T06:02:18.916+0000] {processor.py:925} INFO - DAG(s) 'train_weather_pred' retrieved from /opt/airflow/dags/train_weather_pred.py
[2025-07-22T06:02:18.940+0000] {logging_mixin.py:190} INFO - [2025-07-22T06:02:18.939+0000] {dag.py:3239} INFO - Sync 1 DAGs
[2025-07-22T06:02:18.959+0000] {logging_mixin.py:190} INFO - [2025-07-22T06:02:18.959+0000] {dag.py:4180} INFO - Setting next_dagrun for train_weather_pred to 2025-07-22 00:00:00+00:00, run_after=2025-07-23 00:00:00+00:00
[2025-07-22T06:02:18.976+0000] {processor.py:208} INFO - Processing /opt/airflow/dags/train_weather_pred.py took 3.324 seconds
[2025-07-22T06:02:50.524+0000] {processor.py:186} INFO - Started process (PID=26156) to work on /opt/airflow/dags/train_weather_pred.py
[2025-07-22T06:02:50.525+0000] {processor.py:914} INFO - Processing file /opt/airflow/dags/train_weather_pred.py for tasks to queue
[2025-07-22T06:02:50.528+0000] {logging_mixin.py:190} INFO - [2025-07-22T06:02:50.527+0000] {dagbag.py:588} INFO - Filling up the DagBag from /opt/airflow/dags/train_weather_pred.py
[2025-07-22T06:02:54.330+0000] {processor.py:925} INFO - DAG(s) 'train_weather_pred' retrieved from /opt/airflow/dags/train_weather_pred.py
[2025-07-22T06:02:54.355+0000] {logging_mixin.py:190} INFO - [2025-07-22T06:02:54.355+0000] {dag.py:3239} INFO - Sync 1 DAGs
[2025-07-22T06:02:54.380+0000] {logging_mixin.py:190} INFO - [2025-07-22T06:02:54.380+0000] {dag.py:4180} INFO - Setting next_dagrun for train_weather_pred to 2025-07-22 00:00:00+00:00, run_after=2025-07-23 00:00:00+00:00
[2025-07-22T06:02:54.398+0000] {processor.py:208} INFO - Processing /opt/airflow/dags/train_weather_pred.py took 3.880 seconds
[2025-07-22T06:03:26.066+0000] {processor.py:186} INFO - Started process (PID=26260) to work on /opt/airflow/dags/train_weather_pred.py
[2025-07-22T06:03:26.067+0000] {processor.py:914} INFO - Processing file /opt/airflow/dags/train_weather_pred.py for tasks to queue
[2025-07-22T06:03:26.070+0000] {logging_mixin.py:190} INFO - [2025-07-22T06:03:26.070+0000] {dagbag.py:588} INFO - Filling up the DagBag from /opt/airflow/dags/train_weather_pred.py
[2025-07-22T06:03:29.239+0000] {processor.py:925} INFO - DAG(s) 'train_weather_pred' retrieved from /opt/airflow/dags/train_weather_pred.py
[2025-07-22T06:03:29.260+0000] {logging_mixin.py:190} INFO - [2025-07-22T06:03:29.260+0000] {dag.py:3239} INFO - Sync 1 DAGs
[2025-07-22T06:03:29.278+0000] {logging_mixin.py:190} INFO - [2025-07-22T06:03:29.277+0000] {dag.py:4180} INFO - Setting next_dagrun for train_weather_pred to 2025-07-22 00:00:00+00:00, run_after=2025-07-23 00:00:00+00:00
[2025-07-22T06:03:29.292+0000] {processor.py:208} INFO - Processing /opt/airflow/dags/train_weather_pred.py took 3.231 seconds
[2025-07-22T06:04:01.303+0000] {processor.py:186} INFO - Started process (PID=26358) to work on /opt/airflow/dags/train_weather_pred.py
[2025-07-22T06:04:01.304+0000] {processor.py:914} INFO - Processing file /opt/airflow/dags/train_weather_pred.py for tasks to queue
[2025-07-22T06:04:01.307+0000] {logging_mixin.py:190} INFO - [2025-07-22T06:04:01.306+0000] {dagbag.py:588} INFO - Filling up the DagBag from /opt/airflow/dags/train_weather_pred.py
[2025-07-22T06:04:04.491+0000] {processor.py:925} INFO - DAG(s) 'train_weather_pred' retrieved from /opt/airflow/dags/train_weather_pred.py
[2025-07-22T06:04:04.513+0000] {logging_mixin.py:190} INFO - [2025-07-22T06:04:04.513+0000] {dag.py:3239} INFO - Sync 1 DAGs
[2025-07-22T06:04:04.533+0000] {logging_mixin.py:190} INFO - [2025-07-22T06:04:04.533+0000] {dag.py:4180} INFO - Setting next_dagrun for train_weather_pred to 2025-07-22 00:00:00+00:00, run_after=2025-07-23 00:00:00+00:00
[2025-07-22T06:04:04.548+0000] {processor.py:208} INFO - Processing /opt/airflow/dags/train_weather_pred.py took 3.252 seconds
[2025-07-22T06:04:35.688+0000] {processor.py:186} INFO - Started process (PID=26456) to work on /opt/airflow/dags/train_weather_pred.py
[2025-07-22T06:04:35.689+0000] {processor.py:914} INFO - Processing file /opt/airflow/dags/train_weather_pred.py for tasks to queue
[2025-07-22T06:04:35.691+0000] {logging_mixin.py:190} INFO - [2025-07-22T06:04:35.691+0000] {dagbag.py:588} INFO - Filling up the DagBag from /opt/airflow/dags/train_weather_pred.py
[2025-07-22T06:04:38.797+0000] {processor.py:925} INFO - DAG(s) 'train_weather_pred' retrieved from /opt/airflow/dags/train_weather_pred.py
[2025-07-22T06:04:38.816+0000] {logging_mixin.py:190} INFO - [2025-07-22T06:04:38.816+0000] {dag.py:3239} INFO - Sync 1 DAGs
[2025-07-22T06:04:38.834+0000] {logging_mixin.py:190} INFO - [2025-07-22T06:04:38.833+0000] {dag.py:4180} INFO - Setting next_dagrun for train_weather_pred to 2025-07-22 00:00:00+00:00, run_after=2025-07-23 00:00:00+00:00
[2025-07-22T06:04:38.848+0000] {processor.py:208} INFO - Processing /opt/airflow/dags/train_weather_pred.py took 3.165 seconds
[2025-07-22T06:05:10.585+0000] {processor.py:186} INFO - Started process (PID=26554) to work on /opt/airflow/dags/train_weather_pred.py
[2025-07-22T06:05:10.586+0000] {processor.py:914} INFO - Processing file /opt/airflow/dags/train_weather_pred.py for tasks to queue
[2025-07-22T06:05:10.587+0000] {logging_mixin.py:190} INFO - [2025-07-22T06:05:10.587+0000] {dagbag.py:588} INFO - Filling up the DagBag from /opt/airflow/dags/train_weather_pred.py
[2025-07-22T06:05:13.768+0000] {processor.py:925} INFO - DAG(s) 'train_weather_pred' retrieved from /opt/airflow/dags/train_weather_pred.py
[2025-07-22T06:05:13.787+0000] {logging_mixin.py:190} INFO - [2025-07-22T06:05:13.787+0000] {dag.py:3239} INFO - Sync 1 DAGs
[2025-07-22T06:05:13.806+0000] {logging_mixin.py:190} INFO - [2025-07-22T06:05:13.805+0000] {dag.py:4180} INFO - Setting next_dagrun for train_weather_pred to 2025-07-22 00:00:00+00:00, run_after=2025-07-23 00:00:00+00:00
[2025-07-22T06:05:13.821+0000] {processor.py:208} INFO - Processing /opt/airflow/dags/train_weather_pred.py took 3.242 seconds
[2025-07-22T06:05:45.515+0000] {processor.py:186} INFO - Started process (PID=26652) to work on /opt/airflow/dags/train_weather_pred.py
[2025-07-22T06:05:45.516+0000] {processor.py:914} INFO - Processing file /opt/airflow/dags/train_weather_pred.py for tasks to queue
[2025-07-22T06:05:45.518+0000] {logging_mixin.py:190} INFO - [2025-07-22T06:05:45.517+0000] {dagbag.py:588} INFO - Filling up the DagBag from /opt/airflow/dags/train_weather_pred.py
[2025-07-22T06:05:48.632+0000] {processor.py:925} INFO - DAG(s) 'train_weather_pred' retrieved from /opt/airflow/dags/train_weather_pred.py
[2025-07-22T06:05:48.652+0000] {logging_mixin.py:190} INFO - [2025-07-22T06:05:48.652+0000] {dag.py:3239} INFO - Sync 1 DAGs
[2025-07-22T06:05:48.669+0000] {logging_mixin.py:190} INFO - [2025-07-22T06:05:48.669+0000] {dag.py:4180} INFO - Setting next_dagrun for train_weather_pred to 2025-07-22 00:00:00+00:00, run_after=2025-07-23 00:00:00+00:00
[2025-07-22T06:05:48.684+0000] {processor.py:208} INFO - Processing /opt/airflow/dags/train_weather_pred.py took 3.174 seconds
[2025-07-22T06:06:19.842+0000] {processor.py:186} INFO - Started process (PID=26750) to work on /opt/airflow/dags/train_weather_pred.py
[2025-07-22T06:06:19.843+0000] {processor.py:914} INFO - Processing file /opt/airflow/dags/train_weather_pred.py for tasks to queue
[2025-07-22T06:06:19.846+0000] {logging_mixin.py:190} INFO - [2025-07-22T06:06:19.846+0000] {dagbag.py:588} INFO - Filling up the DagBag from /opt/airflow/dags/train_weather_pred.py
[2025-07-22T06:06:23.089+0000] {processor.py:925} INFO - DAG(s) 'train_weather_pred' retrieved from /opt/airflow/dags/train_weather_pred.py
[2025-07-22T06:06:23.109+0000] {logging_mixin.py:190} INFO - [2025-07-22T06:06:23.108+0000] {dag.py:3239} INFO - Sync 1 DAGs
[2025-07-22T06:06:23.128+0000] {logging_mixin.py:190} INFO - [2025-07-22T06:06:23.128+0000] {dag.py:4180} INFO - Setting next_dagrun for train_weather_pred to 2025-07-22 00:00:00+00:00, run_after=2025-07-23 00:00:00+00:00
[2025-07-22T06:06:23.143+0000] {processor.py:208} INFO - Processing /opt/airflow/dags/train_weather_pred.py took 3.308 seconds
[2025-07-22T06:06:55.028+0000] {processor.py:186} INFO - Started process (PID=26854) to work on /opt/airflow/dags/train_weather_pred.py
[2025-07-22T06:06:55.029+0000] {processor.py:914} INFO - Processing file /opt/airflow/dags/train_weather_pred.py for tasks to queue
[2025-07-22T06:06:55.030+0000] {logging_mixin.py:190} INFO - [2025-07-22T06:06:55.030+0000] {dagbag.py:588} INFO - Filling up the DagBag from /opt/airflow/dags/train_weather_pred.py
[2025-07-22T06:06:58.199+0000] {processor.py:925} INFO - DAG(s) 'train_weather_pred' retrieved from /opt/airflow/dags/train_weather_pred.py
[2025-07-22T06:06:58.219+0000] {logging_mixin.py:190} INFO - [2025-07-22T06:06:58.219+0000] {dag.py:3239} INFO - Sync 1 DAGs
[2025-07-22T06:06:58.236+0000] {logging_mixin.py:190} INFO - [2025-07-22T06:06:58.236+0000] {dag.py:4180} INFO - Setting next_dagrun for train_weather_pred to 2025-07-22 00:00:00+00:00, run_after=2025-07-23 00:00:00+00:00
[2025-07-22T06:06:58.249+0000] {processor.py:208} INFO - Processing /opt/airflow/dags/train_weather_pred.py took 3.227 seconds
[2025-07-22T06:07:29.932+0000] {processor.py:186} INFO - Started process (PID=26952) to work on /opt/airflow/dags/train_weather_pred.py
[2025-07-22T06:07:29.932+0000] {processor.py:914} INFO - Processing file /opt/airflow/dags/train_weather_pred.py for tasks to queue
[2025-07-22T06:07:29.934+0000] {logging_mixin.py:190} INFO - [2025-07-22T06:07:29.934+0000] {dagbag.py:588} INFO - Filling up the DagBag from /opt/airflow/dags/train_weather_pred.py
[2025-07-22T06:07:33.046+0000] {processor.py:925} INFO - DAG(s) 'train_weather_pred' retrieved from /opt/airflow/dags/train_weather_pred.py
[2025-07-22T06:07:33.066+0000] {logging_mixin.py:190} INFO - [2025-07-22T06:07:33.066+0000] {dag.py:3239} INFO - Sync 1 DAGs
[2025-07-22T06:07:33.082+0000] {logging_mixin.py:190} INFO - [2025-07-22T06:07:33.082+0000] {dag.py:4180} INFO - Setting next_dagrun for train_weather_pred to 2025-07-22 00:00:00+00:00, run_after=2025-07-23 00:00:00+00:00
[2025-07-22T06:07:33.096+0000] {processor.py:208} INFO - Processing /opt/airflow/dags/train_weather_pred.py took 3.170 seconds
[2025-07-22T06:08:05.014+0000] {processor.py:186} INFO - Started process (PID=27050) to work on /opt/airflow/dags/train_weather_pred.py
[2025-07-22T06:08:05.015+0000] {processor.py:914} INFO - Processing file /opt/airflow/dags/train_weather_pred.py for tasks to queue
[2025-07-22T06:08:05.018+0000] {logging_mixin.py:190} INFO - [2025-07-22T06:08:05.017+0000] {dagbag.py:588} INFO - Filling up the DagBag from /opt/airflow/dags/train_weather_pred.py
[2025-07-22T06:08:08.135+0000] {processor.py:925} INFO - DAG(s) 'train_weather_pred' retrieved from /opt/airflow/dags/train_weather_pred.py
[2025-07-22T06:08:08.155+0000] {logging_mixin.py:190} INFO - [2025-07-22T06:08:08.154+0000] {dag.py:3239} INFO - Sync 1 DAGs
[2025-07-22T06:08:08.173+0000] {logging_mixin.py:190} INFO - [2025-07-22T06:08:08.173+0000] {dag.py:4180} INFO - Setting next_dagrun for train_weather_pred to 2025-07-22 00:00:00+00:00, run_after=2025-07-23 00:00:00+00:00
[2025-07-22T06:08:08.187+0000] {processor.py:208} INFO - Processing /opt/airflow/dags/train_weather_pred.py took 3.178 seconds
[2025-07-22T06:08:40.023+0000] {processor.py:186} INFO - Started process (PID=27148) to work on /opt/airflow/dags/train_weather_pred.py
[2025-07-22T06:08:40.024+0000] {processor.py:914} INFO - Processing file /opt/airflow/dags/train_weather_pred.py for tasks to queue
[2025-07-22T06:08:40.026+0000] {logging_mixin.py:190} INFO - [2025-07-22T06:08:40.026+0000] {dagbag.py:588} INFO - Filling up the DagBag from /opt/airflow/dags/train_weather_pred.py
[2025-07-22T06:08:43.168+0000] {processor.py:925} INFO - DAG(s) 'train_weather_pred' retrieved from /opt/airflow/dags/train_weather_pred.py
[2025-07-22T06:08:43.189+0000] {logging_mixin.py:190} INFO - [2025-07-22T06:08:43.189+0000] {dag.py:3239} INFO - Sync 1 DAGs
[2025-07-22T06:08:43.206+0000] {logging_mixin.py:190} INFO - [2025-07-22T06:08:43.206+0000] {dag.py:4180} INFO - Setting next_dagrun for train_weather_pred to 2025-07-22 00:00:00+00:00, run_after=2025-07-23 00:00:00+00:00
[2025-07-22T06:08:43.220+0000] {processor.py:208} INFO - Processing /opt/airflow/dags/train_weather_pred.py took 3.202 seconds
[2025-07-22T06:09:14.471+0000] {processor.py:186} INFO - Started process (PID=27246) to work on /opt/airflow/dags/train_weather_pred.py
[2025-07-22T06:09:14.472+0000] {processor.py:914} INFO - Processing file /opt/airflow/dags/train_weather_pred.py for tasks to queue
[2025-07-22T06:09:14.474+0000] {logging_mixin.py:190} INFO - [2025-07-22T06:09:14.474+0000] {dagbag.py:588} INFO - Filling up the DagBag from /opt/airflow/dags/train_weather_pred.py
[2025-07-22T06:09:17.655+0000] {processor.py:925} INFO - DAG(s) 'train_weather_pred' retrieved from /opt/airflow/dags/train_weather_pred.py
[2025-07-22T06:09:17.674+0000] {logging_mixin.py:190} INFO - [2025-07-22T06:09:17.673+0000] {dag.py:3239} INFO - Sync 1 DAGs
[2025-07-22T06:09:17.692+0000] {logging_mixin.py:190} INFO - [2025-07-22T06:09:17.692+0000] {dag.py:4180} INFO - Setting next_dagrun for train_weather_pred to 2025-07-22 00:00:00+00:00, run_after=2025-07-23 00:00:00+00:00
[2025-07-22T06:09:17.707+0000] {processor.py:208} INFO - Processing /opt/airflow/dags/train_weather_pred.py took 3.242 seconds
[2025-07-22T06:09:49.042+0000] {processor.py:186} INFO - Started process (PID=27344) to work on /opt/airflow/dags/train_weather_pred.py
[2025-07-22T06:09:49.043+0000] {processor.py:914} INFO - Processing file /opt/airflow/dags/train_weather_pred.py for tasks to queue
[2025-07-22T06:09:49.046+0000] {logging_mixin.py:190} INFO - [2025-07-22T06:09:49.046+0000] {dagbag.py:588} INFO - Filling up the DagBag from /opt/airflow/dags/train_weather_pred.py
[2025-07-22T06:09:52.290+0000] {processor.py:925} INFO - DAG(s) 'train_weather_pred' retrieved from /opt/airflow/dags/train_weather_pred.py
[2025-07-22T06:09:52.312+0000] {logging_mixin.py:190} INFO - [2025-07-22T06:09:52.312+0000] {dag.py:3239} INFO - Sync 1 DAGs
[2025-07-22T06:09:52.330+0000] {logging_mixin.py:190} INFO - [2025-07-22T06:09:52.330+0000] {dag.py:4180} INFO - Setting next_dagrun for train_weather_pred to 2025-07-22 00:00:00+00:00, run_after=2025-07-23 00:00:00+00:00
[2025-07-22T06:09:52.345+0000] {processor.py:208} INFO - Processing /opt/airflow/dags/train_weather_pred.py took 3.312 seconds
[2025-07-22T06:10:24.314+0000] {processor.py:186} INFO - Started process (PID=27442) to work on /opt/airflow/dags/train_weather_pred.py
[2025-07-22T06:10:24.316+0000] {processor.py:914} INFO - Processing file /opt/airflow/dags/train_weather_pred.py for tasks to queue
[2025-07-22T06:10:24.318+0000] {logging_mixin.py:190} INFO - [2025-07-22T06:10:24.318+0000] {dagbag.py:588} INFO - Filling up the DagBag from /opt/airflow/dags/train_weather_pred.py
[2025-07-22T06:10:27.566+0000] {processor.py:925} INFO - DAG(s) 'train_weather_pred' retrieved from /opt/airflow/dags/train_weather_pred.py
[2025-07-22T06:10:27.586+0000] {logging_mixin.py:190} INFO - [2025-07-22T06:10:27.586+0000] {dag.py:3239} INFO - Sync 1 DAGs
[2025-07-22T06:10:27.606+0000] {logging_mixin.py:190} INFO - [2025-07-22T06:10:27.606+0000] {dag.py:4180} INFO - Setting next_dagrun for train_weather_pred to 2025-07-22 00:00:00+00:00, run_after=2025-07-23 00:00:00+00:00
[2025-07-22T06:10:27.622+0000] {processor.py:208} INFO - Processing /opt/airflow/dags/train_weather_pred.py took 3.313 seconds
[2025-07-22T06:10:59.578+0000] {processor.py:186} INFO - Started process (PID=27546) to work on /opt/airflow/dags/train_weather_pred.py
[2025-07-22T06:10:59.579+0000] {processor.py:914} INFO - Processing file /opt/airflow/dags/train_weather_pred.py for tasks to queue
[2025-07-22T06:10:59.581+0000] {logging_mixin.py:190} INFO - [2025-07-22T06:10:59.580+0000] {dagbag.py:588} INFO - Filling up the DagBag from /opt/airflow/dags/train_weather_pred.py
[2025-07-22T06:11:02.652+0000] {processor.py:925} INFO - DAG(s) 'train_weather_pred' retrieved from /opt/airflow/dags/train_weather_pred.py
[2025-07-22T06:11:02.676+0000] {logging_mixin.py:190} INFO - [2025-07-22T06:11:02.675+0000] {dag.py:3239} INFO - Sync 1 DAGs
[2025-07-22T06:11:02.693+0000] {logging_mixin.py:190} INFO - [2025-07-22T06:11:02.693+0000] {dag.py:4180} INFO - Setting next_dagrun for train_weather_pred to 2025-07-22 00:00:00+00:00, run_after=2025-07-23 00:00:00+00:00
[2025-07-22T06:11:02.706+0000] {processor.py:208} INFO - Processing /opt/airflow/dags/train_weather_pred.py took 3.134 seconds
[2025-07-22T06:11:34.508+0000] {processor.py:186} INFO - Started process (PID=27644) to work on /opt/airflow/dags/train_weather_pred.py
[2025-07-22T06:11:34.509+0000] {processor.py:914} INFO - Processing file /opt/airflow/dags/train_weather_pred.py for tasks to queue
[2025-07-22T06:11:34.511+0000] {logging_mixin.py:190} INFO - [2025-07-22T06:11:34.511+0000] {dagbag.py:588} INFO - Filling up the DagBag from /opt/airflow/dags/train_weather_pred.py
[2025-07-22T06:11:37.654+0000] {processor.py:925} INFO - DAG(s) 'train_weather_pred' retrieved from /opt/airflow/dags/train_weather_pred.py
[2025-07-22T06:11:37.675+0000] {logging_mixin.py:190} INFO - [2025-07-22T06:11:37.674+0000] {dag.py:3239} INFO - Sync 1 DAGs
[2025-07-22T06:11:37.692+0000] {logging_mixin.py:190} INFO - [2025-07-22T06:11:37.692+0000] {dag.py:4180} INFO - Setting next_dagrun for train_weather_pred to 2025-07-22 00:00:00+00:00, run_after=2025-07-23 00:00:00+00:00
[2025-07-22T06:11:37.705+0000] {processor.py:208} INFO - Processing /opt/airflow/dags/train_weather_pred.py took 3.202 seconds
[2025-07-22T06:12:09.878+0000] {processor.py:186} INFO - Started process (PID=27742) to work on /opt/airflow/dags/train_weather_pred.py
[2025-07-22T06:12:09.879+0000] {processor.py:914} INFO - Processing file /opt/airflow/dags/train_weather_pred.py for tasks to queue
[2025-07-22T06:12:09.881+0000] {logging_mixin.py:190} INFO - [2025-07-22T06:12:09.881+0000] {dagbag.py:588} INFO - Filling up the DagBag from /opt/airflow/dags/train_weather_pred.py
[2025-07-22T06:12:13.068+0000] {processor.py:925} INFO - DAG(s) 'train_weather_pred' retrieved from /opt/airflow/dags/train_weather_pred.py
[2025-07-22T06:12:13.090+0000] {logging_mixin.py:190} INFO - [2025-07-22T06:12:13.089+0000] {dag.py:3239} INFO - Sync 1 DAGs
[2025-07-22T06:12:13.108+0000] {logging_mixin.py:190} INFO - [2025-07-22T06:12:13.107+0000] {dag.py:4180} INFO - Setting next_dagrun for train_weather_pred to 2025-07-22 00:00:00+00:00, run_after=2025-07-23 00:00:00+00:00
[2025-07-22T06:12:13.122+0000] {processor.py:208} INFO - Processing /opt/airflow/dags/train_weather_pred.py took 3.250 seconds
[2025-07-22T06:12:45.003+0000] {processor.py:186} INFO - Started process (PID=27840) to work on /opt/airflow/dags/train_weather_pred.py
[2025-07-22T06:12:45.004+0000] {processor.py:914} INFO - Processing file /opt/airflow/dags/train_weather_pred.py for tasks to queue
[2025-07-22T06:12:45.005+0000] {logging_mixin.py:190} INFO - [2025-07-22T06:12:45.005+0000] {dagbag.py:588} INFO - Filling up the DagBag from /opt/airflow/dags/train_weather_pred.py
[2025-07-22T06:12:48.115+0000] {processor.py:925} INFO - DAG(s) 'train_weather_pred' retrieved from /opt/airflow/dags/train_weather_pred.py
[2025-07-22T06:12:48.135+0000] {logging_mixin.py:190} INFO - [2025-07-22T06:12:48.135+0000] {dag.py:3239} INFO - Sync 1 DAGs
[2025-07-22T06:12:48.152+0000] {logging_mixin.py:190} INFO - [2025-07-22T06:12:48.152+0000] {dag.py:4180} INFO - Setting next_dagrun for train_weather_pred to 2025-07-22 00:00:00+00:00, run_after=2025-07-23 00:00:00+00:00
[2025-07-22T06:12:48.167+0000] {processor.py:208} INFO - Processing /opt/airflow/dags/train_weather_pred.py took 3.169 seconds
[2025-07-22T06:13:20.052+0000] {processor.py:186} INFO - Started process (PID=27938) to work on /opt/airflow/dags/train_weather_pred.py
[2025-07-22T06:13:20.053+0000] {processor.py:914} INFO - Processing file /opt/airflow/dags/train_weather_pred.py for tasks to queue
[2025-07-22T06:13:20.055+0000] {logging_mixin.py:190} INFO - [2025-07-22T06:13:20.055+0000] {dagbag.py:588} INFO - Filling up the DagBag from /opt/airflow/dags/train_weather_pred.py
[2025-07-22T06:13:23.308+0000] {processor.py:925} INFO - DAG(s) 'train_weather_pred' retrieved from /opt/airflow/dags/train_weather_pred.py
[2025-07-22T06:13:23.331+0000] {logging_mixin.py:190} INFO - [2025-07-22T06:13:23.330+0000] {dag.py:3239} INFO - Sync 1 DAGs
[2025-07-22T06:13:23.350+0000] {logging_mixin.py:190} INFO - [2025-07-22T06:13:23.350+0000] {dag.py:4180} INFO - Setting next_dagrun for train_weather_pred to 2025-07-22 00:00:00+00:00, run_after=2025-07-23 00:00:00+00:00
[2025-07-22T06:13:23.365+0000] {processor.py:208} INFO - Processing /opt/airflow/dags/train_weather_pred.py took 3.318 seconds
[2025-07-22T06:13:55.331+0000] {processor.py:186} INFO - Started process (PID=28036) to work on /opt/airflow/dags/train_weather_pred.py
[2025-07-22T06:13:55.332+0000] {processor.py:914} INFO - Processing file /opt/airflow/dags/train_weather_pred.py for tasks to queue
[2025-07-22T06:13:55.334+0000] {logging_mixin.py:190} INFO - [2025-07-22T06:13:55.333+0000] {dagbag.py:588} INFO - Filling up the DagBag from /opt/airflow/dags/train_weather_pred.py
[2025-07-22T06:13:58.542+0000] {processor.py:925} INFO - DAG(s) 'train_weather_pred' retrieved from /opt/airflow/dags/train_weather_pred.py
[2025-07-22T06:13:58.561+0000] {logging_mixin.py:190} INFO - [2025-07-22T06:13:58.561+0000] {dag.py:3239} INFO - Sync 1 DAGs
[2025-07-22T06:13:58.579+0000] {logging_mixin.py:190} INFO - [2025-07-22T06:13:58.579+0000] {dag.py:4180} INFO - Setting next_dagrun for train_weather_pred to 2025-07-22 00:00:00+00:00, run_after=2025-07-23 00:00:00+00:00
[2025-07-22T06:13:58.594+0000] {processor.py:208} INFO - Processing /opt/airflow/dags/train_weather_pred.py took 3.268 seconds
[2025-07-22T06:14:30.351+0000] {processor.py:186} INFO - Started process (PID=28141) to work on /opt/airflow/dags/train_weather_pred.py
[2025-07-22T06:14:30.352+0000] {processor.py:914} INFO - Processing file /opt/airflow/dags/train_weather_pred.py for tasks to queue
[2025-07-22T06:14:30.353+0000] {logging_mixin.py:190} INFO - [2025-07-22T06:14:30.353+0000] {dagbag.py:588} INFO - Filling up the DagBag from /opt/airflow/dags/train_weather_pred.py
[2025-07-22T06:14:33.509+0000] {processor.py:925} INFO - DAG(s) 'train_weather_pred' retrieved from /opt/airflow/dags/train_weather_pred.py
[2025-07-22T06:14:33.528+0000] {logging_mixin.py:190} INFO - [2025-07-22T06:14:33.528+0000] {dag.py:3239} INFO - Sync 1 DAGs
[2025-07-22T06:14:33.546+0000] {logging_mixin.py:190} INFO - [2025-07-22T06:14:33.546+0000] {dag.py:4180} INFO - Setting next_dagrun for train_weather_pred to 2025-07-22 00:00:00+00:00, run_after=2025-07-23 00:00:00+00:00
[2025-07-22T06:14:33.560+0000] {processor.py:208} INFO - Processing /opt/airflow/dags/train_weather_pred.py took 3.215 seconds
[2025-07-22T06:15:05.805+0000] {processor.py:186} INFO - Started process (PID=28239) to work on /opt/airflow/dags/train_weather_pred.py
[2025-07-22T06:15:05.806+0000] {processor.py:914} INFO - Processing file /opt/airflow/dags/train_weather_pred.py for tasks to queue
[2025-07-22T06:15:05.809+0000] {logging_mixin.py:190} INFO - [2025-07-22T06:15:05.809+0000] {dagbag.py:588} INFO - Filling up the DagBag from /opt/airflow/dags/train_weather_pred.py
[2025-07-22T06:15:08.970+0000] {processor.py:925} INFO - DAG(s) 'train_weather_pred' retrieved from /opt/airflow/dags/train_weather_pred.py
[2025-07-22T06:15:08.992+0000] {logging_mixin.py:190} INFO - [2025-07-22T06:15:08.990+0000] {dag.py:3239} INFO - Sync 1 DAGs
[2025-07-22T06:15:09.010+0000] {logging_mixin.py:190} INFO - [2025-07-22T06:15:09.010+0000] {dag.py:4180} INFO - Setting next_dagrun for train_weather_pred to 2025-07-22 00:00:00+00:00, run_after=2025-07-23 00:00:00+00:00
[2025-07-22T06:15:09.026+0000] {processor.py:208} INFO - Processing /opt/airflow/dags/train_weather_pred.py took 3.226 seconds
[2025-07-22T06:15:40.404+0000] {processor.py:186} INFO - Started process (PID=28337) to work on /opt/airflow/dags/train_weather_pred.py
[2025-07-22T06:15:40.405+0000] {processor.py:914} INFO - Processing file /opt/airflow/dags/train_weather_pred.py for tasks to queue
[2025-07-22T06:15:40.407+0000] {logging_mixin.py:190} INFO - [2025-07-22T06:15:40.407+0000] {dagbag.py:588} INFO - Filling up the DagBag from /opt/airflow/dags/train_weather_pred.py
[2025-07-22T06:15:43.541+0000] {processor.py:925} INFO - DAG(s) 'train_weather_pred' retrieved from /opt/airflow/dags/train_weather_pred.py
[2025-07-22T06:15:43.562+0000] {logging_mixin.py:190} INFO - [2025-07-22T06:15:43.561+0000] {dag.py:3239} INFO - Sync 1 DAGs
[2025-07-22T06:15:43.580+0000] {logging_mixin.py:190} INFO - [2025-07-22T06:15:43.580+0000] {dag.py:4180} INFO - Setting next_dagrun for train_weather_pred to 2025-07-22 00:00:00+00:00, run_after=2025-07-23 00:00:00+00:00
[2025-07-22T06:15:43.594+0000] {processor.py:208} INFO - Processing /opt/airflow/dags/train_weather_pred.py took 3.196 seconds
[2025-07-22T06:16:14.807+0000] {processor.py:186} INFO - Started process (PID=28435) to work on /opt/airflow/dags/train_weather_pred.py
[2025-07-22T06:16:14.808+0000] {processor.py:914} INFO - Processing file /opt/airflow/dags/train_weather_pred.py for tasks to queue
[2025-07-22T06:16:14.810+0000] {logging_mixin.py:190} INFO - [2025-07-22T06:16:14.810+0000] {dagbag.py:588} INFO - Filling up the DagBag from /opt/airflow/dags/train_weather_pred.py
[2025-07-22T06:16:18.052+0000] {processor.py:925} INFO - DAG(s) 'train_weather_pred' retrieved from /opt/airflow/dags/train_weather_pred.py
[2025-07-22T06:16:18.075+0000] {logging_mixin.py:190} INFO - [2025-07-22T06:16:18.075+0000] {dag.py:3239} INFO - Sync 1 DAGs
[2025-07-22T06:16:18.096+0000] {logging_mixin.py:190} INFO - [2025-07-22T06:16:18.096+0000] {dag.py:4180} INFO - Setting next_dagrun for train_weather_pred to 2025-07-22 00:00:00+00:00, run_after=2025-07-23 00:00:00+00:00
[2025-07-22T06:16:18.112+0000] {processor.py:208} INFO - Processing /opt/airflow/dags/train_weather_pred.py took 3.312 seconds
[2025-07-22T06:16:49.203+0000] {processor.py:186} INFO - Started process (PID=28533) to work on /opt/airflow/dags/train_weather_pred.py
[2025-07-22T06:16:49.205+0000] {processor.py:914} INFO - Processing file /opt/airflow/dags/train_weather_pred.py for tasks to queue
[2025-07-22T06:16:49.208+0000] {logging_mixin.py:190} INFO - [2025-07-22T06:16:49.208+0000] {dagbag.py:588} INFO - Filling up the DagBag from /opt/airflow/dags/train_weather_pred.py
[2025-07-22T06:16:52.675+0000] {processor.py:925} INFO - DAG(s) 'train_weather_pred' retrieved from /opt/airflow/dags/train_weather_pred.py
[2025-07-22T06:16:52.697+0000] {logging_mixin.py:190} INFO - [2025-07-22T06:16:52.696+0000] {dag.py:3239} INFO - Sync 1 DAGs
[2025-07-22T06:16:52.715+0000] {logging_mixin.py:190} INFO - [2025-07-22T06:16:52.715+0000] {dag.py:4180} INFO - Setting next_dagrun for train_weather_pred to 2025-07-22 00:00:00+00:00, run_after=2025-07-23 00:00:00+00:00
[2025-07-22T06:16:52.730+0000] {processor.py:208} INFO - Processing /opt/airflow/dags/train_weather_pred.py took 3.535 seconds
[2025-07-22T06:17:23.868+0000] {processor.py:186} INFO - Started process (PID=28631) to work on /opt/airflow/dags/train_weather_pred.py
[2025-07-22T06:17:23.869+0000] {processor.py:914} INFO - Processing file /opt/airflow/dags/train_weather_pred.py for tasks to queue
[2025-07-22T06:17:23.871+0000] {logging_mixin.py:190} INFO - [2025-07-22T06:17:23.870+0000] {dagbag.py:588} INFO - Filling up the DagBag from /opt/airflow/dags/train_weather_pred.py
[2025-07-22T06:17:27.026+0000] {processor.py:925} INFO - DAG(s) 'train_weather_pred' retrieved from /opt/airflow/dags/train_weather_pred.py
[2025-07-22T06:17:27.047+0000] {logging_mixin.py:190} INFO - [2025-07-22T06:17:27.047+0000] {dag.py:3239} INFO - Sync 1 DAGs
[2025-07-22T06:17:27.065+0000] {logging_mixin.py:190} INFO - [2025-07-22T06:17:27.065+0000] {dag.py:4180} INFO - Setting next_dagrun for train_weather_pred to 2025-07-22 00:00:00+00:00, run_after=2025-07-23 00:00:00+00:00
[2025-07-22T06:17:27.079+0000] {processor.py:208} INFO - Processing /opt/airflow/dags/train_weather_pred.py took 3.217 seconds
[2025-07-22T06:17:59.021+0000] {processor.py:186} INFO - Started process (PID=28735) to work on /opt/airflow/dags/train_weather_pred.py
[2025-07-22T06:17:59.022+0000] {processor.py:914} INFO - Processing file /opt/airflow/dags/train_weather_pred.py for tasks to queue
[2025-07-22T06:17:59.024+0000] {logging_mixin.py:190} INFO - [2025-07-22T06:17:59.024+0000] {dagbag.py:588} INFO - Filling up the DagBag from /opt/airflow/dags/train_weather_pred.py
[2025-07-22T06:18:02.388+0000] {processor.py:925} INFO - DAG(s) 'train_weather_pred' retrieved from /opt/airflow/dags/train_weather_pred.py
[2025-07-22T06:18:02.409+0000] {logging_mixin.py:190} INFO - [2025-07-22T06:18:02.408+0000] {dag.py:3239} INFO - Sync 1 DAGs
[2025-07-22T06:18:02.425+0000] {logging_mixin.py:190} INFO - [2025-07-22T06:18:02.425+0000] {dag.py:4180} INFO - Setting next_dagrun for train_weather_pred to 2025-07-22 00:00:00+00:00, run_after=2025-07-23 00:00:00+00:00
[2025-07-22T06:18:02.437+0000] {processor.py:208} INFO - Processing /opt/airflow/dags/train_weather_pred.py took 3.422 seconds
[2025-07-22T06:18:34.328+0000] {processor.py:186} INFO - Started process (PID=28833) to work on /opt/airflow/dags/train_weather_pred.py
[2025-07-22T06:18:34.329+0000] {processor.py:914} INFO - Processing file /opt/airflow/dags/train_weather_pred.py for tasks to queue
[2025-07-22T06:18:34.332+0000] {logging_mixin.py:190} INFO - [2025-07-22T06:18:34.331+0000] {dagbag.py:588} INFO - Filling up the DagBag from /opt/airflow/dags/train_weather_pred.py
[2025-07-22T06:18:37.455+0000] {processor.py:925} INFO - DAG(s) 'train_weather_pred' retrieved from /opt/airflow/dags/train_weather_pred.py
[2025-07-22T06:18:37.475+0000] {logging_mixin.py:190} INFO - [2025-07-22T06:18:37.475+0000] {dag.py:3239} INFO - Sync 1 DAGs
[2025-07-22T06:18:37.492+0000] {logging_mixin.py:190} INFO - [2025-07-22T06:18:37.492+0000] {dag.py:4180} INFO - Setting next_dagrun for train_weather_pred to 2025-07-22 00:00:00+00:00, run_after=2025-07-23 00:00:00+00:00
[2025-07-22T06:18:37.505+0000] {processor.py:208} INFO - Processing /opt/airflow/dags/train_weather_pred.py took 3.183 seconds
[2025-07-22T06:19:09.256+0000] {processor.py:186} INFO - Started process (PID=28931) to work on /opt/airflow/dags/train_weather_pred.py
[2025-07-22T06:19:09.257+0000] {processor.py:914} INFO - Processing file /opt/airflow/dags/train_weather_pred.py for tasks to queue
[2025-07-22T06:19:09.259+0000] {logging_mixin.py:190} INFO - [2025-07-22T06:19:09.259+0000] {dagbag.py:588} INFO - Filling up the DagBag from /opt/airflow/dags/train_weather_pred.py
[2025-07-22T06:19:12.575+0000] {processor.py:925} INFO - DAG(s) 'train_weather_pred' retrieved from /opt/airflow/dags/train_weather_pred.py
[2025-07-22T06:19:12.597+0000] {logging_mixin.py:190} INFO - [2025-07-22T06:19:12.596+0000] {dag.py:3239} INFO - Sync 1 DAGs
[2025-07-22T06:19:12.615+0000] {logging_mixin.py:190} INFO - [2025-07-22T06:19:12.615+0000] {dag.py:4180} INFO - Setting next_dagrun for train_weather_pred to 2025-07-22 00:00:00+00:00, run_after=2025-07-23 00:00:00+00:00
[2025-07-22T06:19:12.630+0000] {processor.py:208} INFO - Processing /opt/airflow/dags/train_weather_pred.py took 3.379 seconds
[2025-07-22T06:19:44.535+0000] {processor.py:186} INFO - Started process (PID=29029) to work on /opt/airflow/dags/train_weather_pred.py
[2025-07-22T06:19:44.536+0000] {processor.py:914} INFO - Processing file /opt/airflow/dags/train_weather_pred.py for tasks to queue
[2025-07-22T06:19:44.539+0000] {logging_mixin.py:190} INFO - [2025-07-22T06:19:44.538+0000] {dagbag.py:588} INFO - Filling up the DagBag from /opt/airflow/dags/train_weather_pred.py
[2025-07-22T06:19:47.620+0000] {processor.py:925} INFO - DAG(s) 'train_weather_pred' retrieved from /opt/airflow/dags/train_weather_pred.py
[2025-07-22T06:19:47.640+0000] {logging_mixin.py:190} INFO - [2025-07-22T06:19:47.640+0000] {dag.py:3239} INFO - Sync 1 DAGs
[2025-07-22T06:19:47.657+0000] {logging_mixin.py:190} INFO - [2025-07-22T06:19:47.657+0000] {dag.py:4180} INFO - Setting next_dagrun for train_weather_pred to 2025-07-22 00:00:00+00:00, run_after=2025-07-23 00:00:00+00:00
[2025-07-22T06:19:47.672+0000] {processor.py:208} INFO - Processing /opt/airflow/dags/train_weather_pred.py took 3.142 seconds
[2025-07-22T06:20:18.989+0000] {processor.py:186} INFO - Started process (PID=29127) to work on /opt/airflow/dags/train_weather_pred.py
[2025-07-22T06:20:18.991+0000] {processor.py:914} INFO - Processing file /opt/airflow/dags/train_weather_pred.py for tasks to queue
[2025-07-22T06:20:18.993+0000] {logging_mixin.py:190} INFO - [2025-07-22T06:20:18.992+0000] {dagbag.py:588} INFO - Filling up the DagBag from /opt/airflow/dags/train_weather_pred.py
[2025-07-22T06:20:22.333+0000] {processor.py:925} INFO - DAG(s) 'train_weather_pred' retrieved from /opt/airflow/dags/train_weather_pred.py
[2025-07-22T06:20:22.359+0000] {logging_mixin.py:190} INFO - [2025-07-22T06:20:22.358+0000] {dag.py:3239} INFO - Sync 1 DAGs
[2025-07-22T06:20:22.379+0000] {logging_mixin.py:190} INFO - [2025-07-22T06:20:22.379+0000] {dag.py:4180} INFO - Setting next_dagrun for train_weather_pred to 2025-07-22 00:00:00+00:00, run_after=2025-07-23 00:00:00+00:00
[2025-07-22T06:20:22.398+0000] {processor.py:208} INFO - Processing /opt/airflow/dags/train_weather_pred.py took 3.414 seconds
[2025-07-22T06:20:53.677+0000] {processor.py:186} INFO - Started process (PID=29225) to work on /opt/airflow/dags/train_weather_pred.py
[2025-07-22T06:20:53.679+0000] {processor.py:914} INFO - Processing file /opt/airflow/dags/train_weather_pred.py for tasks to queue
[2025-07-22T06:20:53.682+0000] {logging_mixin.py:190} INFO - [2025-07-22T06:20:53.682+0000] {dagbag.py:588} INFO - Filling up the DagBag from /opt/airflow/dags/train_weather_pred.py
[2025-07-22T06:20:56.856+0000] {processor.py:925} INFO - DAG(s) 'train_weather_pred' retrieved from /opt/airflow/dags/train_weather_pred.py
[2025-07-22T06:20:56.875+0000] {logging_mixin.py:190} INFO - [2025-07-22T06:20:56.875+0000] {dag.py:3239} INFO - Sync 1 DAGs
[2025-07-22T06:20:56.892+0000] {logging_mixin.py:190} INFO - [2025-07-22T06:20:56.892+0000] {dag.py:4180} INFO - Setting next_dagrun for train_weather_pred to 2025-07-22 00:00:00+00:00, run_after=2025-07-23 00:00:00+00:00
[2025-07-22T06:20:56.906+0000] {processor.py:208} INFO - Processing /opt/airflow/dags/train_weather_pred.py took 3.237 seconds
[2025-07-22T06:21:28.862+0000] {processor.py:186} INFO - Started process (PID=29329) to work on /opt/airflow/dags/train_weather_pred.py
[2025-07-22T06:21:28.863+0000] {processor.py:914} INFO - Processing file /opt/airflow/dags/train_weather_pred.py for tasks to queue
[2025-07-22T06:21:28.865+0000] {logging_mixin.py:190} INFO - [2025-07-22T06:21:28.865+0000] {dagbag.py:588} INFO - Filling up the DagBag from /opt/airflow/dags/train_weather_pred.py
[2025-07-22T06:21:32.120+0000] {processor.py:925} INFO - DAG(s) 'train_weather_pred' retrieved from /opt/airflow/dags/train_weather_pred.py
[2025-07-22T06:21:32.145+0000] {logging_mixin.py:190} INFO - [2025-07-22T06:21:32.145+0000] {dag.py:3239} INFO - Sync 1 DAGs
[2025-07-22T06:21:32.165+0000] {logging_mixin.py:190} INFO - [2025-07-22T06:21:32.165+0000] {dag.py:4180} INFO - Setting next_dagrun for train_weather_pred to 2025-07-22 00:00:00+00:00, run_after=2025-07-23 00:00:00+00:00
[2025-07-22T06:21:32.183+0000] {processor.py:208} INFO - Processing /opt/airflow/dags/train_weather_pred.py took 3.326 seconds
[2025-07-22T06:22:03.808+0000] {processor.py:186} INFO - Started process (PID=29427) to work on /opt/airflow/dags/train_weather_pred.py
[2025-07-22T06:22:03.809+0000] {processor.py:914} INFO - Processing file /opt/airflow/dags/train_weather_pred.py for tasks to queue
[2025-07-22T06:22:03.811+0000] {logging_mixin.py:190} INFO - [2025-07-22T06:22:03.811+0000] {dagbag.py:588} INFO - Filling up the DagBag from /opt/airflow/dags/train_weather_pred.py
[2025-07-22T06:22:07.056+0000] {processor.py:925} INFO - DAG(s) 'train_weather_pred' retrieved from /opt/airflow/dags/train_weather_pred.py
[2025-07-22T06:22:07.077+0000] {logging_mixin.py:190} INFO - [2025-07-22T06:22:07.076+0000] {dag.py:3239} INFO - Sync 1 DAGs
[2025-07-22T06:22:07.096+0000] {logging_mixin.py:190} INFO - [2025-07-22T06:22:07.095+0000] {dag.py:4180} INFO - Setting next_dagrun for train_weather_pred to 2025-07-22 00:00:00+00:00, run_after=2025-07-23 00:00:00+00:00
[2025-07-22T06:22:07.110+0000] {processor.py:208} INFO - Processing /opt/airflow/dags/train_weather_pred.py took 3.307 seconds
[2025-07-22T06:22:38.988+0000] {processor.py:186} INFO - Started process (PID=29525) to work on /opt/airflow/dags/train_weather_pred.py
[2025-07-22T06:22:38.989+0000] {processor.py:914} INFO - Processing file /opt/airflow/dags/train_weather_pred.py for tasks to queue
[2025-07-22T06:22:38.991+0000] {logging_mixin.py:190} INFO - [2025-07-22T06:22:38.991+0000] {dagbag.py:588} INFO - Filling up the DagBag from /opt/airflow/dags/train_weather_pred.py
[2025-07-22T06:22:42.111+0000] {processor.py:925} INFO - DAG(s) 'train_weather_pred' retrieved from /opt/airflow/dags/train_weather_pred.py
[2025-07-22T06:22:42.131+0000] {logging_mixin.py:190} INFO - [2025-07-22T06:22:42.131+0000] {dag.py:3239} INFO - Sync 1 DAGs
[2025-07-22T06:22:42.148+0000] {logging_mixin.py:190} INFO - [2025-07-22T06:22:42.148+0000] {dag.py:4180} INFO - Setting next_dagrun for train_weather_pred to 2025-07-22 00:00:00+00:00, run_after=2025-07-23 00:00:00+00:00
[2025-07-22T06:22:42.161+0000] {processor.py:208} INFO - Processing /opt/airflow/dags/train_weather_pred.py took 3.179 seconds
[2025-07-22T06:23:14.070+0000] {processor.py:186} INFO - Started process (PID=29623) to work on /opt/airflow/dags/train_weather_pred.py
[2025-07-22T06:23:14.071+0000] {processor.py:914} INFO - Processing file /opt/airflow/dags/train_weather_pred.py for tasks to queue
[2025-07-22T06:23:14.073+0000] {logging_mixin.py:190} INFO - [2025-07-22T06:23:14.073+0000] {dagbag.py:588} INFO - Filling up the DagBag from /opt/airflow/dags/train_weather_pred.py
[2025-07-22T06:23:17.147+0000] {processor.py:925} INFO - DAG(s) 'train_weather_pred' retrieved from /opt/airflow/dags/train_weather_pred.py
[2025-07-22T06:23:17.167+0000] {logging_mixin.py:190} INFO - [2025-07-22T06:23:17.167+0000] {dag.py:3239} INFO - Sync 1 DAGs
[2025-07-22T06:23:17.184+0000] {logging_mixin.py:190} INFO - [2025-07-22T06:23:17.184+0000] {dag.py:4180} INFO - Setting next_dagrun for train_weather_pred to 2025-07-22 00:00:00+00:00, run_after=2025-07-23 00:00:00+00:00
[2025-07-22T06:23:17.198+0000] {processor.py:208} INFO - Processing /opt/airflow/dags/train_weather_pred.py took 3.136 seconds
[2025-07-22T06:23:49.012+0000] {processor.py:186} INFO - Started process (PID=29721) to work on /opt/airflow/dags/train_weather_pred.py
[2025-07-22T06:23:49.013+0000] {processor.py:914} INFO - Processing file /opt/airflow/dags/train_weather_pred.py for tasks to queue
[2025-07-22T06:23:49.015+0000] {logging_mixin.py:190} INFO - [2025-07-22T06:23:49.015+0000] {dagbag.py:588} INFO - Filling up the DagBag from /opt/airflow/dags/train_weather_pred.py
[2025-07-22T06:23:52.313+0000] {processor.py:925} INFO - DAG(s) 'train_weather_pred' retrieved from /opt/airflow/dags/train_weather_pred.py
[2025-07-22T06:23:52.335+0000] {logging_mixin.py:190} INFO - [2025-07-22T06:23:52.334+0000] {dag.py:3239} INFO - Sync 1 DAGs
[2025-07-22T06:23:52.352+0000] {logging_mixin.py:190} INFO - [2025-07-22T06:23:52.351+0000] {dag.py:4180} INFO - Setting next_dagrun for train_weather_pred to 2025-07-22 00:00:00+00:00, run_after=2025-07-23 00:00:00+00:00
[2025-07-22T06:23:52.366+0000] {processor.py:208} INFO - Processing /opt/airflow/dags/train_weather_pred.py took 3.359 seconds
[2025-07-22T06:24:24.361+0000] {processor.py:186} INFO - Started process (PID=29819) to work on /opt/airflow/dags/train_weather_pred.py
[2025-07-22T06:24:24.362+0000] {processor.py:914} INFO - Processing file /opt/airflow/dags/train_weather_pred.py for tasks to queue
[2025-07-22T06:24:24.365+0000] {logging_mixin.py:190} INFO - [2025-07-22T06:24:24.365+0000] {dagbag.py:588} INFO - Filling up the DagBag from /opt/airflow/dags/train_weather_pred.py
[2025-07-22T06:24:27.432+0000] {processor.py:925} INFO - DAG(s) 'train_weather_pred' retrieved from /opt/airflow/dags/train_weather_pred.py
[2025-07-22T06:24:27.453+0000] {logging_mixin.py:190} INFO - [2025-07-22T06:24:27.452+0000] {dag.py:3239} INFO - Sync 1 DAGs
[2025-07-22T06:24:27.471+0000] {logging_mixin.py:190} INFO - [2025-07-22T06:24:27.471+0000] {dag.py:4180} INFO - Setting next_dagrun for train_weather_pred to 2025-07-22 00:00:00+00:00, run_after=2025-07-23 00:00:00+00:00
[2025-07-22T06:24:27.485+0000] {processor.py:208} INFO - Processing /opt/airflow/dags/train_weather_pred.py took 3.130 seconds
[2025-07-22T06:24:58.576+0000] {processor.py:186} INFO - Started process (PID=29923) to work on /opt/airflow/dags/train_weather_pred.py
[2025-07-22T06:24:58.577+0000] {processor.py:914} INFO - Processing file /opt/airflow/dags/train_weather_pred.py for tasks to queue
[2025-07-22T06:24:58.579+0000] {logging_mixin.py:190} INFO - [2025-07-22T06:24:58.579+0000] {dagbag.py:588} INFO - Filling up the DagBag from /opt/airflow/dags/train_weather_pred.py
[2025-07-22T06:25:01.670+0000] {processor.py:925} INFO - DAG(s) 'train_weather_pred' retrieved from /opt/airflow/dags/train_weather_pred.py
[2025-07-22T06:25:01.691+0000] {logging_mixin.py:190} INFO - [2025-07-22T06:25:01.690+0000] {dag.py:3239} INFO - Sync 1 DAGs
[2025-07-22T06:25:01.707+0000] {logging_mixin.py:190} INFO - [2025-07-22T06:25:01.707+0000] {dag.py:4180} INFO - Setting next_dagrun for train_weather_pred to 2025-07-22 00:00:00+00:00, run_after=2025-07-23 00:00:00+00:00
[2025-07-22T06:25:01.720+0000] {processor.py:208} INFO - Processing /opt/airflow/dags/train_weather_pred.py took 3.149 seconds
[2025-07-22T06:25:33.587+0000] {processor.py:186} INFO - Started process (PID=30021) to work on /opt/airflow/dags/train_weather_pred.py
[2025-07-22T06:25:33.589+0000] {processor.py:914} INFO - Processing file /opt/airflow/dags/train_weather_pred.py for tasks to queue
[2025-07-22T06:25:33.591+0000] {logging_mixin.py:190} INFO - [2025-07-22T06:25:33.591+0000] {dagbag.py:588} INFO - Filling up the DagBag from /opt/airflow/dags/train_weather_pred.py
[2025-07-22T06:25:36.673+0000] {processor.py:925} INFO - DAG(s) 'train_weather_pred' retrieved from /opt/airflow/dags/train_weather_pred.py
[2025-07-22T06:25:36.694+0000] {logging_mixin.py:190} INFO - [2025-07-22T06:25:36.692+0000] {dag.py:3239} INFO - Sync 1 DAGs
[2025-07-22T06:25:36.711+0000] {logging_mixin.py:190} INFO - [2025-07-22T06:25:36.711+0000] {dag.py:4180} INFO - Setting next_dagrun for train_weather_pred to 2025-07-22 00:00:00+00:00, run_after=2025-07-23 00:00:00+00:00
[2025-07-22T06:25:36.724+0000] {processor.py:208} INFO - Processing /opt/airflow/dags/train_weather_pred.py took 3.144 seconds
[2025-07-22T06:26:08.523+0000] {processor.py:186} INFO - Started process (PID=30119) to work on /opt/airflow/dags/train_weather_pred.py
[2025-07-22T06:26:08.524+0000] {processor.py:914} INFO - Processing file /opt/airflow/dags/train_weather_pred.py for tasks to queue
[2025-07-22T06:26:08.526+0000] {logging_mixin.py:190} INFO - [2025-07-22T06:26:08.526+0000] {dagbag.py:588} INFO - Filling up the DagBag from /opt/airflow/dags/train_weather_pred.py
[2025-07-22T06:26:11.565+0000] {processor.py:925} INFO - DAG(s) 'train_weather_pred' retrieved from /opt/airflow/dags/train_weather_pred.py
[2025-07-22T06:26:11.585+0000] {logging_mixin.py:190} INFO - [2025-07-22T06:26:11.584+0000] {dag.py:3239} INFO - Sync 1 DAGs
[2025-07-22T06:26:11.601+0000] {logging_mixin.py:190} INFO - [2025-07-22T06:26:11.601+0000] {dag.py:4180} INFO - Setting next_dagrun for train_weather_pred to 2025-07-22 00:00:00+00:00, run_after=2025-07-23 00:00:00+00:00
[2025-07-22T06:26:11.614+0000] {processor.py:208} INFO - Processing /opt/airflow/dags/train_weather_pred.py took 3.096 seconds
[2025-07-22T06:26:43.374+0000] {processor.py:186} INFO - Started process (PID=30217) to work on /opt/airflow/dags/train_weather_pred.py
[2025-07-22T06:26:43.376+0000] {processor.py:914} INFO - Processing file /opt/airflow/dags/train_weather_pred.py for tasks to queue
[2025-07-22T06:26:43.378+0000] {logging_mixin.py:190} INFO - [2025-07-22T06:26:43.377+0000] {dagbag.py:588} INFO - Filling up the DagBag from /opt/airflow/dags/train_weather_pred.py
[2025-07-22T06:26:48.027+0000] {processor.py:925} INFO - DAG(s) 'train_weather_pred' retrieved from /opt/airflow/dags/train_weather_pred.py
[2025-07-22T06:26:48.049+0000] {logging_mixin.py:190} INFO - [2025-07-22T06:26:48.049+0000] {dag.py:3239} INFO - Sync 1 DAGs
[2025-07-22T06:26:48.067+0000] {logging_mixin.py:190} INFO - [2025-07-22T06:26:48.066+0000] {dag.py:4180} INFO - Setting next_dagrun for train_weather_pred to 2025-07-22 00:00:00+00:00, run_after=2025-07-23 00:00:00+00:00
[2025-07-22T06:26:48.082+0000] {processor.py:208} INFO - Processing /opt/airflow/dags/train_weather_pred.py took 3.231 seconds
[2025-07-22T06:27:19.311+0000] {processor.py:186} INFO - Started process (PID=30315) to work on /opt/airflow/dags/train_weather_pred.py
[2025-07-22T06:27:19.312+0000] {processor.py:914} INFO - Processing file /opt/airflow/dags/train_weather_pred.py for tasks to queue
[2025-07-22T06:27:19.315+0000] {logging_mixin.py:190} INFO - [2025-07-22T06:27:19.314+0000] {dagbag.py:588} INFO - Filling up the DagBag from /opt/airflow/dags/train_weather_pred.py
[2025-07-22T06:27:22.458+0000] {processor.py:925} INFO - DAG(s) 'train_weather_pred' retrieved from /opt/airflow/dags/train_weather_pred.py
[2025-07-22T06:27:22.477+0000] {logging_mixin.py:190} INFO - [2025-07-22T06:27:22.477+0000] {dag.py:3239} INFO - Sync 1 DAGs
[2025-07-22T06:27:22.494+0000] {logging_mixin.py:190} INFO - [2025-07-22T06:27:22.494+0000] {dag.py:4180} INFO - Setting next_dagrun for train_weather_pred to 2025-07-22 00:00:00+00:00, run_after=2025-07-23 00:00:00+00:00
[2025-07-22T06:27:22.509+0000] {processor.py:208} INFO - Processing /opt/airflow/dags/train_weather_pred.py took 3.203 seconds
[2025-07-22T08:41:24.499+0000] {processor.py:186} INFO - Started process (PID=30413) to work on /opt/airflow/dags/train_weather_pred.py
[2025-07-22T08:41:24.501+0000] {processor.py:914} INFO - Processing file /opt/airflow/dags/train_weather_pred.py for tasks to queue
[2025-07-22T08:41:24.505+0000] {logging_mixin.py:190} INFO - [2025-07-22T08:41:24.504+0000] {dagbag.py:588} INFO - Filling up the DagBag from /opt/airflow/dags/train_weather_pred.py
[2025-07-22T08:41:28.324+0000] {processor.py:925} INFO - DAG(s) 'train_weather_pred' retrieved from /opt/airflow/dags/train_weather_pred.py
[2025-07-22T08:41:28.350+0000] {logging_mixin.py:190} INFO - [2025-07-22T08:41:28.350+0000] {dag.py:3239} INFO - Sync 1 DAGs
[2025-07-22T08:41:28.370+0000] {logging_mixin.py:190} INFO - [2025-07-22T08:41:28.370+0000] {dag.py:4180} INFO - Setting next_dagrun for train_weather_pred to 2025-07-22 00:00:00+00:00, run_after=2025-07-23 00:00:00+00:00
[2025-07-22T08:41:28.390+0000] {processor.py:208} INFO - Processing /opt/airflow/dags/train_weather_pred.py took 3.900 seconds
[2025-07-22T08:42:00.260+0000] {processor.py:186} INFO - Started process (PID=30511) to work on /opt/airflow/dags/train_weather_pred.py
[2025-07-22T08:42:00.261+0000] {processor.py:914} INFO - Processing file /opt/airflow/dags/train_weather_pred.py for tasks to queue
[2025-07-22T08:42:00.264+0000] {logging_mixin.py:190} INFO - [2025-07-22T08:42:00.263+0000] {dagbag.py:588} INFO - Filling up the DagBag from /opt/airflow/dags/train_weather_pred.py
[2025-07-22T08:42:03.760+0000] {processor.py:925} INFO - DAG(s) 'train_weather_pred' retrieved from /opt/airflow/dags/train_weather_pred.py
[2025-07-22T08:42:03.784+0000] {logging_mixin.py:190} INFO - [2025-07-22T08:42:03.783+0000] {dag.py:3239} INFO - Sync 1 DAGs
[2025-07-22T08:42:03.803+0000] {logging_mixin.py:190} INFO - [2025-07-22T08:42:03.803+0000] {dag.py:4180} INFO - Setting next_dagrun for train_weather_pred to 2025-07-22 00:00:00+00:00, run_after=2025-07-23 00:00:00+00:00
[2025-07-22T08:42:03.818+0000] {processor.py:208} INFO - Processing /opt/airflow/dags/train_weather_pred.py took 3.564 seconds
[2025-07-22T08:42:35.129+0000] {processor.py:186} INFO - Started process (PID=30615) to work on /opt/airflow/dags/train_weather_pred.py
[2025-07-22T08:42:35.131+0000] {processor.py:914} INFO - Processing file /opt/airflow/dags/train_weather_pred.py for tasks to queue
[2025-07-22T08:42:35.133+0000] {logging_mixin.py:190} INFO - [2025-07-22T08:42:35.132+0000] {dagbag.py:588} INFO - Filling up the DagBag from /opt/airflow/dags/train_weather_pred.py
[2025-07-22T08:42:38.628+0000] {processor.py:925} INFO - DAG(s) 'train_weather_pred' retrieved from /opt/airflow/dags/train_weather_pred.py
[2025-07-22T08:42:38.648+0000] {logging_mixin.py:190} INFO - [2025-07-22T08:42:38.647+0000] {dag.py:3239} INFO - Sync 1 DAGs
[2025-07-22T08:42:38.665+0000] {logging_mixin.py:190} INFO - [2025-07-22T08:42:38.665+0000] {dag.py:4180} INFO - Setting next_dagrun for train_weather_pred to 2025-07-22 00:00:00+00:00, run_after=2025-07-23 00:00:00+00:00
[2025-07-22T08:42:38.679+0000] {processor.py:208} INFO - Processing /opt/airflow/dags/train_weather_pred.py took 3.555 seconds
[2025-07-22T08:43:10.616+0000] {processor.py:186} INFO - Started process (PID=30713) to work on /opt/airflow/dags/train_weather_pred.py
[2025-07-22T08:43:10.617+0000] {processor.py:914} INFO - Processing file /opt/airflow/dags/train_weather_pred.py for tasks to queue
[2025-07-22T08:43:10.620+0000] {logging_mixin.py:190} INFO - [2025-07-22T08:43:10.620+0000] {dagbag.py:588} INFO - Filling up the DagBag from /opt/airflow/dags/train_weather_pred.py
[2025-07-22T08:43:14.193+0000] {processor.py:925} INFO - DAG(s) 'train_weather_pred' retrieved from /opt/airflow/dags/train_weather_pred.py
[2025-07-22T08:43:14.215+0000] {logging_mixin.py:190} INFO - [2025-07-22T08:43:14.214+0000] {dag.py:3239} INFO - Sync 1 DAGs
[2025-07-22T08:43:14.232+0000] {logging_mixin.py:190} INFO - [2025-07-22T08:43:14.232+0000] {dag.py:4180} INFO - Setting next_dagrun for train_weather_pred to 2025-07-22 00:00:00+00:00, run_after=2025-07-23 00:00:00+00:00
[2025-07-22T08:43:14.247+0000] {processor.py:208} INFO - Processing /opt/airflow/dags/train_weather_pred.py took 3.638 seconds
[2025-07-22T08:43:45.679+0000] {processor.py:186} INFO - Started process (PID=30811) to work on /opt/airflow/dags/train_weather_pred.py
[2025-07-22T08:43:45.680+0000] {processor.py:914} INFO - Processing file /opt/airflow/dags/train_weather_pred.py for tasks to queue
[2025-07-22T08:43:45.682+0000] {logging_mixin.py:190} INFO - [2025-07-22T08:43:45.682+0000] {dagbag.py:588} INFO - Filling up the DagBag from /opt/airflow/dags/train_weather_pred.py
[2025-07-22T08:43:49.347+0000] {processor.py:925} INFO - DAG(s) 'train_weather_pred' retrieved from /opt/airflow/dags/train_weather_pred.py
[2025-07-22T08:43:49.370+0000] {logging_mixin.py:190} INFO - [2025-07-22T08:43:49.370+0000] {dag.py:3239} INFO - Sync 1 DAGs
[2025-07-22T08:43:49.389+0000] {logging_mixin.py:190} INFO - [2025-07-22T08:43:49.389+0000] {dag.py:4180} INFO - Setting next_dagrun for train_weather_pred to 2025-07-22 00:00:00+00:00, run_after=2025-07-23 00:00:00+00:00
[2025-07-22T08:43:49.405+0000] {processor.py:208} INFO - Processing /opt/airflow/dags/train_weather_pred.py took 3.732 seconds
[2025-07-22T08:44:20.624+0000] {processor.py:186} INFO - Started process (PID=30909) to work on /opt/airflow/dags/train_weather_pred.py
[2025-07-22T08:44:20.625+0000] {processor.py:914} INFO - Processing file /opt/airflow/dags/train_weather_pred.py for tasks to queue
[2025-07-22T08:44:20.627+0000] {logging_mixin.py:190} INFO - [2025-07-22T08:44:20.626+0000] {dagbag.py:588} INFO - Filling up the DagBag from /opt/airflow/dags/train_weather_pred.py
[2025-07-22T08:44:23.933+0000] {processor.py:925} INFO - DAG(s) 'train_weather_pred' retrieved from /opt/airflow/dags/train_weather_pred.py
[2025-07-22T08:44:23.956+0000] {logging_mixin.py:190} INFO - [2025-07-22T08:44:23.955+0000] {dag.py:3239} INFO - Sync 1 DAGs
[2025-07-22T08:44:23.975+0000] {logging_mixin.py:190} INFO - [2025-07-22T08:44:23.974+0000] {dag.py:4180} INFO - Setting next_dagrun for train_weather_pred to 2025-07-22 00:00:00+00:00, run_after=2025-07-23 00:00:00+00:00
[2025-07-22T08:44:23.990+0000] {processor.py:208} INFO - Processing /opt/airflow/dags/train_weather_pred.py took 3.374 seconds
[2025-07-22T08:44:55.817+0000] {processor.py:186} INFO - Started process (PID=31007) to work on /opt/airflow/dags/train_weather_pred.py
[2025-07-22T08:44:55.818+0000] {processor.py:914} INFO - Processing file /opt/airflow/dags/train_weather_pred.py for tasks to queue
[2025-07-22T08:44:55.820+0000] {logging_mixin.py:190} INFO - [2025-07-22T08:44:55.820+0000] {dagbag.py:588} INFO - Filling up the DagBag from /opt/airflow/dags/train_weather_pred.py
[2025-07-22T08:44:59.180+0000] {processor.py:925} INFO - DAG(s) 'train_weather_pred' retrieved from /opt/airflow/dags/train_weather_pred.py
[2025-07-22T08:44:59.204+0000] {logging_mixin.py:190} INFO - [2025-07-22T08:44:59.203+0000] {dag.py:3239} INFO - Sync 1 DAGs
[2025-07-22T08:44:59.222+0000] {logging_mixin.py:190} INFO - [2025-07-22T08:44:59.222+0000] {dag.py:4180} INFO - Setting next_dagrun for train_weather_pred to 2025-07-22 00:00:00+00:00, run_after=2025-07-23 00:00:00+00:00
[2025-07-22T08:44:59.238+0000] {processor.py:208} INFO - Processing /opt/airflow/dags/train_weather_pred.py took 3.426 seconds
[2025-07-22T08:45:31.203+0000] {processor.py:186} INFO - Started process (PID=31105) to work on /opt/airflow/dags/train_weather_pred.py
[2025-07-22T08:45:31.204+0000] {processor.py:914} INFO - Processing file /opt/airflow/dags/train_weather_pred.py for tasks to queue
[2025-07-22T08:45:31.206+0000] {logging_mixin.py:190} INFO - [2025-07-22T08:45:31.206+0000] {dagbag.py:588} INFO - Filling up the DagBag from /opt/airflow/dags/train_weather_pred.py
[2025-07-22T08:45:34.617+0000] {processor.py:925} INFO - DAG(s) 'train_weather_pred' retrieved from /opt/airflow/dags/train_weather_pred.py
[2025-07-22T08:45:34.642+0000] {logging_mixin.py:190} INFO - [2025-07-22T08:45:34.641+0000] {dag.py:3239} INFO - Sync 1 DAGs
[2025-07-22T08:45:34.663+0000] {logging_mixin.py:190} INFO - [2025-07-22T08:45:34.663+0000] {dag.py:4180} INFO - Setting next_dagrun for train_weather_pred to 2025-07-22 00:00:00+00:00, run_after=2025-07-23 00:00:00+00:00
[2025-07-22T08:45:34.681+0000] {processor.py:208} INFO - Processing /opt/airflow/dags/train_weather_pred.py took 3.484 seconds
[2025-07-22T08:46:06.528+0000] {processor.py:186} INFO - Started process (PID=31209) to work on /opt/airflow/dags/train_weather_pred.py
[2025-07-22T08:46:06.530+0000] {processor.py:914} INFO - Processing file /opt/airflow/dags/train_weather_pred.py for tasks to queue
[2025-07-22T08:46:06.533+0000] {logging_mixin.py:190} INFO - [2025-07-22T08:46:06.532+0000] {dagbag.py:588} INFO - Filling up the DagBag from /opt/airflow/dags/train_weather_pred.py
[2025-07-22T08:46:09.925+0000] {processor.py:925} INFO - DAG(s) 'train_weather_pred' retrieved from /opt/airflow/dags/train_weather_pred.py
[2025-07-22T08:46:09.951+0000] {logging_mixin.py:190} INFO - [2025-07-22T08:46:09.951+0000] {dag.py:3239} INFO - Sync 1 DAGs
[2025-07-22T08:46:09.971+0000] {logging_mixin.py:190} INFO - [2025-07-22T08:46:09.971+0000] {dag.py:4180} INFO - Setting next_dagrun for train_weather_pred to 2025-07-22 00:00:00+00:00, run_after=2025-07-23 00:00:00+00:00
[2025-07-22T08:46:09.986+0000] {processor.py:208} INFO - Processing /opt/airflow/dags/train_weather_pred.py took 3.466 seconds
[2025-07-22T08:46:41.500+0000] {processor.py:186} INFO - Started process (PID=31307) to work on /opt/airflow/dags/train_weather_pred.py
[2025-07-22T08:46:41.501+0000] {processor.py:914} INFO - Processing file /opt/airflow/dags/train_weather_pred.py for tasks to queue
[2025-07-22T08:46:41.503+0000] {logging_mixin.py:190} INFO - [2025-07-22T08:46:41.503+0000] {dagbag.py:588} INFO - Filling up the DagBag from /opt/airflow/dags/train_weather_pred.py
[2025-07-22T08:46:44.720+0000] {processor.py:925} INFO - DAG(s) 'train_weather_pred' retrieved from /opt/airflow/dags/train_weather_pred.py
[2025-07-22T08:46:44.743+0000] {logging_mixin.py:190} INFO - [2025-07-22T08:46:44.743+0000] {dag.py:3239} INFO - Sync 1 DAGs
[2025-07-22T08:46:44.761+0000] {logging_mixin.py:190} INFO - [2025-07-22T08:46:44.761+0000] {dag.py:4180} INFO - Setting next_dagrun for train_weather_pred to 2025-07-22 00:00:00+00:00, run_after=2025-07-23 00:00:00+00:00
[2025-07-22T08:46:44.775+0000] {processor.py:208} INFO - Processing /opt/airflow/dags/train_weather_pred.py took 3.281 seconds
[2025-07-22T08:47:16.977+0000] {processor.py:186} INFO - Started process (PID=31405) to work on /opt/airflow/dags/train_weather_pred.py
[2025-07-22T08:47:16.978+0000] {processor.py:914} INFO - Processing file /opt/airflow/dags/train_weather_pred.py for tasks to queue
[2025-07-22T08:47:16.980+0000] {logging_mixin.py:190} INFO - [2025-07-22T08:47:16.980+0000] {dagbag.py:588} INFO - Filling up the DagBag from /opt/airflow/dags/train_weather_pred.py
[2025-07-22T08:47:20.469+0000] {processor.py:925} INFO - DAG(s) 'train_weather_pred' retrieved from /opt/airflow/dags/train_weather_pred.py
[2025-07-22T08:47:20.492+0000] {logging_mixin.py:190} INFO - [2025-07-22T08:47:20.491+0000] {dag.py:3239} INFO - Sync 1 DAGs
[2025-07-22T08:47:20.508+0000] {logging_mixin.py:190} INFO - [2025-07-22T08:47:20.508+0000] {dag.py:4180} INFO - Setting next_dagrun for train_weather_pred to 2025-07-22 00:00:00+00:00, run_after=2025-07-23 00:00:00+00:00
[2025-07-22T08:47:20.523+0000] {processor.py:208} INFO - Processing /opt/airflow/dags/train_weather_pred.py took 3.553 seconds
[2025-07-22T08:47:51.709+0000] {processor.py:186} INFO - Started process (PID=31503) to work on /opt/airflow/dags/train_weather_pred.py
[2025-07-22T08:47:51.711+0000] {processor.py:914} INFO - Processing file /opt/airflow/dags/train_weather_pred.py for tasks to queue
[2025-07-22T08:47:51.713+0000] {logging_mixin.py:190} INFO - [2025-07-22T08:47:51.713+0000] {dagbag.py:588} INFO - Filling up the DagBag from /opt/airflow/dags/train_weather_pred.py
[2025-07-22T08:47:54.988+0000] {processor.py:925} INFO - DAG(s) 'train_weather_pred' retrieved from /opt/airflow/dags/train_weather_pred.py
[2025-07-22T08:47:55.009+0000] {logging_mixin.py:190} INFO - [2025-07-22T08:47:55.008+0000] {dag.py:3239} INFO - Sync 1 DAGs
[2025-07-22T08:47:55.026+0000] {logging_mixin.py:190} INFO - [2025-07-22T08:47:55.026+0000] {dag.py:4180} INFO - Setting next_dagrun for train_weather_pred to 2025-07-22 00:00:00+00:00, run_after=2025-07-23 00:00:00+00:00
[2025-07-22T08:47:55.040+0000] {processor.py:208} INFO - Processing /opt/airflow/dags/train_weather_pred.py took 3.337 seconds
[2025-07-22T08:48:26.112+0000] {processor.py:186} INFO - Started process (PID=31601) to work on /opt/airflow/dags/train_weather_pred.py
[2025-07-22T08:48:26.113+0000] {processor.py:914} INFO - Processing file /opt/airflow/dags/train_weather_pred.py for tasks to queue
[2025-07-22T08:48:26.115+0000] {logging_mixin.py:190} INFO - [2025-07-22T08:48:26.115+0000] {dagbag.py:588} INFO - Filling up the DagBag from /opt/airflow/dags/train_weather_pred.py
[2025-07-22T08:48:29.493+0000] {processor.py:925} INFO - DAG(s) 'train_weather_pred' retrieved from /opt/airflow/dags/train_weather_pred.py
[2025-07-22T08:48:29.514+0000] {logging_mixin.py:190} INFO - [2025-07-22T08:48:29.514+0000] {dag.py:3239} INFO - Sync 1 DAGs
[2025-07-22T08:48:29.532+0000] {logging_mixin.py:190} INFO - [2025-07-22T08:48:29.532+0000] {dag.py:4180} INFO - Setting next_dagrun for train_weather_pred to 2025-07-22 00:00:00+00:00, run_after=2025-07-23 00:00:00+00:00
[2025-07-22T08:48:29.547+0000] {processor.py:208} INFO - Processing /opt/airflow/dags/train_weather_pred.py took 3.442 seconds
[2025-07-22T08:49:00.696+0000] {processor.py:186} INFO - Started process (PID=31699) to work on /opt/airflow/dags/train_weather_pred.py
[2025-07-22T08:49:00.697+0000] {processor.py:914} INFO - Processing file /opt/airflow/dags/train_weather_pred.py for tasks to queue
[2025-07-22T08:49:00.699+0000] {logging_mixin.py:190} INFO - [2025-07-22T08:49:00.699+0000] {dagbag.py:588} INFO - Filling up the DagBag from /opt/airflow/dags/train_weather_pred.py
[2025-07-22T08:49:04.149+0000] {processor.py:925} INFO - DAG(s) 'train_weather_pred' retrieved from /opt/airflow/dags/train_weather_pred.py
[2025-07-22T08:49:04.178+0000] {logging_mixin.py:190} INFO - [2025-07-22T08:49:04.177+0000] {dag.py:3239} INFO - Sync 1 DAGs
[2025-07-22T08:49:04.199+0000] {logging_mixin.py:190} INFO - [2025-07-22T08:49:04.199+0000] {dag.py:4180} INFO - Setting next_dagrun for train_weather_pred to 2025-07-22 00:00:00+00:00, run_after=2025-07-23 00:00:00+00:00
[2025-07-22T08:49:04.215+0000] {processor.py:208} INFO - Processing /opt/airflow/dags/train_weather_pred.py took 3.526 seconds
[2025-07-22T08:49:35.678+0000] {processor.py:186} INFO - Started process (PID=31803) to work on /opt/airflow/dags/train_weather_pred.py
[2025-07-22T08:49:35.679+0000] {processor.py:914} INFO - Processing file /opt/airflow/dags/train_weather_pred.py for tasks to queue
[2025-07-22T08:49:35.681+0000] {logging_mixin.py:190} INFO - [2025-07-22T08:49:35.680+0000] {dagbag.py:588} INFO - Filling up the DagBag from /opt/airflow/dags/train_weather_pred.py
[2025-07-22T08:49:39.042+0000] {processor.py:925} INFO - DAG(s) 'train_weather_pred' retrieved from /opt/airflow/dags/train_weather_pred.py
[2025-07-22T08:49:39.061+0000] {logging_mixin.py:190} INFO - [2025-07-22T08:49:39.061+0000] {dag.py:3239} INFO - Sync 1 DAGs
[2025-07-22T08:49:39.079+0000] {logging_mixin.py:190} INFO - [2025-07-22T08:49:39.078+0000] {dag.py:4180} INFO - Setting next_dagrun for train_weather_pred to 2025-07-22 00:00:00+00:00, run_after=2025-07-23 00:00:00+00:00
[2025-07-22T08:49:39.094+0000] {processor.py:208} INFO - Processing /opt/airflow/dags/train_weather_pred.py took 3.423 seconds
[2025-07-22T08:50:10.962+0000] {processor.py:186} INFO - Started process (PID=31901) to work on /opt/airflow/dags/train_weather_pred.py
[2025-07-22T08:50:10.963+0000] {processor.py:914} INFO - Processing file /opt/airflow/dags/train_weather_pred.py for tasks to queue
[2025-07-22T08:50:10.966+0000] {logging_mixin.py:190} INFO - [2025-07-22T08:50:10.965+0000] {dagbag.py:588} INFO - Filling up the DagBag from /opt/airflow/dags/train_weather_pred.py
[2025-07-22T08:50:14.234+0000] {processor.py:925} INFO - DAG(s) 'train_weather_pred' retrieved from /opt/airflow/dags/train_weather_pred.py
[2025-07-22T08:50:14.255+0000] {logging_mixin.py:190} INFO - [2025-07-22T08:50:14.255+0000] {dag.py:3239} INFO - Sync 1 DAGs
[2025-07-22T08:50:14.274+0000] {logging_mixin.py:190} INFO - [2025-07-22T08:50:14.274+0000] {dag.py:4180} INFO - Setting next_dagrun for train_weather_pred to 2025-07-22 00:00:00+00:00, run_after=2025-07-23 00:00:00+00:00
[2025-07-22T08:50:14.291+0000] {processor.py:208} INFO - Processing /opt/airflow/dags/train_weather_pred.py took 3.336 seconds
[2025-07-22T08:50:46.138+0000] {processor.py:186} INFO - Started process (PID=31999) to work on /opt/airflow/dags/train_weather_pred.py
[2025-07-22T08:50:46.139+0000] {processor.py:914} INFO - Processing file /opt/airflow/dags/train_weather_pred.py for tasks to queue
[2025-07-22T08:50:46.141+0000] {logging_mixin.py:190} INFO - [2025-07-22T08:50:46.141+0000] {dagbag.py:588} INFO - Filling up the DagBag from /opt/airflow/dags/train_weather_pred.py
[2025-07-22T08:50:49.580+0000] {processor.py:925} INFO - DAG(s) 'train_weather_pred' retrieved from /opt/airflow/dags/train_weather_pred.py
[2025-07-22T08:50:49.604+0000] {logging_mixin.py:190} INFO - [2025-07-22T08:50:49.604+0000] {dag.py:3239} INFO - Sync 1 DAGs
[2025-07-22T08:50:49.623+0000] {logging_mixin.py:190} INFO - [2025-07-22T08:50:49.622+0000] {dag.py:4180} INFO - Setting next_dagrun for train_weather_pred to 2025-07-22 00:00:00+00:00, run_after=2025-07-23 00:00:00+00:00
[2025-07-22T08:50:49.640+0000] {processor.py:208} INFO - Processing /opt/airflow/dags/train_weather_pred.py took 3.508 seconds
[2025-07-22T08:51:21.600+0000] {processor.py:186} INFO - Started process (PID=32097) to work on /opt/airflow/dags/train_weather_pred.py
[2025-07-22T08:51:21.601+0000] {processor.py:914} INFO - Processing file /opt/airflow/dags/train_weather_pred.py for tasks to queue
[2025-07-22T08:51:21.603+0000] {logging_mixin.py:190} INFO - [2025-07-22T08:51:21.603+0000] {dagbag.py:588} INFO - Filling up the DagBag from /opt/airflow/dags/train_weather_pred.py
[2025-07-22T08:51:25.180+0000] {processor.py:925} INFO - DAG(s) 'train_weather_pred' retrieved from /opt/airflow/dags/train_weather_pred.py
[2025-07-22T08:51:25.205+0000] {logging_mixin.py:190} INFO - [2025-07-22T08:51:25.204+0000] {dag.py:3239} INFO - Sync 1 DAGs
[2025-07-22T08:51:25.225+0000] {logging_mixin.py:190} INFO - [2025-07-22T08:51:25.224+0000] {dag.py:4180} INFO - Setting next_dagrun for train_weather_pred to 2025-07-22 00:00:00+00:00, run_after=2025-07-23 00:00:00+00:00
[2025-07-22T08:51:25.242+0000] {processor.py:208} INFO - Processing /opt/airflow/dags/train_weather_pred.py took 3.650 seconds
[2025-07-22T08:51:57.108+0000] {processor.py:186} INFO - Started process (PID=32195) to work on /opt/airflow/dags/train_weather_pred.py
[2025-07-22T08:51:57.109+0000] {processor.py:914} INFO - Processing file /opt/airflow/dags/train_weather_pred.py for tasks to queue
[2025-07-22T08:51:57.111+0000] {logging_mixin.py:190} INFO - [2025-07-22T08:51:57.111+0000] {dagbag.py:588} INFO - Filling up the DagBag from /opt/airflow/dags/train_weather_pred.py
[2025-07-22T08:52:00.504+0000] {processor.py:925} INFO - DAG(s) 'train_weather_pred' retrieved from /opt/airflow/dags/train_weather_pred.py
[2025-07-22T08:52:00.526+0000] {logging_mixin.py:190} INFO - [2025-07-22T08:52:00.525+0000] {dag.py:3239} INFO - Sync 1 DAGs
[2025-07-22T08:52:00.544+0000] {logging_mixin.py:190} INFO - [2025-07-22T08:52:00.544+0000] {dag.py:4180} INFO - Setting next_dagrun for train_weather_pred to 2025-07-22 00:00:00+00:00, run_after=2025-07-23 00:00:00+00:00
[2025-07-22T08:52:00.556+0000] {processor.py:208} INFO - Processing /opt/airflow/dags/train_weather_pred.py took 3.455 seconds
[2025-07-22T08:52:31.847+0000] {processor.py:186} INFO - Started process (PID=32293) to work on /opt/airflow/dags/train_weather_pred.py
[2025-07-22T08:52:31.848+0000] {processor.py:914} INFO - Processing file /opt/airflow/dags/train_weather_pred.py for tasks to queue
[2025-07-22T08:52:31.850+0000] {logging_mixin.py:190} INFO - [2025-07-22T08:52:31.850+0000] {dagbag.py:588} INFO - Filling up the DagBag from /opt/airflow/dags/train_weather_pred.py
[2025-07-22T08:52:35.100+0000] {processor.py:925} INFO - DAG(s) 'train_weather_pred' retrieved from /opt/airflow/dags/train_weather_pred.py
[2025-07-22T08:52:35.125+0000] {logging_mixin.py:190} INFO - [2025-07-22T08:52:35.124+0000] {dag.py:3239} INFO - Sync 1 DAGs
[2025-07-22T08:52:35.145+0000] {logging_mixin.py:190} INFO - [2025-07-22T08:52:35.144+0000] {dag.py:4180} INFO - Setting next_dagrun for train_weather_pred to 2025-07-22 00:00:00+00:00, run_after=2025-07-23 00:00:00+00:00
[2025-07-22T08:52:35.161+0000] {processor.py:208} INFO - Processing /opt/airflow/dags/train_weather_pred.py took 3.320 seconds
[2025-07-22T08:53:06.886+0000] {processor.py:186} INFO - Started process (PID=32397) to work on /opt/airflow/dags/train_weather_pred.py
[2025-07-22T08:53:06.887+0000] {processor.py:914} INFO - Processing file /opt/airflow/dags/train_weather_pred.py for tasks to queue
[2025-07-22T08:53:06.889+0000] {logging_mixin.py:190} INFO - [2025-07-22T08:53:06.889+0000] {dagbag.py:588} INFO - Filling up the DagBag from /opt/airflow/dags/train_weather_pred.py
[2025-07-22T08:53:10.268+0000] {processor.py:925} INFO - DAG(s) 'train_weather_pred' retrieved from /opt/airflow/dags/train_weather_pred.py
[2025-07-22T08:53:10.289+0000] {logging_mixin.py:190} INFO - [2025-07-22T08:53:10.289+0000] {dag.py:3239} INFO - Sync 1 DAGs
[2025-07-22T08:53:10.305+0000] {logging_mixin.py:190} INFO - [2025-07-22T08:53:10.305+0000] {dag.py:4180} INFO - Setting next_dagrun for train_weather_pred to 2025-07-22 00:00:00+00:00, run_after=2025-07-23 00:00:00+00:00
[2025-07-22T08:53:10.317+0000] {processor.py:208} INFO - Processing /opt/airflow/dags/train_weather_pred.py took 3.437 seconds
[2025-07-22T08:53:41.463+0000] {processor.py:186} INFO - Started process (PID=32495) to work on /opt/airflow/dags/train_weather_pred.py
[2025-07-22T08:53:41.464+0000] {processor.py:914} INFO - Processing file /opt/airflow/dags/train_weather_pred.py for tasks to queue
[2025-07-22T08:53:41.467+0000] {logging_mixin.py:190} INFO - [2025-07-22T08:53:41.467+0000] {dagbag.py:588} INFO - Filling up the DagBag from /opt/airflow/dags/train_weather_pred.py
[2025-07-22T08:53:44.675+0000] {processor.py:925} INFO - DAG(s) 'train_weather_pred' retrieved from /opt/airflow/dags/train_weather_pred.py
[2025-07-22T08:53:44.696+0000] {logging_mixin.py:190} INFO - [2025-07-22T08:53:44.695+0000] {dag.py:3239} INFO - Sync 1 DAGs
[2025-07-22T08:53:44.714+0000] {logging_mixin.py:190} INFO - [2025-07-22T08:53:44.713+0000] {dag.py:4180} INFO - Setting next_dagrun for train_weather_pred to 2025-07-22 00:00:00+00:00, run_after=2025-07-23 00:00:00+00:00
[2025-07-22T08:53:44.728+0000] {processor.py:208} INFO - Processing /opt/airflow/dags/train_weather_pred.py took 3.273 seconds
[2025-07-22T08:54:16.640+0000] {processor.py:186} INFO - Started process (PID=32593) to work on /opt/airflow/dags/train_weather_pred.py
[2025-07-22T08:54:16.641+0000] {processor.py:914} INFO - Processing file /opt/airflow/dags/train_weather_pred.py for tasks to queue
[2025-07-22T08:54:16.644+0000] {logging_mixin.py:190} INFO - [2025-07-22T08:54:16.643+0000] {dagbag.py:588} INFO - Filling up the DagBag from /opt/airflow/dags/train_weather_pred.py
[2025-07-22T08:54:20.010+0000] {processor.py:925} INFO - DAG(s) 'train_weather_pred' retrieved from /opt/airflow/dags/train_weather_pred.py
[2025-07-22T08:54:20.033+0000] {logging_mixin.py:190} INFO - [2025-07-22T08:54:20.032+0000] {dag.py:3239} INFO - Sync 1 DAGs
[2025-07-22T08:54:20.050+0000] {logging_mixin.py:190} INFO - [2025-07-22T08:54:20.050+0000] {dag.py:4180} INFO - Setting next_dagrun for train_weather_pred to 2025-07-22 00:00:00+00:00, run_after=2025-07-23 00:00:00+00:00
[2025-07-22T08:54:20.064+0000] {processor.py:208} INFO - Processing /opt/airflow/dags/train_weather_pred.py took 3.429 seconds
[2025-07-22T08:54:51.954+0000] {processor.py:186} INFO - Started process (PID=32691) to work on /opt/airflow/dags/train_weather_pred.py
[2025-07-22T08:54:51.955+0000] {processor.py:914} INFO - Processing file /opt/airflow/dags/train_weather_pred.py for tasks to queue
[2025-07-22T08:54:51.958+0000] {logging_mixin.py:190} INFO - [2025-07-22T08:54:51.958+0000] {dagbag.py:588} INFO - Filling up the DagBag from /opt/airflow/dags/train_weather_pred.py
[2025-07-22T08:54:55.236+0000] {processor.py:925} INFO - DAG(s) 'train_weather_pred' retrieved from /opt/airflow/dags/train_weather_pred.py
[2025-07-22T08:54:55.258+0000] {logging_mixin.py:190} INFO - [2025-07-22T08:54:55.258+0000] {dag.py:3239} INFO - Sync 1 DAGs
[2025-07-22T08:54:55.276+0000] {logging_mixin.py:190} INFO - [2025-07-22T08:54:55.275+0000] {dag.py:4180} INFO - Setting next_dagrun for train_weather_pred to 2025-07-22 00:00:00+00:00, run_after=2025-07-23 00:00:00+00:00
[2025-07-22T08:54:55.291+0000] {processor.py:208} INFO - Processing /opt/airflow/dags/train_weather_pred.py took 3.343 seconds
[2025-07-22T08:55:27.175+0000] {processor.py:186} INFO - Started process (PID=32789) to work on /opt/airflow/dags/train_weather_pred.py
[2025-07-22T08:55:27.176+0000] {processor.py:914} INFO - Processing file /opt/airflow/dags/train_weather_pred.py for tasks to queue
[2025-07-22T08:55:27.178+0000] {logging_mixin.py:190} INFO - [2025-07-22T08:55:27.177+0000] {dagbag.py:588} INFO - Filling up the DagBag from /opt/airflow/dags/train_weather_pred.py
[2025-07-22T08:55:30.453+0000] {processor.py:925} INFO - DAG(s) 'train_weather_pred' retrieved from /opt/airflow/dags/train_weather_pred.py
[2025-07-22T08:55:30.476+0000] {logging_mixin.py:190} INFO - [2025-07-22T08:55:30.475+0000] {dag.py:3239} INFO - Sync 1 DAGs
[2025-07-22T08:55:30.495+0000] {logging_mixin.py:190} INFO - [2025-07-22T08:55:30.495+0000] {dag.py:4180} INFO - Setting next_dagrun for train_weather_pred to 2025-07-22 00:00:00+00:00, run_after=2025-07-23 00:00:00+00:00
[2025-07-22T08:55:30.510+0000] {processor.py:208} INFO - Processing /opt/airflow/dags/train_weather_pred.py took 3.341 seconds
[2025-07-22T08:56:02.501+0000] {processor.py:186} INFO - Started process (PID=32887) to work on /opt/airflow/dags/train_weather_pred.py
[2025-07-22T08:56:02.502+0000] {processor.py:914} INFO - Processing file /opt/airflow/dags/train_weather_pred.py for tasks to queue
[2025-07-22T08:56:02.504+0000] {logging_mixin.py:190} INFO - [2025-07-22T08:56:02.504+0000] {dagbag.py:588} INFO - Filling up the DagBag from /opt/airflow/dags/train_weather_pred.py
[2025-07-22T08:56:05.789+0000] {processor.py:925} INFO - DAG(s) 'train_weather_pred' retrieved from /opt/airflow/dags/train_weather_pred.py
[2025-07-22T08:56:05.812+0000] {logging_mixin.py:190} INFO - [2025-07-22T08:56:05.812+0000] {dag.py:3239} INFO - Sync 1 DAGs
[2025-07-22T08:56:05.831+0000] {logging_mixin.py:190} INFO - [2025-07-22T08:56:05.831+0000] {dag.py:4180} INFO - Setting next_dagrun for train_weather_pred to 2025-07-22 00:00:00+00:00, run_after=2025-07-23 00:00:00+00:00
[2025-07-22T08:56:05.848+0000] {processor.py:208} INFO - Processing /opt/airflow/dags/train_weather_pred.py took 3.353 seconds
[2025-07-22T08:56:37.276+0000] {processor.py:186} INFO - Started process (PID=32991) to work on /opt/airflow/dags/train_weather_pred.py
[2025-07-22T08:56:37.277+0000] {processor.py:914} INFO - Processing file /opt/airflow/dags/train_weather_pred.py for tasks to queue
[2025-07-22T08:56:37.279+0000] {logging_mixin.py:190} INFO - [2025-07-22T08:56:37.279+0000] {dagbag.py:588} INFO - Filling up the DagBag from /opt/airflow/dags/train_weather_pred.py
[2025-07-22T08:56:40.685+0000] {processor.py:925} INFO - DAG(s) 'train_weather_pred' retrieved from /opt/airflow/dags/train_weather_pred.py
[2025-07-22T08:56:40.706+0000] {logging_mixin.py:190} INFO - [2025-07-22T08:56:40.706+0000] {dag.py:3239} INFO - Sync 1 DAGs
[2025-07-22T08:56:40.726+0000] {logging_mixin.py:190} INFO - [2025-07-22T08:56:40.726+0000] {dag.py:4180} INFO - Setting next_dagrun for train_weather_pred to 2025-07-22 00:00:00+00:00, run_after=2025-07-23 00:00:00+00:00
[2025-07-22T08:56:40.745+0000] {processor.py:208} INFO - Processing /opt/airflow/dags/train_weather_pred.py took 3.476 seconds
[2025-07-22T08:57:12.644+0000] {processor.py:186} INFO - Started process (PID=33089) to work on /opt/airflow/dags/train_weather_pred.py
[2025-07-22T08:57:12.645+0000] {processor.py:914} INFO - Processing file /opt/airflow/dags/train_weather_pred.py for tasks to queue
[2025-07-22T08:57:12.648+0000] {logging_mixin.py:190} INFO - [2025-07-22T08:57:12.648+0000] {dagbag.py:588} INFO - Filling up the DagBag from /opt/airflow/dags/train_weather_pred.py
[2025-07-22T08:57:16.018+0000] {processor.py:925} INFO - DAG(s) 'train_weather_pred' retrieved from /opt/airflow/dags/train_weather_pred.py
[2025-07-22T08:57:16.041+0000] {logging_mixin.py:190} INFO - [2025-07-22T08:57:16.040+0000] {dag.py:3239} INFO - Sync 1 DAGs
[2025-07-22T08:57:16.062+0000] {logging_mixin.py:190} INFO - [2025-07-22T08:57:16.062+0000] {dag.py:4180} INFO - Setting next_dagrun for train_weather_pred to 2025-07-22 00:00:00+00:00, run_after=2025-07-23 00:00:00+00:00
[2025-07-22T08:57:16.076+0000] {processor.py:208} INFO - Processing /opt/airflow/dags/train_weather_pred.py took 3.438 seconds
[2025-07-22T08:57:47.777+0000] {processor.py:186} INFO - Started process (PID=33187) to work on /opt/airflow/dags/train_weather_pred.py
[2025-07-22T08:57:47.778+0000] {processor.py:914} INFO - Processing file /opt/airflow/dags/train_weather_pred.py for tasks to queue
[2025-07-22T08:57:47.781+0000] {logging_mixin.py:190} INFO - [2025-07-22T08:57:47.781+0000] {dagbag.py:588} INFO - Filling up the DagBag from /opt/airflow/dags/train_weather_pred.py
[2025-07-22T08:57:51.346+0000] {processor.py:925} INFO - DAG(s) 'train_weather_pred' retrieved from /opt/airflow/dags/train_weather_pred.py
[2025-07-22T08:57:51.374+0000] {logging_mixin.py:190} INFO - [2025-07-22T08:57:51.373+0000] {dag.py:3239} INFO - Sync 1 DAGs
[2025-07-22T08:57:51.398+0000] {logging_mixin.py:190} INFO - [2025-07-22T08:57:51.397+0000] {dag.py:4180} INFO - Setting next_dagrun for train_weather_pred to 2025-07-22 00:00:00+00:00, run_after=2025-07-23 00:00:00+00:00
[2025-07-22T08:57:51.415+0000] {processor.py:208} INFO - Processing /opt/airflow/dags/train_weather_pred.py took 3.646 seconds
[2025-07-22T08:58:22.807+0000] {processor.py:186} INFO - Started process (PID=33285) to work on /opt/airflow/dags/train_weather_pred.py
[2025-07-22T08:58:22.808+0000] {processor.py:914} INFO - Processing file /opt/airflow/dags/train_weather_pred.py for tasks to queue
[2025-07-22T08:58:22.810+0000] {logging_mixin.py:190} INFO - [2025-07-22T08:58:22.810+0000] {dagbag.py:588} INFO - Filling up the DagBag from /opt/airflow/dags/train_weather_pred.py
[2025-07-22T08:58:26.189+0000] {processor.py:925} INFO - DAG(s) 'train_weather_pred' retrieved from /opt/airflow/dags/train_weather_pred.py
[2025-07-22T08:58:26.214+0000] {logging_mixin.py:190} INFO - [2025-07-22T08:58:26.213+0000] {dag.py:3239} INFO - Sync 1 DAGs
[2025-07-22T08:58:26.231+0000] {logging_mixin.py:190} INFO - [2025-07-22T08:58:26.231+0000] {dag.py:4180} INFO - Setting next_dagrun for train_weather_pred to 2025-07-22 00:00:00+00:00, run_after=2025-07-23 00:00:00+00:00
[2025-07-22T08:58:26.246+0000] {processor.py:208} INFO - Processing /opt/airflow/dags/train_weather_pred.py took 3.445 seconds
[2025-07-22T08:58:58.265+0000] {processor.py:186} INFO - Started process (PID=33383) to work on /opt/airflow/dags/train_weather_pred.py
[2025-07-22T08:58:58.266+0000] {processor.py:914} INFO - Processing file /opt/airflow/dags/train_weather_pred.py for tasks to queue
[2025-07-22T08:58:58.267+0000] {logging_mixin.py:190} INFO - [2025-07-22T08:58:58.267+0000] {dagbag.py:588} INFO - Filling up the DagBag from /opt/airflow/dags/train_weather_pred.py
[2025-07-22T08:59:01.587+0000] {processor.py:925} INFO - DAG(s) 'train_weather_pred' retrieved from /opt/airflow/dags/train_weather_pred.py
[2025-07-22T08:59:01.608+0000] {logging_mixin.py:190} INFO - [2025-07-22T08:59:01.608+0000] {dag.py:3239} INFO - Sync 1 DAGs
[2025-07-22T08:59:01.626+0000] {logging_mixin.py:190} INFO - [2025-07-22T08:59:01.626+0000] {dag.py:4180} INFO - Setting next_dagrun for train_weather_pred to 2025-07-22 00:00:00+00:00, run_after=2025-07-23 00:00:00+00:00
[2025-07-22T08:59:01.639+0000] {processor.py:208} INFO - Processing /opt/airflow/dags/train_weather_pred.py took 3.381 seconds
[2025-07-22T08:59:33.502+0000] {processor.py:186} INFO - Started process (PID=33481) to work on /opt/airflow/dags/train_weather_pred.py
[2025-07-22T08:59:33.503+0000] {processor.py:914} INFO - Processing file /opt/airflow/dags/train_weather_pred.py for tasks to queue
[2025-07-22T08:59:33.505+0000] {logging_mixin.py:190} INFO - [2025-07-22T08:59:33.505+0000] {dagbag.py:588} INFO - Filling up the DagBag from /opt/airflow/dags/train_weather_pred.py
[2025-07-22T08:59:36.834+0000] {processor.py:925} INFO - DAG(s) 'train_weather_pred' retrieved from /opt/airflow/dags/train_weather_pred.py
[2025-07-22T08:59:36.858+0000] {logging_mixin.py:190} INFO - [2025-07-22T08:59:36.858+0000] {dag.py:3239} INFO - Sync 1 DAGs
[2025-07-22T08:59:36.877+0000] {logging_mixin.py:190} INFO - [2025-07-22T08:59:36.876+0000] {dag.py:4180} INFO - Setting next_dagrun for train_weather_pred to 2025-07-22 00:00:00+00:00, run_after=2025-07-23 00:00:00+00:00
[2025-07-22T08:59:36.898+0000] {processor.py:208} INFO - Processing /opt/airflow/dags/train_weather_pred.py took 3.402 seconds
[2025-07-22T09:00:08.134+0000] {processor.py:186} INFO - Started process (PID=33585) to work on /opt/airflow/dags/train_weather_pred.py
[2025-07-22T09:00:08.136+0000] {processor.py:914} INFO - Processing file /opt/airflow/dags/train_weather_pred.py for tasks to queue
[2025-07-22T09:00:08.138+0000] {logging_mixin.py:190} INFO - [2025-07-22T09:00:08.137+0000] {dagbag.py:588} INFO - Filling up the DagBag from /opt/airflow/dags/train_weather_pred.py
[2025-07-22T09:00:11.552+0000] {processor.py:925} INFO - DAG(s) 'train_weather_pred' retrieved from /opt/airflow/dags/train_weather_pred.py
[2025-07-22T09:00:11.576+0000] {logging_mixin.py:190} INFO - [2025-07-22T09:00:11.575+0000] {dag.py:3239} INFO - Sync 1 DAGs
[2025-07-22T09:00:11.595+0000] {logging_mixin.py:190} INFO - [2025-07-22T09:00:11.595+0000] {dag.py:4180} INFO - Setting next_dagrun for train_weather_pred to 2025-07-22 00:00:00+00:00, run_after=2025-07-23 00:00:00+00:00
[2025-07-22T09:00:11.613+0000] {processor.py:208} INFO - Processing /opt/airflow/dags/train_weather_pred.py took 3.484 seconds
[2025-07-22T09:00:43.595+0000] {processor.py:186} INFO - Started process (PID=33683) to work on /opt/airflow/dags/train_weather_pred.py
[2025-07-22T09:00:43.596+0000] {processor.py:914} INFO - Processing file /opt/airflow/dags/train_weather_pred.py for tasks to queue
[2025-07-22T09:00:43.598+0000] {logging_mixin.py:190} INFO - [2025-07-22T09:00:43.597+0000] {dagbag.py:588} INFO - Filling up the DagBag from /opt/airflow/dags/train_weather_pred.py
[2025-07-22T09:00:46.785+0000] {processor.py:925} INFO - DAG(s) 'train_weather_pred' retrieved from /opt/airflow/dags/train_weather_pred.py
[2025-07-22T09:00:46.805+0000] {logging_mixin.py:190} INFO - [2025-07-22T09:00:46.805+0000] {dag.py:3239} INFO - Sync 1 DAGs
[2025-07-22T09:00:46.823+0000] {logging_mixin.py:190} INFO - [2025-07-22T09:00:46.823+0000] {dag.py:4180} INFO - Setting next_dagrun for train_weather_pred to 2025-07-22 00:00:00+00:00, run_after=2025-07-23 00:00:00+00:00
[2025-07-22T09:00:46.838+0000] {processor.py:208} INFO - Processing /opt/airflow/dags/train_weather_pred.py took 3.249 seconds
[2025-07-22T09:01:18.681+0000] {processor.py:186} INFO - Started process (PID=33781) to work on /opt/airflow/dags/train_weather_pred.py
[2025-07-22T09:01:18.682+0000] {processor.py:914} INFO - Processing file /opt/airflow/dags/train_weather_pred.py for tasks to queue
[2025-07-22T09:01:18.684+0000] {logging_mixin.py:190} INFO - [2025-07-22T09:01:18.684+0000] {dagbag.py:588} INFO - Filling up the DagBag from /opt/airflow/dags/train_weather_pred.py
[2025-07-22T09:01:22.046+0000] {processor.py:925} INFO - DAG(s) 'train_weather_pred' retrieved from /opt/airflow/dags/train_weather_pred.py
[2025-07-22T09:01:22.071+0000] {logging_mixin.py:190} INFO - [2025-07-22T09:01:22.070+0000] {dag.py:3239} INFO - Sync 1 DAGs
[2025-07-22T09:01:22.091+0000] {logging_mixin.py:190} INFO - [2025-07-22T09:01:22.091+0000] {dag.py:4180} INFO - Setting next_dagrun for train_weather_pred to 2025-07-22 00:00:00+00:00, run_after=2025-07-23 00:00:00+00:00
[2025-07-22T09:01:22.107+0000] {processor.py:208} INFO - Processing /opt/airflow/dags/train_weather_pred.py took 3.434 seconds
[2025-07-22T09:01:54.023+0000] {processor.py:186} INFO - Started process (PID=33879) to work on /opt/airflow/dags/train_weather_pred.py
[2025-07-22T09:01:54.024+0000] {processor.py:914} INFO - Processing file /opt/airflow/dags/train_weather_pred.py for tasks to queue
[2025-07-22T09:01:54.027+0000] {logging_mixin.py:190} INFO - [2025-07-22T09:01:54.026+0000] {dagbag.py:588} INFO - Filling up the DagBag from /opt/airflow/dags/train_weather_pred.py
[2025-07-22T09:01:57.300+0000] {processor.py:925} INFO - DAG(s) 'train_weather_pred' retrieved from /opt/airflow/dags/train_weather_pred.py
[2025-07-22T09:01:57.322+0000] {logging_mixin.py:190} INFO - [2025-07-22T09:01:57.321+0000] {dag.py:3239} INFO - Sync 1 DAGs
[2025-07-22T09:01:57.340+0000] {logging_mixin.py:190} INFO - [2025-07-22T09:01:57.340+0000] {dag.py:4180} INFO - Setting next_dagrun for train_weather_pred to 2025-07-22 00:00:00+00:00, run_after=2025-07-23 00:00:00+00:00
[2025-07-22T09:01:57.353+0000] {processor.py:208} INFO - Processing /opt/airflow/dags/train_weather_pred.py took 3.336 seconds
[2025-07-22T09:02:29.290+0000] {processor.py:186} INFO - Started process (PID=33977) to work on /opt/airflow/dags/train_weather_pred.py
[2025-07-22T09:02:29.292+0000] {processor.py:914} INFO - Processing file /opt/airflow/dags/train_weather_pred.py for tasks to queue
[2025-07-22T09:02:29.294+0000] {logging_mixin.py:190} INFO - [2025-07-22T09:02:29.294+0000] {dagbag.py:588} INFO - Filling up the DagBag from /opt/airflow/dags/train_weather_pred.py
[2025-07-22T09:02:32.801+0000] {processor.py:925} INFO - DAG(s) 'train_weather_pred' retrieved from /opt/airflow/dags/train_weather_pred.py
[2025-07-22T09:02:32.821+0000] {logging_mixin.py:190} INFO - [2025-07-22T09:02:32.820+0000] {dag.py:3239} INFO - Sync 1 DAGs
[2025-07-22T09:02:32.837+0000] {logging_mixin.py:190} INFO - [2025-07-22T09:02:32.837+0000] {dag.py:4180} INFO - Setting next_dagrun for train_weather_pred to 2025-07-22 00:00:00+00:00, run_after=2025-07-23 00:00:00+00:00
[2025-07-22T09:02:32.851+0000] {processor.py:208} INFO - Processing /opt/airflow/dags/train_weather_pred.py took 3.566 seconds
[2025-07-22T09:03:04.204+0000] {processor.py:186} INFO - Started process (PID=34075) to work on /opt/airflow/dags/train_weather_pred.py
[2025-07-22T09:03:04.205+0000] {processor.py:914} INFO - Processing file /opt/airflow/dags/train_weather_pred.py for tasks to queue
[2025-07-22T09:03:04.207+0000] {logging_mixin.py:190} INFO - [2025-07-22T09:03:04.207+0000] {dagbag.py:588} INFO - Filling up the DagBag from /opt/airflow/dags/train_weather_pred.py
[2025-07-22T09:03:07.786+0000] {processor.py:925} INFO - DAG(s) 'train_weather_pred' retrieved from /opt/airflow/dags/train_weather_pred.py
[2025-07-22T09:03:07.808+0000] {logging_mixin.py:190} INFO - [2025-07-22T09:03:07.807+0000] {dag.py:3239} INFO - Sync 1 DAGs
[2025-07-22T09:03:07.826+0000] {logging_mixin.py:190} INFO - [2025-07-22T09:03:07.825+0000] {dag.py:4180} INFO - Setting next_dagrun for train_weather_pred to 2025-07-22 00:00:00+00:00, run_after=2025-07-23 00:00:00+00:00
[2025-07-22T09:03:07.839+0000] {processor.py:208} INFO - Processing /opt/airflow/dags/train_weather_pred.py took 3.641 seconds
[2025-07-22T09:03:38.980+0000] {processor.py:186} INFO - Started process (PID=34179) to work on /opt/airflow/dags/train_weather_pred.py
[2025-07-22T09:03:38.981+0000] {processor.py:914} INFO - Processing file /opt/airflow/dags/train_weather_pred.py for tasks to queue
[2025-07-22T09:03:38.984+0000] {logging_mixin.py:190} INFO - [2025-07-22T09:03:38.983+0000] {dagbag.py:588} INFO - Filling up the DagBag from /opt/airflow/dags/train_weather_pred.py
[2025-07-22T09:03:42.402+0000] {processor.py:925} INFO - DAG(s) 'train_weather_pred' retrieved from /opt/airflow/dags/train_weather_pred.py
[2025-07-22T09:03:42.425+0000] {logging_mixin.py:190} INFO - [2025-07-22T09:03:42.423+0000] {dag.py:3239} INFO - Sync 1 DAGs
[2025-07-22T09:03:42.444+0000] {logging_mixin.py:190} INFO - [2025-07-22T09:03:42.444+0000] {dag.py:4180} INFO - Setting next_dagrun for train_weather_pred to 2025-07-22 00:00:00+00:00, run_after=2025-07-23 00:00:00+00:00
[2025-07-22T09:03:42.459+0000] {processor.py:208} INFO - Processing /opt/airflow/dags/train_weather_pred.py took 3.487 seconds
[2025-07-22T09:04:14.386+0000] {processor.py:186} INFO - Started process (PID=34277) to work on /opt/airflow/dags/train_weather_pred.py
[2025-07-22T09:04:14.387+0000] {processor.py:914} INFO - Processing file /opt/airflow/dags/train_weather_pred.py for tasks to queue
[2025-07-22T09:04:14.390+0000] {logging_mixin.py:190} INFO - [2025-07-22T09:04:14.389+0000] {dagbag.py:588} INFO - Filling up the DagBag from /opt/airflow/dags/train_weather_pred.py
[2025-07-22T09:04:17.654+0000] {processor.py:925} INFO - DAG(s) 'train_weather_pred' retrieved from /opt/airflow/dags/train_weather_pred.py
[2025-07-22T09:04:17.677+0000] {logging_mixin.py:190} INFO - [2025-07-22T09:04:17.676+0000] {dag.py:3239} INFO - Sync 1 DAGs
[2025-07-22T09:04:17.694+0000] {logging_mixin.py:190} INFO - [2025-07-22T09:04:17.693+0000] {dag.py:4180} INFO - Setting next_dagrun for train_weather_pred to 2025-07-22 00:00:00+00:00, run_after=2025-07-23 00:00:00+00:00
[2025-07-22T09:04:17.709+0000] {processor.py:208} INFO - Processing /opt/airflow/dags/train_weather_pred.py took 3.329 seconds
[2025-07-22T09:04:49.366+0000] {processor.py:186} INFO - Started process (PID=34375) to work on /opt/airflow/dags/train_weather_pred.py
[2025-07-22T09:04:49.368+0000] {processor.py:914} INFO - Processing file /opt/airflow/dags/train_weather_pred.py for tasks to queue
[2025-07-22T09:04:49.369+0000] {logging_mixin.py:190} INFO - [2025-07-22T09:04:49.369+0000] {dagbag.py:588} INFO - Filling up the DagBag from /opt/airflow/dags/train_weather_pred.py
[2025-07-22T09:04:52.728+0000] {processor.py:925} INFO - DAG(s) 'train_weather_pred' retrieved from /opt/airflow/dags/train_weather_pred.py
[2025-07-22T09:04:52.750+0000] {logging_mixin.py:190} INFO - [2025-07-22T09:04:52.750+0000] {dag.py:3239} INFO - Sync 1 DAGs
[2025-07-22T09:04:52.767+0000] {logging_mixin.py:190} INFO - [2025-07-22T09:04:52.767+0000] {dag.py:4180} INFO - Setting next_dagrun for train_weather_pred to 2025-07-22 00:00:00+00:00, run_after=2025-07-23 00:00:00+00:00
[2025-07-22T09:04:52.781+0000] {processor.py:208} INFO - Processing /opt/airflow/dags/train_weather_pred.py took 3.421 seconds
[2025-07-22T09:05:24.625+0000] {processor.py:186} INFO - Started process (PID=34473) to work on /opt/airflow/dags/train_weather_pred.py
[2025-07-22T09:05:24.626+0000] {processor.py:914} INFO - Processing file /opt/airflow/dags/train_weather_pred.py for tasks to queue
[2025-07-22T09:05:24.628+0000] {logging_mixin.py:190} INFO - [2025-07-22T09:05:24.628+0000] {dagbag.py:588} INFO - Filling up the DagBag from /opt/airflow/dags/train_weather_pred.py
[2025-07-22T09:05:27.888+0000] {processor.py:925} INFO - DAG(s) 'train_weather_pred' retrieved from /opt/airflow/dags/train_weather_pred.py
[2025-07-22T09:05:27.914+0000] {logging_mixin.py:190} INFO - [2025-07-22T09:05:27.913+0000] {dag.py:3239} INFO - Sync 1 DAGs
[2025-07-22T09:05:27.936+0000] {logging_mixin.py:190} INFO - [2025-07-22T09:05:27.936+0000] {dag.py:4180} INFO - Setting next_dagrun for train_weather_pred to 2025-07-22 00:00:00+00:00, run_after=2025-07-23 00:00:00+00:00
[2025-07-22T09:05:27.953+0000] {processor.py:208} INFO - Processing /opt/airflow/dags/train_weather_pred.py took 3.333 seconds
[2025-07-22T09:05:59.832+0000] {processor.py:186} INFO - Started process (PID=34571) to work on /opt/airflow/dags/train_weather_pred.py
[2025-07-22T09:05:59.833+0000] {processor.py:914} INFO - Processing file /opt/airflow/dags/train_weather_pred.py for tasks to queue
[2025-07-22T09:05:59.835+0000] {logging_mixin.py:190} INFO - [2025-07-22T09:05:59.835+0000] {dagbag.py:588} INFO - Filling up the DagBag from /opt/airflow/dags/train_weather_pred.py
[2025-07-22T09:06:03.445+0000] {processor.py:925} INFO - DAG(s) 'train_weather_pred' retrieved from /opt/airflow/dags/train_weather_pred.py
[2025-07-22T09:06:03.468+0000] {logging_mixin.py:190} INFO - [2025-07-22T09:06:03.467+0000] {dag.py:3239} INFO - Sync 1 DAGs
[2025-07-22T09:06:03.487+0000] {logging_mixin.py:190} INFO - [2025-07-22T09:06:03.487+0000] {dag.py:4180} INFO - Setting next_dagrun for train_weather_pred to 2025-07-22 00:00:00+00:00, run_after=2025-07-23 00:00:00+00:00
[2025-07-22T09:06:03.505+0000] {processor.py:208} INFO - Processing /opt/airflow/dags/train_weather_pred.py took 3.680 seconds
[2025-07-22T09:06:34.930+0000] {processor.py:186} INFO - Started process (PID=34669) to work on /opt/airflow/dags/train_weather_pred.py
[2025-07-22T09:06:34.931+0000] {processor.py:914} INFO - Processing file /opt/airflow/dags/train_weather_pred.py for tasks to queue
[2025-07-22T09:06:34.933+0000] {logging_mixin.py:190} INFO - [2025-07-22T09:06:34.933+0000] {dagbag.py:588} INFO - Filling up the DagBag from /opt/airflow/dags/train_weather_pred.py
[2025-07-22T09:06:38.551+0000] {processor.py:925} INFO - DAG(s) 'train_weather_pred' retrieved from /opt/airflow/dags/train_weather_pred.py
[2025-07-22T09:06:38.575+0000] {logging_mixin.py:190} INFO - [2025-07-22T09:06:38.574+0000] {dag.py:3239} INFO - Sync 1 DAGs
[2025-07-22T09:06:38.594+0000] {logging_mixin.py:190} INFO - [2025-07-22T09:06:38.594+0000] {dag.py:4180} INFO - Setting next_dagrun for train_weather_pred to 2025-07-22 00:00:00+00:00, run_after=2025-07-23 00:00:00+00:00
[2025-07-22T09:06:38.610+0000] {processor.py:208} INFO - Processing /opt/airflow/dags/train_weather_pred.py took 3.686 seconds
[2025-07-22T09:07:10.068+0000] {processor.py:186} INFO - Started process (PID=34773) to work on /opt/airflow/dags/train_weather_pred.py
[2025-07-22T09:07:10.069+0000] {processor.py:914} INFO - Processing file /opt/airflow/dags/train_weather_pred.py for tasks to queue
[2025-07-22T09:07:10.071+0000] {logging_mixin.py:190} INFO - [2025-07-22T09:07:10.071+0000] {dagbag.py:588} INFO - Filling up the DagBag from /opt/airflow/dags/train_weather_pred.py
[2025-07-22T09:07:13.786+0000] {processor.py:925} INFO - DAG(s) 'train_weather_pred' retrieved from /opt/airflow/dags/train_weather_pred.py
[2025-07-22T09:07:13.806+0000] {logging_mixin.py:190} INFO - [2025-07-22T09:07:13.806+0000] {dag.py:3239} INFO - Sync 1 DAGs
[2025-07-22T09:07:13.827+0000] {logging_mixin.py:190} INFO - [2025-07-22T09:07:13.827+0000] {dag.py:4180} INFO - Setting next_dagrun for train_weather_pred to 2025-07-22 00:00:00+00:00, run_after=2025-07-23 00:00:00+00:00
[2025-07-22T09:07:13.843+0000] {processor.py:208} INFO - Processing /opt/airflow/dags/train_weather_pred.py took 3.781 seconds
[2025-07-22T09:07:44.907+0000] {processor.py:186} INFO - Started process (PID=34871) to work on /opt/airflow/dags/train_weather_pred.py
[2025-07-22T09:07:44.908+0000] {processor.py:914} INFO - Processing file /opt/airflow/dags/train_weather_pred.py for tasks to queue
[2025-07-22T09:07:44.910+0000] {logging_mixin.py:190} INFO - [2025-07-22T09:07:44.910+0000] {dagbag.py:588} INFO - Filling up the DagBag from /opt/airflow/dags/train_weather_pred.py
[2025-07-22T09:07:48.200+0000] {processor.py:925} INFO - DAG(s) 'train_weather_pred' retrieved from /opt/airflow/dags/train_weather_pred.py
[2025-07-22T09:07:48.222+0000] {logging_mixin.py:190} INFO - [2025-07-22T09:07:48.221+0000] {dag.py:3239} INFO - Sync 1 DAGs
[2025-07-22T09:07:48.239+0000] {logging_mixin.py:190} INFO - [2025-07-22T09:07:48.239+0000] {dag.py:4180} INFO - Setting next_dagrun for train_weather_pred to 2025-07-22 00:00:00+00:00, run_after=2025-07-23 00:00:00+00:00
[2025-07-22T09:07:48.255+0000] {processor.py:208} INFO - Processing /opt/airflow/dags/train_weather_pred.py took 3.355 seconds
[2025-07-22T09:08:20.174+0000] {processor.py:186} INFO - Started process (PID=34969) to work on /opt/airflow/dags/train_weather_pred.py
[2025-07-22T09:08:20.175+0000] {processor.py:914} INFO - Processing file /opt/airflow/dags/train_weather_pred.py for tasks to queue
[2025-07-22T09:08:20.178+0000] {logging_mixin.py:190} INFO - [2025-07-22T09:08:20.177+0000] {dagbag.py:588} INFO - Filling up the DagBag from /opt/airflow/dags/train_weather_pred.py
[2025-07-22T09:08:23.690+0000] {processor.py:925} INFO - DAG(s) 'train_weather_pred' retrieved from /opt/airflow/dags/train_weather_pred.py
[2025-07-22T09:08:23.713+0000] {logging_mixin.py:190} INFO - [2025-07-22T09:08:23.713+0000] {dag.py:3239} INFO - Sync 1 DAGs
[2025-07-22T09:08:23.731+0000] {logging_mixin.py:190} INFO - [2025-07-22T09:08:23.731+0000] {dag.py:4180} INFO - Setting next_dagrun for train_weather_pred to 2025-07-22 00:00:00+00:00, run_after=2025-07-23 00:00:00+00:00
[2025-07-22T09:08:23.746+0000] {processor.py:208} INFO - Processing /opt/airflow/dags/train_weather_pred.py took 3.581 seconds
[2025-07-22T09:08:55.087+0000] {processor.py:186} INFO - Started process (PID=35067) to work on /opt/airflow/dags/train_weather_pred.py
[2025-07-22T09:08:55.088+0000] {processor.py:914} INFO - Processing file /opt/airflow/dags/train_weather_pred.py for tasks to queue
[2025-07-22T09:08:55.090+0000] {logging_mixin.py:190} INFO - [2025-07-22T09:08:55.090+0000] {dagbag.py:588} INFO - Filling up the DagBag from /opt/airflow/dags/train_weather_pred.py
[2025-07-22T09:08:58.418+0000] {processor.py:925} INFO - DAG(s) 'train_weather_pred' retrieved from /opt/airflow/dags/train_weather_pred.py
[2025-07-22T09:08:58.441+0000] {logging_mixin.py:190} INFO - [2025-07-22T09:08:58.440+0000] {dag.py:3239} INFO - Sync 1 DAGs
[2025-07-22T09:08:58.459+0000] {logging_mixin.py:190} INFO - [2025-07-22T09:08:58.459+0000] {dag.py:4180} INFO - Setting next_dagrun for train_weather_pred to 2025-07-22 00:00:00+00:00, run_after=2025-07-23 00:00:00+00:00
[2025-07-22T09:08:58.475+0000] {processor.py:208} INFO - Processing /opt/airflow/dags/train_weather_pred.py took 3.393 seconds
[2025-07-22T09:09:29.599+0000] {processor.py:186} INFO - Started process (PID=35165) to work on /opt/airflow/dags/train_weather_pred.py
[2025-07-22T09:09:29.600+0000] {processor.py:914} INFO - Processing file /opt/airflow/dags/train_weather_pred.py for tasks to queue
[2025-07-22T09:09:29.602+0000] {logging_mixin.py:190} INFO - [2025-07-22T09:09:29.602+0000] {dagbag.py:588} INFO - Filling up the DagBag from /opt/airflow/dags/train_weather_pred.py
[2025-07-22T09:09:33.155+0000] {processor.py:925} INFO - DAG(s) 'train_weather_pred' retrieved from /opt/airflow/dags/train_weather_pred.py
[2025-07-22T09:09:33.177+0000] {logging_mixin.py:190} INFO - [2025-07-22T09:09:33.177+0000] {dag.py:3239} INFO - Sync 1 DAGs
[2025-07-22T09:09:33.196+0000] {logging_mixin.py:190} INFO - [2025-07-22T09:09:33.195+0000] {dag.py:4180} INFO - Setting next_dagrun for train_weather_pred to 2025-07-22 00:00:00+00:00, run_after=2025-07-23 00:00:00+00:00
[2025-07-22T09:09:33.212+0000] {processor.py:208} INFO - Processing /opt/airflow/dags/train_weather_pred.py took 3.619 seconds
[2025-07-22T09:10:04.680+0000] {processor.py:186} INFO - Started process (PID=35263) to work on /opt/airflow/dags/train_weather_pred.py
[2025-07-22T09:10:04.681+0000] {processor.py:914} INFO - Processing file /opt/airflow/dags/train_weather_pred.py for tasks to queue
[2025-07-22T09:10:04.683+0000] {logging_mixin.py:190} INFO - [2025-07-22T09:10:04.683+0000] {dagbag.py:588} INFO - Filling up the DagBag from /opt/airflow/dags/train_weather_pred.py
[2025-07-22T09:10:08.036+0000] {processor.py:925} INFO - DAG(s) 'train_weather_pred' retrieved from /opt/airflow/dags/train_weather_pred.py
[2025-07-22T09:10:08.057+0000] {logging_mixin.py:190} INFO - [2025-07-22T09:10:08.057+0000] {dag.py:3239} INFO - Sync 1 DAGs
[2025-07-22T09:10:08.075+0000] {logging_mixin.py:190} INFO - [2025-07-22T09:10:08.075+0000] {dag.py:4180} INFO - Setting next_dagrun for train_weather_pred to 2025-07-22 00:00:00+00:00, run_after=2025-07-23 00:00:00+00:00
[2025-07-22T09:10:08.091+0000] {processor.py:208} INFO - Processing /opt/airflow/dags/train_weather_pred.py took 3.416 seconds
[2025-07-22T09:10:39.287+0000] {processor.py:186} INFO - Started process (PID=35367) to work on /opt/airflow/dags/train_weather_pred.py
[2025-07-22T09:10:39.288+0000] {processor.py:914} INFO - Processing file /opt/airflow/dags/train_weather_pred.py for tasks to queue
[2025-07-22T09:10:39.290+0000] {logging_mixin.py:190} INFO - [2025-07-22T09:10:39.290+0000] {dagbag.py:588} INFO - Filling up the DagBag from /opt/airflow/dags/train_weather_pred.py
[2025-07-22T09:10:42.687+0000] {processor.py:925} INFO - DAG(s) 'train_weather_pred' retrieved from /opt/airflow/dags/train_weather_pred.py
[2025-07-22T09:10:42.714+0000] {logging_mixin.py:190} INFO - [2025-07-22T09:10:42.713+0000] {dag.py:3239} INFO - Sync 1 DAGs
[2025-07-22T09:10:42.737+0000] {logging_mixin.py:190} INFO - [2025-07-22T09:10:42.737+0000] {dag.py:4180} INFO - Setting next_dagrun for train_weather_pred to 2025-07-22 00:00:00+00:00, run_after=2025-07-23 00:00:00+00:00
[2025-07-22T09:10:42.757+0000] {processor.py:208} INFO - Processing /opt/airflow/dags/train_weather_pred.py took 3.478 seconds
[2025-07-22T09:11:13.903+0000] {processor.py:186} INFO - Started process (PID=35465) to work on /opt/airflow/dags/train_weather_pred.py
[2025-07-22T09:11:13.904+0000] {processor.py:914} INFO - Processing file /opt/airflow/dags/train_weather_pred.py for tasks to queue
[2025-07-22T09:11:13.907+0000] {logging_mixin.py:190} INFO - [2025-07-22T09:11:13.906+0000] {dagbag.py:588} INFO - Filling up the DagBag from /opt/airflow/dags/train_weather_pred.py
[2025-07-22T09:11:17.346+0000] {processor.py:925} INFO - DAG(s) 'train_weather_pred' retrieved from /opt/airflow/dags/train_weather_pred.py
[2025-07-22T09:11:17.376+0000] {logging_mixin.py:190} INFO - [2025-07-22T09:11:17.375+0000] {dag.py:3239} INFO - Sync 1 DAGs
[2025-07-22T09:11:17.400+0000] {logging_mixin.py:190} INFO - [2025-07-22T09:11:17.400+0000] {dag.py:4180} INFO - Setting next_dagrun for train_weather_pred to 2025-07-22 00:00:00+00:00, run_after=2025-07-23 00:00:00+00:00
[2025-07-22T09:11:17.421+0000] {processor.py:208} INFO - Processing /opt/airflow/dags/train_weather_pred.py took 3.524 seconds
[2025-07-22T09:11:48.776+0000] {processor.py:186} INFO - Started process (PID=35563) to work on /opt/airflow/dags/train_weather_pred.py
[2025-07-22T09:11:48.777+0000] {processor.py:914} INFO - Processing file /opt/airflow/dags/train_weather_pred.py for tasks to queue
[2025-07-22T09:11:48.780+0000] {logging_mixin.py:190} INFO - [2025-07-22T09:11:48.779+0000] {dagbag.py:588} INFO - Filling up the DagBag from /opt/airflow/dags/train_weather_pred.py
[2025-07-22T09:11:52.280+0000] {processor.py:925} INFO - DAG(s) 'train_weather_pred' retrieved from /opt/airflow/dags/train_weather_pred.py
[2025-07-22T09:11:52.304+0000] {logging_mixin.py:190} INFO - [2025-07-22T09:11:52.303+0000] {dag.py:3239} INFO - Sync 1 DAGs
[2025-07-22T09:11:52.322+0000] {logging_mixin.py:190} INFO - [2025-07-22T09:11:52.321+0000] {dag.py:4180} INFO - Setting next_dagrun for train_weather_pred to 2025-07-22 00:00:00+00:00, run_after=2025-07-23 00:00:00+00:00
[2025-07-22T09:11:52.335+0000] {processor.py:208} INFO - Processing /opt/airflow/dags/train_weather_pred.py took 3.573 seconds
[2025-07-22T09:12:23.628+0000] {processor.py:186} INFO - Started process (PID=35661) to work on /opt/airflow/dags/train_weather_pred.py
[2025-07-22T09:12:23.629+0000] {processor.py:914} INFO - Processing file /opt/airflow/dags/train_weather_pred.py for tasks to queue
[2025-07-22T09:12:23.632+0000] {logging_mixin.py:190} INFO - [2025-07-22T09:12:23.631+0000] {dagbag.py:588} INFO - Filling up the DagBag from /opt/airflow/dags/train_weather_pred.py
[2025-07-22T09:12:26.972+0000] {processor.py:925} INFO - DAG(s) 'train_weather_pred' retrieved from /opt/airflow/dags/train_weather_pred.py
[2025-07-22T09:12:26.993+0000] {logging_mixin.py:190} INFO - [2025-07-22T09:12:26.993+0000] {dag.py:3239} INFO - Sync 1 DAGs
[2025-07-22T09:12:27.012+0000] {logging_mixin.py:190} INFO - [2025-07-22T09:12:27.012+0000] {dag.py:4180} INFO - Setting next_dagrun for train_weather_pred to 2025-07-22 00:00:00+00:00, run_after=2025-07-23 00:00:00+00:00
[2025-07-22T09:12:27.027+0000] {processor.py:208} INFO - Processing /opt/airflow/dags/train_weather_pred.py took 3.405 seconds
[2025-07-22T09:12:58.245+0000] {processor.py:186} INFO - Started process (PID=35759) to work on /opt/airflow/dags/train_weather_pred.py
[2025-07-22T09:12:58.246+0000] {processor.py:914} INFO - Processing file /opt/airflow/dags/train_weather_pred.py for tasks to queue
[2025-07-22T09:12:58.248+0000] {logging_mixin.py:190} INFO - [2025-07-22T09:12:58.248+0000] {dagbag.py:588} INFO - Filling up the DagBag from /opt/airflow/dags/train_weather_pred.py
[2025-07-22T09:13:01.781+0000] {processor.py:925} INFO - DAG(s) 'train_weather_pred' retrieved from /opt/airflow/dags/train_weather_pred.py
[2025-07-22T09:13:01.801+0000] {logging_mixin.py:190} INFO - [2025-07-22T09:13:01.801+0000] {dag.py:3239} INFO - Sync 1 DAGs
[2025-07-22T09:13:01.819+0000] {logging_mixin.py:190} INFO - [2025-07-22T09:13:01.819+0000] {dag.py:4180} INFO - Setting next_dagrun for train_weather_pred to 2025-07-22 00:00:00+00:00, run_after=2025-07-23 00:00:00+00:00
[2025-07-22T09:13:01.834+0000] {processor.py:208} INFO - Processing /opt/airflow/dags/train_weather_pred.py took 3.599 seconds
[2025-07-22T09:13:33.163+0000] {processor.py:186} INFO - Started process (PID=35857) to work on /opt/airflow/dags/train_weather_pred.py
[2025-07-22T09:13:33.164+0000] {processor.py:914} INFO - Processing file /opt/airflow/dags/train_weather_pred.py for tasks to queue
[2025-07-22T09:13:33.166+0000] {logging_mixin.py:190} INFO - [2025-07-22T09:13:33.166+0000] {dagbag.py:588} INFO - Filling up the DagBag from /opt/airflow/dags/train_weather_pred.py
[2025-07-22T09:13:36.473+0000] {processor.py:925} INFO - DAG(s) 'train_weather_pred' retrieved from /opt/airflow/dags/train_weather_pred.py
[2025-07-22T09:13:36.497+0000] {logging_mixin.py:190} INFO - [2025-07-22T09:13:36.496+0000] {dag.py:3239} INFO - Sync 1 DAGs
[2025-07-22T09:13:36.515+0000] {logging_mixin.py:190} INFO - [2025-07-22T09:13:36.515+0000] {dag.py:4180} INFO - Setting next_dagrun for train_weather_pred to 2025-07-22 00:00:00+00:00, run_after=2025-07-23 00:00:00+00:00
[2025-07-22T09:13:36.532+0000] {processor.py:208} INFO - Processing /opt/airflow/dags/train_weather_pred.py took 3.374 seconds
[2025-07-22T09:14:07.588+0000] {processor.py:186} INFO - Started process (PID=35955) to work on /opt/airflow/dags/train_weather_pred.py
[2025-07-22T09:14:07.589+0000] {processor.py:914} INFO - Processing file /opt/airflow/dags/train_weather_pred.py for tasks to queue
[2025-07-22T09:14:07.591+0000] {logging_mixin.py:190} INFO - [2025-07-22T09:14:07.591+0000] {dagbag.py:588} INFO - Filling up the DagBag from /opt/airflow/dags/train_weather_pred.py
[2025-07-22T09:14:10.967+0000] {processor.py:925} INFO - DAG(s) 'train_weather_pred' retrieved from /opt/airflow/dags/train_weather_pred.py
[2025-07-22T09:14:10.988+0000] {logging_mixin.py:190} INFO - [2025-07-22T09:14:10.987+0000] {dag.py:3239} INFO - Sync 1 DAGs
[2025-07-22T09:14:11.007+0000] {logging_mixin.py:190} INFO - [2025-07-22T09:14:11.006+0000] {dag.py:4180} INFO - Setting next_dagrun for train_weather_pred to 2025-07-22 00:00:00+00:00, run_after=2025-07-23 00:00:00+00:00
[2025-07-22T09:14:11.021+0000] {processor.py:208} INFO - Processing /opt/airflow/dags/train_weather_pred.py took 3.439 seconds
[2025-07-22T09:14:42.529+0000] {processor.py:186} INFO - Started process (PID=36059) to work on /opt/airflow/dags/train_weather_pred.py
[2025-07-22T09:14:42.530+0000] {processor.py:914} INFO - Processing file /opt/airflow/dags/train_weather_pred.py for tasks to queue
[2025-07-22T09:14:42.532+0000] {logging_mixin.py:190} INFO - [2025-07-22T09:14:42.532+0000] {dagbag.py:588} INFO - Filling up the DagBag from /opt/airflow/dags/train_weather_pred.py
[2025-07-22T09:14:46.000+0000] {processor.py:925} INFO - DAG(s) 'train_weather_pred' retrieved from /opt/airflow/dags/train_weather_pred.py
[2025-07-22T09:14:46.023+0000] {logging_mixin.py:190} INFO - [2025-07-22T09:14:46.022+0000] {dag.py:3239} INFO - Sync 1 DAGs
[2025-07-22T09:14:46.041+0000] {logging_mixin.py:190} INFO - [2025-07-22T09:14:46.041+0000] {dag.py:4180} INFO - Setting next_dagrun for train_weather_pred to 2025-07-22 00:00:00+00:00, run_after=2025-07-23 00:00:00+00:00
[2025-07-22T09:14:46.057+0000] {processor.py:208} INFO - Processing /opt/airflow/dags/train_weather_pred.py took 3.535 seconds
[2025-07-22T09:15:17.443+0000] {processor.py:186} INFO - Started process (PID=36157) to work on /opt/airflow/dags/train_weather_pred.py
[2025-07-22T09:15:17.445+0000] {processor.py:914} INFO - Processing file /opt/airflow/dags/train_weather_pred.py for tasks to queue
[2025-07-22T09:15:17.447+0000] {logging_mixin.py:190} INFO - [2025-07-22T09:15:17.447+0000] {dagbag.py:588} INFO - Filling up the DagBag from /opt/airflow/dags/train_weather_pred.py
[2025-07-22T09:15:21.203+0000] {processor.py:925} INFO - DAG(s) 'train_weather_pred' retrieved from /opt/airflow/dags/train_weather_pred.py
[2025-07-22T09:15:21.223+0000] {logging_mixin.py:190} INFO - [2025-07-22T09:15:21.223+0000] {dag.py:3239} INFO - Sync 1 DAGs
[2025-07-22T09:15:21.240+0000] {logging_mixin.py:190} INFO - [2025-07-22T09:15:21.240+0000] {dag.py:4180} INFO - Setting next_dagrun for train_weather_pred to 2025-07-22 00:00:00+00:00, run_after=2025-07-23 00:00:00+00:00
[2025-07-22T09:15:21.255+0000] {processor.py:208} INFO - Processing /opt/airflow/dags/train_weather_pred.py took 3.820 seconds
[2025-07-22T09:15:52.376+0000] {processor.py:186} INFO - Started process (PID=36255) to work on /opt/airflow/dags/train_weather_pred.py
[2025-07-22T09:15:52.378+0000] {processor.py:914} INFO - Processing file /opt/airflow/dags/train_weather_pred.py for tasks to queue
[2025-07-22T09:15:52.381+0000] {logging_mixin.py:190} INFO - [2025-07-22T09:15:52.380+0000] {dagbag.py:588} INFO - Filling up the DagBag from /opt/airflow/dags/train_weather_pred.py
[2025-07-22T09:15:55.802+0000] {processor.py:925} INFO - DAG(s) 'train_weather_pred' retrieved from /opt/airflow/dags/train_weather_pred.py
[2025-07-22T09:15:55.826+0000] {logging_mixin.py:190} INFO - [2025-07-22T09:15:55.825+0000] {dag.py:3239} INFO - Sync 1 DAGs
[2025-07-22T09:15:55.846+0000] {logging_mixin.py:190} INFO - [2025-07-22T09:15:55.845+0000] {dag.py:4180} INFO - Setting next_dagrun for train_weather_pred to 2025-07-22 00:00:00+00:00, run_after=2025-07-23 00:00:00+00:00
[2025-07-22T09:15:55.862+0000] {processor.py:208} INFO - Processing /opt/airflow/dags/train_weather_pred.py took 3.492 seconds
[2025-07-22T09:16:27.289+0000] {processor.py:186} INFO - Started process (PID=36353) to work on /opt/airflow/dags/train_weather_pred.py
[2025-07-22T09:16:27.290+0000] {processor.py:914} INFO - Processing file /opt/airflow/dags/train_weather_pred.py for tasks to queue
[2025-07-22T09:16:27.292+0000] {logging_mixin.py:190} INFO - [2025-07-22T09:16:27.292+0000] {dagbag.py:588} INFO - Filling up the DagBag from /opt/airflow/dags/train_weather_pred.py
[2025-07-22T09:16:30.677+0000] {processor.py:925} INFO - DAG(s) 'train_weather_pred' retrieved from /opt/airflow/dags/train_weather_pred.py
[2025-07-22T09:16:30.700+0000] {logging_mixin.py:190} INFO - [2025-07-22T09:16:30.700+0000] {dag.py:3239} INFO - Sync 1 DAGs
[2025-07-22T09:16:30.720+0000] {logging_mixin.py:190} INFO - [2025-07-22T09:16:30.720+0000] {dag.py:4180} INFO - Setting next_dagrun for train_weather_pred to 2025-07-22 00:00:00+00:00, run_after=2025-07-23 00:00:00+00:00
[2025-07-22T09:16:30.737+0000] {processor.py:208} INFO - Processing /opt/airflow/dags/train_weather_pred.py took 3.454 seconds
[2025-07-22T09:17:02.229+0000] {processor.py:186} INFO - Started process (PID=36451) to work on /opt/airflow/dags/train_weather_pred.py
[2025-07-22T09:17:02.230+0000] {processor.py:914} INFO - Processing file /opt/airflow/dags/train_weather_pred.py for tasks to queue
[2025-07-22T09:17:02.233+0000] {logging_mixin.py:190} INFO - [2025-07-22T09:17:02.232+0000] {dagbag.py:588} INFO - Filling up the DagBag from /opt/airflow/dags/train_weather_pred.py
[2025-07-22T09:17:05.478+0000] {processor.py:925} INFO - DAG(s) 'train_weather_pred' retrieved from /opt/airflow/dags/train_weather_pred.py
[2025-07-22T09:17:05.501+0000] {logging_mixin.py:190} INFO - [2025-07-22T09:17:05.500+0000] {dag.py:3239} INFO - Sync 1 DAGs
[2025-07-22T09:17:05.520+0000] {logging_mixin.py:190} INFO - [2025-07-22T09:17:05.520+0000] {dag.py:4180} INFO - Setting next_dagrun for train_weather_pred to 2025-07-22 00:00:00+00:00, run_after=2025-07-23 00:00:00+00:00
[2025-07-22T09:17:05.536+0000] {processor.py:208} INFO - Processing /opt/airflow/dags/train_weather_pred.py took 3.313 seconds
[2025-07-22T09:17:37.210+0000] {processor.py:186} INFO - Started process (PID=36549) to work on /opt/airflow/dags/train_weather_pred.py
[2025-07-22T09:17:37.211+0000] {processor.py:914} INFO - Processing file /opt/airflow/dags/train_weather_pred.py for tasks to queue
[2025-07-22T09:17:37.213+0000] {logging_mixin.py:190} INFO - [2025-07-22T09:17:37.213+0000] {dagbag.py:588} INFO - Filling up the DagBag from /opt/airflow/dags/train_weather_pred.py
[2025-07-22T09:17:40.595+0000] {processor.py:925} INFO - DAG(s) 'train_weather_pred' retrieved from /opt/airflow/dags/train_weather_pred.py
[2025-07-22T09:17:40.618+0000] {logging_mixin.py:190} INFO - [2025-07-22T09:17:40.617+0000] {dag.py:3239} INFO - Sync 1 DAGs
[2025-07-22T09:17:40.637+0000] {logging_mixin.py:190} INFO - [2025-07-22T09:17:40.636+0000] {dag.py:4180} INFO - Setting next_dagrun for train_weather_pred to 2025-07-22 00:00:00+00:00, run_after=2025-07-23 00:00:00+00:00
[2025-07-22T09:17:40.653+0000] {processor.py:208} INFO - Processing /opt/airflow/dags/train_weather_pred.py took 3.448 seconds
[2025-07-22T09:18:12.506+0000] {processor.py:186} INFO - Started process (PID=36653) to work on /opt/airflow/dags/train_weather_pred.py
[2025-07-22T09:18:12.507+0000] {processor.py:914} INFO - Processing file /opt/airflow/dags/train_weather_pred.py for tasks to queue
[2025-07-22T09:18:12.509+0000] {logging_mixin.py:190} INFO - [2025-07-22T09:18:12.509+0000] {dagbag.py:588} INFO - Filling up the DagBag from /opt/airflow/dags/train_weather_pred.py
[2025-07-22T09:18:15.765+0000] {processor.py:925} INFO - DAG(s) 'train_weather_pred' retrieved from /opt/airflow/dags/train_weather_pred.py
[2025-07-22T09:18:15.790+0000] {logging_mixin.py:190} INFO - [2025-07-22T09:18:15.789+0000] {dag.py:3239} INFO - Sync 1 DAGs
[2025-07-22T09:18:15.808+0000] {logging_mixin.py:190} INFO - [2025-07-22T09:18:15.808+0000] {dag.py:4180} INFO - Setting next_dagrun for train_weather_pred to 2025-07-22 00:00:00+00:00, run_after=2025-07-23 00:00:00+00:00
[2025-07-22T09:18:15.823+0000] {processor.py:208} INFO - Processing /opt/airflow/dags/train_weather_pred.py took 3.323 seconds
[2025-07-22T09:18:47.753+0000] {processor.py:186} INFO - Started process (PID=36751) to work on /opt/airflow/dags/train_weather_pred.py
[2025-07-22T09:18:47.754+0000] {processor.py:914} INFO - Processing file /opt/airflow/dags/train_weather_pred.py for tasks to queue
[2025-07-22T09:18:47.756+0000] {logging_mixin.py:190} INFO - [2025-07-22T09:18:47.756+0000] {dagbag.py:588} INFO - Filling up the DagBag from /opt/airflow/dags/train_weather_pred.py
[2025-07-22T09:18:51.305+0000] {processor.py:925} INFO - DAG(s) 'train_weather_pred' retrieved from /opt/airflow/dags/train_weather_pred.py
[2025-07-22T09:18:51.328+0000] {logging_mixin.py:190} INFO - [2025-07-22T09:18:51.327+0000] {dag.py:3239} INFO - Sync 1 DAGs
[2025-07-22T09:18:51.346+0000] {logging_mixin.py:190} INFO - [2025-07-22T09:18:51.346+0000] {dag.py:4180} INFO - Setting next_dagrun for train_weather_pred to 2025-07-22 00:00:00+00:00, run_after=2025-07-23 00:00:00+00:00
[2025-07-22T09:18:51.360+0000] {processor.py:208} INFO - Processing /opt/airflow/dags/train_weather_pred.py took 3.614 seconds
[2025-07-22T09:19:22.688+0000] {processor.py:186} INFO - Started process (PID=36849) to work on /opt/airflow/dags/train_weather_pred.py
[2025-07-22T09:19:22.689+0000] {processor.py:914} INFO - Processing file /opt/airflow/dags/train_weather_pred.py for tasks to queue
[2025-07-22T09:19:22.691+0000] {logging_mixin.py:190} INFO - [2025-07-22T09:19:22.691+0000] {dagbag.py:588} INFO - Filling up the DagBag from /opt/airflow/dags/train_weather_pred.py
[2025-07-22T09:19:26.282+0000] {processor.py:925} INFO - DAG(s) 'train_weather_pred' retrieved from /opt/airflow/dags/train_weather_pred.py
[2025-07-22T09:19:26.308+0000] {logging_mixin.py:190} INFO - [2025-07-22T09:19:26.308+0000] {dag.py:3239} INFO - Sync 1 DAGs
[2025-07-22T09:19:26.328+0000] {logging_mixin.py:190} INFO - [2025-07-22T09:19:26.328+0000] {dag.py:4180} INFO - Setting next_dagrun for train_weather_pred to 2025-07-22 00:00:00+00:00, run_after=2025-07-23 00:00:00+00:00
[2025-07-22T09:19:26.345+0000] {processor.py:208} INFO - Processing /opt/airflow/dags/train_weather_pred.py took 3.663 seconds
[2025-07-22T09:19:57.770+0000] {processor.py:186} INFO - Started process (PID=36947) to work on /opt/airflow/dags/train_weather_pred.py
[2025-07-22T09:19:57.771+0000] {processor.py:914} INFO - Processing file /opt/airflow/dags/train_weather_pred.py for tasks to queue
[2025-07-22T09:19:57.773+0000] {logging_mixin.py:190} INFO - [2025-07-22T09:19:57.773+0000] {dagbag.py:588} INFO - Filling up the DagBag from /opt/airflow/dags/train_weather_pred.py
[2025-07-22T09:20:01.111+0000] {processor.py:925} INFO - DAG(s) 'train_weather_pred' retrieved from /opt/airflow/dags/train_weather_pred.py
[2025-07-22T09:20:01.135+0000] {logging_mixin.py:190} INFO - [2025-07-22T09:20:01.134+0000] {dag.py:3239} INFO - Sync 1 DAGs
[2025-07-22T09:20:01.153+0000] {logging_mixin.py:190} INFO - [2025-07-22T09:20:01.153+0000] {dag.py:4180} INFO - Setting next_dagrun for train_weather_pred to 2025-07-22 00:00:00+00:00, run_after=2025-07-23 00:00:00+00:00
[2025-07-22T09:20:01.169+0000] {processor.py:208} INFO - Processing /opt/airflow/dags/train_weather_pred.py took 3.405 seconds
[2025-07-22T09:20:33.204+0000] {processor.py:186} INFO - Started process (PID=37045) to work on /opt/airflow/dags/train_weather_pred.py
[2025-07-22T09:20:33.205+0000] {processor.py:914} INFO - Processing file /opt/airflow/dags/train_weather_pred.py for tasks to queue
[2025-07-22T09:20:33.207+0000] {logging_mixin.py:190} INFO - [2025-07-22T09:20:33.206+0000] {dagbag.py:588} INFO - Filling up the DagBag from /opt/airflow/dags/train_weather_pred.py
[2025-07-22T09:20:36.593+0000] {processor.py:925} INFO - DAG(s) 'train_weather_pred' retrieved from /opt/airflow/dags/train_weather_pred.py
[2025-07-22T09:20:36.621+0000] {logging_mixin.py:190} INFO - [2025-07-22T09:20:36.620+0000] {dag.py:3239} INFO - Sync 1 DAGs
[2025-07-22T09:20:36.643+0000] {logging_mixin.py:190} INFO - [2025-07-22T09:20:36.643+0000] {dag.py:4180} INFO - Setting next_dagrun for train_weather_pred to 2025-07-22 00:00:00+00:00, run_after=2025-07-23 00:00:00+00:00
[2025-07-22T09:20:36.661+0000] {processor.py:208} INFO - Processing /opt/airflow/dags/train_weather_pred.py took 3.463 seconds
[2025-07-22T09:21:08.557+0000] {processor.py:186} INFO - Started process (PID=37143) to work on /opt/airflow/dags/train_weather_pred.py
[2025-07-22T09:21:08.558+0000] {processor.py:914} INFO - Processing file /opt/airflow/dags/train_weather_pred.py for tasks to queue
[2025-07-22T09:21:08.560+0000] {logging_mixin.py:190} INFO - [2025-07-22T09:21:08.560+0000] {dagbag.py:588} INFO - Filling up the DagBag from /opt/airflow/dags/train_weather_pred.py
[2025-07-22T09:21:11.989+0000] {processor.py:925} INFO - DAG(s) 'train_weather_pred' retrieved from /opt/airflow/dags/train_weather_pred.py
[2025-07-22T09:21:12.011+0000] {logging_mixin.py:190} INFO - [2025-07-22T09:21:12.011+0000] {dag.py:3239} INFO - Sync 1 DAGs
[2025-07-22T09:21:12.028+0000] {logging_mixin.py:190} INFO - [2025-07-22T09:21:12.028+0000] {dag.py:4180} INFO - Setting next_dagrun for train_weather_pred to 2025-07-22 00:00:00+00:00, run_after=2025-07-23 00:00:00+00:00
[2025-07-22T09:21:12.043+0000] {processor.py:208} INFO - Processing /opt/airflow/dags/train_weather_pred.py took 3.492 seconds
[2025-07-22T09:21:43.981+0000] {processor.py:186} INFO - Started process (PID=37247) to work on /opt/airflow/dags/train_weather_pred.py
[2025-07-22T09:21:43.982+0000] {processor.py:914} INFO - Processing file /opt/airflow/dags/train_weather_pred.py for tasks to queue
[2025-07-22T09:21:43.984+0000] {logging_mixin.py:190} INFO - [2025-07-22T09:21:43.984+0000] {dagbag.py:588} INFO - Filling up the DagBag from /opt/airflow/dags/train_weather_pred.py
[2025-07-22T09:21:47.303+0000] {processor.py:925} INFO - DAG(s) 'train_weather_pred' retrieved from /opt/airflow/dags/train_weather_pred.py
[2025-07-22T09:21:47.330+0000] {logging_mixin.py:190} INFO - [2025-07-22T09:21:47.330+0000] {dag.py:3239} INFO - Sync 1 DAGs
[2025-07-22T09:21:47.350+0000] {logging_mixin.py:190} INFO - [2025-07-22T09:21:47.350+0000] {dag.py:4180} INFO - Setting next_dagrun for train_weather_pred to 2025-07-22 00:00:00+00:00, run_after=2025-07-23 00:00:00+00:00
[2025-07-22T09:21:47.364+0000] {processor.py:208} INFO - Processing /opt/airflow/dags/train_weather_pred.py took 3.389 seconds
[2025-07-22T09:22:19.255+0000] {processor.py:186} INFO - Started process (PID=37345) to work on /opt/airflow/dags/train_weather_pred.py
[2025-07-22T09:22:19.256+0000] {processor.py:914} INFO - Processing file /opt/airflow/dags/train_weather_pred.py for tasks to queue
[2025-07-22T09:22:19.258+0000] {logging_mixin.py:190} INFO - [2025-07-22T09:22:19.258+0000] {dagbag.py:588} INFO - Filling up the DagBag from /opt/airflow/dags/train_weather_pred.py
[2025-07-22T09:22:22.772+0000] {processor.py:925} INFO - DAG(s) 'train_weather_pred' retrieved from /opt/airflow/dags/train_weather_pred.py
[2025-07-22T09:22:22.797+0000] {logging_mixin.py:190} INFO - [2025-07-22T09:22:22.796+0000] {dag.py:3239} INFO - Sync 1 DAGs
[2025-07-22T09:22:22.818+0000] {logging_mixin.py:190} INFO - [2025-07-22T09:22:22.818+0000] {dag.py:4180} INFO - Setting next_dagrun for train_weather_pred to 2025-07-22 00:00:00+00:00, run_after=2025-07-23 00:00:00+00:00
[2025-07-22T09:22:22.834+0000] {processor.py:208} INFO - Processing /opt/airflow/dags/train_weather_pred.py took 3.586 seconds
[2025-07-22T09:22:54.257+0000] {processor.py:186} INFO - Started process (PID=37443) to work on /opt/airflow/dags/train_weather_pred.py
[2025-07-22T09:22:54.259+0000] {processor.py:914} INFO - Processing file /opt/airflow/dags/train_weather_pred.py for tasks to queue
[2025-07-22T09:22:54.262+0000] {logging_mixin.py:190} INFO - [2025-07-22T09:22:54.261+0000] {dagbag.py:588} INFO - Filling up the DagBag from /opt/airflow/dags/train_weather_pred.py
[2025-07-22T09:22:57.522+0000] {processor.py:925} INFO - DAG(s) 'train_weather_pred' retrieved from /opt/airflow/dags/train_weather_pred.py
[2025-07-22T09:22:57.545+0000] {logging_mixin.py:190} INFO - [2025-07-22T09:22:57.544+0000] {dag.py:3239} INFO - Sync 1 DAGs
[2025-07-22T09:22:57.563+0000] {logging_mixin.py:190} INFO - [2025-07-22T09:22:57.562+0000] {dag.py:4180} INFO - Setting next_dagrun for train_weather_pred to 2025-07-22 00:00:00+00:00, run_after=2025-07-23 00:00:00+00:00
[2025-07-22T09:22:57.577+0000] {processor.py:208} INFO - Processing /opt/airflow/dags/train_weather_pred.py took 3.327 seconds
[2025-07-22T09:23:29.534+0000] {processor.py:186} INFO - Started process (PID=37541) to work on /opt/airflow/dags/train_weather_pred.py
[2025-07-22T09:23:29.535+0000] {processor.py:914} INFO - Processing file /opt/airflow/dags/train_weather_pred.py for tasks to queue
[2025-07-22T09:23:29.538+0000] {logging_mixin.py:190} INFO - [2025-07-22T09:23:29.537+0000] {dagbag.py:588} INFO - Filling up the DagBag from /opt/airflow/dags/train_weather_pred.py
[2025-07-22T09:23:32.906+0000] {processor.py:925} INFO - DAG(s) 'train_weather_pred' retrieved from /opt/airflow/dags/train_weather_pred.py
[2025-07-22T09:23:32.933+0000] {logging_mixin.py:190} INFO - [2025-07-22T09:23:32.932+0000] {dag.py:3239} INFO - Sync 1 DAGs
[2025-07-22T09:23:32.953+0000] {logging_mixin.py:190} INFO - [2025-07-22T09:23:32.953+0000] {dag.py:4180} INFO - Setting next_dagrun for train_weather_pred to 2025-07-22 00:00:00+00:00, run_after=2025-07-23 00:00:00+00:00
[2025-07-22T09:23:32.970+0000] {processor.py:208} INFO - Processing /opt/airflow/dags/train_weather_pred.py took 3.442 seconds
[2025-07-22T09:24:04.896+0000] {processor.py:186} INFO - Started process (PID=37639) to work on /opt/airflow/dags/train_weather_pred.py
[2025-07-22T09:24:04.897+0000] {processor.py:914} INFO - Processing file /opt/airflow/dags/train_weather_pred.py for tasks to queue
[2025-07-22T09:24:04.899+0000] {logging_mixin.py:190} INFO - [2025-07-22T09:24:04.899+0000] {dagbag.py:588} INFO - Filling up the DagBag from /opt/airflow/dags/train_weather_pred.py
[2025-07-22T09:24:08.247+0000] {processor.py:925} INFO - DAG(s) 'train_weather_pred' retrieved from /opt/airflow/dags/train_weather_pred.py
[2025-07-22T09:24:08.266+0000] {logging_mixin.py:190} INFO - [2025-07-22T09:24:08.265+0000] {dag.py:3239} INFO - Sync 1 DAGs
[2025-07-22T09:24:08.286+0000] {logging_mixin.py:190} INFO - [2025-07-22T09:24:08.286+0000] {dag.py:4180} INFO - Setting next_dagrun for train_weather_pred to 2025-07-22 00:00:00+00:00, run_after=2025-07-23 00:00:00+00:00
[2025-07-22T09:24:08.301+0000] {processor.py:208} INFO - Processing /opt/airflow/dags/train_weather_pred.py took 3.413 seconds
[2025-07-22T09:24:40.312+0000] {processor.py:186} INFO - Started process (PID=37756) to work on /opt/airflow/dags/train_weather_pred.py
[2025-07-22T09:24:40.314+0000] {processor.py:914} INFO - Processing file /opt/airflow/dags/train_weather_pred.py for tasks to queue
[2025-07-22T09:24:40.317+0000] {logging_mixin.py:190} INFO - [2025-07-22T09:24:40.316+0000] {dagbag.py:588} INFO - Filling up the DagBag from /opt/airflow/dags/train_weather_pred.py
[2025-07-22T09:24:43.548+0000] {processor.py:925} INFO - DAG(s) 'train_weather_pred' retrieved from /opt/airflow/dags/train_weather_pred.py
[2025-07-22T09:24:43.568+0000] {logging_mixin.py:190} INFO - [2025-07-22T09:24:43.568+0000] {dag.py:3239} INFO - Sync 1 DAGs
[2025-07-22T09:24:43.585+0000] {logging_mixin.py:190} INFO - [2025-07-22T09:24:43.585+0000] {dag.py:4180} INFO - Setting next_dagrun for train_weather_pred to 2025-07-22 00:00:00+00:00, run_after=2025-07-23 00:00:00+00:00
[2025-07-22T09:24:43.600+0000] {processor.py:208} INFO - Processing /opt/airflow/dags/train_weather_pred.py took 3.294 seconds
[2025-07-22T09:25:15.716+0000] {processor.py:186} INFO - Started process (PID=37860) to work on /opt/airflow/dags/train_weather_pred.py
[2025-07-22T09:25:15.717+0000] {processor.py:914} INFO - Processing file /opt/airflow/dags/train_weather_pred.py for tasks to queue
[2025-07-22T09:25:15.720+0000] {logging_mixin.py:190} INFO - [2025-07-22T09:25:15.719+0000] {dagbag.py:588} INFO - Filling up the DagBag from /opt/airflow/dags/train_weather_pred.py
[2025-07-22T09:25:19.035+0000] {processor.py:925} INFO - DAG(s) 'train_weather_pred' retrieved from /opt/airflow/dags/train_weather_pred.py
[2025-07-22T09:25:19.056+0000] {logging_mixin.py:190} INFO - [2025-07-22T09:25:19.056+0000] {dag.py:3239} INFO - Sync 1 DAGs
[2025-07-22T09:25:19.075+0000] {logging_mixin.py:190} INFO - [2025-07-22T09:25:19.074+0000] {dag.py:4180} INFO - Setting next_dagrun for train_weather_pred to 2025-07-22 00:00:00+00:00, run_after=2025-07-23 00:00:00+00:00
[2025-07-22T09:25:19.091+0000] {processor.py:208} INFO - Processing /opt/airflow/dags/train_weather_pred.py took 3.383 seconds
[2025-07-22T09:25:50.972+0000] {processor.py:186} INFO - Started process (PID=37958) to work on /opt/airflow/dags/train_weather_pred.py
[2025-07-22T09:25:50.974+0000] {processor.py:914} INFO - Processing file /opt/airflow/dags/train_weather_pred.py for tasks to queue
[2025-07-22T09:25:50.977+0000] {logging_mixin.py:190} INFO - [2025-07-22T09:25:50.976+0000] {dagbag.py:588} INFO - Filling up the DagBag from /opt/airflow/dags/train_weather_pred.py
[2025-07-22T09:25:54.133+0000] {processor.py:925} INFO - DAG(s) 'train_weather_pred' retrieved from /opt/airflow/dags/train_weather_pred.py
[2025-07-22T09:25:54.153+0000] {logging_mixin.py:190} INFO - [2025-07-22T09:25:54.152+0000] {dag.py:3239} INFO - Sync 1 DAGs
[2025-07-22T09:25:54.169+0000] {logging_mixin.py:190} INFO - [2025-07-22T09:25:54.169+0000] {dag.py:4180} INFO - Setting next_dagrun for train_weather_pred to 2025-07-22 00:00:00+00:00, run_after=2025-07-23 00:00:00+00:00
[2025-07-22T09:25:54.184+0000] {processor.py:208} INFO - Processing /opt/airflow/dags/train_weather_pred.py took 3.218 seconds
[2025-07-22T09:26:25.876+0000] {processor.py:186} INFO - Started process (PID=38056) to work on /opt/airflow/dags/train_weather_pred.py
[2025-07-22T09:26:25.877+0000] {processor.py:914} INFO - Processing file /opt/airflow/dags/train_weather_pred.py for tasks to queue
[2025-07-22T09:26:25.880+0000] {logging_mixin.py:190} INFO - [2025-07-22T09:26:25.880+0000] {dagbag.py:588} INFO - Filling up the DagBag from /opt/airflow/dags/train_weather_pred.py
[2025-07-22T09:26:29.126+0000] {processor.py:925} INFO - DAG(s) 'train_weather_pred' retrieved from /opt/airflow/dags/train_weather_pred.py
[2025-07-22T09:26:29.147+0000] {logging_mixin.py:190} INFO - [2025-07-22T09:26:29.146+0000] {dag.py:3239} INFO - Sync 1 DAGs
[2025-07-22T09:26:29.164+0000] {logging_mixin.py:190} INFO - [2025-07-22T09:26:29.164+0000] {dag.py:4180} INFO - Setting next_dagrun for train_weather_pred to 2025-07-22 00:00:00+00:00, run_after=2025-07-23 00:00:00+00:00
[2025-07-22T09:26:29.182+0000] {processor.py:208} INFO - Processing /opt/airflow/dags/train_weather_pred.py took 3.313 seconds
[2025-07-22T09:27:00.350+0000] {processor.py:186} INFO - Started process (PID=38154) to work on /opt/airflow/dags/train_weather_pred.py
[2025-07-22T09:27:00.352+0000] {processor.py:914} INFO - Processing file /opt/airflow/dags/train_weather_pred.py for tasks to queue
[2025-07-22T09:27:00.355+0000] {logging_mixin.py:190} INFO - [2025-07-22T09:27:00.354+0000] {dagbag.py:588} INFO - Filling up the DagBag from /opt/airflow/dags/train_weather_pred.py
[2025-07-22T09:27:03.784+0000] {processor.py:925} INFO - DAG(s) 'train_weather_pred' retrieved from /opt/airflow/dags/train_weather_pred.py
[2025-07-22T09:27:03.808+0000] {logging_mixin.py:190} INFO - [2025-07-22T09:27:03.807+0000] {dag.py:3239} INFO - Sync 1 DAGs
[2025-07-22T09:27:03.828+0000] {logging_mixin.py:190} INFO - [2025-07-22T09:27:03.828+0000] {dag.py:4180} INFO - Setting next_dagrun for train_weather_pred to 2025-07-22 00:00:00+00:00, run_after=2025-07-23 00:00:00+00:00
[2025-07-22T09:27:03.845+0000] {processor.py:208} INFO - Processing /opt/airflow/dags/train_weather_pred.py took 3.502 seconds
[2025-07-22T09:27:35.156+0000] {processor.py:186} INFO - Started process (PID=38252) to work on /opt/airflow/dags/train_weather_pred.py
[2025-07-22T09:27:35.157+0000] {processor.py:914} INFO - Processing file /opt/airflow/dags/train_weather_pred.py for tasks to queue
[2025-07-22T09:27:35.160+0000] {logging_mixin.py:190} INFO - [2025-07-22T09:27:35.160+0000] {dagbag.py:588} INFO - Filling up the DagBag from /opt/airflow/dags/train_weather_pred.py
[2025-07-22T09:27:38.550+0000] {processor.py:925} INFO - DAG(s) 'train_weather_pred' retrieved from /opt/airflow/dags/train_weather_pred.py
[2025-07-22T09:27:38.573+0000] {logging_mixin.py:190} INFO - [2025-07-22T09:27:38.572+0000] {dag.py:3239} INFO - Sync 1 DAGs
[2025-07-22T09:27:38.590+0000] {logging_mixin.py:190} INFO - [2025-07-22T09:27:38.590+0000] {dag.py:4180} INFO - Setting next_dagrun for train_weather_pred to 2025-07-22 00:00:00+00:00, run_after=2025-07-23 00:00:00+00:00
[2025-07-22T09:27:38.605+0000] {processor.py:208} INFO - Processing /opt/airflow/dags/train_weather_pred.py took 3.456 seconds
[2025-07-22T09:28:09.796+0000] {processor.py:186} INFO - Started process (PID=38350) to work on /opt/airflow/dags/train_weather_pred.py
[2025-07-22T09:28:09.798+0000] {processor.py:914} INFO - Processing file /opt/airflow/dags/train_weather_pred.py for tasks to queue
[2025-07-22T09:28:09.802+0000] {logging_mixin.py:190} INFO - [2025-07-22T09:28:09.802+0000] {dagbag.py:588} INFO - Filling up the DagBag from /opt/airflow/dags/train_weather_pred.py
[2025-07-22T09:28:13.289+0000] {processor.py:925} INFO - DAG(s) 'train_weather_pred' retrieved from /opt/airflow/dags/train_weather_pred.py
[2025-07-22T09:28:13.311+0000] {logging_mixin.py:190} INFO - [2025-07-22T09:28:13.311+0000] {dag.py:3239} INFO - Sync 1 DAGs
[2025-07-22T09:28:13.329+0000] {logging_mixin.py:190} INFO - [2025-07-22T09:28:13.329+0000] {dag.py:4180} INFO - Setting next_dagrun for train_weather_pred to 2025-07-22 00:00:00+00:00, run_after=2025-07-23 00:00:00+00:00
[2025-07-22T09:28:13.347+0000] {processor.py:208} INFO - Processing /opt/airflow/dags/train_weather_pred.py took 3.562 seconds
[2025-07-22T09:28:45.232+0000] {processor.py:186} INFO - Started process (PID=38454) to work on /opt/airflow/dags/train_weather_pred.py
[2025-07-22T09:28:45.233+0000] {processor.py:914} INFO - Processing file /opt/airflow/dags/train_weather_pred.py for tasks to queue
[2025-07-22T09:28:45.236+0000] {logging_mixin.py:190} INFO - [2025-07-22T09:28:45.235+0000] {dagbag.py:588} INFO - Filling up the DagBag from /opt/airflow/dags/train_weather_pred.py
[2025-07-22T09:28:48.552+0000] {processor.py:925} INFO - DAG(s) 'train_weather_pred' retrieved from /opt/airflow/dags/train_weather_pred.py
[2025-07-22T09:28:48.573+0000] {logging_mixin.py:190} INFO - [2025-07-22T09:28:48.573+0000] {dag.py:3239} INFO - Sync 1 DAGs
[2025-07-22T09:28:48.592+0000] {logging_mixin.py:190} INFO - [2025-07-22T09:28:48.591+0000] {dag.py:4180} INFO - Setting next_dagrun for train_weather_pred to 2025-07-22 00:00:00+00:00, run_after=2025-07-23 00:00:00+00:00
[2025-07-22T09:28:48.608+0000] {processor.py:208} INFO - Processing /opt/airflow/dags/train_weather_pred.py took 3.383 seconds
[2025-07-22T09:29:20.505+0000] {processor.py:186} INFO - Started process (PID=38552) to work on /opt/airflow/dags/train_weather_pred.py
[2025-07-22T09:29:20.506+0000] {processor.py:914} INFO - Processing file /opt/airflow/dags/train_weather_pred.py for tasks to queue
[2025-07-22T09:29:20.509+0000] {logging_mixin.py:190} INFO - [2025-07-22T09:29:20.509+0000] {dagbag.py:588} INFO - Filling up the DagBag from /opt/airflow/dags/train_weather_pred.py
[2025-07-22T09:29:23.961+0000] {processor.py:925} INFO - DAG(s) 'train_weather_pred' retrieved from /opt/airflow/dags/train_weather_pred.py
[2025-07-22T09:29:23.983+0000] {logging_mixin.py:190} INFO - [2025-07-22T09:29:23.983+0000] {dag.py:3239} INFO - Sync 1 DAGs
[2025-07-22T09:29:24.001+0000] {logging_mixin.py:190} INFO - [2025-07-22T09:29:24.001+0000] {dag.py:4180} INFO - Setting next_dagrun for train_weather_pred to 2025-07-22 00:00:00+00:00, run_after=2025-07-23 00:00:00+00:00
[2025-07-22T09:29:24.017+0000] {processor.py:208} INFO - Processing /opt/airflow/dags/train_weather_pred.py took 3.521 seconds
[2025-07-22T09:29:55.127+0000] {processor.py:186} INFO - Started process (PID=38631) to work on /opt/airflow/dags/train_weather_pred.py
[2025-07-22T09:29:55.128+0000] {processor.py:914} INFO - Processing file /opt/airflow/dags/train_weather_pred.py for tasks to queue
[2025-07-22T09:29:55.131+0000] {logging_mixin.py:190} INFO - [2025-07-22T09:29:55.130+0000] {dagbag.py:588} INFO - Filling up the DagBag from /opt/airflow/dags/train_weather_pred.py
[2025-07-22T09:29:58.711+0000] {processor.py:925} INFO - DAG(s) 'train_weather_pred' retrieved from /opt/airflow/dags/train_weather_pred.py
[2025-07-22T09:29:58.731+0000] {logging_mixin.py:190} INFO - [2025-07-22T09:29:58.731+0000] {dag.py:3239} INFO - Sync 1 DAGs
[2025-07-22T09:29:58.750+0000] {logging_mixin.py:190} INFO - [2025-07-22T09:29:58.750+0000] {dag.py:4180} INFO - Setting next_dagrun for train_weather_pred to 2025-07-22 00:00:00+00:00, run_after=2025-07-23 00:00:00+00:00
[2025-07-22T09:29:58.766+0000] {processor.py:208} INFO - Processing /opt/airflow/dags/train_weather_pred.py took 3.646 seconds
[2025-07-22T09:30:30.190+0000] {processor.py:186} INFO - Started process (PID=38729) to work on /opt/airflow/dags/train_weather_pred.py
[2025-07-22T09:30:30.192+0000] {processor.py:914} INFO - Processing file /opt/airflow/dags/train_weather_pred.py for tasks to queue
[2025-07-22T09:30:30.196+0000] {logging_mixin.py:190} INFO - [2025-07-22T09:30:30.196+0000] {dagbag.py:588} INFO - Filling up the DagBag from /opt/airflow/dags/train_weather_pred.py
[2025-07-22T09:30:33.710+0000] {processor.py:925} INFO - DAG(s) 'train_weather_pred' retrieved from /opt/airflow/dags/train_weather_pred.py
[2025-07-22T09:30:33.733+0000] {logging_mixin.py:190} INFO - [2025-07-22T09:30:33.733+0000] {dag.py:3239} INFO - Sync 1 DAGs
[2025-07-22T09:30:33.752+0000] {logging_mixin.py:190} INFO - [2025-07-22T09:30:33.752+0000] {dag.py:4180} INFO - Setting next_dagrun for train_weather_pred to 2025-07-22 00:00:00+00:00, run_after=2025-07-23 00:00:00+00:00
[2025-07-22T09:30:33.767+0000] {processor.py:208} INFO - Processing /opt/airflow/dags/train_weather_pred.py took 3.587 seconds
[2025-07-22T09:31:05.437+0000] {processor.py:186} INFO - Started process (PID=38827) to work on /opt/airflow/dags/train_weather_pred.py
[2025-07-22T09:31:05.438+0000] {processor.py:914} INFO - Processing file /opt/airflow/dags/train_weather_pred.py for tasks to queue
[2025-07-22T09:31:05.440+0000] {logging_mixin.py:190} INFO - [2025-07-22T09:31:05.440+0000] {dagbag.py:588} INFO - Filling up the DagBag from /opt/airflow/dags/train_weather_pred.py
[2025-07-22T09:31:08.685+0000] {processor.py:925} INFO - DAG(s) 'train_weather_pred' retrieved from /opt/airflow/dags/train_weather_pred.py
[2025-07-22T09:31:08.704+0000] {logging_mixin.py:190} INFO - [2025-07-22T09:31:08.704+0000] {dag.py:3239} INFO - Sync 1 DAGs
[2025-07-22T09:31:08.722+0000] {logging_mixin.py:190} INFO - [2025-07-22T09:31:08.722+0000] {dag.py:4180} INFO - Setting next_dagrun for train_weather_pred to 2025-07-22 00:00:00+00:00, run_after=2025-07-23 00:00:00+00:00
[2025-07-22T09:31:08.737+0000] {processor.py:208} INFO - Processing /opt/airflow/dags/train_weather_pred.py took 3.306 seconds
[2025-07-22T09:31:40.622+0000] {processor.py:186} INFO - Started process (PID=38925) to work on /opt/airflow/dags/train_weather_pred.py
[2025-07-22T09:31:40.623+0000] {processor.py:914} INFO - Processing file /opt/airflow/dags/train_weather_pred.py for tasks to queue
[2025-07-22T09:31:40.626+0000] {logging_mixin.py:190} INFO - [2025-07-22T09:31:40.625+0000] {dagbag.py:588} INFO - Filling up the DagBag from /opt/airflow/dags/train_weather_pred.py
[2025-07-22T09:31:43.948+0000] {processor.py:925} INFO - DAG(s) 'train_weather_pred' retrieved from /opt/airflow/dags/train_weather_pred.py
[2025-07-22T09:31:43.969+0000] {logging_mixin.py:190} INFO - [2025-07-22T09:31:43.969+0000] {dag.py:3239} INFO - Sync 1 DAGs
[2025-07-22T09:31:43.986+0000] {logging_mixin.py:190} INFO - [2025-07-22T09:31:43.986+0000] {dag.py:4180} INFO - Setting next_dagrun for train_weather_pred to 2025-07-22 00:00:00+00:00, run_after=2025-07-23 00:00:00+00:00
[2025-07-22T09:31:44.003+0000] {processor.py:208} INFO - Processing /opt/airflow/dags/train_weather_pred.py took 3.387 seconds
[2025-07-22T09:32:15.881+0000] {processor.py:186} INFO - Started process (PID=39029) to work on /opt/airflow/dags/train_weather_pred.py
[2025-07-22T09:32:15.882+0000] {processor.py:914} INFO - Processing file /opt/airflow/dags/train_weather_pred.py for tasks to queue
[2025-07-22T09:32:15.885+0000] {logging_mixin.py:190} INFO - [2025-07-22T09:32:15.884+0000] {dagbag.py:588} INFO - Filling up the DagBag from /opt/airflow/dags/train_weather_pred.py
[2025-07-22T09:32:19.309+0000] {processor.py:925} INFO - DAG(s) 'train_weather_pred' retrieved from /opt/airflow/dags/train_weather_pred.py
[2025-07-22T09:32:19.335+0000] {logging_mixin.py:190} INFO - [2025-07-22T09:32:19.334+0000] {dag.py:3239} INFO - Sync 1 DAGs
[2025-07-22T09:32:19.355+0000] {logging_mixin.py:190} INFO - [2025-07-22T09:32:19.354+0000] {dag.py:4180} INFO - Setting next_dagrun for train_weather_pred to 2025-07-22 00:00:00+00:00, run_after=2025-07-23 00:00:00+00:00
[2025-07-22T09:32:19.372+0000] {processor.py:208} INFO - Processing /opt/airflow/dags/train_weather_pred.py took 3.496 seconds
[2025-07-22T09:32:51.229+0000] {processor.py:186} INFO - Started process (PID=39127) to work on /opt/airflow/dags/train_weather_pred.py
[2025-07-22T09:32:51.230+0000] {processor.py:914} INFO - Processing file /opt/airflow/dags/train_weather_pred.py for tasks to queue
[2025-07-22T09:32:51.233+0000] {logging_mixin.py:190} INFO - [2025-07-22T09:32:51.232+0000] {dagbag.py:588} INFO - Filling up the DagBag from /opt/airflow/dags/train_weather_pred.py
[2025-07-22T09:32:54.492+0000] {processor.py:925} INFO - DAG(s) 'train_weather_pred' retrieved from /opt/airflow/dags/train_weather_pred.py
[2025-07-22T09:32:54.514+0000] {logging_mixin.py:190} INFO - [2025-07-22T09:32:54.513+0000] {dag.py:3239} INFO - Sync 1 DAGs
[2025-07-22T09:32:54.533+0000] {logging_mixin.py:190} INFO - [2025-07-22T09:32:54.532+0000] {dag.py:4180} INFO - Setting next_dagrun for train_weather_pred to 2025-07-22 00:00:00+00:00, run_after=2025-07-23 00:00:00+00:00
[2025-07-22T09:32:54.548+0000] {processor.py:208} INFO - Processing /opt/airflow/dags/train_weather_pred.py took 3.324 seconds
[2025-07-22T09:33:26.433+0000] {processor.py:186} INFO - Started process (PID=39225) to work on /opt/airflow/dags/train_weather_pred.py
[2025-07-22T09:33:26.434+0000] {processor.py:914} INFO - Processing file /opt/airflow/dags/train_weather_pred.py for tasks to queue
[2025-07-22T09:33:26.436+0000] {logging_mixin.py:190} INFO - [2025-07-22T09:33:26.436+0000] {dagbag.py:588} INFO - Filling up the DagBag from /opt/airflow/dags/train_weather_pred.py
[2025-07-22T09:33:29.698+0000] {processor.py:925} INFO - DAG(s) 'train_weather_pred' retrieved from /opt/airflow/dags/train_weather_pred.py
[2025-07-22T09:33:29.720+0000] {logging_mixin.py:190} INFO - [2025-07-22T09:33:29.720+0000] {dag.py:3239} INFO - Sync 1 DAGs
[2025-07-22T09:33:29.737+0000] {logging_mixin.py:190} INFO - [2025-07-22T09:33:29.737+0000] {dag.py:4180} INFO - Setting next_dagrun for train_weather_pred to 2025-07-22 00:00:00+00:00, run_after=2025-07-23 00:00:00+00:00
[2025-07-22T09:33:29.753+0000] {processor.py:208} INFO - Processing /opt/airflow/dags/train_weather_pred.py took 3.327 seconds
[2025-07-22T09:34:01.740+0000] {processor.py:186} INFO - Started process (PID=39323) to work on /opt/airflow/dags/train_weather_pred.py
[2025-07-22T09:34:01.741+0000] {processor.py:914} INFO - Processing file /opt/airflow/dags/train_weather_pred.py for tasks to queue
[2025-07-22T09:34:01.743+0000] {logging_mixin.py:190} INFO - [2025-07-22T09:34:01.743+0000] {dagbag.py:588} INFO - Filling up the DagBag from /opt/airflow/dags/train_weather_pred.py
[2025-07-22T09:34:04.976+0000] {processor.py:925} INFO - DAG(s) 'train_weather_pred' retrieved from /opt/airflow/dags/train_weather_pred.py
[2025-07-22T09:34:04.998+0000] {logging_mixin.py:190} INFO - [2025-07-22T09:34:04.997+0000] {dag.py:3239} INFO - Sync 1 DAGs
[2025-07-22T09:34:05.015+0000] {logging_mixin.py:190} INFO - [2025-07-22T09:34:05.015+0000] {dag.py:4180} INFO - Setting next_dagrun for train_weather_pred to 2025-07-22 00:00:00+00:00, run_after=2025-07-23 00:00:00+00:00
[2025-07-22T09:34:05.028+0000] {processor.py:208} INFO - Processing /opt/airflow/dags/train_weather_pred.py took 3.294 seconds
[2025-07-22T09:34:36.088+0000] {processor.py:186} INFO - Started process (PID=39421) to work on /opt/airflow/dags/train_weather_pred.py
[2025-07-22T09:34:36.089+0000] {processor.py:914} INFO - Processing file /opt/airflow/dags/train_weather_pred.py for tasks to queue
[2025-07-22T09:34:36.091+0000] {logging_mixin.py:190} INFO - [2025-07-22T09:34:36.090+0000] {dagbag.py:588} INFO - Filling up the DagBag from /opt/airflow/dags/train_weather_pred.py
[2025-07-22T09:34:39.301+0000] {processor.py:925} INFO - DAG(s) 'train_weather_pred' retrieved from /opt/airflow/dags/train_weather_pred.py
[2025-07-22T09:34:39.322+0000] {logging_mixin.py:190} INFO - [2025-07-22T09:34:39.322+0000] {dag.py:3239} INFO - Sync 1 DAGs
[2025-07-22T09:34:39.341+0000] {logging_mixin.py:190} INFO - [2025-07-22T09:34:39.341+0000] {dag.py:4180} INFO - Setting next_dagrun for train_weather_pred to 2025-07-22 00:00:00+00:00, run_after=2025-07-23 00:00:00+00:00
[2025-07-22T09:34:39.355+0000] {processor.py:208} INFO - Processing /opt/airflow/dags/train_weather_pred.py took 3.273 seconds
[2025-07-22T09:35:11.273+0000] {processor.py:186} INFO - Started process (PID=39519) to work on /opt/airflow/dags/train_weather_pred.py
[2025-07-22T09:35:11.274+0000] {processor.py:914} INFO - Processing file /opt/airflow/dags/train_weather_pred.py for tasks to queue
[2025-07-22T09:35:11.276+0000] {logging_mixin.py:190} INFO - [2025-07-22T09:35:11.276+0000] {dagbag.py:588} INFO - Filling up the DagBag from /opt/airflow/dags/train_weather_pred.py
[2025-07-22T09:35:14.458+0000] {processor.py:925} INFO - DAG(s) 'train_weather_pred' retrieved from /opt/airflow/dags/train_weather_pred.py
[2025-07-22T09:35:14.478+0000] {logging_mixin.py:190} INFO - [2025-07-22T09:35:14.477+0000] {dag.py:3239} INFO - Sync 1 DAGs
[2025-07-22T09:35:14.496+0000] {logging_mixin.py:190} INFO - [2025-07-22T09:35:14.496+0000] {dag.py:4180} INFO - Setting next_dagrun for train_weather_pred to 2025-07-22 00:00:00+00:00, run_after=2025-07-23 00:00:00+00:00
[2025-07-22T09:35:14.511+0000] {processor.py:208} INFO - Processing /opt/airflow/dags/train_weather_pred.py took 3.243 seconds
[2025-07-22T09:35:45.616+0000] {processor.py:186} INFO - Started process (PID=39623) to work on /opt/airflow/dags/train_weather_pred.py
[2025-07-22T09:35:45.617+0000] {processor.py:914} INFO - Processing file /opt/airflow/dags/train_weather_pred.py for tasks to queue
[2025-07-22T09:35:45.619+0000] {logging_mixin.py:190} INFO - [2025-07-22T09:35:45.619+0000] {dagbag.py:588} INFO - Filling up the DagBag from /opt/airflow/dags/train_weather_pred.py
[2025-07-22T09:35:48.766+0000] {processor.py:925} INFO - DAG(s) 'train_weather_pred' retrieved from /opt/airflow/dags/train_weather_pred.py
[2025-07-22T09:35:48.788+0000] {logging_mixin.py:190} INFO - [2025-07-22T09:35:48.787+0000] {dag.py:3239} INFO - Sync 1 DAGs
[2025-07-22T09:35:48.806+0000] {logging_mixin.py:190} INFO - [2025-07-22T09:35:48.805+0000] {dag.py:4180} INFO - Setting next_dagrun for train_weather_pred to 2025-07-22 00:00:00+00:00, run_after=2025-07-23 00:00:00+00:00
[2025-07-22T09:35:48.820+0000] {processor.py:208} INFO - Processing /opt/airflow/dags/train_weather_pred.py took 3.210 seconds
[2025-07-22T09:36:19.893+0000] {processor.py:186} INFO - Started process (PID=39721) to work on /opt/airflow/dags/train_weather_pred.py
[2025-07-22T09:36:19.894+0000] {processor.py:914} INFO - Processing file /opt/airflow/dags/train_weather_pred.py for tasks to queue
[2025-07-22T09:36:19.896+0000] {logging_mixin.py:190} INFO - [2025-07-22T09:36:19.895+0000] {dagbag.py:588} INFO - Filling up the DagBag from /opt/airflow/dags/train_weather_pred.py
[2025-07-22T09:36:23.135+0000] {processor.py:925} INFO - DAG(s) 'train_weather_pred' retrieved from /opt/airflow/dags/train_weather_pred.py
[2025-07-22T09:36:23.156+0000] {logging_mixin.py:190} INFO - [2025-07-22T09:36:23.156+0000] {dag.py:3239} INFO - Sync 1 DAGs
[2025-07-22T09:36:23.175+0000] {logging_mixin.py:190} INFO - [2025-07-22T09:36:23.175+0000] {dag.py:4180} INFO - Setting next_dagrun for train_weather_pred to 2025-07-22 00:00:00+00:00, run_after=2025-07-23 00:00:00+00:00
[2025-07-22T09:36:23.189+0000] {processor.py:208} INFO - Processing /opt/airflow/dags/train_weather_pred.py took 3.302 seconds
[2025-07-22T09:36:54.804+0000] {processor.py:186} INFO - Started process (PID=39819) to work on /opt/airflow/dags/train_weather_pred.py
[2025-07-22T09:36:54.805+0000] {processor.py:914} INFO - Processing file /opt/airflow/dags/train_weather_pred.py for tasks to queue
[2025-07-22T09:36:54.807+0000] {logging_mixin.py:190} INFO - [2025-07-22T09:36:54.806+0000] {dagbag.py:588} INFO - Filling up the DagBag from /opt/airflow/dags/train_weather_pred.py
[2025-07-22T09:36:58.052+0000] {processor.py:925} INFO - DAG(s) 'train_weather_pred' retrieved from /opt/airflow/dags/train_weather_pred.py
[2025-07-22T09:36:58.075+0000] {logging_mixin.py:190} INFO - [2025-07-22T09:36:58.074+0000] {dag.py:3239} INFO - Sync 1 DAGs
[2025-07-22T09:36:58.093+0000] {logging_mixin.py:190} INFO - [2025-07-22T09:36:58.092+0000] {dag.py:4180} INFO - Setting next_dagrun for train_weather_pred to 2025-07-22 00:00:00+00:00, run_after=2025-07-23 00:00:00+00:00
[2025-07-22T09:36:58.109+0000] {processor.py:208} INFO - Processing /opt/airflow/dags/train_weather_pred.py took 3.311 seconds
[2025-07-22T09:37:29.858+0000] {processor.py:186} INFO - Started process (PID=39917) to work on /opt/airflow/dags/train_weather_pred.py
[2025-07-22T09:37:29.859+0000] {processor.py:914} INFO - Processing file /opt/airflow/dags/train_weather_pred.py for tasks to queue
[2025-07-22T09:37:29.862+0000] {logging_mixin.py:190} INFO - [2025-07-22T09:37:29.862+0000] {dagbag.py:588} INFO - Filling up the DagBag from /opt/airflow/dags/train_weather_pred.py
[2025-07-22T09:37:33.476+0000] {processor.py:925} INFO - DAG(s) 'train_weather_pred' retrieved from /opt/airflow/dags/train_weather_pred.py
[2025-07-22T09:37:33.498+0000] {logging_mixin.py:190} INFO - [2025-07-22T09:37:33.497+0000] {dag.py:3239} INFO - Sync 1 DAGs
[2025-07-22T09:37:33.515+0000] {logging_mixin.py:190} INFO - [2025-07-22T09:37:33.515+0000] {dag.py:4180} INFO - Setting next_dagrun for train_weather_pred to 2025-07-22 00:00:00+00:00, run_after=2025-07-23 00:00:00+00:00
[2025-07-22T09:37:33.530+0000] {processor.py:208} INFO - Processing /opt/airflow/dags/train_weather_pred.py took 3.678 seconds
[2025-07-22T09:38:04.670+0000] {processor.py:186} INFO - Started process (PID=40015) to work on /opt/airflow/dags/train_weather_pred.py
[2025-07-22T09:38:04.672+0000] {processor.py:914} INFO - Processing file /opt/airflow/dags/train_weather_pred.py for tasks to queue
[2025-07-22T09:38:04.675+0000] {logging_mixin.py:190} INFO - [2025-07-22T09:38:04.675+0000] {dagbag.py:588} INFO - Filling up the DagBag from /opt/airflow/dags/train_weather_pred.py
[2025-07-22T09:38:08.129+0000] {processor.py:925} INFO - DAG(s) 'train_weather_pred' retrieved from /opt/airflow/dags/train_weather_pred.py
[2025-07-22T09:38:08.152+0000] {logging_mixin.py:190} INFO - [2025-07-22T09:38:08.151+0000] {dag.py:3239} INFO - Sync 1 DAGs
[2025-07-22T09:38:08.170+0000] {logging_mixin.py:190} INFO - [2025-07-22T09:38:08.170+0000] {dag.py:4180} INFO - Setting next_dagrun for train_weather_pred to 2025-07-22 00:00:00+00:00, run_after=2025-07-23 00:00:00+00:00
[2025-07-22T09:38:08.188+0000] {processor.py:208} INFO - Processing /opt/airflow/dags/train_weather_pred.py took 3.527 seconds
[2025-07-22T09:38:39.887+0000] {processor.py:186} INFO - Started process (PID=40113) to work on /opt/airflow/dags/train_weather_pred.py
[2025-07-22T09:38:39.888+0000] {processor.py:914} INFO - Processing file /opt/airflow/dags/train_weather_pred.py for tasks to queue
[2025-07-22T09:38:39.890+0000] {logging_mixin.py:190} INFO - [2025-07-22T09:38:39.890+0000] {dagbag.py:588} INFO - Filling up the DagBag from /opt/airflow/dags/train_weather_pred.py
[2025-07-22T09:38:43.198+0000] {processor.py:925} INFO - DAG(s) 'train_weather_pred' retrieved from /opt/airflow/dags/train_weather_pred.py
[2025-07-22T09:38:43.221+0000] {logging_mixin.py:190} INFO - [2025-07-22T09:38:43.220+0000] {dag.py:3239} INFO - Sync 1 DAGs
[2025-07-22T09:38:43.239+0000] {logging_mixin.py:190} INFO - [2025-07-22T09:38:43.239+0000] {dag.py:4180} INFO - Setting next_dagrun for train_weather_pred to 2025-07-22 00:00:00+00:00, run_after=2025-07-23 00:00:00+00:00
[2025-07-22T09:38:43.253+0000] {processor.py:208} INFO - Processing /opt/airflow/dags/train_weather_pred.py took 3.372 seconds
[2025-07-22T09:39:14.296+0000] {processor.py:186} INFO - Started process (PID=40217) to work on /opt/airflow/dags/train_weather_pred.py
[2025-07-22T09:39:14.298+0000] {processor.py:914} INFO - Processing file /opt/airflow/dags/train_weather_pred.py for tasks to queue
[2025-07-22T09:39:14.300+0000] {logging_mixin.py:190} INFO - [2025-07-22T09:39:14.300+0000] {dagbag.py:588} INFO - Filling up the DagBag from /opt/airflow/dags/train_weather_pred.py
[2025-07-22T09:39:17.505+0000] {processor.py:925} INFO - DAG(s) 'train_weather_pred' retrieved from /opt/airflow/dags/train_weather_pred.py
[2025-07-22T09:39:17.526+0000] {logging_mixin.py:190} INFO - [2025-07-22T09:39:17.526+0000] {dag.py:3239} INFO - Sync 1 DAGs
[2025-07-22T09:39:17.545+0000] {logging_mixin.py:190} INFO - [2025-07-22T09:39:17.545+0000] {dag.py:4180} INFO - Setting next_dagrun for train_weather_pred to 2025-07-22 00:00:00+00:00, run_after=2025-07-23 00:00:00+00:00
[2025-07-22T09:39:17.560+0000] {processor.py:208} INFO - Processing /opt/airflow/dags/train_weather_pred.py took 3.269 seconds
[2025-07-22T09:39:48.621+0000] {processor.py:186} INFO - Started process (PID=40315) to work on /opt/airflow/dags/train_weather_pred.py
[2025-07-22T09:39:48.622+0000] {processor.py:914} INFO - Processing file /opt/airflow/dags/train_weather_pred.py for tasks to queue
[2025-07-22T09:39:48.624+0000] {logging_mixin.py:190} INFO - [2025-07-22T09:39:48.624+0000] {dagbag.py:588} INFO - Filling up the DagBag from /opt/airflow/dags/train_weather_pred.py
[2025-07-22T09:39:52.095+0000] {processor.py:925} INFO - DAG(s) 'train_weather_pred' retrieved from /opt/airflow/dags/train_weather_pred.py
[2025-07-22T09:39:52.117+0000] {logging_mixin.py:190} INFO - [2025-07-22T09:39:52.117+0000] {dag.py:3239} INFO - Sync 1 DAGs
[2025-07-22T09:39:52.135+0000] {logging_mixin.py:190} INFO - [2025-07-22T09:39:52.135+0000] {dag.py:4180} INFO - Setting next_dagrun for train_weather_pred to 2025-07-22 00:00:00+00:00, run_after=2025-07-23 00:00:00+00:00
[2025-07-22T09:39:52.151+0000] {processor.py:208} INFO - Processing /opt/airflow/dags/train_weather_pred.py took 3.536 seconds
[2025-07-22T09:40:23.685+0000] {processor.py:186} INFO - Started process (PID=40413) to work on /opt/airflow/dags/train_weather_pred.py
[2025-07-22T09:40:23.686+0000] {processor.py:914} INFO - Processing file /opt/airflow/dags/train_weather_pred.py for tasks to queue
[2025-07-22T09:40:23.688+0000] {logging_mixin.py:190} INFO - [2025-07-22T09:40:23.688+0000] {dagbag.py:588} INFO - Filling up the DagBag from /opt/airflow/dags/train_weather_pred.py
[2025-07-22T09:40:26.957+0000] {processor.py:925} INFO - DAG(s) 'train_weather_pred' retrieved from /opt/airflow/dags/train_weather_pred.py
[2025-07-22T09:40:26.979+0000] {logging_mixin.py:190} INFO - [2025-07-22T09:40:26.979+0000] {dag.py:3239} INFO - Sync 1 DAGs
[2025-07-22T09:40:26.998+0000] {logging_mixin.py:190} INFO - [2025-07-22T09:40:26.998+0000] {dag.py:4180} INFO - Setting next_dagrun for train_weather_pred to 2025-07-22 00:00:00+00:00, run_after=2025-07-23 00:00:00+00:00
[2025-07-22T09:40:27.014+0000] {processor.py:208} INFO - Processing /opt/airflow/dags/train_weather_pred.py took 3.335 seconds
[2025-07-22T09:40:58.814+0000] {processor.py:186} INFO - Started process (PID=40511) to work on /opt/airflow/dags/train_weather_pred.py
[2025-07-22T09:40:58.814+0000] {processor.py:914} INFO - Processing file /opt/airflow/dags/train_weather_pred.py for tasks to queue
[2025-07-22T09:40:58.817+0000] {logging_mixin.py:190} INFO - [2025-07-22T09:40:58.816+0000] {dagbag.py:588} INFO - Filling up the DagBag from /opt/airflow/dags/train_weather_pred.py
[2025-07-22T09:41:02.003+0000] {processor.py:925} INFO - DAG(s) 'train_weather_pred' retrieved from /opt/airflow/dags/train_weather_pred.py
[2025-07-22T09:41:02.025+0000] {logging_mixin.py:190} INFO - [2025-07-22T09:41:02.024+0000] {dag.py:3239} INFO - Sync 1 DAGs
[2025-07-22T09:41:02.044+0000] {logging_mixin.py:190} INFO - [2025-07-22T09:41:02.044+0000] {dag.py:4180} INFO - Setting next_dagrun for train_weather_pred to 2025-07-22 00:00:00+00:00, run_after=2025-07-23 00:00:00+00:00
[2025-07-22T09:41:02.060+0000] {processor.py:208} INFO - Processing /opt/airflow/dags/train_weather_pred.py took 3.251 seconds
[2025-07-22T09:41:33.958+0000] {processor.py:186} INFO - Started process (PID=40609) to work on /opt/airflow/dags/train_weather_pred.py
[2025-07-22T09:41:33.959+0000] {processor.py:914} INFO - Processing file /opt/airflow/dags/train_weather_pred.py for tasks to queue
[2025-07-22T09:41:33.962+0000] {logging_mixin.py:190} INFO - [2025-07-22T09:41:33.961+0000] {dagbag.py:588} INFO - Filling up the DagBag from /opt/airflow/dags/train_weather_pred.py
[2025-07-22T09:41:37.388+0000] {processor.py:925} INFO - DAG(s) 'train_weather_pred' retrieved from /opt/airflow/dags/train_weather_pred.py
[2025-07-22T09:41:37.409+0000] {logging_mixin.py:190} INFO - [2025-07-22T09:41:37.409+0000] {dag.py:3239} INFO - Sync 1 DAGs
[2025-07-22T09:41:37.427+0000] {logging_mixin.py:190} INFO - [2025-07-22T09:41:37.427+0000] {dag.py:4180} INFO - Setting next_dagrun for train_weather_pred to 2025-07-22 00:00:00+00:00, run_after=2025-07-23 00:00:00+00:00
[2025-07-22T09:41:37.443+0000] {processor.py:208} INFO - Processing /opt/airflow/dags/train_weather_pred.py took 3.490 seconds
[2025-07-22T09:42:08.992+0000] {processor.py:186} INFO - Started process (PID=40707) to work on /opt/airflow/dags/train_weather_pred.py
[2025-07-22T09:42:08.993+0000] {processor.py:914} INFO - Processing file /opt/airflow/dags/train_weather_pred.py for tasks to queue
[2025-07-22T09:42:08.997+0000] {logging_mixin.py:190} INFO - [2025-07-22T09:42:08.996+0000] {dagbag.py:588} INFO - Filling up the DagBag from /opt/airflow/dags/train_weather_pred.py
[2025-07-22T09:42:12.332+0000] {processor.py:925} INFO - DAG(s) 'train_weather_pred' retrieved from /opt/airflow/dags/train_weather_pred.py
[2025-07-22T09:42:12.355+0000] {logging_mixin.py:190} INFO - [2025-07-22T09:42:12.354+0000] {dag.py:3239} INFO - Sync 1 DAGs
[2025-07-22T09:42:12.375+0000] {logging_mixin.py:190} INFO - [2025-07-22T09:42:12.375+0000] {dag.py:4180} INFO - Setting next_dagrun for train_weather_pred to 2025-07-22 00:00:00+00:00, run_after=2025-07-23 00:00:00+00:00
[2025-07-22T09:42:12.393+0000] {processor.py:208} INFO - Processing /opt/airflow/dags/train_weather_pred.py took 3.406 seconds
[2025-07-22T09:42:43.920+0000] {processor.py:186} INFO - Started process (PID=40811) to work on /opt/airflow/dags/train_weather_pred.py
[2025-07-22T09:42:43.921+0000] {processor.py:914} INFO - Processing file /opt/airflow/dags/train_weather_pred.py for tasks to queue
[2025-07-22T09:42:43.924+0000] {logging_mixin.py:190} INFO - [2025-07-22T09:42:43.924+0000] {dagbag.py:588} INFO - Filling up the DagBag from /opt/airflow/dags/train_weather_pred.py
[2025-07-22T09:42:47.203+0000] {processor.py:925} INFO - DAG(s) 'train_weather_pred' retrieved from /opt/airflow/dags/train_weather_pred.py
[2025-07-22T09:42:47.225+0000] {logging_mixin.py:190} INFO - [2025-07-22T09:42:47.224+0000] {dag.py:3239} INFO - Sync 1 DAGs
[2025-07-22T09:42:47.244+0000] {logging_mixin.py:190} INFO - [2025-07-22T09:42:47.244+0000] {dag.py:4180} INFO - Setting next_dagrun for train_weather_pred to 2025-07-22 00:00:00+00:00, run_after=2025-07-23 00:00:00+00:00
[2025-07-22T09:42:47.462+0000] {processor.py:208} INFO - Processing /opt/airflow/dags/train_weather_pred.py took 3.549 seconds
[2025-07-22T09:43:18.577+0000] {processor.py:186} INFO - Started process (PID=40909) to work on /opt/airflow/dags/train_weather_pred.py
[2025-07-22T09:43:18.578+0000] {processor.py:914} INFO - Processing file /opt/airflow/dags/train_weather_pred.py for tasks to queue
[2025-07-22T09:43:18.580+0000] {logging_mixin.py:190} INFO - [2025-07-22T09:43:18.580+0000] {dagbag.py:588} INFO - Filling up the DagBag from /opt/airflow/dags/train_weather_pred.py
[2025-07-22T09:43:22.072+0000] {processor.py:925} INFO - DAG(s) 'train_weather_pred' retrieved from /opt/airflow/dags/train_weather_pred.py
[2025-07-22T09:43:22.094+0000] {logging_mixin.py:190} INFO - [2025-07-22T09:43:22.094+0000] {dag.py:3239} INFO - Sync 1 DAGs
[2025-07-22T09:43:22.115+0000] {logging_mixin.py:190} INFO - [2025-07-22T09:43:22.115+0000] {dag.py:4180} INFO - Setting next_dagrun for train_weather_pred to 2025-07-22 00:00:00+00:00, run_after=2025-07-23 00:00:00+00:00
[2025-07-22T09:43:22.131+0000] {processor.py:208} INFO - Processing /opt/airflow/dags/train_weather_pred.py took 3.562 seconds
[2025-07-22T09:43:53.844+0000] {processor.py:186} INFO - Started process (PID=41007) to work on /opt/airflow/dags/train_weather_pred.py
[2025-07-22T09:43:53.845+0000] {processor.py:914} INFO - Processing file /opt/airflow/dags/train_weather_pred.py for tasks to queue
[2025-07-22T09:43:53.847+0000] {logging_mixin.py:190} INFO - [2025-07-22T09:43:53.847+0000] {dagbag.py:588} INFO - Filling up the DagBag from /opt/airflow/dags/train_weather_pred.py
[2025-07-22T09:43:57.205+0000] {processor.py:925} INFO - DAG(s) 'train_weather_pred' retrieved from /opt/airflow/dags/train_weather_pred.py
[2025-07-22T09:43:57.226+0000] {logging_mixin.py:190} INFO - [2025-07-22T09:43:57.226+0000] {dag.py:3239} INFO - Sync 1 DAGs
[2025-07-22T09:43:57.243+0000] {logging_mixin.py:190} INFO - [2025-07-22T09:43:57.243+0000] {dag.py:4180} INFO - Setting next_dagrun for train_weather_pred to 2025-07-22 00:00:00+00:00, run_after=2025-07-23 00:00:00+00:00
[2025-07-22T09:43:57.259+0000] {processor.py:208} INFO - Processing /opt/airflow/dags/train_weather_pred.py took 3.420 seconds
[2025-07-22T09:44:28.295+0000] {processor.py:186} INFO - Started process (PID=41105) to work on /opt/airflow/dags/train_weather_pred.py
[2025-07-22T09:44:28.296+0000] {processor.py:914} INFO - Processing file /opt/airflow/dags/train_weather_pred.py for tasks to queue
[2025-07-22T09:44:28.299+0000] {logging_mixin.py:190} INFO - [2025-07-22T09:44:28.299+0000] {dagbag.py:588} INFO - Filling up the DagBag from /opt/airflow/dags/train_weather_pred.py
[2025-07-22T09:44:31.573+0000] {processor.py:925} INFO - DAG(s) 'train_weather_pred' retrieved from /opt/airflow/dags/train_weather_pred.py
[2025-07-22T09:44:31.596+0000] {logging_mixin.py:190} INFO - [2025-07-22T09:44:31.596+0000] {dag.py:3239} INFO - Sync 1 DAGs
[2025-07-22T09:44:31.615+0000] {logging_mixin.py:190} INFO - [2025-07-22T09:44:31.615+0000] {dag.py:4180} INFO - Setting next_dagrun for train_weather_pred to 2025-07-22 00:00:00+00:00, run_after=2025-07-23 00:00:00+00:00
[2025-07-22T09:44:31.631+0000] {processor.py:208} INFO - Processing /opt/airflow/dags/train_weather_pred.py took 3.341 seconds
[2025-07-22T09:45:03.528+0000] {processor.py:186} INFO - Started process (PID=41203) to work on /opt/airflow/dags/train_weather_pred.py
[2025-07-22T09:45:03.530+0000] {processor.py:914} INFO - Processing file /opt/airflow/dags/train_weather_pred.py for tasks to queue
[2025-07-22T09:45:03.532+0000] {logging_mixin.py:190} INFO - [2025-07-22T09:45:03.531+0000] {dagbag.py:588} INFO - Filling up the DagBag from /opt/airflow/dags/train_weather_pred.py
[2025-07-22T09:45:06.929+0000] {processor.py:925} INFO - DAG(s) 'train_weather_pred' retrieved from /opt/airflow/dags/train_weather_pred.py
[2025-07-22T09:45:06.951+0000] {logging_mixin.py:190} INFO - [2025-07-22T09:45:06.950+0000] {dag.py:3239} INFO - Sync 1 DAGs
[2025-07-22T09:45:06.969+0000] {logging_mixin.py:190} INFO - [2025-07-22T09:45:06.968+0000] {dag.py:4180} INFO - Setting next_dagrun for train_weather_pred to 2025-07-22 00:00:00+00:00, run_after=2025-07-23 00:00:00+00:00
[2025-07-22T09:45:06.984+0000] {processor.py:208} INFO - Processing /opt/airflow/dags/train_weather_pred.py took 3.461 seconds
[2025-07-22T09:45:38.737+0000] {processor.py:186} INFO - Started process (PID=41301) to work on /opt/airflow/dags/train_weather_pred.py
[2025-07-22T09:45:38.738+0000] {processor.py:914} INFO - Processing file /opt/airflow/dags/train_weather_pred.py for tasks to queue
[2025-07-22T09:45:38.741+0000] {logging_mixin.py:190} INFO - [2025-07-22T09:45:38.741+0000] {dagbag.py:588} INFO - Filling up the DagBag from /opt/airflow/dags/train_weather_pred.py
[2025-07-22T09:45:41.889+0000] {processor.py:925} INFO - DAG(s) 'train_weather_pred' retrieved from /opt/airflow/dags/train_weather_pred.py
[2025-07-22T09:45:41.909+0000] {logging_mixin.py:190} INFO - [2025-07-22T09:45:41.908+0000] {dag.py:3239} INFO - Sync 1 DAGs
[2025-07-22T09:45:41.926+0000] {logging_mixin.py:190} INFO - [2025-07-22T09:45:41.926+0000] {dag.py:4180} INFO - Setting next_dagrun for train_weather_pred to 2025-07-22 00:00:00+00:00, run_after=2025-07-23 00:00:00+00:00
[2025-07-22T09:45:42.142+0000] {processor.py:208} INFO - Processing /opt/airflow/dags/train_weather_pred.py took 3.412 seconds
[2025-07-22T09:46:13.120+0000] {processor.py:186} INFO - Started process (PID=41399) to work on /opt/airflow/dags/train_weather_pred.py
[2025-07-22T09:46:13.121+0000] {processor.py:914} INFO - Processing file /opt/airflow/dags/train_weather_pred.py for tasks to queue
[2025-07-22T09:46:13.124+0000] {logging_mixin.py:190} INFO - [2025-07-22T09:46:13.123+0000] {dagbag.py:588} INFO - Filling up the DagBag from /opt/airflow/dags/train_weather_pred.py
[2025-07-22T09:46:16.562+0000] {processor.py:925} INFO - DAG(s) 'train_weather_pred' retrieved from /opt/airflow/dags/train_weather_pred.py
[2025-07-22T09:46:16.598+0000] {logging_mixin.py:190} INFO - [2025-07-22T09:46:16.595+0000] {dag.py:3239} INFO - Sync 1 DAGs
[2025-07-22T09:46:16.651+0000] {logging_mixin.py:190} INFO - [2025-07-22T09:46:16.651+0000] {dag.py:4180} INFO - Setting next_dagrun for train_weather_pred to 2025-07-22 00:00:00+00:00, run_after=2025-07-23 00:00:00+00:00
[2025-07-22T09:46:16.682+0000] {processor.py:208} INFO - Processing /opt/airflow/dags/train_weather_pred.py took 3.569 seconds
[2025-07-22T09:46:47.808+0000] {processor.py:186} INFO - Started process (PID=41503) to work on /opt/airflow/dags/train_weather_pred.py
[2025-07-22T09:46:47.809+0000] {processor.py:914} INFO - Processing file /opt/airflow/dags/train_weather_pred.py for tasks to queue
[2025-07-22T09:46:47.811+0000] {logging_mixin.py:190} INFO - [2025-07-22T09:46:47.811+0000] {dagbag.py:588} INFO - Filling up the DagBag from /opt/airflow/dags/train_weather_pred.py
[2025-07-22T09:46:51.443+0000] {processor.py:925} INFO - DAG(s) 'train_weather_pred' retrieved from /opt/airflow/dags/train_weather_pred.py
[2025-07-22T09:46:51.465+0000] {logging_mixin.py:190} INFO - [2025-07-22T09:46:51.464+0000] {dag.py:3239} INFO - Sync 1 DAGs
[2025-07-22T09:46:51.484+0000] {logging_mixin.py:190} INFO - [2025-07-22T09:46:51.484+0000] {dag.py:4180} INFO - Setting next_dagrun for train_weather_pred to 2025-07-22 00:00:00+00:00, run_after=2025-07-23 00:00:00+00:00
[2025-07-22T09:46:51.522+0000] {processor.py:208} INFO - Processing /opt/airflow/dags/train_weather_pred.py took 3.722 seconds
[2025-07-22T09:47:23.267+0000] {processor.py:186} INFO - Started process (PID=41601) to work on /opt/airflow/dags/train_weather_pred.py
[2025-07-22T09:47:23.268+0000] {processor.py:914} INFO - Processing file /opt/airflow/dags/train_weather_pred.py for tasks to queue
[2025-07-22T09:47:23.270+0000] {logging_mixin.py:190} INFO - [2025-07-22T09:47:23.270+0000] {dagbag.py:588} INFO - Filling up the DagBag from /opt/airflow/dags/train_weather_pred.py
[2025-07-22T09:47:26.581+0000] {processor.py:925} INFO - DAG(s) 'train_weather_pred' retrieved from /opt/airflow/dags/train_weather_pred.py
[2025-07-22T09:47:26.604+0000] {logging_mixin.py:190} INFO - [2025-07-22T09:47:26.603+0000] {dag.py:3239} INFO - Sync 1 DAGs
[2025-07-22T09:47:26.621+0000] {logging_mixin.py:190} INFO - [2025-07-22T09:47:26.621+0000] {dag.py:4180} INFO - Setting next_dagrun for train_weather_pred to 2025-07-22 00:00:00+00:00, run_after=2025-07-23 00:00:00+00:00
[2025-07-22T09:47:26.636+0000] {processor.py:208} INFO - Processing /opt/airflow/dags/train_weather_pred.py took 3.374 seconds
[2025-07-22T09:47:58.541+0000] {processor.py:186} INFO - Started process (PID=41700) to work on /opt/airflow/dags/train_weather_pred.py
[2025-07-22T09:47:58.542+0000] {processor.py:914} INFO - Processing file /opt/airflow/dags/train_weather_pred.py for tasks to queue
[2025-07-22T09:47:58.544+0000] {logging_mixin.py:190} INFO - [2025-07-22T09:47:58.543+0000] {dagbag.py:588} INFO - Filling up the DagBag from /opt/airflow/dags/train_weather_pred.py
[2025-07-22T09:48:01.977+0000] {processor.py:925} INFO - DAG(s) 'train_weather_pred' retrieved from /opt/airflow/dags/train_weather_pred.py
[2025-07-22T09:48:02.003+0000] {logging_mixin.py:190} INFO - [2025-07-22T09:48:02.002+0000] {dag.py:3239} INFO - Sync 1 DAGs
[2025-07-22T09:48:02.023+0000] {logging_mixin.py:190} INFO - [2025-07-22T09:48:02.023+0000] {dag.py:4180} INFO - Setting next_dagrun for train_weather_pred to 2025-07-22 00:00:00+00:00, run_after=2025-07-23 00:00:00+00:00
[2025-07-22T09:48:02.044+0000] {processor.py:208} INFO - Processing /opt/airflow/dags/train_weather_pred.py took 3.508 seconds
[2025-07-22T09:48:33.543+0000] {processor.py:186} INFO - Started process (PID=41798) to work on /opt/airflow/dags/train_weather_pred.py
[2025-07-22T09:48:33.544+0000] {processor.py:914} INFO - Processing file /opt/airflow/dags/train_weather_pred.py for tasks to queue
[2025-07-22T09:48:33.546+0000] {logging_mixin.py:190} INFO - [2025-07-22T09:48:33.546+0000] {dagbag.py:588} INFO - Filling up the DagBag from /opt/airflow/dags/train_weather_pred.py
[2025-07-22T09:48:37.037+0000] {processor.py:925} INFO - DAG(s) 'train_weather_pred' retrieved from /opt/airflow/dags/train_weather_pred.py
[2025-07-22T09:48:37.062+0000] {logging_mixin.py:190} INFO - [2025-07-22T09:48:37.061+0000] {dag.py:3239} INFO - Sync 1 DAGs
[2025-07-22T09:48:37.090+0000] {logging_mixin.py:190} INFO - [2025-07-22T09:48:37.090+0000] {dag.py:4180} INFO - Setting next_dagrun for train_weather_pred to 2025-07-22 00:00:00+00:00, run_after=2025-07-23 00:00:00+00:00
[2025-07-22T09:48:37.142+0000] {processor.py:208} INFO - Processing /opt/airflow/dags/train_weather_pred.py took 3.603 seconds
[2025-07-22T09:49:08.846+0000] {processor.py:186} INFO - Started process (PID=41896) to work on /opt/airflow/dags/train_weather_pred.py
[2025-07-22T09:49:08.846+0000] {processor.py:914} INFO - Processing file /opt/airflow/dags/train_weather_pred.py for tasks to queue
[2025-07-22T09:49:08.848+0000] {logging_mixin.py:190} INFO - [2025-07-22T09:49:08.848+0000] {dagbag.py:588} INFO - Filling up the DagBag from /opt/airflow/dags/train_weather_pred.py
[2025-07-22T09:49:12.145+0000] {processor.py:925} INFO - DAG(s) 'train_weather_pred' retrieved from /opt/airflow/dags/train_weather_pred.py
[2025-07-22T09:49:12.167+0000] {logging_mixin.py:190} INFO - [2025-07-22T09:49:12.167+0000] {dag.py:3239} INFO - Sync 1 DAGs
[2025-07-22T09:49:12.187+0000] {logging_mixin.py:190} INFO - [2025-07-22T09:49:12.187+0000] {dag.py:4180} INFO - Setting next_dagrun for train_weather_pred to 2025-07-22 00:00:00+00:00, run_after=2025-07-23 00:00:00+00:00
[2025-07-22T09:49:12.213+0000] {processor.py:208} INFO - Processing /opt/airflow/dags/train_weather_pred.py took 3.372 seconds
[2025-07-22T09:49:43.313+0000] {processor.py:186} INFO - Started process (PID=41994) to work on /opt/airflow/dags/train_weather_pred.py
[2025-07-22T09:49:43.314+0000] {processor.py:914} INFO - Processing file /opt/airflow/dags/train_weather_pred.py for tasks to queue
[2025-07-22T09:49:43.316+0000] {logging_mixin.py:190} INFO - [2025-07-22T09:49:43.316+0000] {dagbag.py:588} INFO - Filling up the DagBag from /opt/airflow/dags/train_weather_pred.py
[2025-07-22T09:49:46.421+0000] {processor.py:925} INFO - DAG(s) 'train_weather_pred' retrieved from /opt/airflow/dags/train_weather_pred.py
[2025-07-22T09:49:46.442+0000] {logging_mixin.py:190} INFO - [2025-07-22T09:49:46.442+0000] {dag.py:3239} INFO - Sync 1 DAGs
[2025-07-22T09:49:46.459+0000] {logging_mixin.py:190} INFO - [2025-07-22T09:49:46.458+0000] {dag.py:4180} INFO - Setting next_dagrun for train_weather_pred to 2025-07-22 00:00:00+00:00, run_after=2025-07-23 00:00:00+00:00
[2025-07-22T09:49:46.472+0000] {processor.py:208} INFO - Processing /opt/airflow/dags/train_weather_pred.py took 3.164 seconds
[2025-07-22T09:50:18.455+0000] {processor.py:186} INFO - Started process (PID=42098) to work on /opt/airflow/dags/train_weather_pred.py
[2025-07-22T09:50:18.456+0000] {processor.py:914} INFO - Processing file /opt/airflow/dags/train_weather_pred.py for tasks to queue
[2025-07-22T09:50:18.458+0000] {logging_mixin.py:190} INFO - [2025-07-22T09:50:18.458+0000] {dagbag.py:588} INFO - Filling up the DagBag from /opt/airflow/dags/train_weather_pred.py
[2025-07-22T09:50:21.984+0000] {processor.py:925} INFO - DAG(s) 'train_weather_pred' retrieved from /opt/airflow/dags/train_weather_pred.py
[2025-07-22T09:50:22.005+0000] {logging_mixin.py:190} INFO - [2025-07-22T09:50:22.005+0000] {dag.py:3239} INFO - Sync 1 DAGs
[2025-07-22T09:50:22.025+0000] {logging_mixin.py:190} INFO - [2025-07-22T09:50:22.025+0000] {dag.py:4180} INFO - Setting next_dagrun for train_weather_pred to 2025-07-22 00:00:00+00:00, run_after=2025-07-23 00:00:00+00:00
[2025-07-22T09:50:22.041+0000] {processor.py:208} INFO - Processing /opt/airflow/dags/train_weather_pred.py took 3.601 seconds
[2025-07-22T09:50:53.466+0000] {processor.py:186} INFO - Started process (PID=42196) to work on /opt/airflow/dags/train_weather_pred.py
[2025-07-22T09:50:53.467+0000] {processor.py:914} INFO - Processing file /opt/airflow/dags/train_weather_pred.py for tasks to queue
[2025-07-22T09:50:53.469+0000] {logging_mixin.py:190} INFO - [2025-07-22T09:50:53.469+0000] {dagbag.py:588} INFO - Filling up the DagBag from /opt/airflow/dags/train_weather_pred.py
[2025-07-22T09:50:56.636+0000] {processor.py:925} INFO - DAG(s) 'train_weather_pred' retrieved from /opt/airflow/dags/train_weather_pred.py
[2025-07-22T09:50:56.657+0000] {logging_mixin.py:190} INFO - [2025-07-22T09:50:56.656+0000] {dag.py:3239} INFO - Sync 1 DAGs
[2025-07-22T09:50:56.675+0000] {logging_mixin.py:190} INFO - [2025-07-22T09:50:56.675+0000] {dag.py:4180} INFO - Setting next_dagrun for train_weather_pred to 2025-07-22 00:00:00+00:00, run_after=2025-07-23 00:00:00+00:00
[2025-07-22T09:50:56.690+0000] {processor.py:208} INFO - Processing /opt/airflow/dags/train_weather_pred.py took 3.229 seconds
[2025-07-22T09:51:27.790+0000] {processor.py:186} INFO - Started process (PID=42294) to work on /opt/airflow/dags/train_weather_pred.py
[2025-07-22T09:51:27.791+0000] {processor.py:914} INFO - Processing file /opt/airflow/dags/train_weather_pred.py for tasks to queue
[2025-07-22T09:51:27.793+0000] {logging_mixin.py:190} INFO - [2025-07-22T09:51:27.793+0000] {dagbag.py:588} INFO - Filling up the DagBag from /opt/airflow/dags/train_weather_pred.py
[2025-07-22T09:51:31.132+0000] {processor.py:925} INFO - DAG(s) 'train_weather_pred' retrieved from /opt/airflow/dags/train_weather_pred.py
[2025-07-22T09:51:31.153+0000] {logging_mixin.py:190} INFO - [2025-07-22T09:51:31.153+0000] {dag.py:3239} INFO - Sync 1 DAGs
[2025-07-22T09:51:31.172+0000] {logging_mixin.py:190} INFO - [2025-07-22T09:51:31.171+0000] {dag.py:4180} INFO - Setting next_dagrun for train_weather_pred to 2025-07-22 00:00:00+00:00, run_after=2025-07-23 00:00:00+00:00
[2025-07-22T09:51:31.186+0000] {processor.py:208} INFO - Processing /opt/airflow/dags/train_weather_pred.py took 3.401 seconds
[2025-07-22T09:52:02.624+0000] {processor.py:186} INFO - Started process (PID=42392) to work on /opt/airflow/dags/train_weather_pred.py
[2025-07-22T09:52:02.625+0000] {processor.py:914} INFO - Processing file /opt/airflow/dags/train_weather_pred.py for tasks to queue
[2025-07-22T09:52:02.627+0000] {logging_mixin.py:190} INFO - [2025-07-22T09:52:02.627+0000] {dagbag.py:588} INFO - Filling up the DagBag from /opt/airflow/dags/train_weather_pred.py
[2025-07-22T09:52:05.899+0000] {processor.py:925} INFO - DAG(s) 'train_weather_pred' retrieved from /opt/airflow/dags/train_weather_pred.py
[2025-07-22T09:52:05.921+0000] {logging_mixin.py:190} INFO - [2025-07-22T09:52:05.921+0000] {dag.py:3239} INFO - Sync 1 DAGs
[2025-07-22T09:52:05.939+0000] {logging_mixin.py:190} INFO - [2025-07-22T09:52:05.939+0000] {dag.py:4180} INFO - Setting next_dagrun for train_weather_pred to 2025-07-22 00:00:00+00:00, run_after=2025-07-23 00:00:00+00:00
[2025-07-22T09:52:05.955+0000] {processor.py:208} INFO - Processing /opt/airflow/dags/train_weather_pred.py took 3.338 seconds
[2025-07-22T09:52:37.015+0000] {processor.py:186} INFO - Started process (PID=42490) to work on /opt/airflow/dags/train_weather_pred.py
[2025-07-22T09:52:37.016+0000] {processor.py:914} INFO - Processing file /opt/airflow/dags/train_weather_pred.py for tasks to queue
[2025-07-22T09:52:37.018+0000] {logging_mixin.py:190} INFO - [2025-07-22T09:52:37.018+0000] {dagbag.py:588} INFO - Filling up the DagBag from /opt/airflow/dags/train_weather_pred.py
[2025-07-22T09:52:40.287+0000] {processor.py:925} INFO - DAG(s) 'train_weather_pred' retrieved from /opt/airflow/dags/train_weather_pred.py
[2025-07-22T09:52:40.308+0000] {logging_mixin.py:190} INFO - [2025-07-22T09:52:40.308+0000] {dag.py:3239} INFO - Sync 1 DAGs
[2025-07-22T09:52:40.328+0000] {logging_mixin.py:190} INFO - [2025-07-22T09:52:40.328+0000] {dag.py:4180} INFO - Setting next_dagrun for train_weather_pred to 2025-07-22 00:00:00+00:00, run_after=2025-07-23 00:00:00+00:00
[2025-07-22T09:52:40.343+0000] {processor.py:208} INFO - Processing /opt/airflow/dags/train_weather_pred.py took 3.333 seconds
[2025-07-22T09:53:11.408+0000] {processor.py:186} INFO - Started process (PID=42588) to work on /opt/airflow/dags/train_weather_pred.py
[2025-07-22T09:53:11.409+0000] {processor.py:914} INFO - Processing file /opt/airflow/dags/train_weather_pred.py for tasks to queue
[2025-07-22T09:53:11.411+0000] {logging_mixin.py:190} INFO - [2025-07-22T09:53:11.411+0000] {dagbag.py:588} INFO - Filling up the DagBag from /opt/airflow/dags/train_weather_pred.py
[2025-07-22T09:53:14.880+0000] {processor.py:925} INFO - DAG(s) 'train_weather_pred' retrieved from /opt/airflow/dags/train_weather_pred.py
[2025-07-22T09:53:14.902+0000] {logging_mixin.py:190} INFO - [2025-07-22T09:53:14.901+0000] {dag.py:3239} INFO - Sync 1 DAGs
[2025-07-22T09:53:14.921+0000] {logging_mixin.py:190} INFO - [2025-07-22T09:53:14.920+0000] {dag.py:4180} INFO - Setting next_dagrun for train_weather_pred to 2025-07-22 00:00:00+00:00, run_after=2025-07-23 00:00:00+00:00
[2025-07-22T09:53:14.935+0000] {processor.py:208} INFO - Processing /opt/airflow/dags/train_weather_pred.py took 3.533 seconds
[2025-07-22T09:53:46.165+0000] {processor.py:186} INFO - Started process (PID=42692) to work on /opt/airflow/dags/train_weather_pred.py
[2025-07-22T09:53:46.166+0000] {processor.py:914} INFO - Processing file /opt/airflow/dags/train_weather_pred.py for tasks to queue
[2025-07-22T09:53:46.168+0000] {logging_mixin.py:190} INFO - [2025-07-22T09:53:46.168+0000] {dagbag.py:588} INFO - Filling up the DagBag from /opt/airflow/dags/train_weather_pred.py
[2025-07-22T09:53:49.428+0000] {processor.py:925} INFO - DAG(s) 'train_weather_pred' retrieved from /opt/airflow/dags/train_weather_pred.py
[2025-07-22T09:53:49.449+0000] {logging_mixin.py:190} INFO - [2025-07-22T09:53:49.449+0000] {dag.py:3239} INFO - Sync 1 DAGs
[2025-07-22T09:53:49.471+0000] {logging_mixin.py:190} INFO - [2025-07-22T09:53:49.471+0000] {dag.py:4180} INFO - Setting next_dagrun for train_weather_pred to 2025-07-22 00:00:00+00:00, run_after=2025-07-23 00:00:00+00:00
[2025-07-22T09:53:49.488+0000] {processor.py:208} INFO - Processing /opt/airflow/dags/train_weather_pred.py took 3.328 seconds
[2025-07-22T09:54:21.269+0000] {processor.py:186} INFO - Started process (PID=42790) to work on /opt/airflow/dags/train_weather_pred.py
[2025-07-22T09:54:21.270+0000] {processor.py:914} INFO - Processing file /opt/airflow/dags/train_weather_pred.py for tasks to queue
[2025-07-22T09:54:21.272+0000] {logging_mixin.py:190} INFO - [2025-07-22T09:54:21.272+0000] {dagbag.py:588} INFO - Filling up the DagBag from /opt/airflow/dags/train_weather_pred.py
[2025-07-22T09:54:24.676+0000] {processor.py:925} INFO - DAG(s) 'train_weather_pred' retrieved from /opt/airflow/dags/train_weather_pred.py
[2025-07-22T09:54:24.697+0000] {logging_mixin.py:190} INFO - [2025-07-22T09:54:24.697+0000] {dag.py:3239} INFO - Sync 1 DAGs
[2025-07-22T09:54:24.716+0000] {logging_mixin.py:190} INFO - [2025-07-22T09:54:24.716+0000] {dag.py:4180} INFO - Setting next_dagrun for train_weather_pred to 2025-07-22 00:00:00+00:00, run_after=2025-07-23 00:00:00+00:00
[2025-07-22T09:54:24.732+0000] {processor.py:208} INFO - Processing /opt/airflow/dags/train_weather_pred.py took 3.469 seconds
[2025-07-22T09:54:56.112+0000] {processor.py:186} INFO - Started process (PID=42888) to work on /opt/airflow/dags/train_weather_pred.py
[2025-07-22T09:54:56.113+0000] {processor.py:914} INFO - Processing file /opt/airflow/dags/train_weather_pred.py for tasks to queue
[2025-07-22T09:54:56.116+0000] {logging_mixin.py:190} INFO - [2025-07-22T09:54:56.115+0000] {dagbag.py:588} INFO - Filling up the DagBag from /opt/airflow/dags/train_weather_pred.py
[2025-07-22T09:54:59.445+0000] {processor.py:925} INFO - DAG(s) 'train_weather_pred' retrieved from /opt/airflow/dags/train_weather_pred.py
[2025-07-22T09:54:59.466+0000] {logging_mixin.py:190} INFO - [2025-07-22T09:54:59.466+0000] {dag.py:3239} INFO - Sync 1 DAGs
[2025-07-22T09:54:59.485+0000] {logging_mixin.py:190} INFO - [2025-07-22T09:54:59.485+0000] {dag.py:4180} INFO - Setting next_dagrun for train_weather_pred to 2025-07-22 00:00:00+00:00, run_after=2025-07-23 00:00:00+00:00
[2025-07-22T09:54:59.500+0000] {processor.py:208} INFO - Processing /opt/airflow/dags/train_weather_pred.py took 3.393 seconds
[2025-07-22T09:55:31.431+0000] {processor.py:186} INFO - Started process (PID=42986) to work on /opt/airflow/dags/train_weather_pred.py
[2025-07-22T09:55:31.432+0000] {processor.py:914} INFO - Processing file /opt/airflow/dags/train_weather_pred.py for tasks to queue
[2025-07-22T09:55:31.434+0000] {logging_mixin.py:190} INFO - [2025-07-22T09:55:31.434+0000] {dagbag.py:588} INFO - Filling up the DagBag from /opt/airflow/dags/train_weather_pred.py
[2025-07-22T09:55:34.829+0000] {processor.py:925} INFO - DAG(s) 'train_weather_pred' retrieved from /opt/airflow/dags/train_weather_pred.py
[2025-07-22T09:55:34.849+0000] {logging_mixin.py:190} INFO - [2025-07-22T09:55:34.849+0000] {dag.py:3239} INFO - Sync 1 DAGs
[2025-07-22T09:55:34.866+0000] {logging_mixin.py:190} INFO - [2025-07-22T09:55:34.865+0000] {dag.py:4180} INFO - Setting next_dagrun for train_weather_pred to 2025-07-22 00:00:00+00:00, run_after=2025-07-23 00:00:00+00:00
[2025-07-22T09:55:34.880+0000] {processor.py:208} INFO - Processing /opt/airflow/dags/train_weather_pred.py took 3.454 seconds
[2025-07-22T09:56:06.898+0000] {processor.py:186} INFO - Started process (PID=43084) to work on /opt/airflow/dags/train_weather_pred.py
[2025-07-22T09:56:06.899+0000] {processor.py:914} INFO - Processing file /opt/airflow/dags/train_weather_pred.py for tasks to queue
[2025-07-22T09:56:06.902+0000] {logging_mixin.py:190} INFO - [2025-07-22T09:56:06.901+0000] {dagbag.py:588} INFO - Filling up the DagBag from /opt/airflow/dags/train_weather_pred.py
[2025-07-22T09:56:10.278+0000] {processor.py:925} INFO - DAG(s) 'train_weather_pred' retrieved from /opt/airflow/dags/train_weather_pred.py
[2025-07-22T09:56:10.299+0000] {logging_mixin.py:190} INFO - [2025-07-22T09:56:10.298+0000] {dag.py:3239} INFO - Sync 1 DAGs
[2025-07-22T09:56:10.317+0000] {logging_mixin.py:190} INFO - [2025-07-22T09:56:10.317+0000] {dag.py:4180} INFO - Setting next_dagrun for train_weather_pred to 2025-07-22 00:00:00+00:00, run_after=2025-07-23 00:00:00+00:00
[2025-07-22T09:56:10.331+0000] {processor.py:208} INFO - Processing /opt/airflow/dags/train_weather_pred.py took 3.438 seconds
[2025-07-22T09:56:41.765+0000] {processor.py:186} INFO - Started process (PID=43182) to work on /opt/airflow/dags/train_weather_pred.py
[2025-07-22T09:56:41.766+0000] {processor.py:914} INFO - Processing file /opt/airflow/dags/train_weather_pred.py for tasks to queue
[2025-07-22T09:56:41.769+0000] {logging_mixin.py:190} INFO - [2025-07-22T09:56:41.768+0000] {dagbag.py:588} INFO - Filling up the DagBag from /opt/airflow/dags/train_weather_pred.py
[2025-07-22T09:56:45.144+0000] {processor.py:925} INFO - DAG(s) 'train_weather_pred' retrieved from /opt/airflow/dags/train_weather_pred.py
[2025-07-22T09:56:45.165+0000] {logging_mixin.py:190} INFO - [2025-07-22T09:56:45.165+0000] {dag.py:3239} INFO - Sync 1 DAGs
[2025-07-22T09:56:45.183+0000] {logging_mixin.py:190} INFO - [2025-07-22T09:56:45.183+0000] {dag.py:4180} INFO - Setting next_dagrun for train_weather_pred to 2025-07-22 00:00:00+00:00, run_after=2025-07-23 00:00:00+00:00
[2025-07-22T09:56:45.198+0000] {processor.py:208} INFO - Processing /opt/airflow/dags/train_weather_pred.py took 3.440 seconds
[2025-07-22T09:57:16.453+0000] {processor.py:186} INFO - Started process (PID=43286) to work on /opt/airflow/dags/train_weather_pred.py
[2025-07-22T09:57:16.454+0000] {processor.py:914} INFO - Processing file /opt/airflow/dags/train_weather_pred.py for tasks to queue
[2025-07-22T09:57:16.456+0000] {logging_mixin.py:190} INFO - [2025-07-22T09:57:16.456+0000] {dagbag.py:588} INFO - Filling up the DagBag from /opt/airflow/dags/train_weather_pred.py
[2025-07-22T09:57:19.841+0000] {processor.py:925} INFO - DAG(s) 'train_weather_pred' retrieved from /opt/airflow/dags/train_weather_pred.py
[2025-07-22T09:57:19.865+0000] {logging_mixin.py:190} INFO - [2025-07-22T09:57:19.864+0000] {dag.py:3239} INFO - Sync 1 DAGs
[2025-07-22T09:57:19.885+0000] {logging_mixin.py:190} INFO - [2025-07-22T09:57:19.885+0000] {dag.py:4180} INFO - Setting next_dagrun for train_weather_pred to 2025-07-22 00:00:00+00:00, run_after=2025-07-23 00:00:00+00:00
[2025-07-22T09:57:19.902+0000] {processor.py:208} INFO - Processing /opt/airflow/dags/train_weather_pred.py took 3.455 seconds
[2025-07-22T09:57:51.734+0000] {processor.py:186} INFO - Started process (PID=43384) to work on /opt/airflow/dags/train_weather_pred.py
[2025-07-22T09:57:51.735+0000] {processor.py:914} INFO - Processing file /opt/airflow/dags/train_weather_pred.py for tasks to queue
[2025-07-22T09:57:51.737+0000] {logging_mixin.py:190} INFO - [2025-07-22T09:57:51.737+0000] {dagbag.py:588} INFO - Filling up the DagBag from /opt/airflow/dags/train_weather_pred.py
[2025-07-22T09:57:55.298+0000] {processor.py:925} INFO - DAG(s) 'train_weather_pred' retrieved from /opt/airflow/dags/train_weather_pred.py
[2025-07-22T09:57:55.321+0000] {logging_mixin.py:190} INFO - [2025-07-22T09:57:55.321+0000] {dag.py:3239} INFO - Sync 1 DAGs
[2025-07-22T09:57:55.340+0000] {logging_mixin.py:190} INFO - [2025-07-22T09:57:55.340+0000] {dag.py:4180} INFO - Setting next_dagrun for train_weather_pred to 2025-07-22 00:00:00+00:00, run_after=2025-07-23 00:00:00+00:00
[2025-07-22T09:57:55.357+0000] {processor.py:208} INFO - Processing /opt/airflow/dags/train_weather_pred.py took 3.630 seconds
[2025-07-22T09:58:26.920+0000] {processor.py:186} INFO - Started process (PID=43482) to work on /opt/airflow/dags/train_weather_pred.py
[2025-07-22T09:58:26.921+0000] {processor.py:914} INFO - Processing file /opt/airflow/dags/train_weather_pred.py for tasks to queue
[2025-07-22T09:58:26.924+0000] {logging_mixin.py:190} INFO - [2025-07-22T09:58:26.923+0000] {dagbag.py:588} INFO - Filling up the DagBag from /opt/airflow/dags/train_weather_pred.py
[2025-07-22T09:58:30.602+0000] {processor.py:925} INFO - DAG(s) 'train_weather_pred' retrieved from /opt/airflow/dags/train_weather_pred.py
[2025-07-22T09:58:30.628+0000] {logging_mixin.py:190} INFO - [2025-07-22T09:58:30.626+0000] {dag.py:3239} INFO - Sync 1 DAGs
[2025-07-22T09:58:30.650+0000] {logging_mixin.py:190} INFO - [2025-07-22T09:58:30.650+0000] {dag.py:4180} INFO - Setting next_dagrun for train_weather_pred to 2025-07-22 00:00:00+00:00, run_after=2025-07-23 00:00:00+00:00
[2025-07-22T09:58:30.671+0000] {processor.py:208} INFO - Processing /opt/airflow/dags/train_weather_pred.py took 3.758 seconds
[2025-07-22T09:59:02.006+0000] {processor.py:186} INFO - Started process (PID=43580) to work on /opt/airflow/dags/train_weather_pred.py
[2025-07-22T09:59:02.007+0000] {processor.py:914} INFO - Processing file /opt/airflow/dags/train_weather_pred.py for tasks to queue
[2025-07-22T09:59:02.009+0000] {logging_mixin.py:190} INFO - [2025-07-22T09:59:02.009+0000] {dagbag.py:588} INFO - Filling up the DagBag from /opt/airflow/dags/train_weather_pred.py
[2025-07-22T09:59:05.412+0000] {processor.py:925} INFO - DAG(s) 'train_weather_pred' retrieved from /opt/airflow/dags/train_weather_pred.py
[2025-07-22T09:59:05.434+0000] {logging_mixin.py:190} INFO - [2025-07-22T09:59:05.433+0000] {dag.py:3239} INFO - Sync 1 DAGs
[2025-07-22T09:59:05.452+0000] {logging_mixin.py:190} INFO - [2025-07-22T09:59:05.451+0000] {dag.py:4180} INFO - Setting next_dagrun for train_weather_pred to 2025-07-22 00:00:00+00:00, run_after=2025-07-23 00:00:00+00:00
[2025-07-22T09:59:05.467+0000] {processor.py:208} INFO - Processing /opt/airflow/dags/train_weather_pred.py took 3.467 seconds
[2025-07-22T09:59:36.873+0000] {processor.py:186} INFO - Started process (PID=43678) to work on /opt/airflow/dags/train_weather_pred.py
[2025-07-22T09:59:36.875+0000] {processor.py:914} INFO - Processing file /opt/airflow/dags/train_weather_pred.py for tasks to queue
[2025-07-22T09:59:36.877+0000] {logging_mixin.py:190} INFO - [2025-07-22T09:59:36.877+0000] {dagbag.py:588} INFO - Filling up the DagBag from /opt/airflow/dags/train_weather_pred.py
[2025-07-22T09:59:40.336+0000] {processor.py:925} INFO - DAG(s) 'train_weather_pred' retrieved from /opt/airflow/dags/train_weather_pred.py
[2025-07-22T09:59:40.361+0000] {logging_mixin.py:190} INFO - [2025-07-22T09:59:40.359+0000] {dag.py:3239} INFO - Sync 1 DAGs
[2025-07-22T09:59:40.402+0000] {logging_mixin.py:190} INFO - [2025-07-22T09:59:40.401+0000] {dag.py:4180} INFO - Setting next_dagrun for train_weather_pred to 2025-07-22 00:00:00+00:00, run_after=2025-07-23 00:00:00+00:00
[2025-07-22T09:59:40.444+0000] {processor.py:208} INFO - Processing /opt/airflow/dags/train_weather_pred.py took 3.577 seconds
[2025-07-22T10:00:12.036+0000] {processor.py:186} INFO - Started process (PID=43776) to work on /opt/airflow/dags/train_weather_pred.py
[2025-07-22T10:00:12.037+0000] {processor.py:914} INFO - Processing file /opt/airflow/dags/train_weather_pred.py for tasks to queue
[2025-07-22T10:00:12.039+0000] {logging_mixin.py:190} INFO - [2025-07-22T10:00:12.039+0000] {dagbag.py:588} INFO - Filling up the DagBag from /opt/airflow/dags/train_weather_pred.py
[2025-07-22T10:00:15.303+0000] {processor.py:925} INFO - DAG(s) 'train_weather_pred' retrieved from /opt/airflow/dags/train_weather_pred.py
[2025-07-22T10:00:15.326+0000] {logging_mixin.py:190} INFO - [2025-07-22T10:00:15.326+0000] {dag.py:3239} INFO - Sync 1 DAGs
[2025-07-22T10:00:15.347+0000] {logging_mixin.py:190} INFO - [2025-07-22T10:00:15.346+0000] {dag.py:4180} INFO - Setting next_dagrun for train_weather_pred to 2025-07-22 00:00:00+00:00, run_after=2025-07-23 00:00:00+00:00
[2025-07-22T10:00:15.363+0000] {processor.py:208} INFO - Processing /opt/airflow/dags/train_weather_pred.py took 3.332 seconds
[2025-07-22T10:00:46.548+0000] {processor.py:186} INFO - Started process (PID=43880) to work on /opt/airflow/dags/train_weather_pred.py
[2025-07-22T10:00:46.549+0000] {processor.py:914} INFO - Processing file /opt/airflow/dags/train_weather_pred.py for tasks to queue
[2025-07-22T10:00:46.552+0000] {logging_mixin.py:190} INFO - [2025-07-22T10:00:46.552+0000] {dagbag.py:588} INFO - Filling up the DagBag from /opt/airflow/dags/train_weather_pred.py
[2025-07-22T10:00:50.091+0000] {processor.py:925} INFO - DAG(s) 'train_weather_pred' retrieved from /opt/airflow/dags/train_weather_pred.py
[2025-07-22T10:00:50.115+0000] {logging_mixin.py:190} INFO - [2025-07-22T10:00:50.115+0000] {dag.py:3239} INFO - Sync 1 DAGs
[2025-07-22T10:00:50.135+0000] {logging_mixin.py:190} INFO - [2025-07-22T10:00:50.135+0000] {dag.py:4180} INFO - Setting next_dagrun for train_weather_pred to 2025-07-22 00:00:00+00:00, run_after=2025-07-23 00:00:00+00:00
[2025-07-22T10:00:50.152+0000] {processor.py:208} INFO - Processing /opt/airflow/dags/train_weather_pred.py took 3.609 seconds
[2025-07-22T10:01:22.153+0000] {processor.py:186} INFO - Started process (PID=43978) to work on /opt/airflow/dags/train_weather_pred.py
[2025-07-22T10:01:22.155+0000] {processor.py:914} INFO - Processing file /opt/airflow/dags/train_weather_pred.py for tasks to queue
[2025-07-22T10:01:22.158+0000] {logging_mixin.py:190} INFO - [2025-07-22T10:01:22.157+0000] {dagbag.py:588} INFO - Filling up the DagBag from /opt/airflow/dags/train_weather_pred.py
[2025-07-22T10:01:25.394+0000] {processor.py:925} INFO - DAG(s) 'train_weather_pred' retrieved from /opt/airflow/dags/train_weather_pred.py
[2025-07-22T10:01:25.414+0000] {logging_mixin.py:190} INFO - [2025-07-22T10:01:25.414+0000] {dag.py:3239} INFO - Sync 1 DAGs
[2025-07-22T10:01:25.435+0000] {logging_mixin.py:190} INFO - [2025-07-22T10:01:25.435+0000] {dag.py:4180} INFO - Setting next_dagrun for train_weather_pred to 2025-07-22 00:00:00+00:00, run_after=2025-07-23 00:00:00+00:00
[2025-07-22T10:01:25.450+0000] {processor.py:208} INFO - Processing /opt/airflow/dags/train_weather_pred.py took 3.304 seconds
[2025-07-22T10:01:57.387+0000] {processor.py:186} INFO - Started process (PID=44076) to work on /opt/airflow/dags/train_weather_pred.py
[2025-07-22T10:01:57.388+0000] {processor.py:914} INFO - Processing file /opt/airflow/dags/train_weather_pred.py for tasks to queue
[2025-07-22T10:01:57.390+0000] {logging_mixin.py:190} INFO - [2025-07-22T10:01:57.390+0000] {dagbag.py:588} INFO - Filling up the DagBag from /opt/airflow/dags/train_weather_pred.py
[2025-07-22T10:02:00.696+0000] {processor.py:925} INFO - DAG(s) 'train_weather_pred' retrieved from /opt/airflow/dags/train_weather_pred.py
[2025-07-22T10:02:00.721+0000] {logging_mixin.py:190} INFO - [2025-07-22T10:02:00.720+0000] {dag.py:3239} INFO - Sync 1 DAGs
[2025-07-22T10:02:00.740+0000] {logging_mixin.py:190} INFO - [2025-07-22T10:02:00.740+0000] {dag.py:4180} INFO - Setting next_dagrun for train_weather_pred to 2025-07-22 00:00:00+00:00, run_after=2025-07-23 00:00:00+00:00
[2025-07-22T10:02:00.757+0000] {processor.py:208} INFO - Processing /opt/airflow/dags/train_weather_pred.py took 3.375 seconds
[2025-07-22T10:02:32.748+0000] {processor.py:186} INFO - Started process (PID=44174) to work on /opt/airflow/dags/train_weather_pred.py
[2025-07-22T10:02:32.749+0000] {processor.py:914} INFO - Processing file /opt/airflow/dags/train_weather_pred.py for tasks to queue
[2025-07-22T10:02:32.751+0000] {logging_mixin.py:190} INFO - [2025-07-22T10:02:32.751+0000] {dagbag.py:588} INFO - Filling up the DagBag from /opt/airflow/dags/train_weather_pred.py
[2025-07-22T10:02:36.160+0000] {processor.py:925} INFO - DAG(s) 'train_weather_pred' retrieved from /opt/airflow/dags/train_weather_pred.py
[2025-07-22T10:02:36.183+0000] {logging_mixin.py:190} INFO - [2025-07-22T10:02:36.182+0000] {dag.py:3239} INFO - Sync 1 DAGs
[2025-07-22T10:02:36.202+0000] {logging_mixin.py:190} INFO - [2025-07-22T10:02:36.202+0000] {dag.py:4180} INFO - Setting next_dagrun for train_weather_pred to 2025-07-22 00:00:00+00:00, run_after=2025-07-23 00:00:00+00:00
[2025-07-22T10:02:36.237+0000] {processor.py:208} INFO - Processing /opt/airflow/dags/train_weather_pred.py took 3.494 seconds
[2025-07-22T10:03:07.482+0000] {processor.py:186} INFO - Started process (PID=44272) to work on /opt/airflow/dags/train_weather_pred.py
[2025-07-22T10:03:07.483+0000] {processor.py:914} INFO - Processing file /opt/airflow/dags/train_weather_pred.py for tasks to queue
[2025-07-22T10:03:07.485+0000] {logging_mixin.py:190} INFO - [2025-07-22T10:03:07.485+0000] {dagbag.py:588} INFO - Filling up the DagBag from /opt/airflow/dags/train_weather_pred.py
[2025-07-22T10:03:11.048+0000] {processor.py:925} INFO - DAG(s) 'train_weather_pred' retrieved from /opt/airflow/dags/train_weather_pred.py
[2025-07-22T10:03:11.088+0000] {logging_mixin.py:190} INFO - [2025-07-22T10:03:11.087+0000] {dag.py:3239} INFO - Sync 1 DAGs
[2025-07-22T10:03:11.116+0000] {logging_mixin.py:190} INFO - [2025-07-22T10:03:11.116+0000] {dag.py:4180} INFO - Setting next_dagrun for train_weather_pred to 2025-07-22 00:00:00+00:00, run_after=2025-07-23 00:00:00+00:00
[2025-07-22T10:03:11.141+0000] {processor.py:208} INFO - Processing /opt/airflow/dags/train_weather_pred.py took 3.665 seconds
[2025-07-22T10:03:42.942+0000] {processor.py:186} INFO - Started process (PID=44370) to work on /opt/airflow/dags/train_weather_pred.py
[2025-07-22T10:03:42.943+0000] {processor.py:914} INFO - Processing file /opt/airflow/dags/train_weather_pred.py for tasks to queue
[2025-07-22T10:03:42.946+0000] {logging_mixin.py:190} INFO - [2025-07-22T10:03:42.946+0000] {dagbag.py:588} INFO - Filling up the DagBag from /opt/airflow/dags/train_weather_pred.py
[2025-07-22T10:03:46.245+0000] {processor.py:925} INFO - DAG(s) 'train_weather_pred' retrieved from /opt/airflow/dags/train_weather_pred.py
[2025-07-22T10:03:46.266+0000] {logging_mixin.py:190} INFO - [2025-07-22T10:03:46.266+0000] {dag.py:3239} INFO - Sync 1 DAGs
[2025-07-22T10:03:46.284+0000] {logging_mixin.py:190} INFO - [2025-07-22T10:03:46.284+0000] {dag.py:4180} INFO - Setting next_dagrun for train_weather_pred to 2025-07-22 00:00:00+00:00, run_after=2025-07-23 00:00:00+00:00
[2025-07-22T10:03:46.301+0000] {processor.py:208} INFO - Processing /opt/airflow/dags/train_weather_pred.py took 3.364 seconds
[2025-07-22T10:04:17.827+0000] {processor.py:186} INFO - Started process (PID=44474) to work on /opt/airflow/dags/train_weather_pred.py
[2025-07-22T10:04:17.828+0000] {processor.py:914} INFO - Processing file /opt/airflow/dags/train_weather_pred.py for tasks to queue
[2025-07-22T10:04:17.830+0000] {logging_mixin.py:190} INFO - [2025-07-22T10:04:17.830+0000] {dagbag.py:588} INFO - Filling up the DagBag from /opt/airflow/dags/train_weather_pred.py
[2025-07-22T10:04:21.398+0000] {processor.py:925} INFO - DAG(s) 'train_weather_pred' retrieved from /opt/airflow/dags/train_weather_pred.py
[2025-07-22T10:04:21.424+0000] {logging_mixin.py:190} INFO - [2025-07-22T10:04:21.424+0000] {dag.py:3239} INFO - Sync 1 DAGs
[2025-07-22T10:04:21.445+0000] {logging_mixin.py:190} INFO - [2025-07-22T10:04:21.445+0000] {dag.py:4180} INFO - Setting next_dagrun for train_weather_pred to 2025-07-22 00:00:00+00:00, run_after=2025-07-23 00:00:00+00:00
[2025-07-22T10:04:21.462+0000] {processor.py:208} INFO - Processing /opt/airflow/dags/train_weather_pred.py took 3.642 seconds
[2025-07-22T10:04:53.004+0000] {processor.py:186} INFO - Started process (PID=44572) to work on /opt/airflow/dags/train_weather_pred.py
[2025-07-22T10:04:53.005+0000] {processor.py:914} INFO - Processing file /opt/airflow/dags/train_weather_pred.py for tasks to queue
[2025-07-22T10:04:53.007+0000] {logging_mixin.py:190} INFO - [2025-07-22T10:04:53.007+0000] {dagbag.py:588} INFO - Filling up the DagBag from /opt/airflow/dags/train_weather_pred.py
[2025-07-22T10:04:56.304+0000] {processor.py:925} INFO - DAG(s) 'train_weather_pred' retrieved from /opt/airflow/dags/train_weather_pred.py
[2025-07-22T10:04:56.325+0000] {logging_mixin.py:190} INFO - [2025-07-22T10:04:56.324+0000] {dag.py:3239} INFO - Sync 1 DAGs
[2025-07-22T10:04:56.344+0000] {logging_mixin.py:190} INFO - [2025-07-22T10:04:56.344+0000] {dag.py:4180} INFO - Setting next_dagrun for train_weather_pred to 2025-07-22 00:00:00+00:00, run_after=2025-07-23 00:00:00+00:00
[2025-07-22T10:04:56.360+0000] {processor.py:208} INFO - Processing /opt/airflow/dags/train_weather_pred.py took 3.361 seconds
[2025-07-22T10:05:27.468+0000] {processor.py:186} INFO - Started process (PID=44670) to work on /opt/airflow/dags/train_weather_pred.py
[2025-07-22T10:05:27.469+0000] {processor.py:914} INFO - Processing file /opt/airflow/dags/train_weather_pred.py for tasks to queue
[2025-07-22T10:05:27.471+0000] {logging_mixin.py:190} INFO - [2025-07-22T10:05:27.471+0000] {dagbag.py:588} INFO - Filling up the DagBag from /opt/airflow/dags/train_weather_pred.py
[2025-07-22T10:05:30.865+0000] {processor.py:925} INFO - DAG(s) 'train_weather_pred' retrieved from /opt/airflow/dags/train_weather_pred.py
[2025-07-22T10:05:30.888+0000] {logging_mixin.py:190} INFO - [2025-07-22T10:05:30.888+0000] {dag.py:3239} INFO - Sync 1 DAGs
[2025-07-22T10:05:30.911+0000] {logging_mixin.py:190} INFO - [2025-07-22T10:05:30.910+0000] {dag.py:4180} INFO - Setting next_dagrun for train_weather_pred to 2025-07-22 00:00:00+00:00, run_after=2025-07-23 00:00:00+00:00
[2025-07-22T10:05:30.931+0000] {processor.py:208} INFO - Processing /opt/airflow/dags/train_weather_pred.py took 3.469 seconds
[2025-07-22T10:06:02.834+0000] {processor.py:186} INFO - Started process (PID=44768) to work on /opt/airflow/dags/train_weather_pred.py
[2025-07-22T10:06:02.835+0000] {processor.py:914} INFO - Processing file /opt/airflow/dags/train_weather_pred.py for tasks to queue
[2025-07-22T10:06:02.838+0000] {logging_mixin.py:190} INFO - [2025-07-22T10:06:02.837+0000] {dagbag.py:588} INFO - Filling up the DagBag from /opt/airflow/dags/train_weather_pred.py
[2025-07-22T10:06:06.251+0000] {processor.py:925} INFO - DAG(s) 'train_weather_pred' retrieved from /opt/airflow/dags/train_weather_pred.py
[2025-07-22T10:06:06.273+0000] {logging_mixin.py:190} INFO - [2025-07-22T10:06:06.272+0000] {dag.py:3239} INFO - Sync 1 DAGs
[2025-07-22T10:06:06.291+0000] {logging_mixin.py:190} INFO - [2025-07-22T10:06:06.291+0000] {dag.py:4180} INFO - Setting next_dagrun for train_weather_pred to 2025-07-22 00:00:00+00:00, run_after=2025-07-23 00:00:00+00:00
[2025-07-22T10:06:06.306+0000] {processor.py:208} INFO - Processing /opt/airflow/dags/train_weather_pred.py took 3.477 seconds
[2025-07-22T10:06:37.985+0000] {processor.py:186} INFO - Started process (PID=44866) to work on /opt/airflow/dags/train_weather_pred.py
[2025-07-22T10:06:37.986+0000] {processor.py:914} INFO - Processing file /opt/airflow/dags/train_weather_pred.py for tasks to queue
[2025-07-22T10:06:37.988+0000] {logging_mixin.py:190} INFO - [2025-07-22T10:06:37.988+0000] {dagbag.py:588} INFO - Filling up the DagBag from /opt/airflow/dags/train_weather_pred.py
[2025-07-22T10:06:41.471+0000] {processor.py:925} INFO - DAG(s) 'train_weather_pred' retrieved from /opt/airflow/dags/train_weather_pred.py
[2025-07-22T10:06:41.493+0000] {logging_mixin.py:190} INFO - [2025-07-22T10:06:41.493+0000] {dag.py:3239} INFO - Sync 1 DAGs
[2025-07-22T10:06:41.512+0000] {logging_mixin.py:190} INFO - [2025-07-22T10:06:41.512+0000] {dag.py:4180} INFO - Setting next_dagrun for train_weather_pred to 2025-07-22 00:00:00+00:00, run_after=2025-07-23 00:00:00+00:00
[2025-07-22T10:06:41.530+0000] {processor.py:208} INFO - Processing /opt/airflow/dags/train_weather_pred.py took 3.550 seconds
[2025-07-22T10:07:12.912+0000] {processor.py:186} INFO - Started process (PID=44964) to work on /opt/airflow/dags/train_weather_pred.py
[2025-07-22T10:07:12.914+0000] {processor.py:914} INFO - Processing file /opt/airflow/dags/train_weather_pred.py for tasks to queue
[2025-07-22T10:07:12.916+0000] {logging_mixin.py:190} INFO - [2025-07-22T10:07:12.916+0000] {dagbag.py:588} INFO - Filling up the DagBag from /opt/airflow/dags/train_weather_pred.py
[2025-07-22T10:07:16.510+0000] {processor.py:925} INFO - DAG(s) 'train_weather_pred' retrieved from /opt/airflow/dags/train_weather_pred.py
[2025-07-22T10:07:16.536+0000] {logging_mixin.py:190} INFO - [2025-07-22T10:07:16.535+0000] {dag.py:3239} INFO - Sync 1 DAGs
[2025-07-22T10:07:16.555+0000] {logging_mixin.py:190} INFO - [2025-07-22T10:07:16.555+0000] {dag.py:4180} INFO - Setting next_dagrun for train_weather_pred to 2025-07-22 00:00:00+00:00, run_after=2025-07-23 00:00:00+00:00
[2025-07-22T10:07:16.574+0000] {processor.py:208} INFO - Processing /opt/airflow/dags/train_weather_pred.py took 3.669 seconds
[2025-07-22T10:07:48.562+0000] {processor.py:186} INFO - Started process (PID=45068) to work on /opt/airflow/dags/train_weather_pred.py
[2025-07-22T10:07:48.563+0000] {processor.py:914} INFO - Processing file /opt/airflow/dags/train_weather_pred.py for tasks to queue
[2025-07-22T10:07:48.565+0000] {logging_mixin.py:190} INFO - [2025-07-22T10:07:48.565+0000] {dagbag.py:588} INFO - Filling up the DagBag from /opt/airflow/dags/train_weather_pred.py
[2025-07-22T10:07:51.947+0000] {processor.py:925} INFO - DAG(s) 'train_weather_pred' retrieved from /opt/airflow/dags/train_weather_pred.py
[2025-07-22T10:07:51.970+0000] {logging_mixin.py:190} INFO - [2025-07-22T10:07:51.969+0000] {dag.py:3239} INFO - Sync 1 DAGs
[2025-07-22T10:07:51.991+0000] {logging_mixin.py:190} INFO - [2025-07-22T10:07:51.991+0000] {dag.py:4180} INFO - Setting next_dagrun for train_weather_pred to 2025-07-22 00:00:00+00:00, run_after=2025-07-23 00:00:00+00:00
[2025-07-22T10:07:52.009+0000] {processor.py:208} INFO - Processing /opt/airflow/dags/train_weather_pred.py took 3.454 seconds
[2025-07-22T10:08:23.245+0000] {processor.py:186} INFO - Started process (PID=45166) to work on /opt/airflow/dags/train_weather_pred.py
[2025-07-22T10:08:23.246+0000] {processor.py:914} INFO - Processing file /opt/airflow/dags/train_weather_pred.py for tasks to queue
[2025-07-22T10:08:23.249+0000] {logging_mixin.py:190} INFO - [2025-07-22T10:08:23.248+0000] {dagbag.py:588} INFO - Filling up the DagBag from /opt/airflow/dags/train_weather_pred.py
[2025-07-22T10:08:26.534+0000] {processor.py:925} INFO - DAG(s) 'train_weather_pred' retrieved from /opt/airflow/dags/train_weather_pred.py
[2025-07-22T10:08:26.556+0000] {logging_mixin.py:190} INFO - [2025-07-22T10:08:26.556+0000] {dag.py:3239} INFO - Sync 1 DAGs
[2025-07-22T10:08:26.575+0000] {logging_mixin.py:190} INFO - [2025-07-22T10:08:26.574+0000] {dag.py:4180} INFO - Setting next_dagrun for train_weather_pred to 2025-07-22 00:00:00+00:00, run_after=2025-07-23 00:00:00+00:00
[2025-07-22T10:08:26.590+0000] {processor.py:208} INFO - Processing /opt/airflow/dags/train_weather_pred.py took 3.350 seconds
[2025-07-22T10:08:58.513+0000] {processor.py:186} INFO - Started process (PID=45264) to work on /opt/airflow/dags/train_weather_pred.py
[2025-07-22T10:08:58.514+0000] {processor.py:914} INFO - Processing file /opt/airflow/dags/train_weather_pred.py for tasks to queue
[2025-07-22T10:08:58.516+0000] {logging_mixin.py:190} INFO - [2025-07-22T10:08:58.516+0000] {dagbag.py:588} INFO - Filling up the DagBag from /opt/airflow/dags/train_weather_pred.py
[2025-07-22T10:09:01.831+0000] {processor.py:925} INFO - DAG(s) 'train_weather_pred' retrieved from /opt/airflow/dags/train_weather_pred.py
[2025-07-22T10:09:01.853+0000] {logging_mixin.py:190} INFO - [2025-07-22T10:09:01.853+0000] {dag.py:3239} INFO - Sync 1 DAGs
[2025-07-22T10:09:01.872+0000] {logging_mixin.py:190} INFO - [2025-07-22T10:09:01.872+0000] {dag.py:4180} INFO - Setting next_dagrun for train_weather_pred to 2025-07-22 00:00:00+00:00, run_after=2025-07-23 00:00:00+00:00
[2025-07-22T10:09:01.888+0000] {processor.py:208} INFO - Processing /opt/airflow/dags/train_weather_pred.py took 3.380 seconds
[2025-07-22T10:09:33.554+0000] {processor.py:186} INFO - Started process (PID=45362) to work on /opt/airflow/dags/train_weather_pred.py
[2025-07-22T10:09:33.555+0000] {processor.py:914} INFO - Processing file /opt/airflow/dags/train_weather_pred.py for tasks to queue
[2025-07-22T10:09:33.558+0000] {logging_mixin.py:190} INFO - [2025-07-22T10:09:33.558+0000] {dagbag.py:588} INFO - Filling up the DagBag from /opt/airflow/dags/train_weather_pred.py
[2025-07-22T10:09:36.735+0000] {processor.py:925} INFO - DAG(s) 'train_weather_pred' retrieved from /opt/airflow/dags/train_weather_pred.py
[2025-07-22T10:09:36.757+0000] {logging_mixin.py:190} INFO - [2025-07-22T10:09:36.756+0000] {dag.py:3239} INFO - Sync 1 DAGs
[2025-07-22T10:09:36.774+0000] {logging_mixin.py:190} INFO - [2025-07-22T10:09:36.774+0000] {dag.py:4180} INFO - Setting next_dagrun for train_weather_pred to 2025-07-22 00:00:00+00:00, run_after=2025-07-23 00:00:00+00:00
[2025-07-22T10:09:36.788+0000] {processor.py:208} INFO - Processing /opt/airflow/dags/train_weather_pred.py took 3.239 seconds
[2025-07-22T10:10:07.909+0000] {processor.py:186} INFO - Started process (PID=45460) to work on /opt/airflow/dags/train_weather_pred.py
[2025-07-22T10:10:07.910+0000] {processor.py:914} INFO - Processing file /opt/airflow/dags/train_weather_pred.py for tasks to queue
[2025-07-22T10:10:07.913+0000] {logging_mixin.py:190} INFO - [2025-07-22T10:10:07.913+0000] {dagbag.py:588} INFO - Filling up the DagBag from /opt/airflow/dags/train_weather_pred.py
[2025-07-22T10:10:11.119+0000] {processor.py:925} INFO - DAG(s) 'train_weather_pred' retrieved from /opt/airflow/dags/train_weather_pred.py
[2025-07-22T10:10:11.145+0000] {logging_mixin.py:190} INFO - [2025-07-22T10:10:11.144+0000] {dag.py:3239} INFO - Sync 1 DAGs
[2025-07-22T10:10:11.167+0000] {logging_mixin.py:190} INFO - [2025-07-22T10:10:11.167+0000] {dag.py:4180} INFO - Setting next_dagrun for train_weather_pred to 2025-07-22 00:00:00+00:00, run_after=2025-07-23 00:00:00+00:00
[2025-07-22T10:10:11.185+0000] {processor.py:208} INFO - Processing /opt/airflow/dags/train_weather_pred.py took 3.282 seconds
[2025-07-22T10:10:43.167+0000] {processor.py:186} INFO - Started process (PID=45558) to work on /opt/airflow/dags/train_weather_pred.py
[2025-07-22T10:10:43.168+0000] {processor.py:914} INFO - Processing file /opt/airflow/dags/train_weather_pred.py for tasks to queue
[2025-07-22T10:10:43.171+0000] {logging_mixin.py:190} INFO - [2025-07-22T10:10:43.171+0000] {dagbag.py:588} INFO - Filling up the DagBag from /opt/airflow/dags/train_weather_pred.py
[2025-07-22T10:10:46.339+0000] {processor.py:925} INFO - DAG(s) 'train_weather_pred' retrieved from /opt/airflow/dags/train_weather_pred.py
[2025-07-22T10:10:46.361+0000] {logging_mixin.py:190} INFO - [2025-07-22T10:10:46.361+0000] {dag.py:3239} INFO - Sync 1 DAGs
[2025-07-22T10:10:46.378+0000] {logging_mixin.py:190} INFO - [2025-07-22T10:10:46.378+0000] {dag.py:4180} INFO - Setting next_dagrun for train_weather_pred to 2025-07-22 00:00:00+00:00, run_after=2025-07-23 00:00:00+00:00
[2025-07-22T10:10:46.392+0000] {processor.py:208} INFO - Processing /opt/airflow/dags/train_weather_pred.py took 3.230 seconds
[2025-07-22T10:11:18.274+0000] {processor.py:186} INFO - Started process (PID=45662) to work on /opt/airflow/dags/train_weather_pred.py
[2025-07-22T10:11:18.275+0000] {processor.py:914} INFO - Processing file /opt/airflow/dags/train_weather_pred.py for tasks to queue
[2025-07-22T10:11:18.277+0000] {logging_mixin.py:190} INFO - [2025-07-22T10:11:18.277+0000] {dagbag.py:588} INFO - Filling up the DagBag from /opt/airflow/dags/train_weather_pred.py
[2025-07-22T10:11:21.981+0000] {processor.py:925} INFO - DAG(s) 'train_weather_pred' retrieved from /opt/airflow/dags/train_weather_pred.py
[2025-07-22T10:11:22.001+0000] {logging_mixin.py:190} INFO - [2025-07-22T10:11:22.001+0000] {dag.py:3239} INFO - Sync 1 DAGs
[2025-07-22T10:11:22.020+0000] {logging_mixin.py:190} INFO - [2025-07-22T10:11:22.020+0000] {dag.py:4180} INFO - Setting next_dagrun for train_weather_pred to 2025-07-22 00:00:00+00:00, run_after=2025-07-23 00:00:00+00:00
[2025-07-22T10:11:22.035+0000] {processor.py:208} INFO - Processing /opt/airflow/dags/train_weather_pred.py took 3.768 seconds
[2025-07-22T10:11:53.169+0000] {processor.py:186} INFO - Started process (PID=45760) to work on /opt/airflow/dags/train_weather_pred.py
[2025-07-22T10:11:53.171+0000] {processor.py:914} INFO - Processing file /opt/airflow/dags/train_weather_pred.py for tasks to queue
[2025-07-22T10:11:53.173+0000] {logging_mixin.py:190} INFO - [2025-07-22T10:11:53.173+0000] {dagbag.py:588} INFO - Filling up the DagBag from /opt/airflow/dags/train_weather_pred.py
[2025-07-22T10:11:56.623+0000] {processor.py:925} INFO - DAG(s) 'train_weather_pred' retrieved from /opt/airflow/dags/train_weather_pred.py
[2025-07-22T10:11:56.646+0000] {logging_mixin.py:190} INFO - [2025-07-22T10:11:56.645+0000] {dag.py:3239} INFO - Sync 1 DAGs
[2025-07-22T10:11:56.664+0000] {logging_mixin.py:190} INFO - [2025-07-22T10:11:56.664+0000] {dag.py:4180} INFO - Setting next_dagrun for train_weather_pred to 2025-07-22 00:00:00+00:00, run_after=2025-07-23 00:00:00+00:00
[2025-07-22T10:11:56.680+0000] {processor.py:208} INFO - Processing /opt/airflow/dags/train_weather_pred.py took 3.519 seconds
[2025-07-22T10:12:28.272+0000] {processor.py:186} INFO - Started process (PID=45858) to work on /opt/airflow/dags/train_weather_pred.py
[2025-07-22T10:12:28.273+0000] {processor.py:914} INFO - Processing file /opt/airflow/dags/train_weather_pred.py for tasks to queue
[2025-07-22T10:12:28.276+0000] {logging_mixin.py:190} INFO - [2025-07-22T10:12:28.275+0000] {dagbag.py:588} INFO - Filling up the DagBag from /opt/airflow/dags/train_weather_pred.py
[2025-07-22T10:12:31.781+0000] {processor.py:925} INFO - DAG(s) 'train_weather_pred' retrieved from /opt/airflow/dags/train_weather_pred.py
[2025-07-22T10:12:31.804+0000] {logging_mixin.py:190} INFO - [2025-07-22T10:12:31.803+0000] {dag.py:3239} INFO - Sync 1 DAGs
[2025-07-22T10:12:31.826+0000] {logging_mixin.py:190} INFO - [2025-07-22T10:12:31.826+0000] {dag.py:4180} INFO - Setting next_dagrun for train_weather_pred to 2025-07-22 00:00:00+00:00, run_after=2025-07-23 00:00:00+00:00
[2025-07-22T10:12:31.843+0000] {processor.py:208} INFO - Processing /opt/airflow/dags/train_weather_pred.py took 3.577 seconds
[2025-07-22T10:13:03.862+0000] {processor.py:186} INFO - Started process (PID=45956) to work on /opt/airflow/dags/train_weather_pred.py
[2025-07-22T10:13:03.863+0000] {processor.py:914} INFO - Processing file /opt/airflow/dags/train_weather_pred.py for tasks to queue
[2025-07-22T10:13:03.865+0000] {logging_mixin.py:190} INFO - [2025-07-22T10:13:03.865+0000] {dagbag.py:588} INFO - Filling up the DagBag from /opt/airflow/dags/train_weather_pred.py
[2025-07-22T10:13:07.245+0000] {processor.py:925} INFO - DAG(s) 'train_weather_pred' retrieved from /opt/airflow/dags/train_weather_pred.py
[2025-07-22T10:13:07.265+0000] {logging_mixin.py:190} INFO - [2025-07-22T10:13:07.264+0000] {dag.py:3239} INFO - Sync 1 DAGs
[2025-07-22T10:13:07.281+0000] {logging_mixin.py:190} INFO - [2025-07-22T10:13:07.281+0000] {dag.py:4180} INFO - Setting next_dagrun for train_weather_pred to 2025-07-22 00:00:00+00:00, run_after=2025-07-23 00:00:00+00:00
[2025-07-22T10:13:07.295+0000] {processor.py:208} INFO - Processing /opt/airflow/dags/train_weather_pred.py took 3.439 seconds
[2025-07-22T10:13:38.992+0000] {processor.py:186} INFO - Started process (PID=46054) to work on /opt/airflow/dags/train_weather_pred.py
[2025-07-22T10:13:38.993+0000] {processor.py:914} INFO - Processing file /opt/airflow/dags/train_weather_pred.py for tasks to queue
[2025-07-22T10:13:38.996+0000] {logging_mixin.py:190} INFO - [2025-07-22T10:13:38.995+0000] {dagbag.py:588} INFO - Filling up the DagBag from /opt/airflow/dags/train_weather_pred.py
[2025-07-22T10:13:42.316+0000] {processor.py:925} INFO - DAG(s) 'train_weather_pred' retrieved from /opt/airflow/dags/train_weather_pred.py
[2025-07-22T10:13:42.336+0000] {logging_mixin.py:190} INFO - [2025-07-22T10:13:42.336+0000] {dag.py:3239} INFO - Sync 1 DAGs
[2025-07-22T10:13:42.354+0000] {logging_mixin.py:190} INFO - [2025-07-22T10:13:42.354+0000] {dag.py:4180} INFO - Setting next_dagrun for train_weather_pred to 2025-07-22 00:00:00+00:00, run_after=2025-07-23 00:00:00+00:00
[2025-07-22T10:13:42.368+0000] {processor.py:208} INFO - Processing /opt/airflow/dags/train_weather_pred.py took 3.382 seconds
[2025-07-22T10:14:13.687+0000] {processor.py:186} INFO - Started process (PID=46152) to work on /opt/airflow/dags/train_weather_pred.py
[2025-07-22T10:14:13.688+0000] {processor.py:914} INFO - Processing file /opt/airflow/dags/train_weather_pred.py for tasks to queue
[2025-07-22T10:14:13.691+0000] {logging_mixin.py:190} INFO - [2025-07-22T10:14:13.690+0000] {dagbag.py:588} INFO - Filling up the DagBag from /opt/airflow/dags/train_weather_pred.py
[2025-07-22T10:14:16.851+0000] {processor.py:925} INFO - DAG(s) 'train_weather_pred' retrieved from /opt/airflow/dags/train_weather_pred.py
[2025-07-22T10:14:16.871+0000] {logging_mixin.py:190} INFO - [2025-07-22T10:14:16.870+0000] {dag.py:3239} INFO - Sync 1 DAGs
[2025-07-22T10:14:16.888+0000] {logging_mixin.py:190} INFO - [2025-07-22T10:14:16.888+0000] {dag.py:4180} INFO - Setting next_dagrun for train_weather_pred to 2025-07-22 00:00:00+00:00, run_after=2025-07-23 00:00:00+00:00
[2025-07-22T10:14:16.902+0000] {processor.py:208} INFO - Processing /opt/airflow/dags/train_weather_pred.py took 3.221 seconds
[2025-07-22T10:14:48.167+0000] {processor.py:186} INFO - Started process (PID=46256) to work on /opt/airflow/dags/train_weather_pred.py
[2025-07-22T10:14:48.167+0000] {processor.py:914} INFO - Processing file /opt/airflow/dags/train_weather_pred.py for tasks to queue
[2025-07-22T10:14:48.169+0000] {logging_mixin.py:190} INFO - [2025-07-22T10:14:48.169+0000] {dagbag.py:588} INFO - Filling up the DagBag from /opt/airflow/dags/train_weather_pred.py
[2025-07-22T10:14:51.433+0000] {processor.py:925} INFO - DAG(s) 'train_weather_pred' retrieved from /opt/airflow/dags/train_weather_pred.py
[2025-07-22T10:14:51.457+0000] {logging_mixin.py:190} INFO - [2025-07-22T10:14:51.456+0000] {dag.py:3239} INFO - Sync 1 DAGs
[2025-07-22T10:14:51.476+0000] {logging_mixin.py:190} INFO - [2025-07-22T10:14:51.476+0000] {dag.py:4180} INFO - Setting next_dagrun for train_weather_pred to 2025-07-22 00:00:00+00:00, run_after=2025-07-23 00:00:00+00:00
[2025-07-22T10:14:51.491+0000] {processor.py:208} INFO - Processing /opt/airflow/dags/train_weather_pred.py took 3.331 seconds
[2025-07-22T10:15:23.534+0000] {processor.py:186} INFO - Started process (PID=46354) to work on /opt/airflow/dags/train_weather_pred.py
[2025-07-22T10:15:23.535+0000] {processor.py:914} INFO - Processing file /opt/airflow/dags/train_weather_pred.py for tasks to queue
[2025-07-22T10:15:23.537+0000] {logging_mixin.py:190} INFO - [2025-07-22T10:15:23.537+0000] {dagbag.py:588} INFO - Filling up the DagBag from /opt/airflow/dags/train_weather_pred.py
[2025-07-22T10:15:26.721+0000] {processor.py:925} INFO - DAG(s) 'train_weather_pred' retrieved from /opt/airflow/dags/train_weather_pred.py
[2025-07-22T10:15:26.743+0000] {logging_mixin.py:190} INFO - [2025-07-22T10:15:26.742+0000] {dag.py:3239} INFO - Sync 1 DAGs
[2025-07-22T10:15:26.762+0000] {logging_mixin.py:190} INFO - [2025-07-22T10:15:26.762+0000] {dag.py:4180} INFO - Setting next_dagrun for train_weather_pred to 2025-07-22 00:00:00+00:00, run_after=2025-07-23 00:00:00+00:00
[2025-07-22T10:15:26.779+0000] {processor.py:208} INFO - Processing /opt/airflow/dags/train_weather_pred.py took 3.250 seconds
[2025-07-22T10:15:58.953+0000] {processor.py:186} INFO - Started process (PID=46452) to work on /opt/airflow/dags/train_weather_pred.py
[2025-07-22T10:15:58.954+0000] {processor.py:914} INFO - Processing file /opt/airflow/dags/train_weather_pred.py for tasks to queue
[2025-07-22T10:15:58.957+0000] {logging_mixin.py:190} INFO - [2025-07-22T10:15:58.956+0000] {dagbag.py:588} INFO - Filling up the DagBag from /opt/airflow/dags/train_weather_pred.py
[2025-07-22T10:16:02.271+0000] {processor.py:925} INFO - DAG(s) 'train_weather_pred' retrieved from /opt/airflow/dags/train_weather_pred.py
[2025-07-22T10:16:02.293+0000] {logging_mixin.py:190} INFO - [2025-07-22T10:16:02.293+0000] {dag.py:3239} INFO - Sync 1 DAGs
[2025-07-22T10:16:02.310+0000] {logging_mixin.py:190} INFO - [2025-07-22T10:16:02.310+0000] {dag.py:4180} INFO - Setting next_dagrun for train_weather_pred to 2025-07-22 00:00:00+00:00, run_after=2025-07-23 00:00:00+00:00
[2025-07-22T10:16:02.324+0000] {processor.py:208} INFO - Processing /opt/airflow/dags/train_weather_pred.py took 3.380 seconds
[2025-07-22T10:16:34.290+0000] {processor.py:186} INFO - Started process (PID=46550) to work on /opt/airflow/dags/train_weather_pred.py
[2025-07-22T10:16:34.291+0000] {processor.py:914} INFO - Processing file /opt/airflow/dags/train_weather_pred.py for tasks to queue
[2025-07-22T10:16:34.294+0000] {logging_mixin.py:190} INFO - [2025-07-22T10:16:34.293+0000] {dagbag.py:588} INFO - Filling up the DagBag from /opt/airflow/dags/train_weather_pred.py
[2025-07-22T10:16:37.535+0000] {processor.py:925} INFO - DAG(s) 'train_weather_pred' retrieved from /opt/airflow/dags/train_weather_pred.py
[2025-07-22T10:16:37.558+0000] {logging_mixin.py:190} INFO - [2025-07-22T10:16:37.557+0000] {dag.py:3239} INFO - Sync 1 DAGs
[2025-07-22T10:16:37.577+0000] {logging_mixin.py:190} INFO - [2025-07-22T10:16:37.577+0000] {dag.py:4180} INFO - Setting next_dagrun for train_weather_pred to 2025-07-22 00:00:00+00:00, run_after=2025-07-23 00:00:00+00:00
[2025-07-22T10:16:37.593+0000] {processor.py:208} INFO - Processing /opt/airflow/dags/train_weather_pred.py took 3.308 seconds
[2025-07-22T10:17:09.452+0000] {processor.py:186} INFO - Started process (PID=46648) to work on /opt/airflow/dags/train_weather_pred.py
[2025-07-22T10:17:09.454+0000] {processor.py:914} INFO - Processing file /opt/airflow/dags/train_weather_pred.py for tasks to queue
[2025-07-22T10:17:09.456+0000] {logging_mixin.py:190} INFO - [2025-07-22T10:17:09.455+0000] {dagbag.py:588} INFO - Filling up the DagBag from /opt/airflow/dags/train_weather_pred.py
[2025-07-22T10:17:12.843+0000] {processor.py:925} INFO - DAG(s) 'train_weather_pred' retrieved from /opt/airflow/dags/train_weather_pred.py
[2025-07-22T10:17:12.867+0000] {logging_mixin.py:190} INFO - [2025-07-22T10:17:12.867+0000] {dag.py:3239} INFO - Sync 1 DAGs
[2025-07-22T10:17:12.887+0000] {logging_mixin.py:190} INFO - [2025-07-22T10:17:12.886+0000] {dag.py:4180} INFO - Setting next_dagrun for train_weather_pred to 2025-07-22 00:00:00+00:00, run_after=2025-07-23 00:00:00+00:00
[2025-07-22T10:17:12.903+0000] {processor.py:208} INFO - Processing /opt/airflow/dags/train_weather_pred.py took 3.456 seconds
[2025-07-22T10:17:44.274+0000] {processor.py:186} INFO - Started process (PID=46746) to work on /opt/airflow/dags/train_weather_pred.py
[2025-07-22T10:17:44.275+0000] {processor.py:914} INFO - Processing file /opt/airflow/dags/train_weather_pred.py for tasks to queue
[2025-07-22T10:17:44.277+0000] {logging_mixin.py:190} INFO - [2025-07-22T10:17:44.277+0000] {dagbag.py:588} INFO - Filling up the DagBag from /opt/airflow/dags/train_weather_pred.py
[2025-07-22T10:17:47.375+0000] {processor.py:925} INFO - DAG(s) 'train_weather_pred' retrieved from /opt/airflow/dags/train_weather_pred.py
[2025-07-22T10:17:47.396+0000] {logging_mixin.py:190} INFO - [2025-07-22T10:17:47.396+0000] {dag.py:3239} INFO - Sync 1 DAGs
[2025-07-22T10:17:47.414+0000] {logging_mixin.py:190} INFO - [2025-07-22T10:17:47.414+0000] {dag.py:4180} INFO - Setting next_dagrun for train_weather_pred to 2025-07-22 00:00:00+00:00, run_after=2025-07-23 00:00:00+00:00
[2025-07-22T10:17:47.430+0000] {processor.py:208} INFO - Processing /opt/airflow/dags/train_weather_pred.py took 3.162 seconds
[2025-07-22T10:18:19.289+0000] {processor.py:186} INFO - Started process (PID=46850) to work on /opt/airflow/dags/train_weather_pred.py
[2025-07-22T10:18:19.290+0000] {processor.py:914} INFO - Processing file /opt/airflow/dags/train_weather_pred.py for tasks to queue
[2025-07-22T10:18:19.293+0000] {logging_mixin.py:190} INFO - [2025-07-22T10:18:19.292+0000] {dagbag.py:588} INFO - Filling up the DagBag from /opt/airflow/dags/train_weather_pred.py
[2025-07-22T10:18:22.478+0000] {processor.py:925} INFO - DAG(s) 'train_weather_pred' retrieved from /opt/airflow/dags/train_weather_pred.py
[2025-07-22T10:18:22.500+0000] {logging_mixin.py:190} INFO - [2025-07-22T10:18:22.499+0000] {dag.py:3239} INFO - Sync 1 DAGs
[2025-07-22T10:18:22.518+0000] {logging_mixin.py:190} INFO - [2025-07-22T10:18:22.518+0000] {dag.py:4180} INFO - Setting next_dagrun for train_weather_pred to 2025-07-22 00:00:00+00:00, run_after=2025-07-23 00:00:00+00:00
[2025-07-22T10:18:22.533+0000] {processor.py:208} INFO - Processing /opt/airflow/dags/train_weather_pred.py took 3.250 seconds
[2025-07-22T10:18:54.408+0000] {processor.py:186} INFO - Started process (PID=46948) to work on /opt/airflow/dags/train_weather_pred.py
[2025-07-22T10:18:54.409+0000] {processor.py:914} INFO - Processing file /opt/airflow/dags/train_weather_pred.py for tasks to queue
[2025-07-22T10:18:54.411+0000] {logging_mixin.py:190} INFO - [2025-07-22T10:18:54.411+0000] {dagbag.py:588} INFO - Filling up the DagBag from /opt/airflow/dags/train_weather_pred.py
[2025-07-22T10:18:57.575+0000] {processor.py:925} INFO - DAG(s) 'train_weather_pred' retrieved from /opt/airflow/dags/train_weather_pred.py
[2025-07-22T10:18:57.598+0000] {logging_mixin.py:190} INFO - [2025-07-22T10:18:57.597+0000] {dag.py:3239} INFO - Sync 1 DAGs
[2025-07-22T10:18:57.617+0000] {logging_mixin.py:190} INFO - [2025-07-22T10:18:57.617+0000] {dag.py:4180} INFO - Setting next_dagrun for train_weather_pred to 2025-07-22 00:00:00+00:00, run_after=2025-07-23 00:00:00+00:00
[2025-07-22T10:18:57.634+0000] {processor.py:208} INFO - Processing /opt/airflow/dags/train_weather_pred.py took 3.231 seconds
[2025-07-22T10:19:29.591+0000] {processor.py:186} INFO - Started process (PID=47046) to work on /opt/airflow/dags/train_weather_pred.py
[2025-07-22T10:19:29.592+0000] {processor.py:914} INFO - Processing file /opt/airflow/dags/train_weather_pred.py for tasks to queue
[2025-07-22T10:19:29.594+0000] {logging_mixin.py:190} INFO - [2025-07-22T10:19:29.594+0000] {dagbag.py:588} INFO - Filling up the DagBag from /opt/airflow/dags/train_weather_pred.py
[2025-07-22T10:19:32.765+0000] {processor.py:925} INFO - DAG(s) 'train_weather_pred' retrieved from /opt/airflow/dags/train_weather_pred.py
[2025-07-22T10:19:32.788+0000] {logging_mixin.py:190} INFO - [2025-07-22T10:19:32.787+0000] {dag.py:3239} INFO - Sync 1 DAGs
[2025-07-22T10:19:32.806+0000] {logging_mixin.py:190} INFO - [2025-07-22T10:19:32.806+0000] {dag.py:4180} INFO - Setting next_dagrun for train_weather_pred to 2025-07-22 00:00:00+00:00, run_after=2025-07-23 00:00:00+00:00
[2025-07-22T10:19:32.821+0000] {processor.py:208} INFO - Processing /opt/airflow/dags/train_weather_pred.py took 3.235 seconds
[2025-07-22T10:20:04.544+0000] {processor.py:186} INFO - Started process (PID=47144) to work on /opt/airflow/dags/train_weather_pred.py
[2025-07-22T10:20:04.545+0000] {processor.py:914} INFO - Processing file /opt/airflow/dags/train_weather_pred.py for tasks to queue
[2025-07-22T10:20:04.548+0000] {logging_mixin.py:190} INFO - [2025-07-22T10:20:04.547+0000] {dagbag.py:588} INFO - Filling up the DagBag from /opt/airflow/dags/train_weather_pred.py
[2025-07-22T10:20:07.713+0000] {processor.py:925} INFO - DAG(s) 'train_weather_pred' retrieved from /opt/airflow/dags/train_weather_pred.py
[2025-07-22T10:20:07.735+0000] {logging_mixin.py:190} INFO - [2025-07-22T10:20:07.734+0000] {dag.py:3239} INFO - Sync 1 DAGs
[2025-07-22T10:20:07.754+0000] {logging_mixin.py:190} INFO - [2025-07-22T10:20:07.754+0000] {dag.py:4180} INFO - Setting next_dagrun for train_weather_pred to 2025-07-22 00:00:00+00:00, run_after=2025-07-23 00:00:00+00:00
[2025-07-22T10:20:07.771+0000] {processor.py:208} INFO - Processing /opt/airflow/dags/train_weather_pred.py took 3.232 seconds
[2025-07-22T10:20:38.994+0000] {processor.py:186} INFO - Started process (PID=47242) to work on /opt/airflow/dags/train_weather_pred.py
[2025-07-22T10:20:38.996+0000] {processor.py:914} INFO - Processing file /opt/airflow/dags/train_weather_pred.py for tasks to queue
[2025-07-22T10:20:38.998+0000] {logging_mixin.py:190} INFO - [2025-07-22T10:20:38.998+0000] {dagbag.py:588} INFO - Filling up the DagBag from /opt/airflow/dags/train_weather_pred.py
[2025-07-22T10:20:42.384+0000] {processor.py:925} INFO - DAG(s) 'train_weather_pred' retrieved from /opt/airflow/dags/train_weather_pred.py
[2025-07-22T10:20:42.408+0000] {logging_mixin.py:190} INFO - [2025-07-22T10:20:42.407+0000] {dag.py:3239} INFO - Sync 1 DAGs
[2025-07-22T10:20:42.426+0000] {logging_mixin.py:190} INFO - [2025-07-22T10:20:42.426+0000] {dag.py:4180} INFO - Setting next_dagrun for train_weather_pred to 2025-07-22 00:00:00+00:00, run_after=2025-07-23 00:00:00+00:00
[2025-07-22T10:20:42.442+0000] {processor.py:208} INFO - Processing /opt/airflow/dags/train_weather_pred.py took 3.453 seconds
[2025-07-22T10:21:13.984+0000] {processor.py:186} INFO - Started process (PID=47340) to work on /opt/airflow/dags/train_weather_pred.py
[2025-07-22T10:21:13.991+0000] {processor.py:914} INFO - Processing file /opt/airflow/dags/train_weather_pred.py for tasks to queue
[2025-07-22T10:21:13.994+0000] {logging_mixin.py:190} INFO - [2025-07-22T10:21:13.994+0000] {dagbag.py:588} INFO - Filling up the DagBag from /opt/airflow/dags/train_weather_pred.py
[2025-07-22T10:21:17.191+0000] {processor.py:925} INFO - DAG(s) 'train_weather_pred' retrieved from /opt/airflow/dags/train_weather_pred.py
[2025-07-22T10:21:17.212+0000] {logging_mixin.py:190} INFO - [2025-07-22T10:21:17.211+0000] {dag.py:3239} INFO - Sync 1 DAGs
[2025-07-22T10:21:17.230+0000] {logging_mixin.py:190} INFO - [2025-07-22T10:21:17.230+0000] {dag.py:4180} INFO - Setting next_dagrun for train_weather_pred to 2025-07-22 00:00:00+00:00, run_after=2025-07-23 00:00:00+00:00
[2025-07-22T10:21:17.244+0000] {processor.py:208} INFO - Processing /opt/airflow/dags/train_weather_pred.py took 3.267 seconds
[2025-07-22T10:21:48.780+0000] {processor.py:186} INFO - Started process (PID=47445) to work on /opt/airflow/dags/train_weather_pred.py
[2025-07-22T10:21:48.781+0000] {processor.py:914} INFO - Processing file /opt/airflow/dags/train_weather_pred.py for tasks to queue
[2025-07-22T10:21:48.795+0000] {logging_mixin.py:190} INFO - [2025-07-22T10:21:48.795+0000] {dagbag.py:588} INFO - Filling up the DagBag from /opt/airflow/dags/train_weather_pred.py
[2025-07-22T10:21:58.663+0000] {processor.py:925} INFO - DAG(s) 'train_weather_pred' retrieved from /opt/airflow/dags/train_weather_pred.py
[2025-07-22T10:21:58.733+0000] {logging_mixin.py:190} INFO - [2025-07-22T10:21:58.730+0000] {dag.py:3239} INFO - Sync 1 DAGs
[2025-07-22T10:21:58.785+0000] {logging_mixin.py:190} INFO - [2025-07-22T10:21:58.784+0000] {dag.py:4180} INFO - Setting next_dagrun for train_weather_pred to 2025-07-22 00:00:00+00:00, run_after=2025-07-23 00:00:00+00:00
[2025-07-22T10:21:58.802+0000] {processor.py:208} INFO - Processing /opt/airflow/dags/train_weather_pred.py took 10.048 seconds
[2025-07-22T10:22:30.553+0000] {processor.py:186} INFO - Started process (PID=47543) to work on /opt/airflow/dags/train_weather_pred.py
[2025-07-22T10:22:30.554+0000] {processor.py:914} INFO - Processing file /opt/airflow/dags/train_weather_pred.py for tasks to queue
[2025-07-22T10:22:30.556+0000] {logging_mixin.py:190} INFO - [2025-07-22T10:22:30.556+0000] {dagbag.py:588} INFO - Filling up the DagBag from /opt/airflow/dags/train_weather_pred.py
[2025-07-22T10:22:34.022+0000] {processor.py:925} INFO - DAG(s) 'train_weather_pred' retrieved from /opt/airflow/dags/train_weather_pred.py
[2025-07-22T10:22:34.044+0000] {logging_mixin.py:190} INFO - [2025-07-22T10:22:34.043+0000] {dag.py:3239} INFO - Sync 1 DAGs
[2025-07-22T10:22:34.065+0000] {logging_mixin.py:190} INFO - [2025-07-22T10:22:34.064+0000] {dag.py:4180} INFO - Setting next_dagrun for train_weather_pred to 2025-07-22 00:00:00+00:00, run_after=2025-07-23 00:00:00+00:00
[2025-07-22T10:22:34.081+0000] {processor.py:208} INFO - Processing /opt/airflow/dags/train_weather_pred.py took 3.534 seconds
[2025-07-22T10:23:05.778+0000] {processor.py:186} INFO - Started process (PID=47641) to work on /opt/airflow/dags/train_weather_pred.py
[2025-07-22T10:23:05.779+0000] {processor.py:914} INFO - Processing file /opt/airflow/dags/train_weather_pred.py for tasks to queue
[2025-07-22T10:23:05.782+0000] {logging_mixin.py:190} INFO - [2025-07-22T10:23:05.781+0000] {dagbag.py:588} INFO - Filling up the DagBag from /opt/airflow/dags/train_weather_pred.py
[2025-07-22T10:23:09.132+0000] {processor.py:925} INFO - DAG(s) 'train_weather_pred' retrieved from /opt/airflow/dags/train_weather_pred.py
[2025-07-22T10:23:09.154+0000] {logging_mixin.py:190} INFO - [2025-07-22T10:23:09.153+0000] {dag.py:3239} INFO - Sync 1 DAGs
[2025-07-22T10:23:09.173+0000] {logging_mixin.py:190} INFO - [2025-07-22T10:23:09.173+0000] {dag.py:4180} INFO - Setting next_dagrun for train_weather_pred to 2025-07-22 00:00:00+00:00, run_after=2025-07-23 00:00:00+00:00
[2025-07-22T10:23:09.192+0000] {processor.py:208} INFO - Processing /opt/airflow/dags/train_weather_pred.py took 3.422 seconds
[2025-07-22T10:23:41.045+0000] {processor.py:186} INFO - Started process (PID=47739) to work on /opt/airflow/dags/train_weather_pred.py
[2025-07-22T10:23:41.047+0000] {processor.py:914} INFO - Processing file /opt/airflow/dags/train_weather_pred.py for tasks to queue
[2025-07-22T10:23:41.049+0000] {logging_mixin.py:190} INFO - [2025-07-22T10:23:41.049+0000] {dagbag.py:588} INFO - Filling up the DagBag from /opt/airflow/dags/train_weather_pred.py
[2025-07-22T10:23:44.237+0000] {processor.py:925} INFO - DAG(s) 'train_weather_pred' retrieved from /opt/airflow/dags/train_weather_pred.py
[2025-07-22T10:23:44.260+0000] {logging_mixin.py:190} INFO - [2025-07-22T10:23:44.259+0000] {dag.py:3239} INFO - Sync 1 DAGs
[2025-07-22T10:23:44.279+0000] {logging_mixin.py:190} INFO - [2025-07-22T10:23:44.279+0000] {dag.py:4180} INFO - Setting next_dagrun for train_weather_pred to 2025-07-22 00:00:00+00:00, run_after=2025-07-23 00:00:00+00:00
[2025-07-22T10:23:44.296+0000] {processor.py:208} INFO - Processing /opt/airflow/dags/train_weather_pred.py took 3.256 seconds
[2025-07-22T10:24:16.338+0000] {processor.py:186} INFO - Started process (PID=47837) to work on /opt/airflow/dags/train_weather_pred.py
[2025-07-22T10:24:16.339+0000] {processor.py:914} INFO - Processing file /opt/airflow/dags/train_weather_pred.py for tasks to queue
[2025-07-22T10:24:16.342+0000] {logging_mixin.py:190} INFO - [2025-07-22T10:24:16.342+0000] {dagbag.py:588} INFO - Filling up the DagBag from /opt/airflow/dags/train_weather_pred.py
[2025-07-22T10:24:19.684+0000] {processor.py:925} INFO - DAG(s) 'train_weather_pred' retrieved from /opt/airflow/dags/train_weather_pred.py
[2025-07-22T10:24:19.705+0000] {logging_mixin.py:190} INFO - [2025-07-22T10:24:19.704+0000] {dag.py:3239} INFO - Sync 1 DAGs
[2025-07-22T10:24:19.726+0000] {logging_mixin.py:190} INFO - [2025-07-22T10:24:19.726+0000] {dag.py:4180} INFO - Setting next_dagrun for train_weather_pred to 2025-07-22 00:00:00+00:00, run_after=2025-07-23 00:00:00+00:00
[2025-07-22T10:24:19.744+0000] {processor.py:208} INFO - Processing /opt/airflow/dags/train_weather_pred.py took 3.413 seconds
[2025-07-22T10:24:51.396+0000] {processor.py:186} INFO - Started process (PID=47941) to work on /opt/airflow/dags/train_weather_pred.py
[2025-07-22T10:24:51.397+0000] {processor.py:914} INFO - Processing file /opt/airflow/dags/train_weather_pred.py for tasks to queue
[2025-07-22T10:24:51.398+0000] {logging_mixin.py:190} INFO - [2025-07-22T10:24:51.398+0000] {dagbag.py:588} INFO - Filling up the DagBag from /opt/airflow/dags/train_weather_pred.py
[2025-07-22T10:24:54.588+0000] {processor.py:925} INFO - DAG(s) 'train_weather_pred' retrieved from /opt/airflow/dags/train_weather_pred.py
[2025-07-22T10:24:54.608+0000] {logging_mixin.py:190} INFO - [2025-07-22T10:24:54.608+0000] {dag.py:3239} INFO - Sync 1 DAGs
[2025-07-22T10:24:54.627+0000] {logging_mixin.py:190} INFO - [2025-07-22T10:24:54.626+0000] {dag.py:4180} INFO - Setting next_dagrun for train_weather_pred to 2025-07-22 00:00:00+00:00, run_after=2025-07-23 00:00:00+00:00
[2025-07-22T10:24:54.641+0000] {processor.py:208} INFO - Processing /opt/airflow/dags/train_weather_pred.py took 3.251 seconds
[2025-07-22T10:25:26.152+0000] {processor.py:186} INFO - Started process (PID=48039) to work on /opt/airflow/dags/train_weather_pred.py
[2025-07-22T10:25:26.153+0000] {processor.py:914} INFO - Processing file /opt/airflow/dags/train_weather_pred.py for tasks to queue
[2025-07-22T10:25:26.155+0000] {logging_mixin.py:190} INFO - [2025-07-22T10:25:26.154+0000] {dagbag.py:588} INFO - Filling up the DagBag from /opt/airflow/dags/train_weather_pred.py
[2025-07-22T10:25:29.419+0000] {processor.py:925} INFO - DAG(s) 'train_weather_pred' retrieved from /opt/airflow/dags/train_weather_pred.py
[2025-07-22T10:25:29.442+0000] {logging_mixin.py:190} INFO - [2025-07-22T10:25:29.441+0000] {dag.py:3239} INFO - Sync 1 DAGs
[2025-07-22T10:25:29.460+0000] {logging_mixin.py:190} INFO - [2025-07-22T10:25:29.460+0000] {dag.py:4180} INFO - Setting next_dagrun for train_weather_pred to 2025-07-22 00:00:00+00:00, run_after=2025-07-23 00:00:00+00:00
[2025-07-22T10:25:29.475+0000] {processor.py:208} INFO - Processing /opt/airflow/dags/train_weather_pred.py took 3.330 seconds
[2025-07-22T10:26:01.368+0000] {processor.py:186} INFO - Started process (PID=48137) to work on /opt/airflow/dags/train_weather_pred.py
[2025-07-22T10:26:01.370+0000] {processor.py:914} INFO - Processing file /opt/airflow/dags/train_weather_pred.py for tasks to queue
[2025-07-22T10:26:01.371+0000] {logging_mixin.py:190} INFO - [2025-07-22T10:26:01.371+0000] {dagbag.py:588} INFO - Filling up the DagBag from /opt/airflow/dags/train_weather_pred.py
[2025-07-22T10:26:04.656+0000] {processor.py:925} INFO - DAG(s) 'train_weather_pred' retrieved from /opt/airflow/dags/train_weather_pred.py
[2025-07-22T10:26:04.677+0000] {logging_mixin.py:190} INFO - [2025-07-22T10:26:04.677+0000] {dag.py:3239} INFO - Sync 1 DAGs
[2025-07-22T10:26:04.697+0000] {logging_mixin.py:190} INFO - [2025-07-22T10:26:04.696+0000] {dag.py:4180} INFO - Setting next_dagrun for train_weather_pred to 2025-07-22 00:00:00+00:00, run_after=2025-07-23 00:00:00+00:00
[2025-07-22T10:26:04.711+0000] {processor.py:208} INFO - Processing /opt/airflow/dags/train_weather_pred.py took 3.348 seconds
[2025-07-22T10:26:36.175+0000] {processor.py:186} INFO - Started process (PID=48235) to work on /opt/airflow/dags/train_weather_pred.py
[2025-07-22T10:26:36.177+0000] {processor.py:914} INFO - Processing file /opt/airflow/dags/train_weather_pred.py for tasks to queue
[2025-07-22T10:26:36.179+0000] {logging_mixin.py:190} INFO - [2025-07-22T10:26:36.178+0000] {dagbag.py:588} INFO - Filling up the DagBag from /opt/airflow/dags/train_weather_pred.py
[2025-07-22T10:26:39.403+0000] {processor.py:925} INFO - DAG(s) 'train_weather_pred' retrieved from /opt/airflow/dags/train_weather_pred.py
[2025-07-22T10:26:39.426+0000] {logging_mixin.py:190} INFO - [2025-07-22T10:26:39.425+0000] {dag.py:3239} INFO - Sync 1 DAGs
[2025-07-22T10:26:39.444+0000] {logging_mixin.py:190} INFO - [2025-07-22T10:26:39.444+0000] {dag.py:4180} INFO - Setting next_dagrun for train_weather_pred to 2025-07-22 00:00:00+00:00, run_after=2025-07-23 00:00:00+00:00
[2025-07-22T10:26:39.460+0000] {processor.py:208} INFO - Processing /opt/airflow/dags/train_weather_pred.py took 3.290 seconds
[2025-07-22T10:27:11.421+0000] {processor.py:186} INFO - Started process (PID=48333) to work on /opt/airflow/dags/train_weather_pred.py
[2025-07-22T10:27:11.422+0000] {processor.py:914} INFO - Processing file /opt/airflow/dags/train_weather_pred.py for tasks to queue
[2025-07-22T10:27:11.424+0000] {logging_mixin.py:190} INFO - [2025-07-22T10:27:11.423+0000] {dagbag.py:588} INFO - Filling up the DagBag from /opt/airflow/dags/train_weather_pred.py
[2025-07-22T10:27:14.698+0000] {processor.py:925} INFO - DAG(s) 'train_weather_pred' retrieved from /opt/airflow/dags/train_weather_pred.py
[2025-07-22T10:27:14.718+0000] {logging_mixin.py:190} INFO - [2025-07-22T10:27:14.718+0000] {dag.py:3239} INFO - Sync 1 DAGs
[2025-07-22T10:27:14.737+0000] {logging_mixin.py:190} INFO - [2025-07-22T10:27:14.736+0000] {dag.py:4180} INFO - Setting next_dagrun for train_weather_pred to 2025-07-22 00:00:00+00:00, run_after=2025-07-23 00:00:00+00:00
[2025-07-22T10:27:14.756+0000] {processor.py:208} INFO - Processing /opt/airflow/dags/train_weather_pred.py took 3.341 seconds
[2025-07-22T10:27:46.666+0000] {processor.py:186} INFO - Started process (PID=48431) to work on /opt/airflow/dags/train_weather_pred.py
[2025-07-22T10:27:46.667+0000] {processor.py:914} INFO - Processing file /opt/airflow/dags/train_weather_pred.py for tasks to queue
[2025-07-22T10:27:46.669+0000] {logging_mixin.py:190} INFO - [2025-07-22T10:27:46.669+0000] {dagbag.py:588} INFO - Filling up the DagBag from /opt/airflow/dags/train_weather_pred.py
[2025-07-22T10:27:49.832+0000] {processor.py:925} INFO - DAG(s) 'train_weather_pred' retrieved from /opt/airflow/dags/train_weather_pred.py
[2025-07-22T10:27:49.855+0000] {logging_mixin.py:190} INFO - [2025-07-22T10:27:49.855+0000] {dag.py:3239} INFO - Sync 1 DAGs
[2025-07-22T10:27:49.874+0000] {logging_mixin.py:190} INFO - [2025-07-22T10:27:49.874+0000] {dag.py:4180} INFO - Setting next_dagrun for train_weather_pred to 2025-07-22 00:00:00+00:00, run_after=2025-07-23 00:00:00+00:00
[2025-07-22T10:27:49.891+0000] {processor.py:208} INFO - Processing /opt/airflow/dags/train_weather_pred.py took 3.231 seconds
[2025-07-22T10:28:20.994+0000] {processor.py:186} INFO - Started process (PID=48535) to work on /opt/airflow/dags/train_weather_pred.py
[2025-07-22T10:28:20.995+0000] {processor.py:914} INFO - Processing file /opt/airflow/dags/train_weather_pred.py for tasks to queue
[2025-07-22T10:28:20.997+0000] {logging_mixin.py:190} INFO - [2025-07-22T10:28:20.997+0000] {dagbag.py:588} INFO - Filling up the DagBag from /opt/airflow/dags/train_weather_pred.py
[2025-07-22T10:28:24.240+0000] {processor.py:925} INFO - DAG(s) 'train_weather_pred' retrieved from /opt/airflow/dags/train_weather_pred.py
[2025-07-22T10:28:24.261+0000] {logging_mixin.py:190} INFO - [2025-07-22T10:28:24.261+0000] {dag.py:3239} INFO - Sync 1 DAGs
[2025-07-22T10:28:24.280+0000] {logging_mixin.py:190} INFO - [2025-07-22T10:28:24.279+0000] {dag.py:4180} INFO - Setting next_dagrun for train_weather_pred to 2025-07-22 00:00:00+00:00, run_after=2025-07-23 00:00:00+00:00
[2025-07-22T10:28:24.295+0000] {processor.py:208} INFO - Processing /opt/airflow/dags/train_weather_pred.py took 3.307 seconds
[2025-07-22T10:28:55.389+0000] {processor.py:186} INFO - Started process (PID=48633) to work on /opt/airflow/dags/train_weather_pred.py
[2025-07-22T10:28:55.391+0000] {processor.py:914} INFO - Processing file /opt/airflow/dags/train_weather_pred.py for tasks to queue
[2025-07-22T10:28:55.393+0000] {logging_mixin.py:190} INFO - [2025-07-22T10:28:55.393+0000] {dagbag.py:588} INFO - Filling up the DagBag from /opt/airflow/dags/train_weather_pred.py
[2025-07-22T10:28:58.715+0000] {processor.py:925} INFO - DAG(s) 'train_weather_pred' retrieved from /opt/airflow/dags/train_weather_pred.py
[2025-07-22T10:28:58.736+0000] {logging_mixin.py:190} INFO - [2025-07-22T10:28:58.736+0000] {dag.py:3239} INFO - Sync 1 DAGs
[2025-07-22T10:28:58.755+0000] {logging_mixin.py:190} INFO - [2025-07-22T10:28:58.755+0000] {dag.py:4180} INFO - Setting next_dagrun for train_weather_pred to 2025-07-22 00:00:00+00:00, run_after=2025-07-23 00:00:00+00:00
[2025-07-22T10:28:58.772+0000] {processor.py:208} INFO - Processing /opt/airflow/dags/train_weather_pred.py took 3.388 seconds
[2025-07-22T10:29:29.931+0000] {processor.py:186} INFO - Started process (PID=48731) to work on /opt/airflow/dags/train_weather_pred.py
[2025-07-22T10:29:29.932+0000] {processor.py:914} INFO - Processing file /opt/airflow/dags/train_weather_pred.py for tasks to queue
[2025-07-22T10:29:29.934+0000] {logging_mixin.py:190} INFO - [2025-07-22T10:29:29.934+0000] {dagbag.py:588} INFO - Filling up the DagBag from /opt/airflow/dags/train_weather_pred.py
[2025-07-22T10:29:33.218+0000] {processor.py:925} INFO - DAG(s) 'train_weather_pred' retrieved from /opt/airflow/dags/train_weather_pred.py
[2025-07-22T10:29:33.238+0000] {logging_mixin.py:190} INFO - [2025-07-22T10:29:33.238+0000] {dag.py:3239} INFO - Sync 1 DAGs
[2025-07-22T10:29:33.256+0000] {logging_mixin.py:190} INFO - [2025-07-22T10:29:33.256+0000] {dag.py:4180} INFO - Setting next_dagrun for train_weather_pred to 2025-07-22 00:00:00+00:00, run_after=2025-07-23 00:00:00+00:00
[2025-07-22T10:29:33.269+0000] {processor.py:208} INFO - Processing /opt/airflow/dags/train_weather_pred.py took 3.344 seconds
[2025-07-22T10:30:05.037+0000] {processor.py:186} INFO - Started process (PID=48830) to work on /opt/airflow/dags/train_weather_pred.py
[2025-07-22T10:30:05.038+0000] {processor.py:914} INFO - Processing file /opt/airflow/dags/train_weather_pred.py for tasks to queue
[2025-07-22T10:30:05.040+0000] {logging_mixin.py:190} INFO - [2025-07-22T10:30:05.040+0000] {dagbag.py:588} INFO - Filling up the DagBag from /opt/airflow/dags/train_weather_pred.py
[2025-07-22T10:30:08.404+0000] {processor.py:925} INFO - DAG(s) 'train_weather_pred' retrieved from /opt/airflow/dags/train_weather_pred.py
[2025-07-22T10:30:08.425+0000] {logging_mixin.py:190} INFO - [2025-07-22T10:30:08.425+0000] {dag.py:3239} INFO - Sync 1 DAGs
[2025-07-22T10:30:08.446+0000] {logging_mixin.py:190} INFO - [2025-07-22T10:30:08.446+0000] {dag.py:4180} INFO - Setting next_dagrun for train_weather_pred to 2025-07-22 00:00:00+00:00, run_after=2025-07-23 00:00:00+00:00
[2025-07-22T10:30:08.462+0000] {processor.py:208} INFO - Processing /opt/airflow/dags/train_weather_pred.py took 3.430 seconds
[2025-07-22T10:30:39.599+0000] {processor.py:186} INFO - Started process (PID=48928) to work on /opt/airflow/dags/train_weather_pred.py
[2025-07-22T10:30:39.601+0000] {processor.py:914} INFO - Processing file /opt/airflow/dags/train_weather_pred.py for tasks to queue
[2025-07-22T10:30:39.603+0000] {logging_mixin.py:190} INFO - [2025-07-22T10:30:39.603+0000] {dagbag.py:588} INFO - Filling up the DagBag from /opt/airflow/dags/train_weather_pred.py
[2025-07-22T10:30:42.809+0000] {processor.py:925} INFO - DAG(s) 'train_weather_pred' retrieved from /opt/airflow/dags/train_weather_pred.py
[2025-07-22T10:30:42.830+0000] {logging_mixin.py:190} INFO - [2025-07-22T10:30:42.828+0000] {dag.py:3239} INFO - Sync 1 DAGs
[2025-07-22T10:30:42.848+0000] {logging_mixin.py:190} INFO - [2025-07-22T10:30:42.847+0000] {dag.py:4180} INFO - Setting next_dagrun for train_weather_pred to 2025-07-22 00:00:00+00:00, run_after=2025-07-23 00:00:00+00:00
[2025-07-22T10:30:42.863+0000] {processor.py:208} INFO - Processing /opt/airflow/dags/train_weather_pred.py took 3.269 seconds
[2025-07-22T10:31:14.686+0000] {processor.py:186} INFO - Started process (PID=49026) to work on /opt/airflow/dags/train_weather_pred.py
[2025-07-22T10:31:14.691+0000] {processor.py:914} INFO - Processing file /opt/airflow/dags/train_weather_pred.py for tasks to queue
[2025-07-22T10:31:14.703+0000] {logging_mixin.py:190} INFO - [2025-07-22T10:31:14.703+0000] {dagbag.py:588} INFO - Filling up the DagBag from /opt/airflow/dags/train_weather_pred.py
[2025-07-22T10:31:24.163+0000] {processor.py:925} INFO - DAG(s) 'train_weather_pred' retrieved from /opt/airflow/dags/train_weather_pred.py
[2025-07-22T10:31:24.236+0000] {logging_mixin.py:190} INFO - [2025-07-22T10:31:24.235+0000] {dag.py:3239} INFO - Sync 1 DAGs
[2025-07-22T10:31:24.305+0000] {logging_mixin.py:190} INFO - [2025-07-22T10:31:24.304+0000] {dag.py:4180} INFO - Setting next_dagrun for train_weather_pred to 2025-07-22 00:00:00+00:00, run_after=2025-07-23 00:00:00+00:00
[2025-07-22T10:31:24.363+0000] {processor.py:208} INFO - Processing /opt/airflow/dags/train_weather_pred.py took 9.699 seconds
[2025-07-22T10:31:56.070+0000] {processor.py:186} INFO - Started process (PID=49130) to work on /opt/airflow/dags/train_weather_pred.py
[2025-07-22T10:31:56.071+0000] {processor.py:914} INFO - Processing file /opt/airflow/dags/train_weather_pred.py for tasks to queue
[2025-07-22T10:31:56.073+0000] {logging_mixin.py:190} INFO - [2025-07-22T10:31:56.073+0000] {dagbag.py:588} INFO - Filling up the DagBag from /opt/airflow/dags/train_weather_pred.py
[2025-07-22T10:31:59.216+0000] {processor.py:925} INFO - DAG(s) 'train_weather_pred' retrieved from /opt/airflow/dags/train_weather_pred.py
[2025-07-22T10:31:59.237+0000] {logging_mixin.py:190} INFO - [2025-07-22T10:31:59.237+0000] {dag.py:3239} INFO - Sync 1 DAGs
[2025-07-22T10:31:59.255+0000] {logging_mixin.py:190} INFO - [2025-07-22T10:31:59.255+0000] {dag.py:4180} INFO - Setting next_dagrun for train_weather_pred to 2025-07-22 00:00:00+00:00, run_after=2025-07-23 00:00:00+00:00
[2025-07-22T10:31:59.271+0000] {processor.py:208} INFO - Processing /opt/airflow/dags/train_weather_pred.py took 3.206 seconds
[2025-07-22T10:32:31.141+0000] {processor.py:186} INFO - Started process (PID=49228) to work on /opt/airflow/dags/train_weather_pred.py
[2025-07-22T10:32:31.142+0000] {processor.py:914} INFO - Processing file /opt/airflow/dags/train_weather_pred.py for tasks to queue
[2025-07-22T10:32:31.144+0000] {logging_mixin.py:190} INFO - [2025-07-22T10:32:31.144+0000] {dagbag.py:588} INFO - Filling up the DagBag from /opt/airflow/dags/train_weather_pred.py
[2025-07-22T10:32:34.653+0000] {processor.py:925} INFO - DAG(s) 'train_weather_pred' retrieved from /opt/airflow/dags/train_weather_pred.py
[2025-07-22T10:32:34.677+0000] {logging_mixin.py:190} INFO - [2025-07-22T10:32:34.676+0000] {dag.py:3239} INFO - Sync 1 DAGs
[2025-07-22T10:32:34.698+0000] {logging_mixin.py:190} INFO - [2025-07-22T10:32:34.698+0000] {dag.py:4180} INFO - Setting next_dagrun for train_weather_pred to 2025-07-22 00:00:00+00:00, run_after=2025-07-23 00:00:00+00:00
[2025-07-22T10:32:34.716+0000] {processor.py:208} INFO - Processing /opt/airflow/dags/train_weather_pred.py took 3.580 seconds
[2025-07-22T10:33:05.948+0000] {processor.py:186} INFO - Started process (PID=49326) to work on /opt/airflow/dags/train_weather_pred.py
[2025-07-22T10:33:05.949+0000] {processor.py:914} INFO - Processing file /opt/airflow/dags/train_weather_pred.py for tasks to queue
[2025-07-22T10:33:05.952+0000] {logging_mixin.py:190} INFO - [2025-07-22T10:33:05.951+0000] {dagbag.py:588} INFO - Filling up the DagBag from /opt/airflow/dags/train_weather_pred.py
[2025-07-22T10:33:09.062+0000] {processor.py:925} INFO - DAG(s) 'train_weather_pred' retrieved from /opt/airflow/dags/train_weather_pred.py
[2025-07-22T10:33:09.083+0000] {logging_mixin.py:190} INFO - [2025-07-22T10:33:09.082+0000] {dag.py:3239} INFO - Sync 1 DAGs
[2025-07-22T10:33:09.103+0000] {logging_mixin.py:190} INFO - [2025-07-22T10:33:09.102+0000] {dag.py:4180} INFO - Setting next_dagrun for train_weather_pred to 2025-07-22 00:00:00+00:00, run_after=2025-07-23 00:00:00+00:00
[2025-07-22T10:33:09.117+0000] {processor.py:208} INFO - Processing /opt/airflow/dags/train_weather_pred.py took 3.174 seconds
[2025-07-22T10:33:40.939+0000] {processor.py:186} INFO - Started process (PID=49424) to work on /opt/airflow/dags/train_weather_pred.py
[2025-07-22T10:33:40.940+0000] {processor.py:914} INFO - Processing file /opt/airflow/dags/train_weather_pred.py for tasks to queue
[2025-07-22T10:33:40.942+0000] {logging_mixin.py:190} INFO - [2025-07-22T10:33:40.942+0000] {dagbag.py:588} INFO - Filling up the DagBag from /opt/airflow/dags/train_weather_pred.py
[2025-07-22T10:33:44.262+0000] {processor.py:925} INFO - DAG(s) 'train_weather_pred' retrieved from /opt/airflow/dags/train_weather_pred.py
[2025-07-22T10:33:44.285+0000] {logging_mixin.py:190} INFO - [2025-07-22T10:33:44.284+0000] {dag.py:3239} INFO - Sync 1 DAGs
[2025-07-22T10:33:44.305+0000] {logging_mixin.py:190} INFO - [2025-07-22T10:33:44.304+0000] {dag.py:4180} INFO - Setting next_dagrun for train_weather_pred to 2025-07-22 00:00:00+00:00, run_after=2025-07-23 00:00:00+00:00
[2025-07-22T10:33:44.322+0000] {processor.py:208} INFO - Processing /opt/airflow/dags/train_weather_pred.py took 3.389 seconds
[2025-07-22T10:34:16.081+0000] {processor.py:186} INFO - Started process (PID=49522) to work on /opt/airflow/dags/train_weather_pred.py
[2025-07-22T10:34:16.082+0000] {processor.py:914} INFO - Processing file /opt/airflow/dags/train_weather_pred.py for tasks to queue
[2025-07-22T10:34:16.084+0000] {logging_mixin.py:190} INFO - [2025-07-22T10:34:16.084+0000] {dagbag.py:588} INFO - Filling up the DagBag from /opt/airflow/dags/train_weather_pred.py
[2025-07-22T10:34:19.425+0000] {processor.py:925} INFO - DAG(s) 'train_weather_pred' retrieved from /opt/airflow/dags/train_weather_pred.py
[2025-07-22T10:34:19.449+0000] {logging_mixin.py:190} INFO - [2025-07-22T10:34:19.448+0000] {dag.py:3239} INFO - Sync 1 DAGs
[2025-07-22T10:34:19.467+0000] {logging_mixin.py:190} INFO - [2025-07-22T10:34:19.467+0000] {dag.py:4180} INFO - Setting next_dagrun for train_weather_pred to 2025-07-22 00:00:00+00:00, run_after=2025-07-23 00:00:00+00:00
[2025-07-22T10:34:19.484+0000] {processor.py:208} INFO - Processing /opt/airflow/dags/train_weather_pred.py took 3.409 seconds
[2025-07-22T10:34:51.464+0000] {processor.py:186} INFO - Started process (PID=49626) to work on /opt/airflow/dags/train_weather_pred.py
[2025-07-22T10:34:51.465+0000] {processor.py:914} INFO - Processing file /opt/airflow/dags/train_weather_pred.py for tasks to queue
[2025-07-22T10:34:51.468+0000] {logging_mixin.py:190} INFO - [2025-07-22T10:34:51.467+0000] {dagbag.py:588} INFO - Filling up the DagBag from /opt/airflow/dags/train_weather_pred.py
[2025-07-22T10:34:54.806+0000] {processor.py:925} INFO - DAG(s) 'train_weather_pred' retrieved from /opt/airflow/dags/train_weather_pred.py
[2025-07-22T10:34:54.829+0000] {logging_mixin.py:190} INFO - [2025-07-22T10:34:54.829+0000] {dag.py:3239} INFO - Sync 1 DAGs
[2025-07-22T10:34:54.849+0000] {logging_mixin.py:190} INFO - [2025-07-22T10:34:54.848+0000] {dag.py:4180} INFO - Setting next_dagrun for train_weather_pred to 2025-07-22 00:00:00+00:00, run_after=2025-07-23 00:00:00+00:00
[2025-07-22T10:34:54.872+0000] {processor.py:208} INFO - Processing /opt/airflow/dags/train_weather_pred.py took 3.415 seconds
[2025-07-22T10:35:26.294+0000] {processor.py:186} INFO - Started process (PID=49724) to work on /opt/airflow/dags/train_weather_pred.py
[2025-07-22T10:35:26.299+0000] {processor.py:914} INFO - Processing file /opt/airflow/dags/train_weather_pred.py for tasks to queue
[2025-07-22T10:35:26.306+0000] {logging_mixin.py:190} INFO - [2025-07-22T10:35:26.305+0000] {dagbag.py:588} INFO - Filling up the DagBag from /opt/airflow/dags/train_weather_pred.py
[2025-07-22T10:35:35.978+0000] {processor.py:925} INFO - DAG(s) 'train_weather_pred' retrieved from /opt/airflow/dags/train_weather_pred.py
[2025-07-22T10:35:36.048+0000] {logging_mixin.py:190} INFO - [2025-07-22T10:35:36.047+0000] {dag.py:3239} INFO - Sync 1 DAGs
[2025-07-22T10:35:36.118+0000] {logging_mixin.py:190} INFO - [2025-07-22T10:35:36.118+0000] {dag.py:4180} INFO - Setting next_dagrun for train_weather_pred to 2025-07-22 00:00:00+00:00, run_after=2025-07-23 00:00:00+00:00
[2025-07-22T10:35:36.183+0000] {processor.py:208} INFO - Processing /opt/airflow/dags/train_weather_pred.py took 9.910 seconds
[2025-07-22T10:36:08.001+0000] {processor.py:186} INFO - Started process (PID=49822) to work on /opt/airflow/dags/train_weather_pred.py
[2025-07-22T10:36:08.002+0000] {processor.py:914} INFO - Processing file /opt/airflow/dags/train_weather_pred.py for tasks to queue
[2025-07-22T10:36:08.004+0000] {logging_mixin.py:190} INFO - [2025-07-22T10:36:08.004+0000] {dagbag.py:588} INFO - Filling up the DagBag from /opt/airflow/dags/train_weather_pred.py
[2025-07-22T10:36:11.251+0000] {processor.py:925} INFO - DAG(s) 'train_weather_pred' retrieved from /opt/airflow/dags/train_weather_pred.py
[2025-07-22T10:36:11.272+0000] {logging_mixin.py:190} INFO - [2025-07-22T10:36:11.272+0000] {dag.py:3239} INFO - Sync 1 DAGs
[2025-07-22T10:36:11.291+0000] {logging_mixin.py:190} INFO - [2025-07-22T10:36:11.290+0000] {dag.py:4180} INFO - Setting next_dagrun for train_weather_pred to 2025-07-22 00:00:00+00:00, run_after=2025-07-23 00:00:00+00:00
[2025-07-22T10:36:11.304+0000] {processor.py:208} INFO - Processing /opt/airflow/dags/train_weather_pred.py took 3.309 seconds
[2025-07-22T10:36:43.260+0000] {processor.py:186} INFO - Started process (PID=49920) to work on /opt/airflow/dags/train_weather_pred.py
[2025-07-22T10:36:43.261+0000] {processor.py:914} INFO - Processing file /opt/airflow/dags/train_weather_pred.py for tasks to queue
[2025-07-22T10:36:43.263+0000] {logging_mixin.py:190} INFO - [2025-07-22T10:36:43.263+0000] {dagbag.py:588} INFO - Filling up the DagBag from /opt/airflow/dags/train_weather_pred.py
[2025-07-22T10:36:46.747+0000] {processor.py:925} INFO - DAG(s) 'train_weather_pred' retrieved from /opt/airflow/dags/train_weather_pred.py
[2025-07-22T10:36:46.773+0000] {logging_mixin.py:190} INFO - [2025-07-22T10:36:46.772+0000] {dag.py:3239} INFO - Sync 1 DAGs
[2025-07-22T10:36:46.796+0000] {logging_mixin.py:190} INFO - [2025-07-22T10:36:46.796+0000] {dag.py:4180} INFO - Setting next_dagrun for train_weather_pred to 2025-07-22 00:00:00+00:00, run_after=2025-07-23 00:00:00+00:00
[2025-07-22T10:36:46.814+0000] {processor.py:208} INFO - Processing /opt/airflow/dags/train_weather_pred.py took 3.560 seconds
[2025-07-22T10:37:18.468+0000] {processor.py:186} INFO - Started process (PID=50018) to work on /opt/airflow/dags/train_weather_pred.py
[2025-07-22T10:37:18.470+0000] {processor.py:914} INFO - Processing file /opt/airflow/dags/train_weather_pred.py for tasks to queue
[2025-07-22T10:37:18.473+0000] {logging_mixin.py:190} INFO - [2025-07-22T10:37:18.472+0000] {dagbag.py:588} INFO - Filling up the DagBag from /opt/airflow/dags/train_weather_pred.py
[2025-07-22T10:37:22.054+0000] {processor.py:925} INFO - DAG(s) 'train_weather_pred' retrieved from /opt/airflow/dags/train_weather_pred.py
[2025-07-22T10:37:22.081+0000] {logging_mixin.py:190} INFO - [2025-07-22T10:37:22.078+0000] {dag.py:3239} INFO - Sync 1 DAGs
[2025-07-22T10:37:22.103+0000] {logging_mixin.py:190} INFO - [2025-07-22T10:37:22.103+0000] {dag.py:4180} INFO - Setting next_dagrun for train_weather_pred to 2025-07-22 00:00:00+00:00, run_after=2025-07-23 00:00:00+00:00
[2025-07-22T10:37:22.119+0000] {processor.py:208} INFO - Processing /opt/airflow/dags/train_weather_pred.py took 3.659 seconds
[2025-07-22T10:37:53.686+0000] {processor.py:186} INFO - Started process (PID=50122) to work on /opt/airflow/dags/train_weather_pred.py
[2025-07-22T10:37:53.687+0000] {processor.py:914} INFO - Processing file /opt/airflow/dags/train_weather_pred.py for tasks to queue
[2025-07-22T10:37:53.689+0000] {logging_mixin.py:190} INFO - [2025-07-22T10:37:53.689+0000] {dagbag.py:588} INFO - Filling up the DagBag from /opt/airflow/dags/train_weather_pred.py
[2025-07-22T10:37:56.878+0000] {processor.py:925} INFO - DAG(s) 'train_weather_pred' retrieved from /opt/airflow/dags/train_weather_pred.py
[2025-07-22T10:37:56.900+0000] {logging_mixin.py:190} INFO - [2025-07-22T10:37:56.899+0000] {dag.py:3239} INFO - Sync 1 DAGs
[2025-07-22T10:37:56.919+0000] {logging_mixin.py:190} INFO - [2025-07-22T10:37:56.919+0000] {dag.py:4180} INFO - Setting next_dagrun for train_weather_pred to 2025-07-22 00:00:00+00:00, run_after=2025-07-23 00:00:00+00:00
[2025-07-22T10:37:56.935+0000] {processor.py:208} INFO - Processing /opt/airflow/dags/train_weather_pred.py took 3.256 seconds
[2025-07-22T10:38:28.738+0000] {processor.py:186} INFO - Started process (PID=50220) to work on /opt/airflow/dags/train_weather_pred.py
[2025-07-22T10:38:28.738+0000] {processor.py:914} INFO - Processing file /opt/airflow/dags/train_weather_pred.py for tasks to queue
[2025-07-22T10:38:28.740+0000] {logging_mixin.py:190} INFO - [2025-07-22T10:38:28.740+0000] {dagbag.py:588} INFO - Filling up the DagBag from /opt/airflow/dags/train_weather_pred.py
[2025-07-22T10:38:32.024+0000] {processor.py:925} INFO - DAG(s) 'train_weather_pred' retrieved from /opt/airflow/dags/train_weather_pred.py
[2025-07-22T10:38:32.056+0000] {logging_mixin.py:190} INFO - [2025-07-22T10:38:32.055+0000] {dag.py:3239} INFO - Sync 1 DAGs
[2025-07-22T10:38:32.080+0000] {logging_mixin.py:190} INFO - [2025-07-22T10:38:32.079+0000] {dag.py:4180} INFO - Setting next_dagrun for train_weather_pred to 2025-07-22 00:00:00+00:00, run_after=2025-07-23 00:00:00+00:00
[2025-07-22T10:38:32.099+0000] {processor.py:208} INFO - Processing /opt/airflow/dags/train_weather_pred.py took 3.367 seconds
[2025-07-22T10:39:04.058+0000] {processor.py:186} INFO - Started process (PID=50318) to work on /opt/airflow/dags/train_weather_pred.py
[2025-07-22T10:39:04.059+0000] {processor.py:914} INFO - Processing file /opt/airflow/dags/train_weather_pred.py for tasks to queue
[2025-07-22T10:39:04.061+0000] {logging_mixin.py:190} INFO - [2025-07-22T10:39:04.061+0000] {dagbag.py:588} INFO - Filling up the DagBag from /opt/airflow/dags/train_weather_pred.py
[2025-07-22T10:39:07.426+0000] {processor.py:925} INFO - DAG(s) 'train_weather_pred' retrieved from /opt/airflow/dags/train_weather_pred.py
[2025-07-22T10:39:07.448+0000] {logging_mixin.py:190} INFO - [2025-07-22T10:39:07.448+0000] {dag.py:3239} INFO - Sync 1 DAGs
[2025-07-22T10:39:07.468+0000] {logging_mixin.py:190} INFO - [2025-07-22T10:39:07.467+0000] {dag.py:4180} INFO - Setting next_dagrun for train_weather_pred to 2025-07-22 00:00:00+00:00, run_after=2025-07-23 00:00:00+00:00
[2025-07-22T10:39:07.487+0000] {processor.py:208} INFO - Processing /opt/airflow/dags/train_weather_pred.py took 3.434 seconds
[2025-07-22T10:39:39.353+0000] {processor.py:186} INFO - Started process (PID=50416) to work on /opt/airflow/dags/train_weather_pred.py
[2025-07-22T10:39:39.354+0000] {processor.py:914} INFO - Processing file /opt/airflow/dags/train_weather_pred.py for tasks to queue
[2025-07-22T10:39:39.356+0000] {logging_mixin.py:190} INFO - [2025-07-22T10:39:39.356+0000] {dagbag.py:588} INFO - Filling up the DagBag from /opt/airflow/dags/train_weather_pred.py
[2025-07-22T10:39:42.654+0000] {processor.py:925} INFO - DAG(s) 'train_weather_pred' retrieved from /opt/airflow/dags/train_weather_pred.py
[2025-07-22T10:39:42.678+0000] {logging_mixin.py:190} INFO - [2025-07-22T10:39:42.677+0000] {dag.py:3239} INFO - Sync 1 DAGs
[2025-07-22T10:39:42.697+0000] {logging_mixin.py:190} INFO - [2025-07-22T10:39:42.697+0000] {dag.py:4180} INFO - Setting next_dagrun for train_weather_pred to 2025-07-22 00:00:00+00:00, run_after=2025-07-23 00:00:00+00:00
[2025-07-22T10:39:42.715+0000] {processor.py:208} INFO - Processing /opt/airflow/dags/train_weather_pred.py took 3.367 seconds
[2025-07-22T10:40:14.701+0000] {processor.py:186} INFO - Started process (PID=50514) to work on /opt/airflow/dags/train_weather_pred.py
[2025-07-22T10:40:14.702+0000] {processor.py:914} INFO - Processing file /opt/airflow/dags/train_weather_pred.py for tasks to queue
[2025-07-22T10:40:14.705+0000] {logging_mixin.py:190} INFO - [2025-07-22T10:40:14.705+0000] {dagbag.py:588} INFO - Filling up the DagBag from /opt/airflow/dags/train_weather_pred.py
[2025-07-22T10:40:18.197+0000] {processor.py:925} INFO - DAG(s) 'train_weather_pred' retrieved from /opt/airflow/dags/train_weather_pred.py
[2025-07-22T10:40:18.220+0000] {logging_mixin.py:190} INFO - [2025-07-22T10:40:18.220+0000] {dag.py:3239} INFO - Sync 1 DAGs
[2025-07-22T10:40:18.242+0000] {logging_mixin.py:190} INFO - [2025-07-22T10:40:18.242+0000] {dag.py:4180} INFO - Setting next_dagrun for train_weather_pred to 2025-07-22 00:00:00+00:00, run_after=2025-07-23 00:00:00+00:00
[2025-07-22T10:40:18.261+0000] {processor.py:208} INFO - Processing /opt/airflow/dags/train_weather_pred.py took 3.566 seconds
[2025-07-22T10:40:50.148+0000] {processor.py:186} INFO - Started process (PID=50612) to work on /opt/airflow/dags/train_weather_pred.py
[2025-07-22T10:40:50.149+0000] {processor.py:914} INFO - Processing file /opt/airflow/dags/train_weather_pred.py for tasks to queue
[2025-07-22T10:40:50.152+0000] {logging_mixin.py:190} INFO - [2025-07-22T10:40:50.151+0000] {dagbag.py:588} INFO - Filling up the DagBag from /opt/airflow/dags/train_weather_pred.py
[2025-07-22T10:40:53.458+0000] {processor.py:925} INFO - DAG(s) 'train_weather_pred' retrieved from /opt/airflow/dags/train_weather_pred.py
[2025-07-22T10:40:53.480+0000] {logging_mixin.py:190} INFO - [2025-07-22T10:40:53.480+0000] {dag.py:3239} INFO - Sync 1 DAGs
[2025-07-22T10:40:53.498+0000] {logging_mixin.py:190} INFO - [2025-07-22T10:40:53.498+0000] {dag.py:4180} INFO - Setting next_dagrun for train_weather_pred to 2025-07-22 00:00:00+00:00, run_after=2025-07-23 00:00:00+00:00
[2025-07-22T10:40:53.514+0000] {processor.py:208} INFO - Processing /opt/airflow/dags/train_weather_pred.py took 3.373 seconds
[2025-07-22T10:41:25.210+0000] {processor.py:186} INFO - Started process (PID=50716) to work on /opt/airflow/dags/train_weather_pred.py
[2025-07-22T10:41:25.211+0000] {processor.py:914} INFO - Processing file /opt/airflow/dags/train_weather_pred.py for tasks to queue
[2025-07-22T10:41:25.213+0000] {logging_mixin.py:190} INFO - [2025-07-22T10:41:25.213+0000] {dagbag.py:588} INFO - Filling up the DagBag from /opt/airflow/dags/train_weather_pred.py
[2025-07-22T10:41:28.508+0000] {processor.py:925} INFO - DAG(s) 'train_weather_pred' retrieved from /opt/airflow/dags/train_weather_pred.py
[2025-07-22T10:41:28.532+0000] {logging_mixin.py:190} INFO - [2025-07-22T10:41:28.531+0000] {dag.py:3239} INFO - Sync 1 DAGs
[2025-07-22T10:41:28.550+0000] {logging_mixin.py:190} INFO - [2025-07-22T10:41:28.550+0000] {dag.py:4180} INFO - Setting next_dagrun for train_weather_pred to 2025-07-22 00:00:00+00:00, run_after=2025-07-23 00:00:00+00:00
[2025-07-22T10:41:28.567+0000] {processor.py:208} INFO - Processing /opt/airflow/dags/train_weather_pred.py took 3.363 seconds
[2025-07-22T10:41:59.627+0000] {processor.py:186} INFO - Started process (PID=50814) to work on /opt/airflow/dags/train_weather_pred.py
[2025-07-22T10:41:59.628+0000] {processor.py:914} INFO - Processing file /opt/airflow/dags/train_weather_pred.py for tasks to queue
[2025-07-22T10:41:59.630+0000] {logging_mixin.py:190} INFO - [2025-07-22T10:41:59.630+0000] {dagbag.py:588} INFO - Filling up the DagBag from /opt/airflow/dags/train_weather_pred.py
[2025-07-22T10:42:03.174+0000] {processor.py:925} INFO - DAG(s) 'train_weather_pred' retrieved from /opt/airflow/dags/train_weather_pred.py
[2025-07-22T10:42:03.196+0000] {logging_mixin.py:190} INFO - [2025-07-22T10:42:03.196+0000] {dag.py:3239} INFO - Sync 1 DAGs
[2025-07-22T10:42:03.215+0000] {logging_mixin.py:190} INFO - [2025-07-22T10:42:03.214+0000] {dag.py:4180} INFO - Setting next_dagrun for train_weather_pred to 2025-07-22 00:00:00+00:00, run_after=2025-07-23 00:00:00+00:00
[2025-07-22T10:42:03.232+0000] {processor.py:208} INFO - Processing /opt/airflow/dags/train_weather_pred.py took 3.611 seconds
[2025-07-22T10:42:34.638+0000] {processor.py:186} INFO - Started process (PID=50912) to work on /opt/airflow/dags/train_weather_pred.py
[2025-07-22T10:42:34.639+0000] {processor.py:914} INFO - Processing file /opt/airflow/dags/train_weather_pred.py for tasks to queue
[2025-07-22T10:42:34.642+0000] {logging_mixin.py:190} INFO - [2025-07-22T10:42:34.641+0000] {dagbag.py:588} INFO - Filling up the DagBag from /opt/airflow/dags/train_weather_pred.py
[2025-07-22T10:42:37.988+0000] {processor.py:925} INFO - DAG(s) 'train_weather_pred' retrieved from /opt/airflow/dags/train_weather_pred.py
[2025-07-22T10:42:38.013+0000] {logging_mixin.py:190} INFO - [2025-07-22T10:42:38.013+0000] {dag.py:3239} INFO - Sync 1 DAGs
[2025-07-22T10:42:38.032+0000] {logging_mixin.py:190} INFO - [2025-07-22T10:42:38.031+0000] {dag.py:4180} INFO - Setting next_dagrun for train_weather_pred to 2025-07-22 00:00:00+00:00, run_after=2025-07-23 00:00:00+00:00
[2025-07-22T10:42:38.048+0000] {processor.py:208} INFO - Processing /opt/airflow/dags/train_weather_pred.py took 3.417 seconds
[2025-07-22T10:43:09.926+0000] {processor.py:186} INFO - Started process (PID=51010) to work on /opt/airflow/dags/train_weather_pred.py
[2025-07-22T10:43:09.927+0000] {processor.py:914} INFO - Processing file /opt/airflow/dags/train_weather_pred.py for tasks to queue
[2025-07-22T10:43:09.933+0000] {logging_mixin.py:190} INFO - [2025-07-22T10:43:09.933+0000] {dagbag.py:588} INFO - Filling up the DagBag from /opt/airflow/dags/train_weather_pred.py
[2025-07-22T10:43:17.756+0000] {processor.py:925} INFO - DAG(s) 'train_weather_pred' retrieved from /opt/airflow/dags/train_weather_pred.py
[2025-07-22T10:43:17.823+0000] {logging_mixin.py:190} INFO - [2025-07-22T10:43:17.821+0000] {dag.py:3239} INFO - Sync 1 DAGs
[2025-07-22T10:43:17.884+0000] {logging_mixin.py:190} INFO - [2025-07-22T10:43:17.884+0000] {dag.py:4180} INFO - Setting next_dagrun for train_weather_pred to 2025-07-22 00:00:00+00:00, run_after=2025-07-23 00:00:00+00:00
[2025-07-22T10:43:17.938+0000] {processor.py:208} INFO - Processing /opt/airflow/dags/train_weather_pred.py took 8.027 seconds
[2025-07-22T10:43:49.630+0000] {processor.py:186} INFO - Started process (PID=51108) to work on /opt/airflow/dags/train_weather_pred.py
[2025-07-22T10:43:49.631+0000] {processor.py:914} INFO - Processing file /opt/airflow/dags/train_weather_pred.py for tasks to queue
[2025-07-22T10:43:49.633+0000] {logging_mixin.py:190} INFO - [2025-07-22T10:43:49.633+0000] {dagbag.py:588} INFO - Filling up the DagBag from /opt/airflow/dags/train_weather_pred.py
[2025-07-22T10:43:52.941+0000] {processor.py:925} INFO - DAG(s) 'train_weather_pred' retrieved from /opt/airflow/dags/train_weather_pred.py
[2025-07-22T10:43:52.965+0000] {logging_mixin.py:190} INFO - [2025-07-22T10:43:52.964+0000] {dag.py:3239} INFO - Sync 1 DAGs
[2025-07-22T10:43:52.984+0000] {logging_mixin.py:190} INFO - [2025-07-22T10:43:52.984+0000] {dag.py:4180} INFO - Setting next_dagrun for train_weather_pred to 2025-07-22 00:00:00+00:00, run_after=2025-07-23 00:00:00+00:00
[2025-07-22T10:43:52.999+0000] {processor.py:208} INFO - Processing /opt/airflow/dags/train_weather_pred.py took 3.376 seconds
[2025-07-22T10:44:24.225+0000] {processor.py:186} INFO - Started process (PID=51212) to work on /opt/airflow/dags/train_weather_pred.py
[2025-07-22T10:44:24.226+0000] {processor.py:914} INFO - Processing file /opt/airflow/dags/train_weather_pred.py for tasks to queue
[2025-07-22T10:44:24.228+0000] {logging_mixin.py:190} INFO - [2025-07-22T10:44:24.228+0000] {dagbag.py:588} INFO - Filling up the DagBag from /opt/airflow/dags/train_weather_pred.py
[2025-07-22T10:44:27.452+0000] {processor.py:925} INFO - DAG(s) 'train_weather_pred' retrieved from /opt/airflow/dags/train_weather_pred.py
[2025-07-22T10:44:27.476+0000] {logging_mixin.py:190} INFO - [2025-07-22T10:44:27.476+0000] {dag.py:3239} INFO - Sync 1 DAGs
[2025-07-22T10:44:27.496+0000] {logging_mixin.py:190} INFO - [2025-07-22T10:44:27.495+0000] {dag.py:4180} INFO - Setting next_dagrun for train_weather_pred to 2025-07-22 00:00:00+00:00, run_after=2025-07-23 00:00:00+00:00
[2025-07-22T10:44:27.510+0000] {processor.py:208} INFO - Processing /opt/airflow/dags/train_weather_pred.py took 3.291 seconds
[2025-07-22T10:44:58.580+0000] {processor.py:186} INFO - Started process (PID=51310) to work on /opt/airflow/dags/train_weather_pred.py
[2025-07-22T10:44:58.581+0000] {processor.py:914} INFO - Processing file /opt/airflow/dags/train_weather_pred.py for tasks to queue
[2025-07-22T10:44:58.583+0000] {logging_mixin.py:190} INFO - [2025-07-22T10:44:58.583+0000] {dagbag.py:588} INFO - Filling up the DagBag from /opt/airflow/dags/train_weather_pred.py
[2025-07-22T10:45:01.931+0000] {processor.py:925} INFO - DAG(s) 'train_weather_pred' retrieved from /opt/airflow/dags/train_weather_pred.py
[2025-07-22T10:45:01.953+0000] {logging_mixin.py:190} INFO - [2025-07-22T10:45:01.953+0000] {dag.py:3239} INFO - Sync 1 DAGs
[2025-07-22T10:45:01.972+0000] {logging_mixin.py:190} INFO - [2025-07-22T10:45:01.972+0000] {dag.py:4180} INFO - Setting next_dagrun for train_weather_pred to 2025-07-22 00:00:00+00:00, run_after=2025-07-23 00:00:00+00:00
[2025-07-22T10:45:01.988+0000] {processor.py:208} INFO - Processing /opt/airflow/dags/train_weather_pred.py took 3.413 seconds
[2025-07-22T10:45:33.332+0000] {processor.py:186} INFO - Started process (PID=51408) to work on /opt/airflow/dags/train_weather_pred.py
[2025-07-22T10:45:33.333+0000] {processor.py:914} INFO - Processing file /opt/airflow/dags/train_weather_pred.py for tasks to queue
[2025-07-22T10:45:33.335+0000] {logging_mixin.py:190} INFO - [2025-07-22T10:45:33.335+0000] {dagbag.py:588} INFO - Filling up the DagBag from /opt/airflow/dags/train_weather_pred.py
[2025-07-22T10:45:36.664+0000] {processor.py:925} INFO - DAG(s) 'train_weather_pred' retrieved from /opt/airflow/dags/train_weather_pred.py
[2025-07-22T10:45:36.688+0000] {logging_mixin.py:190} INFO - [2025-07-22T10:45:36.687+0000] {dag.py:3239} INFO - Sync 1 DAGs
[2025-07-22T10:45:36.708+0000] {logging_mixin.py:190} INFO - [2025-07-22T10:45:36.708+0000] {dag.py:4180} INFO - Setting next_dagrun for train_weather_pred to 2025-07-22 00:00:00+00:00, run_after=2025-07-23 00:00:00+00:00
[2025-07-22T10:45:36.726+0000] {processor.py:208} INFO - Processing /opt/airflow/dags/train_weather_pred.py took 3.400 seconds
[2025-07-22T10:46:08.768+0000] {processor.py:186} INFO - Started process (PID=51506) to work on /opt/airflow/dags/train_weather_pred.py
[2025-07-22T10:46:08.770+0000] {processor.py:914} INFO - Processing file /opt/airflow/dags/train_weather_pred.py for tasks to queue
[2025-07-22T10:46:08.773+0000] {logging_mixin.py:190} INFO - [2025-07-22T10:46:08.773+0000] {dagbag.py:588} INFO - Filling up the DagBag from /opt/airflow/dags/train_weather_pred.py
[2025-07-22T10:46:12.008+0000] {processor.py:925} INFO - DAG(s) 'train_weather_pred' retrieved from /opt/airflow/dags/train_weather_pred.py
[2025-07-22T10:46:12.030+0000] {logging_mixin.py:190} INFO - [2025-07-22T10:46:12.030+0000] {dag.py:3239} INFO - Sync 1 DAGs
[2025-07-22T10:46:12.048+0000] {logging_mixin.py:190} INFO - [2025-07-22T10:46:12.048+0000] {dag.py:4180} INFO - Setting next_dagrun for train_weather_pred to 2025-07-22 00:00:00+00:00, run_after=2025-07-23 00:00:00+00:00
[2025-07-22T10:46:12.065+0000] {processor.py:208} INFO - Processing /opt/airflow/dags/train_weather_pred.py took 3.304 seconds
[2025-07-22T10:46:44.214+0000] {processor.py:186} INFO - Started process (PID=51604) to work on /opt/airflow/dags/train_weather_pred.py
[2025-07-22T10:46:44.215+0000] {processor.py:914} INFO - Processing file /opt/airflow/dags/train_weather_pred.py for tasks to queue
[2025-07-22T10:46:44.217+0000] {logging_mixin.py:190} INFO - [2025-07-22T10:46:44.217+0000] {dagbag.py:588} INFO - Filling up the DagBag from /opt/airflow/dags/train_weather_pred.py
[2025-07-22T10:46:47.510+0000] {processor.py:925} INFO - DAG(s) 'train_weather_pred' retrieved from /opt/airflow/dags/train_weather_pred.py
[2025-07-22T10:46:47.534+0000] {logging_mixin.py:190} INFO - [2025-07-22T10:46:47.534+0000] {dag.py:3239} INFO - Sync 1 DAGs
[2025-07-22T10:46:47.553+0000] {logging_mixin.py:190} INFO - [2025-07-22T10:46:47.553+0000] {dag.py:4180} INFO - Setting next_dagrun for train_weather_pred to 2025-07-22 00:00:00+00:00, run_after=2025-07-23 00:00:00+00:00
[2025-07-22T10:46:47.569+0000] {processor.py:208} INFO - Processing /opt/airflow/dags/train_weather_pred.py took 3.361 seconds
[2025-07-22T10:47:19.503+0000] {processor.py:186} INFO - Started process (PID=51702) to work on /opt/airflow/dags/train_weather_pred.py
[2025-07-22T10:47:19.504+0000] {processor.py:914} INFO - Processing file /opt/airflow/dags/train_weather_pred.py for tasks to queue
[2025-07-22T10:47:19.505+0000] {logging_mixin.py:190} INFO - [2025-07-22T10:47:19.505+0000] {dagbag.py:588} INFO - Filling up the DagBag from /opt/airflow/dags/train_weather_pred.py
[2025-07-22T10:47:22.859+0000] {processor.py:925} INFO - DAG(s) 'train_weather_pred' retrieved from /opt/airflow/dags/train_weather_pred.py
[2025-07-22T10:47:22.879+0000] {logging_mixin.py:190} INFO - [2025-07-22T10:47:22.879+0000] {dag.py:3239} INFO - Sync 1 DAGs
[2025-07-22T10:47:22.898+0000] {logging_mixin.py:190} INFO - [2025-07-22T10:47:22.897+0000] {dag.py:4180} INFO - Setting next_dagrun for train_weather_pred to 2025-07-22 00:00:00+00:00, run_after=2025-07-23 00:00:00+00:00
[2025-07-22T10:47:22.912+0000] {processor.py:208} INFO - Processing /opt/airflow/dags/train_weather_pred.py took 3.415 seconds
[2025-07-22T10:47:54.578+0000] {processor.py:186} INFO - Started process (PID=51806) to work on /opt/airflow/dags/train_weather_pred.py
[2025-07-22T10:47:54.580+0000] {processor.py:914} INFO - Processing file /opt/airflow/dags/train_weather_pred.py for tasks to queue
[2025-07-22T10:47:54.582+0000] {logging_mixin.py:190} INFO - [2025-07-22T10:47:54.582+0000] {dagbag.py:588} INFO - Filling up the DagBag from /opt/airflow/dags/train_weather_pred.py
[2025-07-22T10:47:58.015+0000] {processor.py:925} INFO - DAG(s) 'train_weather_pred' retrieved from /opt/airflow/dags/train_weather_pred.py
[2025-07-22T10:47:58.040+0000] {logging_mixin.py:190} INFO - [2025-07-22T10:47:58.039+0000] {dag.py:3239} INFO - Sync 1 DAGs
[2025-07-22T10:47:58.060+0000] {logging_mixin.py:190} INFO - [2025-07-22T10:47:58.059+0000] {dag.py:4180} INFO - Setting next_dagrun for train_weather_pred to 2025-07-22 00:00:00+00:00, run_after=2025-07-23 00:00:00+00:00
[2025-07-22T10:47:58.075+0000] {processor.py:208} INFO - Processing /opt/airflow/dags/train_weather_pred.py took 3.503 seconds
[2025-07-22T10:48:29.893+0000] {processor.py:186} INFO - Started process (PID=51904) to work on /opt/airflow/dags/train_weather_pred.py
[2025-07-22T10:48:29.894+0000] {processor.py:914} INFO - Processing file /opt/airflow/dags/train_weather_pred.py for tasks to queue
[2025-07-22T10:48:29.896+0000] {logging_mixin.py:190} INFO - [2025-07-22T10:48:29.896+0000] {dagbag.py:588} INFO - Filling up the DagBag from /opt/airflow/dags/train_weather_pred.py
[2025-07-22T10:48:33.159+0000] {processor.py:925} INFO - DAG(s) 'train_weather_pred' retrieved from /opt/airflow/dags/train_weather_pred.py
[2025-07-22T10:48:33.181+0000] {logging_mixin.py:190} INFO - [2025-07-22T10:48:33.181+0000] {dag.py:3239} INFO - Sync 1 DAGs
[2025-07-22T10:48:33.201+0000] {logging_mixin.py:190} INFO - [2025-07-22T10:48:33.201+0000] {dag.py:4180} INFO - Setting next_dagrun for train_weather_pred to 2025-07-22 00:00:00+00:00, run_after=2025-07-23 00:00:00+00:00
[2025-07-22T10:48:33.220+0000] {processor.py:208} INFO - Processing /opt/airflow/dags/train_weather_pred.py took 3.332 seconds
[2025-07-22T10:49:05.135+0000] {processor.py:186} INFO - Started process (PID=52002) to work on /opt/airflow/dags/train_weather_pred.py
[2025-07-22T10:49:05.136+0000] {processor.py:914} INFO - Processing file /opt/airflow/dags/train_weather_pred.py for tasks to queue
[2025-07-22T10:49:05.138+0000] {logging_mixin.py:190} INFO - [2025-07-22T10:49:05.138+0000] {dagbag.py:588} INFO - Filling up the DagBag from /opt/airflow/dags/train_weather_pred.py
[2025-07-22T10:49:08.499+0000] {processor.py:925} INFO - DAG(s) 'train_weather_pred' retrieved from /opt/airflow/dags/train_weather_pred.py
[2025-07-22T10:49:08.521+0000] {logging_mixin.py:190} INFO - [2025-07-22T10:49:08.521+0000] {dag.py:3239} INFO - Sync 1 DAGs
[2025-07-22T10:49:08.540+0000] {logging_mixin.py:190} INFO - [2025-07-22T10:49:08.540+0000] {dag.py:4180} INFO - Setting next_dagrun for train_weather_pred to 2025-07-22 00:00:00+00:00, run_after=2025-07-23 00:00:00+00:00
[2025-07-22T10:49:08.558+0000] {processor.py:208} INFO - Processing /opt/airflow/dags/train_weather_pred.py took 3.428 seconds
[2025-07-22T10:49:40.491+0000] {processor.py:186} INFO - Started process (PID=52100) to work on /opt/airflow/dags/train_weather_pred.py
[2025-07-22T10:49:40.493+0000] {processor.py:914} INFO - Processing file /opt/airflow/dags/train_weather_pred.py for tasks to queue
[2025-07-22T10:49:40.495+0000] {logging_mixin.py:190} INFO - [2025-07-22T10:49:40.494+0000] {dagbag.py:588} INFO - Filling up the DagBag from /opt/airflow/dags/train_weather_pred.py
[2025-07-22T10:49:43.771+0000] {processor.py:925} INFO - DAG(s) 'train_weather_pred' retrieved from /opt/airflow/dags/train_weather_pred.py
[2025-07-22T10:49:43.793+0000] {logging_mixin.py:190} INFO - [2025-07-22T10:49:43.793+0000] {dag.py:3239} INFO - Sync 1 DAGs
[2025-07-22T10:49:43.812+0000] {logging_mixin.py:190} INFO - [2025-07-22T10:49:43.812+0000] {dag.py:4180} INFO - Setting next_dagrun for train_weather_pred to 2025-07-22 00:00:00+00:00, run_after=2025-07-23 00:00:00+00:00
[2025-07-22T10:49:43.828+0000] {processor.py:208} INFO - Processing /opt/airflow/dags/train_weather_pred.py took 3.343 seconds
[2025-07-22T10:50:14.993+0000] {processor.py:186} INFO - Started process (PID=52198) to work on /opt/airflow/dags/train_weather_pred.py
[2025-07-22T10:50:14.994+0000] {processor.py:914} INFO - Processing file /opt/airflow/dags/train_weather_pred.py for tasks to queue
[2025-07-22T10:50:14.996+0000] {logging_mixin.py:190} INFO - [2025-07-22T10:50:14.996+0000] {dagbag.py:588} INFO - Filling up the DagBag from /opt/airflow/dags/train_weather_pred.py
[2025-07-22T10:50:18.334+0000] {processor.py:925} INFO - DAG(s) 'train_weather_pred' retrieved from /opt/airflow/dags/train_weather_pred.py
[2025-07-22T10:50:18.356+0000] {logging_mixin.py:190} INFO - [2025-07-22T10:50:18.356+0000] {dag.py:3239} INFO - Sync 1 DAGs
[2025-07-22T10:50:18.376+0000] {logging_mixin.py:190} INFO - [2025-07-22T10:50:18.376+0000] {dag.py:4180} INFO - Setting next_dagrun for train_weather_pred to 2025-07-22 00:00:00+00:00, run_after=2025-07-23 00:00:00+00:00
[2025-07-22T10:50:18.390+0000] {processor.py:208} INFO - Processing /opt/airflow/dags/train_weather_pred.py took 3.403 seconds
[2025-07-22T10:50:49.698+0000] {processor.py:186} INFO - Started process (PID=52296) to work on /opt/airflow/dags/train_weather_pred.py
[2025-07-22T10:50:49.699+0000] {processor.py:914} INFO - Processing file /opt/airflow/dags/train_weather_pred.py for tasks to queue
[2025-07-22T10:50:49.702+0000] {logging_mixin.py:190} INFO - [2025-07-22T10:50:49.702+0000] {dagbag.py:588} INFO - Filling up the DagBag from /opt/airflow/dags/train_weather_pred.py
[2025-07-22T10:50:53.173+0000] {processor.py:925} INFO - DAG(s) 'train_weather_pred' retrieved from /opt/airflow/dags/train_weather_pred.py
[2025-07-22T10:50:53.196+0000] {logging_mixin.py:190} INFO - [2025-07-22T10:50:53.196+0000] {dag.py:3239} INFO - Sync 1 DAGs
[2025-07-22T10:50:53.215+0000] {logging_mixin.py:190} INFO - [2025-07-22T10:50:53.215+0000] {dag.py:4180} INFO - Setting next_dagrun for train_weather_pred to 2025-07-22 00:00:00+00:00, run_after=2025-07-23 00:00:00+00:00
[2025-07-22T10:50:53.230+0000] {processor.py:208} INFO - Processing /opt/airflow/dags/train_weather_pred.py took 3.539 seconds
[2025-07-22T10:51:25.042+0000] {processor.py:186} INFO - Started process (PID=52400) to work on /opt/airflow/dags/train_weather_pred.py
[2025-07-22T10:51:25.044+0000] {processor.py:914} INFO - Processing file /opt/airflow/dags/train_weather_pred.py for tasks to queue
[2025-07-22T10:51:25.046+0000] {logging_mixin.py:190} INFO - [2025-07-22T10:51:25.046+0000] {dagbag.py:588} INFO - Filling up the DagBag from /opt/airflow/dags/train_weather_pred.py
[2025-07-22T10:51:28.307+0000] {processor.py:925} INFO - DAG(s) 'train_weather_pred' retrieved from /opt/airflow/dags/train_weather_pred.py
[2025-07-22T10:51:28.331+0000] {logging_mixin.py:190} INFO - [2025-07-22T10:51:28.330+0000] {dag.py:3239} INFO - Sync 1 DAGs
[2025-07-22T10:51:28.351+0000] {logging_mixin.py:190} INFO - [2025-07-22T10:51:28.351+0000] {dag.py:4180} INFO - Setting next_dagrun for train_weather_pred to 2025-07-22 00:00:00+00:00, run_after=2025-07-23 00:00:00+00:00
[2025-07-22T10:51:28.369+0000] {processor.py:208} INFO - Processing /opt/airflow/dags/train_weather_pred.py took 3.333 seconds
[2025-07-22T10:51:59.456+0000] {processor.py:186} INFO - Started process (PID=52498) to work on /opt/airflow/dags/train_weather_pred.py
[2025-07-22T10:51:59.457+0000] {processor.py:914} INFO - Processing file /opt/airflow/dags/train_weather_pred.py for tasks to queue
[2025-07-22T10:51:59.460+0000] {logging_mixin.py:190} INFO - [2025-07-22T10:51:59.459+0000] {dagbag.py:588} INFO - Filling up the DagBag from /opt/airflow/dags/train_weather_pred.py
[2025-07-22T10:52:02.817+0000] {processor.py:925} INFO - DAG(s) 'train_weather_pred' retrieved from /opt/airflow/dags/train_weather_pred.py
[2025-07-22T10:52:02.842+0000] {logging_mixin.py:190} INFO - [2025-07-22T10:52:02.841+0000] {dag.py:3239} INFO - Sync 1 DAGs
[2025-07-22T10:52:02.865+0000] {logging_mixin.py:190} INFO - [2025-07-22T10:52:02.865+0000] {dag.py:4180} INFO - Setting next_dagrun for train_weather_pred to 2025-07-22 00:00:00+00:00, run_after=2025-07-23 00:00:00+00:00
[2025-07-22T10:52:02.886+0000] {processor.py:208} INFO - Processing /opt/airflow/dags/train_weather_pred.py took 3.435 seconds
[2025-07-22T10:52:34.045+0000] {processor.py:186} INFO - Started process (PID=52596) to work on /opt/airflow/dags/train_weather_pred.py
[2025-07-22T10:52:34.046+0000] {processor.py:914} INFO - Processing file /opt/airflow/dags/train_weather_pred.py for tasks to queue
[2025-07-22T10:52:34.048+0000] {logging_mixin.py:190} INFO - [2025-07-22T10:52:34.048+0000] {dagbag.py:588} INFO - Filling up the DagBag from /opt/airflow/dags/train_weather_pred.py
[2025-07-22T10:52:37.508+0000] {processor.py:925} INFO - DAG(s) 'train_weather_pred' retrieved from /opt/airflow/dags/train_weather_pred.py
[2025-07-22T10:52:37.528+0000] {logging_mixin.py:190} INFO - [2025-07-22T10:52:37.528+0000] {dag.py:3239} INFO - Sync 1 DAGs
[2025-07-22T10:52:37.546+0000] {logging_mixin.py:190} INFO - [2025-07-22T10:52:37.546+0000] {dag.py:4180} INFO - Setting next_dagrun for train_weather_pred to 2025-07-22 00:00:00+00:00, run_after=2025-07-23 00:00:00+00:00
[2025-07-22T10:52:37.562+0000] {processor.py:208} INFO - Processing /opt/airflow/dags/train_weather_pred.py took 3.522 seconds
[2025-07-22T10:53:09.412+0000] {processor.py:186} INFO - Started process (PID=52694) to work on /opt/airflow/dags/train_weather_pred.py
[2025-07-22T10:53:09.413+0000] {processor.py:914} INFO - Processing file /opt/airflow/dags/train_weather_pred.py for tasks to queue
[2025-07-22T10:53:09.416+0000] {logging_mixin.py:190} INFO - [2025-07-22T10:53:09.416+0000] {dagbag.py:588} INFO - Filling up the DagBag from /opt/airflow/dags/train_weather_pred.py
[2025-07-22T10:53:12.682+0000] {processor.py:925} INFO - DAG(s) 'train_weather_pred' retrieved from /opt/airflow/dags/train_weather_pred.py
[2025-07-22T10:53:12.706+0000] {logging_mixin.py:190} INFO - [2025-07-22T10:53:12.705+0000] {dag.py:3239} INFO - Sync 1 DAGs
[2025-07-22T10:53:12.725+0000] {logging_mixin.py:190} INFO - [2025-07-22T10:53:12.724+0000] {dag.py:4180} INFO - Setting next_dagrun for train_weather_pred to 2025-07-22 00:00:00+00:00, run_after=2025-07-23 00:00:00+00:00
[2025-07-22T10:53:12.741+0000] {processor.py:208} INFO - Processing /opt/airflow/dags/train_weather_pred.py took 3.337 seconds
[2025-07-22T10:53:44.327+0000] {processor.py:186} INFO - Started process (PID=52792) to work on /opt/airflow/dags/train_weather_pred.py
[2025-07-22T10:53:44.328+0000] {processor.py:914} INFO - Processing file /opt/airflow/dags/train_weather_pred.py for tasks to queue
[2025-07-22T10:53:44.330+0000] {logging_mixin.py:190} INFO - [2025-07-22T10:53:44.330+0000] {dagbag.py:588} INFO - Filling up the DagBag from /opt/airflow/dags/train_weather_pred.py
[2025-07-22T10:53:47.710+0000] {processor.py:925} INFO - DAG(s) 'train_weather_pred' retrieved from /opt/airflow/dags/train_weather_pred.py
[2025-07-22T10:53:47.735+0000] {logging_mixin.py:190} INFO - [2025-07-22T10:53:47.734+0000] {dag.py:3239} INFO - Sync 1 DAGs
[2025-07-22T10:53:47.755+0000] {logging_mixin.py:190} INFO - [2025-07-22T10:53:47.755+0000] {dag.py:4180} INFO - Setting next_dagrun for train_weather_pred to 2025-07-22 00:00:00+00:00, run_after=2025-07-23 00:00:00+00:00
[2025-07-22T10:53:47.772+0000] {processor.py:208} INFO - Processing /opt/airflow/dags/train_weather_pred.py took 3.451 seconds
[2025-07-22T10:54:19.419+0000] {processor.py:186} INFO - Started process (PID=52890) to work on /opt/airflow/dags/train_weather_pred.py
[2025-07-22T10:54:19.420+0000] {processor.py:914} INFO - Processing file /opt/airflow/dags/train_weather_pred.py for tasks to queue
[2025-07-22T10:54:19.423+0000] {logging_mixin.py:190} INFO - [2025-07-22T10:54:19.422+0000] {dagbag.py:588} INFO - Filling up the DagBag from /opt/airflow/dags/train_weather_pred.py
[2025-07-22T10:54:22.696+0000] {processor.py:925} INFO - DAG(s) 'train_weather_pred' retrieved from /opt/airflow/dags/train_weather_pred.py
[2025-07-22T10:54:22.720+0000] {logging_mixin.py:190} INFO - [2025-07-22T10:54:22.719+0000] {dag.py:3239} INFO - Sync 1 DAGs
[2025-07-22T10:54:22.740+0000] {logging_mixin.py:190} INFO - [2025-07-22T10:54:22.740+0000] {dag.py:4180} INFO - Setting next_dagrun for train_weather_pred to 2025-07-22 00:00:00+00:00, run_after=2025-07-23 00:00:00+00:00
[2025-07-22T10:54:22.757+0000] {processor.py:208} INFO - Processing /opt/airflow/dags/train_weather_pred.py took 3.344 seconds
[2025-07-22T10:54:54.779+0000] {processor.py:186} INFO - Started process (PID=52994) to work on /opt/airflow/dags/train_weather_pred.py
[2025-07-22T10:54:54.780+0000] {processor.py:914} INFO - Processing file /opt/airflow/dags/train_weather_pred.py for tasks to queue
[2025-07-22T10:54:54.783+0000] {logging_mixin.py:190} INFO - [2025-07-22T10:54:54.782+0000] {dagbag.py:588} INFO - Filling up the DagBag from /opt/airflow/dags/train_weather_pred.py
[2025-07-22T10:54:57.967+0000] {processor.py:925} INFO - DAG(s) 'train_weather_pred' retrieved from /opt/airflow/dags/train_weather_pred.py
[2025-07-22T10:54:57.991+0000] {logging_mixin.py:190} INFO - [2025-07-22T10:54:57.991+0000] {dag.py:3239} INFO - Sync 1 DAGs
[2025-07-22T10:54:58.011+0000] {logging_mixin.py:190} INFO - [2025-07-22T10:54:58.010+0000] {dag.py:4180} INFO - Setting next_dagrun for train_weather_pred to 2025-07-22 00:00:00+00:00, run_after=2025-07-23 00:00:00+00:00
[2025-07-22T10:54:58.031+0000] {processor.py:208} INFO - Processing /opt/airflow/dags/train_weather_pred.py took 3.257 seconds
[2025-07-22T10:55:29.992+0000] {processor.py:186} INFO - Started process (PID=53092) to work on /opt/airflow/dags/train_weather_pred.py
[2025-07-22T10:55:29.993+0000] {processor.py:914} INFO - Processing file /opt/airflow/dags/train_weather_pred.py for tasks to queue
[2025-07-22T10:55:29.996+0000] {logging_mixin.py:190} INFO - [2025-07-22T10:55:29.996+0000] {dagbag.py:588} INFO - Filling up the DagBag from /opt/airflow/dags/train_weather_pred.py
[2025-07-22T10:55:33.407+0000] {processor.py:925} INFO - DAG(s) 'train_weather_pred' retrieved from /opt/airflow/dags/train_weather_pred.py
[2025-07-22T10:55:33.429+0000] {logging_mixin.py:190} INFO - [2025-07-22T10:55:33.428+0000] {dag.py:3239} INFO - Sync 1 DAGs
[2025-07-22T10:55:33.447+0000] {logging_mixin.py:190} INFO - [2025-07-22T10:55:33.447+0000] {dag.py:4180} INFO - Setting next_dagrun for train_weather_pred to 2025-07-22 00:00:00+00:00, run_after=2025-07-23 00:00:00+00:00
[2025-07-22T10:55:33.462+0000] {processor.py:208} INFO - Processing /opt/airflow/dags/train_weather_pred.py took 3.475 seconds
[2025-07-22T10:56:05.235+0000] {processor.py:186} INFO - Started process (PID=53190) to work on /opt/airflow/dags/train_weather_pred.py
[2025-07-22T10:56:05.236+0000] {processor.py:914} INFO - Processing file /opt/airflow/dags/train_weather_pred.py for tasks to queue
[2025-07-22T10:56:05.239+0000] {logging_mixin.py:190} INFO - [2025-07-22T10:56:05.239+0000] {dagbag.py:588} INFO - Filling up the DagBag from /opt/airflow/dags/train_weather_pred.py
[2025-07-22T10:56:08.751+0000] {processor.py:925} INFO - DAG(s) 'train_weather_pred' retrieved from /opt/airflow/dags/train_weather_pred.py
[2025-07-22T10:56:08.774+0000] {logging_mixin.py:190} INFO - [2025-07-22T10:56:08.774+0000] {dag.py:3239} INFO - Sync 1 DAGs
[2025-07-22T10:56:08.792+0000] {logging_mixin.py:190} INFO - [2025-07-22T10:56:08.792+0000] {dag.py:4180} INFO - Setting next_dagrun for train_weather_pred to 2025-07-22 00:00:00+00:00, run_after=2025-07-23 00:00:00+00:00
[2025-07-22T10:56:08.807+0000] {processor.py:208} INFO - Processing /opt/airflow/dags/train_weather_pred.py took 3.578 seconds
[2025-07-22T10:56:40.244+0000] {processor.py:186} INFO - Started process (PID=53288) to work on /opt/airflow/dags/train_weather_pred.py
[2025-07-22T10:56:40.245+0000] {processor.py:914} INFO - Processing file /opt/airflow/dags/train_weather_pred.py for tasks to queue
[2025-07-22T10:56:40.248+0000] {logging_mixin.py:190} INFO - [2025-07-22T10:56:40.247+0000] {dagbag.py:588} INFO - Filling up the DagBag from /opt/airflow/dags/train_weather_pred.py
[2025-07-22T10:56:43.514+0000] {processor.py:925} INFO - DAG(s) 'train_weather_pred' retrieved from /opt/airflow/dags/train_weather_pred.py
[2025-07-22T10:56:43.535+0000] {logging_mixin.py:190} INFO - [2025-07-22T10:56:43.535+0000] {dag.py:3239} INFO - Sync 1 DAGs
[2025-07-22T10:56:43.553+0000] {logging_mixin.py:190} INFO - [2025-07-22T10:56:43.553+0000] {dag.py:4180} INFO - Setting next_dagrun for train_weather_pred to 2025-07-22 00:00:00+00:00, run_after=2025-07-23 00:00:00+00:00
[2025-07-22T10:56:43.569+0000] {processor.py:208} INFO - Processing /opt/airflow/dags/train_weather_pred.py took 3.331 seconds
[2025-07-22T10:57:15.257+0000] {processor.py:186} INFO - Started process (PID=53386) to work on /opt/airflow/dags/train_weather_pred.py
[2025-07-22T10:57:15.258+0000] {processor.py:914} INFO - Processing file /opt/airflow/dags/train_weather_pred.py for tasks to queue
[2025-07-22T10:57:15.260+0000] {logging_mixin.py:190} INFO - [2025-07-22T10:57:15.260+0000] {dagbag.py:588} INFO - Filling up the DagBag from /opt/airflow/dags/train_weather_pred.py
[2025-07-22T10:57:18.482+0000] {processor.py:925} INFO - DAG(s) 'train_weather_pred' retrieved from /opt/airflow/dags/train_weather_pred.py
[2025-07-22T10:57:18.503+0000] {logging_mixin.py:190} INFO - [2025-07-22T10:57:18.503+0000] {dag.py:3239} INFO - Sync 1 DAGs
[2025-07-22T10:57:18.521+0000] {logging_mixin.py:190} INFO - [2025-07-22T10:57:18.520+0000] {dag.py:4180} INFO - Setting next_dagrun for train_weather_pred to 2025-07-22 00:00:00+00:00, run_after=2025-07-23 00:00:00+00:00
[2025-07-22T10:57:18.536+0000] {processor.py:208} INFO - Processing /opt/airflow/dags/train_weather_pred.py took 3.284 seconds
[2025-07-22T10:57:50.451+0000] {processor.py:186} INFO - Started process (PID=53484) to work on /opt/airflow/dags/train_weather_pred.py
[2025-07-22T10:57:50.453+0000] {processor.py:914} INFO - Processing file /opt/airflow/dags/train_weather_pred.py for tasks to queue
[2025-07-22T10:57:50.455+0000] {logging_mixin.py:190} INFO - [2025-07-22T10:57:50.455+0000] {dagbag.py:588} INFO - Filling up the DagBag from /opt/airflow/dags/train_weather_pred.py
[2025-07-22T10:57:53.930+0000] {processor.py:925} INFO - DAG(s) 'train_weather_pred' retrieved from /opt/airflow/dags/train_weather_pred.py
[2025-07-22T10:57:53.954+0000] {logging_mixin.py:190} INFO - [2025-07-22T10:57:53.953+0000] {dag.py:3239} INFO - Sync 1 DAGs
[2025-07-22T10:57:53.975+0000] {logging_mixin.py:190} INFO - [2025-07-22T10:57:53.975+0000] {dag.py:4180} INFO - Setting next_dagrun for train_weather_pred to 2025-07-22 00:00:00+00:00, run_after=2025-07-23 00:00:00+00:00
[2025-07-22T10:57:53.996+0000] {processor.py:208} INFO - Processing /opt/airflow/dags/train_weather_pred.py took 3.552 seconds
[2025-07-22T10:58:25.603+0000] {processor.py:186} INFO - Started process (PID=53588) to work on /opt/airflow/dags/train_weather_pred.py
[2025-07-22T10:58:25.604+0000] {processor.py:914} INFO - Processing file /opt/airflow/dags/train_weather_pred.py for tasks to queue
[2025-07-22T10:58:25.606+0000] {logging_mixin.py:190} INFO - [2025-07-22T10:58:25.606+0000] {dagbag.py:588} INFO - Filling up the DagBag from /opt/airflow/dags/train_weather_pred.py
[2025-07-22T10:58:28.862+0000] {processor.py:925} INFO - DAG(s) 'train_weather_pred' retrieved from /opt/airflow/dags/train_weather_pred.py
[2025-07-22T10:58:28.883+0000] {logging_mixin.py:190} INFO - [2025-07-22T10:58:28.882+0000] {dag.py:3239} INFO - Sync 1 DAGs
[2025-07-22T10:58:28.901+0000] {logging_mixin.py:190} INFO - [2025-07-22T10:58:28.901+0000] {dag.py:4180} INFO - Setting next_dagrun for train_weather_pred to 2025-07-22 00:00:00+00:00, run_after=2025-07-23 00:00:00+00:00
[2025-07-22T10:58:28.917+0000] {processor.py:208} INFO - Processing /opt/airflow/dags/train_weather_pred.py took 3.320 seconds
[2025-07-22T10:59:00.755+0000] {processor.py:186} INFO - Started process (PID=53686) to work on /opt/airflow/dags/train_weather_pred.py
[2025-07-22T10:59:00.756+0000] {processor.py:914} INFO - Processing file /opt/airflow/dags/train_weather_pred.py for tasks to queue
[2025-07-22T10:59:00.758+0000] {logging_mixin.py:190} INFO - [2025-07-22T10:59:00.758+0000] {dagbag.py:588} INFO - Filling up the DagBag from /opt/airflow/dags/train_weather_pred.py
[2025-07-22T10:59:04.038+0000] {processor.py:925} INFO - DAG(s) 'train_weather_pred' retrieved from /opt/airflow/dags/train_weather_pred.py
[2025-07-22T10:59:04.059+0000] {logging_mixin.py:190} INFO - [2025-07-22T10:59:04.058+0000] {dag.py:3239} INFO - Sync 1 DAGs
[2025-07-22T10:59:04.079+0000] {logging_mixin.py:190} INFO - [2025-07-22T10:59:04.078+0000] {dag.py:4180} INFO - Setting next_dagrun for train_weather_pred to 2025-07-22 00:00:00+00:00, run_after=2025-07-23 00:00:00+00:00
[2025-07-22T10:59:04.093+0000] {processor.py:208} INFO - Processing /opt/airflow/dags/train_weather_pred.py took 3.344 seconds
[2025-07-22T10:59:35.734+0000] {processor.py:186} INFO - Started process (PID=53784) to work on /opt/airflow/dags/train_weather_pred.py
[2025-07-22T10:59:35.735+0000] {processor.py:914} INFO - Processing file /opt/airflow/dags/train_weather_pred.py for tasks to queue
[2025-07-22T10:59:35.738+0000] {logging_mixin.py:190} INFO - [2025-07-22T10:59:35.737+0000] {dagbag.py:588} INFO - Filling up the DagBag from /opt/airflow/dags/train_weather_pred.py
[2025-07-22T10:59:38.946+0000] {processor.py:925} INFO - DAG(s) 'train_weather_pred' retrieved from /opt/airflow/dags/train_weather_pred.py
[2025-07-22T10:59:38.968+0000] {logging_mixin.py:190} INFO - [2025-07-22T10:59:38.967+0000] {dag.py:3239} INFO - Sync 1 DAGs
[2025-07-22T10:59:38.987+0000] {logging_mixin.py:190} INFO - [2025-07-22T10:59:38.987+0000] {dag.py:4180} INFO - Setting next_dagrun for train_weather_pred to 2025-07-22 00:00:00+00:00, run_after=2025-07-23 00:00:00+00:00
[2025-07-22T10:59:39.009+0000] {processor.py:208} INFO - Processing /opt/airflow/dags/train_weather_pred.py took 3.281 seconds
[2025-07-22T11:00:10.956+0000] {processor.py:186} INFO - Started process (PID=53882) to work on /opt/airflow/dags/train_weather_pred.py
[2025-07-22T11:00:10.957+0000] {processor.py:914} INFO - Processing file /opt/airflow/dags/train_weather_pred.py for tasks to queue
[2025-07-22T11:00:10.960+0000] {logging_mixin.py:190} INFO - [2025-07-22T11:00:10.959+0000] {dagbag.py:588} INFO - Filling up the DagBag from /opt/airflow/dags/train_weather_pred.py
[2025-07-22T11:00:14.369+0000] {processor.py:925} INFO - DAG(s) 'train_weather_pred' retrieved from /opt/airflow/dags/train_weather_pred.py
[2025-07-22T11:00:14.392+0000] {logging_mixin.py:190} INFO - [2025-07-22T11:00:14.391+0000] {dag.py:3239} INFO - Sync 1 DAGs
[2025-07-22T11:00:14.410+0000] {logging_mixin.py:190} INFO - [2025-07-22T11:00:14.409+0000] {dag.py:4180} INFO - Setting next_dagrun for train_weather_pred to 2025-07-22 00:00:00+00:00, run_after=2025-07-23 00:00:00+00:00
[2025-07-22T11:00:14.424+0000] {processor.py:208} INFO - Processing /opt/airflow/dags/train_weather_pred.py took 3.473 seconds
[2025-07-22T11:00:46.129+0000] {processor.py:186} INFO - Started process (PID=53980) to work on /opt/airflow/dags/train_weather_pred.py
[2025-07-22T11:00:46.131+0000] {processor.py:914} INFO - Processing file /opt/airflow/dags/train_weather_pred.py for tasks to queue
[2025-07-22T11:00:46.133+0000] {logging_mixin.py:190} INFO - [2025-07-22T11:00:46.133+0000] {dagbag.py:588} INFO - Filling up the DagBag from /opt/airflow/dags/train_weather_pred.py
[2025-07-22T11:00:49.485+0000] {processor.py:925} INFO - DAG(s) 'train_weather_pred' retrieved from /opt/airflow/dags/train_weather_pred.py
[2025-07-22T11:00:49.507+0000] {logging_mixin.py:190} INFO - [2025-07-22T11:00:49.506+0000] {dag.py:3239} INFO - Sync 1 DAGs
[2025-07-22T11:00:49.526+0000] {logging_mixin.py:190} INFO - [2025-07-22T11:00:49.526+0000] {dag.py:4180} INFO - Setting next_dagrun for train_weather_pred to 2025-07-22 00:00:00+00:00, run_after=2025-07-23 00:00:00+00:00
[2025-07-22T11:00:49.545+0000] {processor.py:208} INFO - Processing /opt/airflow/dags/train_weather_pred.py took 3.421 seconds
[2025-07-22T11:01:21.300+0000] {processor.py:186} INFO - Started process (PID=54078) to work on /opt/airflow/dags/train_weather_pred.py
[2025-07-22T11:01:21.301+0000] {processor.py:914} INFO - Processing file /opt/airflow/dags/train_weather_pred.py for tasks to queue
[2025-07-22T11:01:21.303+0000] {logging_mixin.py:190} INFO - [2025-07-22T11:01:21.302+0000] {dagbag.py:588} INFO - Filling up the DagBag from /opt/airflow/dags/train_weather_pred.py
[2025-07-22T11:01:24.642+0000] {processor.py:925} INFO - DAG(s) 'train_weather_pred' retrieved from /opt/airflow/dags/train_weather_pred.py
[2025-07-22T11:01:24.664+0000] {logging_mixin.py:190} INFO - [2025-07-22T11:01:24.664+0000] {dag.py:3239} INFO - Sync 1 DAGs
[2025-07-22T11:01:24.682+0000] {logging_mixin.py:190} INFO - [2025-07-22T11:01:24.682+0000] {dag.py:4180} INFO - Setting next_dagrun for train_weather_pred to 2025-07-22 00:00:00+00:00, run_after=2025-07-23 00:00:00+00:00
[2025-07-22T11:01:24.696+0000] {processor.py:208} INFO - Processing /opt/airflow/dags/train_weather_pred.py took 3.402 seconds
[2025-07-22T11:01:56.574+0000] {processor.py:186} INFO - Started process (PID=54182) to work on /opt/airflow/dags/train_weather_pred.py
[2025-07-22T11:01:56.575+0000] {processor.py:914} INFO - Processing file /opt/airflow/dags/train_weather_pred.py for tasks to queue
[2025-07-22T11:01:56.577+0000] {logging_mixin.py:190} INFO - [2025-07-22T11:01:56.577+0000] {dagbag.py:588} INFO - Filling up the DagBag from /opt/airflow/dags/train_weather_pred.py
[2025-07-22T11:01:59.892+0000] {processor.py:925} INFO - DAG(s) 'train_weather_pred' retrieved from /opt/airflow/dags/train_weather_pred.py
[2025-07-22T11:01:59.916+0000] {logging_mixin.py:190} INFO - [2025-07-22T11:01:59.914+0000] {dag.py:3239} INFO - Sync 1 DAGs
[2025-07-22T11:01:59.936+0000] {logging_mixin.py:190} INFO - [2025-07-22T11:01:59.936+0000] {dag.py:4180} INFO - Setting next_dagrun for train_weather_pred to 2025-07-22 00:00:00+00:00, run_after=2025-07-23 00:00:00+00:00
[2025-07-22T11:01:59.952+0000] {processor.py:208} INFO - Processing /opt/airflow/dags/train_weather_pred.py took 3.383 seconds
[2025-07-22T11:02:31.720+0000] {processor.py:186} INFO - Started process (PID=54280) to work on /opt/airflow/dags/train_weather_pred.py
[2025-07-22T11:02:31.721+0000] {processor.py:914} INFO - Processing file /opt/airflow/dags/train_weather_pred.py for tasks to queue
[2025-07-22T11:02:31.723+0000] {logging_mixin.py:190} INFO - [2025-07-22T11:02:31.723+0000] {dagbag.py:588} INFO - Filling up the DagBag from /opt/airflow/dags/train_weather_pred.py
[2025-07-22T11:02:35.086+0000] {processor.py:925} INFO - DAG(s) 'train_weather_pred' retrieved from /opt/airflow/dags/train_weather_pred.py
[2025-07-22T11:02:35.111+0000] {logging_mixin.py:190} INFO - [2025-07-22T11:02:35.110+0000] {dag.py:3239} INFO - Sync 1 DAGs
[2025-07-22T11:02:35.132+0000] {logging_mixin.py:190} INFO - [2025-07-22T11:02:35.132+0000] {dag.py:4180} INFO - Setting next_dagrun for train_weather_pred to 2025-07-22 00:00:00+00:00, run_after=2025-07-23 00:00:00+00:00
[2025-07-22T11:02:35.150+0000] {processor.py:208} INFO - Processing /opt/airflow/dags/train_weather_pred.py took 3.435 seconds
[2025-07-22T11:03:07.009+0000] {processor.py:186} INFO - Started process (PID=54378) to work on /opt/airflow/dags/train_weather_pred.py
[2025-07-22T11:03:07.010+0000] {processor.py:914} INFO - Processing file /opt/airflow/dags/train_weather_pred.py for tasks to queue
[2025-07-22T11:03:07.012+0000] {logging_mixin.py:190} INFO - [2025-07-22T11:03:07.012+0000] {dagbag.py:588} INFO - Filling up the DagBag from /opt/airflow/dags/train_weather_pred.py
[2025-07-22T11:03:10.247+0000] {processor.py:925} INFO - DAG(s) 'train_weather_pred' retrieved from /opt/airflow/dags/train_weather_pred.py
[2025-07-22T11:03:10.271+0000] {logging_mixin.py:190} INFO - [2025-07-22T11:03:10.270+0000] {dag.py:3239} INFO - Sync 1 DAGs
[2025-07-22T11:03:10.289+0000] {logging_mixin.py:190} INFO - [2025-07-22T11:03:10.289+0000] {dag.py:4180} INFO - Setting next_dagrun for train_weather_pred to 2025-07-22 00:00:00+00:00, run_after=2025-07-23 00:00:00+00:00
[2025-07-22T11:03:10.304+0000] {processor.py:208} INFO - Processing /opt/airflow/dags/train_weather_pred.py took 3.300 seconds
[2025-07-22T11:03:42.177+0000] {processor.py:186} INFO - Started process (PID=54476) to work on /opt/airflow/dags/train_weather_pred.py
[2025-07-22T11:03:42.178+0000] {processor.py:914} INFO - Processing file /opt/airflow/dags/train_weather_pred.py for tasks to queue
[2025-07-22T11:03:42.180+0000] {logging_mixin.py:190} INFO - [2025-07-22T11:03:42.179+0000] {dagbag.py:588} INFO - Filling up the DagBag from /opt/airflow/dags/train_weather_pred.py
[2025-07-22T11:03:45.560+0000] {processor.py:925} INFO - DAG(s) 'train_weather_pred' retrieved from /opt/airflow/dags/train_weather_pred.py
[2025-07-22T11:03:45.584+0000] {logging_mixin.py:190} INFO - [2025-07-22T11:03:45.583+0000] {dag.py:3239} INFO - Sync 1 DAGs
[2025-07-22T11:03:45.606+0000] {logging_mixin.py:190} INFO - [2025-07-22T11:03:45.606+0000] {dag.py:4180} INFO - Setting next_dagrun for train_weather_pred to 2025-07-22 00:00:00+00:00, run_after=2025-07-23 00:00:00+00:00
[2025-07-22T11:03:45.628+0000] {processor.py:208} INFO - Processing /opt/airflow/dags/train_weather_pred.py took 3.456 seconds
[2025-07-22T11:04:17.587+0000] {processor.py:186} INFO - Started process (PID=54574) to work on /opt/airflow/dags/train_weather_pred.py
[2025-07-22T11:04:17.589+0000] {processor.py:914} INFO - Processing file /opt/airflow/dags/train_weather_pred.py for tasks to queue
[2025-07-22T11:04:17.592+0000] {logging_mixin.py:190} INFO - [2025-07-22T11:04:17.591+0000] {dagbag.py:588} INFO - Filling up the DagBag from /opt/airflow/dags/train_weather_pred.py
[2025-07-22T11:04:21.077+0000] {processor.py:925} INFO - DAG(s) 'train_weather_pred' retrieved from /opt/airflow/dags/train_weather_pred.py
[2025-07-22T11:04:21.099+0000] {logging_mixin.py:190} INFO - [2025-07-22T11:04:21.099+0000] {dag.py:3239} INFO - Sync 1 DAGs
[2025-07-22T11:04:21.118+0000] {logging_mixin.py:190} INFO - [2025-07-22T11:04:21.118+0000] {dag.py:4180} INFO - Setting next_dagrun for train_weather_pred to 2025-07-22 00:00:00+00:00, run_after=2025-07-23 00:00:00+00:00
[2025-07-22T11:04:21.134+0000] {processor.py:208} INFO - Processing /opt/airflow/dags/train_weather_pred.py took 3.553 seconds
[2025-07-22T11:04:53.069+0000] {processor.py:186} INFO - Started process (PID=54672) to work on /opt/airflow/dags/train_weather_pred.py
[2025-07-22T11:04:53.070+0000] {processor.py:914} INFO - Processing file /opt/airflow/dags/train_weather_pred.py for tasks to queue
[2025-07-22T11:04:53.072+0000] {logging_mixin.py:190} INFO - [2025-07-22T11:04:53.072+0000] {dagbag.py:588} INFO - Filling up the DagBag from /opt/airflow/dags/train_weather_pred.py
[2025-07-22T11:04:56.261+0000] {processor.py:925} INFO - DAG(s) 'train_weather_pred' retrieved from /opt/airflow/dags/train_weather_pred.py
[2025-07-22T11:04:56.282+0000] {logging_mixin.py:190} INFO - [2025-07-22T11:04:56.282+0000] {dag.py:3239} INFO - Sync 1 DAGs
[2025-07-22T11:04:56.301+0000] {logging_mixin.py:190} INFO - [2025-07-22T11:04:56.301+0000] {dag.py:4180} INFO - Setting next_dagrun for train_weather_pred to 2025-07-22 00:00:00+00:00, run_after=2025-07-23 00:00:00+00:00
[2025-07-22T11:04:56.316+0000] {processor.py:208} INFO - Processing /opt/airflow/dags/train_weather_pred.py took 3.252 seconds
[2025-07-22T11:05:28.019+0000] {processor.py:186} INFO - Started process (PID=54776) to work on /opt/airflow/dags/train_weather_pred.py
[2025-07-22T11:05:28.020+0000] {processor.py:914} INFO - Processing file /opt/airflow/dags/train_weather_pred.py for tasks to queue
[2025-07-22T11:05:28.022+0000] {logging_mixin.py:190} INFO - [2025-07-22T11:05:28.022+0000] {dagbag.py:588} INFO - Filling up the DagBag from /opt/airflow/dags/train_weather_pred.py
[2025-07-22T11:05:31.338+0000] {processor.py:925} INFO - DAG(s) 'train_weather_pred' retrieved from /opt/airflow/dags/train_weather_pred.py
[2025-07-22T11:05:31.359+0000] {logging_mixin.py:190} INFO - [2025-07-22T11:05:31.358+0000] {dag.py:3239} INFO - Sync 1 DAGs
[2025-07-22T11:05:31.377+0000] {logging_mixin.py:190} INFO - [2025-07-22T11:05:31.377+0000] {dag.py:4180} INFO - Setting next_dagrun for train_weather_pred to 2025-07-22 00:00:00+00:00, run_after=2025-07-23 00:00:00+00:00
[2025-07-22T11:05:31.394+0000] {processor.py:208} INFO - Processing /opt/airflow/dags/train_weather_pred.py took 3.380 seconds
[2025-07-22T11:06:03.048+0000] {processor.py:186} INFO - Started process (PID=54874) to work on /opt/airflow/dags/train_weather_pred.py
[2025-07-22T11:06:03.049+0000] {processor.py:914} INFO - Processing file /opt/airflow/dags/train_weather_pred.py for tasks to queue
[2025-07-22T11:06:03.052+0000] {logging_mixin.py:190} INFO - [2025-07-22T11:06:03.051+0000] {dagbag.py:588} INFO - Filling up the DagBag from /opt/airflow/dags/train_weather_pred.py
[2025-07-22T11:06:06.318+0000] {processor.py:925} INFO - DAG(s) 'train_weather_pred' retrieved from /opt/airflow/dags/train_weather_pred.py
[2025-07-22T11:06:06.343+0000] {logging_mixin.py:190} INFO - [2025-07-22T11:06:06.342+0000] {dag.py:3239} INFO - Sync 1 DAGs
[2025-07-22T11:06:06.363+0000] {logging_mixin.py:190} INFO - [2025-07-22T11:06:06.362+0000] {dag.py:4180} INFO - Setting next_dagrun for train_weather_pred to 2025-07-22 00:00:00+00:00, run_after=2025-07-23 00:00:00+00:00
[2025-07-22T11:06:06.381+0000] {processor.py:208} INFO - Processing /opt/airflow/dags/train_weather_pred.py took 3.338 seconds
[2025-07-22T11:06:38.405+0000] {processor.py:186} INFO - Started process (PID=54972) to work on /opt/airflow/dags/train_weather_pred.py
[2025-07-22T11:06:38.406+0000] {processor.py:914} INFO - Processing file /opt/airflow/dags/train_weather_pred.py for tasks to queue
[2025-07-22T11:06:38.408+0000] {logging_mixin.py:190} INFO - [2025-07-22T11:06:38.408+0000] {dagbag.py:588} INFO - Filling up the DagBag from /opt/airflow/dags/train_weather_pred.py
[2025-07-22T11:06:41.652+0000] {processor.py:925} INFO - DAG(s) 'train_weather_pred' retrieved from /opt/airflow/dags/train_weather_pred.py
[2025-07-22T11:06:41.670+0000] {logging_mixin.py:190} INFO - [2025-07-22T11:06:41.670+0000] {dag.py:3239} INFO - Sync 1 DAGs
[2025-07-22T11:06:41.689+0000] {logging_mixin.py:190} INFO - [2025-07-22T11:06:41.689+0000] {dag.py:4180} INFO - Setting next_dagrun for train_weather_pred to 2025-07-22 00:00:00+00:00, run_after=2025-07-23 00:00:00+00:00
[2025-07-22T11:06:41.704+0000] {processor.py:208} INFO - Processing /opt/airflow/dags/train_weather_pred.py took 3.305 seconds
[2025-07-22T11:07:13.571+0000] {processor.py:186} INFO - Started process (PID=55070) to work on /opt/airflow/dags/train_weather_pred.py
[2025-07-22T11:07:13.572+0000] {processor.py:914} INFO - Processing file /opt/airflow/dags/train_weather_pred.py for tasks to queue
[2025-07-22T11:07:13.574+0000] {logging_mixin.py:190} INFO - [2025-07-22T11:07:13.574+0000] {dagbag.py:588} INFO - Filling up the DagBag from /opt/airflow/dags/train_weather_pred.py
[2025-07-22T11:07:16.781+0000] {processor.py:925} INFO - DAG(s) 'train_weather_pred' retrieved from /opt/airflow/dags/train_weather_pred.py
[2025-07-22T11:07:16.803+0000] {logging_mixin.py:190} INFO - [2025-07-22T11:07:16.803+0000] {dag.py:3239} INFO - Sync 1 DAGs
[2025-07-22T11:07:16.821+0000] {logging_mixin.py:190} INFO - [2025-07-22T11:07:16.821+0000] {dag.py:4180} INFO - Setting next_dagrun for train_weather_pred to 2025-07-22 00:00:00+00:00, run_after=2025-07-23 00:00:00+00:00
[2025-07-22T11:07:16.835+0000] {processor.py:208} INFO - Processing /opt/airflow/dags/train_weather_pred.py took 3.271 seconds
[2025-07-22T11:07:48.747+0000] {processor.py:186} INFO - Started process (PID=55168) to work on /opt/airflow/dags/train_weather_pred.py
[2025-07-22T11:07:48.748+0000] {processor.py:914} INFO - Processing file /opt/airflow/dags/train_weather_pred.py for tasks to queue
[2025-07-22T11:07:48.750+0000] {logging_mixin.py:190} INFO - [2025-07-22T11:07:48.750+0000] {dagbag.py:588} INFO - Filling up the DagBag from /opt/airflow/dags/train_weather_pred.py
[2025-07-22T11:07:51.965+0000] {processor.py:925} INFO - DAG(s) 'train_weather_pred' retrieved from /opt/airflow/dags/train_weather_pred.py
[2025-07-22T11:07:51.987+0000] {logging_mixin.py:190} INFO - [2025-07-22T11:07:51.986+0000] {dag.py:3239} INFO - Sync 1 DAGs
[2025-07-22T11:07:52.006+0000] {logging_mixin.py:190} INFO - [2025-07-22T11:07:52.005+0000] {dag.py:4180} INFO - Setting next_dagrun for train_weather_pred to 2025-07-22 00:00:00+00:00, run_after=2025-07-23 00:00:00+00:00
[2025-07-22T11:07:52.020+0000] {processor.py:208} INFO - Processing /opt/airflow/dags/train_weather_pred.py took 3.280 seconds
[2025-07-22T11:08:23.948+0000] {processor.py:186} INFO - Started process (PID=55266) to work on /opt/airflow/dags/train_weather_pred.py
[2025-07-22T11:08:23.949+0000] {processor.py:914} INFO - Processing file /opt/airflow/dags/train_weather_pred.py for tasks to queue
[2025-07-22T11:08:23.952+0000] {logging_mixin.py:190} INFO - [2025-07-22T11:08:23.951+0000] {dagbag.py:588} INFO - Filling up the DagBag from /opt/airflow/dags/train_weather_pred.py
[2025-07-22T11:08:27.422+0000] {processor.py:925} INFO - DAG(s) 'train_weather_pred' retrieved from /opt/airflow/dags/train_weather_pred.py
[2025-07-22T11:08:27.444+0000] {logging_mixin.py:190} INFO - [2025-07-22T11:08:27.443+0000] {dag.py:3239} INFO - Sync 1 DAGs
[2025-07-22T11:08:27.463+0000] {logging_mixin.py:190} INFO - [2025-07-22T11:08:27.462+0000] {dag.py:4180} INFO - Setting next_dagrun for train_weather_pred to 2025-07-22 00:00:00+00:00, run_after=2025-07-23 00:00:00+00:00
[2025-07-22T11:08:27.479+0000] {processor.py:208} INFO - Processing /opt/airflow/dags/train_weather_pred.py took 3.537 seconds
[2025-07-22T11:08:59.228+0000] {processor.py:186} INFO - Started process (PID=55370) to work on /opt/airflow/dags/train_weather_pred.py
[2025-07-22T11:08:59.229+0000] {processor.py:914} INFO - Processing file /opt/airflow/dags/train_weather_pred.py for tasks to queue
[2025-07-22T11:08:59.232+0000] {logging_mixin.py:190} INFO - [2025-07-22T11:08:59.231+0000] {dagbag.py:588} INFO - Filling up the DagBag from /opt/airflow/dags/train_weather_pred.py
[2025-07-22T11:09:02.773+0000] {processor.py:925} INFO - DAG(s) 'train_weather_pred' retrieved from /opt/airflow/dags/train_weather_pred.py
[2025-07-22T11:09:02.800+0000] {logging_mixin.py:190} INFO - [2025-07-22T11:09:02.798+0000] {dag.py:3239} INFO - Sync 1 DAGs
[2025-07-22T11:09:02.820+0000] {logging_mixin.py:190} INFO - [2025-07-22T11:09:02.820+0000] {dag.py:4180} INFO - Setting next_dagrun for train_weather_pred to 2025-07-22 00:00:00+00:00, run_after=2025-07-23 00:00:00+00:00
[2025-07-22T11:09:02.836+0000] {processor.py:208} INFO - Processing /opt/airflow/dags/train_weather_pred.py took 3.614 seconds
[2025-07-22T11:09:34.105+0000] {processor.py:186} INFO - Started process (PID=55468) to work on /opt/airflow/dags/train_weather_pred.py
[2025-07-22T11:09:34.107+0000] {processor.py:914} INFO - Processing file /opt/airflow/dags/train_weather_pred.py for tasks to queue
[2025-07-22T11:09:34.108+0000] {logging_mixin.py:190} INFO - [2025-07-22T11:09:34.108+0000] {dagbag.py:588} INFO - Filling up the DagBag from /opt/airflow/dags/train_weather_pred.py
[2025-07-22T11:09:37.581+0000] {processor.py:925} INFO - DAG(s) 'train_weather_pred' retrieved from /opt/airflow/dags/train_weather_pred.py
[2025-07-22T11:09:37.604+0000] {logging_mixin.py:190} INFO - [2025-07-22T11:09:37.603+0000] {dag.py:3239} INFO - Sync 1 DAGs
[2025-07-22T11:09:37.624+0000] {logging_mixin.py:190} INFO - [2025-07-22T11:09:37.624+0000] {dag.py:4180} INFO - Setting next_dagrun for train_weather_pred to 2025-07-22 00:00:00+00:00, run_after=2025-07-23 00:00:00+00:00
[2025-07-22T11:09:37.643+0000] {processor.py:208} INFO - Processing /opt/airflow/dags/train_weather_pred.py took 3.543 seconds
[2025-07-22T11:10:09.560+0000] {processor.py:186} INFO - Started process (PID=55566) to work on /opt/airflow/dags/train_weather_pred.py
[2025-07-22T11:10:09.561+0000] {processor.py:914} INFO - Processing file /opt/airflow/dags/train_weather_pred.py for tasks to queue
[2025-07-22T11:10:09.563+0000] {logging_mixin.py:190} INFO - [2025-07-22T11:10:09.563+0000] {dagbag.py:588} INFO - Filling up the DagBag from /opt/airflow/dags/train_weather_pred.py
[2025-07-22T11:10:13.118+0000] {processor.py:925} INFO - DAG(s) 'train_weather_pred' retrieved from /opt/airflow/dags/train_weather_pred.py
[2025-07-22T11:10:13.147+0000] {logging_mixin.py:190} INFO - [2025-07-22T11:10:13.146+0000] {dag.py:3239} INFO - Sync 1 DAGs
[2025-07-22T11:10:13.170+0000] {logging_mixin.py:190} INFO - [2025-07-22T11:10:13.170+0000] {dag.py:4180} INFO - Setting next_dagrun for train_weather_pred to 2025-07-22 00:00:00+00:00, run_after=2025-07-23 00:00:00+00:00
[2025-07-22T11:10:13.190+0000] {processor.py:208} INFO - Processing /opt/airflow/dags/train_weather_pred.py took 3.635 seconds
[2025-07-22T11:10:44.521+0000] {processor.py:186} INFO - Started process (PID=55664) to work on /opt/airflow/dags/train_weather_pred.py
[2025-07-22T11:10:44.522+0000] {processor.py:914} INFO - Processing file /opt/airflow/dags/train_weather_pred.py for tasks to queue
[2025-07-22T11:10:44.524+0000] {logging_mixin.py:190} INFO - [2025-07-22T11:10:44.524+0000] {dagbag.py:588} INFO - Filling up the DagBag from /opt/airflow/dags/train_weather_pred.py
[2025-07-22T11:10:47.793+0000] {processor.py:925} INFO - DAG(s) 'train_weather_pred' retrieved from /opt/airflow/dags/train_weather_pred.py
[2025-07-22T11:10:47.814+0000] {logging_mixin.py:190} INFO - [2025-07-22T11:10:47.813+0000] {dag.py:3239} INFO - Sync 1 DAGs
[2025-07-22T11:10:47.835+0000] {logging_mixin.py:190} INFO - [2025-07-22T11:10:47.834+0000] {dag.py:4180} INFO - Setting next_dagrun for train_weather_pred to 2025-07-22 00:00:00+00:00, run_after=2025-07-23 00:00:00+00:00
[2025-07-22T11:10:47.851+0000] {processor.py:208} INFO - Processing /opt/airflow/dags/train_weather_pred.py took 3.337 seconds
[2025-07-22T11:11:19.497+0000] {processor.py:186} INFO - Started process (PID=55762) to work on /opt/airflow/dags/train_weather_pred.py
[2025-07-22T11:11:19.498+0000] {processor.py:914} INFO - Processing file /opt/airflow/dags/train_weather_pred.py for tasks to queue
[2025-07-22T11:11:19.500+0000] {logging_mixin.py:190} INFO - [2025-07-22T11:11:19.500+0000] {dagbag.py:588} INFO - Filling up the DagBag from /opt/airflow/dags/train_weather_pred.py
[2025-07-22T11:11:22.812+0000] {processor.py:925} INFO - DAG(s) 'train_weather_pred' retrieved from /opt/airflow/dags/train_weather_pred.py
[2025-07-22T11:11:22.843+0000] {logging_mixin.py:190} INFO - [2025-07-22T11:11:22.842+0000] {dag.py:3239} INFO - Sync 1 DAGs
[2025-07-22T11:11:22.864+0000] {logging_mixin.py:190} INFO - [2025-07-22T11:11:22.863+0000] {dag.py:4180} INFO - Setting next_dagrun for train_weather_pred to 2025-07-22 00:00:00+00:00, run_after=2025-07-23 00:00:00+00:00
[2025-07-22T11:11:22.881+0000] {processor.py:208} INFO - Processing /opt/airflow/dags/train_weather_pred.py took 3.393 seconds
[2025-07-22T11:11:54.165+0000] {processor.py:186} INFO - Started process (PID=55860) to work on /opt/airflow/dags/train_weather_pred.py
[2025-07-22T11:11:54.166+0000] {processor.py:914} INFO - Processing file /opt/airflow/dags/train_weather_pred.py for tasks to queue
[2025-07-22T11:11:54.169+0000] {logging_mixin.py:190} INFO - [2025-07-22T11:11:54.168+0000] {dagbag.py:588} INFO - Filling up the DagBag from /opt/airflow/dags/train_weather_pred.py
[2025-07-22T11:11:57.471+0000] {processor.py:925} INFO - DAG(s) 'train_weather_pred' retrieved from /opt/airflow/dags/train_weather_pred.py
[2025-07-22T11:11:57.493+0000] {logging_mixin.py:190} INFO - [2025-07-22T11:11:57.492+0000] {dag.py:3239} INFO - Sync 1 DAGs
[2025-07-22T11:11:57.514+0000] {logging_mixin.py:190} INFO - [2025-07-22T11:11:57.514+0000] {dag.py:4180} INFO - Setting next_dagrun for train_weather_pred to 2025-07-22 00:00:00+00:00, run_after=2025-07-23 00:00:00+00:00
[2025-07-22T11:11:57.529+0000] {processor.py:208} INFO - Processing /opt/airflow/dags/train_weather_pred.py took 3.370 seconds
[2025-07-22T11:12:28.588+0000] {processor.py:186} INFO - Started process (PID=55964) to work on /opt/airflow/dags/train_weather_pred.py
[2025-07-22T11:12:28.589+0000] {processor.py:914} INFO - Processing file /opt/airflow/dags/train_weather_pred.py for tasks to queue
[2025-07-22T11:12:28.591+0000] {logging_mixin.py:190} INFO - [2025-07-22T11:12:28.590+0000] {dagbag.py:588} INFO - Filling up the DagBag from /opt/airflow/dags/train_weather_pred.py
[2025-07-22T11:12:31.830+0000] {processor.py:925} INFO - DAG(s) 'train_weather_pred' retrieved from /opt/airflow/dags/train_weather_pred.py
[2025-07-22T11:12:31.853+0000] {logging_mixin.py:190} INFO - [2025-07-22T11:12:31.852+0000] {dag.py:3239} INFO - Sync 1 DAGs
[2025-07-22T11:12:31.871+0000] {logging_mixin.py:190} INFO - [2025-07-22T11:12:31.870+0000] {dag.py:4180} INFO - Setting next_dagrun for train_weather_pred to 2025-07-22 00:00:00+00:00, run_after=2025-07-23 00:00:00+00:00
[2025-07-22T11:12:31.886+0000] {processor.py:208} INFO - Processing /opt/airflow/dags/train_weather_pred.py took 3.304 seconds
[2025-07-22T11:13:02.975+0000] {processor.py:186} INFO - Started process (PID=56062) to work on /opt/airflow/dags/train_weather_pred.py
[2025-07-22T11:13:02.976+0000] {processor.py:914} INFO - Processing file /opt/airflow/dags/train_weather_pred.py for tasks to queue
[2025-07-22T11:13:02.979+0000] {logging_mixin.py:190} INFO - [2025-07-22T11:13:02.979+0000] {dagbag.py:588} INFO - Filling up the DagBag from /opt/airflow/dags/train_weather_pred.py
[2025-07-22T11:13:06.175+0000] {processor.py:925} INFO - DAG(s) 'train_weather_pred' retrieved from /opt/airflow/dags/train_weather_pred.py
[2025-07-22T11:13:06.197+0000] {logging_mixin.py:190} INFO - [2025-07-22T11:13:06.196+0000] {dag.py:3239} INFO - Sync 1 DAGs
[2025-07-22T11:13:06.217+0000] {logging_mixin.py:190} INFO - [2025-07-22T11:13:06.217+0000] {dag.py:4180} INFO - Setting next_dagrun for train_weather_pred to 2025-07-22 00:00:00+00:00, run_after=2025-07-23 00:00:00+00:00
[2025-07-22T11:13:06.234+0000] {processor.py:208} INFO - Processing /opt/airflow/dags/train_weather_pred.py took 3.265 seconds
[2025-07-22T11:13:37.567+0000] {processor.py:186} INFO - Started process (PID=56160) to work on /opt/airflow/dags/train_weather_pred.py
[2025-07-22T11:13:37.568+0000] {processor.py:914} INFO - Processing file /opt/airflow/dags/train_weather_pred.py for tasks to queue
[2025-07-22T11:13:37.570+0000] {logging_mixin.py:190} INFO - [2025-07-22T11:13:37.570+0000] {dagbag.py:588} INFO - Filling up the DagBag from /opt/airflow/dags/train_weather_pred.py
[2025-07-22T11:13:40.651+0000] {processor.py:925} INFO - DAG(s) 'train_weather_pred' retrieved from /opt/airflow/dags/train_weather_pred.py
[2025-07-22T11:13:40.671+0000] {logging_mixin.py:190} INFO - [2025-07-22T11:13:40.670+0000] {dag.py:3239} INFO - Sync 1 DAGs
[2025-07-22T11:13:40.688+0000] {logging_mixin.py:190} INFO - [2025-07-22T11:13:40.688+0000] {dag.py:4180} INFO - Setting next_dagrun for train_weather_pred to 2025-07-22 00:00:00+00:00, run_after=2025-07-23 00:00:00+00:00
[2025-07-22T11:13:40.703+0000] {processor.py:208} INFO - Processing /opt/airflow/dags/train_weather_pred.py took 3.142 seconds
[2025-07-22T11:14:11.820+0000] {processor.py:186} INFO - Started process (PID=56258) to work on /opt/airflow/dags/train_weather_pred.py
[2025-07-22T11:14:11.821+0000] {processor.py:914} INFO - Processing file /opt/airflow/dags/train_weather_pred.py for tasks to queue
[2025-07-22T11:14:11.822+0000] {logging_mixin.py:190} INFO - [2025-07-22T11:14:11.822+0000] {dagbag.py:588} INFO - Filling up the DagBag from /opt/airflow/dags/train_weather_pred.py
[2025-07-22T11:14:15.130+0000] {processor.py:925} INFO - DAG(s) 'train_weather_pred' retrieved from /opt/airflow/dags/train_weather_pred.py
[2025-07-22T11:14:15.151+0000] {logging_mixin.py:190} INFO - [2025-07-22T11:14:15.151+0000] {dag.py:3239} INFO - Sync 1 DAGs
[2025-07-22T11:14:15.169+0000] {logging_mixin.py:190} INFO - [2025-07-22T11:14:15.169+0000] {dag.py:4180} INFO - Setting next_dagrun for train_weather_pred to 2025-07-22 00:00:00+00:00, run_after=2025-07-23 00:00:00+00:00
[2025-07-22T11:14:15.194+0000] {processor.py:208} INFO - Processing /opt/airflow/dags/train_weather_pred.py took 3.380 seconds
[2025-07-22T11:14:46.883+0000] {processor.py:186} INFO - Started process (PID=56356) to work on /opt/airflow/dags/train_weather_pred.py
[2025-07-22T11:14:46.884+0000] {processor.py:914} INFO - Processing file /opt/airflow/dags/train_weather_pred.py for tasks to queue
[2025-07-22T11:14:46.886+0000] {logging_mixin.py:190} INFO - [2025-07-22T11:14:46.886+0000] {dagbag.py:588} INFO - Filling up the DagBag from /opt/airflow/dags/train_weather_pred.py
[2025-07-22T11:14:50.250+0000] {processor.py:925} INFO - DAG(s) 'train_weather_pred' retrieved from /opt/airflow/dags/train_weather_pred.py
[2025-07-22T11:14:50.270+0000] {logging_mixin.py:190} INFO - [2025-07-22T11:14:50.269+0000] {dag.py:3239} INFO - Sync 1 DAGs
[2025-07-22T11:14:50.287+0000] {logging_mixin.py:190} INFO - [2025-07-22T11:14:50.287+0000] {dag.py:4180} INFO - Setting next_dagrun for train_weather_pred to 2025-07-22 00:00:00+00:00, run_after=2025-07-23 00:00:00+00:00
[2025-07-22T11:14:50.303+0000] {processor.py:208} INFO - Processing /opt/airflow/dags/train_weather_pred.py took 3.426 seconds
[2025-07-22T11:15:22.238+0000] {processor.py:186} INFO - Started process (PID=56454) to work on /opt/airflow/dags/train_weather_pred.py
[2025-07-22T11:15:22.239+0000] {processor.py:914} INFO - Processing file /opt/airflow/dags/train_weather_pred.py for tasks to queue
[2025-07-22T11:15:22.242+0000] {logging_mixin.py:190} INFO - [2025-07-22T11:15:22.242+0000] {dagbag.py:588} INFO - Filling up the DagBag from /opt/airflow/dags/train_weather_pred.py
[2025-07-22T11:15:25.486+0000] {processor.py:925} INFO - DAG(s) 'train_weather_pred' retrieved from /opt/airflow/dags/train_weather_pred.py
[2025-07-22T11:15:25.509+0000] {logging_mixin.py:190} INFO - [2025-07-22T11:15:25.508+0000] {dag.py:3239} INFO - Sync 1 DAGs
[2025-07-22T11:15:25.526+0000] {logging_mixin.py:190} INFO - [2025-07-22T11:15:25.526+0000] {dag.py:4180} INFO - Setting next_dagrun for train_weather_pred to 2025-07-22 00:00:00+00:00, run_after=2025-07-23 00:00:00+00:00
[2025-07-22T11:15:25.540+0000] {processor.py:208} INFO - Processing /opt/airflow/dags/train_weather_pred.py took 3.309 seconds
[2025-07-22T11:15:57.458+0000] {processor.py:186} INFO - Started process (PID=56558) to work on /opt/airflow/dags/train_weather_pred.py
[2025-07-22T11:15:57.459+0000] {processor.py:914} INFO - Processing file /opt/airflow/dags/train_weather_pred.py for tasks to queue
[2025-07-22T11:15:57.461+0000] {logging_mixin.py:190} INFO - [2025-07-22T11:15:57.461+0000] {dagbag.py:588} INFO - Filling up the DagBag from /opt/airflow/dags/train_weather_pred.py
[2025-07-22T11:16:00.572+0000] {processor.py:925} INFO - DAG(s) 'train_weather_pred' retrieved from /opt/airflow/dags/train_weather_pred.py
[2025-07-22T11:16:00.597+0000] {logging_mixin.py:190} INFO - [2025-07-22T11:16:00.596+0000] {dag.py:3239} INFO - Sync 1 DAGs
[2025-07-22T11:16:00.617+0000] {logging_mixin.py:190} INFO - [2025-07-22T11:16:00.616+0000] {dag.py:4180} INFO - Setting next_dagrun for train_weather_pred to 2025-07-22 00:00:00+00:00, run_after=2025-07-23 00:00:00+00:00
[2025-07-22T11:16:00.635+0000] {processor.py:208} INFO - Processing /opt/airflow/dags/train_weather_pred.py took 3.182 seconds
[2025-07-22T11:16:31.899+0000] {processor.py:186} INFO - Started process (PID=56656) to work on /opt/airflow/dags/train_weather_pred.py
[2025-07-22T11:16:31.900+0000] {processor.py:914} INFO - Processing file /opt/airflow/dags/train_weather_pred.py for tasks to queue
[2025-07-22T11:16:31.902+0000] {logging_mixin.py:190} INFO - [2025-07-22T11:16:31.902+0000] {dagbag.py:588} INFO - Filling up the DagBag from /opt/airflow/dags/train_weather_pred.py
[2025-07-22T11:16:35.153+0000] {processor.py:925} INFO - DAG(s) 'train_weather_pred' retrieved from /opt/airflow/dags/train_weather_pred.py
[2025-07-22T11:16:35.177+0000] {logging_mixin.py:190} INFO - [2025-07-22T11:16:35.177+0000] {dag.py:3239} INFO - Sync 1 DAGs
[2025-07-22T11:16:35.195+0000] {logging_mixin.py:190} INFO - [2025-07-22T11:16:35.195+0000] {dag.py:4180} INFO - Setting next_dagrun for train_weather_pred to 2025-07-22 00:00:00+00:00, run_after=2025-07-23 00:00:00+00:00
[2025-07-22T11:16:35.211+0000] {processor.py:208} INFO - Processing /opt/airflow/dags/train_weather_pred.py took 3.317 seconds
[2025-07-22T11:17:06.261+0000] {processor.py:186} INFO - Started process (PID=56754) to work on /opt/airflow/dags/train_weather_pred.py
[2025-07-22T11:17:06.262+0000] {processor.py:914} INFO - Processing file /opt/airflow/dags/train_weather_pred.py for tasks to queue
[2025-07-22T11:17:06.264+0000] {logging_mixin.py:190} INFO - [2025-07-22T11:17:06.263+0000] {dagbag.py:588} INFO - Filling up the DagBag from /opt/airflow/dags/train_weather_pred.py
[2025-07-22T11:17:09.501+0000] {processor.py:925} INFO - DAG(s) 'train_weather_pred' retrieved from /opt/airflow/dags/train_weather_pred.py
[2025-07-22T11:17:09.523+0000] {logging_mixin.py:190} INFO - [2025-07-22T11:17:09.522+0000] {dag.py:3239} INFO - Sync 1 DAGs
[2025-07-22T11:17:09.543+0000] {logging_mixin.py:190} INFO - [2025-07-22T11:17:09.543+0000] {dag.py:4180} INFO - Setting next_dagrun for train_weather_pred to 2025-07-22 00:00:00+00:00, run_after=2025-07-23 00:00:00+00:00
[2025-07-22T11:17:09.558+0000] {processor.py:208} INFO - Processing /opt/airflow/dags/train_weather_pred.py took 3.303 seconds
[2025-07-22T11:17:40.739+0000] {processor.py:186} INFO - Started process (PID=56852) to work on /opt/airflow/dags/train_weather_pred.py
[2025-07-22T11:17:40.740+0000] {processor.py:914} INFO - Processing file /opt/airflow/dags/train_weather_pred.py for tasks to queue
[2025-07-22T11:17:40.743+0000] {logging_mixin.py:190} INFO - [2025-07-22T11:17:40.742+0000] {dagbag.py:588} INFO - Filling up the DagBag from /opt/airflow/dags/train_weather_pred.py
[2025-07-22T11:17:44.070+0000] {processor.py:925} INFO - DAG(s) 'train_weather_pred' retrieved from /opt/airflow/dags/train_weather_pred.py
[2025-07-22T11:17:44.093+0000] {logging_mixin.py:190} INFO - [2025-07-22T11:17:44.092+0000] {dag.py:3239} INFO - Sync 1 DAGs
[2025-07-22T11:17:44.111+0000] {logging_mixin.py:190} INFO - [2025-07-22T11:17:44.111+0000] {dag.py:4180} INFO - Setting next_dagrun for train_weather_pred to 2025-07-22 00:00:00+00:00, run_after=2025-07-23 00:00:00+00:00
[2025-07-22T11:17:44.128+0000] {processor.py:208} INFO - Processing /opt/airflow/dags/train_weather_pred.py took 3.395 seconds
[2025-07-22T11:18:15.528+0000] {processor.py:186} INFO - Started process (PID=56950) to work on /opt/airflow/dags/train_weather_pred.py
[2025-07-22T11:18:15.529+0000] {processor.py:914} INFO - Processing file /opt/airflow/dags/train_weather_pred.py for tasks to queue
[2025-07-22T11:18:15.532+0000] {logging_mixin.py:190} INFO - [2025-07-22T11:18:15.531+0000] {dagbag.py:588} INFO - Filling up the DagBag from /opt/airflow/dags/train_weather_pred.py
[2025-07-22T11:18:18.810+0000] {processor.py:925} INFO - DAG(s) 'train_weather_pred' retrieved from /opt/airflow/dags/train_weather_pred.py
[2025-07-22T11:18:18.846+0000] {logging_mixin.py:190} INFO - [2025-07-22T11:18:18.845+0000] {dag.py:3239} INFO - Sync 1 DAGs
[2025-07-22T11:18:18.878+0000] {logging_mixin.py:190} INFO - [2025-07-22T11:18:18.878+0000] {dag.py:4180} INFO - Setting next_dagrun for train_weather_pred to 2025-07-22 00:00:00+00:00, run_after=2025-07-23 00:00:00+00:00
[2025-07-22T11:18:18.908+0000] {processor.py:208} INFO - Processing /opt/airflow/dags/train_weather_pred.py took 3.386 seconds
[2025-07-22T11:18:50.072+0000] {processor.py:186} INFO - Started process (PID=57048) to work on /opt/airflow/dags/train_weather_pred.py
[2025-07-22T11:18:50.073+0000] {processor.py:914} INFO - Processing file /opt/airflow/dags/train_weather_pred.py for tasks to queue
[2025-07-22T11:18:50.075+0000] {logging_mixin.py:190} INFO - [2025-07-22T11:18:50.075+0000] {dagbag.py:588} INFO - Filling up the DagBag from /opt/airflow/dags/train_weather_pred.py
[2025-07-22T11:18:53.275+0000] {processor.py:925} INFO - DAG(s) 'train_weather_pred' retrieved from /opt/airflow/dags/train_weather_pred.py
[2025-07-22T11:18:53.300+0000] {logging_mixin.py:190} INFO - [2025-07-22T11:18:53.299+0000] {dag.py:3239} INFO - Sync 1 DAGs
[2025-07-22T11:18:53.320+0000] {logging_mixin.py:190} INFO - [2025-07-22T11:18:53.320+0000] {dag.py:4180} INFO - Setting next_dagrun for train_weather_pred to 2025-07-22 00:00:00+00:00, run_after=2025-07-23 00:00:00+00:00
[2025-07-22T11:18:53.339+0000] {processor.py:208} INFO - Processing /opt/airflow/dags/train_weather_pred.py took 3.274 seconds
[2025-07-22T11:19:25.299+0000] {processor.py:186} INFO - Started process (PID=57146) to work on /opt/airflow/dags/train_weather_pred.py
[2025-07-22T11:19:25.300+0000] {processor.py:914} INFO - Processing file /opt/airflow/dags/train_weather_pred.py for tasks to queue
[2025-07-22T11:19:25.303+0000] {logging_mixin.py:190} INFO - [2025-07-22T11:19:25.303+0000] {dagbag.py:588} INFO - Filling up the DagBag from /opt/airflow/dags/train_weather_pred.py
[2025-07-22T11:19:28.574+0000] {processor.py:925} INFO - DAG(s) 'train_weather_pred' retrieved from /opt/airflow/dags/train_weather_pred.py
[2025-07-22T11:19:28.597+0000] {logging_mixin.py:190} INFO - [2025-07-22T11:19:28.597+0000] {dag.py:3239} INFO - Sync 1 DAGs
[2025-07-22T11:19:28.615+0000] {logging_mixin.py:190} INFO - [2025-07-22T11:19:28.615+0000] {dag.py:4180} INFO - Setting next_dagrun for train_weather_pred to 2025-07-22 00:00:00+00:00, run_after=2025-07-23 00:00:00+00:00
[2025-07-22T11:19:28.631+0000] {processor.py:208} INFO - Processing /opt/airflow/dags/train_weather_pred.py took 3.338 seconds
[2025-07-22T11:20:00.346+0000] {processor.py:186} INFO - Started process (PID=57250) to work on /opt/airflow/dags/train_weather_pred.py
[2025-07-22T11:20:00.347+0000] {processor.py:914} INFO - Processing file /opt/airflow/dags/train_weather_pred.py for tasks to queue
[2025-07-22T11:20:00.349+0000] {logging_mixin.py:190} INFO - [2025-07-22T11:20:00.349+0000] {dagbag.py:588} INFO - Filling up the DagBag from /opt/airflow/dags/train_weather_pred.py
[2025-07-22T11:20:03.583+0000] {processor.py:925} INFO - DAG(s) 'train_weather_pred' retrieved from /opt/airflow/dags/train_weather_pred.py
[2025-07-22T11:20:03.606+0000] {logging_mixin.py:190} INFO - [2025-07-22T11:20:03.605+0000] {dag.py:3239} INFO - Sync 1 DAGs
[2025-07-22T11:20:03.624+0000] {logging_mixin.py:190} INFO - [2025-07-22T11:20:03.624+0000] {dag.py:4180} INFO - Setting next_dagrun for train_weather_pred to 2025-07-22 00:00:00+00:00, run_after=2025-07-23 00:00:00+00:00
[2025-07-22T11:20:03.639+0000] {processor.py:208} INFO - Processing /opt/airflow/dags/train_weather_pred.py took 3.298 seconds
[2025-07-22T11:20:35.668+0000] {processor.py:186} INFO - Started process (PID=57348) to work on /opt/airflow/dags/train_weather_pred.py
[2025-07-22T11:20:35.669+0000] {processor.py:914} INFO - Processing file /opt/airflow/dags/train_weather_pred.py for tasks to queue
[2025-07-22T11:20:35.672+0000] {logging_mixin.py:190} INFO - [2025-07-22T11:20:35.672+0000] {dagbag.py:588} INFO - Filling up the DagBag from /opt/airflow/dags/train_weather_pred.py
[2025-07-22T11:20:38.795+0000] {processor.py:925} INFO - DAG(s) 'train_weather_pred' retrieved from /opt/airflow/dags/train_weather_pred.py
[2025-07-22T11:20:38.815+0000] {logging_mixin.py:190} INFO - [2025-07-22T11:20:38.815+0000] {dag.py:3239} INFO - Sync 1 DAGs
[2025-07-22T11:20:38.833+0000] {logging_mixin.py:190} INFO - [2025-07-22T11:20:38.833+0000] {dag.py:4180} INFO - Setting next_dagrun for train_weather_pred to 2025-07-22 00:00:00+00:00, run_after=2025-07-23 00:00:00+00:00
[2025-07-22T11:20:38.848+0000] {processor.py:208} INFO - Processing /opt/airflow/dags/train_weather_pred.py took 3.186 seconds
[2025-07-22T11:21:10.656+0000] {processor.py:186} INFO - Started process (PID=57446) to work on /opt/airflow/dags/train_weather_pred.py
[2025-07-22T11:21:10.657+0000] {processor.py:914} INFO - Processing file /opt/airflow/dags/train_weather_pred.py for tasks to queue
[2025-07-22T11:21:10.659+0000] {logging_mixin.py:190} INFO - [2025-07-22T11:21:10.659+0000] {dagbag.py:588} INFO - Filling up the DagBag from /opt/airflow/dags/train_weather_pred.py
[2025-07-22T11:21:13.911+0000] {processor.py:925} INFO - DAG(s) 'train_weather_pred' retrieved from /opt/airflow/dags/train_weather_pred.py
[2025-07-22T11:21:13.935+0000] {logging_mixin.py:190} INFO - [2025-07-22T11:21:13.935+0000] {dag.py:3239} INFO - Sync 1 DAGs
[2025-07-22T11:21:13.953+0000] {logging_mixin.py:190} INFO - [2025-07-22T11:21:13.953+0000] {dag.py:4180} INFO - Setting next_dagrun for train_weather_pred to 2025-07-22 00:00:00+00:00, run_after=2025-07-23 00:00:00+00:00
[2025-07-22T11:21:13.970+0000] {processor.py:208} INFO - Processing /opt/airflow/dags/train_weather_pred.py took 3.319 seconds
[2025-07-22T11:21:45.807+0000] {processor.py:186} INFO - Started process (PID=57544) to work on /opt/airflow/dags/train_weather_pred.py
[2025-07-22T11:21:45.809+0000] {processor.py:914} INFO - Processing file /opt/airflow/dags/train_weather_pred.py for tasks to queue
[2025-07-22T11:21:45.813+0000] {logging_mixin.py:190} INFO - [2025-07-22T11:21:45.813+0000] {dagbag.py:588} INFO - Filling up the DagBag from /opt/airflow/dags/train_weather_pred.py
[2025-07-22T11:21:54.212+0000] {processor.py:925} INFO - DAG(s) 'train_weather_pred' retrieved from /opt/airflow/dags/train_weather_pred.py
[2025-07-22T11:21:54.289+0000] {logging_mixin.py:190} INFO - [2025-07-22T11:21:54.288+0000] {dag.py:3239} INFO - Sync 1 DAGs
[2025-07-22T11:21:54.334+0000] {logging_mixin.py:190} INFO - [2025-07-22T11:21:54.333+0000] {dag.py:4180} INFO - Setting next_dagrun for train_weather_pred to 2025-07-22 00:00:00+00:00, run_after=2025-07-23 00:00:00+00:00
[2025-07-22T11:21:54.388+0000] {processor.py:208} INFO - Processing /opt/airflow/dags/train_weather_pred.py took 8.601 seconds
[2025-07-22T11:22:26.191+0000] {processor.py:186} INFO - Started process (PID=57642) to work on /opt/airflow/dags/train_weather_pred.py
[2025-07-22T11:22:26.192+0000] {processor.py:914} INFO - Processing file /opt/airflow/dags/train_weather_pred.py for tasks to queue
[2025-07-22T11:22:26.195+0000] {logging_mixin.py:190} INFO - [2025-07-22T11:22:26.195+0000] {dagbag.py:588} INFO - Filling up the DagBag from /opt/airflow/dags/train_weather_pred.py
[2025-07-22T11:22:29.450+0000] {processor.py:925} INFO - DAG(s) 'train_weather_pred' retrieved from /opt/airflow/dags/train_weather_pred.py
[2025-07-22T11:22:29.470+0000] {logging_mixin.py:190} INFO - [2025-07-22T11:22:29.470+0000] {dag.py:3239} INFO - Sync 1 DAGs
[2025-07-22T11:22:29.488+0000] {logging_mixin.py:190} INFO - [2025-07-22T11:22:29.488+0000] {dag.py:4180} INFO - Setting next_dagrun for train_weather_pred to 2025-07-22 00:00:00+00:00, run_after=2025-07-23 00:00:00+00:00
[2025-07-22T11:22:29.510+0000] {processor.py:208} INFO - Processing /opt/airflow/dags/train_weather_pred.py took 3.325 seconds
[2025-07-22T11:23:00.991+0000] {processor.py:186} INFO - Started process (PID=57746) to work on /opt/airflow/dags/train_weather_pred.py
[2025-07-22T11:23:00.992+0000] {processor.py:914} INFO - Processing file /opt/airflow/dags/train_weather_pred.py for tasks to queue
[2025-07-22T11:23:00.995+0000] {logging_mixin.py:190} INFO - [2025-07-22T11:23:00.995+0000] {dagbag.py:588} INFO - Filling up the DagBag from /opt/airflow/dags/train_weather_pred.py
[2025-07-22T11:23:04.100+0000] {processor.py:925} INFO - DAG(s) 'train_weather_pred' retrieved from /opt/airflow/dags/train_weather_pred.py
[2025-07-22T11:23:04.122+0000] {logging_mixin.py:190} INFO - [2025-07-22T11:23:04.122+0000] {dag.py:3239} INFO - Sync 1 DAGs
[2025-07-22T11:23:04.141+0000] {logging_mixin.py:190} INFO - [2025-07-22T11:23:04.140+0000] {dag.py:4180} INFO - Setting next_dagrun for train_weather_pred to 2025-07-22 00:00:00+00:00, run_after=2025-07-23 00:00:00+00:00
[2025-07-22T11:23:04.170+0000] {processor.py:208} INFO - Processing /opt/airflow/dags/train_weather_pred.py took 3.187 seconds
[2025-07-22T11:23:35.897+0000] {processor.py:186} INFO - Started process (PID=57844) to work on /opt/airflow/dags/train_weather_pred.py
[2025-07-22T11:23:35.898+0000] {processor.py:914} INFO - Processing file /opt/airflow/dags/train_weather_pred.py for tasks to queue
[2025-07-22T11:23:35.900+0000] {logging_mixin.py:190} INFO - [2025-07-22T11:23:35.899+0000] {dagbag.py:588} INFO - Filling up the DagBag from /opt/airflow/dags/train_weather_pred.py
[2025-07-22T11:23:39.004+0000] {processor.py:925} INFO - DAG(s) 'train_weather_pred' retrieved from /opt/airflow/dags/train_weather_pred.py
[2025-07-22T11:23:39.025+0000] {logging_mixin.py:190} INFO - [2025-07-22T11:23:39.025+0000] {dag.py:3239} INFO - Sync 1 DAGs
[2025-07-22T11:23:39.042+0000] {logging_mixin.py:190} INFO - [2025-07-22T11:23:39.042+0000] {dag.py:4180} INFO - Setting next_dagrun for train_weather_pred to 2025-07-22 00:00:00+00:00, run_after=2025-07-23 00:00:00+00:00
[2025-07-22T11:23:39.071+0000] {processor.py:208} INFO - Processing /opt/airflow/dags/train_weather_pred.py took 3.179 seconds
[2025-07-22T11:24:11.025+0000] {processor.py:186} INFO - Started process (PID=57942) to work on /opt/airflow/dags/train_weather_pred.py
[2025-07-22T11:24:11.026+0000] {processor.py:914} INFO - Processing file /opt/airflow/dags/train_weather_pred.py for tasks to queue
[2025-07-22T11:24:11.028+0000] {logging_mixin.py:190} INFO - [2025-07-22T11:24:11.028+0000] {dagbag.py:588} INFO - Filling up the DagBag from /opt/airflow/dags/train_weather_pred.py
[2025-07-22T11:24:14.311+0000] {processor.py:925} INFO - DAG(s) 'train_weather_pred' retrieved from /opt/airflow/dags/train_weather_pred.py
[2025-07-22T11:24:14.333+0000] {logging_mixin.py:190} INFO - [2025-07-22T11:24:14.333+0000] {dag.py:3239} INFO - Sync 1 DAGs
[2025-07-22T11:24:14.351+0000] {logging_mixin.py:190} INFO - [2025-07-22T11:24:14.351+0000] {dag.py:4180} INFO - Setting next_dagrun for train_weather_pred to 2025-07-22 00:00:00+00:00, run_after=2025-07-23 00:00:00+00:00
[2025-07-22T11:24:14.367+0000] {processor.py:208} INFO - Processing /opt/airflow/dags/train_weather_pred.py took 3.348 seconds
[2025-07-22T11:24:45.662+0000] {processor.py:186} INFO - Started process (PID=58040) to work on /opt/airflow/dags/train_weather_pred.py
[2025-07-22T11:24:45.663+0000] {processor.py:914} INFO - Processing file /opt/airflow/dags/train_weather_pred.py for tasks to queue
[2025-07-22T11:24:45.665+0000] {logging_mixin.py:190} INFO - [2025-07-22T11:24:45.665+0000] {dagbag.py:588} INFO - Filling up the DagBag from /opt/airflow/dags/train_weather_pred.py
[2025-07-22T11:24:48.818+0000] {processor.py:925} INFO - DAG(s) 'train_weather_pred' retrieved from /opt/airflow/dags/train_weather_pred.py
[2025-07-22T11:24:48.845+0000] {logging_mixin.py:190} INFO - [2025-07-22T11:24:48.844+0000] {dag.py:3239} INFO - Sync 1 DAGs
[2025-07-22T11:24:48.868+0000] {logging_mixin.py:190} INFO - [2025-07-22T11:24:48.868+0000] {dag.py:4180} INFO - Setting next_dagrun for train_weather_pred to 2025-07-22 00:00:00+00:00, run_after=2025-07-23 00:00:00+00:00
[2025-07-22T11:24:48.890+0000] {processor.py:208} INFO - Processing /opt/airflow/dags/train_weather_pred.py took 3.234 seconds
[2025-07-22T11:25:20.823+0000] {processor.py:186} INFO - Started process (PID=58138) to work on /opt/airflow/dags/train_weather_pred.py
[2025-07-22T11:25:20.823+0000] {processor.py:914} INFO - Processing file /opt/airflow/dags/train_weather_pred.py for tasks to queue
[2025-07-22T11:25:20.825+0000] {logging_mixin.py:190} INFO - [2025-07-22T11:25:20.825+0000] {dagbag.py:588} INFO - Filling up the DagBag from /opt/airflow/dags/train_weather_pred.py
[2025-07-22T11:25:23.974+0000] {processor.py:925} INFO - DAG(s) 'train_weather_pred' retrieved from /opt/airflow/dags/train_weather_pred.py
[2025-07-22T11:25:23.993+0000] {logging_mixin.py:190} INFO - [2025-07-22T11:25:23.993+0000] {dag.py:3239} INFO - Sync 1 DAGs
[2025-07-22T11:25:24.011+0000] {logging_mixin.py:190} INFO - [2025-07-22T11:25:24.011+0000] {dag.py:4180} INFO - Setting next_dagrun for train_weather_pred to 2025-07-22 00:00:00+00:00, run_after=2025-07-23 00:00:00+00:00
[2025-07-22T11:25:24.027+0000] {processor.py:208} INFO - Processing /opt/airflow/dags/train_weather_pred.py took 3.211 seconds
[2025-07-22T11:25:56.002+0000] {processor.py:186} INFO - Started process (PID=58236) to work on /opt/airflow/dags/train_weather_pred.py
[2025-07-22T11:25:56.003+0000] {processor.py:914} INFO - Processing file /opt/airflow/dags/train_weather_pred.py for tasks to queue
[2025-07-22T11:25:56.005+0000] {logging_mixin.py:190} INFO - [2025-07-22T11:25:56.004+0000] {dagbag.py:588} INFO - Filling up the DagBag from /opt/airflow/dags/train_weather_pred.py
[2025-07-22T11:25:59.170+0000] {processor.py:925} INFO - DAG(s) 'train_weather_pred' retrieved from /opt/airflow/dags/train_weather_pred.py
[2025-07-22T11:25:59.193+0000] {logging_mixin.py:190} INFO - [2025-07-22T11:25:59.193+0000] {dag.py:3239} INFO - Sync 1 DAGs
[2025-07-22T11:25:59.213+0000] {logging_mixin.py:190} INFO - [2025-07-22T11:25:59.212+0000] {dag.py:4180} INFO - Setting next_dagrun for train_weather_pred to 2025-07-22 00:00:00+00:00, run_after=2025-07-23 00:00:00+00:00
[2025-07-22T11:25:59.229+0000] {processor.py:208} INFO - Processing /opt/airflow/dags/train_weather_pred.py took 3.232 seconds
[2025-07-22T11:26:30.996+0000] {processor.py:186} INFO - Started process (PID=58340) to work on /opt/airflow/dags/train_weather_pred.py
[2025-07-22T11:26:30.997+0000] {processor.py:914} INFO - Processing file /opt/airflow/dags/train_weather_pred.py for tasks to queue
[2025-07-22T11:26:30.999+0000] {logging_mixin.py:190} INFO - [2025-07-22T11:26:30.999+0000] {dagbag.py:588} INFO - Filling up the DagBag from /opt/airflow/dags/train_weather_pred.py
[2025-07-22T11:26:34.368+0000] {processor.py:925} INFO - DAG(s) 'train_weather_pred' retrieved from /opt/airflow/dags/train_weather_pred.py
[2025-07-22T11:26:34.391+0000] {logging_mixin.py:190} INFO - [2025-07-22T11:26:34.390+0000] {dag.py:3239} INFO - Sync 1 DAGs
[2025-07-22T11:26:34.411+0000] {logging_mixin.py:190} INFO - [2025-07-22T11:26:34.411+0000] {dag.py:4180} INFO - Setting next_dagrun for train_weather_pred to 2025-07-22 00:00:00+00:00, run_after=2025-07-23 00:00:00+00:00
[2025-07-22T11:26:34.427+0000] {processor.py:208} INFO - Processing /opt/airflow/dags/train_weather_pred.py took 3.437 seconds
[2025-07-22T11:27:06.386+0000] {processor.py:186} INFO - Started process (PID=58438) to work on /opt/airflow/dags/train_weather_pred.py
[2025-07-22T11:27:06.387+0000] {processor.py:914} INFO - Processing file /opt/airflow/dags/train_weather_pred.py for tasks to queue
[2025-07-22T11:27:06.391+0000] {logging_mixin.py:190} INFO - [2025-07-22T11:27:06.391+0000] {dagbag.py:588} INFO - Filling up the DagBag from /opt/airflow/dags/train_weather_pred.py
[2025-07-22T11:27:09.609+0000] {processor.py:925} INFO - DAG(s) 'train_weather_pred' retrieved from /opt/airflow/dags/train_weather_pred.py
[2025-07-22T11:27:09.633+0000] {logging_mixin.py:190} INFO - [2025-07-22T11:27:09.632+0000] {dag.py:3239} INFO - Sync 1 DAGs
[2025-07-22T11:27:09.652+0000] {logging_mixin.py:190} INFO - [2025-07-22T11:27:09.651+0000] {dag.py:4180} INFO - Setting next_dagrun for train_weather_pred to 2025-07-22 00:00:00+00:00, run_after=2025-07-23 00:00:00+00:00
[2025-07-22T11:27:09.668+0000] {processor.py:208} INFO - Processing /opt/airflow/dags/train_weather_pred.py took 3.288 seconds
[2025-07-22T11:27:41.533+0000] {processor.py:186} INFO - Started process (PID=58536) to work on /opt/airflow/dags/train_weather_pred.py
[2025-07-22T11:27:41.534+0000] {processor.py:914} INFO - Processing file /opt/airflow/dags/train_weather_pred.py for tasks to queue
[2025-07-22T11:27:41.536+0000] {logging_mixin.py:190} INFO - [2025-07-22T11:27:41.536+0000] {dagbag.py:588} INFO - Filling up the DagBag from /opt/airflow/dags/train_weather_pred.py
[2025-07-22T11:27:44.672+0000] {processor.py:925} INFO - DAG(s) 'train_weather_pred' retrieved from /opt/airflow/dags/train_weather_pred.py
[2025-07-22T11:27:44.694+0000] {logging_mixin.py:190} INFO - [2025-07-22T11:27:44.693+0000] {dag.py:3239} INFO - Sync 1 DAGs
[2025-07-22T11:27:44.715+0000] {logging_mixin.py:190} INFO - [2025-07-22T11:27:44.715+0000] {dag.py:4180} INFO - Setting next_dagrun for train_weather_pred to 2025-07-22 00:00:00+00:00, run_after=2025-07-23 00:00:00+00:00
[2025-07-22T11:27:44.730+0000] {processor.py:208} INFO - Processing /opt/airflow/dags/train_weather_pred.py took 3.203 seconds
[2025-07-22T11:28:16.798+0000] {processor.py:186} INFO - Started process (PID=58634) to work on /opt/airflow/dags/train_weather_pred.py
[2025-07-22T11:28:16.800+0000] {processor.py:914} INFO - Processing file /opt/airflow/dags/train_weather_pred.py for tasks to queue
[2025-07-22T11:28:16.802+0000] {logging_mixin.py:190} INFO - [2025-07-22T11:28:16.802+0000] {dagbag.py:588} INFO - Filling up the DagBag from /opt/airflow/dags/train_weather_pred.py
[2025-07-22T11:28:20.194+0000] {processor.py:925} INFO - DAG(s) 'train_weather_pred' retrieved from /opt/airflow/dags/train_weather_pred.py
[2025-07-22T11:28:20.218+0000] {logging_mixin.py:190} INFO - [2025-07-22T11:28:20.218+0000] {dag.py:3239} INFO - Sync 1 DAGs
[2025-07-22T11:28:20.237+0000] {logging_mixin.py:190} INFO - [2025-07-22T11:28:20.237+0000] {dag.py:4180} INFO - Setting next_dagrun for train_weather_pred to 2025-07-22 00:00:00+00:00, run_after=2025-07-23 00:00:00+00:00
[2025-07-22T11:28:20.255+0000] {processor.py:208} INFO - Processing /opt/airflow/dags/train_weather_pred.py took 3.463 seconds
[2025-07-22T11:28:51.439+0000] {processor.py:186} INFO - Started process (PID=58732) to work on /opt/airflow/dags/train_weather_pred.py
[2025-07-22T11:28:51.440+0000] {processor.py:914} INFO - Processing file /opt/airflow/dags/train_weather_pred.py for tasks to queue
[2025-07-22T11:28:51.442+0000] {logging_mixin.py:190} INFO - [2025-07-22T11:28:51.442+0000] {dagbag.py:588} INFO - Filling up the DagBag from /opt/airflow/dags/train_weather_pred.py
[2025-07-22T11:28:54.696+0000] {processor.py:925} INFO - DAG(s) 'train_weather_pred' retrieved from /opt/airflow/dags/train_weather_pred.py
[2025-07-22T11:28:54.721+0000] {logging_mixin.py:190} INFO - [2025-07-22T11:28:54.720+0000] {dag.py:3239} INFO - Sync 1 DAGs
[2025-07-22T11:28:54.739+0000] {logging_mixin.py:190} INFO - [2025-07-22T11:28:54.739+0000] {dag.py:4180} INFO - Setting next_dagrun for train_weather_pred to 2025-07-22 00:00:00+00:00, run_after=2025-07-23 00:00:00+00:00
[2025-07-22T11:28:54.757+0000] {processor.py:208} INFO - Processing /opt/airflow/dags/train_weather_pred.py took 3.323 seconds
[2025-07-22T11:29:26.411+0000] {processor.py:186} INFO - Started process (PID=58830) to work on /opt/airflow/dags/train_weather_pred.py
[2025-07-22T11:29:26.412+0000] {processor.py:914} INFO - Processing file /opt/airflow/dags/train_weather_pred.py for tasks to queue
[2025-07-22T11:29:26.415+0000] {logging_mixin.py:190} INFO - [2025-07-22T11:29:26.415+0000] {dagbag.py:588} INFO - Filling up the DagBag from /opt/airflow/dags/train_weather_pred.py
[2025-07-22T11:29:29.933+0000] {processor.py:925} INFO - DAG(s) 'train_weather_pred' retrieved from /opt/airflow/dags/train_weather_pred.py
[2025-07-22T11:29:29.954+0000] {logging_mixin.py:190} INFO - [2025-07-22T11:29:29.954+0000] {dag.py:3239} INFO - Sync 1 DAGs
[2025-07-22T11:29:29.976+0000] {logging_mixin.py:190} INFO - [2025-07-22T11:29:29.975+0000] {dag.py:4180} INFO - Setting next_dagrun for train_weather_pred to 2025-07-22 00:00:00+00:00, run_after=2025-07-23 00:00:00+00:00
[2025-07-22T11:29:29.992+0000] {processor.py:208} INFO - Processing /opt/airflow/dags/train_weather_pred.py took 3.586 seconds
[2025-07-22T11:30:01.226+0000] {processor.py:186} INFO - Started process (PID=58934) to work on /opt/airflow/dags/train_weather_pred.py
[2025-07-22T11:30:01.227+0000] {processor.py:914} INFO - Processing file /opt/airflow/dags/train_weather_pred.py for tasks to queue
[2025-07-22T11:30:01.229+0000] {logging_mixin.py:190} INFO - [2025-07-22T11:30:01.229+0000] {dagbag.py:588} INFO - Filling up the DagBag from /opt/airflow/dags/train_weather_pred.py
[2025-07-22T11:30:04.487+0000] {processor.py:925} INFO - DAG(s) 'train_weather_pred' retrieved from /opt/airflow/dags/train_weather_pred.py
[2025-07-22T11:30:04.508+0000] {logging_mixin.py:190} INFO - [2025-07-22T11:30:04.508+0000] {dag.py:3239} INFO - Sync 1 DAGs
[2025-07-22T11:30:04.527+0000] {logging_mixin.py:190} INFO - [2025-07-22T11:30:04.526+0000] {dag.py:4180} INFO - Setting next_dagrun for train_weather_pred to 2025-07-22 00:00:00+00:00, run_after=2025-07-23 00:00:00+00:00
[2025-07-22T11:30:04.542+0000] {processor.py:208} INFO - Processing /opt/airflow/dags/train_weather_pred.py took 3.322 seconds
[2025-07-22T11:30:36.440+0000] {processor.py:186} INFO - Started process (PID=59032) to work on /opt/airflow/dags/train_weather_pred.py
[2025-07-22T11:30:36.441+0000] {processor.py:914} INFO - Processing file /opt/airflow/dags/train_weather_pred.py for tasks to queue
[2025-07-22T11:30:36.444+0000] {logging_mixin.py:190} INFO - [2025-07-22T11:30:36.443+0000] {dagbag.py:588} INFO - Filling up the DagBag from /opt/airflow/dags/train_weather_pred.py
[2025-07-22T11:30:39.636+0000] {processor.py:925} INFO - DAG(s) 'train_weather_pred' retrieved from /opt/airflow/dags/train_weather_pred.py
[2025-07-22T11:30:39.660+0000] {logging_mixin.py:190} INFO - [2025-07-22T11:30:39.659+0000] {dag.py:3239} INFO - Sync 1 DAGs
[2025-07-22T11:30:39.679+0000] {logging_mixin.py:190} INFO - [2025-07-22T11:30:39.679+0000] {dag.py:4180} INFO - Setting next_dagrun for train_weather_pred to 2025-07-22 00:00:00+00:00, run_after=2025-07-23 00:00:00+00:00
[2025-07-22T11:30:39.693+0000] {processor.py:208} INFO - Processing /opt/airflow/dags/train_weather_pred.py took 3.258 seconds
[2025-07-22T11:31:11.716+0000] {processor.py:186} INFO - Started process (PID=59130) to work on /opt/airflow/dags/train_weather_pred.py
[2025-07-22T11:31:11.718+0000] {processor.py:914} INFO - Processing file /opt/airflow/dags/train_weather_pred.py for tasks to queue
[2025-07-22T11:31:11.721+0000] {logging_mixin.py:190} INFO - [2025-07-22T11:31:11.720+0000] {dagbag.py:588} INFO - Filling up the DagBag from /opt/airflow/dags/train_weather_pred.py
[2025-07-22T11:31:14.922+0000] {processor.py:925} INFO - DAG(s) 'train_weather_pred' retrieved from /opt/airflow/dags/train_weather_pred.py
[2025-07-22T11:31:14.946+0000] {logging_mixin.py:190} INFO - [2025-07-22T11:31:14.945+0000] {dag.py:3239} INFO - Sync 1 DAGs
[2025-07-22T11:31:14.965+0000] {logging_mixin.py:190} INFO - [2025-07-22T11:31:14.965+0000] {dag.py:4180} INFO - Setting next_dagrun for train_weather_pred to 2025-07-22 00:00:00+00:00, run_after=2025-07-23 00:00:00+00:00
[2025-07-22T11:31:14.982+0000] {processor.py:208} INFO - Processing /opt/airflow/dags/train_weather_pred.py took 3.273 seconds
[2025-07-22T11:31:47.005+0000] {processor.py:186} INFO - Started process (PID=59228) to work on /opt/airflow/dags/train_weather_pred.py
[2025-07-22T11:31:47.006+0000] {processor.py:914} INFO - Processing file /opt/airflow/dags/train_weather_pred.py for tasks to queue
[2025-07-22T11:31:47.008+0000] {logging_mixin.py:190} INFO - [2025-07-22T11:31:47.008+0000] {dagbag.py:588} INFO - Filling up the DagBag from /opt/airflow/dags/train_weather_pred.py
[2025-07-22T11:31:50.492+0000] {processor.py:925} INFO - DAG(s) 'train_weather_pred' retrieved from /opt/airflow/dags/train_weather_pred.py
[2025-07-22T11:31:50.516+0000] {logging_mixin.py:190} INFO - [2025-07-22T11:31:50.516+0000] {dag.py:3239} INFO - Sync 1 DAGs
[2025-07-22T11:31:50.535+0000] {logging_mixin.py:190} INFO - [2025-07-22T11:31:50.535+0000] {dag.py:4180} INFO - Setting next_dagrun for train_weather_pred to 2025-07-22 00:00:00+00:00, run_after=2025-07-23 00:00:00+00:00
[2025-07-22T11:31:50.554+0000] {processor.py:208} INFO - Processing /opt/airflow/dags/train_weather_pred.py took 3.554 seconds
[2025-07-22T11:32:22.127+0000] {processor.py:186} INFO - Started process (PID=59326) to work on /opt/airflow/dags/train_weather_pred.py
[2025-07-22T11:32:22.128+0000] {processor.py:914} INFO - Processing file /opt/airflow/dags/train_weather_pred.py for tasks to queue
[2025-07-22T11:32:22.130+0000] {logging_mixin.py:190} INFO - [2025-07-22T11:32:22.130+0000] {dagbag.py:588} INFO - Filling up the DagBag from /opt/airflow/dags/train_weather_pred.py
[2025-07-22T11:32:25.361+0000] {processor.py:925} INFO - DAG(s) 'train_weather_pred' retrieved from /opt/airflow/dags/train_weather_pred.py
[2025-07-22T11:32:25.383+0000] {logging_mixin.py:190} INFO - [2025-07-22T11:32:25.382+0000] {dag.py:3239} INFO - Sync 1 DAGs
[2025-07-22T11:32:25.401+0000] {logging_mixin.py:190} INFO - [2025-07-22T11:32:25.401+0000] {dag.py:4180} INFO - Setting next_dagrun for train_weather_pred to 2025-07-22 00:00:00+00:00, run_after=2025-07-23 00:00:00+00:00
[2025-07-22T11:32:25.417+0000] {processor.py:208} INFO - Processing /opt/airflow/dags/train_weather_pred.py took 3.297 seconds
[2025-07-22T11:32:57.318+0000] {processor.py:186} INFO - Started process (PID=59424) to work on /opt/airflow/dags/train_weather_pred.py
[2025-07-22T11:32:57.319+0000] {processor.py:914} INFO - Processing file /opt/airflow/dags/train_weather_pred.py for tasks to queue
[2025-07-22T11:32:57.321+0000] {logging_mixin.py:190} INFO - [2025-07-22T11:32:57.321+0000] {dagbag.py:588} INFO - Filling up the DagBag from /opt/airflow/dags/train_weather_pred.py
[2025-07-22T11:33:00.513+0000] {processor.py:925} INFO - DAG(s) 'train_weather_pred' retrieved from /opt/airflow/dags/train_weather_pred.py
[2025-07-22T11:33:00.534+0000] {logging_mixin.py:190} INFO - [2025-07-22T11:33:00.533+0000] {dag.py:3239} INFO - Sync 1 DAGs
[2025-07-22T11:33:00.551+0000] {logging_mixin.py:190} INFO - [2025-07-22T11:33:00.551+0000] {dag.py:4180} INFO - Setting next_dagrun for train_weather_pred to 2025-07-22 00:00:00+00:00, run_after=2025-07-23 00:00:00+00:00
[2025-07-22T11:33:00.565+0000] {processor.py:208} INFO - Processing /opt/airflow/dags/train_weather_pred.py took 3.253 seconds
[2025-07-22T11:33:32.492+0000] {processor.py:186} INFO - Started process (PID=59528) to work on /opt/airflow/dags/train_weather_pred.py
[2025-07-22T11:33:32.493+0000] {processor.py:914} INFO - Processing file /opt/airflow/dags/train_weather_pred.py for tasks to queue
[2025-07-22T11:33:32.495+0000] {logging_mixin.py:190} INFO - [2025-07-22T11:33:32.495+0000] {dagbag.py:588} INFO - Filling up the DagBag from /opt/airflow/dags/train_weather_pred.py
[2025-07-22T11:33:35.610+0000] {processor.py:925} INFO - DAG(s) 'train_weather_pred' retrieved from /opt/airflow/dags/train_weather_pred.py
[2025-07-22T11:33:35.632+0000] {logging_mixin.py:190} INFO - [2025-07-22T11:33:35.632+0000] {dag.py:3239} INFO - Sync 1 DAGs
[2025-07-22T11:33:35.652+0000] {logging_mixin.py:190} INFO - [2025-07-22T11:33:35.651+0000] {dag.py:4180} INFO - Setting next_dagrun for train_weather_pred to 2025-07-22 00:00:00+00:00, run_after=2025-07-23 00:00:00+00:00
[2025-07-22T11:33:35.666+0000] {processor.py:208} INFO - Processing /opt/airflow/dags/train_weather_pred.py took 3.180 seconds
[2025-07-22T11:34:07.806+0000] {processor.py:186} INFO - Started process (PID=59626) to work on /opt/airflow/dags/train_weather_pred.py
[2025-07-22T11:34:07.807+0000] {processor.py:914} INFO - Processing file /opt/airflow/dags/train_weather_pred.py for tasks to queue
[2025-07-22T11:34:07.810+0000] {logging_mixin.py:190} INFO - [2025-07-22T11:34:07.810+0000] {dagbag.py:588} INFO - Filling up the DagBag from /opt/airflow/dags/train_weather_pred.py
[2025-07-22T11:34:11.439+0000] {processor.py:925} INFO - DAG(s) 'train_weather_pred' retrieved from /opt/airflow/dags/train_weather_pred.py
[2025-07-22T11:34:11.462+0000] {logging_mixin.py:190} INFO - [2025-07-22T11:34:11.461+0000] {dag.py:3239} INFO - Sync 1 DAGs
[2025-07-22T11:34:11.482+0000] {logging_mixin.py:190} INFO - [2025-07-22T11:34:11.482+0000] {dag.py:4180} INFO - Setting next_dagrun for train_weather_pred to 2025-07-22 00:00:00+00:00, run_after=2025-07-23 00:00:00+00:00
[2025-07-22T11:34:11.499+0000] {processor.py:208} INFO - Processing /opt/airflow/dags/train_weather_pred.py took 3.698 seconds
[2025-07-22T11:34:42.724+0000] {processor.py:186} INFO - Started process (PID=59724) to work on /opt/airflow/dags/train_weather_pred.py
[2025-07-22T11:34:42.725+0000] {processor.py:914} INFO - Processing file /opt/airflow/dags/train_weather_pred.py for tasks to queue
[2025-07-22T11:34:42.728+0000] {logging_mixin.py:190} INFO - [2025-07-22T11:34:42.727+0000] {dagbag.py:588} INFO - Filling up the DagBag from /opt/airflow/dags/train_weather_pred.py
[2025-07-22T11:34:46.043+0000] {processor.py:925} INFO - DAG(s) 'train_weather_pred' retrieved from /opt/airflow/dags/train_weather_pred.py
[2025-07-22T11:34:46.066+0000] {logging_mixin.py:190} INFO - [2025-07-22T11:34:46.066+0000] {dag.py:3239} INFO - Sync 1 DAGs
[2025-07-22T11:34:46.086+0000] {logging_mixin.py:190} INFO - [2025-07-22T11:34:46.085+0000] {dag.py:4180} INFO - Setting next_dagrun for train_weather_pred to 2025-07-22 00:00:00+00:00, run_after=2025-07-23 00:00:00+00:00
[2025-07-22T11:34:46.104+0000] {processor.py:208} INFO - Processing /opt/airflow/dags/train_weather_pred.py took 3.385 seconds
[2025-07-22T11:35:17.921+0000] {processor.py:186} INFO - Started process (PID=59822) to work on /opt/airflow/dags/train_weather_pred.py
[2025-07-22T11:35:17.922+0000] {processor.py:914} INFO - Processing file /opt/airflow/dags/train_weather_pred.py for tasks to queue
[2025-07-22T11:35:17.923+0000] {logging_mixin.py:190} INFO - [2025-07-22T11:35:17.923+0000] {dagbag.py:588} INFO - Filling up the DagBag from /opt/airflow/dags/train_weather_pred.py
[2025-07-22T11:35:21.527+0000] {processor.py:925} INFO - DAG(s) 'train_weather_pred' retrieved from /opt/airflow/dags/train_weather_pred.py
[2025-07-22T11:35:21.550+0000] {logging_mixin.py:190} INFO - [2025-07-22T11:35:21.549+0000] {dag.py:3239} INFO - Sync 1 DAGs
[2025-07-22T11:35:21.570+0000] {logging_mixin.py:190} INFO - [2025-07-22T11:35:21.569+0000] {dag.py:4180} INFO - Setting next_dagrun for train_weather_pred to 2025-07-22 00:00:00+00:00, run_after=2025-07-23 00:00:00+00:00
[2025-07-22T11:35:21.585+0000] {processor.py:208} INFO - Processing /opt/airflow/dags/train_weather_pred.py took 3.670 seconds
[2025-07-22T11:35:52.774+0000] {processor.py:186} INFO - Started process (PID=59920) to work on /opt/airflow/dags/train_weather_pred.py
[2025-07-22T11:35:52.775+0000] {processor.py:914} INFO - Processing file /opt/airflow/dags/train_weather_pred.py for tasks to queue
[2025-07-22T11:35:52.778+0000] {logging_mixin.py:190} INFO - [2025-07-22T11:35:52.777+0000] {dagbag.py:588} INFO - Filling up the DagBag from /opt/airflow/dags/train_weather_pred.py
[2025-07-22T11:35:56.147+0000] {processor.py:925} INFO - DAG(s) 'train_weather_pred' retrieved from /opt/airflow/dags/train_weather_pred.py
[2025-07-22T11:35:56.170+0000] {logging_mixin.py:190} INFO - [2025-07-22T11:35:56.169+0000] {dag.py:3239} INFO - Sync 1 DAGs
[2025-07-22T11:35:56.189+0000] {logging_mixin.py:190} INFO - [2025-07-22T11:35:56.188+0000] {dag.py:4180} INFO - Setting next_dagrun for train_weather_pred to 2025-07-22 00:00:00+00:00, run_after=2025-07-23 00:00:00+00:00
[2025-07-22T11:35:56.204+0000] {processor.py:208} INFO - Processing /opt/airflow/dags/train_weather_pred.py took 3.436 seconds
[2025-07-22T11:36:28.138+0000] {processor.py:186} INFO - Started process (PID=60018) to work on /opt/airflow/dags/train_weather_pred.py
[2025-07-22T11:36:28.139+0000] {processor.py:914} INFO - Processing file /opt/airflow/dags/train_weather_pred.py for tasks to queue
[2025-07-22T11:36:28.141+0000] {logging_mixin.py:190} INFO - [2025-07-22T11:36:28.141+0000] {dagbag.py:588} INFO - Filling up the DagBag from /opt/airflow/dags/train_weather_pred.py
[2025-07-22T11:36:31.606+0000] {processor.py:925} INFO - DAG(s) 'train_weather_pred' retrieved from /opt/airflow/dags/train_weather_pred.py
[2025-07-22T11:36:31.627+0000] {logging_mixin.py:190} INFO - [2025-07-22T11:36:31.627+0000] {dag.py:3239} INFO - Sync 1 DAGs
[2025-07-22T11:36:31.649+0000] {logging_mixin.py:190} INFO - [2025-07-22T11:36:31.649+0000] {dag.py:4180} INFO - Setting next_dagrun for train_weather_pred to 2025-07-22 00:00:00+00:00, run_after=2025-07-23 00:00:00+00:00
[2025-07-22T11:36:31.668+0000] {processor.py:208} INFO - Processing /opt/airflow/dags/train_weather_pred.py took 3.536 seconds
[2025-07-22T11:37:03.024+0000] {processor.py:186} INFO - Started process (PID=60122) to work on /opt/airflow/dags/train_weather_pred.py
[2025-07-22T11:37:03.025+0000] {processor.py:914} INFO - Processing file /opt/airflow/dags/train_weather_pred.py for tasks to queue
[2025-07-22T11:37:03.028+0000] {logging_mixin.py:190} INFO - [2025-07-22T11:37:03.027+0000] {dagbag.py:588} INFO - Filling up the DagBag from /opt/airflow/dags/train_weather_pred.py
[2025-07-22T11:37:06.407+0000] {processor.py:925} INFO - DAG(s) 'train_weather_pred' retrieved from /opt/airflow/dags/train_weather_pred.py
[2025-07-22T11:37:06.428+0000] {logging_mixin.py:190} INFO - [2025-07-22T11:37:06.427+0000] {dag.py:3239} INFO - Sync 1 DAGs
[2025-07-22T11:37:06.447+0000] {logging_mixin.py:190} INFO - [2025-07-22T11:37:06.446+0000] {dag.py:4180} INFO - Setting next_dagrun for train_weather_pred to 2025-07-22 00:00:00+00:00, run_after=2025-07-23 00:00:00+00:00
[2025-07-22T11:37:06.462+0000] {processor.py:208} INFO - Processing /opt/airflow/dags/train_weather_pred.py took 3.444 seconds
[2025-07-22T11:37:37.725+0000] {processor.py:186} INFO - Started process (PID=60220) to work on /opt/airflow/dags/train_weather_pred.py
[2025-07-22T11:37:37.727+0000] {processor.py:914} INFO - Processing file /opt/airflow/dags/train_weather_pred.py for tasks to queue
[2025-07-22T11:37:37.731+0000] {logging_mixin.py:190} INFO - [2025-07-22T11:37:37.730+0000] {dagbag.py:588} INFO - Filling up the DagBag from /opt/airflow/dags/train_weather_pred.py
[2025-07-22T11:37:41.143+0000] {processor.py:925} INFO - DAG(s) 'train_weather_pred' retrieved from /opt/airflow/dags/train_weather_pred.py
[2025-07-22T11:37:41.170+0000] {logging_mixin.py:190} INFO - [2025-07-22T11:37:41.170+0000] {dag.py:3239} INFO - Sync 1 DAGs
[2025-07-22T11:37:41.191+0000] {logging_mixin.py:190} INFO - [2025-07-22T11:37:41.191+0000] {dag.py:4180} INFO - Setting next_dagrun for train_weather_pred to 2025-07-22 00:00:00+00:00, run_after=2025-07-23 00:00:00+00:00
[2025-07-22T11:37:41.209+0000] {processor.py:208} INFO - Processing /opt/airflow/dags/train_weather_pred.py took 3.494 seconds
[2025-07-22T11:38:13.196+0000] {processor.py:186} INFO - Started process (PID=60319) to work on /opt/airflow/dags/train_weather_pred.py
[2025-07-22T11:38:13.197+0000] {processor.py:914} INFO - Processing file /opt/airflow/dags/train_weather_pred.py for tasks to queue
[2025-07-22T11:38:13.200+0000] {logging_mixin.py:190} INFO - [2025-07-22T11:38:13.200+0000] {dagbag.py:588} INFO - Filling up the DagBag from /opt/airflow/dags/train_weather_pred.py
[2025-07-22T11:38:16.593+0000] {processor.py:925} INFO - DAG(s) 'train_weather_pred' retrieved from /opt/airflow/dags/train_weather_pred.py
[2025-07-22T11:38:16.614+0000] {logging_mixin.py:190} INFO - [2025-07-22T11:38:16.614+0000] {dag.py:3239} INFO - Sync 1 DAGs
[2025-07-22T11:38:16.635+0000] {logging_mixin.py:190} INFO - [2025-07-22T11:38:16.635+0000] {dag.py:4180} INFO - Setting next_dagrun for train_weather_pred to 2025-07-22 00:00:00+00:00, run_after=2025-07-23 00:00:00+00:00
[2025-07-22T11:38:16.652+0000] {processor.py:208} INFO - Processing /opt/airflow/dags/train_weather_pred.py took 3.461 seconds
[2025-07-22T11:38:48.197+0000] {processor.py:186} INFO - Started process (PID=60417) to work on /opt/airflow/dags/train_weather_pred.py
[2025-07-22T11:38:48.198+0000] {processor.py:914} INFO - Processing file /opt/airflow/dags/train_weather_pred.py for tasks to queue
[2025-07-22T11:38:48.200+0000] {logging_mixin.py:190} INFO - [2025-07-22T11:38:48.200+0000] {dagbag.py:588} INFO - Filling up the DagBag from /opt/airflow/dags/train_weather_pred.py
[2025-07-22T11:38:51.701+0000] {processor.py:925} INFO - DAG(s) 'train_weather_pred' retrieved from /opt/airflow/dags/train_weather_pred.py
[2025-07-22T11:38:51.725+0000] {logging_mixin.py:190} INFO - [2025-07-22T11:38:51.725+0000] {dag.py:3239} INFO - Sync 1 DAGs
[2025-07-22T11:38:51.743+0000] {logging_mixin.py:190} INFO - [2025-07-22T11:38:51.743+0000] {dag.py:4180} INFO - Setting next_dagrun for train_weather_pred to 2025-07-22 00:00:00+00:00, run_after=2025-07-23 00:00:00+00:00
[2025-07-22T11:38:51.759+0000] {processor.py:208} INFO - Processing /opt/airflow/dags/train_weather_pred.py took 3.568 seconds
[2025-07-22T11:39:23.779+0000] {processor.py:186} INFO - Started process (PID=60515) to work on /opt/airflow/dags/train_weather_pred.py
[2025-07-22T11:39:23.780+0000] {processor.py:914} INFO - Processing file /opt/airflow/dags/train_weather_pred.py for tasks to queue
[2025-07-22T11:39:23.782+0000] {logging_mixin.py:190} INFO - [2025-07-22T11:39:23.782+0000] {dagbag.py:588} INFO - Filling up the DagBag from /opt/airflow/dags/train_weather_pred.py
[2025-07-22T11:39:27.170+0000] {processor.py:925} INFO - DAG(s) 'train_weather_pred' retrieved from /opt/airflow/dags/train_weather_pred.py
[2025-07-22T11:39:27.192+0000] {logging_mixin.py:190} INFO - [2025-07-22T11:39:27.192+0000] {dag.py:3239} INFO - Sync 1 DAGs
[2025-07-22T11:39:27.212+0000] {logging_mixin.py:190} INFO - [2025-07-22T11:39:27.212+0000] {dag.py:4180} INFO - Setting next_dagrun for train_weather_pred to 2025-07-22 00:00:00+00:00, run_after=2025-07-23 00:00:00+00:00
[2025-07-22T11:39:27.227+0000] {processor.py:208} INFO - Processing /opt/airflow/dags/train_weather_pred.py took 3.453 seconds
[2025-07-22T11:39:58.404+0000] {processor.py:186} INFO - Started process (PID=60613) to work on /opt/airflow/dags/train_weather_pred.py
[2025-07-22T11:39:58.405+0000] {processor.py:914} INFO - Processing file /opt/airflow/dags/train_weather_pred.py for tasks to queue
[2025-07-22T11:39:58.407+0000] {logging_mixin.py:190} INFO - [2025-07-22T11:39:58.407+0000] {dagbag.py:588} INFO - Filling up the DagBag from /opt/airflow/dags/train_weather_pred.py
[2025-07-22T11:40:01.793+0000] {processor.py:925} INFO - DAG(s) 'train_weather_pred' retrieved from /opt/airflow/dags/train_weather_pred.py
[2025-07-22T11:40:01.814+0000] {logging_mixin.py:190} INFO - [2025-07-22T11:40:01.814+0000] {dag.py:3239} INFO - Sync 1 DAGs
[2025-07-22T11:40:01.832+0000] {logging_mixin.py:190} INFO - [2025-07-22T11:40:01.832+0000] {dag.py:4180} INFO - Setting next_dagrun for train_weather_pred to 2025-07-22 00:00:00+00:00, run_after=2025-07-23 00:00:00+00:00
[2025-07-22T11:40:01.850+0000] {processor.py:208} INFO - Processing /opt/airflow/dags/train_weather_pred.py took 3.451 seconds
[2025-07-22T11:40:33.008+0000] {processor.py:186} INFO - Started process (PID=60717) to work on /opt/airflow/dags/train_weather_pred.py
[2025-07-22T11:40:33.010+0000] {processor.py:914} INFO - Processing file /opt/airflow/dags/train_weather_pred.py for tasks to queue
[2025-07-22T11:40:33.012+0000] {logging_mixin.py:190} INFO - [2025-07-22T11:40:33.011+0000] {dagbag.py:588} INFO - Filling up the DagBag from /opt/airflow/dags/train_weather_pred.py
[2025-07-22T11:40:36.366+0000] {processor.py:925} INFO - DAG(s) 'train_weather_pred' retrieved from /opt/airflow/dags/train_weather_pred.py
[2025-07-22T11:40:36.389+0000] {logging_mixin.py:190} INFO - [2025-07-22T11:40:36.388+0000] {dag.py:3239} INFO - Sync 1 DAGs
[2025-07-22T11:40:36.407+0000] {logging_mixin.py:190} INFO - [2025-07-22T11:40:36.407+0000] {dag.py:4180} INFO - Setting next_dagrun for train_weather_pred to 2025-07-22 00:00:00+00:00, run_after=2025-07-23 00:00:00+00:00
[2025-07-22T11:40:36.422+0000] {processor.py:208} INFO - Processing /opt/airflow/dags/train_weather_pred.py took 3.420 seconds
[2025-07-22T11:41:07.593+0000] {processor.py:186} INFO - Started process (PID=60815) to work on /opt/airflow/dags/train_weather_pred.py
[2025-07-22T11:41:07.595+0000] {processor.py:914} INFO - Processing file /opt/airflow/dags/train_weather_pred.py for tasks to queue
[2025-07-22T11:41:07.597+0000] {logging_mixin.py:190} INFO - [2025-07-22T11:41:07.597+0000] {dagbag.py:588} INFO - Filling up the DagBag from /opt/airflow/dags/train_weather_pred.py
[2025-07-22T11:41:11.188+0000] {processor.py:925} INFO - DAG(s) 'train_weather_pred' retrieved from /opt/airflow/dags/train_weather_pred.py
[2025-07-22T11:41:11.211+0000] {logging_mixin.py:190} INFO - [2025-07-22T11:41:11.210+0000] {dag.py:3239} INFO - Sync 1 DAGs
[2025-07-22T11:41:11.230+0000] {logging_mixin.py:190} INFO - [2025-07-22T11:41:11.229+0000] {dag.py:4180} INFO - Setting next_dagrun for train_weather_pred to 2025-07-22 00:00:00+00:00, run_after=2025-07-23 00:00:00+00:00
[2025-07-22T11:41:11.248+0000] {processor.py:208} INFO - Processing /opt/airflow/dags/train_weather_pred.py took 3.662 seconds
[2025-07-22T11:41:42.534+0000] {processor.py:186} INFO - Started process (PID=60913) to work on /opt/airflow/dags/train_weather_pred.py
[2025-07-22T11:41:42.535+0000] {processor.py:914} INFO - Processing file /opt/airflow/dags/train_weather_pred.py for tasks to queue
[2025-07-22T11:41:42.540+0000] {logging_mixin.py:190} INFO - [2025-07-22T11:41:42.540+0000] {dagbag.py:588} INFO - Filling up the DagBag from /opt/airflow/dags/train_weather_pred.py
[2025-07-22T11:41:46.010+0000] {processor.py:925} INFO - DAG(s) 'train_weather_pred' retrieved from /opt/airflow/dags/train_weather_pred.py
[2025-07-22T11:41:46.032+0000] {logging_mixin.py:190} INFO - [2025-07-22T11:41:46.032+0000] {dag.py:3239} INFO - Sync 1 DAGs
[2025-07-22T11:41:46.052+0000] {logging_mixin.py:190} INFO - [2025-07-22T11:41:46.052+0000] {dag.py:4180} INFO - Setting next_dagrun for train_weather_pred to 2025-07-22 00:00:00+00:00, run_after=2025-07-23 00:00:00+00:00
[2025-07-22T11:41:46.067+0000] {processor.py:208} INFO - Processing /opt/airflow/dags/train_weather_pred.py took 3.540 seconds
[2025-07-22T11:42:17.169+0000] {processor.py:186} INFO - Started process (PID=61011) to work on /opt/airflow/dags/train_weather_pred.py
[2025-07-22T11:42:17.170+0000] {processor.py:914} INFO - Processing file /opt/airflow/dags/train_weather_pred.py for tasks to queue
[2025-07-22T11:42:17.172+0000] {logging_mixin.py:190} INFO - [2025-07-22T11:42:17.172+0000] {dagbag.py:588} INFO - Filling up the DagBag from /opt/airflow/dags/train_weather_pred.py
[2025-07-22T11:42:20.767+0000] {processor.py:925} INFO - DAG(s) 'train_weather_pred' retrieved from /opt/airflow/dags/train_weather_pred.py
[2025-07-22T11:42:20.791+0000] {logging_mixin.py:190} INFO - [2025-07-22T11:42:20.791+0000] {dag.py:3239} INFO - Sync 1 DAGs
[2025-07-22T11:42:20.812+0000] {logging_mixin.py:190} INFO - [2025-07-22T11:42:20.811+0000] {dag.py:4180} INFO - Setting next_dagrun for train_weather_pred to 2025-07-22 00:00:00+00:00, run_after=2025-07-23 00:00:00+00:00
[2025-07-22T11:42:20.827+0000] {processor.py:208} INFO - Processing /opt/airflow/dags/train_weather_pred.py took 3.664 seconds
[2025-07-22T11:42:52.134+0000] {processor.py:186} INFO - Started process (PID=61109) to work on /opt/airflow/dags/train_weather_pred.py
[2025-07-22T11:42:52.135+0000] {processor.py:914} INFO - Processing file /opt/airflow/dags/train_weather_pred.py for tasks to queue
[2025-07-22T11:42:52.138+0000] {logging_mixin.py:190} INFO - [2025-07-22T11:42:52.137+0000] {dagbag.py:588} INFO - Filling up the DagBag from /opt/airflow/dags/train_weather_pred.py
[2025-07-22T11:42:55.570+0000] {processor.py:925} INFO - DAG(s) 'train_weather_pred' retrieved from /opt/airflow/dags/train_weather_pred.py
[2025-07-22T11:42:55.594+0000] {logging_mixin.py:190} INFO - [2025-07-22T11:42:55.593+0000] {dag.py:3239} INFO - Sync 1 DAGs
[2025-07-22T11:42:55.614+0000] {logging_mixin.py:190} INFO - [2025-07-22T11:42:55.614+0000] {dag.py:4180} INFO - Setting next_dagrun for train_weather_pred to 2025-07-22 00:00:00+00:00, run_after=2025-07-23 00:00:00+00:00
[2025-07-22T11:42:55.632+0000] {processor.py:208} INFO - Processing /opt/airflow/dags/train_weather_pred.py took 3.505 seconds
[2025-07-22T11:43:26.927+0000] {processor.py:186} INFO - Started process (PID=61207) to work on /opt/airflow/dags/train_weather_pred.py
[2025-07-22T11:43:26.928+0000] {processor.py:914} INFO - Processing file /opt/airflow/dags/train_weather_pred.py for tasks to queue
[2025-07-22T11:43:26.931+0000] {logging_mixin.py:190} INFO - [2025-07-22T11:43:26.930+0000] {dagbag.py:588} INFO - Filling up the DagBag from /opt/airflow/dags/train_weather_pred.py
[2025-07-22T11:43:30.626+0000] {processor.py:925} INFO - DAG(s) 'train_weather_pred' retrieved from /opt/airflow/dags/train_weather_pred.py
[2025-07-22T11:43:30.648+0000] {logging_mixin.py:190} INFO - [2025-07-22T11:43:30.648+0000] {dag.py:3239} INFO - Sync 1 DAGs
[2025-07-22T11:43:30.669+0000] {logging_mixin.py:190} INFO - [2025-07-22T11:43:30.668+0000] {dag.py:4180} INFO - Setting next_dagrun for train_weather_pred to 2025-07-22 00:00:00+00:00, run_after=2025-07-23 00:00:00+00:00
[2025-07-22T11:43:30.687+0000] {processor.py:208} INFO - Processing /opt/airflow/dags/train_weather_pred.py took 3.766 seconds
[2025-07-22T11:44:01.899+0000] {processor.py:186} INFO - Started process (PID=61311) to work on /opt/airflow/dags/train_weather_pred.py
[2025-07-22T11:44:01.900+0000] {processor.py:914} INFO - Processing file /opt/airflow/dags/train_weather_pred.py for tasks to queue
[2025-07-22T11:44:01.902+0000] {logging_mixin.py:190} INFO - [2025-07-22T11:44:01.902+0000] {dagbag.py:588} INFO - Filling up the DagBag from /opt/airflow/dags/train_weather_pred.py
[2025-07-22T11:44:05.402+0000] {processor.py:925} INFO - DAG(s) 'train_weather_pred' retrieved from /opt/airflow/dags/train_weather_pred.py
[2025-07-22T11:44:05.425+0000] {logging_mixin.py:190} INFO - [2025-07-22T11:44:05.424+0000] {dag.py:3239} INFO - Sync 1 DAGs
[2025-07-22T11:44:05.445+0000] {logging_mixin.py:190} INFO - [2025-07-22T11:44:05.445+0000] {dag.py:4180} INFO - Setting next_dagrun for train_weather_pred to 2025-07-22 00:00:00+00:00, run_after=2025-07-23 00:00:00+00:00
[2025-07-22T11:44:05.463+0000] {processor.py:208} INFO - Processing /opt/airflow/dags/train_weather_pred.py took 3.569 seconds
[2025-07-22T11:44:36.937+0000] {processor.py:186} INFO - Started process (PID=61409) to work on /opt/airflow/dags/train_weather_pred.py
[2025-07-22T11:44:36.938+0000] {processor.py:914} INFO - Processing file /opt/airflow/dags/train_weather_pred.py for tasks to queue
[2025-07-22T11:44:36.940+0000] {logging_mixin.py:190} INFO - [2025-07-22T11:44:36.940+0000] {dagbag.py:588} INFO - Filling up the DagBag from /opt/airflow/dags/train_weather_pred.py
[2025-07-22T11:44:40.565+0000] {processor.py:925} INFO - DAG(s) 'train_weather_pred' retrieved from /opt/airflow/dags/train_weather_pred.py
[2025-07-22T11:44:40.589+0000] {logging_mixin.py:190} INFO - [2025-07-22T11:44:40.588+0000] {dag.py:3239} INFO - Sync 1 DAGs
[2025-07-22T11:44:40.610+0000] {logging_mixin.py:190} INFO - [2025-07-22T11:44:40.610+0000] {dag.py:4180} INFO - Setting next_dagrun for train_weather_pred to 2025-07-22 00:00:00+00:00, run_after=2025-07-23 00:00:00+00:00
[2025-07-22T11:44:40.630+0000] {processor.py:208} INFO - Processing /opt/airflow/dags/train_weather_pred.py took 3.699 seconds
[2025-07-22T11:45:12.646+0000] {processor.py:186} INFO - Started process (PID=61507) to work on /opt/airflow/dags/train_weather_pred.py
[2025-07-22T11:45:12.647+0000] {processor.py:914} INFO - Processing file /opt/airflow/dags/train_weather_pred.py for tasks to queue
[2025-07-22T11:45:12.650+0000] {logging_mixin.py:190} INFO - [2025-07-22T11:45:12.650+0000] {dagbag.py:588} INFO - Filling up the DagBag from /opt/airflow/dags/train_weather_pred.py
[2025-07-22T11:45:16.129+0000] {processor.py:925} INFO - DAG(s) 'train_weather_pred' retrieved from /opt/airflow/dags/train_weather_pred.py
[2025-07-22T11:45:16.152+0000] {logging_mixin.py:190} INFO - [2025-07-22T11:45:16.151+0000] {dag.py:3239} INFO - Sync 1 DAGs
[2025-07-22T11:45:16.170+0000] {logging_mixin.py:190} INFO - [2025-07-22T11:45:16.170+0000] {dag.py:4180} INFO - Setting next_dagrun for train_weather_pred to 2025-07-22 00:00:00+00:00, run_after=2025-07-23 00:00:00+00:00
[2025-07-22T11:45:16.184+0000] {processor.py:208} INFO - Processing /opt/airflow/dags/train_weather_pred.py took 3.545 seconds
[2025-07-22T11:45:47.559+0000] {processor.py:186} INFO - Started process (PID=61605) to work on /opt/airflow/dags/train_weather_pred.py
[2025-07-22T11:45:47.560+0000] {processor.py:914} INFO - Processing file /opt/airflow/dags/train_weather_pred.py for tasks to queue
[2025-07-22T11:45:47.562+0000] {logging_mixin.py:190} INFO - [2025-07-22T11:45:47.562+0000] {dagbag.py:588} INFO - Filling up the DagBag from /opt/airflow/dags/train_weather_pred.py
[2025-07-22T11:45:51.113+0000] {processor.py:925} INFO - DAG(s) 'train_weather_pred' retrieved from /opt/airflow/dags/train_weather_pred.py
[2025-07-22T11:45:51.141+0000] {logging_mixin.py:190} INFO - [2025-07-22T11:45:51.140+0000] {dag.py:3239} INFO - Sync 1 DAGs
[2025-07-22T11:45:51.166+0000] {logging_mixin.py:190} INFO - [2025-07-22T11:45:51.166+0000] {dag.py:4180} INFO - Setting next_dagrun for train_weather_pred to 2025-07-22 00:00:00+00:00, run_after=2025-07-23 00:00:00+00:00
[2025-07-22T11:45:51.185+0000] {processor.py:208} INFO - Processing /opt/airflow/dags/train_weather_pred.py took 3.631 seconds
[2025-07-22T11:46:22.254+0000] {processor.py:186} INFO - Started process (PID=61703) to work on /opt/airflow/dags/train_weather_pred.py
[2025-07-22T11:46:22.256+0000] {processor.py:914} INFO - Processing file /opt/airflow/dags/train_weather_pred.py for tasks to queue
[2025-07-22T11:46:22.259+0000] {logging_mixin.py:190} INFO - [2025-07-22T11:46:22.259+0000] {dagbag.py:588} INFO - Filling up the DagBag from /opt/airflow/dags/train_weather_pred.py
[2025-07-22T11:46:25.677+0000] {processor.py:925} INFO - DAG(s) 'train_weather_pred' retrieved from /opt/airflow/dags/train_weather_pred.py
[2025-07-22T11:46:25.699+0000] {logging_mixin.py:190} INFO - [2025-07-22T11:46:25.699+0000] {dag.py:3239} INFO - Sync 1 DAGs
[2025-07-22T11:46:25.718+0000] {logging_mixin.py:190} INFO - [2025-07-22T11:46:25.718+0000] {dag.py:4180} INFO - Setting next_dagrun for train_weather_pred to 2025-07-22 00:00:00+00:00, run_after=2025-07-23 00:00:00+00:00
[2025-07-22T11:46:25.737+0000] {processor.py:208} INFO - Processing /opt/airflow/dags/train_weather_pred.py took 3.488 seconds
[2025-07-22T11:46:57.004+0000] {processor.py:186} INFO - Started process (PID=61801) to work on /opt/airflow/dags/train_weather_pred.py
[2025-07-22T11:46:57.005+0000] {processor.py:914} INFO - Processing file /opt/airflow/dags/train_weather_pred.py for tasks to queue
[2025-07-22T11:46:57.007+0000] {logging_mixin.py:190} INFO - [2025-07-22T11:46:57.007+0000] {dagbag.py:588} INFO - Filling up the DagBag from /opt/airflow/dags/train_weather_pred.py
[2025-07-22T11:47:00.353+0000] {processor.py:925} INFO - DAG(s) 'train_weather_pred' retrieved from /opt/airflow/dags/train_weather_pred.py
[2025-07-22T11:47:00.377+0000] {logging_mixin.py:190} INFO - [2025-07-22T11:47:00.375+0000] {dag.py:3239} INFO - Sync 1 DAGs
[2025-07-22T11:47:00.395+0000] {logging_mixin.py:190} INFO - [2025-07-22T11:47:00.395+0000] {dag.py:4180} INFO - Setting next_dagrun for train_weather_pred to 2025-07-22 00:00:00+00:00, run_after=2025-07-23 00:00:00+00:00
[2025-07-22T11:47:00.410+0000] {processor.py:208} INFO - Processing /opt/airflow/dags/train_weather_pred.py took 3.412 seconds
[2025-07-22T11:47:31.853+0000] {processor.py:186} INFO - Started process (PID=61905) to work on /opt/airflow/dags/train_weather_pred.py
[2025-07-22T11:47:31.854+0000] {processor.py:914} INFO - Processing file /opt/airflow/dags/train_weather_pred.py for tasks to queue
[2025-07-22T11:47:31.856+0000] {logging_mixin.py:190} INFO - [2025-07-22T11:47:31.856+0000] {dagbag.py:588} INFO - Filling up the DagBag from /opt/airflow/dags/train_weather_pred.py
[2025-07-22T11:47:35.062+0000] {processor.py:925} INFO - DAG(s) 'train_weather_pred' retrieved from /opt/airflow/dags/train_weather_pred.py
[2025-07-22T11:47:35.083+0000] {logging_mixin.py:190} INFO - [2025-07-22T11:47:35.083+0000] {dag.py:3239} INFO - Sync 1 DAGs
[2025-07-22T11:47:35.103+0000] {logging_mixin.py:190} INFO - [2025-07-22T11:47:35.103+0000] {dag.py:4180} INFO - Setting next_dagrun for train_weather_pred to 2025-07-22 00:00:00+00:00, run_after=2025-07-23 00:00:00+00:00
[2025-07-22T11:47:35.117+0000] {processor.py:208} INFO - Processing /opt/airflow/dags/train_weather_pred.py took 3.269 seconds
[2025-07-22T11:48:07.087+0000] {processor.py:186} INFO - Started process (PID=62003) to work on /opt/airflow/dags/train_weather_pred.py
[2025-07-22T11:48:07.088+0000] {processor.py:914} INFO - Processing file /opt/airflow/dags/train_weather_pred.py for tasks to queue
[2025-07-22T11:48:07.090+0000] {logging_mixin.py:190} INFO - [2025-07-22T11:48:07.090+0000] {dagbag.py:588} INFO - Filling up the DagBag from /opt/airflow/dags/train_weather_pred.py
[2025-07-22T11:48:10.308+0000] {processor.py:925} INFO - DAG(s) 'train_weather_pred' retrieved from /opt/airflow/dags/train_weather_pred.py
[2025-07-22T11:48:10.331+0000] {logging_mixin.py:190} INFO - [2025-07-22T11:48:10.331+0000] {dag.py:3239} INFO - Sync 1 DAGs
[2025-07-22T11:48:10.349+0000] {logging_mixin.py:190} INFO - [2025-07-22T11:48:10.349+0000] {dag.py:4180} INFO - Setting next_dagrun for train_weather_pred to 2025-07-22 00:00:00+00:00, run_after=2025-07-23 00:00:00+00:00
[2025-07-22T11:48:10.363+0000] {processor.py:208} INFO - Processing /opt/airflow/dags/train_weather_pred.py took 3.281 seconds
[2025-07-22T11:48:42.473+0000] {processor.py:186} INFO - Started process (PID=62101) to work on /opt/airflow/dags/train_weather_pred.py
[2025-07-22T11:48:42.474+0000] {processor.py:914} INFO - Processing file /opt/airflow/dags/train_weather_pred.py for tasks to queue
[2025-07-22T11:48:42.476+0000] {logging_mixin.py:190} INFO - [2025-07-22T11:48:42.476+0000] {dagbag.py:588} INFO - Filling up the DagBag from /opt/airflow/dags/train_weather_pred.py
[2025-07-22T11:48:45.792+0000] {processor.py:925} INFO - DAG(s) 'train_weather_pred' retrieved from /opt/airflow/dags/train_weather_pred.py
[2025-07-22T11:48:45.813+0000] {logging_mixin.py:190} INFO - [2025-07-22T11:48:45.813+0000] {dag.py:3239} INFO - Sync 1 DAGs
[2025-07-22T11:48:45.833+0000] {logging_mixin.py:190} INFO - [2025-07-22T11:48:45.833+0000] {dag.py:4180} INFO - Setting next_dagrun for train_weather_pred to 2025-07-22 00:00:00+00:00, run_after=2025-07-23 00:00:00+00:00
[2025-07-22T11:48:45.850+0000] {processor.py:208} INFO - Processing /opt/airflow/dags/train_weather_pred.py took 3.382 seconds
[2025-07-22T11:49:17.046+0000] {processor.py:186} INFO - Started process (PID=62199) to work on /opt/airflow/dags/train_weather_pred.py
[2025-07-22T11:49:17.047+0000] {processor.py:914} INFO - Processing file /opt/airflow/dags/train_weather_pred.py for tasks to queue
[2025-07-22T11:49:17.051+0000] {logging_mixin.py:190} INFO - [2025-07-22T11:49:17.051+0000] {dagbag.py:588} INFO - Filling up the DagBag from /opt/airflow/dags/train_weather_pred.py
[2025-07-22T11:49:20.406+0000] {processor.py:925} INFO - DAG(s) 'train_weather_pred' retrieved from /opt/airflow/dags/train_weather_pred.py
[2025-07-22T11:49:20.428+0000] {logging_mixin.py:190} INFO - [2025-07-22T11:49:20.427+0000] {dag.py:3239} INFO - Sync 1 DAGs
[2025-07-22T11:49:20.445+0000] {logging_mixin.py:190} INFO - [2025-07-22T11:49:20.445+0000] {dag.py:4180} INFO - Setting next_dagrun for train_weather_pred to 2025-07-22 00:00:00+00:00, run_after=2025-07-23 00:00:00+00:00
[2025-07-22T11:49:20.462+0000] {processor.py:208} INFO - Processing /opt/airflow/dags/train_weather_pred.py took 3.422 seconds
[2025-07-22T11:49:52.157+0000] {processor.py:186} INFO - Started process (PID=62297) to work on /opt/airflow/dags/train_weather_pred.py
[2025-07-22T11:49:52.158+0000] {processor.py:914} INFO - Processing file /opt/airflow/dags/train_weather_pred.py for tasks to queue
[2025-07-22T11:49:52.160+0000] {logging_mixin.py:190} INFO - [2025-07-22T11:49:52.160+0000] {dagbag.py:588} INFO - Filling up the DagBag from /opt/airflow/dags/train_weather_pred.py
[2025-07-22T11:49:55.641+0000] {processor.py:925} INFO - DAG(s) 'train_weather_pred' retrieved from /opt/airflow/dags/train_weather_pred.py
[2025-07-22T11:49:55.665+0000] {logging_mixin.py:190} INFO - [2025-07-22T11:49:55.664+0000] {dag.py:3239} INFO - Sync 1 DAGs
[2025-07-22T11:49:55.686+0000] {logging_mixin.py:190} INFO - [2025-07-22T11:49:55.686+0000] {dag.py:4180} INFO - Setting next_dagrun for train_weather_pred to 2025-07-22 00:00:00+00:00, run_after=2025-07-23 00:00:00+00:00
[2025-07-22T11:49:55.703+0000] {processor.py:208} INFO - Processing /opt/airflow/dags/train_weather_pred.py took 3.552 seconds
[2025-07-22T11:50:27.313+0000] {processor.py:186} INFO - Started process (PID=62395) to work on /opt/airflow/dags/train_weather_pred.py
[2025-07-22T11:50:27.314+0000] {processor.py:914} INFO - Processing file /opt/airflow/dags/train_weather_pred.py for tasks to queue
[2025-07-22T11:50:27.316+0000] {logging_mixin.py:190} INFO - [2025-07-22T11:50:27.316+0000] {dagbag.py:588} INFO - Filling up the DagBag from /opt/airflow/dags/train_weather_pred.py
[2025-07-22T11:50:30.860+0000] {processor.py:925} INFO - DAG(s) 'train_weather_pred' retrieved from /opt/airflow/dags/train_weather_pred.py
[2025-07-22T11:50:30.883+0000] {logging_mixin.py:190} INFO - [2025-07-22T11:50:30.882+0000] {dag.py:3239} INFO - Sync 1 DAGs
[2025-07-22T11:50:30.901+0000] {logging_mixin.py:190} INFO - [2025-07-22T11:50:30.901+0000] {dag.py:4180} INFO - Setting next_dagrun for train_weather_pred to 2025-07-22 00:00:00+00:00, run_after=2025-07-23 00:00:00+00:00
[2025-07-22T11:50:30.915+0000] {processor.py:208} INFO - Processing /opt/airflow/dags/train_weather_pred.py took 3.609 seconds
[2025-07-22T11:51:02.412+0000] {processor.py:186} INFO - Started process (PID=62499) to work on /opt/airflow/dags/train_weather_pred.py
[2025-07-22T11:51:02.413+0000] {processor.py:914} INFO - Processing file /opt/airflow/dags/train_weather_pred.py for tasks to queue
[2025-07-22T11:51:02.415+0000] {logging_mixin.py:190} INFO - [2025-07-22T11:51:02.415+0000] {dagbag.py:588} INFO - Filling up the DagBag from /opt/airflow/dags/train_weather_pred.py
[2025-07-22T11:51:05.473+0000] {processor.py:925} INFO - DAG(s) 'train_weather_pred' retrieved from /opt/airflow/dags/train_weather_pred.py
[2025-07-22T11:51:05.494+0000] {logging_mixin.py:190} INFO - [2025-07-22T11:51:05.493+0000] {dag.py:3239} INFO - Sync 1 DAGs
[2025-07-22T11:51:05.513+0000] {logging_mixin.py:190} INFO - [2025-07-22T11:51:05.513+0000] {dag.py:4180} INFO - Setting next_dagrun for train_weather_pred to 2025-07-22 00:00:00+00:00, run_after=2025-07-23 00:00:00+00:00
[2025-07-22T11:51:05.527+0000] {processor.py:208} INFO - Processing /opt/airflow/dags/train_weather_pred.py took 3.121 seconds
[2025-07-22T11:51:36.819+0000] {processor.py:186} INFO - Started process (PID=62597) to work on /opt/airflow/dags/train_weather_pred.py
[2025-07-22T11:51:36.820+0000] {processor.py:914} INFO - Processing file /opt/airflow/dags/train_weather_pred.py for tasks to queue
[2025-07-22T11:51:36.823+0000] {logging_mixin.py:190} INFO - [2025-07-22T11:51:36.822+0000] {dagbag.py:588} INFO - Filling up the DagBag from /opt/airflow/dags/train_weather_pred.py
[2025-07-22T11:51:40.196+0000] {processor.py:925} INFO - DAG(s) 'train_weather_pred' retrieved from /opt/airflow/dags/train_weather_pred.py
[2025-07-22T11:51:40.219+0000] {logging_mixin.py:190} INFO - [2025-07-22T11:51:40.218+0000] {dag.py:3239} INFO - Sync 1 DAGs
[2025-07-22T11:51:40.238+0000] {logging_mixin.py:190} INFO - [2025-07-22T11:51:40.238+0000] {dag.py:4180} INFO - Setting next_dagrun for train_weather_pred to 2025-07-22 00:00:00+00:00, run_after=2025-07-23 00:00:00+00:00
[2025-07-22T11:51:40.255+0000] {processor.py:208} INFO - Processing /opt/airflow/dags/train_weather_pred.py took 3.441 seconds
[2025-07-22T11:52:11.444+0000] {processor.py:186} INFO - Started process (PID=62695) to work on /opt/airflow/dags/train_weather_pred.py
[2025-07-22T11:52:11.445+0000] {processor.py:914} INFO - Processing file /opt/airflow/dags/train_weather_pred.py for tasks to queue
[2025-07-22T11:52:11.448+0000] {logging_mixin.py:190} INFO - [2025-07-22T11:52:11.447+0000] {dagbag.py:588} INFO - Filling up the DagBag from /opt/airflow/dags/train_weather_pred.py
[2025-07-22T11:52:14.723+0000] {processor.py:925} INFO - DAG(s) 'train_weather_pred' retrieved from /opt/airflow/dags/train_weather_pred.py
[2025-07-22T11:52:14.744+0000] {logging_mixin.py:190} INFO - [2025-07-22T11:52:14.743+0000] {dag.py:3239} INFO - Sync 1 DAGs
[2025-07-22T11:52:14.762+0000] {logging_mixin.py:190} INFO - [2025-07-22T11:52:14.761+0000] {dag.py:4180} INFO - Setting next_dagrun for train_weather_pred to 2025-07-22 00:00:00+00:00, run_after=2025-07-23 00:00:00+00:00
[2025-07-22T11:52:14.776+0000] {processor.py:208} INFO - Processing /opt/airflow/dags/train_weather_pred.py took 3.337 seconds
[2025-07-22T11:52:46.535+0000] {processor.py:186} INFO - Started process (PID=62793) to work on /opt/airflow/dags/train_weather_pred.py
[2025-07-22T11:52:46.536+0000] {processor.py:914} INFO - Processing file /opt/airflow/dags/train_weather_pred.py for tasks to queue
[2025-07-22T11:52:46.539+0000] {logging_mixin.py:190} INFO - [2025-07-22T11:52:46.538+0000] {dagbag.py:588} INFO - Filling up the DagBag from /opt/airflow/dags/train_weather_pred.py
[2025-07-22T11:52:49.684+0000] {processor.py:925} INFO - DAG(s) 'train_weather_pred' retrieved from /opt/airflow/dags/train_weather_pred.py
[2025-07-22T11:52:49.707+0000] {logging_mixin.py:190} INFO - [2025-07-22T11:52:49.706+0000] {dag.py:3239} INFO - Sync 1 DAGs
[2025-07-22T11:52:49.725+0000] {logging_mixin.py:190} INFO - [2025-07-22T11:52:49.725+0000] {dag.py:4180} INFO - Setting next_dagrun for train_weather_pred to 2025-07-22 00:00:00+00:00, run_after=2025-07-23 00:00:00+00:00
[2025-07-22T11:52:49.740+0000] {processor.py:208} INFO - Processing /opt/airflow/dags/train_weather_pred.py took 3.210 seconds
[2025-07-22T11:53:20.820+0000] {processor.py:186} INFO - Started process (PID=62891) to work on /opt/airflow/dags/train_weather_pred.py
[2025-07-22T11:53:20.821+0000] {processor.py:914} INFO - Processing file /opt/airflow/dags/train_weather_pred.py for tasks to queue
[2025-07-22T11:53:20.823+0000] {logging_mixin.py:190} INFO - [2025-07-22T11:53:20.823+0000] {dagbag.py:588} INFO - Filling up the DagBag from /opt/airflow/dags/train_weather_pred.py
[2025-07-22T11:53:24.175+0000] {processor.py:925} INFO - DAG(s) 'train_weather_pred' retrieved from /opt/airflow/dags/train_weather_pred.py
[2025-07-22T11:53:24.196+0000] {logging_mixin.py:190} INFO - [2025-07-22T11:53:24.195+0000] {dag.py:3239} INFO - Sync 1 DAGs
[2025-07-22T11:53:24.214+0000] {logging_mixin.py:190} INFO - [2025-07-22T11:53:24.214+0000] {dag.py:4180} INFO - Setting next_dagrun for train_weather_pred to 2025-07-22 00:00:00+00:00, run_after=2025-07-23 00:00:00+00:00
[2025-07-22T11:53:24.227+0000] {processor.py:208} INFO - Processing /opt/airflow/dags/train_weather_pred.py took 3.415 seconds
[2025-07-22T11:53:55.574+0000] {processor.py:186} INFO - Started process (PID=62989) to work on /opt/airflow/dags/train_weather_pred.py
[2025-07-22T11:53:55.575+0000] {processor.py:914} INFO - Processing file /opt/airflow/dags/train_weather_pred.py for tasks to queue
[2025-07-22T11:53:55.577+0000] {logging_mixin.py:190} INFO - [2025-07-22T11:53:55.577+0000] {dagbag.py:588} INFO - Filling up the DagBag from /opt/airflow/dags/train_weather_pred.py
[2025-07-22T11:53:58.990+0000] {processor.py:925} INFO - DAG(s) 'train_weather_pred' retrieved from /opt/airflow/dags/train_weather_pred.py
[2025-07-22T11:53:59.013+0000] {logging_mixin.py:190} INFO - [2025-07-22T11:53:59.013+0000] {dag.py:3239} INFO - Sync 1 DAGs
[2025-07-22T11:53:59.032+0000] {logging_mixin.py:190} INFO - [2025-07-22T11:53:59.032+0000] {dag.py:4180} INFO - Setting next_dagrun for train_weather_pred to 2025-07-22 00:00:00+00:00, run_after=2025-07-23 00:00:00+00:00
[2025-07-22T11:53:59.047+0000] {processor.py:208} INFO - Processing /opt/airflow/dags/train_weather_pred.py took 3.478 seconds
[2025-07-22T11:54:30.327+0000] {processor.py:186} INFO - Started process (PID=63087) to work on /opt/airflow/dags/train_weather_pred.py
[2025-07-22T11:54:30.328+0000] {processor.py:914} INFO - Processing file /opt/airflow/dags/train_weather_pred.py for tasks to queue
[2025-07-22T11:54:30.330+0000] {logging_mixin.py:190} INFO - [2025-07-22T11:54:30.330+0000] {dagbag.py:588} INFO - Filling up the DagBag from /opt/airflow/dags/train_weather_pred.py
[2025-07-22T11:54:33.593+0000] {processor.py:925} INFO - DAG(s) 'train_weather_pred' retrieved from /opt/airflow/dags/train_weather_pred.py
[2025-07-22T11:54:33.618+0000] {logging_mixin.py:190} INFO - [2025-07-22T11:54:33.616+0000] {dag.py:3239} INFO - Sync 1 DAGs
[2025-07-22T11:54:33.638+0000] {logging_mixin.py:190} INFO - [2025-07-22T11:54:33.638+0000] {dag.py:4180} INFO - Setting next_dagrun for train_weather_pred to 2025-07-22 00:00:00+00:00, run_after=2025-07-23 00:00:00+00:00
[2025-07-22T11:54:33.655+0000] {processor.py:208} INFO - Processing /opt/airflow/dags/train_weather_pred.py took 3.334 seconds
[2025-07-22T11:55:05.766+0000] {processor.py:186} INFO - Started process (PID=63191) to work on /opt/airflow/dags/train_weather_pred.py
[2025-07-22T11:55:05.767+0000] {processor.py:914} INFO - Processing file /opt/airflow/dags/train_weather_pred.py for tasks to queue
[2025-07-22T11:55:05.770+0000] {logging_mixin.py:190} INFO - [2025-07-22T11:55:05.769+0000] {dagbag.py:588} INFO - Filling up the DagBag from /opt/airflow/dags/train_weather_pred.py
[2025-07-22T11:55:08.997+0000] {processor.py:925} INFO - DAG(s) 'train_weather_pred' retrieved from /opt/airflow/dags/train_weather_pred.py
[2025-07-22T11:55:09.019+0000] {logging_mixin.py:190} INFO - [2025-07-22T11:55:09.018+0000] {dag.py:3239} INFO - Sync 1 DAGs
[2025-07-22T11:55:09.038+0000] {logging_mixin.py:190} INFO - [2025-07-22T11:55:09.037+0000] {dag.py:4180} INFO - Setting next_dagrun for train_weather_pred to 2025-07-22 00:00:00+00:00, run_after=2025-07-23 00:00:00+00:00
[2025-07-22T11:55:09.051+0000] {processor.py:208} INFO - Processing /opt/airflow/dags/train_weather_pred.py took 3.290 seconds
[2025-07-22T11:55:40.439+0000] {processor.py:186} INFO - Started process (PID=63289) to work on /opt/airflow/dags/train_weather_pred.py
[2025-07-22T11:55:40.440+0000] {processor.py:914} INFO - Processing file /opt/airflow/dags/train_weather_pred.py for tasks to queue
[2025-07-22T11:55:40.442+0000] {logging_mixin.py:190} INFO - [2025-07-22T11:55:40.442+0000] {dagbag.py:588} INFO - Filling up the DagBag from /opt/airflow/dags/train_weather_pred.py
[2025-07-22T11:55:44.018+0000] {processor.py:925} INFO - DAG(s) 'train_weather_pred' retrieved from /opt/airflow/dags/train_weather_pred.py
[2025-07-22T11:55:44.042+0000] {logging_mixin.py:190} INFO - [2025-07-22T11:55:44.041+0000] {dag.py:3239} INFO - Sync 1 DAGs
[2025-07-22T11:55:44.060+0000] {logging_mixin.py:190} INFO - [2025-07-22T11:55:44.060+0000] {dag.py:4180} INFO - Setting next_dagrun for train_weather_pred to 2025-07-22 00:00:00+00:00, run_after=2025-07-23 00:00:00+00:00
[2025-07-22T11:55:44.074+0000] {processor.py:208} INFO - Processing /opt/airflow/dags/train_weather_pred.py took 3.643 seconds
[2025-07-22T11:56:15.513+0000] {processor.py:186} INFO - Started process (PID=63387) to work on /opt/airflow/dags/train_weather_pred.py
[2025-07-22T11:56:15.514+0000] {processor.py:914} INFO - Processing file /opt/airflow/dags/train_weather_pred.py for tasks to queue
[2025-07-22T11:56:15.516+0000] {logging_mixin.py:190} INFO - [2025-07-22T11:56:15.516+0000] {dagbag.py:588} INFO - Filling up the DagBag from /opt/airflow/dags/train_weather_pred.py
[2025-07-22T11:56:19.162+0000] {processor.py:925} INFO - DAG(s) 'train_weather_pred' retrieved from /opt/airflow/dags/train_weather_pred.py
[2025-07-22T11:56:19.187+0000] {logging_mixin.py:190} INFO - [2025-07-22T11:56:19.186+0000] {dag.py:3239} INFO - Sync 1 DAGs
[2025-07-22T11:56:19.208+0000] {logging_mixin.py:190} INFO - [2025-07-22T11:56:19.207+0000] {dag.py:4180} INFO - Setting next_dagrun for train_weather_pred to 2025-07-22 00:00:00+00:00, run_after=2025-07-23 00:00:00+00:00
[2025-07-22T11:56:19.232+0000] {processor.py:208} INFO - Processing /opt/airflow/dags/train_weather_pred.py took 3.724 seconds
[2025-07-22T11:56:50.717+0000] {processor.py:186} INFO - Started process (PID=63485) to work on /opt/airflow/dags/train_weather_pred.py
[2025-07-22T11:56:50.719+0000] {processor.py:914} INFO - Processing file /opt/airflow/dags/train_weather_pred.py for tasks to queue
[2025-07-22T11:56:50.721+0000] {logging_mixin.py:190} INFO - [2025-07-22T11:56:50.721+0000] {dagbag.py:588} INFO - Filling up the DagBag from /opt/airflow/dags/train_weather_pred.py
[2025-07-22T11:56:54.268+0000] {processor.py:925} INFO - DAG(s) 'train_weather_pred' retrieved from /opt/airflow/dags/train_weather_pred.py
[2025-07-22T11:56:54.292+0000] {logging_mixin.py:190} INFO - [2025-07-22T11:56:54.292+0000] {dag.py:3239} INFO - Sync 1 DAGs
[2025-07-22T11:56:54.314+0000] {logging_mixin.py:190} INFO - [2025-07-22T11:56:54.313+0000] {dag.py:4180} INFO - Setting next_dagrun for train_weather_pred to 2025-07-22 00:00:00+00:00, run_after=2025-07-23 00:00:00+00:00
[2025-07-22T11:56:54.348+0000] {processor.py:208} INFO - Processing /opt/airflow/dags/train_weather_pred.py took 3.638 seconds
[2025-07-22T11:57:26.135+0000] {processor.py:186} INFO - Started process (PID=63583) to work on /opt/airflow/dags/train_weather_pred.py
[2025-07-22T11:57:26.136+0000] {processor.py:914} INFO - Processing file /opt/airflow/dags/train_weather_pred.py for tasks to queue
[2025-07-22T11:57:26.139+0000] {logging_mixin.py:190} INFO - [2025-07-22T11:57:26.138+0000] {dagbag.py:588} INFO - Filling up the DagBag from /opt/airflow/dags/train_weather_pred.py
[2025-07-22T11:57:29.469+0000] {processor.py:925} INFO - DAG(s) 'train_weather_pred' retrieved from /opt/airflow/dags/train_weather_pred.py
[2025-07-22T11:57:29.490+0000] {logging_mixin.py:190} INFO - [2025-07-22T11:57:29.489+0000] {dag.py:3239} INFO - Sync 1 DAGs
[2025-07-22T11:57:29.508+0000] {logging_mixin.py:190} INFO - [2025-07-22T11:57:29.507+0000] {dag.py:4180} INFO - Setting next_dagrun for train_weather_pred to 2025-07-22 00:00:00+00:00, run_after=2025-07-23 00:00:00+00:00
[2025-07-22T11:57:29.521+0000] {processor.py:208} INFO - Processing /opt/airflow/dags/train_weather_pred.py took 3.391 seconds
[2025-07-22T11:58:01.100+0000] {processor.py:186} INFO - Started process (PID=63681) to work on /opt/airflow/dags/train_weather_pred.py
[2025-07-22T11:58:01.102+0000] {processor.py:914} INFO - Processing file /opt/airflow/dags/train_weather_pred.py for tasks to queue
[2025-07-22T11:58:01.104+0000] {logging_mixin.py:190} INFO - [2025-07-22T11:58:01.104+0000] {dagbag.py:588} INFO - Filling up the DagBag from /opt/airflow/dags/train_weather_pred.py
[2025-07-22T11:58:04.598+0000] {processor.py:925} INFO - DAG(s) 'train_weather_pred' retrieved from /opt/airflow/dags/train_weather_pred.py
[2025-07-22T11:58:04.622+0000] {logging_mixin.py:190} INFO - [2025-07-22T11:58:04.621+0000] {dag.py:3239} INFO - Sync 1 DAGs
[2025-07-22T11:58:04.642+0000] {logging_mixin.py:190} INFO - [2025-07-22T11:58:04.642+0000] {dag.py:4180} INFO - Setting next_dagrun for train_weather_pred to 2025-07-22 00:00:00+00:00, run_after=2025-07-23 00:00:00+00:00
[2025-07-22T11:58:04.659+0000] {processor.py:208} INFO - Processing /opt/airflow/dags/train_weather_pred.py took 3.564 seconds
[2025-07-22T11:58:36.028+0000] {processor.py:186} INFO - Started process (PID=63785) to work on /opt/airflow/dags/train_weather_pred.py
[2025-07-22T11:58:36.030+0000] {processor.py:914} INFO - Processing file /opt/airflow/dags/train_weather_pred.py for tasks to queue
[2025-07-22T11:58:36.032+0000] {logging_mixin.py:190} INFO - [2025-07-22T11:58:36.032+0000] {dagbag.py:588} INFO - Filling up the DagBag from /opt/airflow/dags/train_weather_pred.py
[2025-07-22T11:58:39.313+0000] {processor.py:925} INFO - DAG(s) 'train_weather_pred' retrieved from /opt/airflow/dags/train_weather_pred.py
[2025-07-22T11:58:39.334+0000] {logging_mixin.py:190} INFO - [2025-07-22T11:58:39.334+0000] {dag.py:3239} INFO - Sync 1 DAGs
[2025-07-22T11:58:39.354+0000] {logging_mixin.py:190} INFO - [2025-07-22T11:58:39.354+0000] {dag.py:4180} INFO - Setting next_dagrun for train_weather_pred to 2025-07-22 00:00:00+00:00, run_after=2025-07-23 00:00:00+00:00
[2025-07-22T11:58:39.370+0000] {processor.py:208} INFO - Processing /opt/airflow/dags/train_weather_pred.py took 3.349 seconds
[2025-07-22T11:59:11.304+0000] {processor.py:186} INFO - Started process (PID=63883) to work on /opt/airflow/dags/train_weather_pred.py
[2025-07-22T11:59:11.306+0000] {processor.py:914} INFO - Processing file /opt/airflow/dags/train_weather_pred.py for tasks to queue
[2025-07-22T11:59:11.308+0000] {logging_mixin.py:190} INFO - [2025-07-22T11:59:11.308+0000] {dagbag.py:588} INFO - Filling up the DagBag from /opt/airflow/dags/train_weather_pred.py
[2025-07-22T11:59:14.579+0000] {processor.py:925} INFO - DAG(s) 'train_weather_pred' retrieved from /opt/airflow/dags/train_weather_pred.py
[2025-07-22T11:59:14.598+0000] {logging_mixin.py:190} INFO - [2025-07-22T11:59:14.598+0000] {dag.py:3239} INFO - Sync 1 DAGs
[2025-07-22T11:59:14.615+0000] {logging_mixin.py:190} INFO - [2025-07-22T11:59:14.615+0000] {dag.py:4180} INFO - Setting next_dagrun for train_weather_pred to 2025-07-22 00:00:00+00:00, run_after=2025-07-23 00:00:00+00:00
[2025-07-22T11:59:14.629+0000] {processor.py:208} INFO - Processing /opt/airflow/dags/train_weather_pred.py took 3.330 seconds
[2025-07-22T11:59:45.920+0000] {processor.py:186} INFO - Started process (PID=63981) to work on /opt/airflow/dags/train_weather_pred.py
[2025-07-22T11:59:45.921+0000] {processor.py:914} INFO - Processing file /opt/airflow/dags/train_weather_pred.py for tasks to queue
[2025-07-22T11:59:45.923+0000] {logging_mixin.py:190} INFO - [2025-07-22T11:59:45.923+0000] {dagbag.py:588} INFO - Filling up the DagBag from /opt/airflow/dags/train_weather_pred.py
[2025-07-22T11:59:49.322+0000] {processor.py:925} INFO - DAG(s) 'train_weather_pred' retrieved from /opt/airflow/dags/train_weather_pred.py
[2025-07-22T11:59:49.342+0000] {logging_mixin.py:190} INFO - [2025-07-22T11:59:49.342+0000] {dag.py:3239} INFO - Sync 1 DAGs
[2025-07-22T11:59:49.361+0000] {logging_mixin.py:190} INFO - [2025-07-22T11:59:49.361+0000] {dag.py:4180} INFO - Setting next_dagrun for train_weather_pred to 2025-07-22 00:00:00+00:00, run_after=2025-07-23 00:00:00+00:00
[2025-07-22T11:59:49.378+0000] {processor.py:208} INFO - Processing /opt/airflow/dags/train_weather_pred.py took 3.464 seconds
[2025-07-22T12:00:21.092+0000] {processor.py:186} INFO - Started process (PID=64079) to work on /opt/airflow/dags/train_weather_pred.py
[2025-07-22T12:00:21.093+0000] {processor.py:914} INFO - Processing file /opt/airflow/dags/train_weather_pred.py for tasks to queue
[2025-07-22T12:00:21.096+0000] {logging_mixin.py:190} INFO - [2025-07-22T12:00:21.095+0000] {dagbag.py:588} INFO - Filling up the DagBag from /opt/airflow/dags/train_weather_pred.py
[2025-07-22T12:00:24.699+0000] {processor.py:925} INFO - DAG(s) 'train_weather_pred' retrieved from /opt/airflow/dags/train_weather_pred.py
[2025-07-22T12:00:24.720+0000] {logging_mixin.py:190} INFO - [2025-07-22T12:00:24.719+0000] {dag.py:3239} INFO - Sync 1 DAGs
[2025-07-22T12:00:24.738+0000] {logging_mixin.py:190} INFO - [2025-07-22T12:00:24.738+0000] {dag.py:4180} INFO - Setting next_dagrun for train_weather_pred to 2025-07-22 00:00:00+00:00, run_after=2025-07-23 00:00:00+00:00
[2025-07-22T12:00:24.755+0000] {processor.py:208} INFO - Processing /opt/airflow/dags/train_weather_pred.py took 3.670 seconds
[2025-07-22T12:00:57.049+0000] {processor.py:186} INFO - Started process (PID=64177) to work on /opt/airflow/dags/train_weather_pred.py
[2025-07-22T12:00:57.050+0000] {processor.py:914} INFO - Processing file /opt/airflow/dags/train_weather_pred.py for tasks to queue
[2025-07-22T12:00:57.054+0000] {logging_mixin.py:190} INFO - [2025-07-22T12:00:57.053+0000] {dagbag.py:588} INFO - Filling up the DagBag from /opt/airflow/dags/train_weather_pred.py
[2025-07-22T12:01:00.998+0000] {processor.py:925} INFO - DAG(s) 'train_weather_pred' retrieved from /opt/airflow/dags/train_weather_pred.py
[2025-07-22T12:01:01.024+0000] {logging_mixin.py:190} INFO - [2025-07-22T12:01:01.023+0000] {dag.py:3239} INFO - Sync 1 DAGs
[2025-07-22T12:01:01.048+0000] {logging_mixin.py:190} INFO - [2025-07-22T12:01:01.048+0000] {dag.py:4180} INFO - Setting next_dagrun for train_weather_pred to 2025-07-22 00:00:00+00:00, run_after=2025-07-23 00:00:00+00:00
[2025-07-22T12:01:01.068+0000] {processor.py:208} INFO - Processing /opt/airflow/dags/train_weather_pred.py took 4.028 seconds
[2025-07-22T12:01:32.836+0000] {processor.py:186} INFO - Started process (PID=64275) to work on /opt/airflow/dags/train_weather_pred.py
[2025-07-22T12:01:32.837+0000] {processor.py:914} INFO - Processing file /opt/airflow/dags/train_weather_pred.py for tasks to queue
[2025-07-22T12:01:32.840+0000] {logging_mixin.py:190} INFO - [2025-07-22T12:01:32.839+0000] {dagbag.py:588} INFO - Filling up the DagBag from /opt/airflow/dags/train_weather_pred.py
[2025-07-22T12:01:36.362+0000] {processor.py:925} INFO - DAG(s) 'train_weather_pred' retrieved from /opt/airflow/dags/train_weather_pred.py
[2025-07-22T12:01:36.382+0000] {logging_mixin.py:190} INFO - [2025-07-22T12:01:36.382+0000] {dag.py:3239} INFO - Sync 1 DAGs
[2025-07-22T12:01:36.400+0000] {logging_mixin.py:190} INFO - [2025-07-22T12:01:36.400+0000] {dag.py:4180} INFO - Setting next_dagrun for train_weather_pred to 2025-07-22 00:00:00+00:00, run_after=2025-07-23 00:00:00+00:00
[2025-07-22T12:01:36.414+0000] {processor.py:208} INFO - Processing /opt/airflow/dags/train_weather_pred.py took 3.584 seconds
[2025-07-22T12:02:07.953+0000] {processor.py:186} INFO - Started process (PID=64379) to work on /opt/airflow/dags/train_weather_pred.py
[2025-07-22T12:02:07.954+0000] {processor.py:914} INFO - Processing file /opt/airflow/dags/train_weather_pred.py for tasks to queue
[2025-07-22T12:02:07.956+0000] {logging_mixin.py:190} INFO - [2025-07-22T12:02:07.955+0000] {dagbag.py:588} INFO - Filling up the DagBag from /opt/airflow/dags/train_weather_pred.py
[2025-07-22T12:02:11.443+0000] {processor.py:925} INFO - DAG(s) 'train_weather_pred' retrieved from /opt/airflow/dags/train_weather_pred.py
[2025-07-22T12:02:11.464+0000] {logging_mixin.py:190} INFO - [2025-07-22T12:02:11.464+0000] {dag.py:3239} INFO - Sync 1 DAGs
[2025-07-22T12:02:11.480+0000] {logging_mixin.py:190} INFO - [2025-07-22T12:02:11.480+0000] {dag.py:4180} INFO - Setting next_dagrun for train_weather_pred to 2025-07-22 00:00:00+00:00, run_after=2025-07-23 00:00:00+00:00
[2025-07-22T12:02:11.494+0000] {processor.py:208} INFO - Processing /opt/airflow/dags/train_weather_pred.py took 3.547 seconds
[2025-07-22T12:02:43.190+0000] {processor.py:186} INFO - Started process (PID=64477) to work on /opt/airflow/dags/train_weather_pred.py
[2025-07-22T12:02:43.191+0000] {processor.py:914} INFO - Processing file /opt/airflow/dags/train_weather_pred.py for tasks to queue
[2025-07-22T12:02:43.194+0000] {logging_mixin.py:190} INFO - [2025-07-22T12:02:43.193+0000] {dagbag.py:588} INFO - Filling up the DagBag from /opt/airflow/dags/train_weather_pred.py
[2025-07-22T12:02:46.672+0000] {processor.py:925} INFO - DAG(s) 'train_weather_pred' retrieved from /opt/airflow/dags/train_weather_pred.py
[2025-07-22T12:02:46.695+0000] {logging_mixin.py:190} INFO - [2025-07-22T12:02:46.694+0000] {dag.py:3239} INFO - Sync 1 DAGs
[2025-07-22T12:02:46.713+0000] {logging_mixin.py:190} INFO - [2025-07-22T12:02:46.713+0000] {dag.py:4180} INFO - Setting next_dagrun for train_weather_pred to 2025-07-22 00:00:00+00:00, run_after=2025-07-23 00:00:00+00:00
[2025-07-22T12:02:46.730+0000] {processor.py:208} INFO - Processing /opt/airflow/dags/train_weather_pred.py took 3.547 seconds
[2025-07-22T12:03:18.154+0000] {processor.py:186} INFO - Started process (PID=64575) to work on /opt/airflow/dags/train_weather_pred.py
[2025-07-22T12:03:18.155+0000] {processor.py:914} INFO - Processing file /opt/airflow/dags/train_weather_pred.py for tasks to queue
[2025-07-22T12:03:18.157+0000] {logging_mixin.py:190} INFO - [2025-07-22T12:03:18.157+0000] {dagbag.py:588} INFO - Filling up the DagBag from /opt/airflow/dags/train_weather_pred.py
[2025-07-22T12:03:21.564+0000] {processor.py:925} INFO - DAG(s) 'train_weather_pred' retrieved from /opt/airflow/dags/train_weather_pred.py
[2025-07-22T12:03:21.586+0000] {logging_mixin.py:190} INFO - [2025-07-22T12:03:21.585+0000] {dag.py:3239} INFO - Sync 1 DAGs
[2025-07-22T12:03:21.603+0000] {logging_mixin.py:190} INFO - [2025-07-22T12:03:21.603+0000] {dag.py:4180} INFO - Setting next_dagrun for train_weather_pred to 2025-07-22 00:00:00+00:00, run_after=2025-07-23 00:00:00+00:00
[2025-07-22T12:03:21.618+0000] {processor.py:208} INFO - Processing /opt/airflow/dags/train_weather_pred.py took 3.473 seconds
[2025-07-22T12:03:52.964+0000] {processor.py:186} INFO - Started process (PID=64673) to work on /opt/airflow/dags/train_weather_pred.py
[2025-07-22T12:03:52.965+0000] {processor.py:914} INFO - Processing file /opt/airflow/dags/train_weather_pred.py for tasks to queue
[2025-07-22T12:03:52.968+0000] {logging_mixin.py:190} INFO - [2025-07-22T12:03:52.968+0000] {dagbag.py:588} INFO - Filling up the DagBag from /opt/airflow/dags/train_weather_pred.py
[2025-07-22T12:03:56.117+0000] {processor.py:925} INFO - DAG(s) 'train_weather_pred' retrieved from /opt/airflow/dags/train_weather_pred.py
[2025-07-22T12:03:56.135+0000] {logging_mixin.py:190} INFO - [2025-07-22T12:03:56.135+0000] {dag.py:3239} INFO - Sync 1 DAGs
[2025-07-22T12:03:56.152+0000] {logging_mixin.py:190} INFO - [2025-07-22T12:03:56.152+0000] {dag.py:4180} INFO - Setting next_dagrun for train_weather_pred to 2025-07-22 00:00:00+00:00, run_after=2025-07-23 00:00:00+00:00
[2025-07-22T12:03:56.167+0000] {processor.py:208} INFO - Processing /opt/airflow/dags/train_weather_pred.py took 3.209 seconds
[2025-07-22T12:04:27.569+0000] {processor.py:186} INFO - Started process (PID=64771) to work on /opt/airflow/dags/train_weather_pred.py
[2025-07-22T12:04:27.570+0000] {processor.py:914} INFO - Processing file /opt/airflow/dags/train_weather_pred.py for tasks to queue
[2025-07-22T12:04:27.573+0000] {logging_mixin.py:190} INFO - [2025-07-22T12:04:27.572+0000] {dagbag.py:588} INFO - Filling up the DagBag from /opt/airflow/dags/train_weather_pred.py
[2025-07-22T12:04:30.909+0000] {processor.py:925} INFO - DAG(s) 'train_weather_pred' retrieved from /opt/airflow/dags/train_weather_pred.py
[2025-07-22T12:04:30.931+0000] {logging_mixin.py:190} INFO - [2025-07-22T12:04:30.931+0000] {dag.py:3239} INFO - Sync 1 DAGs
[2025-07-22T12:04:30.948+0000] {logging_mixin.py:190} INFO - [2025-07-22T12:04:30.948+0000] {dag.py:4180} INFO - Setting next_dagrun for train_weather_pred to 2025-07-22 00:00:00+00:00, run_after=2025-07-23 00:00:00+00:00
[2025-07-22T12:04:30.962+0000] {processor.py:208} INFO - Processing /opt/airflow/dags/train_weather_pred.py took 3.399 seconds
[2025-07-22T12:05:02.866+0000] {processor.py:186} INFO - Started process (PID=64869) to work on /opt/airflow/dags/train_weather_pred.py
[2025-07-22T12:05:02.868+0000] {processor.py:914} INFO - Processing file /opt/airflow/dags/train_weather_pred.py for tasks to queue
[2025-07-22T12:05:02.870+0000] {logging_mixin.py:190} INFO - [2025-07-22T12:05:02.870+0000] {dagbag.py:588} INFO - Filling up the DagBag from /opt/airflow/dags/train_weather_pred.py
[2025-07-22T12:05:06.145+0000] {processor.py:925} INFO - DAG(s) 'train_weather_pred' retrieved from /opt/airflow/dags/train_weather_pred.py
[2025-07-22T12:05:06.165+0000] {logging_mixin.py:190} INFO - [2025-07-22T12:05:06.164+0000] {dag.py:3239} INFO - Sync 1 DAGs
[2025-07-22T12:05:06.183+0000] {logging_mixin.py:190} INFO - [2025-07-22T12:05:06.183+0000] {dag.py:4180} INFO - Setting next_dagrun for train_weather_pred to 2025-07-22 00:00:00+00:00, run_after=2025-07-23 00:00:00+00:00
[2025-07-22T12:05:06.197+0000] {processor.py:208} INFO - Processing /opt/airflow/dags/train_weather_pred.py took 3.337 seconds
[2025-07-22T12:05:37.796+0000] {processor.py:186} INFO - Started process (PID=64973) to work on /opt/airflow/dags/train_weather_pred.py
[2025-07-22T12:05:37.797+0000] {processor.py:914} INFO - Processing file /opt/airflow/dags/train_weather_pred.py for tasks to queue
[2025-07-22T12:05:37.799+0000] {logging_mixin.py:190} INFO - [2025-07-22T12:05:37.798+0000] {dagbag.py:588} INFO - Filling up the DagBag from /opt/airflow/dags/train_weather_pred.py
[2025-07-22T12:05:41.138+0000] {processor.py:925} INFO - DAG(s) 'train_weather_pred' retrieved from /opt/airflow/dags/train_weather_pred.py
[2025-07-22T12:05:41.163+0000] {logging_mixin.py:190} INFO - [2025-07-22T12:05:41.162+0000] {dag.py:3239} INFO - Sync 1 DAGs
[2025-07-22T12:05:41.181+0000] {logging_mixin.py:190} INFO - [2025-07-22T12:05:41.181+0000] {dag.py:4180} INFO - Setting next_dagrun for train_weather_pred to 2025-07-22 00:00:00+00:00, run_after=2025-07-23 00:00:00+00:00
[2025-07-22T12:05:41.196+0000] {processor.py:208} INFO - Processing /opt/airflow/dags/train_weather_pred.py took 3.406 seconds
[2025-07-22T12:06:12.729+0000] {processor.py:186} INFO - Started process (PID=65071) to work on /opt/airflow/dags/train_weather_pred.py
[2025-07-22T12:06:12.730+0000] {processor.py:914} INFO - Processing file /opt/airflow/dags/train_weather_pred.py for tasks to queue
[2025-07-22T12:06:12.733+0000] {logging_mixin.py:190} INFO - [2025-07-22T12:06:12.733+0000] {dagbag.py:588} INFO - Filling up the DagBag from /opt/airflow/dags/train_weather_pred.py
[2025-07-22T12:06:16.064+0000] {processor.py:925} INFO - DAG(s) 'train_weather_pred' retrieved from /opt/airflow/dags/train_weather_pred.py
[2025-07-22T12:06:16.086+0000] {logging_mixin.py:190} INFO - [2025-07-22T12:06:16.085+0000] {dag.py:3239} INFO - Sync 1 DAGs
[2025-07-22T12:06:16.107+0000] {logging_mixin.py:190} INFO - [2025-07-22T12:06:16.106+0000] {dag.py:4180} INFO - Setting next_dagrun for train_weather_pred to 2025-07-22 00:00:00+00:00, run_after=2025-07-23 00:00:00+00:00
[2025-07-22T12:06:16.121+0000] {processor.py:208} INFO - Processing /opt/airflow/dags/train_weather_pred.py took 3.399 seconds
[2025-07-22T12:06:47.786+0000] {processor.py:186} INFO - Started process (PID=65169) to work on /opt/airflow/dags/train_weather_pred.py
[2025-07-22T12:06:47.787+0000] {processor.py:914} INFO - Processing file /opt/airflow/dags/train_weather_pred.py for tasks to queue
[2025-07-22T12:06:47.789+0000] {logging_mixin.py:190} INFO - [2025-07-22T12:06:47.788+0000] {dagbag.py:588} INFO - Filling up the DagBag from /opt/airflow/dags/train_weather_pred.py
[2025-07-22T12:06:51.015+0000] {processor.py:925} INFO - DAG(s) 'train_weather_pred' retrieved from /opt/airflow/dags/train_weather_pred.py
[2025-07-22T12:06:51.039+0000] {logging_mixin.py:190} INFO - [2025-07-22T12:06:51.039+0000] {dag.py:3239} INFO - Sync 1 DAGs
[2025-07-22T12:06:51.059+0000] {logging_mixin.py:190} INFO - [2025-07-22T12:06:51.059+0000] {dag.py:4180} INFO - Setting next_dagrun for train_weather_pred to 2025-07-22 00:00:00+00:00, run_after=2025-07-23 00:00:00+00:00
[2025-07-22T12:06:51.075+0000] {processor.py:208} INFO - Processing /opt/airflow/dags/train_weather_pred.py took 3.295 seconds
[2025-07-22T12:07:22.684+0000] {processor.py:186} INFO - Started process (PID=65267) to work on /opt/airflow/dags/train_weather_pred.py
[2025-07-22T12:07:22.685+0000] {processor.py:914} INFO - Processing file /opt/airflow/dags/train_weather_pred.py for tasks to queue
[2025-07-22T12:07:22.687+0000] {logging_mixin.py:190} INFO - [2025-07-22T12:07:22.687+0000] {dagbag.py:588} INFO - Filling up the DagBag from /opt/airflow/dags/train_weather_pred.py
[2025-07-22T12:07:25.987+0000] {processor.py:925} INFO - DAG(s) 'train_weather_pred' retrieved from /opt/airflow/dags/train_weather_pred.py
[2025-07-22T12:07:26.012+0000] {logging_mixin.py:190} INFO - [2025-07-22T12:07:26.010+0000] {dag.py:3239} INFO - Sync 1 DAGs
[2025-07-22T12:07:26.032+0000] {logging_mixin.py:190} INFO - [2025-07-22T12:07:26.032+0000] {dag.py:4180} INFO - Setting next_dagrun for train_weather_pred to 2025-07-22 00:00:00+00:00, run_after=2025-07-23 00:00:00+00:00
[2025-07-22T12:07:26.048+0000] {processor.py:208} INFO - Processing /opt/airflow/dags/train_weather_pred.py took 3.369 seconds
[2025-07-22T12:07:57.140+0000] {processor.py:186} INFO - Started process (PID=65365) to work on /opt/airflow/dags/train_weather_pred.py
[2025-07-22T12:07:57.141+0000] {processor.py:914} INFO - Processing file /opt/airflow/dags/train_weather_pred.py for tasks to queue
[2025-07-22T12:07:57.144+0000] {logging_mixin.py:190} INFO - [2025-07-22T12:07:57.143+0000] {dagbag.py:588} INFO - Filling up the DagBag from /opt/airflow/dags/train_weather_pred.py
[2025-07-22T12:08:00.503+0000] {processor.py:925} INFO - DAG(s) 'train_weather_pred' retrieved from /opt/airflow/dags/train_weather_pred.py
[2025-07-22T12:08:00.524+0000] {logging_mixin.py:190} INFO - [2025-07-22T12:08:00.524+0000] {dag.py:3239} INFO - Sync 1 DAGs
[2025-07-22T12:08:00.542+0000] {logging_mixin.py:190} INFO - [2025-07-22T12:08:00.542+0000] {dag.py:4180} INFO - Setting next_dagrun for train_weather_pred to 2025-07-22 00:00:00+00:00, run_after=2025-07-23 00:00:00+00:00
[2025-07-22T12:08:00.557+0000] {processor.py:208} INFO - Processing /opt/airflow/dags/train_weather_pred.py took 3.422 seconds
[2025-07-22T12:08:31.670+0000] {processor.py:186} INFO - Started process (PID=65464) to work on /opt/airflow/dags/train_weather_pred.py
[2025-07-22T12:08:31.672+0000] {processor.py:914} INFO - Processing file /opt/airflow/dags/train_weather_pred.py for tasks to queue
[2025-07-22T12:08:31.675+0000] {logging_mixin.py:190} INFO - [2025-07-22T12:08:31.674+0000] {dagbag.py:588} INFO - Filling up the DagBag from /opt/airflow/dags/train_weather_pred.py
[2025-07-22T12:08:34.895+0000] {processor.py:925} INFO - DAG(s) 'train_weather_pred' retrieved from /opt/airflow/dags/train_weather_pred.py
[2025-07-22T12:08:34.915+0000] {logging_mixin.py:190} INFO - [2025-07-22T12:08:34.915+0000] {dag.py:3239} INFO - Sync 1 DAGs
[2025-07-22T12:08:34.932+0000] {logging_mixin.py:190} INFO - [2025-07-22T12:08:34.932+0000] {dag.py:4180} INFO - Setting next_dagrun for train_weather_pred to 2025-07-22 00:00:00+00:00, run_after=2025-07-23 00:00:00+00:00
[2025-07-22T12:08:34.958+0000] {processor.py:208} INFO - Processing /opt/airflow/dags/train_weather_pred.py took 3.295 seconds
[2025-07-22T12:09:06.900+0000] {processor.py:186} INFO - Started process (PID=65568) to work on /opt/airflow/dags/train_weather_pred.py
[2025-07-22T12:09:06.901+0000] {processor.py:914} INFO - Processing file /opt/airflow/dags/train_weather_pred.py for tasks to queue
[2025-07-22T12:09:06.903+0000] {logging_mixin.py:190} INFO - [2025-07-22T12:09:06.903+0000] {dagbag.py:588} INFO - Filling up the DagBag from /opt/airflow/dags/train_weather_pred.py
[2025-07-22T12:09:10.026+0000] {processor.py:925} INFO - DAG(s) 'train_weather_pred' retrieved from /opt/airflow/dags/train_weather_pred.py
[2025-07-22T12:09:10.046+0000] {logging_mixin.py:190} INFO - [2025-07-22T12:09:10.045+0000] {dag.py:3239} INFO - Sync 1 DAGs
[2025-07-22T12:09:10.062+0000] {logging_mixin.py:190} INFO - [2025-07-22T12:09:10.062+0000] {dag.py:4180} INFO - Setting next_dagrun for train_weather_pred to 2025-07-22 00:00:00+00:00, run_after=2025-07-23 00:00:00+00:00
[2025-07-22T12:09:10.076+0000] {processor.py:208} INFO - Processing /opt/airflow/dags/train_weather_pred.py took 3.181 seconds
[2025-07-22T12:09:41.285+0000] {processor.py:186} INFO - Started process (PID=65666) to work on /opt/airflow/dags/train_weather_pred.py
[2025-07-22T12:09:41.286+0000] {processor.py:914} INFO - Processing file /opt/airflow/dags/train_weather_pred.py for tasks to queue
[2025-07-22T12:09:41.288+0000] {logging_mixin.py:190} INFO - [2025-07-22T12:09:41.288+0000] {dagbag.py:588} INFO - Filling up the DagBag from /opt/airflow/dags/train_weather_pred.py
[2025-07-22T12:09:44.692+0000] {processor.py:925} INFO - DAG(s) 'train_weather_pred' retrieved from /opt/airflow/dags/train_weather_pred.py
[2025-07-22T12:09:44.714+0000] {logging_mixin.py:190} INFO - [2025-07-22T12:09:44.714+0000] {dag.py:3239} INFO - Sync 1 DAGs
[2025-07-22T12:09:44.734+0000] {logging_mixin.py:190} INFO - [2025-07-22T12:09:44.734+0000] {dag.py:4180} INFO - Setting next_dagrun for train_weather_pred to 2025-07-22 00:00:00+00:00, run_after=2025-07-23 00:00:00+00:00
[2025-07-22T12:09:44.752+0000] {processor.py:208} INFO - Processing /opt/airflow/dags/train_weather_pred.py took 3.472 seconds
[2025-07-22T12:10:16.121+0000] {processor.py:186} INFO - Started process (PID=65764) to work on /opt/airflow/dags/train_weather_pred.py
[2025-07-22T12:10:16.122+0000] {processor.py:914} INFO - Processing file /opt/airflow/dags/train_weather_pred.py for tasks to queue
[2025-07-22T12:10:16.124+0000] {logging_mixin.py:190} INFO - [2025-07-22T12:10:16.124+0000] {dagbag.py:588} INFO - Filling up the DagBag from /opt/airflow/dags/train_weather_pred.py
[2025-07-22T12:10:19.520+0000] {processor.py:925} INFO - DAG(s) 'train_weather_pred' retrieved from /opt/airflow/dags/train_weather_pred.py
[2025-07-22T12:10:19.542+0000] {logging_mixin.py:190} INFO - [2025-07-22T12:10:19.542+0000] {dag.py:3239} INFO - Sync 1 DAGs
[2025-07-22T12:10:19.560+0000] {logging_mixin.py:190} INFO - [2025-07-22T12:10:19.560+0000] {dag.py:4180} INFO - Setting next_dagrun for train_weather_pred to 2025-07-22 00:00:00+00:00, run_after=2025-07-23 00:00:00+00:00
[2025-07-22T12:10:19.575+0000] {processor.py:208} INFO - Processing /opt/airflow/dags/train_weather_pred.py took 3.459 seconds
[2025-07-22T12:10:51.483+0000] {processor.py:186} INFO - Started process (PID=65862) to work on /opt/airflow/dags/train_weather_pred.py
[2025-07-22T12:10:51.484+0000] {processor.py:914} INFO - Processing file /opt/airflow/dags/train_weather_pred.py for tasks to queue
[2025-07-22T12:10:51.486+0000] {logging_mixin.py:190} INFO - [2025-07-22T12:10:51.486+0000] {dagbag.py:588} INFO - Filling up the DagBag from /opt/airflow/dags/train_weather_pred.py
[2025-07-22T12:10:54.940+0000] {processor.py:925} INFO - DAG(s) 'train_weather_pred' retrieved from /opt/airflow/dags/train_weather_pred.py
[2025-07-22T12:10:54.960+0000] {logging_mixin.py:190} INFO - [2025-07-22T12:10:54.960+0000] {dag.py:3239} INFO - Sync 1 DAGs
[2025-07-22T12:10:54.978+0000] {logging_mixin.py:190} INFO - [2025-07-22T12:10:54.978+0000] {dag.py:4180} INFO - Setting next_dagrun for train_weather_pred to 2025-07-22 00:00:00+00:00, run_after=2025-07-23 00:00:00+00:00
[2025-07-22T12:10:54.992+0000] {processor.py:208} INFO - Processing /opt/airflow/dags/train_weather_pred.py took 3.515 seconds
[2025-07-22T12:11:26.485+0000] {processor.py:186} INFO - Started process (PID=65960) to work on /opt/airflow/dags/train_weather_pred.py
[2025-07-22T12:11:26.486+0000] {processor.py:914} INFO - Processing file /opt/airflow/dags/train_weather_pred.py for tasks to queue
[2025-07-22T12:11:26.489+0000] {logging_mixin.py:190} INFO - [2025-07-22T12:11:26.489+0000] {dagbag.py:588} INFO - Filling up the DagBag from /opt/airflow/dags/train_weather_pred.py
[2025-07-22T12:11:30.088+0000] {processor.py:925} INFO - DAG(s) 'train_weather_pred' retrieved from /opt/airflow/dags/train_weather_pred.py
[2025-07-22T12:11:30.108+0000] {logging_mixin.py:190} INFO - [2025-07-22T12:11:30.108+0000] {dag.py:3239} INFO - Sync 1 DAGs
[2025-07-22T12:11:30.125+0000] {logging_mixin.py:190} INFO - [2025-07-22T12:11:30.125+0000] {dag.py:4180} INFO - Setting next_dagrun for train_weather_pred to 2025-07-22 00:00:00+00:00, run_after=2025-07-23 00:00:00+00:00
[2025-07-22T12:11:30.140+0000] {processor.py:208} INFO - Processing /opt/airflow/dags/train_weather_pred.py took 3.662 seconds
[2025-07-22T12:12:01.809+0000] {processor.py:186} INFO - Started process (PID=66058) to work on /opt/airflow/dags/train_weather_pred.py
[2025-07-22T12:12:01.810+0000] {processor.py:914} INFO - Processing file /opt/airflow/dags/train_weather_pred.py for tasks to queue
[2025-07-22T12:12:01.812+0000] {logging_mixin.py:190} INFO - [2025-07-22T12:12:01.812+0000] {dagbag.py:588} INFO - Filling up the DagBag from /opt/airflow/dags/train_weather_pred.py
[2025-07-22T12:12:05.397+0000] {processor.py:925} INFO - DAG(s) 'train_weather_pred' retrieved from /opt/airflow/dags/train_weather_pred.py
[2025-07-22T12:12:05.420+0000] {logging_mixin.py:190} INFO - [2025-07-22T12:12:05.419+0000] {dag.py:3239} INFO - Sync 1 DAGs
[2025-07-22T12:12:05.438+0000] {logging_mixin.py:190} INFO - [2025-07-22T12:12:05.437+0000] {dag.py:4180} INFO - Setting next_dagrun for train_weather_pred to 2025-07-22 00:00:00+00:00, run_after=2025-07-23 00:00:00+00:00
[2025-07-22T12:12:05.452+0000] {processor.py:208} INFO - Processing /opt/airflow/dags/train_weather_pred.py took 3.649 seconds
[2025-07-22T12:12:36.934+0000] {processor.py:186} INFO - Started process (PID=66163) to work on /opt/airflow/dags/train_weather_pred.py
[2025-07-22T12:12:36.935+0000] {processor.py:914} INFO - Processing file /opt/airflow/dags/train_weather_pred.py for tasks to queue
[2025-07-22T12:12:36.937+0000] {logging_mixin.py:190} INFO - [2025-07-22T12:12:36.937+0000] {dagbag.py:588} INFO - Filling up the DagBag from /opt/airflow/dags/train_weather_pred.py
[2025-07-22T12:12:40.240+0000] {processor.py:925} INFO - DAG(s) 'train_weather_pred' retrieved from /opt/airflow/dags/train_weather_pred.py
[2025-07-22T12:12:40.259+0000] {logging_mixin.py:190} INFO - [2025-07-22T12:12:40.259+0000] {dag.py:3239} INFO - Sync 1 DAGs
[2025-07-22T12:12:40.277+0000] {logging_mixin.py:190} INFO - [2025-07-22T12:12:40.277+0000] {dag.py:4180} INFO - Setting next_dagrun for train_weather_pred to 2025-07-22 00:00:00+00:00, run_after=2025-07-23 00:00:00+00:00
[2025-07-22T12:12:40.292+0000] {processor.py:208} INFO - Processing /opt/airflow/dags/train_weather_pred.py took 3.363 seconds
[2025-07-22T12:13:11.449+0000] {processor.py:186} INFO - Started process (PID=66261) to work on /opt/airflow/dags/train_weather_pred.py
[2025-07-22T12:13:11.451+0000] {processor.py:914} INFO - Processing file /opt/airflow/dags/train_weather_pred.py for tasks to queue
[2025-07-22T12:13:11.452+0000] {logging_mixin.py:190} INFO - [2025-07-22T12:13:11.452+0000] {dagbag.py:588} INFO - Filling up the DagBag from /opt/airflow/dags/train_weather_pred.py
[2025-07-22T12:13:14.605+0000] {processor.py:925} INFO - DAG(s) 'train_weather_pred' retrieved from /opt/airflow/dags/train_weather_pred.py
[2025-07-22T12:13:14.624+0000] {logging_mixin.py:190} INFO - [2025-07-22T12:13:14.624+0000] {dag.py:3239} INFO - Sync 1 DAGs
[2025-07-22T12:13:14.642+0000] {logging_mixin.py:190} INFO - [2025-07-22T12:13:14.641+0000] {dag.py:4180} INFO - Setting next_dagrun for train_weather_pred to 2025-07-22 00:00:00+00:00, run_after=2025-07-23 00:00:00+00:00
[2025-07-22T12:13:14.656+0000] {processor.py:208} INFO - Processing /opt/airflow/dags/train_weather_pred.py took 3.212 seconds
[2025-07-22T12:13:45.756+0000] {processor.py:186} INFO - Started process (PID=66359) to work on /opt/airflow/dags/train_weather_pred.py
[2025-07-22T12:13:45.757+0000] {processor.py:914} INFO - Processing file /opt/airflow/dags/train_weather_pred.py for tasks to queue
[2025-07-22T12:13:45.760+0000] {logging_mixin.py:190} INFO - [2025-07-22T12:13:45.759+0000] {dagbag.py:588} INFO - Filling up the DagBag from /opt/airflow/dags/train_weather_pred.py
[2025-07-22T12:13:48.937+0000] {processor.py:925} INFO - DAG(s) 'train_weather_pred' retrieved from /opt/airflow/dags/train_weather_pred.py
[2025-07-22T12:13:48.957+0000] {logging_mixin.py:190} INFO - [2025-07-22T12:13:48.956+0000] {dag.py:3239} INFO - Sync 1 DAGs
[2025-07-22T12:13:48.974+0000] {logging_mixin.py:190} INFO - [2025-07-22T12:13:48.974+0000] {dag.py:4180} INFO - Setting next_dagrun for train_weather_pred to 2025-07-22 00:00:00+00:00, run_after=2025-07-23 00:00:00+00:00
[2025-07-22T12:13:48.988+0000] {processor.py:208} INFO - Processing /opt/airflow/dags/train_weather_pred.py took 3.239 seconds
[2025-07-22T12:14:20.443+0000] {processor.py:186} INFO - Started process (PID=66457) to work on /opt/airflow/dags/train_weather_pred.py
[2025-07-22T12:14:20.444+0000] {processor.py:914} INFO - Processing file /opt/airflow/dags/train_weather_pred.py for tasks to queue
[2025-07-22T12:14:20.446+0000] {logging_mixin.py:190} INFO - [2025-07-22T12:14:20.446+0000] {dagbag.py:588} INFO - Filling up the DagBag from /opt/airflow/dags/train_weather_pred.py
[2025-07-22T12:14:23.666+0000] {processor.py:925} INFO - DAG(s) 'train_weather_pred' retrieved from /opt/airflow/dags/train_weather_pred.py
[2025-07-22T12:14:23.685+0000] {logging_mixin.py:190} INFO - [2025-07-22T12:14:23.685+0000] {dag.py:3239} INFO - Sync 1 DAGs
[2025-07-22T12:14:23.702+0000] {logging_mixin.py:190} INFO - [2025-07-22T12:14:23.702+0000] {dag.py:4180} INFO - Setting next_dagrun for train_weather_pred to 2025-07-22 00:00:00+00:00, run_after=2025-07-23 00:00:00+00:00
[2025-07-22T12:14:23.716+0000] {processor.py:208} INFO - Processing /opt/airflow/dags/train_weather_pred.py took 3.280 seconds
[2025-07-22T12:14:54.962+0000] {processor.py:186} INFO - Started process (PID=66555) to work on /opt/airflow/dags/train_weather_pred.py
[2025-07-22T12:14:54.963+0000] {processor.py:914} INFO - Processing file /opt/airflow/dags/train_weather_pred.py for tasks to queue
[2025-07-22T12:14:54.965+0000] {logging_mixin.py:190} INFO - [2025-07-22T12:14:54.965+0000] {dagbag.py:588} INFO - Filling up the DagBag from /opt/airflow/dags/train_weather_pred.py
[2025-07-22T12:14:58.222+0000] {processor.py:925} INFO - DAG(s) 'train_weather_pred' retrieved from /opt/airflow/dags/train_weather_pred.py
[2025-07-22T12:14:58.245+0000] {logging_mixin.py:190} INFO - [2025-07-22T12:14:58.243+0000] {dag.py:3239} INFO - Sync 1 DAGs
[2025-07-22T12:14:58.264+0000] {logging_mixin.py:190} INFO - [2025-07-22T12:14:58.264+0000] {dag.py:4180} INFO - Setting next_dagrun for train_weather_pred to 2025-07-22 00:00:00+00:00, run_after=2025-07-23 00:00:00+00:00
[2025-07-22T12:14:58.280+0000] {processor.py:208} INFO - Processing /opt/airflow/dags/train_weather_pred.py took 3.323 seconds
[2025-07-22T12:15:29.956+0000] {processor.py:186} INFO - Started process (PID=66653) to work on /opt/airflow/dags/train_weather_pred.py
[2025-07-22T12:15:29.957+0000] {processor.py:914} INFO - Processing file /opt/airflow/dags/train_weather_pred.py for tasks to queue
[2025-07-22T12:15:29.960+0000] {logging_mixin.py:190} INFO - [2025-07-22T12:15:29.959+0000] {dagbag.py:588} INFO - Filling up the DagBag from /opt/airflow/dags/train_weather_pred.py
[2025-07-22T12:15:33.435+0000] {processor.py:925} INFO - DAG(s) 'train_weather_pred' retrieved from /opt/airflow/dags/train_weather_pred.py
[2025-07-22T12:15:33.462+0000] {logging_mixin.py:190} INFO - [2025-07-22T12:15:33.462+0000] {dag.py:3239} INFO - Sync 1 DAGs
[2025-07-22T12:15:33.487+0000] {logging_mixin.py:190} INFO - [2025-07-22T12:15:33.487+0000] {dag.py:4180} INFO - Setting next_dagrun for train_weather_pred to 2025-07-22 00:00:00+00:00, run_after=2025-07-23 00:00:00+00:00
[2025-07-22T12:15:33.504+0000] {processor.py:208} INFO - Processing /opt/airflow/dags/train_weather_pred.py took 3.553 seconds
[2025-07-22T12:16:05.103+0000] {processor.py:186} INFO - Started process (PID=66757) to work on /opt/airflow/dags/train_weather_pred.py
[2025-07-22T12:16:05.104+0000] {processor.py:914} INFO - Processing file /opt/airflow/dags/train_weather_pred.py for tasks to queue
[2025-07-22T12:16:05.106+0000] {logging_mixin.py:190} INFO - [2025-07-22T12:16:05.106+0000] {dagbag.py:588} INFO - Filling up the DagBag from /opt/airflow/dags/train_weather_pred.py
[2025-07-22T12:16:08.442+0000] {processor.py:925} INFO - DAG(s) 'train_weather_pred' retrieved from /opt/airflow/dags/train_weather_pred.py
[2025-07-22T12:16:08.467+0000] {logging_mixin.py:190} INFO - [2025-07-22T12:16:08.467+0000] {dag.py:3239} INFO - Sync 1 DAGs
[2025-07-22T12:16:08.488+0000] {logging_mixin.py:190} INFO - [2025-07-22T12:16:08.488+0000] {dag.py:4180} INFO - Setting next_dagrun for train_weather_pred to 2025-07-22 00:00:00+00:00, run_after=2025-07-23 00:00:00+00:00
[2025-07-22T12:16:08.506+0000] {processor.py:208} INFO - Processing /opt/airflow/dags/train_weather_pred.py took 3.408 seconds
[2025-07-22T12:16:40.438+0000] {processor.py:186} INFO - Started process (PID=66855) to work on /opt/airflow/dags/train_weather_pred.py
[2025-07-22T12:16:40.440+0000] {processor.py:914} INFO - Processing file /opt/airflow/dags/train_weather_pred.py for tasks to queue
[2025-07-22T12:16:40.443+0000] {logging_mixin.py:190} INFO - [2025-07-22T12:16:40.442+0000] {dagbag.py:588} INFO - Filling up the DagBag from /opt/airflow/dags/train_weather_pred.py
[2025-07-22T12:16:43.858+0000] {processor.py:925} INFO - DAG(s) 'train_weather_pred' retrieved from /opt/airflow/dags/train_weather_pred.py
[2025-07-22T12:16:43.880+0000] {logging_mixin.py:190} INFO - [2025-07-22T12:16:43.879+0000] {dag.py:3239} INFO - Sync 1 DAGs
[2025-07-22T12:16:43.899+0000] {logging_mixin.py:190} INFO - [2025-07-22T12:16:43.898+0000] {dag.py:4180} INFO - Setting next_dagrun for train_weather_pred to 2025-07-22 00:00:00+00:00, run_after=2025-07-23 00:00:00+00:00
[2025-07-22T12:16:43.915+0000] {processor.py:208} INFO - Processing /opt/airflow/dags/train_weather_pred.py took 3.483 seconds
[2025-07-22T12:17:15.182+0000] {processor.py:186} INFO - Started process (PID=66953) to work on /opt/airflow/dags/train_weather_pred.py
[2025-07-22T12:17:15.183+0000] {processor.py:914} INFO - Processing file /opt/airflow/dags/train_weather_pred.py for tasks to queue
[2025-07-22T12:17:15.186+0000] {logging_mixin.py:190} INFO - [2025-07-22T12:17:15.186+0000] {dagbag.py:588} INFO - Filling up the DagBag from /opt/airflow/dags/train_weather_pred.py
[2025-07-22T12:17:18.451+0000] {processor.py:925} INFO - DAG(s) 'train_weather_pred' retrieved from /opt/airflow/dags/train_weather_pred.py
[2025-07-22T12:17:18.471+0000] {logging_mixin.py:190} INFO - [2025-07-22T12:17:18.470+0000] {dag.py:3239} INFO - Sync 1 DAGs
[2025-07-22T12:17:18.487+0000] {logging_mixin.py:190} INFO - [2025-07-22T12:17:18.487+0000] {dag.py:4180} INFO - Setting next_dagrun for train_weather_pred to 2025-07-22 00:00:00+00:00, run_after=2025-07-23 00:00:00+00:00
[2025-07-22T12:17:18.502+0000] {processor.py:208} INFO - Processing /opt/airflow/dags/train_weather_pred.py took 3.326 seconds
[2025-07-22T12:17:49.574+0000] {processor.py:186} INFO - Started process (PID=67051) to work on /opt/airflow/dags/train_weather_pred.py
[2025-07-22T12:17:49.575+0000] {processor.py:914} INFO - Processing file /opt/airflow/dags/train_weather_pred.py for tasks to queue
[2025-07-22T12:17:49.578+0000] {logging_mixin.py:190} INFO - [2025-07-22T12:17:49.577+0000] {dagbag.py:588} INFO - Filling up the DagBag from /opt/airflow/dags/train_weather_pred.py
[2025-07-22T12:17:52.904+0000] {processor.py:925} INFO - DAG(s) 'train_weather_pred' retrieved from /opt/airflow/dags/train_weather_pred.py
[2025-07-22T12:17:52.923+0000] {logging_mixin.py:190} INFO - [2025-07-22T12:17:52.923+0000] {dag.py:3239} INFO - Sync 1 DAGs
[2025-07-22T12:17:52.941+0000] {logging_mixin.py:190} INFO - [2025-07-22T12:17:52.941+0000] {dag.py:4180} INFO - Setting next_dagrun for train_weather_pred to 2025-07-22 00:00:00+00:00, run_after=2025-07-23 00:00:00+00:00
[2025-07-22T12:17:52.955+0000] {processor.py:208} INFO - Processing /opt/airflow/dags/train_weather_pred.py took 3.388 seconds
[2025-07-22T12:18:24.187+0000] {processor.py:186} INFO - Started process (PID=67149) to work on /opt/airflow/dags/train_weather_pred.py
[2025-07-22T12:18:24.189+0000] {processor.py:914} INFO - Processing file /opt/airflow/dags/train_weather_pred.py for tasks to queue
[2025-07-22T12:18:24.191+0000] {logging_mixin.py:190} INFO - [2025-07-22T12:18:24.191+0000] {dagbag.py:588} INFO - Filling up the DagBag from /opt/airflow/dags/train_weather_pred.py
[2025-07-22T12:18:27.366+0000] {processor.py:925} INFO - DAG(s) 'train_weather_pred' retrieved from /opt/airflow/dags/train_weather_pred.py
[2025-07-22T12:18:27.388+0000] {logging_mixin.py:190} INFO - [2025-07-22T12:18:27.387+0000] {dag.py:3239} INFO - Sync 1 DAGs
[2025-07-22T12:18:27.405+0000] {logging_mixin.py:190} INFO - [2025-07-22T12:18:27.405+0000] {dag.py:4180} INFO - Setting next_dagrun for train_weather_pred to 2025-07-22 00:00:00+00:00, run_after=2025-07-23 00:00:00+00:00
[2025-07-22T12:18:27.420+0000] {processor.py:208} INFO - Processing /opt/airflow/dags/train_weather_pred.py took 3.238 seconds
[2025-07-22T12:18:58.529+0000] {processor.py:186} INFO - Started process (PID=67248) to work on /opt/airflow/dags/train_weather_pred.py
[2025-07-22T12:18:58.530+0000] {processor.py:914} INFO - Processing file /opt/airflow/dags/train_weather_pred.py for tasks to queue
[2025-07-22T12:18:58.532+0000] {logging_mixin.py:190} INFO - [2025-07-22T12:18:58.532+0000] {dagbag.py:588} INFO - Filling up the DagBag from /opt/airflow/dags/train_weather_pred.py
[2025-07-22T12:19:01.927+0000] {processor.py:925} INFO - DAG(s) 'train_weather_pred' retrieved from /opt/airflow/dags/train_weather_pred.py
[2025-07-22T12:19:01.948+0000] {logging_mixin.py:190} INFO - [2025-07-22T12:19:01.947+0000] {dag.py:3239} INFO - Sync 1 DAGs
[2025-07-22T12:19:01.967+0000] {logging_mixin.py:190} INFO - [2025-07-22T12:19:01.967+0000] {dag.py:4180} INFO - Setting next_dagrun for train_weather_pred to 2025-07-22 00:00:00+00:00, run_after=2025-07-23 00:00:00+00:00
[2025-07-22T12:19:01.981+0000] {processor.py:208} INFO - Processing /opt/airflow/dags/train_weather_pred.py took 3.457 seconds
[2025-07-22T12:19:33.696+0000] {processor.py:186} INFO - Started process (PID=67346) to work on /opt/airflow/dags/train_weather_pred.py
[2025-07-22T12:19:33.697+0000] {processor.py:914} INFO - Processing file /opt/airflow/dags/train_weather_pred.py for tasks to queue
[2025-07-22T12:19:33.699+0000] {logging_mixin.py:190} INFO - [2025-07-22T12:19:33.699+0000] {dagbag.py:588} INFO - Filling up the DagBag from /opt/airflow/dags/train_weather_pred.py
[2025-07-22T12:19:37.051+0000] {processor.py:925} INFO - DAG(s) 'train_weather_pred' retrieved from /opt/airflow/dags/train_weather_pred.py
[2025-07-22T12:19:37.074+0000] {logging_mixin.py:190} INFO - [2025-07-22T12:19:37.073+0000] {dag.py:3239} INFO - Sync 1 DAGs
[2025-07-22T12:19:37.092+0000] {logging_mixin.py:190} INFO - [2025-07-22T12:19:37.092+0000] {dag.py:4180} INFO - Setting next_dagrun for train_weather_pred to 2025-07-22 00:00:00+00:00, run_after=2025-07-23 00:00:00+00:00
[2025-07-22T12:19:37.109+0000] {processor.py:208} INFO - Processing /opt/airflow/dags/train_weather_pred.py took 3.420 seconds
[2025-07-22T12:20:08.378+0000] {processor.py:186} INFO - Started process (PID=67450) to work on /opt/airflow/dags/train_weather_pred.py
[2025-07-22T12:20:08.379+0000] {processor.py:914} INFO - Processing file /opt/airflow/dags/train_weather_pred.py for tasks to queue
[2025-07-22T12:20:08.381+0000] {logging_mixin.py:190} INFO - [2025-07-22T12:20:08.381+0000] {dagbag.py:588} INFO - Filling up the DagBag from /opt/airflow/dags/train_weather_pred.py
[2025-07-22T12:20:11.934+0000] {processor.py:925} INFO - DAG(s) 'train_weather_pred' retrieved from /opt/airflow/dags/train_weather_pred.py
[2025-07-22T12:20:11.955+0000] {logging_mixin.py:190} INFO - [2025-07-22T12:20:11.955+0000] {dag.py:3239} INFO - Sync 1 DAGs
[2025-07-22T12:20:11.974+0000] {logging_mixin.py:190} INFO - [2025-07-22T12:20:11.974+0000] {dag.py:4180} INFO - Setting next_dagrun for train_weather_pred to 2025-07-22 00:00:00+00:00, run_after=2025-07-23 00:00:00+00:00
[2025-07-22T12:20:11.992+0000] {processor.py:208} INFO - Processing /opt/airflow/dags/train_weather_pred.py took 3.621 seconds
[2025-07-22T12:20:43.087+0000] {processor.py:186} INFO - Started process (PID=67548) to work on /opt/airflow/dags/train_weather_pred.py
[2025-07-22T12:20:43.089+0000] {processor.py:914} INFO - Processing file /opt/airflow/dags/train_weather_pred.py for tasks to queue
[2025-07-22T12:20:43.091+0000] {logging_mixin.py:190} INFO - [2025-07-22T12:20:43.090+0000] {dagbag.py:588} INFO - Filling up the DagBag from /opt/airflow/dags/train_weather_pred.py
[2025-07-22T12:20:46.496+0000] {processor.py:925} INFO - DAG(s) 'train_weather_pred' retrieved from /opt/airflow/dags/train_weather_pred.py
[2025-07-22T12:20:46.520+0000] {logging_mixin.py:190} INFO - [2025-07-22T12:20:46.519+0000] {dag.py:3239} INFO - Sync 1 DAGs
[2025-07-22T12:20:46.541+0000] {logging_mixin.py:190} INFO - [2025-07-22T12:20:46.540+0000] {dag.py:4180} INFO - Setting next_dagrun for train_weather_pred to 2025-07-22 00:00:00+00:00, run_after=2025-07-23 00:00:00+00:00
[2025-07-22T12:20:46.565+0000] {processor.py:208} INFO - Processing /opt/airflow/dags/train_weather_pred.py took 3.483 seconds
[2025-07-22T12:21:18.107+0000] {processor.py:186} INFO - Started process (PID=67646) to work on /opt/airflow/dags/train_weather_pred.py
[2025-07-22T12:21:18.108+0000] {processor.py:914} INFO - Processing file /opt/airflow/dags/train_weather_pred.py for tasks to queue
[2025-07-22T12:21:18.111+0000] {logging_mixin.py:190} INFO - [2025-07-22T12:21:18.110+0000] {dagbag.py:588} INFO - Filling up the DagBag from /opt/airflow/dags/train_weather_pred.py
[2025-07-22T12:21:21.884+0000] {processor.py:925} INFO - DAG(s) 'train_weather_pred' retrieved from /opt/airflow/dags/train_weather_pred.py
[2025-07-22T12:21:21.906+0000] {logging_mixin.py:190} INFO - [2025-07-22T12:21:21.906+0000] {dag.py:3239} INFO - Sync 1 DAGs
[2025-07-22T12:21:21.927+0000] {logging_mixin.py:190} INFO - [2025-07-22T12:21:21.927+0000] {dag.py:4180} INFO - Setting next_dagrun for train_weather_pred to 2025-07-22 00:00:00+00:00, run_after=2025-07-23 00:00:00+00:00
[2025-07-22T12:21:21.942+0000] {processor.py:208} INFO - Processing /opt/airflow/dags/train_weather_pred.py took 3.843 seconds
[2025-07-22T12:21:53.771+0000] {processor.py:186} INFO - Started process (PID=67744) to work on /opt/airflow/dags/train_weather_pred.py
[2025-07-22T12:21:53.772+0000] {processor.py:914} INFO - Processing file /opt/airflow/dags/train_weather_pred.py for tasks to queue
[2025-07-22T12:21:53.775+0000] {logging_mixin.py:190} INFO - [2025-07-22T12:21:53.775+0000] {dagbag.py:588} INFO - Filling up the DagBag from /opt/airflow/dags/train_weather_pred.py
[2025-07-22T12:21:57.464+0000] {processor.py:925} INFO - DAG(s) 'train_weather_pred' retrieved from /opt/airflow/dags/train_weather_pred.py
[2025-07-22T12:21:57.490+0000] {logging_mixin.py:190} INFO - [2025-07-22T12:21:57.489+0000] {dag.py:3239} INFO - Sync 1 DAGs
[2025-07-22T12:21:57.511+0000] {logging_mixin.py:190} INFO - [2025-07-22T12:21:57.511+0000] {dag.py:4180} INFO - Setting next_dagrun for train_weather_pred to 2025-07-22 00:00:00+00:00, run_after=2025-07-23 00:00:00+00:00
[2025-07-22T12:21:57.530+0000] {processor.py:208} INFO - Processing /opt/airflow/dags/train_weather_pred.py took 3.767 seconds
[2025-07-22T12:22:28.996+0000] {processor.py:186} INFO - Started process (PID=67842) to work on /opt/airflow/dags/train_weather_pred.py
[2025-07-22T12:22:28.997+0000] {processor.py:914} INFO - Processing file /opt/airflow/dags/train_weather_pred.py for tasks to queue
[2025-07-22T12:22:28.999+0000] {logging_mixin.py:190} INFO - [2025-07-22T12:22:28.999+0000] {dagbag.py:588} INFO - Filling up the DagBag from /opt/airflow/dags/train_weather_pred.py
[2025-07-22T12:22:32.494+0000] {processor.py:925} INFO - DAG(s) 'train_weather_pred' retrieved from /opt/airflow/dags/train_weather_pred.py
[2025-07-22T12:22:32.530+0000] {logging_mixin.py:190} INFO - [2025-07-22T12:22:32.528+0000] {dag.py:3239} INFO - Sync 1 DAGs
[2025-07-22T12:22:32.553+0000] {logging_mixin.py:190} INFO - [2025-07-22T12:22:32.553+0000] {dag.py:4180} INFO - Setting next_dagrun for train_weather_pred to 2025-07-22 00:00:00+00:00, run_after=2025-07-23 00:00:00+00:00
[2025-07-22T12:22:32.574+0000] {processor.py:208} INFO - Processing /opt/airflow/dags/train_weather_pred.py took 3.583 seconds
[2025-07-22T12:23:03.761+0000] {processor.py:186} INFO - Started process (PID=67940) to work on /opt/airflow/dags/train_weather_pred.py
[2025-07-22T12:23:03.762+0000] {processor.py:914} INFO - Processing file /opt/airflow/dags/train_weather_pred.py for tasks to queue
[2025-07-22T12:23:03.765+0000] {logging_mixin.py:190} INFO - [2025-07-22T12:23:03.764+0000] {dagbag.py:588} INFO - Filling up the DagBag from /opt/airflow/dags/train_weather_pred.py
[2025-07-22T12:23:07.076+0000] {processor.py:925} INFO - DAG(s) 'train_weather_pred' retrieved from /opt/airflow/dags/train_weather_pred.py
[2025-07-22T12:23:07.098+0000] {logging_mixin.py:190} INFO - [2025-07-22T12:23:07.097+0000] {dag.py:3239} INFO - Sync 1 DAGs
[2025-07-22T12:23:07.115+0000] {logging_mixin.py:190} INFO - [2025-07-22T12:23:07.115+0000] {dag.py:4180} INFO - Setting next_dagrun for train_weather_pred to 2025-07-22 00:00:00+00:00, run_after=2025-07-23 00:00:00+00:00
[2025-07-22T12:23:07.129+0000] {processor.py:208} INFO - Processing /opt/airflow/dags/train_weather_pred.py took 3.374 seconds
[2025-07-22T12:23:38.810+0000] {processor.py:186} INFO - Started process (PID=68044) to work on /opt/airflow/dags/train_weather_pred.py
[2025-07-22T12:23:38.811+0000] {processor.py:914} INFO - Processing file /opt/airflow/dags/train_weather_pred.py for tasks to queue
[2025-07-22T12:23:38.814+0000] {logging_mixin.py:190} INFO - [2025-07-22T12:23:38.813+0000] {dagbag.py:588} INFO - Filling up the DagBag from /opt/airflow/dags/train_weather_pred.py
[2025-07-22T12:23:42.220+0000] {processor.py:925} INFO - DAG(s) 'train_weather_pred' retrieved from /opt/airflow/dags/train_weather_pred.py
[2025-07-22T12:23:42.242+0000] {logging_mixin.py:190} INFO - [2025-07-22T12:23:42.242+0000] {dag.py:3239} INFO - Sync 1 DAGs
[2025-07-22T12:23:42.262+0000] {logging_mixin.py:190} INFO - [2025-07-22T12:23:42.262+0000] {dag.py:4180} INFO - Setting next_dagrun for train_weather_pred to 2025-07-22 00:00:00+00:00, run_after=2025-07-23 00:00:00+00:00
[2025-07-22T12:23:42.278+0000] {processor.py:208} INFO - Processing /opt/airflow/dags/train_weather_pred.py took 3.474 seconds
[2025-07-22T12:24:13.431+0000] {processor.py:186} INFO - Started process (PID=68142) to work on /opt/airflow/dags/train_weather_pred.py
[2025-07-22T12:24:13.432+0000] {processor.py:914} INFO - Processing file /opt/airflow/dags/train_weather_pred.py for tasks to queue
[2025-07-22T12:24:13.435+0000] {logging_mixin.py:190} INFO - [2025-07-22T12:24:13.434+0000] {dagbag.py:588} INFO - Filling up the DagBag from /opt/airflow/dags/train_weather_pred.py
[2025-07-22T12:24:16.990+0000] {processor.py:925} INFO - DAG(s) 'train_weather_pred' retrieved from /opt/airflow/dags/train_weather_pred.py
[2025-07-22T12:24:17.014+0000] {logging_mixin.py:190} INFO - [2025-07-22T12:24:17.014+0000] {dag.py:3239} INFO - Sync 1 DAGs
[2025-07-22T12:24:17.035+0000] {logging_mixin.py:190} INFO - [2025-07-22T12:24:17.035+0000] {dag.py:4180} INFO - Setting next_dagrun for train_weather_pred to 2025-07-22 00:00:00+00:00, run_after=2025-07-23 00:00:00+00:00
[2025-07-22T12:24:17.054+0000] {processor.py:208} INFO - Processing /opt/airflow/dags/train_weather_pred.py took 3.629 seconds
[2025-07-22T12:24:48.195+0000] {processor.py:186} INFO - Started process (PID=68240) to work on /opt/airflow/dags/train_weather_pred.py
[2025-07-22T12:24:48.196+0000] {processor.py:914} INFO - Processing file /opt/airflow/dags/train_weather_pred.py for tasks to queue
[2025-07-22T12:24:48.199+0000] {logging_mixin.py:190} INFO - [2025-07-22T12:24:48.199+0000] {dagbag.py:588} INFO - Filling up the DagBag from /opt/airflow/dags/train_weather_pred.py
[2025-07-22T12:24:51.879+0000] {processor.py:925} INFO - DAG(s) 'train_weather_pred' retrieved from /opt/airflow/dags/train_weather_pred.py
[2025-07-22T12:24:51.900+0000] {logging_mixin.py:190} INFO - [2025-07-22T12:24:51.900+0000] {dag.py:3239} INFO - Sync 1 DAGs
[2025-07-22T12:24:51.918+0000] {logging_mixin.py:190} INFO - [2025-07-22T12:24:51.918+0000] {dag.py:4180} INFO - Setting next_dagrun for train_weather_pred to 2025-07-22 00:00:00+00:00, run_after=2025-07-23 00:00:00+00:00
[2025-07-22T12:24:51.934+0000] {processor.py:208} INFO - Processing /opt/airflow/dags/train_weather_pred.py took 3.747 seconds
[2025-07-22T12:25:23.038+0000] {processor.py:186} INFO - Started process (PID=68338) to work on /opt/airflow/dags/train_weather_pred.py
[2025-07-22T12:25:23.040+0000] {processor.py:914} INFO - Processing file /opt/airflow/dags/train_weather_pred.py for tasks to queue
[2025-07-22T12:25:23.043+0000] {logging_mixin.py:190} INFO - [2025-07-22T12:25:23.043+0000] {dagbag.py:588} INFO - Filling up the DagBag from /opt/airflow/dags/train_weather_pred.py
[2025-07-22T12:25:26.309+0000] {processor.py:925} INFO - DAG(s) 'train_weather_pred' retrieved from /opt/airflow/dags/train_weather_pred.py
[2025-07-22T12:25:26.332+0000] {logging_mixin.py:190} INFO - [2025-07-22T12:25:26.331+0000] {dag.py:3239} INFO - Sync 1 DAGs
[2025-07-22T12:25:26.352+0000] {logging_mixin.py:190} INFO - [2025-07-22T12:25:26.352+0000] {dag.py:4180} INFO - Setting next_dagrun for train_weather_pred to 2025-07-22 00:00:00+00:00, run_after=2025-07-23 00:00:00+00:00
[2025-07-22T12:25:26.367+0000] {processor.py:208} INFO - Processing /opt/airflow/dags/train_weather_pred.py took 3.336 seconds
[2025-07-22T12:25:57.421+0000] {processor.py:186} INFO - Started process (PID=68436) to work on /opt/airflow/dags/train_weather_pred.py
[2025-07-22T12:25:57.422+0000] {processor.py:914} INFO - Processing file /opt/airflow/dags/train_weather_pred.py for tasks to queue
[2025-07-22T12:25:57.425+0000] {logging_mixin.py:190} INFO - [2025-07-22T12:25:57.425+0000] {dagbag.py:588} INFO - Filling up the DagBag from /opt/airflow/dags/train_weather_pred.py
[2025-07-22T12:26:00.869+0000] {processor.py:925} INFO - DAG(s) 'train_weather_pred' retrieved from /opt/airflow/dags/train_weather_pred.py
[2025-07-22T12:26:00.891+0000] {logging_mixin.py:190} INFO - [2025-07-22T12:26:00.890+0000] {dag.py:3239} INFO - Sync 1 DAGs
[2025-07-22T12:26:00.908+0000] {logging_mixin.py:190} INFO - [2025-07-22T12:26:00.908+0000] {dag.py:4180} INFO - Setting next_dagrun for train_weather_pred to 2025-07-22 00:00:00+00:00, run_after=2025-07-23 00:00:00+00:00
[2025-07-22T12:26:00.924+0000] {processor.py:208} INFO - Processing /opt/airflow/dags/train_weather_pred.py took 3.509 seconds
[2025-07-22T12:26:32.221+0000] {processor.py:186} INFO - Started process (PID=68534) to work on /opt/airflow/dags/train_weather_pred.py
[2025-07-22T12:26:32.223+0000] {processor.py:914} INFO - Processing file /opt/airflow/dags/train_weather_pred.py for tasks to queue
[2025-07-22T12:26:32.225+0000] {logging_mixin.py:190} INFO - [2025-07-22T12:26:32.224+0000] {dagbag.py:588} INFO - Filling up the DagBag from /opt/airflow/dags/train_weather_pred.py
[2025-07-22T12:26:35.542+0000] {processor.py:925} INFO - DAG(s) 'train_weather_pred' retrieved from /opt/airflow/dags/train_weather_pred.py
[2025-07-22T12:26:35.565+0000] {logging_mixin.py:190} INFO - [2025-07-22T12:26:35.564+0000] {dag.py:3239} INFO - Sync 1 DAGs
[2025-07-22T12:26:35.582+0000] {logging_mixin.py:190} INFO - [2025-07-22T12:26:35.582+0000] {dag.py:4180} INFO - Setting next_dagrun for train_weather_pred to 2025-07-22 00:00:00+00:00, run_after=2025-07-23 00:00:00+00:00
[2025-07-22T12:26:35.596+0000] {processor.py:208} INFO - Processing /opt/airflow/dags/train_weather_pred.py took 3.381 seconds
[2025-07-22T12:27:07.618+0000] {processor.py:186} INFO - Started process (PID=68638) to work on /opt/airflow/dags/train_weather_pred.py
[2025-07-22T12:27:07.619+0000] {processor.py:914} INFO - Processing file /opt/airflow/dags/train_weather_pred.py for tasks to queue
[2025-07-22T12:27:07.621+0000] {logging_mixin.py:190} INFO - [2025-07-22T12:27:07.621+0000] {dagbag.py:588} INFO - Filling up the DagBag from /opt/airflow/dags/train_weather_pred.py
[2025-07-22T12:27:11.119+0000] {processor.py:925} INFO - DAG(s) 'train_weather_pred' retrieved from /opt/airflow/dags/train_weather_pred.py
[2025-07-22T12:27:11.145+0000] {logging_mixin.py:190} INFO - [2025-07-22T12:27:11.145+0000] {dag.py:3239} INFO - Sync 1 DAGs
[2025-07-22T12:27:11.170+0000] {logging_mixin.py:190} INFO - [2025-07-22T12:27:11.170+0000] {dag.py:4180} INFO - Setting next_dagrun for train_weather_pred to 2025-07-22 00:00:00+00:00, run_after=2025-07-23 00:00:00+00:00
[2025-07-22T12:27:11.189+0000] {processor.py:208} INFO - Processing /opt/airflow/dags/train_weather_pred.py took 3.577 seconds
[2025-07-22T12:27:43.189+0000] {processor.py:186} INFO - Started process (PID=68736) to work on /opt/airflow/dags/train_weather_pred.py
[2025-07-22T12:27:43.191+0000] {processor.py:914} INFO - Processing file /opt/airflow/dags/train_weather_pred.py for tasks to queue
[2025-07-22T12:27:43.193+0000] {logging_mixin.py:190} INFO - [2025-07-22T12:27:43.193+0000] {dagbag.py:588} INFO - Filling up the DagBag from /opt/airflow/dags/train_weather_pred.py
[2025-07-22T12:27:46.750+0000] {processor.py:925} INFO - DAG(s) 'train_weather_pred' retrieved from /opt/airflow/dags/train_weather_pred.py
[2025-07-22T12:27:46.777+0000] {logging_mixin.py:190} INFO - [2025-07-22T12:27:46.776+0000] {dag.py:3239} INFO - Sync 1 DAGs
[2025-07-22T12:27:46.798+0000] {logging_mixin.py:190} INFO - [2025-07-22T12:27:46.797+0000] {dag.py:4180} INFO - Setting next_dagrun for train_weather_pred to 2025-07-22 00:00:00+00:00, run_after=2025-07-23 00:00:00+00:00
[2025-07-22T12:27:46.816+0000] {processor.py:208} INFO - Processing /opt/airflow/dags/train_weather_pred.py took 3.634 seconds
[2025-07-22T12:28:18.337+0000] {processor.py:186} INFO - Started process (PID=68834) to work on /opt/airflow/dags/train_weather_pred.py
[2025-07-22T12:28:18.338+0000] {processor.py:914} INFO - Processing file /opt/airflow/dags/train_weather_pred.py for tasks to queue
[2025-07-22T12:28:18.341+0000] {logging_mixin.py:190} INFO - [2025-07-22T12:28:18.340+0000] {dagbag.py:588} INFO - Filling up the DagBag from /opt/airflow/dags/train_weather_pred.py
[2025-07-22T12:28:22.149+0000] {processor.py:925} INFO - DAG(s) 'train_weather_pred' retrieved from /opt/airflow/dags/train_weather_pred.py
[2025-07-22T12:28:22.173+0000] {logging_mixin.py:190} INFO - [2025-07-22T12:28:22.172+0000] {dag.py:3239} INFO - Sync 1 DAGs
[2025-07-22T12:28:22.192+0000] {logging_mixin.py:190} INFO - [2025-07-22T12:28:22.192+0000] {dag.py:4180} INFO - Setting next_dagrun for train_weather_pred to 2025-07-22 00:00:00+00:00, run_after=2025-07-23 00:00:00+00:00
[2025-07-22T12:28:22.208+0000] {processor.py:208} INFO - Processing /opt/airflow/dags/train_weather_pred.py took 3.878 seconds
[2025-07-22T12:28:53.619+0000] {processor.py:186} INFO - Started process (PID=68932) to work on /opt/airflow/dags/train_weather_pred.py
[2025-07-22T12:28:53.620+0000] {processor.py:914} INFO - Processing file /opt/airflow/dags/train_weather_pred.py for tasks to queue
[2025-07-22T12:28:53.622+0000] {logging_mixin.py:190} INFO - [2025-07-22T12:28:53.622+0000] {dagbag.py:588} INFO - Filling up the DagBag from /opt/airflow/dags/train_weather_pred.py
[2025-07-22T12:28:56.873+0000] {processor.py:925} INFO - DAG(s) 'train_weather_pred' retrieved from /opt/airflow/dags/train_weather_pred.py
[2025-07-22T12:28:56.895+0000] {logging_mixin.py:190} INFO - [2025-07-22T12:28:56.894+0000] {dag.py:3239} INFO - Sync 1 DAGs
[2025-07-22T12:28:56.913+0000] {logging_mixin.py:190} INFO - [2025-07-22T12:28:56.913+0000] {dag.py:4180} INFO - Setting next_dagrun for train_weather_pred to 2025-07-22 00:00:00+00:00, run_after=2025-07-23 00:00:00+00:00
[2025-07-22T12:28:56.928+0000] {processor.py:208} INFO - Processing /opt/airflow/dags/train_weather_pred.py took 3.315 seconds
[2025-07-22T12:29:28.614+0000] {processor.py:186} INFO - Started process (PID=69030) to work on /opt/airflow/dags/train_weather_pred.py
[2025-07-22T12:29:28.615+0000] {processor.py:914} INFO - Processing file /opt/airflow/dags/train_weather_pred.py for tasks to queue
[2025-07-22T12:29:28.617+0000] {logging_mixin.py:190} INFO - [2025-07-22T12:29:28.617+0000] {dagbag.py:588} INFO - Filling up the DagBag from /opt/airflow/dags/train_weather_pred.py
[2025-07-22T12:29:32.091+0000] {processor.py:925} INFO - DAG(s) 'train_weather_pred' retrieved from /opt/airflow/dags/train_weather_pred.py
[2025-07-22T12:29:32.114+0000] {logging_mixin.py:190} INFO - [2025-07-22T12:29:32.114+0000] {dag.py:3239} INFO - Sync 1 DAGs
[2025-07-22T12:29:32.134+0000] {logging_mixin.py:190} INFO - [2025-07-22T12:29:32.134+0000] {dag.py:4180} INFO - Setting next_dagrun for train_weather_pred to 2025-07-22 00:00:00+00:00, run_after=2025-07-23 00:00:00+00:00
[2025-07-22T12:29:32.151+0000] {processor.py:208} INFO - Processing /opt/airflow/dags/train_weather_pred.py took 3.542 seconds
[2025-07-22T12:30:04.004+0000] {processor.py:186} INFO - Started process (PID=69128) to work on /opt/airflow/dags/train_weather_pred.py
[2025-07-22T12:30:04.006+0000] {processor.py:914} INFO - Processing file /opt/airflow/dags/train_weather_pred.py for tasks to queue
[2025-07-22T12:30:04.008+0000] {logging_mixin.py:190} INFO - [2025-07-22T12:30:04.008+0000] {dagbag.py:588} INFO - Filling up the DagBag from /opt/airflow/dags/train_weather_pred.py
[2025-07-22T12:30:07.346+0000] {processor.py:925} INFO - DAG(s) 'train_weather_pred' retrieved from /opt/airflow/dags/train_weather_pred.py
[2025-07-22T12:30:07.368+0000] {logging_mixin.py:190} INFO - [2025-07-22T12:30:07.367+0000] {dag.py:3239} INFO - Sync 1 DAGs
[2025-07-22T12:30:07.386+0000] {logging_mixin.py:190} INFO - [2025-07-22T12:30:07.386+0000] {dag.py:4180} INFO - Setting next_dagrun for train_weather_pred to 2025-07-22 00:00:00+00:00, run_after=2025-07-23 00:00:00+00:00
[2025-07-22T12:30:07.403+0000] {processor.py:208} INFO - Processing /opt/airflow/dags/train_weather_pred.py took 3.404 seconds
[2025-07-22T12:30:39.364+0000] {processor.py:186} INFO - Started process (PID=69232) to work on /opt/airflow/dags/train_weather_pred.py
[2025-07-22T12:30:39.365+0000] {processor.py:914} INFO - Processing file /opt/airflow/dags/train_weather_pred.py for tasks to queue
[2025-07-22T12:30:39.368+0000] {logging_mixin.py:190} INFO - [2025-07-22T12:30:39.368+0000] {dagbag.py:588} INFO - Filling up the DagBag from /opt/airflow/dags/train_weather_pred.py
[2025-07-22T12:30:42.814+0000] {processor.py:925} INFO - DAG(s) 'train_weather_pred' retrieved from /opt/airflow/dags/train_weather_pred.py
[2025-07-22T12:30:42.840+0000] {logging_mixin.py:190} INFO - [2025-07-22T12:30:42.839+0000] {dag.py:3239} INFO - Sync 1 DAGs
[2025-07-22T12:30:42.859+0000] {logging_mixin.py:190} INFO - [2025-07-22T12:30:42.859+0000] {dag.py:4180} INFO - Setting next_dagrun for train_weather_pred to 2025-07-22 00:00:00+00:00, run_after=2025-07-23 00:00:00+00:00
[2025-07-22T12:30:42.877+0000] {processor.py:208} INFO - Processing /opt/airflow/dags/train_weather_pred.py took 3.518 seconds
[2025-07-22T12:31:14.318+0000] {processor.py:186} INFO - Started process (PID=69330) to work on /opt/airflow/dags/train_weather_pred.py
[2025-07-22T12:31:14.319+0000] {processor.py:914} INFO - Processing file /opt/airflow/dags/train_weather_pred.py for tasks to queue
[2025-07-22T12:31:14.321+0000] {logging_mixin.py:190} INFO - [2025-07-22T12:31:14.321+0000] {dagbag.py:588} INFO - Filling up the DagBag from /opt/airflow/dags/train_weather_pred.py
[2025-07-22T12:31:17.710+0000] {processor.py:925} INFO - DAG(s) 'train_weather_pred' retrieved from /opt/airflow/dags/train_weather_pred.py
[2025-07-22T12:31:17.732+0000] {logging_mixin.py:190} INFO - [2025-07-22T12:31:17.731+0000] {dag.py:3239} INFO - Sync 1 DAGs
[2025-07-22T12:31:17.754+0000] {logging_mixin.py:190} INFO - [2025-07-22T12:31:17.753+0000] {dag.py:4180} INFO - Setting next_dagrun for train_weather_pred to 2025-07-22 00:00:00+00:00, run_after=2025-07-23 00:00:00+00:00
[2025-07-22T12:31:17.771+0000] {processor.py:208} INFO - Processing /opt/airflow/dags/train_weather_pred.py took 3.459 seconds
[2025-07-22T12:31:49.198+0000] {processor.py:186} INFO - Started process (PID=69428) to work on /opt/airflow/dags/train_weather_pred.py
[2025-07-22T12:31:49.199+0000] {processor.py:914} INFO - Processing file /opt/airflow/dags/train_weather_pred.py for tasks to queue
[2025-07-22T12:31:49.201+0000] {logging_mixin.py:190} INFO - [2025-07-22T12:31:49.201+0000] {dagbag.py:588} INFO - Filling up the DagBag from /opt/airflow/dags/train_weather_pred.py
[2025-07-22T12:31:52.744+0000] {processor.py:925} INFO - DAG(s) 'train_weather_pred' retrieved from /opt/airflow/dags/train_weather_pred.py
[2025-07-22T12:31:52.767+0000] {logging_mixin.py:190} INFO - [2025-07-22T12:31:52.767+0000] {dag.py:3239} INFO - Sync 1 DAGs
[2025-07-22T12:31:52.786+0000] {logging_mixin.py:190} INFO - [2025-07-22T12:31:52.786+0000] {dag.py:4180} INFO - Setting next_dagrun for train_weather_pred to 2025-07-22 00:00:00+00:00, run_after=2025-07-23 00:00:00+00:00
[2025-07-22T12:31:52.802+0000] {processor.py:208} INFO - Processing /opt/airflow/dags/train_weather_pred.py took 3.610 seconds
[2025-07-22T12:32:23.905+0000] {processor.py:186} INFO - Started process (PID=69526) to work on /opt/airflow/dags/train_weather_pred.py
[2025-07-22T12:32:23.907+0000] {processor.py:914} INFO - Processing file /opt/airflow/dags/train_weather_pred.py for tasks to queue
[2025-07-22T12:32:23.909+0000] {logging_mixin.py:190} INFO - [2025-07-22T12:32:23.909+0000] {dagbag.py:588} INFO - Filling up the DagBag from /opt/airflow/dags/train_weather_pred.py
[2025-07-22T12:32:27.390+0000] {processor.py:925} INFO - DAG(s) 'train_weather_pred' retrieved from /opt/airflow/dags/train_weather_pred.py
[2025-07-22T12:32:27.411+0000] {logging_mixin.py:190} INFO - [2025-07-22T12:32:27.411+0000] {dag.py:3239} INFO - Sync 1 DAGs
[2025-07-22T12:32:27.429+0000] {logging_mixin.py:190} INFO - [2025-07-22T12:32:27.428+0000] {dag.py:4180} INFO - Setting next_dagrun for train_weather_pred to 2025-07-22 00:00:00+00:00, run_after=2025-07-23 00:00:00+00:00
[2025-07-22T12:32:27.447+0000] {processor.py:208} INFO - Processing /opt/airflow/dags/train_weather_pred.py took 3.548 seconds
[2025-07-22T12:32:59.200+0000] {processor.py:186} INFO - Started process (PID=69624) to work on /opt/airflow/dags/train_weather_pred.py
[2025-07-22T12:32:59.201+0000] {processor.py:914} INFO - Processing file /opt/airflow/dags/train_weather_pred.py for tasks to queue
[2025-07-22T12:32:59.204+0000] {logging_mixin.py:190} INFO - [2025-07-22T12:32:59.204+0000] {dagbag.py:588} INFO - Filling up the DagBag from /opt/airflow/dags/train_weather_pred.py
[2025-07-22T12:33:02.579+0000] {processor.py:925} INFO - DAG(s) 'train_weather_pred' retrieved from /opt/airflow/dags/train_weather_pred.py
[2025-07-22T12:33:02.601+0000] {logging_mixin.py:190} INFO - [2025-07-22T12:33:02.600+0000] {dag.py:3239} INFO - Sync 1 DAGs
[2025-07-22T12:33:02.619+0000] {logging_mixin.py:190} INFO - [2025-07-22T12:33:02.619+0000] {dag.py:4180} INFO - Setting next_dagrun for train_weather_pred to 2025-07-22 00:00:00+00:00, run_after=2025-07-23 00:00:00+00:00
[2025-07-22T12:33:02.636+0000] {processor.py:208} INFO - Processing /opt/airflow/dags/train_weather_pred.py took 3.444 seconds
[2025-07-22T12:33:34.397+0000] {processor.py:186} INFO - Started process (PID=69722) to work on /opt/airflow/dags/train_weather_pred.py
[2025-07-22T12:33:34.398+0000] {processor.py:914} INFO - Processing file /opt/airflow/dags/train_weather_pred.py for tasks to queue
[2025-07-22T12:33:34.400+0000] {logging_mixin.py:190} INFO - [2025-07-22T12:33:34.400+0000] {dagbag.py:588} INFO - Filling up the DagBag from /opt/airflow/dags/train_weather_pred.py
[2025-07-22T12:33:37.910+0000] {processor.py:925} INFO - DAG(s) 'train_weather_pred' retrieved from /opt/airflow/dags/train_weather_pred.py
[2025-07-22T12:33:37.931+0000] {logging_mixin.py:190} INFO - [2025-07-22T12:33:37.931+0000] {dag.py:3239} INFO - Sync 1 DAGs
[2025-07-22T12:33:37.950+0000] {logging_mixin.py:190} INFO - [2025-07-22T12:33:37.949+0000] {dag.py:4180} INFO - Setting next_dagrun for train_weather_pred to 2025-07-22 00:00:00+00:00, run_after=2025-07-23 00:00:00+00:00
[2025-07-22T12:33:37.964+0000] {processor.py:208} INFO - Processing /opt/airflow/dags/train_weather_pred.py took 3.573 seconds
[2025-07-22T12:34:09.422+0000] {processor.py:186} INFO - Started process (PID=69826) to work on /opt/airflow/dags/train_weather_pred.py
[2025-07-22T12:34:09.423+0000] {processor.py:914} INFO - Processing file /opt/airflow/dags/train_weather_pred.py for tasks to queue
[2025-07-22T12:34:09.426+0000] {logging_mixin.py:190} INFO - [2025-07-22T12:34:09.425+0000] {dagbag.py:588} INFO - Filling up the DagBag from /opt/airflow/dags/train_weather_pred.py
[2025-07-22T12:34:13.029+0000] {processor.py:925} INFO - DAG(s) 'train_weather_pred' retrieved from /opt/airflow/dags/train_weather_pred.py
[2025-07-22T12:34:13.051+0000] {logging_mixin.py:190} INFO - [2025-07-22T12:34:13.051+0000] {dag.py:3239} INFO - Sync 1 DAGs
[2025-07-22T12:34:13.071+0000] {logging_mixin.py:190} INFO - [2025-07-22T12:34:13.071+0000] {dag.py:4180} INFO - Setting next_dagrun for train_weather_pred to 2025-07-22 00:00:00+00:00, run_after=2025-07-23 00:00:00+00:00
[2025-07-22T12:34:13.088+0000] {processor.py:208} INFO - Processing /opt/airflow/dags/train_weather_pred.py took 3.673 seconds
[2025-07-22T12:34:45.012+0000] {processor.py:186} INFO - Started process (PID=69924) to work on /opt/airflow/dags/train_weather_pred.py
[2025-07-22T12:34:45.015+0000] {processor.py:914} INFO - Processing file /opt/airflow/dags/train_weather_pred.py for tasks to queue
[2025-07-22T12:34:45.021+0000] {logging_mixin.py:190} INFO - [2025-07-22T12:34:45.020+0000] {dagbag.py:588} INFO - Filling up the DagBag from /opt/airflow/dags/train_weather_pred.py
[2025-07-22T12:34:50.945+0000] {processor.py:925} INFO - DAG(s) 'train_weather_pred' retrieved from /opt/airflow/dags/train_weather_pred.py
[2025-07-22T12:34:51.005+0000] {logging_mixin.py:190} INFO - [2025-07-22T12:34:51.003+0000] {dag.py:3239} INFO - Sync 1 DAGs
[2025-07-22T12:34:51.072+0000] {logging_mixin.py:190} INFO - [2025-07-22T12:34:51.072+0000] {dag.py:4180} INFO - Setting next_dagrun for train_weather_pred to 2025-07-22 00:00:00+00:00, run_after=2025-07-23 00:00:00+00:00
[2025-07-22T12:34:51.120+0000] {processor.py:208} INFO - Processing /opt/airflow/dags/train_weather_pred.py took 6.119 seconds
[2025-07-22T12:35:22.490+0000] {processor.py:186} INFO - Started process (PID=70022) to work on /opt/airflow/dags/train_weather_pred.py
[2025-07-22T12:35:22.494+0000] {processor.py:914} INFO - Processing file /opt/airflow/dags/train_weather_pred.py for tasks to queue
[2025-07-22T12:35:22.499+0000] {logging_mixin.py:190} INFO - [2025-07-22T12:35:22.499+0000] {dagbag.py:588} INFO - Filling up the DagBag from /opt/airflow/dags/train_weather_pred.py
[2025-07-22T12:35:29.666+0000] {processor.py:925} INFO - DAG(s) 'train_weather_pred' retrieved from /opt/airflow/dags/train_weather_pred.py
[2025-07-22T12:35:29.719+0000] {logging_mixin.py:190} INFO - [2025-07-22T12:35:29.718+0000] {dag.py:3239} INFO - Sync 1 DAGs
[2025-07-22T12:35:29.758+0000] {logging_mixin.py:190} INFO - [2025-07-22T12:35:29.758+0000] {dag.py:4180} INFO - Setting next_dagrun for train_weather_pred to 2025-07-22 00:00:00+00:00, run_after=2025-07-23 00:00:00+00:00
[2025-07-22T12:35:29.778+0000] {processor.py:208} INFO - Processing /opt/airflow/dags/train_weather_pred.py took 7.299 seconds
[2025-07-22T12:36:01.622+0000] {processor.py:186} INFO - Started process (PID=70120) to work on /opt/airflow/dags/train_weather_pred.py
[2025-07-22T12:36:01.623+0000] {processor.py:914} INFO - Processing file /opt/airflow/dags/train_weather_pred.py for tasks to queue
[2025-07-22T12:36:01.626+0000] {logging_mixin.py:190} INFO - [2025-07-22T12:36:01.625+0000] {dagbag.py:588} INFO - Filling up the DagBag from /opt/airflow/dags/train_weather_pred.py
[2025-07-22T12:36:04.901+0000] {processor.py:925} INFO - DAG(s) 'train_weather_pred' retrieved from /opt/airflow/dags/train_weather_pred.py
[2025-07-22T12:36:04.924+0000] {logging_mixin.py:190} INFO - [2025-07-22T12:36:04.924+0000] {dag.py:3239} INFO - Sync 1 DAGs
[2025-07-22T12:36:04.942+0000] {logging_mixin.py:190} INFO - [2025-07-22T12:36:04.942+0000] {dag.py:4180} INFO - Setting next_dagrun for train_weather_pred to 2025-07-22 00:00:00+00:00, run_after=2025-07-23 00:00:00+00:00
[2025-07-22T12:36:04.958+0000] {processor.py:208} INFO - Processing /opt/airflow/dags/train_weather_pred.py took 3.343 seconds
[2025-07-22T12:36:36.395+0000] {processor.py:186} INFO - Started process (PID=70218) to work on /opt/airflow/dags/train_weather_pred.py
[2025-07-22T12:36:36.396+0000] {processor.py:914} INFO - Processing file /opt/airflow/dags/train_weather_pred.py for tasks to queue
[2025-07-22T12:36:36.398+0000] {logging_mixin.py:190} INFO - [2025-07-22T12:36:36.397+0000] {dagbag.py:588} INFO - Filling up the DagBag from /opt/airflow/dags/train_weather_pred.py
[2025-07-22T12:36:39.491+0000] {processor.py:925} INFO - DAG(s) 'train_weather_pred' retrieved from /opt/airflow/dags/train_weather_pred.py
[2025-07-22T12:36:39.512+0000] {logging_mixin.py:190} INFO - [2025-07-22T12:36:39.511+0000] {dag.py:3239} INFO - Sync 1 DAGs
[2025-07-22T12:36:39.529+0000] {logging_mixin.py:190} INFO - [2025-07-22T12:36:39.529+0000] {dag.py:4180} INFO - Setting next_dagrun for train_weather_pred to 2025-07-22 00:00:00+00:00, run_after=2025-07-23 00:00:00+00:00
[2025-07-22T12:36:39.544+0000] {processor.py:208} INFO - Processing /opt/airflow/dags/train_weather_pred.py took 3.154 seconds
[2025-07-22T12:37:11.390+0000] {processor.py:186} INFO - Started process (PID=70322) to work on /opt/airflow/dags/train_weather_pred.py
[2025-07-22T12:37:11.391+0000] {processor.py:914} INFO - Processing file /opt/airflow/dags/train_weather_pred.py for tasks to queue
[2025-07-22T12:37:11.394+0000] {logging_mixin.py:190} INFO - [2025-07-22T12:37:11.394+0000] {dagbag.py:588} INFO - Filling up the DagBag from /opt/airflow/dags/train_weather_pred.py
[2025-07-22T12:37:14.627+0000] {processor.py:925} INFO - DAG(s) 'train_weather_pred' retrieved from /opt/airflow/dags/train_weather_pred.py
[2025-07-22T12:37:14.648+0000] {logging_mixin.py:190} INFO - [2025-07-22T12:37:14.648+0000] {dag.py:3239} INFO - Sync 1 DAGs
[2025-07-22T12:37:14.666+0000] {logging_mixin.py:190} INFO - [2025-07-22T12:37:14.665+0000] {dag.py:4180} INFO - Setting next_dagrun for train_weather_pred to 2025-07-22 00:00:00+00:00, run_after=2025-07-23 00:00:00+00:00
[2025-07-22T12:37:14.680+0000] {processor.py:208} INFO - Processing /opt/airflow/dags/train_weather_pred.py took 3.296 seconds
[2025-07-22T12:37:46.611+0000] {processor.py:186} INFO - Started process (PID=70420) to work on /opt/airflow/dags/train_weather_pred.py
[2025-07-22T12:37:46.612+0000] {processor.py:914} INFO - Processing file /opt/airflow/dags/train_weather_pred.py for tasks to queue
[2025-07-22T12:37:46.614+0000] {logging_mixin.py:190} INFO - [2025-07-22T12:37:46.614+0000] {dagbag.py:588} INFO - Filling up the DagBag from /opt/airflow/dags/train_weather_pred.py
[2025-07-22T12:37:49.726+0000] {processor.py:925} INFO - DAG(s) 'train_weather_pred' retrieved from /opt/airflow/dags/train_weather_pred.py
[2025-07-22T12:37:49.746+0000] {logging_mixin.py:190} INFO - [2025-07-22T12:37:49.745+0000] {dag.py:3239} INFO - Sync 1 DAGs
[2025-07-22T12:37:49.764+0000] {logging_mixin.py:190} INFO - [2025-07-22T12:37:49.763+0000] {dag.py:4180} INFO - Setting next_dagrun for train_weather_pred to 2025-07-22 00:00:00+00:00, run_after=2025-07-23 00:00:00+00:00
[2025-07-22T12:37:49.785+0000] {processor.py:208} INFO - Processing /opt/airflow/dags/train_weather_pred.py took 3.178 seconds
[2025-07-22T12:38:21.772+0000] {processor.py:186} INFO - Started process (PID=70518) to work on /opt/airflow/dags/train_weather_pred.py
[2025-07-22T12:38:21.773+0000] {processor.py:914} INFO - Processing file /opt/airflow/dags/train_weather_pred.py for tasks to queue
[2025-07-22T12:38:21.775+0000] {logging_mixin.py:190} INFO - [2025-07-22T12:38:21.774+0000] {dagbag.py:588} INFO - Filling up the DagBag from /opt/airflow/dags/train_weather_pred.py
[2025-07-22T12:38:25.331+0000] {processor.py:925} INFO - DAG(s) 'train_weather_pred' retrieved from /opt/airflow/dags/train_weather_pred.py
[2025-07-22T12:38:25.353+0000] {logging_mixin.py:190} INFO - [2025-07-22T12:38:25.352+0000] {dag.py:3239} INFO - Sync 1 DAGs
[2025-07-22T12:38:25.372+0000] {logging_mixin.py:190} INFO - [2025-07-22T12:38:25.372+0000] {dag.py:4180} INFO - Setting next_dagrun for train_weather_pred to 2025-07-22 00:00:00+00:00, run_after=2025-07-23 00:00:00+00:00
[2025-07-22T12:38:25.389+0000] {processor.py:208} INFO - Processing /opt/airflow/dags/train_weather_pred.py took 3.623 seconds
[2025-07-22T12:38:56.843+0000] {processor.py:186} INFO - Started process (PID=70616) to work on /opt/airflow/dags/train_weather_pred.py
[2025-07-22T12:38:56.844+0000] {processor.py:914} INFO - Processing file /opt/airflow/dags/train_weather_pred.py for tasks to queue
[2025-07-22T12:38:56.846+0000] {logging_mixin.py:190} INFO - [2025-07-22T12:38:56.846+0000] {dagbag.py:588} INFO - Filling up the DagBag from /opt/airflow/dags/train_weather_pred.py
[2025-07-22T12:39:00.392+0000] {processor.py:925} INFO - DAG(s) 'train_weather_pred' retrieved from /opt/airflow/dags/train_weather_pred.py
[2025-07-22T12:39:00.416+0000] {logging_mixin.py:190} INFO - [2025-07-22T12:39:00.415+0000] {dag.py:3239} INFO - Sync 1 DAGs
[2025-07-22T12:39:00.435+0000] {logging_mixin.py:190} INFO - [2025-07-22T12:39:00.435+0000] {dag.py:4180} INFO - Setting next_dagrun for train_weather_pred to 2025-07-22 00:00:00+00:00, run_after=2025-07-23 00:00:00+00:00
[2025-07-22T12:39:00.450+0000] {processor.py:208} INFO - Processing /opt/airflow/dags/train_weather_pred.py took 3.613 seconds
[2025-07-22T12:39:32.463+0000] {processor.py:186} INFO - Started process (PID=70714) to work on /opt/airflow/dags/train_weather_pred.py
[2025-07-22T12:39:32.464+0000] {processor.py:914} INFO - Processing file /opt/airflow/dags/train_weather_pred.py for tasks to queue
[2025-07-22T12:39:32.466+0000] {logging_mixin.py:190} INFO - [2025-07-22T12:39:32.466+0000] {dagbag.py:588} INFO - Filling up the DagBag from /opt/airflow/dags/train_weather_pred.py
[2025-07-22T12:39:35.705+0000] {processor.py:925} INFO - DAG(s) 'train_weather_pred' retrieved from /opt/airflow/dags/train_weather_pred.py
[2025-07-22T12:39:35.726+0000] {logging_mixin.py:190} INFO - [2025-07-22T12:39:35.725+0000] {dag.py:3239} INFO - Sync 1 DAGs
[2025-07-22T12:39:35.745+0000] {logging_mixin.py:190} INFO - [2025-07-22T12:39:35.744+0000] {dag.py:4180} INFO - Setting next_dagrun for train_weather_pred to 2025-07-22 00:00:00+00:00, run_after=2025-07-23 00:00:00+00:00
[2025-07-22T12:39:35.760+0000] {processor.py:208} INFO - Processing /opt/airflow/dags/train_weather_pred.py took 3.303 seconds
[2025-07-22T12:40:07.501+0000] {processor.py:186} INFO - Started process (PID=70812) to work on /opt/airflow/dags/train_weather_pred.py
[2025-07-22T12:40:07.502+0000] {processor.py:914} INFO - Processing file /opt/airflow/dags/train_weather_pred.py for tasks to queue
[2025-07-22T12:40:07.504+0000] {logging_mixin.py:190} INFO - [2025-07-22T12:40:07.504+0000] {dagbag.py:588} INFO - Filling up the DagBag from /opt/airflow/dags/train_weather_pred.py
[2025-07-22T12:40:10.937+0000] {processor.py:925} INFO - DAG(s) 'train_weather_pred' retrieved from /opt/airflow/dags/train_weather_pred.py
[2025-07-22T12:40:10.957+0000] {logging_mixin.py:190} INFO - [2025-07-22T12:40:10.956+0000] {dag.py:3239} INFO - Sync 1 DAGs
[2025-07-22T12:40:10.973+0000] {logging_mixin.py:190} INFO - [2025-07-22T12:40:10.972+0000] {dag.py:4180} INFO - Setting next_dagrun for train_weather_pred to 2025-07-22 00:00:00+00:00, run_after=2025-07-23 00:00:00+00:00
[2025-07-22T12:40:10.987+0000] {processor.py:208} INFO - Processing /opt/airflow/dags/train_weather_pred.py took 3.492 seconds
[2025-07-22T12:40:42.465+0000] {processor.py:186} INFO - Started process (PID=70916) to work on /opt/airflow/dags/train_weather_pred.py
[2025-07-22T12:40:42.467+0000] {processor.py:914} INFO - Processing file /opt/airflow/dags/train_weather_pred.py for tasks to queue
[2025-07-22T12:40:42.470+0000] {logging_mixin.py:190} INFO - [2025-07-22T12:40:42.469+0000] {dagbag.py:588} INFO - Filling up the DagBag from /opt/airflow/dags/train_weather_pred.py
[2025-07-22T12:40:45.734+0000] {processor.py:925} INFO - DAG(s) 'train_weather_pred' retrieved from /opt/airflow/dags/train_weather_pred.py
[2025-07-22T12:40:45.760+0000] {logging_mixin.py:190} INFO - [2025-07-22T12:40:45.759+0000] {dag.py:3239} INFO - Sync 1 DAGs
[2025-07-22T12:40:45.779+0000] {logging_mixin.py:190} INFO - [2025-07-22T12:40:45.778+0000] {dag.py:4180} INFO - Setting next_dagrun for train_weather_pred to 2025-07-22 00:00:00+00:00, run_after=2025-07-23 00:00:00+00:00
[2025-07-22T12:40:45.794+0000] {processor.py:208} INFO - Processing /opt/airflow/dags/train_weather_pred.py took 3.335 seconds
[2025-07-22T12:41:17.749+0000] {processor.py:186} INFO - Started process (PID=71014) to work on /opt/airflow/dags/train_weather_pred.py
[2025-07-22T12:41:17.750+0000] {processor.py:914} INFO - Processing file /opt/airflow/dags/train_weather_pred.py for tasks to queue
[2025-07-22T12:41:17.752+0000] {logging_mixin.py:190} INFO - [2025-07-22T12:41:17.752+0000] {dagbag.py:588} INFO - Filling up the DagBag from /opt/airflow/dags/train_weather_pred.py
[2025-07-22T12:41:21.712+0000] {processor.py:925} INFO - DAG(s) 'train_weather_pred' retrieved from /opt/airflow/dags/train_weather_pred.py
[2025-07-22T12:41:21.737+0000] {logging_mixin.py:190} INFO - [2025-07-22T12:41:21.736+0000] {dag.py:3239} INFO - Sync 1 DAGs
[2025-07-22T12:41:21.758+0000] {logging_mixin.py:190} INFO - [2025-07-22T12:41:21.758+0000] {dag.py:4180} INFO - Setting next_dagrun for train_weather_pred to 2025-07-22 00:00:00+00:00, run_after=2025-07-23 00:00:00+00:00
[2025-07-22T12:41:21.776+0000] {processor.py:208} INFO - Processing /opt/airflow/dags/train_weather_pred.py took 4.034 seconds
[2025-07-22T12:41:52.889+0000] {processor.py:186} INFO - Started process (PID=71112) to work on /opt/airflow/dags/train_weather_pred.py
[2025-07-22T12:41:52.891+0000] {processor.py:914} INFO - Processing file /opt/airflow/dags/train_weather_pred.py for tasks to queue
[2025-07-22T12:41:52.894+0000] {logging_mixin.py:190} INFO - [2025-07-22T12:41:52.893+0000] {dagbag.py:588} INFO - Filling up the DagBag from /opt/airflow/dags/train_weather_pred.py
[2025-07-22T12:41:56.417+0000] {processor.py:925} INFO - DAG(s) 'train_weather_pred' retrieved from /opt/airflow/dags/train_weather_pred.py
[2025-07-22T12:41:56.437+0000] {logging_mixin.py:190} INFO - [2025-07-22T12:41:56.437+0000] {dag.py:3239} INFO - Sync 1 DAGs
[2025-07-22T12:41:56.455+0000] {logging_mixin.py:190} INFO - [2025-07-22T12:41:56.454+0000] {dag.py:4180} INFO - Setting next_dagrun for train_weather_pred to 2025-07-22 00:00:00+00:00, run_after=2025-07-23 00:00:00+00:00
[2025-07-22T12:41:56.469+0000] {processor.py:208} INFO - Processing /opt/airflow/dags/train_weather_pred.py took 3.588 seconds
[2025-07-22T12:42:27.768+0000] {processor.py:186} INFO - Started process (PID=71210) to work on /opt/airflow/dags/train_weather_pred.py
[2025-07-22T12:42:27.769+0000] {processor.py:914} INFO - Processing file /opt/airflow/dags/train_weather_pred.py for tasks to queue
[2025-07-22T12:42:27.772+0000] {logging_mixin.py:190} INFO - [2025-07-22T12:42:27.772+0000] {dagbag.py:588} INFO - Filling up the DagBag from /opt/airflow/dags/train_weather_pred.py
[2025-07-22T12:42:33.524+0000] {processor.py:925} INFO - DAG(s) 'train_weather_pred' retrieved from /opt/airflow/dags/train_weather_pred.py
[2025-07-22T12:42:33.686+0000] {logging_mixin.py:190} INFO - [2025-07-22T12:42:33.684+0000] {dag.py:3239} INFO - Sync 1 DAGs
[2025-07-22T12:42:33.788+0000] {logging_mixin.py:190} INFO - [2025-07-22T12:42:33.788+0000] {dag.py:4180} INFO - Setting next_dagrun for train_weather_pred to 2025-07-22 00:00:00+00:00, run_after=2025-07-23 00:00:00+00:00
[2025-07-22T12:42:33.826+0000] {processor.py:208} INFO - Processing /opt/airflow/dags/train_weather_pred.py took 6.066 seconds
[2025-07-22T12:43:04.678+0000] {processor.py:186} INFO - Started process (PID=71308) to work on /opt/airflow/dags/train_weather_pred.py
[2025-07-22T12:43:04.679+0000] {processor.py:914} INFO - Processing file /opt/airflow/dags/train_weather_pred.py for tasks to queue
[2025-07-22T12:43:04.682+0000] {logging_mixin.py:190} INFO - [2025-07-22T12:43:04.681+0000] {dagbag.py:588} INFO - Filling up the DagBag from /opt/airflow/dags/train_weather_pred.py
[2025-07-22T12:43:08.070+0000] {processor.py:925} INFO - DAG(s) 'train_weather_pred' retrieved from /opt/airflow/dags/train_weather_pred.py
[2025-07-22T12:43:08.092+0000] {logging_mixin.py:190} INFO - [2025-07-22T12:43:08.091+0000] {dag.py:3239} INFO - Sync 1 DAGs
[2025-07-22T12:43:08.110+0000] {logging_mixin.py:190} INFO - [2025-07-22T12:43:08.110+0000] {dag.py:4180} INFO - Setting next_dagrun for train_weather_pred to 2025-07-22 00:00:00+00:00, run_after=2025-07-23 00:00:00+00:00
[2025-07-22T12:43:08.125+0000] {processor.py:208} INFO - Processing /opt/airflow/dags/train_weather_pred.py took 3.452 seconds
[2025-07-22T12:43:39.337+0000] {processor.py:186} INFO - Started process (PID=71412) to work on /opt/airflow/dags/train_weather_pred.py
[2025-07-22T12:43:39.339+0000] {processor.py:914} INFO - Processing file /opt/airflow/dags/train_weather_pred.py for tasks to queue
[2025-07-22T12:43:39.341+0000] {logging_mixin.py:190} INFO - [2025-07-22T12:43:39.340+0000] {dagbag.py:588} INFO - Filling up the DagBag from /opt/airflow/dags/train_weather_pred.py
[2025-07-22T12:43:42.731+0000] {processor.py:925} INFO - DAG(s) 'train_weather_pred' retrieved from /opt/airflow/dags/train_weather_pred.py
[2025-07-22T12:43:42.751+0000] {logging_mixin.py:190} INFO - [2025-07-22T12:43:42.751+0000] {dag.py:3239} INFO - Sync 1 DAGs
[2025-07-22T12:43:42.768+0000] {logging_mixin.py:190} INFO - [2025-07-22T12:43:42.767+0000] {dag.py:4180} INFO - Setting next_dagrun for train_weather_pred to 2025-07-22 00:00:00+00:00, run_after=2025-07-23 00:00:00+00:00
[2025-07-22T12:43:42.781+0000] {processor.py:208} INFO - Processing /opt/airflow/dags/train_weather_pred.py took 3.450 seconds
[2025-07-22T12:44:13.986+0000] {processor.py:186} INFO - Started process (PID=71510) to work on /opt/airflow/dags/train_weather_pred.py
[2025-07-22T12:44:13.987+0000] {processor.py:914} INFO - Processing file /opt/airflow/dags/train_weather_pred.py for tasks to queue
[2025-07-22T12:44:13.989+0000] {logging_mixin.py:190} INFO - [2025-07-22T12:44:13.989+0000] {dagbag.py:588} INFO - Filling up the DagBag from /opt/airflow/dags/train_weather_pred.py
[2025-07-22T12:44:17.196+0000] {processor.py:925} INFO - DAG(s) 'train_weather_pred' retrieved from /opt/airflow/dags/train_weather_pred.py
[2025-07-22T12:44:17.217+0000] {logging_mixin.py:190} INFO - [2025-07-22T12:44:17.216+0000] {dag.py:3239} INFO - Sync 1 DAGs
[2025-07-22T12:44:17.233+0000] {logging_mixin.py:190} INFO - [2025-07-22T12:44:17.233+0000] {dag.py:4180} INFO - Setting next_dagrun for train_weather_pred to 2025-07-22 00:00:00+00:00, run_after=2025-07-23 00:00:00+00:00
[2025-07-22T12:44:17.248+0000] {processor.py:208} INFO - Processing /opt/airflow/dags/train_weather_pred.py took 3.269 seconds
[2025-07-22T12:44:48.389+0000] {processor.py:186} INFO - Started process (PID=71608) to work on /opt/airflow/dags/train_weather_pred.py
[2025-07-22T12:44:48.390+0000] {processor.py:914} INFO - Processing file /opt/airflow/dags/train_weather_pred.py for tasks to queue
[2025-07-22T12:44:48.392+0000] {logging_mixin.py:190} INFO - [2025-07-22T12:44:48.392+0000] {dagbag.py:588} INFO - Filling up the DagBag from /opt/airflow/dags/train_weather_pred.py
[2025-07-22T12:44:51.700+0000] {processor.py:925} INFO - DAG(s) 'train_weather_pred' retrieved from /opt/airflow/dags/train_weather_pred.py
[2025-07-22T12:44:51.727+0000] {logging_mixin.py:190} INFO - [2025-07-22T12:44:51.726+0000] {dag.py:3239} INFO - Sync 1 DAGs
[2025-07-22T12:44:51.752+0000] {logging_mixin.py:190} INFO - [2025-07-22T12:44:51.751+0000] {dag.py:4180} INFO - Setting next_dagrun for train_weather_pred to 2025-07-22 00:00:00+00:00, run_after=2025-07-23 00:00:00+00:00
[2025-07-22T12:44:51.772+0000] {processor.py:208} INFO - Processing /opt/airflow/dags/train_weather_pred.py took 3.390 seconds
[2025-07-22T12:45:22.844+0000] {processor.py:186} INFO - Started process (PID=71706) to work on /opt/airflow/dags/train_weather_pred.py
[2025-07-22T12:45:22.845+0000] {processor.py:914} INFO - Processing file /opt/airflow/dags/train_weather_pred.py for tasks to queue
[2025-07-22T12:45:22.847+0000] {logging_mixin.py:190} INFO - [2025-07-22T12:45:22.847+0000] {dagbag.py:588} INFO - Filling up the DagBag from /opt/airflow/dags/train_weather_pred.py
[2025-07-22T12:45:26.098+0000] {processor.py:925} INFO - DAG(s) 'train_weather_pred' retrieved from /opt/airflow/dags/train_weather_pred.py
[2025-07-22T12:45:26.119+0000] {logging_mixin.py:190} INFO - [2025-07-22T12:45:26.118+0000] {dag.py:3239} INFO - Sync 1 DAGs
[2025-07-22T12:45:26.137+0000] {logging_mixin.py:190} INFO - [2025-07-22T12:45:26.137+0000] {dag.py:4180} INFO - Setting next_dagrun for train_weather_pred to 2025-07-22 00:00:00+00:00, run_after=2025-07-23 00:00:00+00:00
[2025-07-22T12:45:26.151+0000] {processor.py:208} INFO - Processing /opt/airflow/dags/train_weather_pred.py took 3.313 seconds
[2025-07-22T12:45:58.032+0000] {processor.py:186} INFO - Started process (PID=71804) to work on /opt/airflow/dags/train_weather_pred.py
[2025-07-22T12:45:58.033+0000] {processor.py:914} INFO - Processing file /opt/airflow/dags/train_weather_pred.py for tasks to queue
[2025-07-22T12:45:58.035+0000] {logging_mixin.py:190} INFO - [2025-07-22T12:45:58.035+0000] {dagbag.py:588} INFO - Filling up the DagBag from /opt/airflow/dags/train_weather_pred.py
[2025-07-22T12:46:01.634+0000] {processor.py:925} INFO - DAG(s) 'train_weather_pred' retrieved from /opt/airflow/dags/train_weather_pred.py
[2025-07-22T12:46:01.659+0000] {logging_mixin.py:190} INFO - [2025-07-22T12:46:01.658+0000] {dag.py:3239} INFO - Sync 1 DAGs
[2025-07-22T12:46:01.683+0000] {logging_mixin.py:190} INFO - [2025-07-22T12:46:01.682+0000] {dag.py:4180} INFO - Setting next_dagrun for train_weather_pred to 2025-07-22 00:00:00+00:00, run_after=2025-07-23 00:00:00+00:00
[2025-07-22T12:46:01.705+0000] {processor.py:208} INFO - Processing /opt/airflow/dags/train_weather_pred.py took 3.679 seconds
[2025-07-22T12:46:33.096+0000] {processor.py:186} INFO - Started process (PID=72464) to work on /opt/airflow/dags/train_weather_pred.py
[2025-07-22T12:46:33.098+0000] {processor.py:914} INFO - Processing file /opt/airflow/dags/train_weather_pred.py for tasks to queue
[2025-07-22T12:46:33.100+0000] {logging_mixin.py:190} INFO - [2025-07-22T12:46:33.100+0000] {dagbag.py:588} INFO - Filling up the DagBag from /opt/airflow/dags/train_weather_pred.py
[2025-07-22T12:46:36.479+0000] {processor.py:925} INFO - DAG(s) 'train_weather_pred' retrieved from /opt/airflow/dags/train_weather_pred.py
[2025-07-22T12:46:36.501+0000] {logging_mixin.py:190} INFO - [2025-07-22T12:46:36.500+0000] {dag.py:3239} INFO - Sync 1 DAGs
[2025-07-22T12:46:36.519+0000] {logging_mixin.py:190} INFO - [2025-07-22T12:46:36.519+0000] {dag.py:4180} INFO - Setting next_dagrun for train_weather_pred to 2025-07-22 00:00:00+00:00, run_after=2025-07-23 00:00:00+00:00
[2025-07-22T12:46:36.532+0000] {processor.py:208} INFO - Processing /opt/airflow/dags/train_weather_pred.py took 3.442 seconds
[2025-07-22T12:47:08.228+0000] {processor.py:186} INFO - Started process (PID=72562) to work on /opt/airflow/dags/train_weather_pred.py
[2025-07-22T12:47:08.229+0000] {processor.py:914} INFO - Processing file /opt/airflow/dags/train_weather_pred.py for tasks to queue
[2025-07-22T12:47:08.231+0000] {logging_mixin.py:190} INFO - [2025-07-22T12:47:08.231+0000] {dagbag.py:588} INFO - Filling up the DagBag from /opt/airflow/dags/train_weather_pred.py
[2025-07-22T12:47:11.472+0000] {processor.py:925} INFO - DAG(s) 'train_weather_pred' retrieved from /opt/airflow/dags/train_weather_pred.py
[2025-07-22T12:47:11.495+0000] {logging_mixin.py:190} INFO - [2025-07-22T12:47:11.494+0000] {dag.py:3239} INFO - Sync 1 DAGs
[2025-07-22T12:47:11.514+0000] {logging_mixin.py:190} INFO - [2025-07-22T12:47:11.514+0000] {dag.py:4180} INFO - Setting next_dagrun for train_weather_pred to 2025-07-22 00:00:00+00:00, run_after=2025-07-23 00:00:00+00:00
[2025-07-22T12:47:11.529+0000] {processor.py:208} INFO - Processing /opt/airflow/dags/train_weather_pred.py took 3.306 seconds
[2025-07-22T12:47:43.039+0000] {processor.py:186} INFO - Started process (PID=72666) to work on /opt/airflow/dags/train_weather_pred.py
[2025-07-22T12:47:43.040+0000] {processor.py:914} INFO - Processing file /opt/airflow/dags/train_weather_pred.py for tasks to queue
[2025-07-22T12:47:43.043+0000] {logging_mixin.py:190} INFO - [2025-07-22T12:47:43.042+0000] {dagbag.py:588} INFO - Filling up the DagBag from /opt/airflow/dags/train_weather_pred.py
[2025-07-22T12:47:46.220+0000] {processor.py:925} INFO - DAG(s) 'train_weather_pred' retrieved from /opt/airflow/dags/train_weather_pred.py
[2025-07-22T12:47:46.245+0000] {logging_mixin.py:190} INFO - [2025-07-22T12:47:46.244+0000] {dag.py:3239} INFO - Sync 1 DAGs
[2025-07-22T12:47:46.264+0000] {logging_mixin.py:190} INFO - [2025-07-22T12:47:46.264+0000] {dag.py:4180} INFO - Setting next_dagrun for train_weather_pred to 2025-07-22 00:00:00+00:00, run_after=2025-07-23 00:00:00+00:00
[2025-07-22T12:47:46.281+0000] {processor.py:208} INFO - Processing /opt/airflow/dags/train_weather_pred.py took 3.248 seconds
[2025-07-22T12:48:17.331+0000] {processor.py:186} INFO - Started process (PID=72764) to work on /opt/airflow/dags/train_weather_pred.py
[2025-07-22T12:48:17.332+0000] {processor.py:914} INFO - Processing file /opt/airflow/dags/train_weather_pred.py for tasks to queue
[2025-07-22T12:48:17.334+0000] {logging_mixin.py:190} INFO - [2025-07-22T12:48:17.333+0000] {dagbag.py:588} INFO - Filling up the DagBag from /opt/airflow/dags/train_weather_pred.py
[2025-07-22T12:48:20.671+0000] {processor.py:925} INFO - DAG(s) 'train_weather_pred' retrieved from /opt/airflow/dags/train_weather_pred.py
[2025-07-22T12:48:20.689+0000] {logging_mixin.py:190} INFO - [2025-07-22T12:48:20.689+0000] {dag.py:3239} INFO - Sync 1 DAGs
[2025-07-22T12:48:20.704+0000] {logging_mixin.py:190} INFO - [2025-07-22T12:48:20.704+0000] {dag.py:4180} INFO - Setting next_dagrun for train_weather_pred to 2025-07-22 00:00:00+00:00, run_after=2025-07-23 00:00:00+00:00
[2025-07-22T12:48:20.718+0000] {processor.py:208} INFO - Processing /opt/airflow/dags/train_weather_pred.py took 3.393 seconds
[2025-07-22T12:48:52.699+0000] {processor.py:186} INFO - Started process (PID=72862) to work on /opt/airflow/dags/train_weather_pred.py
[2025-07-22T12:48:52.701+0000] {processor.py:914} INFO - Processing file /opt/airflow/dags/train_weather_pred.py for tasks to queue
[2025-07-22T12:48:52.703+0000] {logging_mixin.py:190} INFO - [2025-07-22T12:48:52.703+0000] {dagbag.py:588} INFO - Filling up the DagBag from /opt/airflow/dags/train_weather_pred.py
[2025-07-22T12:48:55.834+0000] {processor.py:925} INFO - DAG(s) 'train_weather_pred' retrieved from /opt/airflow/dags/train_weather_pred.py
[2025-07-22T12:48:55.855+0000] {logging_mixin.py:190} INFO - [2025-07-22T12:48:55.854+0000] {dag.py:3239} INFO - Sync 1 DAGs
[2025-07-22T12:48:55.871+0000] {logging_mixin.py:190} INFO - [2025-07-22T12:48:55.871+0000] {dag.py:4180} INFO - Setting next_dagrun for train_weather_pred to 2025-07-22 00:00:00+00:00, run_after=2025-07-23 00:00:00+00:00
[2025-07-22T12:48:55.885+0000] {processor.py:208} INFO - Processing /opt/airflow/dags/train_weather_pred.py took 3.193 seconds
[2025-07-22T12:49:27.061+0000] {processor.py:186} INFO - Started process (PID=72960) to work on /opt/airflow/dags/train_weather_pred.py
[2025-07-22T12:49:27.062+0000] {processor.py:914} INFO - Processing file /opt/airflow/dags/train_weather_pred.py for tasks to queue
[2025-07-22T12:49:27.064+0000] {logging_mixin.py:190} INFO - [2025-07-22T12:49:27.064+0000] {dagbag.py:588} INFO - Filling up the DagBag from /opt/airflow/dags/train_weather_pred.py
[2025-07-22T12:49:30.433+0000] {processor.py:925} INFO - DAG(s) 'train_weather_pred' retrieved from /opt/airflow/dags/train_weather_pred.py
[2025-07-22T12:49:30.459+0000] {logging_mixin.py:190} INFO - [2025-07-22T12:49:30.459+0000] {dag.py:3239} INFO - Sync 1 DAGs
[2025-07-22T12:49:30.479+0000] {logging_mixin.py:190} INFO - [2025-07-22T12:49:30.479+0000] {dag.py:4180} INFO - Setting next_dagrun for train_weather_pred to 2025-07-22 00:00:00+00:00, run_after=2025-07-23 00:00:00+00:00
[2025-07-22T12:49:30.496+0000] {processor.py:208} INFO - Processing /opt/airflow/dags/train_weather_pred.py took 3.440 seconds
[2025-07-22T12:50:01.770+0000] {processor.py:186} INFO - Started process (PID=73058) to work on /opt/airflow/dags/train_weather_pred.py
[2025-07-22T12:50:01.771+0000] {processor.py:914} INFO - Processing file /opt/airflow/dags/train_weather_pred.py for tasks to queue
[2025-07-22T12:50:01.774+0000] {logging_mixin.py:190} INFO - [2025-07-22T12:50:01.773+0000] {dagbag.py:588} INFO - Filling up the DagBag from /opt/airflow/dags/train_weather_pred.py
[2025-07-22T12:50:05.125+0000] {processor.py:925} INFO - DAG(s) 'train_weather_pred' retrieved from /opt/airflow/dags/train_weather_pred.py
[2025-07-22T12:50:05.147+0000] {logging_mixin.py:190} INFO - [2025-07-22T12:50:05.147+0000] {dag.py:3239} INFO - Sync 1 DAGs
[2025-07-22T12:50:05.165+0000] {logging_mixin.py:190} INFO - [2025-07-22T12:50:05.165+0000] {dag.py:4180} INFO - Setting next_dagrun for train_weather_pred to 2025-07-22 00:00:00+00:00, run_after=2025-07-23 00:00:00+00:00
[2025-07-22T12:50:05.178+0000] {processor.py:208} INFO - Processing /opt/airflow/dags/train_weather_pred.py took 3.414 seconds
[2025-07-22T12:50:36.543+0000] {processor.py:186} INFO - Started process (PID=73156) to work on /opt/airflow/dags/train_weather_pred.py
[2025-07-22T12:50:36.544+0000] {processor.py:914} INFO - Processing file /opt/airflow/dags/train_weather_pred.py for tasks to queue
[2025-07-22T12:50:36.546+0000] {logging_mixin.py:190} INFO - [2025-07-22T12:50:36.546+0000] {dagbag.py:588} INFO - Filling up the DagBag from /opt/airflow/dags/train_weather_pred.py
[2025-07-22T12:50:39.912+0000] {processor.py:925} INFO - DAG(s) 'train_weather_pred' retrieved from /opt/airflow/dags/train_weather_pred.py
[2025-07-22T12:50:39.934+0000] {logging_mixin.py:190} INFO - [2025-07-22T12:50:39.933+0000] {dag.py:3239} INFO - Sync 1 DAGs
[2025-07-22T12:50:39.952+0000] {logging_mixin.py:190} INFO - [2025-07-22T12:50:39.952+0000] {dag.py:4180} INFO - Setting next_dagrun for train_weather_pred to 2025-07-22 00:00:00+00:00, run_after=2025-07-23 00:00:00+00:00
[2025-07-22T12:50:39.967+0000] {processor.py:208} INFO - Processing /opt/airflow/dags/train_weather_pred.py took 3.429 seconds
[2025-07-22T12:51:11.725+0000] {processor.py:186} INFO - Started process (PID=73260) to work on /opt/airflow/dags/train_weather_pred.py
[2025-07-22T12:51:11.726+0000] {processor.py:914} INFO - Processing file /opt/airflow/dags/train_weather_pred.py for tasks to queue
[2025-07-22T12:51:11.728+0000] {logging_mixin.py:190} INFO - [2025-07-22T12:51:11.728+0000] {dagbag.py:588} INFO - Filling up the DagBag from /opt/airflow/dags/train_weather_pred.py
[2025-07-22T12:51:15.074+0000] {processor.py:925} INFO - DAG(s) 'train_weather_pred' retrieved from /opt/airflow/dags/train_weather_pred.py
[2025-07-22T12:51:15.096+0000] {logging_mixin.py:190} INFO - [2025-07-22T12:51:15.095+0000] {dag.py:3239} INFO - Sync 1 DAGs
[2025-07-22T12:51:15.115+0000] {logging_mixin.py:190} INFO - [2025-07-22T12:51:15.115+0000] {dag.py:4180} INFO - Setting next_dagrun for train_weather_pred to 2025-07-22 00:00:00+00:00, run_after=2025-07-23 00:00:00+00:00
[2025-07-22T12:51:15.130+0000] {processor.py:208} INFO - Processing /opt/airflow/dags/train_weather_pred.py took 3.410 seconds
[2025-07-22T12:51:46.442+0000] {processor.py:186} INFO - Started process (PID=73358) to work on /opt/airflow/dags/train_weather_pred.py
[2025-07-22T12:51:46.444+0000] {processor.py:914} INFO - Processing file /opt/airflow/dags/train_weather_pred.py for tasks to queue
[2025-07-22T12:51:46.449+0000] {logging_mixin.py:190} INFO - [2025-07-22T12:51:46.448+0000] {dagbag.py:588} INFO - Filling up the DagBag from /opt/airflow/dags/train_weather_pred.py
[2025-07-22T12:51:51.302+0000] {processor.py:925} INFO - DAG(s) 'train_weather_pred' retrieved from /opt/airflow/dags/train_weather_pred.py
[2025-07-22T12:51:51.329+0000] {logging_mixin.py:190} INFO - [2025-07-22T12:51:51.327+0000] {dag.py:3239} INFO - Sync 1 DAGs
[2025-07-22T12:51:51.355+0000] {logging_mixin.py:190} INFO - [2025-07-22T12:51:51.355+0000] {dag.py:4180} INFO - Setting next_dagrun for train_weather_pred to 2025-07-22 00:00:00+00:00, run_after=2025-07-23 00:00:00+00:00
[2025-07-22T12:51:51.377+0000] {processor.py:208} INFO - Processing /opt/airflow/dags/train_weather_pred.py took 4.949 seconds
[2025-07-22T12:52:22.524+0000] {processor.py:186} INFO - Started process (PID=73456) to work on /opt/airflow/dags/train_weather_pred.py
[2025-07-22T12:52:22.525+0000] {processor.py:914} INFO - Processing file /opt/airflow/dags/train_weather_pred.py for tasks to queue
[2025-07-22T12:52:22.528+0000] {logging_mixin.py:190} INFO - [2025-07-22T12:52:22.528+0000] {dagbag.py:588} INFO - Filling up the DagBag from /opt/airflow/dags/train_weather_pred.py
[2025-07-22T12:52:25.671+0000] {processor.py:925} INFO - DAG(s) 'train_weather_pred' retrieved from /opt/airflow/dags/train_weather_pred.py
[2025-07-22T12:52:25.693+0000] {logging_mixin.py:190} INFO - [2025-07-22T12:52:25.692+0000] {dag.py:3239} INFO - Sync 1 DAGs
[2025-07-22T12:52:25.710+0000] {logging_mixin.py:190} INFO - [2025-07-22T12:52:25.710+0000] {dag.py:4180} INFO - Setting next_dagrun for train_weather_pred to 2025-07-22 00:00:00+00:00, run_after=2025-07-23 00:00:00+00:00
[2025-07-22T12:52:25.725+0000] {processor.py:208} INFO - Processing /opt/airflow/dags/train_weather_pred.py took 3.207 seconds
[2025-07-22T12:52:56.846+0000] {processor.py:186} INFO - Started process (PID=73554) to work on /opt/airflow/dags/train_weather_pred.py
[2025-07-22T12:52:56.847+0000] {processor.py:914} INFO - Processing file /opt/airflow/dags/train_weather_pred.py for tasks to queue
[2025-07-22T12:52:56.850+0000] {logging_mixin.py:190} INFO - [2025-07-22T12:52:56.849+0000] {dagbag.py:588} INFO - Filling up the DagBag from /opt/airflow/dags/train_weather_pred.py
[2025-07-22T12:53:00.635+0000] {processor.py:925} INFO - DAG(s) 'train_weather_pred' retrieved from /opt/airflow/dags/train_weather_pred.py
[2025-07-22T12:53:00.657+0000] {logging_mixin.py:190} INFO - [2025-07-22T12:53:00.656+0000] {dag.py:3239} INFO - Sync 1 DAGs
[2025-07-22T12:53:00.673+0000] {logging_mixin.py:190} INFO - [2025-07-22T12:53:00.673+0000] {dag.py:4180} INFO - Setting next_dagrun for train_weather_pred to 2025-07-22 00:00:00+00:00, run_after=2025-07-23 00:00:00+00:00
[2025-07-22T12:53:00.688+0000] {processor.py:208} INFO - Processing /opt/airflow/dags/train_weather_pred.py took 3.848 seconds
[2025-07-22T12:53:31.766+0000] {processor.py:186} INFO - Started process (PID=73652) to work on /opt/airflow/dags/train_weather_pred.py
[2025-07-22T12:53:31.767+0000] {processor.py:914} INFO - Processing file /opt/airflow/dags/train_weather_pred.py for tasks to queue
[2025-07-22T12:53:31.770+0000] {logging_mixin.py:190} INFO - [2025-07-22T12:53:31.769+0000] {dagbag.py:588} INFO - Filling up the DagBag from /opt/airflow/dags/train_weather_pred.py
[2025-07-22T12:53:35.022+0000] {processor.py:925} INFO - DAG(s) 'train_weather_pred' retrieved from /opt/airflow/dags/train_weather_pred.py
[2025-07-22T12:53:35.043+0000] {logging_mixin.py:190} INFO - [2025-07-22T12:53:35.042+0000] {dag.py:3239} INFO - Sync 1 DAGs
[2025-07-22T12:53:35.060+0000] {logging_mixin.py:190} INFO - [2025-07-22T12:53:35.060+0000] {dag.py:4180} INFO - Setting next_dagrun for train_weather_pred to 2025-07-22 00:00:00+00:00, run_after=2025-07-23 00:00:00+00:00
[2025-07-22T12:53:35.074+0000] {processor.py:208} INFO - Processing /opt/airflow/dags/train_weather_pred.py took 3.314 seconds
[2025-07-22T12:54:06.792+0000] {processor.py:186} INFO - Started process (PID=73750) to work on /opt/airflow/dags/train_weather_pred.py
[2025-07-22T12:54:06.793+0000] {processor.py:914} INFO - Processing file /opt/airflow/dags/train_weather_pred.py for tasks to queue
[2025-07-22T12:54:06.796+0000] {logging_mixin.py:190} INFO - [2025-07-22T12:54:06.795+0000] {dagbag.py:588} INFO - Filling up the DagBag from /opt/airflow/dags/train_weather_pred.py
[2025-07-22T12:54:10.121+0000] {processor.py:925} INFO - DAG(s) 'train_weather_pred' retrieved from /opt/airflow/dags/train_weather_pred.py
[2025-07-22T12:54:10.142+0000] {logging_mixin.py:190} INFO - [2025-07-22T12:54:10.141+0000] {dag.py:3239} INFO - Sync 1 DAGs
[2025-07-22T12:54:10.159+0000] {logging_mixin.py:190} INFO - [2025-07-22T12:54:10.158+0000] {dag.py:4180} INFO - Setting next_dagrun for train_weather_pred to 2025-07-22 00:00:00+00:00, run_after=2025-07-23 00:00:00+00:00
[2025-07-22T12:54:10.172+0000] {processor.py:208} INFO - Processing /opt/airflow/dags/train_weather_pred.py took 3.386 seconds
[2025-07-22T12:54:41.898+0000] {processor.py:186} INFO - Started process (PID=73854) to work on /opt/airflow/dags/train_weather_pred.py
[2025-07-22T12:54:41.899+0000] {processor.py:914} INFO - Processing file /opt/airflow/dags/train_weather_pred.py for tasks to queue
[2025-07-22T12:54:41.902+0000] {logging_mixin.py:190} INFO - [2025-07-22T12:54:41.902+0000] {dagbag.py:588} INFO - Filling up the DagBag from /opt/airflow/dags/train_weather_pred.py
[2025-07-22T12:54:45.296+0000] {processor.py:925} INFO - DAG(s) 'train_weather_pred' retrieved from /opt/airflow/dags/train_weather_pred.py
[2025-07-22T12:54:45.319+0000] {logging_mixin.py:190} INFO - [2025-07-22T12:54:45.318+0000] {dag.py:3239} INFO - Sync 1 DAGs
[2025-07-22T12:54:45.339+0000] {logging_mixin.py:190} INFO - [2025-07-22T12:54:45.338+0000] {dag.py:4180} INFO - Setting next_dagrun for train_weather_pred to 2025-07-22 00:00:00+00:00, run_after=2025-07-23 00:00:00+00:00
[2025-07-22T12:54:45.355+0000] {processor.py:208} INFO - Processing /opt/airflow/dags/train_weather_pred.py took 3.465 seconds
[2025-07-22T12:55:17.118+0000] {processor.py:186} INFO - Started process (PID=73952) to work on /opt/airflow/dags/train_weather_pred.py
[2025-07-22T12:55:17.119+0000] {processor.py:914} INFO - Processing file /opt/airflow/dags/train_weather_pred.py for tasks to queue
[2025-07-22T12:55:17.121+0000] {logging_mixin.py:190} INFO - [2025-07-22T12:55:17.121+0000] {dagbag.py:588} INFO - Filling up the DagBag from /opt/airflow/dags/train_weather_pred.py
[2025-07-22T12:55:20.408+0000] {processor.py:925} INFO - DAG(s) 'train_weather_pred' retrieved from /opt/airflow/dags/train_weather_pred.py
[2025-07-22T12:55:20.429+0000] {logging_mixin.py:190} INFO - [2025-07-22T12:55:20.429+0000] {dag.py:3239} INFO - Sync 1 DAGs
[2025-07-22T12:55:20.446+0000] {logging_mixin.py:190} INFO - [2025-07-22T12:55:20.445+0000] {dag.py:4180} INFO - Setting next_dagrun for train_weather_pred to 2025-07-22 00:00:00+00:00, run_after=2025-07-23 00:00:00+00:00
[2025-07-22T12:55:20.468+0000] {processor.py:208} INFO - Processing /opt/airflow/dags/train_weather_pred.py took 3.355 seconds
