[2025-07-22T04:14:47.630+0000] {processor.py:186} INFO - Started process (PID=521) to work on /opt/airflow/dags/train_power_pred.py
[2025-07-22T04:14:47.631+0000] {processor.py:914} INFO - Processing file /opt/airflow/dags/train_power_pred.py for tasks to queue
[2025-07-22T04:14:47.634+0000] {logging_mixin.py:190} INFO - [2025-07-22T04:14:47.634+0000] {dagbag.py:588} INFO - Filling up the DagBag from /opt/airflow/dags/train_power_pred.py
[2025-07-22T04:14:52.903+0000] {processor.py:925} INFO - DAG(s) 'train_power_pred' retrieved from /opt/airflow/dags/train_power_pred.py
[2025-07-22T04:14:52.938+0000] {logging_mixin.py:190} INFO - [2025-07-22T04:14:52.937+0000] {dag.py:3239} INFO - Sync 1 DAGs
[2025-07-22T04:14:52.971+0000] {logging_mixin.py:190} INFO - [2025-07-22T04:14:52.970+0000] {dag.py:4180} INFO - Setting next_dagrun for train_power_pred to 2025-07-22 00:00:00+00:00, run_after=2025-07-23 00:00:00+00:00
[2025-07-22T04:14:53.000+0000] {processor.py:208} INFO - Processing /opt/airflow/dags/train_power_pred.py took 5.379 seconds
[2025-07-22T04:15:24.259+0000] {processor.py:186} INFO - Started process (PID=7990) to work on /opt/airflow/dags/train_power_pred.py
[2025-07-22T04:15:24.260+0000] {processor.py:914} INFO - Processing file /opt/airflow/dags/train_power_pred.py for tasks to queue
[2025-07-22T04:15:24.263+0000] {logging_mixin.py:190} INFO - [2025-07-22T04:15:24.263+0000] {dagbag.py:588} INFO - Filling up the DagBag from /opt/airflow/dags/train_power_pred.py
[2025-07-22T04:15:27.668+0000] {processor.py:925} INFO - DAG(s) 'train_power_pred' retrieved from /opt/airflow/dags/train_power_pred.py
[2025-07-22T04:15:27.690+0000] {logging_mixin.py:190} INFO - [2025-07-22T04:15:27.690+0000] {dag.py:3239} INFO - Sync 1 DAGs
[2025-07-22T04:15:27.708+0000] {logging_mixin.py:190} INFO - [2025-07-22T04:15:27.708+0000] {dag.py:4180} INFO - Setting next_dagrun for train_power_pred to 2025-07-22 00:00:00+00:00, run_after=2025-07-23 00:00:00+00:00
[2025-07-22T04:15:27.725+0000] {processor.py:208} INFO - Processing /opt/airflow/dags/train_power_pred.py took 3.473 seconds
[2025-07-22T04:15:59.350+0000] {processor.py:186} INFO - Started process (PID=8087) to work on /opt/airflow/dags/train_power_pred.py
[2025-07-22T04:15:59.436+0000] {processor.py:914} INFO - Processing file /opt/airflow/dags/train_power_pred.py for tasks to queue
[2025-07-22T04:15:59.438+0000] {logging_mixin.py:190} INFO - [2025-07-22T04:15:59.438+0000] {dagbag.py:588} INFO - Filling up the DagBag from /opt/airflow/dags/train_power_pred.py
[2025-07-22T04:16:03.080+0000] {processor.py:925} INFO - DAG(s) 'train_power_pred' retrieved from /opt/airflow/dags/train_power_pred.py
[2025-07-22T04:16:10.364+0000] {logging_mixin.py:190} INFO - [2025-07-22T04:16:10.363+0000] {dag.py:3239} INFO - Sync 1 DAGs
[2025-07-22T04:16:10.599+0000] {logging_mixin.py:190} INFO - [2025-07-22T04:16:10.599+0000] {dag.py:4180} INFO - Setting next_dagrun for train_power_pred to 2025-07-22 00:00:00+00:00, run_after=2025-07-23 00:00:00+00:00
[2025-07-22T04:16:10.785+0000] {processor.py:208} INFO - Processing /opt/airflow/dags/train_power_pred.py took 11.440 seconds
[2025-07-22T04:16:41.541+0000] {processor.py:186} INFO - Started process (PID=8191) to work on /opt/airflow/dags/train_power_pred.py
[2025-07-22T04:16:41.542+0000] {processor.py:914} INFO - Processing file /opt/airflow/dags/train_power_pred.py for tasks to queue
[2025-07-22T04:16:41.543+0000] {logging_mixin.py:190} INFO - [2025-07-22T04:16:41.543+0000] {dagbag.py:588} INFO - Filling up the DagBag from /opt/airflow/dags/train_power_pred.py
[2025-07-22T04:16:45.266+0000] {processor.py:925} INFO - DAG(s) 'train_power_pred' retrieved from /opt/airflow/dags/train_power_pred.py
[2025-07-22T04:16:45.344+0000] {logging_mixin.py:190} INFO - [2025-07-22T04:16:45.344+0000] {dag.py:3239} INFO - Sync 1 DAGs
[2025-07-22T04:16:45.397+0000] {logging_mixin.py:190} INFO - [2025-07-22T04:16:45.397+0000] {dag.py:4180} INFO - Setting next_dagrun for train_power_pred to 2025-07-22 00:00:00+00:00, run_after=2025-07-23 00:00:00+00:00
[2025-07-22T04:16:45.467+0000] {processor.py:208} INFO - Processing /opt/airflow/dags/train_power_pred.py took 3.932 seconds
[2025-07-22T04:17:16.967+0000] {processor.py:186} INFO - Started process (PID=8289) to work on /opt/airflow/dags/train_power_pred.py
[2025-07-22T04:17:17.030+0000] {processor.py:914} INFO - Processing file /opt/airflow/dags/train_power_pred.py for tasks to queue
[2025-07-22T04:17:17.033+0000] {logging_mixin.py:190} INFO - [2025-07-22T04:17:17.033+0000] {dagbag.py:588} INFO - Filling up the DagBag from /opt/airflow/dags/train_power_pred.py
[2025-07-22T04:17:20.938+0000] {processor.py:925} INFO - DAG(s) 'train_power_pred' retrieved from /opt/airflow/dags/train_power_pred.py
[2025-07-22T04:17:20.969+0000] {logging_mixin.py:190} INFO - [2025-07-22T04:17:20.969+0000] {dag.py:3239} INFO - Sync 1 DAGs
[2025-07-22T04:17:20.989+0000] {logging_mixin.py:190} INFO - [2025-07-22T04:17:20.989+0000] {dag.py:4180} INFO - Setting next_dagrun for train_power_pred to 2025-07-22 00:00:00+00:00, run_after=2025-07-23 00:00:00+00:00
[2025-07-22T04:17:21.059+0000] {processor.py:208} INFO - Processing /opt/airflow/dags/train_power_pred.py took 4.102 seconds
[2025-07-22T04:17:54.220+0000] {processor.py:186} INFO - Started process (PID=8403) to work on /opt/airflow/dags/train_power_pred.py
[2025-07-22T04:17:54.293+0000] {processor.py:914} INFO - Processing file /opt/airflow/dags/train_power_pred.py for tasks to queue
[2025-07-22T04:17:54.296+0000] {logging_mixin.py:190} INFO - [2025-07-22T04:17:54.295+0000] {dagbag.py:588} INFO - Filling up the DagBag from /opt/airflow/dags/train_power_pred.py
[2025-07-22T04:17:57.731+0000] {processor.py:925} INFO - DAG(s) 'train_power_pred' retrieved from /opt/airflow/dags/train_power_pred.py
[2025-07-22T04:18:04.161+0000] {logging_mixin.py:190} INFO - [2025-07-22T04:18:04.160+0000] {dag.py:3239} INFO - Sync 1 DAGs
[2025-07-22T04:18:04.180+0000] {logging_mixin.py:190} INFO - [2025-07-22T04:18:04.179+0000] {dag.py:4180} INFO - Setting next_dagrun for train_power_pred to 2025-07-22 00:00:00+00:00, run_after=2025-07-23 00:00:00+00:00
[2025-07-22T04:18:04.269+0000] {processor.py:208} INFO - Processing /opt/airflow/dags/train_power_pred.py took 10.056 seconds
[2025-07-22T04:18:35.298+0000] {processor.py:186} INFO - Started process (PID=8485) to work on /opt/airflow/dags/train_power_pred.py
[2025-07-22T04:18:35.299+0000] {processor.py:914} INFO - Processing file /opt/airflow/dags/train_power_pred.py for tasks to queue
[2025-07-22T04:18:35.301+0000] {logging_mixin.py:190} INFO - [2025-07-22T04:18:35.301+0000] {dagbag.py:588} INFO - Filling up the DagBag from /opt/airflow/dags/train_power_pred.py
[2025-07-22T04:18:39.058+0000] {processor.py:925} INFO - DAG(s) 'train_power_pred' retrieved from /opt/airflow/dags/train_power_pred.py
[2025-07-22T04:18:39.083+0000] {logging_mixin.py:190} INFO - [2025-07-22T04:18:39.083+0000] {dag.py:3239} INFO - Sync 1 DAGs
[2025-07-22T04:18:39.103+0000] {logging_mixin.py:190} INFO - [2025-07-22T04:18:39.102+0000] {dag.py:4180} INFO - Setting next_dagrun for train_power_pred to 2025-07-22 00:00:00+00:00, run_after=2025-07-23 00:00:00+00:00
[2025-07-22T04:18:39.146+0000] {processor.py:208} INFO - Processing /opt/airflow/dags/train_power_pred.py took 3.855 seconds
[2025-07-22T04:19:10.256+0000] {processor.py:186} INFO - Started process (PID=8589) to work on /opt/airflow/dags/train_power_pred.py
[2025-07-22T04:19:10.258+0000] {processor.py:914} INFO - Processing file /opt/airflow/dags/train_power_pred.py for tasks to queue
[2025-07-22T04:19:10.262+0000] {logging_mixin.py:190} INFO - [2025-07-22T04:19:10.261+0000] {dagbag.py:588} INFO - Filling up the DagBag from /opt/airflow/dags/train_power_pred.py
[2025-07-22T04:19:14.194+0000] {processor.py:925} INFO - DAG(s) 'train_power_pred' retrieved from /opt/airflow/dags/train_power_pred.py
[2025-07-22T04:19:14.220+0000] {logging_mixin.py:190} INFO - [2025-07-22T04:19:14.220+0000] {dag.py:3239} INFO - Sync 1 DAGs
[2025-07-22T04:19:14.242+0000] {logging_mixin.py:190} INFO - [2025-07-22T04:19:14.242+0000] {dag.py:4180} INFO - Setting next_dagrun for train_power_pred to 2025-07-22 00:00:00+00:00, run_after=2025-07-23 00:00:00+00:00
[2025-07-22T04:19:14.261+0000] {processor.py:208} INFO - Processing /opt/airflow/dags/train_power_pred.py took 4.016 seconds
[2025-07-22T04:19:45.611+0000] {processor.py:186} INFO - Started process (PID=8687) to work on /opt/airflow/dags/train_power_pred.py
[2025-07-22T04:19:45.612+0000] {processor.py:914} INFO - Processing file /opt/airflow/dags/train_power_pred.py for tasks to queue
[2025-07-22T04:19:45.615+0000] {logging_mixin.py:190} INFO - [2025-07-22T04:19:45.615+0000] {dagbag.py:588} INFO - Filling up the DagBag from /opt/airflow/dags/train_power_pred.py
[2025-07-22T04:19:49.107+0000] {processor.py:925} INFO - DAG(s) 'train_power_pred' retrieved from /opt/airflow/dags/train_power_pred.py
[2025-07-22T04:19:49.132+0000] {logging_mixin.py:190} INFO - [2025-07-22T04:19:49.131+0000] {dag.py:3239} INFO - Sync 1 DAGs
[2025-07-22T04:19:49.150+0000] {logging_mixin.py:190} INFO - [2025-07-22T04:19:49.150+0000] {dag.py:4180} INFO - Setting next_dagrun for train_power_pred to 2025-07-22 00:00:00+00:00, run_after=2025-07-23 00:00:00+00:00
[2025-07-22T04:19:49.169+0000] {processor.py:208} INFO - Processing /opt/airflow/dags/train_power_pred.py took 3.564 seconds
[2025-07-22T04:20:20.293+0000] {processor.py:186} INFO - Started process (PID=8785) to work on /opt/airflow/dags/train_power_pred.py
[2025-07-22T04:20:20.294+0000] {processor.py:914} INFO - Processing file /opt/airflow/dags/train_power_pred.py for tasks to queue
[2025-07-22T04:20:20.296+0000] {logging_mixin.py:190} INFO - [2025-07-22T04:20:20.295+0000] {dagbag.py:588} INFO - Filling up the DagBag from /opt/airflow/dags/train_power_pred.py
[2025-07-22T04:20:23.755+0000] {processor.py:925} INFO - DAG(s) 'train_power_pred' retrieved from /opt/airflow/dags/train_power_pred.py
[2025-07-22T04:20:23.776+0000] {logging_mixin.py:190} INFO - [2025-07-22T04:20:23.775+0000] {dag.py:3239} INFO - Sync 1 DAGs
[2025-07-22T04:20:23.795+0000] {logging_mixin.py:190} INFO - [2025-07-22T04:20:23.794+0000] {dag.py:4180} INFO - Setting next_dagrun for train_power_pred to 2025-07-22 00:00:00+00:00, run_after=2025-07-23 00:00:00+00:00
[2025-07-22T04:20:23.809+0000] {processor.py:208} INFO - Processing /opt/airflow/dags/train_power_pred.py took 3.521 seconds
[2025-07-22T04:20:54.885+0000] {processor.py:186} INFO - Started process (PID=8883) to work on /opt/airflow/dags/train_power_pred.py
[2025-07-22T04:20:54.886+0000] {processor.py:914} INFO - Processing file /opt/airflow/dags/train_power_pred.py for tasks to queue
[2025-07-22T04:20:54.888+0000] {logging_mixin.py:190} INFO - [2025-07-22T04:20:54.888+0000] {dagbag.py:588} INFO - Filling up the DagBag from /opt/airflow/dags/train_power_pred.py
[2025-07-22T04:20:58.575+0000] {processor.py:925} INFO - DAG(s) 'train_power_pred' retrieved from /opt/airflow/dags/train_power_pred.py
[2025-07-22T04:20:58.601+0000] {logging_mixin.py:190} INFO - [2025-07-22T04:20:58.600+0000] {dag.py:3239} INFO - Sync 1 DAGs
[2025-07-22T04:20:58.620+0000] {logging_mixin.py:190} INFO - [2025-07-22T04:20:58.620+0000] {dag.py:4180} INFO - Setting next_dagrun for train_power_pred to 2025-07-22 00:00:00+00:00, run_after=2025-07-23 00:00:00+00:00
[2025-07-22T04:20:58.637+0000] {processor.py:208} INFO - Processing /opt/airflow/dags/train_power_pred.py took 3.757 seconds
[2025-07-22T04:21:30.090+0000] {processor.py:186} INFO - Started process (PID=8981) to work on /opt/airflow/dags/train_power_pred.py
[2025-07-22T04:21:30.090+0000] {processor.py:914} INFO - Processing file /opt/airflow/dags/train_power_pred.py for tasks to queue
[2025-07-22T04:21:30.093+0000] {logging_mixin.py:190} INFO - [2025-07-22T04:21:30.092+0000] {dagbag.py:588} INFO - Filling up the DagBag from /opt/airflow/dags/train_power_pred.py
[2025-07-22T04:21:33.675+0000] {processor.py:925} INFO - DAG(s) 'train_power_pred' retrieved from /opt/airflow/dags/train_power_pred.py
[2025-07-22T04:21:33.696+0000] {logging_mixin.py:190} INFO - [2025-07-22T04:21:33.696+0000] {dag.py:3239} INFO - Sync 1 DAGs
[2025-07-22T04:21:33.718+0000] {logging_mixin.py:190} INFO - [2025-07-22T04:21:33.718+0000] {dag.py:4180} INFO - Setting next_dagrun for train_power_pred to 2025-07-22 00:00:00+00:00, run_after=2025-07-23 00:00:00+00:00
[2025-07-22T04:21:33.735+0000] {processor.py:208} INFO - Processing /opt/airflow/dags/train_power_pred.py took 3.651 seconds
[2025-07-22T04:22:04.811+0000] {processor.py:186} INFO - Started process (PID=9079) to work on /opt/airflow/dags/train_power_pred.py
[2025-07-22T04:22:04.812+0000] {processor.py:914} INFO - Processing file /opt/airflow/dags/train_power_pred.py for tasks to queue
[2025-07-22T04:22:04.814+0000] {logging_mixin.py:190} INFO - [2025-07-22T04:22:04.814+0000] {dagbag.py:588} INFO - Filling up the DagBag from /opt/airflow/dags/train_power_pred.py
[2025-07-22T04:22:08.348+0000] {processor.py:925} INFO - DAG(s) 'train_power_pred' retrieved from /opt/airflow/dags/train_power_pred.py
[2025-07-22T04:22:08.369+0000] {logging_mixin.py:190} INFO - [2025-07-22T04:22:08.368+0000] {dag.py:3239} INFO - Sync 1 DAGs
[2025-07-22T04:22:08.386+0000] {logging_mixin.py:190} INFO - [2025-07-22T04:22:08.385+0000] {dag.py:4180} INFO - Setting next_dagrun for train_power_pred to 2025-07-22 00:00:00+00:00, run_after=2025-07-23 00:00:00+00:00
[2025-07-22T04:22:08.401+0000] {processor.py:208} INFO - Processing /opt/airflow/dags/train_power_pred.py took 3.596 seconds
[2025-07-22T04:22:39.650+0000] {processor.py:186} INFO - Started process (PID=9177) to work on /opt/airflow/dags/train_power_pred.py
[2025-07-22T04:22:39.651+0000] {processor.py:914} INFO - Processing file /opt/airflow/dags/train_power_pred.py for tasks to queue
[2025-07-22T04:22:39.654+0000] {logging_mixin.py:190} INFO - [2025-07-22T04:22:39.654+0000] {dagbag.py:588} INFO - Filling up the DagBag from /opt/airflow/dags/train_power_pred.py
[2025-07-22T04:22:43.141+0000] {processor.py:925} INFO - DAG(s) 'train_power_pred' retrieved from /opt/airflow/dags/train_power_pred.py
[2025-07-22T04:22:43.164+0000] {logging_mixin.py:190} INFO - [2025-07-22T04:22:43.164+0000] {dag.py:3239} INFO - Sync 1 DAGs
[2025-07-22T04:22:43.183+0000] {logging_mixin.py:190} INFO - [2025-07-22T04:22:43.183+0000] {dag.py:4180} INFO - Setting next_dagrun for train_power_pred to 2025-07-22 00:00:00+00:00, run_after=2025-07-23 00:00:00+00:00
[2025-07-22T04:22:43.200+0000] {processor.py:208} INFO - Processing /opt/airflow/dags/train_power_pred.py took 3.557 seconds
[2025-07-22T04:23:14.414+0000] {processor.py:186} INFO - Started process (PID=9281) to work on /opt/airflow/dags/train_power_pred.py
[2025-07-22T04:23:14.415+0000] {processor.py:914} INFO - Processing file /opt/airflow/dags/train_power_pred.py for tasks to queue
[2025-07-22T04:23:14.417+0000] {logging_mixin.py:190} INFO - [2025-07-22T04:23:14.416+0000] {dagbag.py:588} INFO - Filling up the DagBag from /opt/airflow/dags/train_power_pred.py
[2025-07-22T04:23:18.074+0000] {processor.py:925} INFO - DAG(s) 'train_power_pred' retrieved from /opt/airflow/dags/train_power_pred.py
[2025-07-22T04:23:18.095+0000] {logging_mixin.py:190} INFO - [2025-07-22T04:23:18.094+0000] {dag.py:3239} INFO - Sync 1 DAGs
[2025-07-22T04:23:18.114+0000] {logging_mixin.py:190} INFO - [2025-07-22T04:23:18.114+0000] {dag.py:4180} INFO - Setting next_dagrun for train_power_pred to 2025-07-22 00:00:00+00:00, run_after=2025-07-23 00:00:00+00:00
[2025-07-22T04:23:18.130+0000] {processor.py:208} INFO - Processing /opt/airflow/dags/train_power_pred.py took 3.722 seconds
[2025-07-22T04:23:50.058+0000] {processor.py:186} INFO - Started process (PID=9379) to work on /opt/airflow/dags/train_power_pred.py
[2025-07-22T04:23:50.059+0000] {processor.py:914} INFO - Processing file /opt/airflow/dags/train_power_pred.py for tasks to queue
[2025-07-22T04:23:50.062+0000] {logging_mixin.py:190} INFO - [2025-07-22T04:23:50.062+0000] {dagbag.py:588} INFO - Filling up the DagBag from /opt/airflow/dags/train_power_pred.py
[2025-07-22T04:23:53.726+0000] {processor.py:925} INFO - DAG(s) 'train_power_pred' retrieved from /opt/airflow/dags/train_power_pred.py
[2025-07-22T04:23:53.749+0000] {logging_mixin.py:190} INFO - [2025-07-22T04:23:53.749+0000] {dag.py:3239} INFO - Sync 1 DAGs
[2025-07-22T04:23:53.767+0000] {logging_mixin.py:190} INFO - [2025-07-22T04:23:53.767+0000] {dag.py:4180} INFO - Setting next_dagrun for train_power_pred to 2025-07-22 00:00:00+00:00, run_after=2025-07-23 00:00:00+00:00
[2025-07-22T04:23:53.782+0000] {processor.py:208} INFO - Processing /opt/airflow/dags/train_power_pred.py took 3.732 seconds
[2025-07-22T04:24:24.993+0000] {processor.py:186} INFO - Started process (PID=9477) to work on /opt/airflow/dags/train_power_pred.py
[2025-07-22T04:24:24.994+0000] {processor.py:914} INFO - Processing file /opt/airflow/dags/train_power_pred.py for tasks to queue
[2025-07-22T04:24:24.996+0000] {logging_mixin.py:190} INFO - [2025-07-22T04:24:24.995+0000] {dagbag.py:588} INFO - Filling up the DagBag from /opt/airflow/dags/train_power_pred.py
[2025-07-22T04:24:28.400+0000] {processor.py:925} INFO - DAG(s) 'train_power_pred' retrieved from /opt/airflow/dags/train_power_pred.py
[2025-07-22T04:24:28.421+0000] {logging_mixin.py:190} INFO - [2025-07-22T04:24:28.420+0000] {dag.py:3239} INFO - Sync 1 DAGs
[2025-07-22T04:24:28.440+0000] {logging_mixin.py:190} INFO - [2025-07-22T04:24:28.440+0000] {dag.py:4180} INFO - Setting next_dagrun for train_power_pred to 2025-07-22 00:00:00+00:00, run_after=2025-07-23 00:00:00+00:00
[2025-07-22T04:24:28.453+0000] {processor.py:208} INFO - Processing /opt/airflow/dags/train_power_pred.py took 3.465 seconds
[2025-07-22T04:24:59.979+0000] {processor.py:186} INFO - Started process (PID=9575) to work on /opt/airflow/dags/train_power_pred.py
[2025-07-22T04:24:59.980+0000] {processor.py:914} INFO - Processing file /opt/airflow/dags/train_power_pred.py for tasks to queue
[2025-07-22T04:24:59.982+0000] {logging_mixin.py:190} INFO - [2025-07-22T04:24:59.981+0000] {dagbag.py:588} INFO - Filling up the DagBag from /opt/airflow/dags/train_power_pred.py
[2025-07-22T04:25:03.421+0000] {processor.py:925} INFO - DAG(s) 'train_power_pred' retrieved from /opt/airflow/dags/train_power_pred.py
[2025-07-22T04:25:03.441+0000] {logging_mixin.py:190} INFO - [2025-07-22T04:25:03.441+0000] {dag.py:3239} INFO - Sync 1 DAGs
[2025-07-22T04:25:03.459+0000] {logging_mixin.py:190} INFO - [2025-07-22T04:25:03.459+0000] {dag.py:4180} INFO - Setting next_dagrun for train_power_pred to 2025-07-22 00:00:00+00:00, run_after=2025-07-23 00:00:00+00:00
[2025-07-22T04:25:03.473+0000] {processor.py:208} INFO - Processing /opt/airflow/dags/train_power_pred.py took 3.500 seconds
[2025-07-22T04:25:34.962+0000] {processor.py:186} INFO - Started process (PID=9674) to work on /opt/airflow/dags/train_power_pred.py
[2025-07-22T04:25:34.963+0000] {processor.py:914} INFO - Processing file /opt/airflow/dags/train_power_pred.py for tasks to queue
[2025-07-22T04:25:34.966+0000] {logging_mixin.py:190} INFO - [2025-07-22T04:25:34.965+0000] {dagbag.py:588} INFO - Filling up the DagBag from /opt/airflow/dags/train_power_pred.py
[2025-07-22T04:25:38.688+0000] {processor.py:925} INFO - DAG(s) 'train_power_pred' retrieved from /opt/airflow/dags/train_power_pred.py
[2025-07-22T04:25:38.713+0000] {logging_mixin.py:190} INFO - [2025-07-22T04:25:38.713+0000] {dag.py:3239} INFO - Sync 1 DAGs
[2025-07-22T04:25:38.735+0000] {logging_mixin.py:190} INFO - [2025-07-22T04:25:38.735+0000] {dag.py:4180} INFO - Setting next_dagrun for train_power_pred to 2025-07-22 00:00:00+00:00, run_after=2025-07-23 00:00:00+00:00
[2025-07-22T04:25:38.754+0000] {processor.py:208} INFO - Processing /opt/airflow/dags/train_power_pred.py took 3.798 seconds
[2025-07-22T04:26:09.931+0000] {processor.py:186} INFO - Started process (PID=9772) to work on /opt/airflow/dags/train_power_pred.py
[2025-07-22T04:26:09.932+0000] {processor.py:914} INFO - Processing file /opt/airflow/dags/train_power_pred.py for tasks to queue
[2025-07-22T04:26:09.934+0000] {logging_mixin.py:190} INFO - [2025-07-22T04:26:09.934+0000] {dagbag.py:588} INFO - Filling up the DagBag from /opt/airflow/dags/train_power_pred.py
[2025-07-22T04:26:13.422+0000] {processor.py:925} INFO - DAG(s) 'train_power_pred' retrieved from /opt/airflow/dags/train_power_pred.py
[2025-07-22T04:26:13.442+0000] {logging_mixin.py:190} INFO - [2025-07-22T04:26:13.442+0000] {dag.py:3239} INFO - Sync 1 DAGs
[2025-07-22T04:26:13.462+0000] {logging_mixin.py:190} INFO - [2025-07-22T04:26:13.462+0000] {dag.py:4180} INFO - Setting next_dagrun for train_power_pred to 2025-07-22 00:00:00+00:00, run_after=2025-07-23 00:00:00+00:00
[2025-07-22T04:26:13.477+0000] {processor.py:208} INFO - Processing /opt/airflow/dags/train_power_pred.py took 3.551 seconds
[2025-07-22T04:26:44.976+0000] {processor.py:186} INFO - Started process (PID=9876) to work on /opt/airflow/dags/train_power_pred.py
[2025-07-22T04:26:44.977+0000] {processor.py:914} INFO - Processing file /opt/airflow/dags/train_power_pred.py for tasks to queue
[2025-07-22T04:26:44.979+0000] {logging_mixin.py:190} INFO - [2025-07-22T04:26:44.979+0000] {dagbag.py:588} INFO - Filling up the DagBag from /opt/airflow/dags/train_power_pred.py
[2025-07-22T04:26:48.549+0000] {processor.py:925} INFO - DAG(s) 'train_power_pred' retrieved from /opt/airflow/dags/train_power_pred.py
[2025-07-22T04:26:48.577+0000] {logging_mixin.py:190} INFO - [2025-07-22T04:26:48.576+0000] {dag.py:3239} INFO - Sync 1 DAGs
[2025-07-22T04:26:48.596+0000] {logging_mixin.py:190} INFO - [2025-07-22T04:26:48.595+0000] {dag.py:4180} INFO - Setting next_dagrun for train_power_pred to 2025-07-22 00:00:00+00:00, run_after=2025-07-23 00:00:00+00:00
[2025-07-22T04:26:48.613+0000] {processor.py:208} INFO - Processing /opt/airflow/dags/train_power_pred.py took 3.642 seconds
[2025-07-22T04:27:20.233+0000] {processor.py:186} INFO - Started process (PID=9974) to work on /opt/airflow/dags/train_power_pred.py
[2025-07-22T04:27:20.234+0000] {processor.py:914} INFO - Processing file /opt/airflow/dags/train_power_pred.py for tasks to queue
[2025-07-22T04:27:20.236+0000] {logging_mixin.py:190} INFO - [2025-07-22T04:27:20.236+0000] {dagbag.py:588} INFO - Filling up the DagBag from /opt/airflow/dags/train_power_pred.py
[2025-07-22T04:27:23.808+0000] {processor.py:925} INFO - DAG(s) 'train_power_pred' retrieved from /opt/airflow/dags/train_power_pred.py
[2025-07-22T04:27:23.829+0000] {logging_mixin.py:190} INFO - [2025-07-22T04:27:23.829+0000] {dag.py:3239} INFO - Sync 1 DAGs
[2025-07-22T04:27:23.848+0000] {logging_mixin.py:190} INFO - [2025-07-22T04:27:23.848+0000] {dag.py:4180} INFO - Setting next_dagrun for train_power_pred to 2025-07-22 00:00:00+00:00, run_after=2025-07-23 00:00:00+00:00
[2025-07-22T04:27:23.863+0000] {processor.py:208} INFO - Processing /opt/airflow/dags/train_power_pred.py took 3.636 seconds
[2025-07-22T04:27:55.864+0000] {processor.py:186} INFO - Started process (PID=10072) to work on /opt/airflow/dags/train_power_pred.py
[2025-07-22T04:27:55.865+0000] {processor.py:914} INFO - Processing file /opt/airflow/dags/train_power_pred.py for tasks to queue
[2025-07-22T04:27:55.867+0000] {logging_mixin.py:190} INFO - [2025-07-22T04:27:55.867+0000] {dagbag.py:588} INFO - Filling up the DagBag from /opt/airflow/dags/train_power_pred.py
[2025-07-22T04:27:59.209+0000] {processor.py:925} INFO - DAG(s) 'train_power_pred' retrieved from /opt/airflow/dags/train_power_pred.py
[2025-07-22T04:27:59.231+0000] {logging_mixin.py:190} INFO - [2025-07-22T04:27:59.230+0000] {dag.py:3239} INFO - Sync 1 DAGs
[2025-07-22T04:27:59.249+0000] {logging_mixin.py:190} INFO - [2025-07-22T04:27:59.249+0000] {dag.py:4180} INFO - Setting next_dagrun for train_power_pred to 2025-07-22 00:00:00+00:00, run_after=2025-07-23 00:00:00+00:00
[2025-07-22T04:27:59.265+0000] {processor.py:208} INFO - Processing /opt/airflow/dags/train_power_pred.py took 3.407 seconds
[2025-07-22T04:28:30.506+0000] {processor.py:186} INFO - Started process (PID=10170) to work on /opt/airflow/dags/train_power_pred.py
[2025-07-22T04:28:30.507+0000] {processor.py:914} INFO - Processing file /opt/airflow/dags/train_power_pred.py for tasks to queue
[2025-07-22T04:28:30.509+0000] {logging_mixin.py:190} INFO - [2025-07-22T04:28:30.509+0000] {dagbag.py:588} INFO - Filling up the DagBag from /opt/airflow/dags/train_power_pred.py
[2025-07-22T04:28:33.863+0000] {processor.py:925} INFO - DAG(s) 'train_power_pred' retrieved from /opt/airflow/dags/train_power_pred.py
[2025-07-22T04:28:33.883+0000] {logging_mixin.py:190} INFO - [2025-07-22T04:28:33.883+0000] {dag.py:3239} INFO - Sync 1 DAGs
[2025-07-22T04:28:33.899+0000] {logging_mixin.py:190} INFO - [2025-07-22T04:28:33.899+0000] {dag.py:4180} INFO - Setting next_dagrun for train_power_pred to 2025-07-22 00:00:00+00:00, run_after=2025-07-23 00:00:00+00:00
[2025-07-22T04:28:33.914+0000] {processor.py:208} INFO - Processing /opt/airflow/dags/train_power_pred.py took 3.412 seconds
[2025-07-22T04:29:05.218+0000] {processor.py:186} INFO - Started process (PID=10268) to work on /opt/airflow/dags/train_power_pred.py
[2025-07-22T04:29:05.219+0000] {processor.py:914} INFO - Processing file /opt/airflow/dags/train_power_pred.py for tasks to queue
[2025-07-22T04:29:05.221+0000] {logging_mixin.py:190} INFO - [2025-07-22T04:29:05.221+0000] {dagbag.py:588} INFO - Filling up the DagBag from /opt/airflow/dags/train_power_pred.py
[2025-07-22T04:29:08.765+0000] {processor.py:925} INFO - DAG(s) 'train_power_pred' retrieved from /opt/airflow/dags/train_power_pred.py
[2025-07-22T04:29:08.786+0000] {logging_mixin.py:190} INFO - [2025-07-22T04:29:08.786+0000] {dag.py:3239} INFO - Sync 1 DAGs
[2025-07-22T04:29:08.805+0000] {logging_mixin.py:190} INFO - [2025-07-22T04:29:08.805+0000] {dag.py:4180} INFO - Setting next_dagrun for train_power_pred to 2025-07-22 00:00:00+00:00, run_after=2025-07-23 00:00:00+00:00
[2025-07-22T04:29:08.820+0000] {processor.py:208} INFO - Processing /opt/airflow/dags/train_power_pred.py took 3.608 seconds
[2025-07-22T04:29:40.900+0000] {processor.py:186} INFO - Started process (PID=10366) to work on /opt/airflow/dags/train_power_pred.py
[2025-07-22T04:29:40.901+0000] {processor.py:914} INFO - Processing file /opt/airflow/dags/train_power_pred.py for tasks to queue
[2025-07-22T04:29:40.903+0000] {logging_mixin.py:190} INFO - [2025-07-22T04:29:40.903+0000] {dagbag.py:588} INFO - Filling up the DagBag from /opt/airflow/dags/train_power_pred.py
[2025-07-22T04:29:44.197+0000] {processor.py:925} INFO - DAG(s) 'train_power_pred' retrieved from /opt/airflow/dags/train_power_pred.py
[2025-07-22T04:29:44.218+0000] {logging_mixin.py:190} INFO - [2025-07-22T04:29:44.217+0000] {dag.py:3239} INFO - Sync 1 DAGs
[2025-07-22T04:29:44.235+0000] {logging_mixin.py:190} INFO - [2025-07-22T04:29:44.235+0000] {dag.py:4180} INFO - Setting next_dagrun for train_power_pred to 2025-07-22 00:00:00+00:00, run_after=2025-07-23 00:00:00+00:00
[2025-07-22T04:29:44.249+0000] {processor.py:208} INFO - Processing /opt/airflow/dags/train_power_pred.py took 3.356 seconds
[2025-07-22T04:30:15.508+0000] {processor.py:186} INFO - Started process (PID=10470) to work on /opt/airflow/dags/train_power_pred.py
[2025-07-22T04:30:15.509+0000] {processor.py:914} INFO - Processing file /opt/airflow/dags/train_power_pred.py for tasks to queue
[2025-07-22T04:30:15.511+0000] {logging_mixin.py:190} INFO - [2025-07-22T04:30:15.511+0000] {dagbag.py:588} INFO - Filling up the DagBag from /opt/airflow/dags/train_power_pred.py
[2025-07-22T04:30:19.187+0000] {processor.py:925} INFO - DAG(s) 'train_power_pred' retrieved from /opt/airflow/dags/train_power_pred.py
[2025-07-22T04:30:19.210+0000] {logging_mixin.py:190} INFO - [2025-07-22T04:30:19.209+0000] {dag.py:3239} INFO - Sync 1 DAGs
[2025-07-22T04:30:19.232+0000] {logging_mixin.py:190} INFO - [2025-07-22T04:30:19.232+0000] {dag.py:4180} INFO - Setting next_dagrun for train_power_pred to 2025-07-22 00:00:00+00:00, run_after=2025-07-23 00:00:00+00:00
[2025-07-22T04:30:19.249+0000] {processor.py:208} INFO - Processing /opt/airflow/dags/train_power_pred.py took 3.748 seconds
[2025-07-22T04:30:50.506+0000] {processor.py:186} INFO - Started process (PID=10568) to work on /opt/airflow/dags/train_power_pred.py
[2025-07-22T04:30:50.507+0000] {processor.py:914} INFO - Processing file /opt/airflow/dags/train_power_pred.py for tasks to queue
[2025-07-22T04:30:50.509+0000] {logging_mixin.py:190} INFO - [2025-07-22T04:30:50.509+0000] {dagbag.py:588} INFO - Filling up the DagBag from /opt/airflow/dags/train_power_pred.py
[2025-07-22T04:30:54.165+0000] {processor.py:925} INFO - DAG(s) 'train_power_pred' retrieved from /opt/airflow/dags/train_power_pred.py
[2025-07-22T04:30:54.186+0000] {logging_mixin.py:190} INFO - [2025-07-22T04:30:54.185+0000] {dag.py:3239} INFO - Sync 1 DAGs
[2025-07-22T04:30:54.202+0000] {logging_mixin.py:190} INFO - [2025-07-22T04:30:54.202+0000] {dag.py:4180} INFO - Setting next_dagrun for train_power_pred to 2025-07-22 00:00:00+00:00, run_after=2025-07-23 00:00:00+00:00
[2025-07-22T04:30:54.216+0000] {processor.py:208} INFO - Processing /opt/airflow/dags/train_power_pred.py took 3.715 seconds
[2025-07-22T04:31:25.329+0000] {processor.py:186} INFO - Started process (PID=10666) to work on /opt/airflow/dags/train_power_pred.py
[2025-07-22T04:31:25.330+0000] {processor.py:914} INFO - Processing file /opt/airflow/dags/train_power_pred.py for tasks to queue
[2025-07-22T04:31:25.333+0000] {logging_mixin.py:190} INFO - [2025-07-22T04:31:25.333+0000] {dagbag.py:588} INFO - Filling up the DagBag from /opt/airflow/dags/train_power_pred.py
[2025-07-22T04:31:28.910+0000] {processor.py:925} INFO - DAG(s) 'train_power_pred' retrieved from /opt/airflow/dags/train_power_pred.py
[2025-07-22T04:31:28.934+0000] {logging_mixin.py:190} INFO - [2025-07-22T04:31:28.933+0000] {dag.py:3239} INFO - Sync 1 DAGs
[2025-07-22T04:31:28.952+0000] {logging_mixin.py:190} INFO - [2025-07-22T04:31:28.952+0000] {dag.py:4180} INFO - Setting next_dagrun for train_power_pred to 2025-07-22 00:00:00+00:00, run_after=2025-07-23 00:00:00+00:00
[2025-07-22T04:31:28.967+0000] {processor.py:208} INFO - Processing /opt/airflow/dags/train_power_pred.py took 3.646 seconds
[2025-07-22T04:32:00.424+0000] {processor.py:186} INFO - Started process (PID=10764) to work on /opt/airflow/dags/train_power_pred.py
[2025-07-22T04:32:00.425+0000] {processor.py:914} INFO - Processing file /opt/airflow/dags/train_power_pred.py for tasks to queue
[2025-07-22T04:32:00.427+0000] {logging_mixin.py:190} INFO - [2025-07-22T04:32:00.427+0000] {dagbag.py:588} INFO - Filling up the DagBag from /opt/airflow/dags/train_power_pred.py
[2025-07-22T04:32:03.822+0000] {processor.py:925} INFO - DAG(s) 'train_power_pred' retrieved from /opt/airflow/dags/train_power_pred.py
[2025-07-22T04:32:03.843+0000] {logging_mixin.py:190} INFO - [2025-07-22T04:32:03.841+0000] {dag.py:3239} INFO - Sync 1 DAGs
[2025-07-22T04:32:03.860+0000] {logging_mixin.py:190} INFO - [2025-07-22T04:32:03.860+0000] {dag.py:4180} INFO - Setting next_dagrun for train_power_pred to 2025-07-22 00:00:00+00:00, run_after=2025-07-23 00:00:00+00:00
[2025-07-22T04:32:03.875+0000] {processor.py:208} INFO - Processing /opt/airflow/dags/train_power_pred.py took 3.456 seconds
[2025-07-22T04:32:35.055+0000] {processor.py:186} INFO - Started process (PID=10862) to work on /opt/airflow/dags/train_power_pred.py
[2025-07-22T04:32:35.056+0000] {processor.py:914} INFO - Processing file /opt/airflow/dags/train_power_pred.py for tasks to queue
[2025-07-22T04:32:35.058+0000] {logging_mixin.py:190} INFO - [2025-07-22T04:32:35.058+0000] {dagbag.py:588} INFO - Filling up the DagBag from /opt/airflow/dags/train_power_pred.py
[2025-07-22T04:32:38.469+0000] {processor.py:925} INFO - DAG(s) 'train_power_pred' retrieved from /opt/airflow/dags/train_power_pred.py
[2025-07-22T04:32:38.490+0000] {logging_mixin.py:190} INFO - [2025-07-22T04:32:38.490+0000] {dag.py:3239} INFO - Sync 1 DAGs
[2025-07-22T04:32:38.507+0000] {logging_mixin.py:190} INFO - [2025-07-22T04:32:38.507+0000] {dag.py:4180} INFO - Setting next_dagrun for train_power_pred to 2025-07-22 00:00:00+00:00, run_after=2025-07-23 00:00:00+00:00
[2025-07-22T04:32:38.521+0000] {processor.py:208} INFO - Processing /opt/airflow/dags/train_power_pred.py took 3.471 seconds
[2025-07-22T04:33:10.579+0000] {processor.py:186} INFO - Started process (PID=10960) to work on /opt/airflow/dags/train_power_pred.py
[2025-07-22T04:33:10.580+0000] {processor.py:914} INFO - Processing file /opt/airflow/dags/train_power_pred.py for tasks to queue
[2025-07-22T04:33:10.582+0000] {logging_mixin.py:190} INFO - [2025-07-22T04:33:10.582+0000] {dagbag.py:588} INFO - Filling up the DagBag from /opt/airflow/dags/train_power_pred.py
[2025-07-22T04:33:14.176+0000] {processor.py:925} INFO - DAG(s) 'train_power_pred' retrieved from /opt/airflow/dags/train_power_pred.py
[2025-07-22T04:33:14.198+0000] {logging_mixin.py:190} INFO - [2025-07-22T04:33:14.197+0000] {dag.py:3239} INFO - Sync 1 DAGs
[2025-07-22T04:33:14.217+0000] {logging_mixin.py:190} INFO - [2025-07-22T04:33:14.217+0000] {dag.py:4180} INFO - Setting next_dagrun for train_power_pred to 2025-07-22 00:00:00+00:00, run_after=2025-07-23 00:00:00+00:00
[2025-07-22T04:33:14.232+0000] {processor.py:208} INFO - Processing /opt/airflow/dags/train_power_pred.py took 3.660 seconds
[2025-07-22T04:33:45.523+0000] {processor.py:186} INFO - Started process (PID=11064) to work on /opt/airflow/dags/train_power_pred.py
[2025-07-22T04:33:45.524+0000] {processor.py:914} INFO - Processing file /opt/airflow/dags/train_power_pred.py for tasks to queue
[2025-07-22T04:33:45.526+0000] {logging_mixin.py:190} INFO - [2025-07-22T04:33:45.526+0000] {dagbag.py:588} INFO - Filling up the DagBag from /opt/airflow/dags/train_power_pred.py
[2025-07-22T04:33:48.938+0000] {processor.py:925} INFO - DAG(s) 'train_power_pred' retrieved from /opt/airflow/dags/train_power_pred.py
[2025-07-22T04:33:48.961+0000] {logging_mixin.py:190} INFO - [2025-07-22T04:33:48.959+0000] {dag.py:3239} INFO - Sync 1 DAGs
[2025-07-22T04:33:48.980+0000] {logging_mixin.py:190} INFO - [2025-07-22T04:33:48.980+0000] {dag.py:4180} INFO - Setting next_dagrun for train_power_pred to 2025-07-22 00:00:00+00:00, run_after=2025-07-23 00:00:00+00:00
[2025-07-22T04:33:48.995+0000] {processor.py:208} INFO - Processing /opt/airflow/dags/train_power_pred.py took 3.478 seconds
[2025-07-22T04:34:20.531+0000] {processor.py:186} INFO - Started process (PID=11162) to work on /opt/airflow/dags/train_power_pred.py
[2025-07-22T04:34:20.532+0000] {processor.py:914} INFO - Processing file /opt/airflow/dags/train_power_pred.py for tasks to queue
[2025-07-22T04:34:20.534+0000] {logging_mixin.py:190} INFO - [2025-07-22T04:34:20.534+0000] {dagbag.py:588} INFO - Filling up the DagBag from /opt/airflow/dags/train_power_pred.py
[2025-07-22T04:34:23.907+0000] {processor.py:925} INFO - DAG(s) 'train_power_pred' retrieved from /opt/airflow/dags/train_power_pred.py
[2025-07-22T04:34:23.928+0000] {logging_mixin.py:190} INFO - [2025-07-22T04:34:23.927+0000] {dag.py:3239} INFO - Sync 1 DAGs
[2025-07-22T04:34:23.945+0000] {logging_mixin.py:190} INFO - [2025-07-22T04:34:23.945+0000] {dag.py:4180} INFO - Setting next_dagrun for train_power_pred to 2025-07-22 00:00:00+00:00, run_after=2025-07-23 00:00:00+00:00
[2025-07-22T04:34:23.958+0000] {processor.py:208} INFO - Processing /opt/airflow/dags/train_power_pred.py took 3.432 seconds
[2025-07-22T04:34:56.165+0000] {processor.py:186} INFO - Started process (PID=11260) to work on /opt/airflow/dags/train_power_pred.py
[2025-07-22T04:34:56.167+0000] {processor.py:914} INFO - Processing file /opt/airflow/dags/train_power_pred.py for tasks to queue
[2025-07-22T04:34:56.170+0000] {logging_mixin.py:190} INFO - [2025-07-22T04:34:56.170+0000] {dagbag.py:588} INFO - Filling up the DagBag from /opt/airflow/dags/train_power_pred.py
[2025-07-22T04:34:59.769+0000] {processor.py:925} INFO - DAG(s) 'train_power_pred' retrieved from /opt/airflow/dags/train_power_pred.py
[2025-07-22T04:34:59.793+0000] {logging_mixin.py:190} INFO - [2025-07-22T04:34:59.792+0000] {dag.py:3239} INFO - Sync 1 DAGs
[2025-07-22T04:34:59.813+0000] {logging_mixin.py:190} INFO - [2025-07-22T04:34:59.812+0000] {dag.py:4180} INFO - Setting next_dagrun for train_power_pred to 2025-07-22 00:00:00+00:00, run_after=2025-07-23 00:00:00+00:00
[2025-07-22T04:34:59.828+0000] {processor.py:208} INFO - Processing /opt/airflow/dags/train_power_pred.py took 3.673 seconds
[2025-07-22T04:35:31.153+0000] {processor.py:186} INFO - Started process (PID=11358) to work on /opt/airflow/dags/train_power_pred.py
[2025-07-22T04:35:31.154+0000] {processor.py:914} INFO - Processing file /opt/airflow/dags/train_power_pred.py for tasks to queue
[2025-07-22T04:35:31.156+0000] {logging_mixin.py:190} INFO - [2025-07-22T04:35:31.156+0000] {dagbag.py:588} INFO - Filling up the DagBag from /opt/airflow/dags/train_power_pred.py
[2025-07-22T04:35:34.590+0000] {processor.py:925} INFO - DAG(s) 'train_power_pred' retrieved from /opt/airflow/dags/train_power_pred.py
[2025-07-22T04:35:34.610+0000] {logging_mixin.py:190} INFO - [2025-07-22T04:35:34.610+0000] {dag.py:3239} INFO - Sync 1 DAGs
[2025-07-22T04:35:34.629+0000] {logging_mixin.py:190} INFO - [2025-07-22T04:35:34.629+0000] {dag.py:4180} INFO - Setting next_dagrun for train_power_pred to 2025-07-22 00:00:00+00:00, run_after=2025-07-23 00:00:00+00:00
[2025-07-22T04:35:34.646+0000] {processor.py:208} INFO - Processing /opt/airflow/dags/train_power_pred.py took 3.499 seconds
[2025-07-22T04:36:06.055+0000] {processor.py:186} INFO - Started process (PID=11456) to work on /opt/airflow/dags/train_power_pred.py
[2025-07-22T04:36:06.057+0000] {processor.py:914} INFO - Processing file /opt/airflow/dags/train_power_pred.py for tasks to queue
[2025-07-22T04:36:06.060+0000] {logging_mixin.py:190} INFO - [2025-07-22T04:36:06.060+0000] {dagbag.py:588} INFO - Filling up the DagBag from /opt/airflow/dags/train_power_pred.py
[2025-07-22T04:36:09.581+0000] {processor.py:925} INFO - DAG(s) 'train_power_pred' retrieved from /opt/airflow/dags/train_power_pred.py
[2025-07-22T04:36:09.606+0000] {logging_mixin.py:190} INFO - [2025-07-22T04:36:09.605+0000] {dag.py:3239} INFO - Sync 1 DAGs
[2025-07-22T04:36:09.627+0000] {logging_mixin.py:190} INFO - [2025-07-22T04:36:09.627+0000] {dag.py:4180} INFO - Setting next_dagrun for train_power_pred to 2025-07-22 00:00:00+00:00, run_after=2025-07-23 00:00:00+00:00
[2025-07-22T04:36:09.648+0000] {processor.py:208} INFO - Processing /opt/airflow/dags/train_power_pred.py took 3.599 seconds
[2025-07-22T04:36:40.969+0000] {processor.py:186} INFO - Started process (PID=11554) to work on /opt/airflow/dags/train_power_pred.py
[2025-07-22T04:36:40.970+0000] {processor.py:914} INFO - Processing file /opt/airflow/dags/train_power_pred.py for tasks to queue
[2025-07-22T04:36:40.973+0000] {logging_mixin.py:190} INFO - [2025-07-22T04:36:40.972+0000] {dagbag.py:588} INFO - Filling up the DagBag from /opt/airflow/dags/train_power_pred.py
[2025-07-22T04:36:44.747+0000] {processor.py:925} INFO - DAG(s) 'train_power_pred' retrieved from /opt/airflow/dags/train_power_pred.py
[2025-07-22T04:36:44.772+0000] {logging_mixin.py:190} INFO - [2025-07-22T04:36:44.772+0000] {dag.py:3239} INFO - Sync 1 DAGs
[2025-07-22T04:36:44.794+0000] {logging_mixin.py:190} INFO - [2025-07-22T04:36:44.793+0000] {dag.py:4180} INFO - Setting next_dagrun for train_power_pred to 2025-07-22 00:00:00+00:00, run_after=2025-07-23 00:00:00+00:00
[2025-07-22T04:36:44.809+0000] {processor.py:208} INFO - Processing /opt/airflow/dags/train_power_pred.py took 3.847 seconds
[2025-07-22T04:37:16.257+0000] {processor.py:186} INFO - Started process (PID=11658) to work on /opt/airflow/dags/train_power_pred.py
[2025-07-22T04:37:16.258+0000] {processor.py:914} INFO - Processing file /opt/airflow/dags/train_power_pred.py for tasks to queue
[2025-07-22T04:37:16.261+0000] {logging_mixin.py:190} INFO - [2025-07-22T04:37:16.260+0000] {dagbag.py:588} INFO - Filling up the DagBag from /opt/airflow/dags/train_power_pred.py
[2025-07-22T04:37:19.881+0000] {processor.py:925} INFO - DAG(s) 'train_power_pred' retrieved from /opt/airflow/dags/train_power_pred.py
[2025-07-22T04:37:19.904+0000] {logging_mixin.py:190} INFO - [2025-07-22T04:37:19.904+0000] {dag.py:3239} INFO - Sync 1 DAGs
[2025-07-22T04:37:19.924+0000] {logging_mixin.py:190} INFO - [2025-07-22T04:37:19.923+0000] {dag.py:4180} INFO - Setting next_dagrun for train_power_pred to 2025-07-22 00:00:00+00:00, run_after=2025-07-23 00:00:00+00:00
[2025-07-22T04:37:19.942+0000] {processor.py:208} INFO - Processing /opt/airflow/dags/train_power_pred.py took 3.690 seconds
[2025-07-22T04:37:51.131+0000] {processor.py:186} INFO - Started process (PID=11756) to work on /opt/airflow/dags/train_power_pred.py
[2025-07-22T04:37:51.132+0000] {processor.py:914} INFO - Processing file /opt/airflow/dags/train_power_pred.py for tasks to queue
[2025-07-22T04:37:51.134+0000] {logging_mixin.py:190} INFO - [2025-07-22T04:37:51.134+0000] {dagbag.py:588} INFO - Filling up the DagBag from /opt/airflow/dags/train_power_pred.py
[2025-07-22T04:37:54.722+0000] {processor.py:925} INFO - DAG(s) 'train_power_pred' retrieved from /opt/airflow/dags/train_power_pred.py
[2025-07-22T04:37:54.747+0000] {logging_mixin.py:190} INFO - [2025-07-22T04:37:54.746+0000] {dag.py:3239} INFO - Sync 1 DAGs
[2025-07-22T04:37:54.766+0000] {logging_mixin.py:190} INFO - [2025-07-22T04:37:54.766+0000] {dag.py:4180} INFO - Setting next_dagrun for train_power_pred to 2025-07-22 00:00:00+00:00, run_after=2025-07-23 00:00:00+00:00
[2025-07-22T04:37:54.782+0000] {processor.py:208} INFO - Processing /opt/airflow/dags/train_power_pred.py took 3.655 seconds
[2025-07-22T04:38:26.751+0000] {processor.py:186} INFO - Started process (PID=11870) to work on /opt/airflow/dags/train_power_pred.py
[2025-07-22T04:38:26.753+0000] {processor.py:914} INFO - Processing file /opt/airflow/dags/train_power_pred.py for tasks to queue
[2025-07-22T04:38:26.756+0000] {logging_mixin.py:190} INFO - [2025-07-22T04:38:26.755+0000] {dagbag.py:588} INFO - Filling up the DagBag from /opt/airflow/dags/train_power_pred.py
[2025-07-22T04:38:30.109+0000] {processor.py:925} INFO - DAG(s) 'train_power_pred' retrieved from /opt/airflow/dags/train_power_pred.py
[2025-07-22T04:38:30.128+0000] {logging_mixin.py:190} INFO - [2025-07-22T04:38:30.127+0000] {dag.py:3239} INFO - Sync 1 DAGs
[2025-07-22T04:38:30.146+0000] {logging_mixin.py:190} INFO - [2025-07-22T04:38:30.146+0000] {dag.py:4180} INFO - Setting next_dagrun for train_power_pred to 2025-07-22 00:00:00+00:00, run_after=2025-07-23 00:00:00+00:00
[2025-07-22T04:38:30.164+0000] {processor.py:208} INFO - Processing /opt/airflow/dags/train_power_pred.py took 3.421 seconds
[2025-07-22T04:39:01.232+0000] {processor.py:186} INFO - Started process (PID=11968) to work on /opt/airflow/dags/train_power_pred.py
[2025-07-22T04:39:01.233+0000] {processor.py:914} INFO - Processing file /opt/airflow/dags/train_power_pred.py for tasks to queue
[2025-07-22T04:39:01.236+0000] {logging_mixin.py:190} INFO - [2025-07-22T04:39:01.236+0000] {dagbag.py:588} INFO - Filling up the DagBag from /opt/airflow/dags/train_power_pred.py
[2025-07-22T04:39:04.691+0000] {processor.py:925} INFO - DAG(s) 'train_power_pred' retrieved from /opt/airflow/dags/train_power_pred.py
[2025-07-22T04:39:04.712+0000] {logging_mixin.py:190} INFO - [2025-07-22T04:39:04.711+0000] {dag.py:3239} INFO - Sync 1 DAGs
[2025-07-22T04:39:04.734+0000] {logging_mixin.py:190} INFO - [2025-07-22T04:39:04.734+0000] {dag.py:4180} INFO - Setting next_dagrun for train_power_pred to 2025-07-22 00:00:00+00:00, run_after=2025-07-23 00:00:00+00:00
[2025-07-22T04:39:04.751+0000] {processor.py:208} INFO - Processing /opt/airflow/dags/train_power_pred.py took 3.526 seconds
[2025-07-22T04:39:36.916+0000] {processor.py:186} INFO - Started process (PID=12066) to work on /opt/airflow/dags/train_power_pred.py
[2025-07-22T04:39:36.918+0000] {processor.py:914} INFO - Processing file /opt/airflow/dags/train_power_pred.py for tasks to queue
[2025-07-22T04:39:36.921+0000] {logging_mixin.py:190} INFO - [2025-07-22T04:39:36.921+0000] {dagbag.py:588} INFO - Filling up the DagBag from /opt/airflow/dags/train_power_pred.py
[2025-07-22T04:39:40.301+0000] {processor.py:925} INFO - DAG(s) 'train_power_pred' retrieved from /opt/airflow/dags/train_power_pred.py
[2025-07-22T04:39:40.321+0000] {logging_mixin.py:190} INFO - [2025-07-22T04:39:40.320+0000] {dag.py:3239} INFO - Sync 1 DAGs
[2025-07-22T04:39:40.336+0000] {logging_mixin.py:190} INFO - [2025-07-22T04:39:40.335+0000] {dag.py:4180} INFO - Setting next_dagrun for train_power_pred to 2025-07-22 00:00:00+00:00, run_after=2025-07-23 00:00:00+00:00
[2025-07-22T04:39:40.349+0000] {processor.py:208} INFO - Processing /opt/airflow/dags/train_power_pred.py took 3.439 seconds
[2025-07-22T04:40:12.242+0000] {processor.py:186} INFO - Started process (PID=12164) to work on /opt/airflow/dags/train_power_pred.py
[2025-07-22T04:40:12.243+0000] {processor.py:914} INFO - Processing file /opt/airflow/dags/train_power_pred.py for tasks to queue
[2025-07-22T04:40:12.246+0000] {logging_mixin.py:190} INFO - [2025-07-22T04:40:12.245+0000] {dagbag.py:588} INFO - Filling up the DagBag from /opt/airflow/dags/train_power_pred.py
[2025-07-22T04:40:15.501+0000] {processor.py:925} INFO - DAG(s) 'train_power_pred' retrieved from /opt/airflow/dags/train_power_pred.py
[2025-07-22T04:40:15.521+0000] {logging_mixin.py:190} INFO - [2025-07-22T04:40:15.520+0000] {dag.py:3239} INFO - Sync 1 DAGs
[2025-07-22T04:40:15.536+0000] {logging_mixin.py:190} INFO - [2025-07-22T04:40:15.536+0000] {dag.py:4180} INFO - Setting next_dagrun for train_power_pred to 2025-07-22 00:00:00+00:00, run_after=2025-07-23 00:00:00+00:00
[2025-07-22T04:40:15.550+0000] {processor.py:208} INFO - Processing /opt/airflow/dags/train_power_pred.py took 3.316 seconds
[2025-07-22T04:40:47.582+0000] {processor.py:186} INFO - Started process (PID=12268) to work on /opt/airflow/dags/train_power_pred.py
[2025-07-22T04:40:47.583+0000] {processor.py:914} INFO - Processing file /opt/airflow/dags/train_power_pred.py for tasks to queue
[2025-07-22T04:40:47.586+0000] {logging_mixin.py:190} INFO - [2025-07-22T04:40:47.586+0000] {dagbag.py:588} INFO - Filling up the DagBag from /opt/airflow/dags/train_power_pred.py
[2025-07-22T04:40:51.002+0000] {processor.py:925} INFO - DAG(s) 'train_power_pred' retrieved from /opt/airflow/dags/train_power_pred.py
[2025-07-22T04:40:51.023+0000] {logging_mixin.py:190} INFO - [2025-07-22T04:40:51.023+0000] {dag.py:3239} INFO - Sync 1 DAGs
[2025-07-22T04:40:51.042+0000] {logging_mixin.py:190} INFO - [2025-07-22T04:40:51.042+0000] {dag.py:4180} INFO - Setting next_dagrun for train_power_pred to 2025-07-22 00:00:00+00:00, run_after=2025-07-23 00:00:00+00:00
[2025-07-22T04:40:51.058+0000] {processor.py:208} INFO - Processing /opt/airflow/dags/train_power_pred.py took 3.484 seconds
[2025-07-22T04:41:22.279+0000] {processor.py:186} INFO - Started process (PID=12366) to work on /opt/airflow/dags/train_power_pred.py
[2025-07-22T04:41:22.281+0000] {processor.py:914} INFO - Processing file /opt/airflow/dags/train_power_pred.py for tasks to queue
[2025-07-22T04:41:22.284+0000] {logging_mixin.py:190} INFO - [2025-07-22T04:41:22.283+0000] {dagbag.py:588} INFO - Filling up the DagBag from /opt/airflow/dags/train_power_pred.py
[2025-07-22T04:41:25.446+0000] {processor.py:925} INFO - DAG(s) 'train_power_pred' retrieved from /opt/airflow/dags/train_power_pred.py
[2025-07-22T04:41:25.465+0000] {logging_mixin.py:190} INFO - [2025-07-22T04:41:25.465+0000] {dag.py:3239} INFO - Sync 1 DAGs
[2025-07-22T04:41:25.481+0000] {logging_mixin.py:190} INFO - [2025-07-22T04:41:25.481+0000] {dag.py:4180} INFO - Setting next_dagrun for train_power_pred to 2025-07-22 00:00:00+00:00, run_after=2025-07-23 00:00:00+00:00
[2025-07-22T04:41:25.494+0000] {processor.py:208} INFO - Processing /opt/airflow/dags/train_power_pred.py took 3.221 seconds
[2025-07-22T04:41:57.323+0000] {processor.py:186} INFO - Started process (PID=12464) to work on /opt/airflow/dags/train_power_pred.py
[2025-07-22T04:41:57.325+0000] {processor.py:914} INFO - Processing file /opt/airflow/dags/train_power_pred.py for tasks to queue
[2025-07-22T04:41:57.327+0000] {logging_mixin.py:190} INFO - [2025-07-22T04:41:57.327+0000] {dagbag.py:588} INFO - Filling up the DagBag from /opt/airflow/dags/train_power_pred.py
[2025-07-22T04:42:00.760+0000] {processor.py:925} INFO - DAG(s) 'train_power_pred' retrieved from /opt/airflow/dags/train_power_pred.py
[2025-07-22T04:42:00.780+0000] {logging_mixin.py:190} INFO - [2025-07-22T04:42:00.780+0000] {dag.py:3239} INFO - Sync 1 DAGs
[2025-07-22T04:42:00.799+0000] {logging_mixin.py:190} INFO - [2025-07-22T04:42:00.799+0000] {dag.py:4180} INFO - Setting next_dagrun for train_power_pred to 2025-07-22 00:00:00+00:00, run_after=2025-07-23 00:00:00+00:00
[2025-07-22T04:42:00.812+0000] {processor.py:208} INFO - Processing /opt/airflow/dags/train_power_pred.py took 3.496 seconds
[2025-07-22T04:42:32.723+0000] {processor.py:186} INFO - Started process (PID=12562) to work on /opt/airflow/dags/train_power_pred.py
[2025-07-22T04:42:32.725+0000] {processor.py:914} INFO - Processing file /opt/airflow/dags/train_power_pred.py for tasks to queue
[2025-07-22T04:42:32.728+0000] {logging_mixin.py:190} INFO - [2025-07-22T04:42:32.727+0000] {dagbag.py:588} INFO - Filling up the DagBag from /opt/airflow/dags/train_power_pred.py
[2025-07-22T04:42:35.942+0000] {processor.py:925} INFO - DAG(s) 'train_power_pred' retrieved from /opt/airflow/dags/train_power_pred.py
[2025-07-22T04:42:35.961+0000] {logging_mixin.py:190} INFO - [2025-07-22T04:42:35.961+0000] {dag.py:3239} INFO - Sync 1 DAGs
[2025-07-22T04:42:35.978+0000] {logging_mixin.py:190} INFO - [2025-07-22T04:42:35.978+0000] {dag.py:4180} INFO - Setting next_dagrun for train_power_pred to 2025-07-22 00:00:00+00:00, run_after=2025-07-23 00:00:00+00:00
[2025-07-22T04:42:35.991+0000] {processor.py:208} INFO - Processing /opt/airflow/dags/train_power_pred.py took 3.275 seconds
[2025-07-22T04:43:07.154+0000] {processor.py:186} INFO - Started process (PID=12660) to work on /opt/airflow/dags/train_power_pred.py
[2025-07-22T04:43:07.156+0000] {processor.py:914} INFO - Processing file /opt/airflow/dags/train_power_pred.py for tasks to queue
[2025-07-22T04:43:07.159+0000] {logging_mixin.py:190} INFO - [2025-07-22T04:43:07.159+0000] {dagbag.py:588} INFO - Filling up the DagBag from /opt/airflow/dags/train_power_pred.py
[2025-07-22T04:43:10.522+0000] {processor.py:925} INFO - DAG(s) 'train_power_pred' retrieved from /opt/airflow/dags/train_power_pred.py
[2025-07-22T04:43:10.544+0000] {logging_mixin.py:190} INFO - [2025-07-22T04:43:10.544+0000] {dag.py:3239} INFO - Sync 1 DAGs
[2025-07-22T04:43:10.564+0000] {logging_mixin.py:190} INFO - [2025-07-22T04:43:10.563+0000] {dag.py:4180} INFO - Setting next_dagrun for train_power_pred to 2025-07-22 00:00:00+00:00, run_after=2025-07-23 00:00:00+00:00
[2025-07-22T04:43:10.579+0000] {processor.py:208} INFO - Processing /opt/airflow/dags/train_power_pred.py took 3.432 seconds
[2025-07-22T04:43:42.497+0000] {processor.py:186} INFO - Started process (PID=12758) to work on /opt/airflow/dags/train_power_pred.py
[2025-07-22T04:43:42.498+0000] {processor.py:914} INFO - Processing file /opt/airflow/dags/train_power_pred.py for tasks to queue
[2025-07-22T04:43:42.502+0000] {logging_mixin.py:190} INFO - [2025-07-22T04:43:42.501+0000] {dagbag.py:588} INFO - Filling up the DagBag from /opt/airflow/dags/train_power_pred.py
[2025-07-22T04:43:45.832+0000] {processor.py:925} INFO - DAG(s) 'train_power_pred' retrieved from /opt/airflow/dags/train_power_pred.py
[2025-07-22T04:43:45.851+0000] {logging_mixin.py:190} INFO - [2025-07-22T04:43:45.851+0000] {dag.py:3239} INFO - Sync 1 DAGs
[2025-07-22T04:43:45.869+0000] {logging_mixin.py:190} INFO - [2025-07-22T04:43:45.869+0000] {dag.py:4180} INFO - Setting next_dagrun for train_power_pred to 2025-07-22 00:00:00+00:00, run_after=2025-07-23 00:00:00+00:00
[2025-07-22T04:43:45.883+0000] {processor.py:208} INFO - Processing /opt/airflow/dags/train_power_pred.py took 3.396 seconds
[2025-07-22T04:44:16.987+0000] {processor.py:186} INFO - Started process (PID=12862) to work on /opt/airflow/dags/train_power_pred.py
[2025-07-22T04:44:16.989+0000] {processor.py:914} INFO - Processing file /opt/airflow/dags/train_power_pred.py for tasks to queue
[2025-07-22T04:44:16.992+0000] {logging_mixin.py:190} INFO - [2025-07-22T04:44:16.992+0000] {dagbag.py:588} INFO - Filling up the DagBag from /opt/airflow/dags/train_power_pred.py
[2025-07-22T04:44:20.456+0000] {processor.py:925} INFO - DAG(s) 'train_power_pred' retrieved from /opt/airflow/dags/train_power_pred.py
[2025-07-22T04:44:20.481+0000] {logging_mixin.py:190} INFO - [2025-07-22T04:44:20.480+0000] {dag.py:3239} INFO - Sync 1 DAGs
[2025-07-22T04:44:20.500+0000] {logging_mixin.py:190} INFO - [2025-07-22T04:44:20.500+0000] {dag.py:4180} INFO - Setting next_dagrun for train_power_pred to 2025-07-22 00:00:00+00:00, run_after=2025-07-23 00:00:00+00:00
[2025-07-22T04:44:20.518+0000] {processor.py:208} INFO - Processing /opt/airflow/dags/train_power_pred.py took 3.539 seconds
[2025-07-22T04:44:51.865+0000] {processor.py:186} INFO - Started process (PID=12960) to work on /opt/airflow/dags/train_power_pred.py
[2025-07-22T04:44:51.867+0000] {processor.py:914} INFO - Processing file /opt/airflow/dags/train_power_pred.py for tasks to queue
[2025-07-22T04:44:51.870+0000] {logging_mixin.py:190} INFO - [2025-07-22T04:44:51.870+0000] {dagbag.py:588} INFO - Filling up the DagBag from /opt/airflow/dags/train_power_pred.py
[2025-07-22T04:44:55.584+0000] {processor.py:925} INFO - DAG(s) 'train_power_pred' retrieved from /opt/airflow/dags/train_power_pred.py
[2025-07-22T04:44:55.608+0000] {logging_mixin.py:190} INFO - [2025-07-22T04:44:55.607+0000] {dag.py:3239} INFO - Sync 1 DAGs
[2025-07-22T04:44:55.625+0000] {logging_mixin.py:190} INFO - [2025-07-22T04:44:55.625+0000] {dag.py:4180} INFO - Setting next_dagrun for train_power_pred to 2025-07-22 00:00:00+00:00, run_after=2025-07-23 00:00:00+00:00
[2025-07-22T04:44:55.640+0000] {processor.py:208} INFO - Processing /opt/airflow/dags/train_power_pred.py took 3.785 seconds
[2025-07-22T04:45:26.870+0000] {processor.py:186} INFO - Started process (PID=13058) to work on /opt/airflow/dags/train_power_pred.py
[2025-07-22T04:45:26.872+0000] {processor.py:914} INFO - Processing file /opt/airflow/dags/train_power_pred.py for tasks to queue
[2025-07-22T04:45:26.874+0000] {logging_mixin.py:190} INFO - [2025-07-22T04:45:26.874+0000] {dagbag.py:588} INFO - Filling up the DagBag from /opt/airflow/dags/train_power_pred.py
[2025-07-22T04:45:30.667+0000] {processor.py:925} INFO - DAG(s) 'train_power_pred' retrieved from /opt/airflow/dags/train_power_pred.py
[2025-07-22T04:45:30.699+0000] {logging_mixin.py:190} INFO - [2025-07-22T04:45:30.698+0000] {dag.py:3239} INFO - Sync 1 DAGs
[2025-07-22T04:45:30.723+0000] {logging_mixin.py:190} INFO - [2025-07-22T04:45:30.723+0000] {dag.py:4180} INFO - Setting next_dagrun for train_power_pred to 2025-07-22 00:00:00+00:00, run_after=2025-07-23 00:00:00+00:00
[2025-07-22T04:45:30.746+0000] {processor.py:208} INFO - Processing /opt/airflow/dags/train_power_pred.py took 3.883 seconds
[2025-07-22T04:46:02.093+0000] {processor.py:186} INFO - Started process (PID=13156) to work on /opt/airflow/dags/train_power_pred.py
[2025-07-22T04:46:02.094+0000] {processor.py:914} INFO - Processing file /opt/airflow/dags/train_power_pred.py for tasks to queue
[2025-07-22T04:46:02.097+0000] {logging_mixin.py:190} INFO - [2025-07-22T04:46:02.097+0000] {dagbag.py:588} INFO - Filling up the DagBag from /opt/airflow/dags/train_power_pred.py
[2025-07-22T04:46:05.273+0000] {processor.py:925} INFO - DAG(s) 'train_power_pred' retrieved from /opt/airflow/dags/train_power_pred.py
[2025-07-22T04:46:05.291+0000] {logging_mixin.py:190} INFO - [2025-07-22T04:46:05.291+0000] {dag.py:3239} INFO - Sync 1 DAGs
[2025-07-22T04:46:05.308+0000] {logging_mixin.py:190} INFO - [2025-07-22T04:46:05.307+0000] {dag.py:4180} INFO - Setting next_dagrun for train_power_pred to 2025-07-22 00:00:00+00:00, run_after=2025-07-23 00:00:00+00:00
[2025-07-22T04:46:05.322+0000] {processor.py:208} INFO - Processing /opt/airflow/dags/train_power_pred.py took 3.236 seconds
[2025-07-22T04:46:36.567+0000] {processor.py:186} INFO - Started process (PID=13254) to work on /opt/airflow/dags/train_power_pred.py
[2025-07-22T04:46:36.568+0000] {processor.py:914} INFO - Processing file /opt/airflow/dags/train_power_pred.py for tasks to queue
[2025-07-22T04:46:36.571+0000] {logging_mixin.py:190} INFO - [2025-07-22T04:46:36.571+0000] {dagbag.py:588} INFO - Filling up the DagBag from /opt/airflow/dags/train_power_pred.py
[2025-07-22T04:46:39.907+0000] {processor.py:925} INFO - DAG(s) 'train_power_pred' retrieved from /opt/airflow/dags/train_power_pred.py
[2025-07-22T04:46:39.927+0000] {logging_mixin.py:190} INFO - [2025-07-22T04:46:39.926+0000] {dag.py:3239} INFO - Sync 1 DAGs
[2025-07-22T04:46:39.943+0000] {logging_mixin.py:190} INFO - [2025-07-22T04:46:39.943+0000] {dag.py:4180} INFO - Setting next_dagrun for train_power_pred to 2025-07-22 00:00:00+00:00, run_after=2025-07-23 00:00:00+00:00
[2025-07-22T04:46:39.957+0000] {processor.py:208} INFO - Processing /opt/airflow/dags/train_power_pred.py took 3.397 seconds
[2025-07-22T04:47:11.842+0000] {processor.py:186} INFO - Started process (PID=13352) to work on /opt/airflow/dags/train_power_pred.py
[2025-07-22T04:47:11.844+0000] {processor.py:914} INFO - Processing file /opt/airflow/dags/train_power_pred.py for tasks to queue
[2025-07-22T04:47:11.847+0000] {logging_mixin.py:190} INFO - [2025-07-22T04:47:11.847+0000] {dagbag.py:588} INFO - Filling up the DagBag from /opt/airflow/dags/train_power_pred.py
[2025-07-22T04:47:15.077+0000] {processor.py:925} INFO - DAG(s) 'train_power_pred' retrieved from /opt/airflow/dags/train_power_pred.py
[2025-07-22T04:47:15.097+0000] {logging_mixin.py:190} INFO - [2025-07-22T04:47:15.097+0000] {dag.py:3239} INFO - Sync 1 DAGs
[2025-07-22T04:47:15.114+0000] {logging_mixin.py:190} INFO - [2025-07-22T04:47:15.114+0000] {dag.py:4180} INFO - Setting next_dagrun for train_power_pred to 2025-07-22 00:00:00+00:00, run_after=2025-07-23 00:00:00+00:00
[2025-07-22T04:47:15.127+0000] {processor.py:208} INFO - Processing /opt/airflow/dags/train_power_pred.py took 3.293 seconds
[2025-07-22T04:47:47.062+0000] {processor.py:186} INFO - Started process (PID=13456) to work on /opt/airflow/dags/train_power_pred.py
[2025-07-22T04:47:47.063+0000] {processor.py:914} INFO - Processing file /opt/airflow/dags/train_power_pred.py for tasks to queue
[2025-07-22T04:47:47.066+0000] {logging_mixin.py:190} INFO - [2025-07-22T04:47:47.066+0000] {dagbag.py:588} INFO - Filling up the DagBag from /opt/airflow/dags/train_power_pred.py
[2025-07-22T04:47:50.298+0000] {processor.py:925} INFO - DAG(s) 'train_power_pred' retrieved from /opt/airflow/dags/train_power_pred.py
[2025-07-22T04:47:50.317+0000] {logging_mixin.py:190} INFO - [2025-07-22T04:47:50.317+0000] {dag.py:3239} INFO - Sync 1 DAGs
[2025-07-22T04:47:50.334+0000] {logging_mixin.py:190} INFO - [2025-07-22T04:47:50.334+0000] {dag.py:4180} INFO - Setting next_dagrun for train_power_pred to 2025-07-22 00:00:00+00:00, run_after=2025-07-23 00:00:00+00:00
[2025-07-22T04:47:50.349+0000] {processor.py:208} INFO - Processing /opt/airflow/dags/train_power_pred.py took 3.294 seconds
[2025-07-22T04:48:21.962+0000] {processor.py:186} INFO - Started process (PID=13555) to work on /opt/airflow/dags/train_power_pred.py
[2025-07-22T04:48:21.964+0000] {processor.py:914} INFO - Processing file /opt/airflow/dags/train_power_pred.py for tasks to queue
[2025-07-22T04:48:21.966+0000] {logging_mixin.py:190} INFO - [2025-07-22T04:48:21.966+0000] {dagbag.py:588} INFO - Filling up the DagBag from /opt/airflow/dags/train_power_pred.py
[2025-07-22T04:48:25.134+0000] {processor.py:925} INFO - DAG(s) 'train_power_pred' retrieved from /opt/airflow/dags/train_power_pred.py
[2025-07-22T04:48:25.153+0000] {logging_mixin.py:190} INFO - [2025-07-22T04:48:25.153+0000] {dag.py:3239} INFO - Sync 1 DAGs
[2025-07-22T04:48:25.170+0000] {logging_mixin.py:190} INFO - [2025-07-22T04:48:25.170+0000] {dag.py:4180} INFO - Setting next_dagrun for train_power_pred to 2025-07-22 00:00:00+00:00, run_after=2025-07-23 00:00:00+00:00
[2025-07-22T04:48:25.182+0000] {processor.py:208} INFO - Processing /opt/airflow/dags/train_power_pred.py took 3.228 seconds
[2025-07-22T04:48:56.251+0000] {processor.py:186} INFO - Started process (PID=13652) to work on /opt/airflow/dags/train_power_pred.py
[2025-07-22T04:48:56.252+0000] {processor.py:914} INFO - Processing file /opt/airflow/dags/train_power_pred.py for tasks to queue
[2025-07-22T04:48:56.255+0000] {logging_mixin.py:190} INFO - [2025-07-22T04:48:56.255+0000] {dagbag.py:588} INFO - Filling up the DagBag from /opt/airflow/dags/train_power_pred.py
[2025-07-22T04:48:59.532+0000] {processor.py:925} INFO - DAG(s) 'train_power_pred' retrieved from /opt/airflow/dags/train_power_pred.py
[2025-07-22T04:48:59.552+0000] {logging_mixin.py:190} INFO - [2025-07-22T04:48:59.551+0000] {dag.py:3239} INFO - Sync 1 DAGs
[2025-07-22T04:48:59.567+0000] {logging_mixin.py:190} INFO - [2025-07-22T04:48:59.566+0000] {dag.py:4180} INFO - Setting next_dagrun for train_power_pred to 2025-07-22 00:00:00+00:00, run_after=2025-07-23 00:00:00+00:00
[2025-07-22T04:48:59.580+0000] {processor.py:208} INFO - Processing /opt/airflow/dags/train_power_pred.py took 3.337 seconds
[2025-07-22T04:49:30.910+0000] {processor.py:186} INFO - Started process (PID=13750) to work on /opt/airflow/dags/train_power_pred.py
[2025-07-22T04:49:30.912+0000] {processor.py:914} INFO - Processing file /opt/airflow/dags/train_power_pred.py for tasks to queue
[2025-07-22T04:49:30.914+0000] {logging_mixin.py:190} INFO - [2025-07-22T04:49:30.914+0000] {dagbag.py:588} INFO - Filling up the DagBag from /opt/airflow/dags/train_power_pred.py
[2025-07-22T04:49:34.098+0000] {processor.py:925} INFO - DAG(s) 'train_power_pred' retrieved from /opt/airflow/dags/train_power_pred.py
[2025-07-22T04:49:34.117+0000] {logging_mixin.py:190} INFO - [2025-07-22T04:49:34.116+0000] {dag.py:3239} INFO - Sync 1 DAGs
[2025-07-22T04:49:34.133+0000] {logging_mixin.py:190} INFO - [2025-07-22T04:49:34.133+0000] {dag.py:4180} INFO - Setting next_dagrun for train_power_pred to 2025-07-22 00:00:00+00:00, run_after=2025-07-23 00:00:00+00:00
[2025-07-22T04:49:34.150+0000] {processor.py:208} INFO - Processing /opt/airflow/dags/train_power_pred.py took 3.246 seconds
[2025-07-22T04:50:05.512+0000] {processor.py:186} INFO - Started process (PID=13848) to work on /opt/airflow/dags/train_power_pred.py
[2025-07-22T04:50:05.514+0000] {processor.py:914} INFO - Processing file /opt/airflow/dags/train_power_pred.py for tasks to queue
[2025-07-22T04:50:05.517+0000] {logging_mixin.py:190} INFO - [2025-07-22T04:50:05.517+0000] {dagbag.py:588} INFO - Filling up the DagBag from /opt/airflow/dags/train_power_pred.py
[2025-07-22T04:50:08.946+0000] {processor.py:925} INFO - DAG(s) 'train_power_pred' retrieved from /opt/airflow/dags/train_power_pred.py
[2025-07-22T04:50:08.965+0000] {logging_mixin.py:190} INFO - [2025-07-22T04:50:08.964+0000] {dag.py:3239} INFO - Sync 1 DAGs
[2025-07-22T04:50:08.981+0000] {logging_mixin.py:190} INFO - [2025-07-22T04:50:08.981+0000] {dag.py:4180} INFO - Setting next_dagrun for train_power_pred to 2025-07-22 00:00:00+00:00, run_after=2025-07-23 00:00:00+00:00
[2025-07-22T04:50:09.000+0000] {processor.py:208} INFO - Processing /opt/airflow/dags/train_power_pred.py took 3.495 seconds
[2025-07-22T04:50:40.652+0000] {processor.py:186} INFO - Started process (PID=13947) to work on /opt/airflow/dags/train_power_pred.py
[2025-07-22T04:50:40.653+0000] {processor.py:914} INFO - Processing file /opt/airflow/dags/train_power_pred.py for tasks to queue
[2025-07-22T04:50:40.656+0000] {logging_mixin.py:190} INFO - [2025-07-22T04:50:40.656+0000] {dagbag.py:588} INFO - Filling up the DagBag from /opt/airflow/dags/train_power_pred.py
[2025-07-22T04:50:43.896+0000] {processor.py:925} INFO - DAG(s) 'train_power_pred' retrieved from /opt/airflow/dags/train_power_pred.py
[2025-07-22T04:50:43.915+0000] {logging_mixin.py:190} INFO - [2025-07-22T04:50:43.914+0000] {dag.py:3239} INFO - Sync 1 DAGs
[2025-07-22T04:50:43.931+0000] {logging_mixin.py:190} INFO - [2025-07-22T04:50:43.931+0000] {dag.py:4180} INFO - Setting next_dagrun for train_power_pred to 2025-07-22 00:00:00+00:00, run_after=2025-07-23 00:00:00+00:00
[2025-07-22T04:50:43.944+0000] {processor.py:208} INFO - Processing /opt/airflow/dags/train_power_pred.py took 3.300 seconds
[2025-07-22T04:51:15.294+0000] {processor.py:186} INFO - Started process (PID=14051) to work on /opt/airflow/dags/train_power_pred.py
[2025-07-22T04:51:15.296+0000] {processor.py:914} INFO - Processing file /opt/airflow/dags/train_power_pred.py for tasks to queue
[2025-07-22T04:51:15.299+0000] {logging_mixin.py:190} INFO - [2025-07-22T04:51:15.298+0000] {dagbag.py:588} INFO - Filling up the DagBag from /opt/airflow/dags/train_power_pred.py
[2025-07-22T04:51:18.570+0000] {processor.py:925} INFO - DAG(s) 'train_power_pred' retrieved from /opt/airflow/dags/train_power_pred.py
[2025-07-22T04:51:18.589+0000] {logging_mixin.py:190} INFO - [2025-07-22T04:51:18.589+0000] {dag.py:3239} INFO - Sync 1 DAGs
[2025-07-22T04:51:18.604+0000] {logging_mixin.py:190} INFO - [2025-07-22T04:51:18.604+0000] {dag.py:4180} INFO - Setting next_dagrun for train_power_pred to 2025-07-22 00:00:00+00:00, run_after=2025-07-23 00:00:00+00:00
[2025-07-22T04:51:18.617+0000] {processor.py:208} INFO - Processing /opt/airflow/dags/train_power_pred.py took 3.330 seconds
[2025-07-22T04:51:50.620+0000] {processor.py:186} INFO - Started process (PID=14150) to work on /opt/airflow/dags/train_power_pred.py
[2025-07-22T04:51:50.621+0000] {processor.py:914} INFO - Processing file /opt/airflow/dags/train_power_pred.py for tasks to queue
[2025-07-22T04:51:50.624+0000] {logging_mixin.py:190} INFO - [2025-07-22T04:51:50.624+0000] {dagbag.py:588} INFO - Filling up the DagBag from /opt/airflow/dags/train_power_pred.py
[2025-07-22T04:51:53.992+0000] {processor.py:925} INFO - DAG(s) 'train_power_pred' retrieved from /opt/airflow/dags/train_power_pred.py
[2025-07-22T04:51:54.014+0000] {logging_mixin.py:190} INFO - [2025-07-22T04:51:54.013+0000] {dag.py:3239} INFO - Sync 1 DAGs
[2025-07-22T04:51:54.032+0000] {logging_mixin.py:190} INFO - [2025-07-22T04:51:54.032+0000] {dag.py:4180} INFO - Setting next_dagrun for train_power_pred to 2025-07-22 00:00:00+00:00, run_after=2025-07-23 00:00:00+00:00
[2025-07-22T04:51:54.046+0000] {processor.py:208} INFO - Processing /opt/airflow/dags/train_power_pred.py took 3.433 seconds
[2025-07-22T04:52:25.855+0000] {processor.py:186} INFO - Started process (PID=14249) to work on /opt/airflow/dags/train_power_pred.py
[2025-07-22T04:52:25.856+0000] {processor.py:914} INFO - Processing file /opt/airflow/dags/train_power_pred.py for tasks to queue
[2025-07-22T04:52:25.860+0000] {logging_mixin.py:190} INFO - [2025-07-22T04:52:25.859+0000] {dagbag.py:588} INFO - Filling up the DagBag from /opt/airflow/dags/train_power_pred.py
[2025-07-22T04:52:29.067+0000] {processor.py:925} INFO - DAG(s) 'train_power_pred' retrieved from /opt/airflow/dags/train_power_pred.py
[2025-07-22T04:52:29.086+0000] {logging_mixin.py:190} INFO - [2025-07-22T04:52:29.085+0000] {dag.py:3239} INFO - Sync 1 DAGs
[2025-07-22T04:52:29.104+0000] {logging_mixin.py:190} INFO - [2025-07-22T04:52:29.104+0000] {dag.py:4180} INFO - Setting next_dagrun for train_power_pred to 2025-07-22 00:00:00+00:00, run_after=2025-07-23 00:00:00+00:00
[2025-07-22T04:52:29.119+0000] {processor.py:208} INFO - Processing /opt/airflow/dags/train_power_pred.py took 3.271 seconds
[2025-07-22T04:53:00.437+0000] {processor.py:186} INFO - Started process (PID=14348) to work on /opt/airflow/dags/train_power_pred.py
[2025-07-22T04:53:00.438+0000] {processor.py:914} INFO - Processing file /opt/airflow/dags/train_power_pred.py for tasks to queue
[2025-07-22T04:53:00.441+0000] {logging_mixin.py:190} INFO - [2025-07-22T04:53:00.441+0000] {dagbag.py:588} INFO - Filling up the DagBag from /opt/airflow/dags/train_power_pred.py
[2025-07-22T04:53:03.714+0000] {processor.py:925} INFO - DAG(s) 'train_power_pred' retrieved from /opt/airflow/dags/train_power_pred.py
[2025-07-22T04:53:03.737+0000] {logging_mixin.py:190} INFO - [2025-07-22T04:53:03.737+0000] {dag.py:3239} INFO - Sync 1 DAGs
[2025-07-22T04:53:03.757+0000] {logging_mixin.py:190} INFO - [2025-07-22T04:53:03.756+0000] {dag.py:4180} INFO - Setting next_dagrun for train_power_pred to 2025-07-22 00:00:00+00:00, run_after=2025-07-23 00:00:00+00:00
[2025-07-22T04:53:03.774+0000] {processor.py:208} INFO - Processing /opt/airflow/dags/train_power_pred.py took 3.344 seconds
[2025-07-22T04:53:35.744+0000] {processor.py:186} INFO - Started process (PID=14448) to work on /opt/airflow/dags/train_power_pred.py
[2025-07-22T04:53:35.746+0000] {processor.py:914} INFO - Processing file /opt/airflow/dags/train_power_pred.py for tasks to queue
[2025-07-22T04:53:35.749+0000] {logging_mixin.py:190} INFO - [2025-07-22T04:53:35.748+0000] {dagbag.py:588} INFO - Filling up the DagBag from /opt/airflow/dags/train_power_pred.py
[2025-07-22T04:53:39.062+0000] {processor.py:925} INFO - DAG(s) 'train_power_pred' retrieved from /opt/airflow/dags/train_power_pred.py
[2025-07-22T04:53:39.082+0000] {logging_mixin.py:190} INFO - [2025-07-22T04:53:39.081+0000] {dag.py:3239} INFO - Sync 1 DAGs
[2025-07-22T04:53:39.097+0000] {logging_mixin.py:190} INFO - [2025-07-22T04:53:39.097+0000] {dag.py:4180} INFO - Setting next_dagrun for train_power_pred to 2025-07-22 00:00:00+00:00, run_after=2025-07-23 00:00:00+00:00
[2025-07-22T04:53:39.109+0000] {processor.py:208} INFO - Processing /opt/airflow/dags/train_power_pred.py took 3.372 seconds
[2025-07-22T04:54:11.167+0000] {processor.py:186} INFO - Started process (PID=14546) to work on /opt/airflow/dags/train_power_pred.py
[2025-07-22T04:54:11.168+0000] {processor.py:914} INFO - Processing file /opt/airflow/dags/train_power_pred.py for tasks to queue
[2025-07-22T04:54:11.170+0000] {logging_mixin.py:190} INFO - [2025-07-22T04:54:11.170+0000] {dagbag.py:588} INFO - Filling up the DagBag from /opt/airflow/dags/train_power_pred.py
[2025-07-22T04:54:14.285+0000] {processor.py:925} INFO - DAG(s) 'train_power_pred' retrieved from /opt/airflow/dags/train_power_pred.py
[2025-07-22T04:54:14.306+0000] {logging_mixin.py:190} INFO - [2025-07-22T04:54:14.306+0000] {dag.py:3239} INFO - Sync 1 DAGs
[2025-07-22T04:54:14.323+0000] {logging_mixin.py:190} INFO - [2025-07-22T04:54:14.323+0000] {dag.py:4180} INFO - Setting next_dagrun for train_power_pred to 2025-07-22 00:00:00+00:00, run_after=2025-07-23 00:00:00+00:00
[2025-07-22T04:54:14.338+0000] {processor.py:208} INFO - Processing /opt/airflow/dags/train_power_pred.py took 3.178 seconds
[2025-07-22T04:54:46.380+0000] {processor.py:186} INFO - Started process (PID=14650) to work on /opt/airflow/dags/train_power_pred.py
[2025-07-22T04:54:46.381+0000] {processor.py:914} INFO - Processing file /opt/airflow/dags/train_power_pred.py for tasks to queue
[2025-07-22T04:54:46.385+0000] {logging_mixin.py:190} INFO - [2025-07-22T04:54:46.384+0000] {dagbag.py:588} INFO - Filling up the DagBag from /opt/airflow/dags/train_power_pred.py
[2025-07-22T04:54:49.480+0000] {processor.py:925} INFO - DAG(s) 'train_power_pred' retrieved from /opt/airflow/dags/train_power_pred.py
[2025-07-22T04:54:49.502+0000] {logging_mixin.py:190} INFO - [2025-07-22T04:54:49.501+0000] {dag.py:3239} INFO - Sync 1 DAGs
[2025-07-22T04:54:49.519+0000] {logging_mixin.py:190} INFO - [2025-07-22T04:54:49.519+0000] {dag.py:4180} INFO - Setting next_dagrun for train_power_pred to 2025-07-22 00:00:00+00:00, run_after=2025-07-23 00:00:00+00:00
[2025-07-22T04:54:49.535+0000] {processor.py:208} INFO - Processing /opt/airflow/dags/train_power_pred.py took 3.161 seconds
[2025-07-22T04:55:20.786+0000] {processor.py:186} INFO - Started process (PID=14748) to work on /opt/airflow/dags/train_power_pred.py
[2025-07-22T04:55:20.787+0000] {processor.py:914} INFO - Processing file /opt/airflow/dags/train_power_pred.py for tasks to queue
[2025-07-22T04:55:20.790+0000] {logging_mixin.py:190} INFO - [2025-07-22T04:55:20.790+0000] {dagbag.py:588} INFO - Filling up the DagBag from /opt/airflow/dags/train_power_pred.py
[2025-07-22T04:55:23.896+0000] {processor.py:925} INFO - DAG(s) 'train_power_pred' retrieved from /opt/airflow/dags/train_power_pred.py
[2025-07-22T04:55:23.920+0000] {logging_mixin.py:190} INFO - [2025-07-22T04:55:23.919+0000] {dag.py:3239} INFO - Sync 1 DAGs
[2025-07-22T04:55:23.938+0000] {logging_mixin.py:190} INFO - [2025-07-22T04:55:23.938+0000] {dag.py:4180} INFO - Setting next_dagrun for train_power_pred to 2025-07-22 00:00:00+00:00, run_after=2025-07-23 00:00:00+00:00
[2025-07-22T04:55:23.953+0000] {processor.py:208} INFO - Processing /opt/airflow/dags/train_power_pred.py took 3.173 seconds
[2025-07-22T04:55:55.682+0000] {processor.py:186} INFO - Started process (PID=14846) to work on /opt/airflow/dags/train_power_pred.py
[2025-07-22T04:55:55.683+0000] {processor.py:914} INFO - Processing file /opt/airflow/dags/train_power_pred.py for tasks to queue
[2025-07-22T04:55:55.686+0000] {logging_mixin.py:190} INFO - [2025-07-22T04:55:55.686+0000] {dagbag.py:588} INFO - Filling up the DagBag from /opt/airflow/dags/train_power_pred.py
[2025-07-22T04:55:58.772+0000] {processor.py:925} INFO - DAG(s) 'train_power_pred' retrieved from /opt/airflow/dags/train_power_pred.py
[2025-07-22T04:55:58.792+0000] {logging_mixin.py:190} INFO - [2025-07-22T04:55:58.792+0000] {dag.py:3239} INFO - Sync 1 DAGs
[2025-07-22T04:55:58.809+0000] {logging_mixin.py:190} INFO - [2025-07-22T04:55:58.809+0000] {dag.py:4180} INFO - Setting next_dagrun for train_power_pred to 2025-07-22 00:00:00+00:00, run_after=2025-07-23 00:00:00+00:00
[2025-07-22T04:55:58.823+0000] {processor.py:208} INFO - Processing /opt/airflow/dags/train_power_pred.py took 3.149 seconds
[2025-07-22T04:56:29.978+0000] {processor.py:186} INFO - Started process (PID=14941) to work on /opt/airflow/dags/train_power_pred.py
[2025-07-22T04:56:29.979+0000] {processor.py:914} INFO - Processing file /opt/airflow/dags/train_power_pred.py for tasks to queue
[2025-07-22T04:56:29.982+0000] {logging_mixin.py:190} INFO - [2025-07-22T04:56:29.982+0000] {dagbag.py:588} INFO - Filling up the DagBag from /opt/airflow/dags/train_power_pred.py
[2025-07-22T04:56:33.057+0000] {processor.py:925} INFO - DAG(s) 'train_power_pred' retrieved from /opt/airflow/dags/train_power_pred.py
[2025-07-22T04:56:33.075+0000] {logging_mixin.py:190} INFO - [2025-07-22T04:56:33.075+0000] {dag.py:3239} INFO - Sync 1 DAGs
[2025-07-22T04:56:33.091+0000] {logging_mixin.py:190} INFO - [2025-07-22T04:56:33.091+0000] {dag.py:4180} INFO - Setting next_dagrun for train_power_pred to 2025-07-22 00:00:00+00:00, run_after=2025-07-23 00:00:00+00:00
[2025-07-22T04:56:33.105+0000] {processor.py:208} INFO - Processing /opt/airflow/dags/train_power_pred.py took 3.134 seconds
[2025-07-22T04:57:04.326+0000] {processor.py:186} INFO - Started process (PID=15039) to work on /opt/airflow/dags/train_power_pred.py
[2025-07-22T04:57:04.328+0000] {processor.py:914} INFO - Processing file /opt/airflow/dags/train_power_pred.py for tasks to queue
[2025-07-22T04:57:04.330+0000] {logging_mixin.py:190} INFO - [2025-07-22T04:57:04.330+0000] {dagbag.py:588} INFO - Filling up the DagBag from /opt/airflow/dags/train_power_pred.py
[2025-07-22T04:57:07.676+0000] {processor.py:925} INFO - DAG(s) 'train_power_pred' retrieved from /opt/airflow/dags/train_power_pred.py
[2025-07-22T04:57:07.696+0000] {logging_mixin.py:190} INFO - [2025-07-22T04:57:07.695+0000] {dag.py:3239} INFO - Sync 1 DAGs
[2025-07-22T04:57:07.712+0000] {logging_mixin.py:190} INFO - [2025-07-22T04:57:07.711+0000] {dag.py:4180} INFO - Setting next_dagrun for train_power_pred to 2025-07-22 00:00:00+00:00, run_after=2025-07-23 00:00:00+00:00
[2025-07-22T04:57:07.726+0000] {processor.py:208} INFO - Processing /opt/airflow/dags/train_power_pred.py took 3.407 seconds
[2025-07-22T04:57:39.163+0000] {processor.py:186} INFO - Started process (PID=15137) to work on /opt/airflow/dags/train_power_pred.py
[2025-07-22T04:57:39.165+0000] {processor.py:914} INFO - Processing file /opt/airflow/dags/train_power_pred.py for tasks to queue
[2025-07-22T04:57:39.168+0000] {logging_mixin.py:190} INFO - [2025-07-22T04:57:39.168+0000] {dagbag.py:588} INFO - Filling up the DagBag from /opt/airflow/dags/train_power_pred.py
[2025-07-22T04:57:42.418+0000] {processor.py:925} INFO - DAG(s) 'train_power_pred' retrieved from /opt/airflow/dags/train_power_pred.py
[2025-07-22T04:57:42.439+0000] {logging_mixin.py:190} INFO - [2025-07-22T04:57:42.438+0000] {dag.py:3239} INFO - Sync 1 DAGs
[2025-07-22T04:57:42.455+0000] {logging_mixin.py:190} INFO - [2025-07-22T04:57:42.455+0000] {dag.py:4180} INFO - Setting next_dagrun for train_power_pred to 2025-07-22 00:00:00+00:00, run_after=2025-07-23 00:00:00+00:00
[2025-07-22T04:57:42.469+0000] {processor.py:208} INFO - Processing /opt/airflow/dags/train_power_pred.py took 3.312 seconds
[2025-07-22T04:58:14.477+0000] {processor.py:186} INFO - Started process (PID=15238) to work on /opt/airflow/dags/train_power_pred.py
[2025-07-22T04:58:14.479+0000] {processor.py:914} INFO - Processing file /opt/airflow/dags/train_power_pred.py for tasks to queue
[2025-07-22T04:58:14.482+0000] {logging_mixin.py:190} INFO - [2025-07-22T04:58:14.481+0000] {dagbag.py:588} INFO - Filling up the DagBag from /opt/airflow/dags/train_power_pred.py
[2025-07-22T04:58:17.685+0000] {processor.py:925} INFO - DAG(s) 'train_power_pred' retrieved from /opt/airflow/dags/train_power_pred.py
[2025-07-22T04:58:17.706+0000] {logging_mixin.py:190} INFO - [2025-07-22T04:58:17.705+0000] {dag.py:3239} INFO - Sync 1 DAGs
[2025-07-22T04:58:17.722+0000] {logging_mixin.py:190} INFO - [2025-07-22T04:58:17.722+0000] {dag.py:4180} INFO - Setting next_dagrun for train_power_pred to 2025-07-22 00:00:00+00:00, run_after=2025-07-23 00:00:00+00:00
[2025-07-22T04:58:17.737+0000] {processor.py:208} INFO - Processing /opt/airflow/dags/train_power_pred.py took 3.266 seconds
[2025-07-22T04:58:48.856+0000] {processor.py:186} INFO - Started process (PID=15341) to work on /opt/airflow/dags/train_power_pred.py
[2025-07-22T04:58:48.856+0000] {processor.py:914} INFO - Processing file /opt/airflow/dags/train_power_pred.py for tasks to queue
[2025-07-22T04:58:48.859+0000] {logging_mixin.py:190} INFO - [2025-07-22T04:58:48.858+0000] {dagbag.py:588} INFO - Filling up the DagBag from /opt/airflow/dags/train_power_pred.py
[2025-07-22T04:58:52.104+0000] {processor.py:925} INFO - DAG(s) 'train_power_pred' retrieved from /opt/airflow/dags/train_power_pred.py
[2025-07-22T04:58:52.124+0000] {logging_mixin.py:190} INFO - [2025-07-22T04:58:52.123+0000] {dag.py:3239} INFO - Sync 1 DAGs
[2025-07-22T04:58:52.141+0000] {logging_mixin.py:190} INFO - [2025-07-22T04:58:52.141+0000] {dag.py:4180} INFO - Setting next_dagrun for train_power_pred to 2025-07-22 00:00:00+00:00, run_after=2025-07-23 00:00:00+00:00
[2025-07-22T04:58:52.155+0000] {processor.py:208} INFO - Processing /opt/airflow/dags/train_power_pred.py took 3.306 seconds
[2025-07-22T04:59:24.018+0000] {processor.py:186} INFO - Started process (PID=15439) to work on /opt/airflow/dags/train_power_pred.py
[2025-07-22T04:59:24.020+0000] {processor.py:914} INFO - Processing file /opt/airflow/dags/train_power_pred.py for tasks to queue
[2025-07-22T04:59:24.023+0000] {logging_mixin.py:190} INFO - [2025-07-22T04:59:24.023+0000] {dagbag.py:588} INFO - Filling up the DagBag from /opt/airflow/dags/train_power_pred.py
[2025-07-22T04:59:27.227+0000] {processor.py:925} INFO - DAG(s) 'train_power_pred' retrieved from /opt/airflow/dags/train_power_pred.py
[2025-07-22T04:59:27.250+0000] {logging_mixin.py:190} INFO - [2025-07-22T04:59:27.249+0000] {dag.py:3239} INFO - Sync 1 DAGs
[2025-07-22T04:59:27.269+0000] {logging_mixin.py:190} INFO - [2025-07-22T04:59:27.269+0000] {dag.py:4180} INFO - Setting next_dagrun for train_power_pred to 2025-07-22 00:00:00+00:00, run_after=2025-07-23 00:00:00+00:00
[2025-07-22T04:59:27.284+0000] {processor.py:208} INFO - Processing /opt/airflow/dags/train_power_pred.py took 3.274 seconds
[2025-07-22T04:59:59.043+0000] {processor.py:186} INFO - Started process (PID=15537) to work on /opt/airflow/dags/train_power_pred.py
[2025-07-22T04:59:59.045+0000] {processor.py:914} INFO - Processing file /opt/airflow/dags/train_power_pred.py for tasks to queue
[2025-07-22T04:59:59.048+0000] {logging_mixin.py:190} INFO - [2025-07-22T04:59:59.048+0000] {dagbag.py:588} INFO - Filling up the DagBag from /opt/airflow/dags/train_power_pred.py
[2025-07-22T05:00:02.176+0000] {processor.py:925} INFO - DAG(s) 'train_power_pred' retrieved from /opt/airflow/dags/train_power_pred.py
[2025-07-22T05:00:02.198+0000] {logging_mixin.py:190} INFO - [2025-07-22T05:00:02.198+0000] {dag.py:3239} INFO - Sync 1 DAGs
[2025-07-22T05:00:02.216+0000] {logging_mixin.py:190} INFO - [2025-07-22T05:00:02.216+0000] {dag.py:4180} INFO - Setting next_dagrun for train_power_pred to 2025-07-22 00:00:00+00:00, run_after=2025-07-23 00:00:00+00:00
[2025-07-22T05:00:02.230+0000] {processor.py:208} INFO - Processing /opt/airflow/dags/train_power_pred.py took 3.195 seconds
[2025-07-22T05:00:33.500+0000] {processor.py:186} INFO - Started process (PID=15632) to work on /opt/airflow/dags/train_power_pred.py
[2025-07-22T05:00:33.502+0000] {processor.py:914} INFO - Processing file /opt/airflow/dags/train_power_pred.py for tasks to queue
[2025-07-22T05:00:33.505+0000] {logging_mixin.py:190} INFO - [2025-07-22T05:00:33.504+0000] {dagbag.py:588} INFO - Filling up the DagBag from /opt/airflow/dags/train_power_pred.py
[2025-07-22T05:00:36.813+0000] {processor.py:925} INFO - DAG(s) 'train_power_pred' retrieved from /opt/airflow/dags/train_power_pred.py
[2025-07-22T05:00:36.835+0000] {logging_mixin.py:190} INFO - [2025-07-22T05:00:36.835+0000] {dag.py:3239} INFO - Sync 1 DAGs
[2025-07-22T05:00:36.854+0000] {logging_mixin.py:190} INFO - [2025-07-22T05:00:36.853+0000] {dag.py:4180} INFO - Setting next_dagrun for train_power_pred to 2025-07-22 00:00:00+00:00, run_after=2025-07-23 00:00:00+00:00
[2025-07-22T05:00:36.871+0000] {processor.py:208} INFO - Processing /opt/airflow/dags/train_power_pred.py took 3.378 seconds
[2025-07-22T05:01:08.538+0000] {processor.py:186} INFO - Started process (PID=15730) to work on /opt/airflow/dags/train_power_pred.py
[2025-07-22T05:01:08.539+0000] {processor.py:914} INFO - Processing file /opt/airflow/dags/train_power_pred.py for tasks to queue
[2025-07-22T05:01:08.542+0000] {logging_mixin.py:190} INFO - [2025-07-22T05:01:08.542+0000] {dagbag.py:588} INFO - Filling up the DagBag from /opt/airflow/dags/train_power_pred.py
[2025-07-22T05:01:11.888+0000] {processor.py:925} INFO - DAG(s) 'train_power_pred' retrieved from /opt/airflow/dags/train_power_pred.py
[2025-07-22T05:01:11.908+0000] {logging_mixin.py:190} INFO - [2025-07-22T05:01:11.908+0000] {dag.py:3239} INFO - Sync 1 DAGs
[2025-07-22T05:01:11.924+0000] {logging_mixin.py:190} INFO - [2025-07-22T05:01:11.924+0000] {dag.py:4180} INFO - Setting next_dagrun for train_power_pred to 2025-07-22 00:00:00+00:00, run_after=2025-07-23 00:00:00+00:00
[2025-07-22T05:01:11.937+0000] {processor.py:208} INFO - Processing /opt/airflow/dags/train_power_pred.py took 3.408 seconds
[2025-07-22T05:01:43.963+0000] {processor.py:186} INFO - Started process (PID=15828) to work on /opt/airflow/dags/train_power_pred.py
[2025-07-22T05:01:43.964+0000] {processor.py:914} INFO - Processing file /opt/airflow/dags/train_power_pred.py for tasks to queue
[2025-07-22T05:01:43.966+0000] {logging_mixin.py:190} INFO - [2025-07-22T05:01:43.966+0000] {dagbag.py:588} INFO - Filling up the DagBag from /opt/airflow/dags/train_power_pred.py
[2025-07-22T05:01:47.122+0000] {processor.py:925} INFO - DAG(s) 'train_power_pred' retrieved from /opt/airflow/dags/train_power_pred.py
[2025-07-22T05:01:47.142+0000] {logging_mixin.py:190} INFO - [2025-07-22T05:01:47.142+0000] {dag.py:3239} INFO - Sync 1 DAGs
[2025-07-22T05:01:47.160+0000] {logging_mixin.py:190} INFO - [2025-07-22T05:01:47.160+0000] {dag.py:4180} INFO - Setting next_dagrun for train_power_pred to 2025-07-22 00:00:00+00:00, run_after=2025-07-23 00:00:00+00:00
[2025-07-22T05:01:47.175+0000] {processor.py:208} INFO - Processing /opt/airflow/dags/train_power_pred.py took 3.219 seconds
[2025-07-22T05:02:18.370+0000] {processor.py:186} INFO - Started process (PID=15931) to work on /opt/airflow/dags/train_power_pred.py
[2025-07-22T05:02:18.371+0000] {processor.py:914} INFO - Processing file /opt/airflow/dags/train_power_pred.py for tasks to queue
[2025-07-22T05:02:18.373+0000] {logging_mixin.py:190} INFO - [2025-07-22T05:02:18.373+0000] {dagbag.py:588} INFO - Filling up the DagBag from /opt/airflow/dags/train_power_pred.py
[2025-07-22T05:02:21.582+0000] {processor.py:925} INFO - DAG(s) 'train_power_pred' retrieved from /opt/airflow/dags/train_power_pred.py
[2025-07-22T05:02:21.600+0000] {logging_mixin.py:190} INFO - [2025-07-22T05:02:21.599+0000] {dag.py:3239} INFO - Sync 1 DAGs
[2025-07-22T05:02:21.614+0000] {logging_mixin.py:190} INFO - [2025-07-22T05:02:21.614+0000] {dag.py:4180} INFO - Setting next_dagrun for train_power_pred to 2025-07-22 00:00:00+00:00, run_after=2025-07-23 00:00:00+00:00
[2025-07-22T05:02:21.627+0000] {processor.py:208} INFO - Processing /opt/airflow/dags/train_power_pred.py took 3.262 seconds
[2025-07-22T05:02:53.622+0000] {processor.py:186} INFO - Started process (PID=16029) to work on /opt/airflow/dags/train_power_pred.py
[2025-07-22T05:02:53.623+0000] {processor.py:914} INFO - Processing file /opt/airflow/dags/train_power_pred.py for tasks to queue
[2025-07-22T05:02:53.626+0000] {logging_mixin.py:190} INFO - [2025-07-22T05:02:53.625+0000] {dagbag.py:588} INFO - Filling up the DagBag from /opt/airflow/dags/train_power_pred.py
[2025-07-22T05:02:57.258+0000] {processor.py:925} INFO - DAG(s) 'train_power_pred' retrieved from /opt/airflow/dags/train_power_pred.py
[2025-07-22T05:02:57.280+0000] {logging_mixin.py:190} INFO - [2025-07-22T05:02:57.280+0000] {dag.py:3239} INFO - Sync 1 DAGs
[2025-07-22T05:02:57.299+0000] {logging_mixin.py:190} INFO - [2025-07-22T05:02:57.299+0000] {dag.py:4180} INFO - Setting next_dagrun for train_power_pred to 2025-07-22 00:00:00+00:00, run_after=2025-07-23 00:00:00+00:00
[2025-07-22T05:02:57.315+0000] {processor.py:208} INFO - Processing /opt/airflow/dags/train_power_pred.py took 3.701 seconds
[2025-07-22T05:03:28.722+0000] {processor.py:186} INFO - Started process (PID=16127) to work on /opt/airflow/dags/train_power_pred.py
[2025-07-22T05:03:28.725+0000] {processor.py:914} INFO - Processing file /opt/airflow/dags/train_power_pred.py for tasks to queue
[2025-07-22T05:03:28.729+0000] {logging_mixin.py:190} INFO - [2025-07-22T05:03:28.728+0000] {dagbag.py:588} INFO - Filling up the DagBag from /opt/airflow/dags/train_power_pred.py
[2025-07-22T05:03:32.084+0000] {processor.py:925} INFO - DAG(s) 'train_power_pred' retrieved from /opt/airflow/dags/train_power_pred.py
[2025-07-22T05:03:32.102+0000] {logging_mixin.py:190} INFO - [2025-07-22T05:03:32.101+0000] {dag.py:3239} INFO - Sync 1 DAGs
[2025-07-22T05:03:32.118+0000] {logging_mixin.py:190} INFO - [2025-07-22T05:03:32.118+0000] {dag.py:4180} INFO - Setting next_dagrun for train_power_pred to 2025-07-22 00:00:00+00:00, run_after=2025-07-23 00:00:00+00:00
[2025-07-22T05:03:32.132+0000] {processor.py:208} INFO - Processing /opt/airflow/dags/train_power_pred.py took 3.421 seconds
[2025-07-22T05:04:03.294+0000] {processor.py:186} INFO - Started process (PID=16225) to work on /opt/airflow/dags/train_power_pred.py
[2025-07-22T05:04:03.295+0000] {processor.py:914} INFO - Processing file /opt/airflow/dags/train_power_pred.py for tasks to queue
[2025-07-22T05:04:03.297+0000] {logging_mixin.py:190} INFO - [2025-07-22T05:04:03.297+0000] {dagbag.py:588} INFO - Filling up the DagBag from /opt/airflow/dags/train_power_pred.py
[2025-07-22T05:04:06.545+0000] {processor.py:925} INFO - DAG(s) 'train_power_pred' retrieved from /opt/airflow/dags/train_power_pred.py
[2025-07-22T05:04:06.566+0000] {logging_mixin.py:190} INFO - [2025-07-22T05:04:06.565+0000] {dag.py:3239} INFO - Sync 1 DAGs
[2025-07-22T05:04:06.582+0000] {logging_mixin.py:190} INFO - [2025-07-22T05:04:06.582+0000] {dag.py:4180} INFO - Setting next_dagrun for train_power_pred to 2025-07-22 00:00:00+00:00, run_after=2025-07-23 00:00:00+00:00
[2025-07-22T05:04:06.597+0000] {processor.py:208} INFO - Processing /opt/airflow/dags/train_power_pred.py took 3.309 seconds
[2025-07-22T05:04:38.480+0000] {processor.py:186} INFO - Started process (PID=16323) to work on /opt/airflow/dags/train_power_pred.py
[2025-07-22T05:04:38.481+0000] {processor.py:914} INFO - Processing file /opt/airflow/dags/train_power_pred.py for tasks to queue
[2025-07-22T05:04:38.484+0000] {logging_mixin.py:190} INFO - [2025-07-22T05:04:38.483+0000] {dagbag.py:588} INFO - Filling up the DagBag from /opt/airflow/dags/train_power_pred.py
[2025-07-22T05:04:41.624+0000] {processor.py:925} INFO - DAG(s) 'train_power_pred' retrieved from /opt/airflow/dags/train_power_pred.py
[2025-07-22T05:04:41.644+0000] {logging_mixin.py:190} INFO - [2025-07-22T05:04:41.643+0000] {dag.py:3239} INFO - Sync 1 DAGs
[2025-07-22T05:04:41.661+0000] {logging_mixin.py:190} INFO - [2025-07-22T05:04:41.660+0000] {dag.py:4180} INFO - Setting next_dagrun for train_power_pred to 2025-07-22 00:00:00+00:00, run_after=2025-07-23 00:00:00+00:00
[2025-07-22T05:04:41.673+0000] {processor.py:208} INFO - Processing /opt/airflow/dags/train_power_pred.py took 3.199 seconds
[2025-07-22T05:05:13.575+0000] {processor.py:186} INFO - Started process (PID=16421) to work on /opt/airflow/dags/train_power_pred.py
[2025-07-22T05:05:13.577+0000] {processor.py:914} INFO - Processing file /opt/airflow/dags/train_power_pred.py for tasks to queue
[2025-07-22T05:05:13.579+0000] {logging_mixin.py:190} INFO - [2025-07-22T05:05:13.579+0000] {dagbag.py:588} INFO - Filling up the DagBag from /opt/airflow/dags/train_power_pred.py
[2025-07-22T05:05:16.860+0000] {processor.py:925} INFO - DAG(s) 'train_power_pred' retrieved from /opt/airflow/dags/train_power_pred.py
[2025-07-22T05:05:16.880+0000] {logging_mixin.py:190} INFO - [2025-07-22T05:05:16.879+0000] {dag.py:3239} INFO - Sync 1 DAGs
[2025-07-22T05:05:16.895+0000] {logging_mixin.py:190} INFO - [2025-07-22T05:05:16.895+0000] {dag.py:4180} INFO - Setting next_dagrun for train_power_pred to 2025-07-22 00:00:00+00:00, run_after=2025-07-23 00:00:00+00:00
[2025-07-22T05:05:16.909+0000] {processor.py:208} INFO - Processing /opt/airflow/dags/train_power_pred.py took 3.341 seconds
[2025-07-22T05:05:48.692+0000] {processor.py:186} INFO - Started process (PID=16525) to work on /opt/airflow/dags/train_power_pred.py
[2025-07-22T05:05:48.693+0000] {processor.py:914} INFO - Processing file /opt/airflow/dags/train_power_pred.py for tasks to queue
[2025-07-22T05:05:48.696+0000] {logging_mixin.py:190} INFO - [2025-07-22T05:05:48.696+0000] {dagbag.py:588} INFO - Filling up the DagBag from /opt/airflow/dags/train_power_pred.py
[2025-07-22T05:05:51.901+0000] {processor.py:925} INFO - DAG(s) 'train_power_pred' retrieved from /opt/airflow/dags/train_power_pred.py
[2025-07-22T05:05:51.921+0000] {logging_mixin.py:190} INFO - [2025-07-22T05:05:51.920+0000] {dag.py:3239} INFO - Sync 1 DAGs
[2025-07-22T05:05:51.936+0000] {logging_mixin.py:190} INFO - [2025-07-22T05:05:51.936+0000] {dag.py:4180} INFO - Setting next_dagrun for train_power_pred to 2025-07-22 00:00:00+00:00, run_after=2025-07-23 00:00:00+00:00
[2025-07-22T05:05:51.950+0000] {processor.py:208} INFO - Processing /opt/airflow/dags/train_power_pred.py took 3.265 seconds
[2025-07-22T05:06:23.105+0000] {processor.py:186} INFO - Started process (PID=16623) to work on /opt/airflow/dags/train_power_pred.py
[2025-07-22T05:06:23.106+0000] {processor.py:914} INFO - Processing file /opt/airflow/dags/train_power_pred.py for tasks to queue
[2025-07-22T05:06:23.108+0000] {logging_mixin.py:190} INFO - [2025-07-22T05:06:23.108+0000] {dagbag.py:588} INFO - Filling up the DagBag from /opt/airflow/dags/train_power_pred.py
[2025-07-22T05:06:26.252+0000] {processor.py:925} INFO - DAG(s) 'train_power_pred' retrieved from /opt/airflow/dags/train_power_pred.py
[2025-07-22T05:06:26.271+0000] {logging_mixin.py:190} INFO - [2025-07-22T05:06:26.271+0000] {dag.py:3239} INFO - Sync 1 DAGs
[2025-07-22T05:06:26.289+0000] {logging_mixin.py:190} INFO - [2025-07-22T05:06:26.289+0000] {dag.py:4180} INFO - Setting next_dagrun for train_power_pred to 2025-07-22 00:00:00+00:00, run_after=2025-07-23 00:00:00+00:00
[2025-07-22T05:06:26.304+0000] {processor.py:208} INFO - Processing /opt/airflow/dags/train_power_pred.py took 3.204 seconds
[2025-07-22T05:06:58.211+0000] {processor.py:186} INFO - Started process (PID=16721) to work on /opt/airflow/dags/train_power_pred.py
[2025-07-22T05:06:58.212+0000] {processor.py:914} INFO - Processing file /opt/airflow/dags/train_power_pred.py for tasks to queue
[2025-07-22T05:06:58.214+0000] {logging_mixin.py:190} INFO - [2025-07-22T05:06:58.214+0000] {dagbag.py:588} INFO - Filling up the DagBag from /opt/airflow/dags/train_power_pred.py
[2025-07-22T05:07:01.519+0000] {processor.py:925} INFO - DAG(s) 'train_power_pred' retrieved from /opt/airflow/dags/train_power_pred.py
[2025-07-22T05:07:01.539+0000] {logging_mixin.py:190} INFO - [2025-07-22T05:07:01.539+0000] {dag.py:3239} INFO - Sync 1 DAGs
[2025-07-22T05:07:01.556+0000] {logging_mixin.py:190} INFO - [2025-07-22T05:07:01.556+0000] {dag.py:4180} INFO - Setting next_dagrun for train_power_pred to 2025-07-22 00:00:00+00:00, run_after=2025-07-23 00:00:00+00:00
[2025-07-22T05:07:01.571+0000] {processor.py:208} INFO - Processing /opt/airflow/dags/train_power_pred.py took 3.366 seconds
[2025-07-22T05:07:33.356+0000] {processor.py:186} INFO - Started process (PID=16819) to work on /opt/airflow/dags/train_power_pred.py
[2025-07-22T05:07:33.357+0000] {processor.py:914} INFO - Processing file /opt/airflow/dags/train_power_pred.py for tasks to queue
[2025-07-22T05:07:33.359+0000] {logging_mixin.py:190} INFO - [2025-07-22T05:07:33.359+0000] {dagbag.py:588} INFO - Filling up the DagBag from /opt/airflow/dags/train_power_pred.py
[2025-07-22T05:07:36.664+0000] {processor.py:925} INFO - DAG(s) 'train_power_pred' retrieved from /opt/airflow/dags/train_power_pred.py
[2025-07-22T05:07:36.687+0000] {logging_mixin.py:190} INFO - [2025-07-22T05:07:36.686+0000] {dag.py:3239} INFO - Sync 1 DAGs
[2025-07-22T05:07:36.705+0000] {logging_mixin.py:190} INFO - [2025-07-22T05:07:36.705+0000] {dag.py:4180} INFO - Setting next_dagrun for train_power_pred to 2025-07-22 00:00:00+00:00, run_after=2025-07-23 00:00:00+00:00
[2025-07-22T05:07:36.720+0000] {processor.py:208} INFO - Processing /opt/airflow/dags/train_power_pred.py took 3.370 seconds
[2025-07-22T05:08:08.054+0000] {processor.py:186} INFO - Started process (PID=16901) to work on /opt/airflow/dags/train_power_pred.py
[2025-07-22T05:08:08.055+0000] {processor.py:914} INFO - Processing file /opt/airflow/dags/train_power_pred.py for tasks to queue
[2025-07-22T05:08:08.058+0000] {logging_mixin.py:190} INFO - [2025-07-22T05:08:08.058+0000] {dagbag.py:588} INFO - Filling up the DagBag from /opt/airflow/dags/train_power_pred.py
[2025-07-22T05:08:11.473+0000] {processor.py:925} INFO - DAG(s) 'train_power_pred' retrieved from /opt/airflow/dags/train_power_pred.py
[2025-07-22T05:08:11.494+0000] {logging_mixin.py:190} INFO - [2025-07-22T05:08:11.493+0000] {dag.py:3239} INFO - Sync 1 DAGs
[2025-07-22T05:08:11.511+0000] {logging_mixin.py:190} INFO - [2025-07-22T05:08:11.511+0000] {dag.py:4180} INFO - Setting next_dagrun for train_power_pred to 2025-07-22 00:00:00+00:00, run_after=2025-07-23 00:00:00+00:00
[2025-07-22T05:08:11.525+0000] {processor.py:208} INFO - Processing /opt/airflow/dags/train_power_pred.py took 3.477 seconds
[2025-07-22T05:08:42.740+0000] {processor.py:186} INFO - Started process (PID=16999) to work on /opt/airflow/dags/train_power_pred.py
[2025-07-22T05:08:42.741+0000] {processor.py:914} INFO - Processing file /opt/airflow/dags/train_power_pred.py for tasks to queue
[2025-07-22T05:08:42.743+0000] {logging_mixin.py:190} INFO - [2025-07-22T05:08:42.743+0000] {dagbag.py:588} INFO - Filling up the DagBag from /opt/airflow/dags/train_power_pred.py
[2025-07-22T05:08:46.200+0000] {processor.py:925} INFO - DAG(s) 'train_power_pred' retrieved from /opt/airflow/dags/train_power_pred.py
[2025-07-22T05:08:46.220+0000] {logging_mixin.py:190} INFO - [2025-07-22T05:08:46.219+0000] {dag.py:3239} INFO - Sync 1 DAGs
[2025-07-22T05:08:46.237+0000] {logging_mixin.py:190} INFO - [2025-07-22T05:08:46.237+0000] {dag.py:4180} INFO - Setting next_dagrun for train_power_pred to 2025-07-22 00:00:00+00:00, run_after=2025-07-23 00:00:00+00:00
[2025-07-22T05:08:46.251+0000] {processor.py:208} INFO - Processing /opt/airflow/dags/train_power_pred.py took 3.517 seconds
[2025-07-22T05:09:18.095+0000] {processor.py:186} INFO - Started process (PID=17104) to work on /opt/airflow/dags/train_power_pred.py
[2025-07-22T05:09:18.096+0000] {processor.py:914} INFO - Processing file /opt/airflow/dags/train_power_pred.py for tasks to queue
[2025-07-22T05:09:18.099+0000] {logging_mixin.py:190} INFO - [2025-07-22T05:09:18.098+0000] {dagbag.py:588} INFO - Filling up the DagBag from /opt/airflow/dags/train_power_pred.py
[2025-07-22T05:09:21.493+0000] {processor.py:925} INFO - DAG(s) 'train_power_pred' retrieved from /opt/airflow/dags/train_power_pred.py
[2025-07-22T05:09:21.515+0000] {logging_mixin.py:190} INFO - [2025-07-22T05:09:21.515+0000] {dag.py:3239} INFO - Sync 1 DAGs
[2025-07-22T05:09:21.533+0000] {logging_mixin.py:190} INFO - [2025-07-22T05:09:21.532+0000] {dag.py:4180} INFO - Setting next_dagrun for train_power_pred to 2025-07-22 00:00:00+00:00, run_after=2025-07-23 00:00:00+00:00
[2025-07-22T05:09:21.546+0000] {processor.py:208} INFO - Processing /opt/airflow/dags/train_power_pred.py took 3.459 seconds
[2025-07-22T05:09:53.495+0000] {processor.py:186} INFO - Started process (PID=17217) to work on /opt/airflow/dags/train_power_pred.py
[2025-07-22T05:09:53.496+0000] {processor.py:914} INFO - Processing file /opt/airflow/dags/train_power_pred.py for tasks to queue
[2025-07-22T05:09:53.499+0000] {logging_mixin.py:190} INFO - [2025-07-22T05:09:53.499+0000] {dagbag.py:588} INFO - Filling up the DagBag from /opt/airflow/dags/train_power_pred.py
[2025-07-22T05:09:56.815+0000] {processor.py:925} INFO - DAG(s) 'train_power_pred' retrieved from /opt/airflow/dags/train_power_pred.py
[2025-07-22T05:09:56.836+0000] {logging_mixin.py:190} INFO - [2025-07-22T05:09:56.836+0000] {dag.py:3239} INFO - Sync 1 DAGs
[2025-07-22T05:09:56.856+0000] {logging_mixin.py:190} INFO - [2025-07-22T05:09:56.856+0000] {dag.py:4180} INFO - Setting next_dagrun for train_power_pred to 2025-07-22 00:00:00+00:00, run_after=2025-07-23 00:00:00+00:00
[2025-07-22T05:09:56.873+0000] {processor.py:208} INFO - Processing /opt/airflow/dags/train_power_pred.py took 3.384 seconds
[2025-07-22T05:10:28.466+0000] {processor.py:186} INFO - Started process (PID=17315) to work on /opt/airflow/dags/train_power_pred.py
[2025-07-22T05:10:28.468+0000] {processor.py:914} INFO - Processing file /opt/airflow/dags/train_power_pred.py for tasks to queue
[2025-07-22T05:10:28.470+0000] {logging_mixin.py:190} INFO - [2025-07-22T05:10:28.470+0000] {dagbag.py:588} INFO - Filling up the DagBag from /opt/airflow/dags/train_power_pred.py
[2025-07-22T05:10:31.849+0000] {processor.py:925} INFO - DAG(s) 'train_power_pred' retrieved from /opt/airflow/dags/train_power_pred.py
[2025-07-22T05:10:31.869+0000] {logging_mixin.py:190} INFO - [2025-07-22T05:10:31.869+0000] {dag.py:3239} INFO - Sync 1 DAGs
[2025-07-22T05:10:31.887+0000] {logging_mixin.py:190} INFO - [2025-07-22T05:10:31.887+0000] {dag.py:4180} INFO - Setting next_dagrun for train_power_pred to 2025-07-22 00:00:00+00:00, run_after=2025-07-23 00:00:00+00:00
[2025-07-22T05:10:31.900+0000] {processor.py:208} INFO - Processing /opt/airflow/dags/train_power_pred.py took 3.442 seconds
[2025-07-22T05:11:03.508+0000] {processor.py:186} INFO - Started process (PID=17413) to work on /opt/airflow/dags/train_power_pred.py
[2025-07-22T05:11:03.509+0000] {processor.py:914} INFO - Processing file /opt/airflow/dags/train_power_pred.py for tasks to queue
[2025-07-22T05:11:03.511+0000] {logging_mixin.py:190} INFO - [2025-07-22T05:11:03.511+0000] {dagbag.py:588} INFO - Filling up the DagBag from /opt/airflow/dags/train_power_pred.py
[2025-07-22T05:11:06.838+0000] {processor.py:925} INFO - DAG(s) 'train_power_pred' retrieved from /opt/airflow/dags/train_power_pred.py
[2025-07-22T05:11:06.860+0000] {logging_mixin.py:190} INFO - [2025-07-22T05:11:06.859+0000] {dag.py:3239} INFO - Sync 1 DAGs
[2025-07-22T05:11:06.877+0000] {logging_mixin.py:190} INFO - [2025-07-22T05:11:06.877+0000] {dag.py:4180} INFO - Setting next_dagrun for train_power_pred to 2025-07-22 00:00:00+00:00, run_after=2025-07-23 00:00:00+00:00
[2025-07-22T05:11:06.892+0000] {processor.py:208} INFO - Processing /opt/airflow/dags/train_power_pred.py took 3.390 seconds
[2025-07-22T05:11:38.800+0000] {processor.py:186} INFO - Started process (PID=17511) to work on /opt/airflow/dags/train_power_pred.py
[2025-07-22T05:11:38.801+0000] {processor.py:914} INFO - Processing file /opt/airflow/dags/train_power_pred.py for tasks to queue
[2025-07-22T05:11:38.803+0000] {logging_mixin.py:190} INFO - [2025-07-22T05:11:38.803+0000] {dagbag.py:588} INFO - Filling up the DagBag from /opt/airflow/dags/train_power_pred.py
[2025-07-22T05:11:42.073+0000] {processor.py:925} INFO - DAG(s) 'train_power_pred' retrieved from /opt/airflow/dags/train_power_pred.py
[2025-07-22T05:11:42.093+0000] {logging_mixin.py:190} INFO - [2025-07-22T05:11:42.093+0000] {dag.py:3239} INFO - Sync 1 DAGs
[2025-07-22T05:11:42.109+0000] {logging_mixin.py:190} INFO - [2025-07-22T05:11:42.109+0000] {dag.py:4180} INFO - Setting next_dagrun for train_power_pred to 2025-07-22 00:00:00+00:00, run_after=2025-07-23 00:00:00+00:00
[2025-07-22T05:11:42.122+0000] {processor.py:208} INFO - Processing /opt/airflow/dags/train_power_pred.py took 3.326 seconds
[2025-07-22T05:12:13.269+0000] {processor.py:186} INFO - Started process (PID=17609) to work on /opt/airflow/dags/train_power_pred.py
[2025-07-22T05:12:13.270+0000] {processor.py:914} INFO - Processing file /opt/airflow/dags/train_power_pred.py for tasks to queue
[2025-07-22T05:12:13.272+0000] {logging_mixin.py:190} INFO - [2025-07-22T05:12:13.272+0000] {dagbag.py:588} INFO - Filling up the DagBag from /opt/airflow/dags/train_power_pred.py
[2025-07-22T05:12:16.408+0000] {processor.py:925} INFO - DAG(s) 'train_power_pred' retrieved from /opt/airflow/dags/train_power_pred.py
[2025-07-22T05:12:16.428+0000] {logging_mixin.py:190} INFO - [2025-07-22T05:12:16.427+0000] {dag.py:3239} INFO - Sync 1 DAGs
[2025-07-22T05:12:16.444+0000] {logging_mixin.py:190} INFO - [2025-07-22T05:12:16.444+0000] {dag.py:4180} INFO - Setting next_dagrun for train_power_pred to 2025-07-22 00:00:00+00:00, run_after=2025-07-23 00:00:00+00:00
[2025-07-22T05:12:16.458+0000] {processor.py:208} INFO - Processing /opt/airflow/dags/train_power_pred.py took 3.196 seconds
[2025-07-22T05:12:48.293+0000] {processor.py:186} INFO - Started process (PID=17713) to work on /opt/airflow/dags/train_power_pred.py
[2025-07-22T05:12:48.294+0000] {processor.py:914} INFO - Processing file /opt/airflow/dags/train_power_pred.py for tasks to queue
[2025-07-22T05:12:48.296+0000] {logging_mixin.py:190} INFO - [2025-07-22T05:12:48.296+0000] {dagbag.py:588} INFO - Filling up the DagBag from /opt/airflow/dags/train_power_pred.py
[2025-07-22T05:12:51.582+0000] {processor.py:925} INFO - DAG(s) 'train_power_pred' retrieved from /opt/airflow/dags/train_power_pred.py
[2025-07-22T05:12:51.606+0000] {logging_mixin.py:190} INFO - [2025-07-22T05:12:51.606+0000] {dag.py:3239} INFO - Sync 1 DAGs
[2025-07-22T05:12:51.625+0000] {logging_mixin.py:190} INFO - [2025-07-22T05:12:51.625+0000] {dag.py:4180} INFO - Setting next_dagrun for train_power_pred to 2025-07-22 00:00:00+00:00, run_after=2025-07-23 00:00:00+00:00
[2025-07-22T05:12:51.642+0000] {processor.py:208} INFO - Processing /opt/airflow/dags/train_power_pred.py took 3.354 seconds
[2025-07-22T05:13:22.742+0000] {processor.py:186} INFO - Started process (PID=17795) to work on /opt/airflow/dags/train_power_pred.py
[2025-07-22T05:13:22.744+0000] {processor.py:914} INFO - Processing file /opt/airflow/dags/train_power_pred.py for tasks to queue
[2025-07-22T05:13:22.746+0000] {logging_mixin.py:190} INFO - [2025-07-22T05:13:22.746+0000] {dagbag.py:588} INFO - Filling up the DagBag from /opt/airflow/dags/train_power_pred.py
[2025-07-22T05:13:26.031+0000] {processor.py:925} INFO - DAG(s) 'train_power_pred' retrieved from /opt/airflow/dags/train_power_pred.py
[2025-07-22T05:13:26.054+0000] {logging_mixin.py:190} INFO - [2025-07-22T05:13:26.053+0000] {dag.py:3239} INFO - Sync 1 DAGs
[2025-07-22T05:13:26.075+0000] {logging_mixin.py:190} INFO - [2025-07-22T05:13:26.074+0000] {dag.py:4180} INFO - Setting next_dagrun for train_power_pred to 2025-07-22 00:00:00+00:00, run_after=2025-07-23 00:00:00+00:00
[2025-07-22T05:13:26.090+0000] {processor.py:208} INFO - Processing /opt/airflow/dags/train_power_pred.py took 3.353 seconds
[2025-07-22T05:13:57.951+0000] {processor.py:186} INFO - Started process (PID=17894) to work on /opt/airflow/dags/train_power_pred.py
[2025-07-22T05:13:57.962+0000] {processor.py:914} INFO - Processing file /opt/airflow/dags/train_power_pred.py for tasks to queue
[2025-07-22T05:13:57.965+0000] {logging_mixin.py:190} INFO - [2025-07-22T05:13:57.965+0000] {dagbag.py:588} INFO - Filling up the DagBag from /opt/airflow/dags/train_power_pred.py
[2025-07-22T05:14:01.320+0000] {processor.py:925} INFO - DAG(s) 'train_power_pred' retrieved from /opt/airflow/dags/train_power_pred.py
[2025-07-22T05:14:01.340+0000] {logging_mixin.py:190} INFO - [2025-07-22T05:14:01.340+0000] {dag.py:3239} INFO - Sync 1 DAGs
[2025-07-22T05:14:01.357+0000] {logging_mixin.py:190} INFO - [2025-07-22T05:14:01.357+0000] {dag.py:4180} INFO - Setting next_dagrun for train_power_pred to 2025-07-22 00:00:00+00:00, run_after=2025-07-23 00:00:00+00:00
[2025-07-22T05:14:01.370+0000] {processor.py:208} INFO - Processing /opt/airflow/dags/train_power_pred.py took 3.426 seconds
[2025-07-22T05:14:32.890+0000] {processor.py:186} INFO - Started process (PID=18007) to work on /opt/airflow/dags/train_power_pred.py
[2025-07-22T05:14:32.891+0000] {processor.py:914} INFO - Processing file /opt/airflow/dags/train_power_pred.py for tasks to queue
[2025-07-22T05:14:32.894+0000] {logging_mixin.py:190} INFO - [2025-07-22T05:14:32.893+0000] {dagbag.py:588} INFO - Filling up the DagBag from /opt/airflow/dags/train_power_pred.py
[2025-07-22T05:14:36.187+0000] {processor.py:925} INFO - DAG(s) 'train_power_pred' retrieved from /opt/airflow/dags/train_power_pred.py
[2025-07-22T05:14:36.209+0000] {logging_mixin.py:190} INFO - [2025-07-22T05:14:36.209+0000] {dag.py:3239} INFO - Sync 1 DAGs
[2025-07-22T05:14:36.226+0000] {logging_mixin.py:190} INFO - [2025-07-22T05:14:36.225+0000] {dag.py:4180} INFO - Setting next_dagrun for train_power_pred to 2025-07-22 00:00:00+00:00, run_after=2025-07-23 00:00:00+00:00
[2025-07-22T05:14:36.239+0000] {processor.py:208} INFO - Processing /opt/airflow/dags/train_power_pred.py took 3.356 seconds
[2025-07-22T05:15:07.932+0000] {processor.py:186} INFO - Started process (PID=18105) to work on /opt/airflow/dags/train_power_pred.py
[2025-07-22T05:15:07.933+0000] {processor.py:914} INFO - Processing file /opt/airflow/dags/train_power_pred.py for tasks to queue
[2025-07-22T05:15:07.935+0000] {logging_mixin.py:190} INFO - [2025-07-22T05:15:07.934+0000] {dagbag.py:588} INFO - Filling up the DagBag from /opt/airflow/dags/train_power_pred.py
[2025-07-22T05:15:11.262+0000] {processor.py:925} INFO - DAG(s) 'train_power_pred' retrieved from /opt/airflow/dags/train_power_pred.py
[2025-07-22T05:15:11.284+0000] {logging_mixin.py:190} INFO - [2025-07-22T05:15:11.283+0000] {dag.py:3239} INFO - Sync 1 DAGs
[2025-07-22T05:15:11.304+0000] {logging_mixin.py:190} INFO - [2025-07-22T05:15:11.304+0000] {dag.py:4180} INFO - Setting next_dagrun for train_power_pred to 2025-07-22 00:00:00+00:00, run_after=2025-07-23 00:00:00+00:00
[2025-07-22T05:15:11.322+0000] {processor.py:208} INFO - Processing /opt/airflow/dags/train_power_pred.py took 3.396 seconds
[2025-07-22T05:15:42.914+0000] {processor.py:186} INFO - Started process (PID=18203) to work on /opt/airflow/dags/train_power_pred.py
[2025-07-22T05:15:42.915+0000] {processor.py:914} INFO - Processing file /opt/airflow/dags/train_power_pred.py for tasks to queue
[2025-07-22T05:15:42.917+0000] {logging_mixin.py:190} INFO - [2025-07-22T05:15:42.917+0000] {dagbag.py:588} INFO - Filling up the DagBag from /opt/airflow/dags/train_power_pred.py
[2025-07-22T05:15:46.280+0000] {processor.py:925} INFO - DAG(s) 'train_power_pred' retrieved from /opt/airflow/dags/train_power_pred.py
[2025-07-22T05:15:46.302+0000] {logging_mixin.py:190} INFO - [2025-07-22T05:15:46.301+0000] {dag.py:3239} INFO - Sync 1 DAGs
[2025-07-22T05:15:46.317+0000] {logging_mixin.py:190} INFO - [2025-07-22T05:15:46.317+0000] {dag.py:4180} INFO - Setting next_dagrun for train_power_pred to 2025-07-22 00:00:00+00:00, run_after=2025-07-23 00:00:00+00:00
[2025-07-22T05:15:46.330+0000] {processor.py:208} INFO - Processing /opt/airflow/dags/train_power_pred.py took 3.422 seconds
[2025-07-22T05:16:18.163+0000] {processor.py:186} INFO - Started process (PID=18307) to work on /opt/airflow/dags/train_power_pred.py
[2025-07-22T05:16:18.164+0000] {processor.py:914} INFO - Processing file /opt/airflow/dags/train_power_pred.py for tasks to queue
[2025-07-22T05:16:18.166+0000] {logging_mixin.py:190} INFO - [2025-07-22T05:16:18.166+0000] {dagbag.py:588} INFO - Filling up the DagBag from /opt/airflow/dags/train_power_pred.py
[2025-07-22T05:16:21.510+0000] {processor.py:925} INFO - DAG(s) 'train_power_pred' retrieved from /opt/airflow/dags/train_power_pred.py
[2025-07-22T05:16:21.534+0000] {logging_mixin.py:190} INFO - [2025-07-22T05:16:21.533+0000] {dag.py:3239} INFO - Sync 1 DAGs
[2025-07-22T05:16:21.569+0000] {logging_mixin.py:190} INFO - [2025-07-22T05:16:21.569+0000] {dag.py:4180} INFO - Setting next_dagrun for train_power_pred to 2025-07-22 00:00:00+00:00, run_after=2025-07-23 00:00:00+00:00
[2025-07-22T05:16:21.587+0000] {processor.py:208} INFO - Processing /opt/airflow/dags/train_power_pred.py took 3.429 seconds
[2025-07-22T05:16:53.563+0000] {processor.py:186} INFO - Started process (PID=18405) to work on /opt/airflow/dags/train_power_pred.py
[2025-07-22T05:16:53.564+0000] {processor.py:914} INFO - Processing file /opt/airflow/dags/train_power_pred.py for tasks to queue
[2025-07-22T05:16:53.566+0000] {logging_mixin.py:190} INFO - [2025-07-22T05:16:53.566+0000] {dagbag.py:588} INFO - Filling up the DagBag from /opt/airflow/dags/train_power_pred.py
[2025-07-22T05:16:56.843+0000] {processor.py:925} INFO - DAG(s) 'train_power_pred' retrieved from /opt/airflow/dags/train_power_pred.py
[2025-07-22T05:16:56.864+0000] {logging_mixin.py:190} INFO - [2025-07-22T05:16:56.864+0000] {dag.py:3239} INFO - Sync 1 DAGs
[2025-07-22T05:16:56.883+0000] {logging_mixin.py:190} INFO - [2025-07-22T05:16:56.883+0000] {dag.py:4180} INFO - Setting next_dagrun for train_power_pred to 2025-07-22 00:00:00+00:00, run_after=2025-07-23 00:00:00+00:00
[2025-07-22T05:16:56.900+0000] {processor.py:208} INFO - Processing /opt/airflow/dags/train_power_pred.py took 3.343 seconds
[2025-07-22T05:17:28.777+0000] {processor.py:186} INFO - Started process (PID=18503) to work on /opt/airflow/dags/train_power_pred.py
[2025-07-22T05:17:28.779+0000] {processor.py:914} INFO - Processing file /opt/airflow/dags/train_power_pred.py for tasks to queue
[2025-07-22T05:17:28.781+0000] {logging_mixin.py:190} INFO - [2025-07-22T05:17:28.780+0000] {dagbag.py:588} INFO - Filling up the DagBag from /opt/airflow/dags/train_power_pred.py
[2025-07-22T05:17:32.051+0000] {processor.py:925} INFO - DAG(s) 'train_power_pred' retrieved from /opt/airflow/dags/train_power_pred.py
[2025-07-22T05:17:32.074+0000] {logging_mixin.py:190} INFO - [2025-07-22T05:17:32.073+0000] {dag.py:3239} INFO - Sync 1 DAGs
[2025-07-22T05:17:32.089+0000] {logging_mixin.py:190} INFO - [2025-07-22T05:17:32.089+0000] {dag.py:4180} INFO - Setting next_dagrun for train_power_pred to 2025-07-22 00:00:00+00:00, run_after=2025-07-23 00:00:00+00:00
[2025-07-22T05:17:32.104+0000] {processor.py:208} INFO - Processing /opt/airflow/dags/train_power_pred.py took 3.333 seconds
[2025-07-22T05:18:03.677+0000] {processor.py:186} INFO - Started process (PID=18601) to work on /opt/airflow/dags/train_power_pred.py
[2025-07-22T05:18:03.678+0000] {processor.py:914} INFO - Processing file /opt/airflow/dags/train_power_pred.py for tasks to queue
[2025-07-22T05:18:03.680+0000] {logging_mixin.py:190} INFO - [2025-07-22T05:18:03.680+0000] {dagbag.py:588} INFO - Filling up the DagBag from /opt/airflow/dags/train_power_pred.py
[2025-07-22T05:18:06.953+0000] {processor.py:925} INFO - DAG(s) 'train_power_pred' retrieved from /opt/airflow/dags/train_power_pred.py
[2025-07-22T05:18:06.973+0000] {logging_mixin.py:190} INFO - [2025-07-22T05:18:06.973+0000] {dag.py:3239} INFO - Sync 1 DAGs
[2025-07-22T05:18:06.992+0000] {logging_mixin.py:190} INFO - [2025-07-22T05:18:06.992+0000] {dag.py:4180} INFO - Setting next_dagrun for train_power_pred to 2025-07-22 00:00:00+00:00, run_after=2025-07-23 00:00:00+00:00
[2025-07-22T05:18:07.008+0000] {processor.py:208} INFO - Processing /opt/airflow/dags/train_power_pred.py took 3.336 seconds
[2025-07-22T05:18:38.229+0000] {processor.py:186} INFO - Started process (PID=18699) to work on /opt/airflow/dags/train_power_pred.py
[2025-07-22T05:18:38.230+0000] {processor.py:914} INFO - Processing file /opt/airflow/dags/train_power_pred.py for tasks to queue
[2025-07-22T05:18:38.233+0000] {logging_mixin.py:190} INFO - [2025-07-22T05:18:38.232+0000] {dagbag.py:588} INFO - Filling up the DagBag from /opt/airflow/dags/train_power_pred.py
[2025-07-22T05:18:41.501+0000] {processor.py:925} INFO - DAG(s) 'train_power_pred' retrieved from /opt/airflow/dags/train_power_pred.py
[2025-07-22T05:18:41.520+0000] {logging_mixin.py:190} INFO - [2025-07-22T05:18:41.520+0000] {dag.py:3239} INFO - Sync 1 DAGs
[2025-07-22T05:18:41.537+0000] {logging_mixin.py:190} INFO - [2025-07-22T05:18:41.537+0000] {dag.py:4180} INFO - Setting next_dagrun for train_power_pred to 2025-07-22 00:00:00+00:00, run_after=2025-07-23 00:00:00+00:00
[2025-07-22T05:18:41.551+0000] {processor.py:208} INFO - Processing /opt/airflow/dags/train_power_pred.py took 3.328 seconds
[2025-07-22T05:19:13.365+0000] {processor.py:186} INFO - Started process (PID=18797) to work on /opt/airflow/dags/train_power_pred.py
[2025-07-22T05:19:13.367+0000] {processor.py:914} INFO - Processing file /opt/airflow/dags/train_power_pred.py for tasks to queue
[2025-07-22T05:19:13.369+0000] {logging_mixin.py:190} INFO - [2025-07-22T05:19:13.368+0000] {dagbag.py:588} INFO - Filling up the DagBag from /opt/airflow/dags/train_power_pred.py
[2025-07-22T05:19:16.730+0000] {processor.py:925} INFO - DAG(s) 'train_power_pred' retrieved from /opt/airflow/dags/train_power_pred.py
[2025-07-22T05:19:16.752+0000] {logging_mixin.py:190} INFO - [2025-07-22T05:19:16.751+0000] {dag.py:3239} INFO - Sync 1 DAGs
[2025-07-22T05:19:16.772+0000] {logging_mixin.py:190} INFO - [2025-07-22T05:19:16.772+0000] {dag.py:4180} INFO - Setting next_dagrun for train_power_pred to 2025-07-22 00:00:00+00:00, run_after=2025-07-23 00:00:00+00:00
[2025-07-22T05:19:16.786+0000] {processor.py:208} INFO - Processing /opt/airflow/dags/train_power_pred.py took 3.428 seconds
[2025-07-22T05:19:48.408+0000] {processor.py:186} INFO - Started process (PID=18901) to work on /opt/airflow/dags/train_power_pred.py
[2025-07-22T05:19:48.410+0000] {processor.py:914} INFO - Processing file /opt/airflow/dags/train_power_pred.py for tasks to queue
[2025-07-22T05:19:48.412+0000] {logging_mixin.py:190} INFO - [2025-07-22T05:19:48.412+0000] {dagbag.py:588} INFO - Filling up the DagBag from /opt/airflow/dags/train_power_pred.py
[2025-07-22T05:19:51.769+0000] {processor.py:925} INFO - DAG(s) 'train_power_pred' retrieved from /opt/airflow/dags/train_power_pred.py
[2025-07-22T05:19:51.790+0000] {logging_mixin.py:190} INFO - [2025-07-22T05:19:51.790+0000] {dag.py:3239} INFO - Sync 1 DAGs
[2025-07-22T05:19:51.812+0000] {logging_mixin.py:190} INFO - [2025-07-22T05:19:51.812+0000] {dag.py:4180} INFO - Setting next_dagrun for train_power_pred to 2025-07-22 00:00:00+00:00, run_after=2025-07-23 00:00:00+00:00
[2025-07-22T05:19:51.829+0000] {processor.py:208} INFO - Processing /opt/airflow/dags/train_power_pred.py took 3.427 seconds
[2025-07-22T05:20:23.607+0000] {processor.py:186} INFO - Started process (PID=18984) to work on /opt/airflow/dags/train_power_pred.py
[2025-07-22T05:20:23.608+0000] {processor.py:914} INFO - Processing file /opt/airflow/dags/train_power_pred.py for tasks to queue
[2025-07-22T05:20:23.610+0000] {logging_mixin.py:190} INFO - [2025-07-22T05:20:23.610+0000] {dagbag.py:588} INFO - Filling up the DagBag from /opt/airflow/dags/train_power_pred.py
[2025-07-22T05:20:27.102+0000] {processor.py:925} INFO - DAG(s) 'train_power_pred' retrieved from /opt/airflow/dags/train_power_pred.py
[2025-07-22T05:20:27.125+0000] {logging_mixin.py:190} INFO - [2025-07-22T05:20:27.125+0000] {dag.py:3239} INFO - Sync 1 DAGs
[2025-07-22T05:20:27.144+0000] {logging_mixin.py:190} INFO - [2025-07-22T05:20:27.144+0000] {dag.py:4180} INFO - Setting next_dagrun for train_power_pred to 2025-07-22 00:00:00+00:00, run_after=2025-07-23 00:00:00+00:00
[2025-07-22T05:20:27.164+0000] {processor.py:208} INFO - Processing /opt/airflow/dags/train_power_pred.py took 3.563 seconds
[2025-07-22T05:20:59.024+0000] {processor.py:186} INFO - Started process (PID=19097) to work on /opt/airflow/dags/train_power_pred.py
[2025-07-22T05:20:59.025+0000] {processor.py:914} INFO - Processing file /opt/airflow/dags/train_power_pred.py for tasks to queue
[2025-07-22T05:20:59.027+0000] {logging_mixin.py:190} INFO - [2025-07-22T05:20:59.027+0000] {dagbag.py:588} INFO - Filling up the DagBag from /opt/airflow/dags/train_power_pred.py
[2025-07-22T05:21:02.281+0000] {processor.py:925} INFO - DAG(s) 'train_power_pred' retrieved from /opt/airflow/dags/train_power_pred.py
[2025-07-22T05:21:02.302+0000] {logging_mixin.py:190} INFO - [2025-07-22T05:21:02.302+0000] {dag.py:3239} INFO - Sync 1 DAGs
[2025-07-22T05:21:02.319+0000] {logging_mixin.py:190} INFO - [2025-07-22T05:21:02.319+0000] {dag.py:4180} INFO - Setting next_dagrun for train_power_pred to 2025-07-22 00:00:00+00:00, run_after=2025-07-23 00:00:00+00:00
[2025-07-22T05:21:02.332+0000] {processor.py:208} INFO - Processing /opt/airflow/dags/train_power_pred.py took 3.314 seconds
[2025-07-22T05:21:33.545+0000] {processor.py:186} INFO - Started process (PID=19195) to work on /opt/airflow/dags/train_power_pred.py
[2025-07-22T05:21:33.546+0000] {processor.py:914} INFO - Processing file /opt/airflow/dags/train_power_pred.py for tasks to queue
[2025-07-22T05:21:33.548+0000] {logging_mixin.py:190} INFO - [2025-07-22T05:21:33.548+0000] {dagbag.py:588} INFO - Filling up the DagBag from /opt/airflow/dags/train_power_pred.py
[2025-07-22T05:21:36.837+0000] {processor.py:925} INFO - DAG(s) 'train_power_pred' retrieved from /opt/airflow/dags/train_power_pred.py
[2025-07-22T05:21:36.856+0000] {logging_mixin.py:190} INFO - [2025-07-22T05:21:36.856+0000] {dag.py:3239} INFO - Sync 1 DAGs
[2025-07-22T05:21:36.874+0000] {logging_mixin.py:190} INFO - [2025-07-22T05:21:36.873+0000] {dag.py:4180} INFO - Setting next_dagrun for train_power_pred to 2025-07-22 00:00:00+00:00, run_after=2025-07-23 00:00:00+00:00
[2025-07-22T05:21:36.887+0000] {processor.py:208} INFO - Processing /opt/airflow/dags/train_power_pred.py took 3.348 seconds
[2025-07-22T05:22:08.682+0000] {processor.py:186} INFO - Started process (PID=19293) to work on /opt/airflow/dags/train_power_pred.py
[2025-07-22T05:22:08.683+0000] {processor.py:914} INFO - Processing file /opt/airflow/dags/train_power_pred.py for tasks to queue
[2025-07-22T05:22:08.686+0000] {logging_mixin.py:190} INFO - [2025-07-22T05:22:08.686+0000] {dagbag.py:588} INFO - Filling up the DagBag from /opt/airflow/dags/train_power_pred.py
[2025-07-22T05:22:12.072+0000] {processor.py:925} INFO - DAG(s) 'train_power_pred' retrieved from /opt/airflow/dags/train_power_pred.py
[2025-07-22T05:22:12.094+0000] {logging_mixin.py:190} INFO - [2025-07-22T05:22:12.093+0000] {dag.py:3239} INFO - Sync 1 DAGs
[2025-07-22T05:22:12.111+0000] {logging_mixin.py:190} INFO - [2025-07-22T05:22:12.111+0000] {dag.py:4180} INFO - Setting next_dagrun for train_power_pred to 2025-07-22 00:00:00+00:00, run_after=2025-07-23 00:00:00+00:00
[2025-07-22T05:22:12.130+0000] {processor.py:208} INFO - Processing /opt/airflow/dags/train_power_pred.py took 3.454 seconds
[2025-07-22T05:22:43.645+0000] {processor.py:186} INFO - Started process (PID=19391) to work on /opt/airflow/dags/train_power_pred.py
[2025-07-22T05:22:43.646+0000] {processor.py:914} INFO - Processing file /opt/airflow/dags/train_power_pred.py for tasks to queue
[2025-07-22T05:22:43.648+0000] {logging_mixin.py:190} INFO - [2025-07-22T05:22:43.648+0000] {dagbag.py:588} INFO - Filling up the DagBag from /opt/airflow/dags/train_power_pred.py
[2025-07-22T05:22:46.997+0000] {processor.py:925} INFO - DAG(s) 'train_power_pred' retrieved from /opt/airflow/dags/train_power_pred.py
[2025-07-22T05:22:47.020+0000] {logging_mixin.py:190} INFO - [2025-07-22T05:22:47.020+0000] {dag.py:3239} INFO - Sync 1 DAGs
[2025-07-22T05:22:47.038+0000] {logging_mixin.py:190} INFO - [2025-07-22T05:22:47.038+0000] {dag.py:4180} INFO - Setting next_dagrun for train_power_pred to 2025-07-22 00:00:00+00:00, run_after=2025-07-23 00:00:00+00:00
[2025-07-22T05:22:47.053+0000] {processor.py:208} INFO - Processing /opt/airflow/dags/train_power_pred.py took 3.414 seconds
[2025-07-22T05:23:18.162+0000] {processor.py:186} INFO - Started process (PID=19489) to work on /opt/airflow/dags/train_power_pred.py
[2025-07-22T05:23:18.164+0000] {processor.py:914} INFO - Processing file /opt/airflow/dags/train_power_pred.py for tasks to queue
[2025-07-22T05:23:18.166+0000] {logging_mixin.py:190} INFO - [2025-07-22T05:23:18.165+0000] {dagbag.py:588} INFO - Filling up the DagBag from /opt/airflow/dags/train_power_pred.py
[2025-07-22T05:23:21.584+0000] {processor.py:925} INFO - DAG(s) 'train_power_pred' retrieved from /opt/airflow/dags/train_power_pred.py
[2025-07-22T05:23:21.603+0000] {logging_mixin.py:190} INFO - [2025-07-22T05:23:21.603+0000] {dag.py:3239} INFO - Sync 1 DAGs
[2025-07-22T05:23:21.620+0000] {logging_mixin.py:190} INFO - [2025-07-22T05:23:21.620+0000] {dag.py:4180} INFO - Setting next_dagrun for train_power_pred to 2025-07-22 00:00:00+00:00, run_after=2025-07-23 00:00:00+00:00
[2025-07-22T05:23:21.633+0000] {processor.py:208} INFO - Processing /opt/airflow/dags/train_power_pred.py took 3.477 seconds
[2025-07-22T05:23:52.685+0000] {processor.py:186} INFO - Started process (PID=19578) to work on /opt/airflow/dags/train_power_pred.py
[2025-07-22T05:23:52.686+0000] {processor.py:914} INFO - Processing file /opt/airflow/dags/train_power_pred.py for tasks to queue
[2025-07-22T05:23:52.689+0000] {logging_mixin.py:190} INFO - [2025-07-22T05:23:52.688+0000] {dagbag.py:588} INFO - Filling up the DagBag from /opt/airflow/dags/train_power_pred.py
[2025-07-22T05:23:56.025+0000] {processor.py:925} INFO - DAG(s) 'train_power_pred' retrieved from /opt/airflow/dags/train_power_pred.py
[2025-07-22T05:23:56.045+0000] {logging_mixin.py:190} INFO - [2025-07-22T05:23:56.044+0000] {dag.py:3239} INFO - Sync 1 DAGs
[2025-07-22T05:23:56.062+0000] {logging_mixin.py:190} INFO - [2025-07-22T05:23:56.061+0000] {dag.py:4180} INFO - Setting next_dagrun for train_power_pred to 2025-07-22 00:00:00+00:00, run_after=2025-07-23 00:00:00+00:00
[2025-07-22T05:23:56.076+0000] {processor.py:208} INFO - Processing /opt/airflow/dags/train_power_pred.py took 3.397 seconds
[2025-07-22T05:24:28.902+0000] {processor.py:186} INFO - Started process (PID=19692) to work on /opt/airflow/dags/train_power_pred.py
[2025-07-22T05:24:28.903+0000] {processor.py:914} INFO - Processing file /opt/airflow/dags/train_power_pred.py for tasks to queue
[2025-07-22T05:24:28.906+0000] {logging_mixin.py:190} INFO - [2025-07-22T05:24:28.906+0000] {dagbag.py:588} INFO - Filling up the DagBag from /opt/airflow/dags/train_power_pred.py
[2025-07-22T05:24:32.418+0000] {processor.py:925} INFO - DAG(s) 'train_power_pred' retrieved from /opt/airflow/dags/train_power_pred.py
[2025-07-22T05:24:32.440+0000] {logging_mixin.py:190} INFO - [2025-07-22T05:24:32.440+0000] {dag.py:3239} INFO - Sync 1 DAGs
[2025-07-22T05:24:32.461+0000] {logging_mixin.py:190} INFO - [2025-07-22T05:24:32.460+0000] {dag.py:4180} INFO - Setting next_dagrun for train_power_pred to 2025-07-22 00:00:00+00:00, run_after=2025-07-23 00:00:00+00:00
[2025-07-22T05:24:32.487+0000] {processor.py:208} INFO - Processing /opt/airflow/dags/train_power_pred.py took 3.594 seconds
[2025-07-22T05:25:03.873+0000] {processor.py:186} INFO - Started process (PID=19774) to work on /opt/airflow/dags/train_power_pred.py
[2025-07-22T05:25:03.874+0000] {processor.py:914} INFO - Processing file /opt/airflow/dags/train_power_pred.py for tasks to queue
[2025-07-22T05:25:03.877+0000] {logging_mixin.py:190} INFO - [2025-07-22T05:25:03.877+0000] {dagbag.py:588} INFO - Filling up the DagBag from /opt/airflow/dags/train_power_pred.py
[2025-07-22T05:25:07.303+0000] {processor.py:925} INFO - DAG(s) 'train_power_pred' retrieved from /opt/airflow/dags/train_power_pred.py
[2025-07-22T05:25:07.324+0000] {logging_mixin.py:190} INFO - [2025-07-22T05:25:07.324+0000] {dag.py:3239} INFO - Sync 1 DAGs
[2025-07-22T05:25:07.343+0000] {logging_mixin.py:190} INFO - [2025-07-22T05:25:07.343+0000] {dag.py:4180} INFO - Setting next_dagrun for train_power_pred to 2025-07-22 00:00:00+00:00, run_after=2025-07-23 00:00:00+00:00
[2025-07-22T05:25:07.358+0000] {processor.py:208} INFO - Processing /opt/airflow/dags/train_power_pred.py took 3.492 seconds
[2025-07-22T05:25:39.373+0000] {processor.py:186} INFO - Started process (PID=19872) to work on /opt/airflow/dags/train_power_pred.py
[2025-07-22T05:25:39.375+0000] {processor.py:914} INFO - Processing file /opt/airflow/dags/train_power_pred.py for tasks to queue
[2025-07-22T05:25:39.377+0000] {logging_mixin.py:190} INFO - [2025-07-22T05:25:39.377+0000] {dagbag.py:588} INFO - Filling up the DagBag from /opt/airflow/dags/train_power_pred.py
[2025-07-22T05:25:42.707+0000] {processor.py:925} INFO - DAG(s) 'train_power_pred' retrieved from /opt/airflow/dags/train_power_pred.py
[2025-07-22T05:25:42.729+0000] {logging_mixin.py:190} INFO - [2025-07-22T05:25:42.729+0000] {dag.py:3239} INFO - Sync 1 DAGs
[2025-07-22T05:25:42.748+0000] {logging_mixin.py:190} INFO - [2025-07-22T05:25:42.747+0000] {dag.py:4180} INFO - Setting next_dagrun for train_power_pred to 2025-07-22 00:00:00+00:00, run_after=2025-07-23 00:00:00+00:00
[2025-07-22T05:25:42.764+0000] {processor.py:208} INFO - Processing /opt/airflow/dags/train_power_pred.py took 3.397 seconds
[2025-07-22T05:26:14.584+0000] {processor.py:186} INFO - Started process (PID=19970) to work on /opt/airflow/dags/train_power_pred.py
[2025-07-22T05:26:14.586+0000] {processor.py:914} INFO - Processing file /opt/airflow/dags/train_power_pred.py for tasks to queue
[2025-07-22T05:26:14.589+0000] {logging_mixin.py:190} INFO - [2025-07-22T05:26:14.588+0000] {dagbag.py:588} INFO - Filling up the DagBag from /opt/airflow/dags/train_power_pred.py
[2025-07-22T05:26:18.118+0000] {processor.py:925} INFO - DAG(s) 'train_power_pred' retrieved from /opt/airflow/dags/train_power_pred.py
[2025-07-22T05:26:18.142+0000] {logging_mixin.py:190} INFO - [2025-07-22T05:26:18.141+0000] {dag.py:3239} INFO - Sync 1 DAGs
[2025-07-22T05:26:18.160+0000] {logging_mixin.py:190} INFO - [2025-07-22T05:26:18.160+0000] {dag.py:4180} INFO - Setting next_dagrun for train_power_pred to 2025-07-22 00:00:00+00:00, run_after=2025-07-23 00:00:00+00:00
[2025-07-22T05:26:18.176+0000] {processor.py:208} INFO - Processing /opt/airflow/dags/train_power_pred.py took 3.597 seconds
[2025-07-22T05:26:50.078+0000] {processor.py:186} INFO - Started process (PID=20074) to work on /opt/airflow/dags/train_power_pred.py
[2025-07-22T05:26:50.079+0000] {processor.py:914} INFO - Processing file /opt/airflow/dags/train_power_pred.py for tasks to queue
[2025-07-22T05:26:50.082+0000] {logging_mixin.py:190} INFO - [2025-07-22T05:26:50.081+0000] {dagbag.py:588} INFO - Filling up the DagBag from /opt/airflow/dags/train_power_pred.py
[2025-07-22T05:26:53.730+0000] {processor.py:925} INFO - DAG(s) 'train_power_pred' retrieved from /opt/airflow/dags/train_power_pred.py
[2025-07-22T05:26:53.753+0000] {logging_mixin.py:190} INFO - [2025-07-22T05:26:53.753+0000] {dag.py:3239} INFO - Sync 1 DAGs
[2025-07-22T05:26:53.774+0000] {logging_mixin.py:190} INFO - [2025-07-22T05:26:53.774+0000] {dag.py:4180} INFO - Setting next_dagrun for train_power_pred to 2025-07-22 00:00:00+00:00, run_after=2025-07-23 00:00:00+00:00
[2025-07-22T05:26:53.791+0000] {processor.py:208} INFO - Processing /opt/airflow/dags/train_power_pred.py took 3.721 seconds
[2025-07-22T05:27:24.944+0000] {processor.py:186} INFO - Started process (PID=20172) to work on /opt/airflow/dags/train_power_pred.py
[2025-07-22T05:27:24.945+0000] {processor.py:914} INFO - Processing file /opt/airflow/dags/train_power_pred.py for tasks to queue
[2025-07-22T05:27:24.947+0000] {logging_mixin.py:190} INFO - [2025-07-22T05:27:24.946+0000] {dagbag.py:588} INFO - Filling up the DagBag from /opt/airflow/dags/train_power_pred.py
[2025-07-22T05:27:28.438+0000] {processor.py:925} INFO - DAG(s) 'train_power_pred' retrieved from /opt/airflow/dags/train_power_pred.py
[2025-07-22T05:27:28.459+0000] {logging_mixin.py:190} INFO - [2025-07-22T05:27:28.459+0000] {dag.py:3239} INFO - Sync 1 DAGs
[2025-07-22T05:27:28.476+0000] {logging_mixin.py:190} INFO - [2025-07-22T05:27:28.475+0000] {dag.py:4180} INFO - Setting next_dagrun for train_power_pred to 2025-07-22 00:00:00+00:00, run_after=2025-07-23 00:00:00+00:00
[2025-07-22T05:27:28.491+0000] {processor.py:208} INFO - Processing /opt/airflow/dags/train_power_pred.py took 3.553 seconds
[2025-07-22T05:27:59.876+0000] {processor.py:186} INFO - Started process (PID=20270) to work on /opt/airflow/dags/train_power_pred.py
[2025-07-22T05:27:59.877+0000] {processor.py:914} INFO - Processing file /opt/airflow/dags/train_power_pred.py for tasks to queue
[2025-07-22T05:27:59.879+0000] {logging_mixin.py:190} INFO - [2025-07-22T05:27:59.878+0000] {dagbag.py:588} INFO - Filling up the DagBag from /opt/airflow/dags/train_power_pred.py
[2025-07-22T05:28:03.274+0000] {processor.py:925} INFO - DAG(s) 'train_power_pred' retrieved from /opt/airflow/dags/train_power_pred.py
[2025-07-22T05:28:03.303+0000] {logging_mixin.py:190} INFO - [2025-07-22T05:28:03.303+0000] {dag.py:3239} INFO - Sync 1 DAGs
[2025-07-22T05:28:03.321+0000] {logging_mixin.py:190} INFO - [2025-07-22T05:28:03.321+0000] {dag.py:4180} INFO - Setting next_dagrun for train_power_pred to 2025-07-22 00:00:00+00:00, run_after=2025-07-23 00:00:00+00:00
[2025-07-22T05:28:03.335+0000] {processor.py:208} INFO - Processing /opt/airflow/dags/train_power_pred.py took 3.466 seconds
[2025-07-22T05:28:34.389+0000] {processor.py:186} INFO - Started process (PID=20368) to work on /opt/airflow/dags/train_power_pred.py
[2025-07-22T05:28:34.390+0000] {processor.py:914} INFO - Processing file /opt/airflow/dags/train_power_pred.py for tasks to queue
[2025-07-22T05:28:34.392+0000] {logging_mixin.py:190} INFO - [2025-07-22T05:28:34.392+0000] {dagbag.py:588} INFO - Filling up the DagBag from /opt/airflow/dags/train_power_pred.py
[2025-07-22T05:28:37.765+0000] {processor.py:925} INFO - DAG(s) 'train_power_pred' retrieved from /opt/airflow/dags/train_power_pred.py
[2025-07-22T05:28:37.786+0000] {logging_mixin.py:190} INFO - [2025-07-22T05:28:37.786+0000] {dag.py:3239} INFO - Sync 1 DAGs
[2025-07-22T05:28:37.803+0000] {logging_mixin.py:190} INFO - [2025-07-22T05:28:37.803+0000] {dag.py:4180} INFO - Setting next_dagrun for train_power_pred to 2025-07-22 00:00:00+00:00, run_after=2025-07-23 00:00:00+00:00
[2025-07-22T05:28:37.815+0000] {processor.py:208} INFO - Processing /opt/airflow/dags/train_power_pred.py took 3.432 seconds
[2025-07-22T05:29:09.819+0000] {processor.py:186} INFO - Started process (PID=20482) to work on /opt/airflow/dags/train_power_pred.py
[2025-07-22T05:29:09.820+0000] {processor.py:914} INFO - Processing file /opt/airflow/dags/train_power_pred.py for tasks to queue
[2025-07-22T05:29:09.822+0000] {logging_mixin.py:190} INFO - [2025-07-22T05:29:09.821+0000] {dagbag.py:588} INFO - Filling up the DagBag from /opt/airflow/dags/train_power_pred.py
[2025-07-22T05:29:13.125+0000] {processor.py:925} INFO - DAG(s) 'train_power_pred' retrieved from /opt/airflow/dags/train_power_pred.py
[2025-07-22T05:29:13.143+0000] {logging_mixin.py:190} INFO - [2025-07-22T05:29:13.143+0000] {dag.py:3239} INFO - Sync 1 DAGs
[2025-07-22T05:29:13.160+0000] {logging_mixin.py:190} INFO - [2025-07-22T05:29:13.160+0000] {dag.py:4180} INFO - Setting next_dagrun for train_power_pred to 2025-07-22 00:00:00+00:00, run_after=2025-07-23 00:00:00+00:00
[2025-07-22T05:29:13.175+0000] {processor.py:208} INFO - Processing /opt/airflow/dags/train_power_pred.py took 3.361 seconds
[2025-07-22T05:29:44.415+0000] {processor.py:186} INFO - Started process (PID=20580) to work on /opt/airflow/dags/train_power_pred.py
[2025-07-22T05:29:44.417+0000] {processor.py:914} INFO - Processing file /opt/airflow/dags/train_power_pred.py for tasks to queue
[2025-07-22T05:29:44.420+0000] {logging_mixin.py:190} INFO - [2025-07-22T05:29:44.419+0000] {dagbag.py:588} INFO - Filling up the DagBag from /opt/airflow/dags/train_power_pred.py
[2025-07-22T05:29:48.028+0000] {processor.py:925} INFO - DAG(s) 'train_power_pred' retrieved from /opt/airflow/dags/train_power_pred.py
[2025-07-22T05:29:48.050+0000] {logging_mixin.py:190} INFO - [2025-07-22T05:29:48.049+0000] {dag.py:3239} INFO - Sync 1 DAGs
[2025-07-22T05:29:48.068+0000] {logging_mixin.py:190} INFO - [2025-07-22T05:29:48.068+0000] {dag.py:4180} INFO - Setting next_dagrun for train_power_pred to 2025-07-22 00:00:00+00:00, run_after=2025-07-23 00:00:00+00:00
[2025-07-22T05:29:48.086+0000] {processor.py:208} INFO - Processing /opt/airflow/dags/train_power_pred.py took 3.681 seconds
[2025-07-22T05:30:19.291+0000] {processor.py:186} INFO - Started process (PID=20678) to work on /opt/airflow/dags/train_power_pred.py
[2025-07-22T05:30:19.292+0000] {processor.py:914} INFO - Processing file /opt/airflow/dags/train_power_pred.py for tasks to queue
[2025-07-22T05:30:19.295+0000] {logging_mixin.py:190} INFO - [2025-07-22T05:30:19.295+0000] {dagbag.py:588} INFO - Filling up the DagBag from /opt/airflow/dags/train_power_pred.py
[2025-07-22T05:30:22.647+0000] {processor.py:925} INFO - DAG(s) 'train_power_pred' retrieved from /opt/airflow/dags/train_power_pred.py
[2025-07-22T05:30:22.668+0000] {logging_mixin.py:190} INFO - [2025-07-22T05:30:22.667+0000] {dag.py:3239} INFO - Sync 1 DAGs
[2025-07-22T05:30:22.685+0000] {logging_mixin.py:190} INFO - [2025-07-22T05:30:22.685+0000] {dag.py:4180} INFO - Setting next_dagrun for train_power_pred to 2025-07-22 00:00:00+00:00, run_after=2025-07-23 00:00:00+00:00
[2025-07-22T05:30:22.700+0000] {processor.py:208} INFO - Processing /opt/airflow/dags/train_power_pred.py took 3.417 seconds
[2025-07-22T05:30:54.272+0000] {processor.py:186} INFO - Started process (PID=20782) to work on /opt/airflow/dags/train_power_pred.py
[2025-07-22T05:30:54.273+0000] {processor.py:914} INFO - Processing file /opt/airflow/dags/train_power_pred.py for tasks to queue
[2025-07-22T05:30:54.275+0000] {logging_mixin.py:190} INFO - [2025-07-22T05:30:54.275+0000] {dagbag.py:588} INFO - Filling up the DagBag from /opt/airflow/dags/train_power_pred.py
[2025-07-22T05:30:57.510+0000] {processor.py:925} INFO - DAG(s) 'train_power_pred' retrieved from /opt/airflow/dags/train_power_pred.py
[2025-07-22T05:30:57.532+0000] {logging_mixin.py:190} INFO - [2025-07-22T05:30:57.532+0000] {dag.py:3239} INFO - Sync 1 DAGs
[2025-07-22T05:30:57.550+0000] {logging_mixin.py:190} INFO - [2025-07-22T05:30:57.549+0000] {dag.py:4180} INFO - Setting next_dagrun for train_power_pred to 2025-07-22 00:00:00+00:00, run_after=2025-07-23 00:00:00+00:00
[2025-07-22T05:30:57.564+0000] {processor.py:208} INFO - Processing /opt/airflow/dags/train_power_pred.py took 3.297 seconds
[2025-07-22T05:31:29.459+0000] {processor.py:186} INFO - Started process (PID=20881) to work on /opt/airflow/dags/train_power_pred.py
[2025-07-22T05:31:29.461+0000] {processor.py:914} INFO - Processing file /opt/airflow/dags/train_power_pred.py for tasks to queue
[2025-07-22T05:31:29.464+0000] {logging_mixin.py:190} INFO - [2025-07-22T05:31:29.463+0000] {dagbag.py:588} INFO - Filling up the DagBag from /opt/airflow/dags/train_power_pred.py
[2025-07-22T05:31:32.768+0000] {processor.py:925} INFO - DAG(s) 'train_power_pred' retrieved from /opt/airflow/dags/train_power_pred.py
[2025-07-22T05:31:32.787+0000] {logging_mixin.py:190} INFO - [2025-07-22T05:31:32.786+0000] {dag.py:3239} INFO - Sync 1 DAGs
[2025-07-22T05:31:32.804+0000] {logging_mixin.py:190} INFO - [2025-07-22T05:31:32.804+0000] {dag.py:4180} INFO - Setting next_dagrun for train_power_pred to 2025-07-22 00:00:00+00:00, run_after=2025-07-23 00:00:00+00:00
[2025-07-22T05:31:32.817+0000] {processor.py:208} INFO - Processing /opt/airflow/dags/train_power_pred.py took 3.364 seconds
[2025-07-22T05:32:03.981+0000] {processor.py:186} INFO - Started process (PID=20979) to work on /opt/airflow/dags/train_power_pred.py
[2025-07-22T05:32:03.982+0000] {processor.py:914} INFO - Processing file /opt/airflow/dags/train_power_pred.py for tasks to queue
[2025-07-22T05:32:03.985+0000] {logging_mixin.py:190} INFO - [2025-07-22T05:32:03.985+0000] {dagbag.py:588} INFO - Filling up the DagBag from /opt/airflow/dags/train_power_pred.py
[2025-07-22T05:32:07.144+0000] {processor.py:925} INFO - DAG(s) 'train_power_pred' retrieved from /opt/airflow/dags/train_power_pred.py
[2025-07-22T05:32:07.162+0000] {logging_mixin.py:190} INFO - [2025-07-22T05:32:07.162+0000] {dag.py:3239} INFO - Sync 1 DAGs
[2025-07-22T05:32:07.178+0000] {logging_mixin.py:190} INFO - [2025-07-22T05:32:07.178+0000] {dag.py:4180} INFO - Setting next_dagrun for train_power_pred to 2025-07-22 00:00:00+00:00, run_after=2025-07-23 00:00:00+00:00
[2025-07-22T05:32:07.193+0000] {processor.py:208} INFO - Processing /opt/airflow/dags/train_power_pred.py took 3.218 seconds
[2025-07-22T05:32:39.192+0000] {processor.py:186} INFO - Started process (PID=21077) to work on /opt/airflow/dags/train_power_pred.py
[2025-07-22T05:32:39.193+0000] {processor.py:914} INFO - Processing file /opt/airflow/dags/train_power_pred.py for tasks to queue
[2025-07-22T05:32:39.197+0000] {logging_mixin.py:190} INFO - [2025-07-22T05:32:39.196+0000] {dagbag.py:588} INFO - Filling up the DagBag from /opt/airflow/dags/train_power_pred.py
[2025-07-22T05:32:42.376+0000] {processor.py:925} INFO - DAG(s) 'train_power_pred' retrieved from /opt/airflow/dags/train_power_pred.py
[2025-07-22T05:32:42.396+0000] {logging_mixin.py:190} INFO - [2025-07-22T05:32:42.395+0000] {dag.py:3239} INFO - Sync 1 DAGs
[2025-07-22T05:32:42.411+0000] {logging_mixin.py:190} INFO - [2025-07-22T05:32:42.411+0000] {dag.py:4180} INFO - Setting next_dagrun for train_power_pred to 2025-07-22 00:00:00+00:00, run_after=2025-07-23 00:00:00+00:00
[2025-07-22T05:32:42.423+0000] {processor.py:208} INFO - Processing /opt/airflow/dags/train_power_pred.py took 3.236 seconds
[2025-07-22T05:33:13.551+0000] {processor.py:186} INFO - Started process (PID=21175) to work on /opt/airflow/dags/train_power_pred.py
[2025-07-22T05:33:13.552+0000] {processor.py:914} INFO - Processing file /opt/airflow/dags/train_power_pred.py for tasks to queue
[2025-07-22T05:33:13.554+0000] {logging_mixin.py:190} INFO - [2025-07-22T05:33:13.554+0000] {dagbag.py:588} INFO - Filling up the DagBag from /opt/airflow/dags/train_power_pred.py
[2025-07-22T05:33:16.826+0000] {processor.py:925} INFO - DAG(s) 'train_power_pred' retrieved from /opt/airflow/dags/train_power_pred.py
[2025-07-22T05:33:16.845+0000] {logging_mixin.py:190} INFO - [2025-07-22T05:33:16.844+0000] {dag.py:3239} INFO - Sync 1 DAGs
[2025-07-22T05:33:16.863+0000] {logging_mixin.py:190} INFO - [2025-07-22T05:33:16.863+0000] {dag.py:4180} INFO - Setting next_dagrun for train_power_pred to 2025-07-22 00:00:00+00:00, run_after=2025-07-23 00:00:00+00:00
[2025-07-22T05:33:17.081+0000] {processor.py:208} INFO - Processing /opt/airflow/dags/train_power_pred.py took 3.540 seconds
[2025-07-22T05:33:48.703+0000] {processor.py:186} INFO - Started process (PID=21273) to work on /opt/airflow/dags/train_power_pred.py
[2025-07-22T05:33:48.704+0000] {processor.py:914} INFO - Processing file /opt/airflow/dags/train_power_pred.py for tasks to queue
[2025-07-22T05:33:48.706+0000] {logging_mixin.py:190} INFO - [2025-07-22T05:33:48.706+0000] {dagbag.py:588} INFO - Filling up the DagBag from /opt/airflow/dags/train_power_pred.py
[2025-07-22T05:33:52.032+0000] {processor.py:925} INFO - DAG(s) 'train_power_pred' retrieved from /opt/airflow/dags/train_power_pred.py
[2025-07-22T05:33:52.051+0000] {logging_mixin.py:190} INFO - [2025-07-22T05:33:52.050+0000] {dag.py:3239} INFO - Sync 1 DAGs
[2025-07-22T05:33:52.065+0000] {logging_mixin.py:190} INFO - [2025-07-22T05:33:52.065+0000] {dag.py:4180} INFO - Setting next_dagrun for train_power_pred to 2025-07-22 00:00:00+00:00, run_after=2025-07-23 00:00:00+00:00
[2025-07-22T05:33:52.078+0000] {processor.py:208} INFO - Processing /opt/airflow/dags/train_power_pred.py took 3.382 seconds
[2025-07-22T05:34:23.322+0000] {processor.py:186} INFO - Started process (PID=21361) to work on /opt/airflow/dags/train_power_pred.py
[2025-07-22T05:34:23.323+0000] {processor.py:914} INFO - Processing file /opt/airflow/dags/train_power_pred.py for tasks to queue
[2025-07-22T05:34:23.325+0000] {logging_mixin.py:190} INFO - [2025-07-22T05:34:23.325+0000] {dagbag.py:588} INFO - Filling up the DagBag from /opt/airflow/dags/train_power_pred.py
[2025-07-22T05:34:26.680+0000] {processor.py:925} INFO - DAG(s) 'train_power_pred' retrieved from /opt/airflow/dags/train_power_pred.py
[2025-07-22T05:34:26.703+0000] {logging_mixin.py:190} INFO - [2025-07-22T05:34:26.702+0000] {dag.py:3239} INFO - Sync 1 DAGs
[2025-07-22T05:34:26.721+0000] {logging_mixin.py:190} INFO - [2025-07-22T05:34:26.721+0000] {dag.py:4180} INFO - Setting next_dagrun for train_power_pred to 2025-07-22 00:00:00+00:00, run_after=2025-07-23 00:00:00+00:00
[2025-07-22T05:34:26.735+0000] {processor.py:208} INFO - Processing /opt/airflow/dags/train_power_pred.py took 3.419 seconds
[2025-07-22T05:34:58.695+0000] {processor.py:186} INFO - Started process (PID=21475) to work on /opt/airflow/dags/train_power_pred.py
[2025-07-22T05:34:58.696+0000] {processor.py:914} INFO - Processing file /opt/airflow/dags/train_power_pred.py for tasks to queue
[2025-07-22T05:34:58.699+0000] {logging_mixin.py:190} INFO - [2025-07-22T05:34:58.699+0000] {dagbag.py:588} INFO - Filling up the DagBag from /opt/airflow/dags/train_power_pred.py
[2025-07-22T05:35:02.021+0000] {processor.py:925} INFO - DAG(s) 'train_power_pred' retrieved from /opt/airflow/dags/train_power_pred.py
[2025-07-22T05:35:02.042+0000] {logging_mixin.py:190} INFO - [2025-07-22T05:35:02.042+0000] {dag.py:3239} INFO - Sync 1 DAGs
[2025-07-22T05:35:02.059+0000] {logging_mixin.py:190} INFO - [2025-07-22T05:35:02.059+0000] {dag.py:4180} INFO - Setting next_dagrun for train_power_pred to 2025-07-22 00:00:00+00:00, run_after=2025-07-23 00:00:00+00:00
[2025-07-22T05:35:02.073+0000] {processor.py:208} INFO - Processing /opt/airflow/dags/train_power_pred.py took 3.384 seconds
[2025-07-22T05:35:34.076+0000] {processor.py:186} INFO - Started process (PID=21573) to work on /opt/airflow/dags/train_power_pred.py
[2025-07-22T05:35:34.077+0000] {processor.py:914} INFO - Processing file /opt/airflow/dags/train_power_pred.py for tasks to queue
[2025-07-22T05:35:34.080+0000] {logging_mixin.py:190} INFO - [2025-07-22T05:35:34.079+0000] {dagbag.py:588} INFO - Filling up the DagBag from /opt/airflow/dags/train_power_pred.py
[2025-07-22T05:35:37.282+0000] {processor.py:925} INFO - DAG(s) 'train_power_pred' retrieved from /opt/airflow/dags/train_power_pred.py
[2025-07-22T05:35:37.302+0000] {logging_mixin.py:190} INFO - [2025-07-22T05:35:37.301+0000] {dag.py:3239} INFO - Sync 1 DAGs
[2025-07-22T05:35:37.318+0000] {logging_mixin.py:190} INFO - [2025-07-22T05:35:37.318+0000] {dag.py:4180} INFO - Setting next_dagrun for train_power_pred to 2025-07-22 00:00:00+00:00, run_after=2025-07-23 00:00:00+00:00
[2025-07-22T05:35:37.332+0000] {processor.py:208} INFO - Processing /opt/airflow/dags/train_power_pred.py took 3.262 seconds
[2025-07-22T05:36:09.545+0000] {processor.py:186} INFO - Started process (PID=21671) to work on /opt/airflow/dags/train_power_pred.py
[2025-07-22T05:36:09.546+0000] {processor.py:914} INFO - Processing file /opt/airflow/dags/train_power_pred.py for tasks to queue
[2025-07-22T05:36:09.549+0000] {logging_mixin.py:190} INFO - [2025-07-22T05:36:09.549+0000] {dagbag.py:588} INFO - Filling up the DagBag from /opt/airflow/dags/train_power_pred.py
[2025-07-22T05:36:12.956+0000] {processor.py:925} INFO - DAG(s) 'train_power_pred' retrieved from /opt/airflow/dags/train_power_pred.py
[2025-07-22T05:36:12.977+0000] {logging_mixin.py:190} INFO - [2025-07-22T05:36:12.977+0000] {dag.py:3239} INFO - Sync 1 DAGs
[2025-07-22T05:36:12.993+0000] {logging_mixin.py:190} INFO - [2025-07-22T05:36:12.993+0000] {dag.py:4180} INFO - Setting next_dagrun for train_power_pred to 2025-07-22 00:00:00+00:00, run_after=2025-07-23 00:00:00+00:00
[2025-07-22T05:36:13.007+0000] {processor.py:208} INFO - Processing /opt/airflow/dags/train_power_pred.py took 3.469 seconds
[2025-07-22T05:36:44.875+0000] {processor.py:186} INFO - Started process (PID=21769) to work on /opt/airflow/dags/train_power_pred.py
[2025-07-22T05:36:44.877+0000] {processor.py:914} INFO - Processing file /opt/airflow/dags/train_power_pred.py for tasks to queue
[2025-07-22T05:36:44.879+0000] {logging_mixin.py:190} INFO - [2025-07-22T05:36:44.879+0000] {dagbag.py:588} INFO - Filling up the DagBag from /opt/airflow/dags/train_power_pred.py
[2025-07-22T05:36:48.333+0000] {processor.py:925} INFO - DAG(s) 'train_power_pred' retrieved from /opt/airflow/dags/train_power_pred.py
[2025-07-22T05:36:48.356+0000] {logging_mixin.py:190} INFO - [2025-07-22T05:36:48.356+0000] {dag.py:3239} INFO - Sync 1 DAGs
[2025-07-22T05:36:48.376+0000] {logging_mixin.py:190} INFO - [2025-07-22T05:36:48.376+0000] {dag.py:4180} INFO - Setting next_dagrun for train_power_pred to 2025-07-22 00:00:00+00:00, run_after=2025-07-23 00:00:00+00:00
[2025-07-22T05:36:48.393+0000] {processor.py:208} INFO - Processing /opt/airflow/dags/train_power_pred.py took 3.523 seconds
[2025-07-22T05:37:20.324+0000] {processor.py:186} INFO - Started process (PID=21867) to work on /opt/airflow/dags/train_power_pred.py
[2025-07-22T05:37:20.325+0000] {processor.py:914} INFO - Processing file /opt/airflow/dags/train_power_pred.py for tasks to queue
[2025-07-22T05:37:20.327+0000] {logging_mixin.py:190} INFO - [2025-07-22T05:37:20.327+0000] {dagbag.py:588} INFO - Filling up the DagBag from /opt/airflow/dags/train_power_pred.py
[2025-07-22T05:37:23.694+0000] {processor.py:925} INFO - DAG(s) 'train_power_pred' retrieved from /opt/airflow/dags/train_power_pred.py
[2025-07-22T05:37:23.714+0000] {logging_mixin.py:190} INFO - [2025-07-22T05:37:23.714+0000] {dag.py:3239} INFO - Sync 1 DAGs
[2025-07-22T05:37:23.730+0000] {logging_mixin.py:190} INFO - [2025-07-22T05:37:23.730+0000] {dag.py:4180} INFO - Setting next_dagrun for train_power_pred to 2025-07-22 00:00:00+00:00, run_after=2025-07-23 00:00:00+00:00
[2025-07-22T05:37:23.744+0000] {processor.py:208} INFO - Processing /opt/airflow/dags/train_power_pred.py took 3.426 seconds
[2025-07-22T05:37:54.865+0000] {processor.py:186} INFO - Started process (PID=21971) to work on /opt/airflow/dags/train_power_pred.py
[2025-07-22T05:37:54.866+0000] {processor.py:914} INFO - Processing file /opt/airflow/dags/train_power_pred.py for tasks to queue
[2025-07-22T05:37:54.868+0000] {logging_mixin.py:190} INFO - [2025-07-22T05:37:54.868+0000] {dagbag.py:588} INFO - Filling up the DagBag from /opt/airflow/dags/train_power_pred.py
[2025-07-22T05:37:58.324+0000] {processor.py:925} INFO - DAG(s) 'train_power_pred' retrieved from /opt/airflow/dags/train_power_pred.py
[2025-07-22T05:37:58.351+0000] {logging_mixin.py:190} INFO - [2025-07-22T05:37:58.349+0000] {dag.py:3239} INFO - Sync 1 DAGs
[2025-07-22T05:37:58.372+0000] {logging_mixin.py:190} INFO - [2025-07-22T05:37:58.371+0000] {dag.py:4180} INFO - Setting next_dagrun for train_power_pred to 2025-07-22 00:00:00+00:00, run_after=2025-07-23 00:00:00+00:00
[2025-07-22T05:37:58.389+0000] {processor.py:208} INFO - Processing /opt/airflow/dags/train_power_pred.py took 3.530 seconds
[2025-07-22T05:38:30.430+0000] {processor.py:186} INFO - Started process (PID=22069) to work on /opt/airflow/dags/train_power_pred.py
[2025-07-22T05:38:30.431+0000] {processor.py:914} INFO - Processing file /opt/airflow/dags/train_power_pred.py for tasks to queue
[2025-07-22T05:38:30.435+0000] {logging_mixin.py:190} INFO - [2025-07-22T05:38:30.434+0000] {dagbag.py:588} INFO - Filling up the DagBag from /opt/airflow/dags/train_power_pred.py
[2025-07-22T05:38:33.666+0000] {processor.py:925} INFO - DAG(s) 'train_power_pred' retrieved from /opt/airflow/dags/train_power_pred.py
[2025-07-22T05:38:33.685+0000] {logging_mixin.py:190} INFO - [2025-07-22T05:38:33.685+0000] {dag.py:3239} INFO - Sync 1 DAGs
[2025-07-22T05:38:33.701+0000] {logging_mixin.py:190} INFO - [2025-07-22T05:38:33.701+0000] {dag.py:4180} INFO - Setting next_dagrun for train_power_pred to 2025-07-22 00:00:00+00:00, run_after=2025-07-23 00:00:00+00:00
[2025-07-22T05:38:33.714+0000] {processor.py:208} INFO - Processing /opt/airflow/dags/train_power_pred.py took 3.291 seconds
[2025-07-22T05:39:04.944+0000] {processor.py:186} INFO - Started process (PID=22167) to work on /opt/airflow/dags/train_power_pred.py
[2025-07-22T05:39:04.946+0000] {processor.py:914} INFO - Processing file /opt/airflow/dags/train_power_pred.py for tasks to queue
[2025-07-22T05:39:04.948+0000] {logging_mixin.py:190} INFO - [2025-07-22T05:39:04.948+0000] {dagbag.py:588} INFO - Filling up the DagBag from /opt/airflow/dags/train_power_pred.py
[2025-07-22T05:39:08.353+0000] {processor.py:925} INFO - DAG(s) 'train_power_pred' retrieved from /opt/airflow/dags/train_power_pred.py
[2025-07-22T05:39:08.373+0000] {logging_mixin.py:190} INFO - [2025-07-22T05:39:08.371+0000] {dag.py:3239} INFO - Sync 1 DAGs
[2025-07-22T05:39:08.389+0000] {logging_mixin.py:190} INFO - [2025-07-22T05:39:08.389+0000] {dag.py:4180} INFO - Setting next_dagrun for train_power_pred to 2025-07-22 00:00:00+00:00, run_after=2025-07-23 00:00:00+00:00
[2025-07-22T05:39:08.403+0000] {processor.py:208} INFO - Processing /opt/airflow/dags/train_power_pred.py took 3.464 seconds
[2025-07-22T05:39:39.522+0000] {processor.py:186} INFO - Started process (PID=22265) to work on /opt/airflow/dags/train_power_pred.py
[2025-07-22T05:39:39.523+0000] {processor.py:914} INFO - Processing file /opt/airflow/dags/train_power_pred.py for tasks to queue
[2025-07-22T05:39:39.525+0000] {logging_mixin.py:190} INFO - [2025-07-22T05:39:39.525+0000] {dagbag.py:588} INFO - Filling up the DagBag from /opt/airflow/dags/train_power_pred.py
[2025-07-22T05:39:42.720+0000] {processor.py:925} INFO - DAG(s) 'train_power_pred' retrieved from /opt/airflow/dags/train_power_pred.py
[2025-07-22T05:39:42.739+0000] {logging_mixin.py:190} INFO - [2025-07-22T05:39:42.739+0000] {dag.py:3239} INFO - Sync 1 DAGs
[2025-07-22T05:39:42.755+0000] {logging_mixin.py:190} INFO - [2025-07-22T05:39:42.755+0000] {dag.py:4180} INFO - Setting next_dagrun for train_power_pred to 2025-07-22 00:00:00+00:00, run_after=2025-07-23 00:00:00+00:00
[2025-07-22T05:39:42.768+0000] {processor.py:208} INFO - Processing /opt/airflow/dags/train_power_pred.py took 3.252 seconds
[2025-07-22T05:40:14.787+0000] {processor.py:186} INFO - Started process (PID=22363) to work on /opt/airflow/dags/train_power_pred.py
[2025-07-22T05:40:14.788+0000] {processor.py:914} INFO - Processing file /opt/airflow/dags/train_power_pred.py for tasks to queue
[2025-07-22T05:40:14.791+0000] {logging_mixin.py:190} INFO - [2025-07-22T05:40:14.790+0000] {dagbag.py:588} INFO - Filling up the DagBag from /opt/airflow/dags/train_power_pred.py
[2025-07-22T05:40:17.997+0000] {processor.py:925} INFO - DAG(s) 'train_power_pred' retrieved from /opt/airflow/dags/train_power_pred.py
[2025-07-22T05:40:18.017+0000] {logging_mixin.py:190} INFO - [2025-07-22T05:40:18.017+0000] {dag.py:3239} INFO - Sync 1 DAGs
[2025-07-22T05:40:18.032+0000] {logging_mixin.py:190} INFO - [2025-07-22T05:40:18.032+0000] {dag.py:4180} INFO - Setting next_dagrun for train_power_pred to 2025-07-22 00:00:00+00:00, run_after=2025-07-23 00:00:00+00:00
[2025-07-22T05:40:18.045+0000] {processor.py:208} INFO - Processing /opt/airflow/dags/train_power_pred.py took 3.264 seconds
[2025-07-22T05:40:50.095+0000] {processor.py:186} INFO - Started process (PID=22462) to work on /opt/airflow/dags/train_power_pred.py
[2025-07-22T05:40:50.096+0000] {processor.py:914} INFO - Processing file /opt/airflow/dags/train_power_pred.py for tasks to queue
[2025-07-22T05:40:50.098+0000] {logging_mixin.py:190} INFO - [2025-07-22T05:40:50.098+0000] {dagbag.py:588} INFO - Filling up the DagBag from /opt/airflow/dags/train_power_pred.py
[2025-07-22T05:40:53.631+0000] {processor.py:925} INFO - DAG(s) 'train_power_pred' retrieved from /opt/airflow/dags/train_power_pred.py
[2025-07-22T05:40:53.655+0000] {logging_mixin.py:190} INFO - [2025-07-22T05:40:53.654+0000] {dag.py:3239} INFO - Sync 1 DAGs
[2025-07-22T05:40:53.672+0000] {logging_mixin.py:190} INFO - [2025-07-22T05:40:53.672+0000] {dag.py:4180} INFO - Setting next_dagrun for train_power_pred to 2025-07-22 00:00:00+00:00, run_after=2025-07-23 00:00:00+00:00
[2025-07-22T05:40:53.686+0000] {processor.py:208} INFO - Processing /opt/airflow/dags/train_power_pred.py took 3.597 seconds
[2025-07-22T05:41:25.670+0000] {processor.py:186} INFO - Started process (PID=22566) to work on /opt/airflow/dags/train_power_pred.py
[2025-07-22T05:41:25.672+0000] {processor.py:914} INFO - Processing file /opt/airflow/dags/train_power_pred.py for tasks to queue
[2025-07-22T05:41:25.675+0000] {logging_mixin.py:190} INFO - [2025-07-22T05:41:25.674+0000] {dagbag.py:588} INFO - Filling up the DagBag from /opt/airflow/dags/train_power_pred.py
[2025-07-22T05:41:29.261+0000] {processor.py:925} INFO - DAG(s) 'train_power_pred' retrieved from /opt/airflow/dags/train_power_pred.py
[2025-07-22T05:41:29.285+0000] {logging_mixin.py:190} INFO - [2025-07-22T05:41:29.285+0000] {dag.py:3239} INFO - Sync 1 DAGs
[2025-07-22T05:41:29.302+0000] {logging_mixin.py:190} INFO - [2025-07-22T05:41:29.302+0000] {dag.py:4180} INFO - Setting next_dagrun for train_power_pred to 2025-07-22 00:00:00+00:00, run_after=2025-07-23 00:00:00+00:00
[2025-07-22T05:41:29.316+0000] {processor.py:208} INFO - Processing /opt/airflow/dags/train_power_pred.py took 3.654 seconds
[2025-07-22T05:42:00.548+0000] {processor.py:186} INFO - Started process (PID=22664) to work on /opt/airflow/dags/train_power_pred.py
[2025-07-22T05:42:00.549+0000] {processor.py:914} INFO - Processing file /opt/airflow/dags/train_power_pred.py for tasks to queue
[2025-07-22T05:42:00.552+0000] {logging_mixin.py:190} INFO - [2025-07-22T05:42:00.551+0000] {dagbag.py:588} INFO - Filling up the DagBag from /opt/airflow/dags/train_power_pred.py
[2025-07-22T05:42:03.774+0000] {processor.py:925} INFO - DAG(s) 'train_power_pred' retrieved from /opt/airflow/dags/train_power_pred.py
[2025-07-22T05:42:03.793+0000] {logging_mixin.py:190} INFO - [2025-07-22T05:42:03.793+0000] {dag.py:3239} INFO - Sync 1 DAGs
[2025-07-22T05:42:03.810+0000] {logging_mixin.py:190} INFO - [2025-07-22T05:42:03.810+0000] {dag.py:4180} INFO - Setting next_dagrun for train_power_pred to 2025-07-22 00:00:00+00:00, run_after=2025-07-23 00:00:00+00:00
[2025-07-22T05:42:03.825+0000] {processor.py:208} INFO - Processing /opt/airflow/dags/train_power_pred.py took 3.286 seconds
[2025-07-22T05:42:35.756+0000] {processor.py:186} INFO - Started process (PID=22762) to work on /opt/airflow/dags/train_power_pred.py
[2025-07-22T05:42:35.757+0000] {processor.py:914} INFO - Processing file /opt/airflow/dags/train_power_pred.py for tasks to queue
[2025-07-22T05:42:35.761+0000] {logging_mixin.py:190} INFO - [2025-07-22T05:42:35.760+0000] {dagbag.py:588} INFO - Filling up the DagBag from /opt/airflow/dags/train_power_pred.py
[2025-07-22T05:42:39.079+0000] {processor.py:925} INFO - DAG(s) 'train_power_pred' retrieved from /opt/airflow/dags/train_power_pred.py
[2025-07-22T05:42:39.100+0000] {logging_mixin.py:190} INFO - [2025-07-22T05:42:39.099+0000] {dag.py:3239} INFO - Sync 1 DAGs
[2025-07-22T05:42:39.118+0000] {logging_mixin.py:190} INFO - [2025-07-22T05:42:39.118+0000] {dag.py:4180} INFO - Setting next_dagrun for train_power_pred to 2025-07-22 00:00:00+00:00, run_after=2025-07-23 00:00:00+00:00
[2025-07-22T05:42:39.133+0000] {processor.py:208} INFO - Processing /opt/airflow/dags/train_power_pred.py took 3.385 seconds
[2025-07-22T05:43:11.090+0000] {processor.py:186} INFO - Started process (PID=22860) to work on /opt/airflow/dags/train_power_pred.py
[2025-07-22T05:43:11.091+0000] {processor.py:914} INFO - Processing file /opt/airflow/dags/train_power_pred.py for tasks to queue
[2025-07-22T05:43:11.093+0000] {logging_mixin.py:190} INFO - [2025-07-22T05:43:11.093+0000] {dagbag.py:588} INFO - Filling up the DagBag from /opt/airflow/dags/train_power_pred.py
[2025-07-22T05:43:14.315+0000] {processor.py:925} INFO - DAG(s) 'train_power_pred' retrieved from /opt/airflow/dags/train_power_pred.py
[2025-07-22T05:43:14.336+0000] {logging_mixin.py:190} INFO - [2025-07-22T05:43:14.336+0000] {dag.py:3239} INFO - Sync 1 DAGs
[2025-07-22T05:43:14.355+0000] {logging_mixin.py:190} INFO - [2025-07-22T05:43:14.355+0000] {dag.py:4180} INFO - Setting next_dagrun for train_power_pred to 2025-07-22 00:00:00+00:00, run_after=2025-07-23 00:00:00+00:00
[2025-07-22T05:43:14.372+0000] {processor.py:208} INFO - Processing /opt/airflow/dags/train_power_pred.py took 3.290 seconds
[2025-07-22T05:43:45.635+0000] {processor.py:186} INFO - Started process (PID=22958) to work on /opt/airflow/dags/train_power_pred.py
[2025-07-22T05:43:45.637+0000] {processor.py:914} INFO - Processing file /opt/airflow/dags/train_power_pred.py for tasks to queue
[2025-07-22T05:43:45.639+0000] {logging_mixin.py:190} INFO - [2025-07-22T05:43:45.639+0000] {dagbag.py:588} INFO - Filling up the DagBag from /opt/airflow/dags/train_power_pred.py
[2025-07-22T05:43:49.006+0000] {processor.py:925} INFO - DAG(s) 'train_power_pred' retrieved from /opt/airflow/dags/train_power_pred.py
[2025-07-22T05:43:49.029+0000] {logging_mixin.py:190} INFO - [2025-07-22T05:43:49.028+0000] {dag.py:3239} INFO - Sync 1 DAGs
[2025-07-22T05:43:49.046+0000] {logging_mixin.py:190} INFO - [2025-07-22T05:43:49.045+0000] {dag.py:4180} INFO - Setting next_dagrun for train_power_pred to 2025-07-22 00:00:00+00:00, run_after=2025-07-23 00:00:00+00:00
[2025-07-22T05:43:49.061+0000] {processor.py:208} INFO - Processing /opt/airflow/dags/train_power_pred.py took 3.432 seconds
[2025-07-22T05:44:20.997+0000] {processor.py:186} INFO - Started process (PID=23056) to work on /opt/airflow/dags/train_power_pred.py
[2025-07-22T05:44:20.998+0000] {processor.py:914} INFO - Processing file /opt/airflow/dags/train_power_pred.py for tasks to queue
[2025-07-22T05:44:21.001+0000] {logging_mixin.py:190} INFO - [2025-07-22T05:44:21.000+0000] {dagbag.py:588} INFO - Filling up the DagBag from /opt/airflow/dags/train_power_pred.py
[2025-07-22T05:44:24.590+0000] {processor.py:925} INFO - DAG(s) 'train_power_pred' retrieved from /opt/airflow/dags/train_power_pred.py
[2025-07-22T05:44:24.612+0000] {logging_mixin.py:190} INFO - [2025-07-22T05:44:24.611+0000] {dag.py:3239} INFO - Sync 1 DAGs
[2025-07-22T05:44:24.629+0000] {logging_mixin.py:190} INFO - [2025-07-22T05:44:24.629+0000] {dag.py:4180} INFO - Setting next_dagrun for train_power_pred to 2025-07-22 00:00:00+00:00, run_after=2025-07-23 00:00:00+00:00
[2025-07-22T05:44:24.643+0000] {processor.py:208} INFO - Processing /opt/airflow/dags/train_power_pred.py took 3.653 seconds
[2025-07-22T05:44:56.102+0000] {processor.py:186} INFO - Started process (PID=23160) to work on /opt/airflow/dags/train_power_pred.py
[2025-07-22T05:44:56.103+0000] {processor.py:914} INFO - Processing file /opt/airflow/dags/train_power_pred.py for tasks to queue
[2025-07-22T05:44:56.106+0000] {logging_mixin.py:190} INFO - [2025-07-22T05:44:56.106+0000] {dagbag.py:588} INFO - Filling up the DagBag from /opt/airflow/dags/train_power_pred.py
[2025-07-22T05:44:59.647+0000] {processor.py:925} INFO - DAG(s) 'train_power_pred' retrieved from /opt/airflow/dags/train_power_pred.py
[2025-07-22T05:44:59.669+0000] {logging_mixin.py:190} INFO - [2025-07-22T05:44:59.669+0000] {dag.py:3239} INFO - Sync 1 DAGs
[2025-07-22T05:44:59.687+0000] {logging_mixin.py:190} INFO - [2025-07-22T05:44:59.686+0000] {dag.py:4180} INFO - Setting next_dagrun for train_power_pred to 2025-07-22 00:00:00+00:00, run_after=2025-07-23 00:00:00+00:00
[2025-07-22T05:44:59.703+0000] {processor.py:208} INFO - Processing /opt/airflow/dags/train_power_pred.py took 3.610 seconds
[2025-07-22T05:45:31.027+0000] {processor.py:186} INFO - Started process (PID=23257) to work on /opt/airflow/dags/train_power_pred.py
[2025-07-22T05:45:31.029+0000] {processor.py:914} INFO - Processing file /opt/airflow/dags/train_power_pred.py for tasks to queue
[2025-07-22T05:45:31.032+0000] {logging_mixin.py:190} INFO - [2025-07-22T05:45:31.032+0000] {dagbag.py:588} INFO - Filling up the DagBag from /opt/airflow/dags/train_power_pred.py
[2025-07-22T05:45:34.373+0000] {processor.py:925} INFO - DAG(s) 'train_power_pred' retrieved from /opt/airflow/dags/train_power_pred.py
[2025-07-22T05:45:34.391+0000] {logging_mixin.py:190} INFO - [2025-07-22T05:45:34.391+0000] {dag.py:3239} INFO - Sync 1 DAGs
[2025-07-22T05:45:34.407+0000] {logging_mixin.py:190} INFO - [2025-07-22T05:45:34.407+0000] {dag.py:4180} INFO - Setting next_dagrun for train_power_pred to 2025-07-22 00:00:00+00:00, run_after=2025-07-23 00:00:00+00:00
[2025-07-22T05:45:34.421+0000] {processor.py:208} INFO - Processing /opt/airflow/dags/train_power_pred.py took 3.404 seconds
[2025-07-22T05:46:05.836+0000] {processor.py:186} INFO - Started process (PID=23355) to work on /opt/airflow/dags/train_power_pred.py
[2025-07-22T05:46:05.837+0000] {processor.py:914} INFO - Processing file /opt/airflow/dags/train_power_pred.py for tasks to queue
[2025-07-22T05:46:05.839+0000] {logging_mixin.py:190} INFO - [2025-07-22T05:46:05.839+0000] {dagbag.py:588} INFO - Filling up the DagBag from /opt/airflow/dags/train_power_pred.py
[2025-07-22T05:46:08.972+0000] {processor.py:925} INFO - DAG(s) 'train_power_pred' retrieved from /opt/airflow/dags/train_power_pred.py
[2025-07-22T05:46:08.992+0000] {logging_mixin.py:190} INFO - [2025-07-22T05:46:08.991+0000] {dag.py:3239} INFO - Sync 1 DAGs
[2025-07-22T05:46:09.009+0000] {logging_mixin.py:190} INFO - [2025-07-22T05:46:09.009+0000] {dag.py:4180} INFO - Setting next_dagrun for train_power_pred to 2025-07-22 00:00:00+00:00, run_after=2025-07-23 00:00:00+00:00
[2025-07-22T05:46:09.024+0000] {processor.py:208} INFO - Processing /opt/airflow/dags/train_power_pred.py took 3.194 seconds
[2025-07-22T05:46:40.284+0000] {processor.py:186} INFO - Started process (PID=23453) to work on /opt/airflow/dags/train_power_pred.py
[2025-07-22T05:46:40.285+0000] {processor.py:914} INFO - Processing file /opt/airflow/dags/train_power_pred.py for tasks to queue
[2025-07-22T05:46:40.287+0000] {logging_mixin.py:190} INFO - [2025-07-22T05:46:40.287+0000] {dagbag.py:588} INFO - Filling up the DagBag from /opt/airflow/dags/train_power_pred.py
[2025-07-22T05:46:43.780+0000] {processor.py:925} INFO - DAG(s) 'train_power_pred' retrieved from /opt/airflow/dags/train_power_pred.py
[2025-07-22T05:46:43.801+0000] {logging_mixin.py:190} INFO - [2025-07-22T05:46:43.800+0000] {dag.py:3239} INFO - Sync 1 DAGs
[2025-07-22T05:46:43.819+0000] {logging_mixin.py:190} INFO - [2025-07-22T05:46:43.819+0000] {dag.py:4180} INFO - Setting next_dagrun for train_power_pred to 2025-07-22 00:00:00+00:00, run_after=2025-07-23 00:00:00+00:00
[2025-07-22T05:46:43.835+0000] {processor.py:208} INFO - Processing /opt/airflow/dags/train_power_pred.py took 3.558 seconds
[2025-07-22T05:47:15.424+0000] {processor.py:186} INFO - Started process (PID=23551) to work on /opt/airflow/dags/train_power_pred.py
[2025-07-22T05:47:15.425+0000] {processor.py:914} INFO - Processing file /opt/airflow/dags/train_power_pred.py for tasks to queue
[2025-07-22T05:47:15.429+0000] {logging_mixin.py:190} INFO - [2025-07-22T05:47:15.429+0000] {dagbag.py:588} INFO - Filling up the DagBag from /opt/airflow/dags/train_power_pred.py
[2025-07-22T05:47:18.627+0000] {processor.py:925} INFO - DAG(s) 'train_power_pred' retrieved from /opt/airflow/dags/train_power_pred.py
[2025-07-22T05:47:18.651+0000] {logging_mixin.py:190} INFO - [2025-07-22T05:47:18.650+0000] {dag.py:3239} INFO - Sync 1 DAGs
[2025-07-22T05:47:18.667+0000] {logging_mixin.py:190} INFO - [2025-07-22T05:47:18.667+0000] {dag.py:4180} INFO - Setting next_dagrun for train_power_pred to 2025-07-22 00:00:00+00:00, run_after=2025-07-23 00:00:00+00:00
[2025-07-22T05:47:18.681+0000] {processor.py:208} INFO - Processing /opt/airflow/dags/train_power_pred.py took 3.264 seconds
[2025-07-22T05:47:49.992+0000] {processor.py:186} INFO - Started process (PID=23649) to work on /opt/airflow/dags/train_power_pred.py
[2025-07-22T05:47:49.993+0000] {processor.py:914} INFO - Processing file /opt/airflow/dags/train_power_pred.py for tasks to queue
[2025-07-22T05:47:49.995+0000] {logging_mixin.py:190} INFO - [2025-07-22T05:47:49.995+0000] {dagbag.py:588} INFO - Filling up the DagBag from /opt/airflow/dags/train_power_pred.py
[2025-07-22T05:47:53.241+0000] {processor.py:925} INFO - DAG(s) 'train_power_pred' retrieved from /opt/airflow/dags/train_power_pred.py
[2025-07-22T05:47:53.260+0000] {logging_mixin.py:190} INFO - [2025-07-22T05:47:53.260+0000] {dag.py:3239} INFO - Sync 1 DAGs
[2025-07-22T05:47:53.277+0000] {logging_mixin.py:190} INFO - [2025-07-22T05:47:53.277+0000] {dag.py:4180} INFO - Setting next_dagrun for train_power_pred to 2025-07-22 00:00:00+00:00, run_after=2025-07-23 00:00:00+00:00
[2025-07-22T05:47:53.291+0000] {processor.py:208} INFO - Processing /opt/airflow/dags/train_power_pred.py took 3.305 seconds
[2025-07-22T05:48:24.725+0000] {processor.py:186} INFO - Started process (PID=23753) to work on /opt/airflow/dags/train_power_pred.py
[2025-07-22T05:48:24.726+0000] {processor.py:914} INFO - Processing file /opt/airflow/dags/train_power_pred.py for tasks to queue
[2025-07-22T05:48:24.728+0000] {logging_mixin.py:190} INFO - [2025-07-22T05:48:24.728+0000] {dagbag.py:588} INFO - Filling up the DagBag from /opt/airflow/dags/train_power_pred.py
[2025-07-22T05:48:28.201+0000] {processor.py:925} INFO - DAG(s) 'train_power_pred' retrieved from /opt/airflow/dags/train_power_pred.py
[2025-07-22T05:48:28.222+0000] {logging_mixin.py:190} INFO - [2025-07-22T05:48:28.222+0000] {dag.py:3239} INFO - Sync 1 DAGs
[2025-07-22T05:48:28.239+0000] {logging_mixin.py:190} INFO - [2025-07-22T05:48:28.239+0000] {dag.py:4180} INFO - Setting next_dagrun for train_power_pred to 2025-07-22 00:00:00+00:00, run_after=2025-07-23 00:00:00+00:00
[2025-07-22T05:48:28.252+0000] {processor.py:208} INFO - Processing /opt/airflow/dags/train_power_pred.py took 3.533 seconds
[2025-07-22T05:48:59.473+0000] {processor.py:186} INFO - Started process (PID=23851) to work on /opt/airflow/dags/train_power_pred.py
[2025-07-22T05:48:59.477+0000] {processor.py:914} INFO - Processing file /opt/airflow/dags/train_power_pred.py for tasks to queue
[2025-07-22T05:48:59.480+0000] {logging_mixin.py:190} INFO - [2025-07-22T05:48:59.479+0000] {dagbag.py:588} INFO - Filling up the DagBag from /opt/airflow/dags/train_power_pred.py
[2025-07-22T05:49:02.799+0000] {processor.py:925} INFO - DAG(s) 'train_power_pred' retrieved from /opt/airflow/dags/train_power_pred.py
[2025-07-22T05:49:02.819+0000] {logging_mixin.py:190} INFO - [2025-07-22T05:49:02.818+0000] {dag.py:3239} INFO - Sync 1 DAGs
[2025-07-22T05:49:02.835+0000] {logging_mixin.py:190} INFO - [2025-07-22T05:49:02.835+0000] {dag.py:4180} INFO - Setting next_dagrun for train_power_pred to 2025-07-22 00:00:00+00:00, run_after=2025-07-23 00:00:00+00:00
[2025-07-22T05:49:02.849+0000] {processor.py:208} INFO - Processing /opt/airflow/dags/train_power_pred.py took 3.382 seconds
[2025-07-22T05:49:34.030+0000] {processor.py:186} INFO - Started process (PID=23949) to work on /opt/airflow/dags/train_power_pred.py
[2025-07-22T05:49:34.031+0000] {processor.py:914} INFO - Processing file /opt/airflow/dags/train_power_pred.py for tasks to queue
[2025-07-22T05:49:34.034+0000] {logging_mixin.py:190} INFO - [2025-07-22T05:49:34.033+0000] {dagbag.py:588} INFO - Filling up the DagBag from /opt/airflow/dags/train_power_pred.py
[2025-07-22T05:49:37.344+0000] {processor.py:925} INFO - DAG(s) 'train_power_pred' retrieved from /opt/airflow/dags/train_power_pred.py
[2025-07-22T05:49:37.366+0000] {logging_mixin.py:190} INFO - [2025-07-22T05:49:37.366+0000] {dag.py:3239} INFO - Sync 1 DAGs
[2025-07-22T05:49:37.385+0000] {logging_mixin.py:190} INFO - [2025-07-22T05:49:37.385+0000] {dag.py:4180} INFO - Setting next_dagrun for train_power_pred to 2025-07-22 00:00:00+00:00, run_after=2025-07-23 00:00:00+00:00
[2025-07-22T05:49:37.401+0000] {processor.py:208} INFO - Processing /opt/airflow/dags/train_power_pred.py took 3.377 seconds
[2025-07-22T05:50:09.434+0000] {processor.py:186} INFO - Started process (PID=24047) to work on /opt/airflow/dags/train_power_pred.py
[2025-07-22T05:50:09.435+0000] {processor.py:914} INFO - Processing file /opt/airflow/dags/train_power_pred.py for tasks to queue
[2025-07-22T05:50:09.437+0000] {logging_mixin.py:190} INFO - [2025-07-22T05:50:09.437+0000] {dagbag.py:588} INFO - Filling up the DagBag from /opt/airflow/dags/train_power_pred.py
[2025-07-22T05:50:12.699+0000] {processor.py:925} INFO - DAG(s) 'train_power_pred' retrieved from /opt/airflow/dags/train_power_pred.py
[2025-07-22T05:50:12.721+0000] {logging_mixin.py:190} INFO - [2025-07-22T05:50:12.720+0000] {dag.py:3239} INFO - Sync 1 DAGs
[2025-07-22T05:50:12.739+0000] {logging_mixin.py:190} INFO - [2025-07-22T05:50:12.738+0000] {dag.py:4180} INFO - Setting next_dagrun for train_power_pred to 2025-07-22 00:00:00+00:00, run_after=2025-07-23 00:00:00+00:00
[2025-07-22T05:50:12.753+0000] {processor.py:208} INFO - Processing /opt/airflow/dags/train_power_pred.py took 3.325 seconds
[2025-07-22T05:50:44.700+0000] {processor.py:186} INFO - Started process (PID=24145) to work on /opt/airflow/dags/train_power_pred.py
[2025-07-22T05:50:44.701+0000] {processor.py:914} INFO - Processing file /opt/airflow/dags/train_power_pred.py for tasks to queue
[2025-07-22T05:50:44.704+0000] {logging_mixin.py:190} INFO - [2025-07-22T05:50:44.703+0000] {dagbag.py:588} INFO - Filling up the DagBag from /opt/airflow/dags/train_power_pred.py
[2025-07-22T05:50:48.061+0000] {processor.py:925} INFO - DAG(s) 'train_power_pred' retrieved from /opt/airflow/dags/train_power_pred.py
[2025-07-22T05:50:48.082+0000] {logging_mixin.py:190} INFO - [2025-07-22T05:50:48.081+0000] {dag.py:3239} INFO - Sync 1 DAGs
[2025-07-22T05:50:48.100+0000] {logging_mixin.py:190} INFO - [2025-07-22T05:50:48.099+0000] {dag.py:4180} INFO - Setting next_dagrun for train_power_pred to 2025-07-22 00:00:00+00:00, run_after=2025-07-23 00:00:00+00:00
[2025-07-22T05:50:48.113+0000] {processor.py:208} INFO - Processing /opt/airflow/dags/train_power_pred.py took 3.419 seconds
[2025-07-22T05:51:19.180+0000] {processor.py:186} INFO - Started process (PID=24243) to work on /opt/airflow/dags/train_power_pred.py
[2025-07-22T05:51:19.181+0000] {processor.py:914} INFO - Processing file /opt/airflow/dags/train_power_pred.py for tasks to queue
[2025-07-22T05:51:19.184+0000] {logging_mixin.py:190} INFO - [2025-07-22T05:51:19.184+0000] {dagbag.py:588} INFO - Filling up the DagBag from /opt/airflow/dags/train_power_pred.py
[2025-07-22T05:51:22.533+0000] {processor.py:925} INFO - DAG(s) 'train_power_pred' retrieved from /opt/airflow/dags/train_power_pred.py
[2025-07-22T05:51:22.553+0000] {logging_mixin.py:190} INFO - [2025-07-22T05:51:22.553+0000] {dag.py:3239} INFO - Sync 1 DAGs
[2025-07-22T05:51:22.572+0000] {logging_mixin.py:190} INFO - [2025-07-22T05:51:22.572+0000] {dag.py:4180} INFO - Setting next_dagrun for train_power_pred to 2025-07-22 00:00:00+00:00, run_after=2025-07-23 00:00:00+00:00
[2025-07-22T05:51:22.588+0000] {processor.py:208} INFO - Processing /opt/airflow/dags/train_power_pred.py took 3.415 seconds
[2025-07-22T05:51:54.949+0000] {processor.py:186} INFO - Started process (PID=24347) to work on /opt/airflow/dags/train_power_pred.py
[2025-07-22T05:51:54.950+0000] {processor.py:914} INFO - Processing file /opt/airflow/dags/train_power_pred.py for tasks to queue
[2025-07-22T05:51:54.953+0000] {logging_mixin.py:190} INFO - [2025-07-22T05:51:54.953+0000] {dagbag.py:588} INFO - Filling up the DagBag from /opt/airflow/dags/train_power_pred.py
[2025-07-22T05:51:58.513+0000] {processor.py:925} INFO - DAG(s) 'train_power_pred' retrieved from /opt/airflow/dags/train_power_pred.py
[2025-07-22T05:51:58.532+0000] {logging_mixin.py:190} INFO - [2025-07-22T05:51:58.532+0000] {dag.py:3239} INFO - Sync 1 DAGs
[2025-07-22T05:51:58.548+0000] {logging_mixin.py:190} INFO - [2025-07-22T05:51:58.548+0000] {dag.py:4180} INFO - Setting next_dagrun for train_power_pred to 2025-07-22 00:00:00+00:00, run_after=2025-07-23 00:00:00+00:00
[2025-07-22T05:51:58.561+0000] {processor.py:208} INFO - Processing /opt/airflow/dags/train_power_pred.py took 3.618 seconds
[2025-07-22T05:52:30.156+0000] {processor.py:186} INFO - Started process (PID=24446) to work on /opt/airflow/dags/train_power_pred.py
[2025-07-22T05:52:30.157+0000] {processor.py:914} INFO - Processing file /opt/airflow/dags/train_power_pred.py for tasks to queue
[2025-07-22T05:52:30.160+0000] {logging_mixin.py:190} INFO - [2025-07-22T05:52:30.159+0000] {dagbag.py:588} INFO - Filling up the DagBag from /opt/airflow/dags/train_power_pred.py
[2025-07-22T05:52:33.405+0000] {processor.py:925} INFO - DAG(s) 'train_power_pred' retrieved from /opt/airflow/dags/train_power_pred.py
[2025-07-22T05:52:33.424+0000] {logging_mixin.py:190} INFO - [2025-07-22T05:52:33.423+0000] {dag.py:3239} INFO - Sync 1 DAGs
[2025-07-22T05:52:33.441+0000] {logging_mixin.py:190} INFO - [2025-07-22T05:52:33.441+0000] {dag.py:4180} INFO - Setting next_dagrun for train_power_pred to 2025-07-22 00:00:00+00:00, run_after=2025-07-23 00:00:00+00:00
[2025-07-22T05:52:33.453+0000] {processor.py:208} INFO - Processing /opt/airflow/dags/train_power_pred.py took 3.303 seconds
[2025-07-22T05:53:05.435+0000] {processor.py:186} INFO - Started process (PID=24544) to work on /opt/airflow/dags/train_power_pred.py
[2025-07-22T05:53:05.436+0000] {processor.py:914} INFO - Processing file /opt/airflow/dags/train_power_pred.py for tasks to queue
[2025-07-22T05:53:05.438+0000] {logging_mixin.py:190} INFO - [2025-07-22T05:53:05.438+0000] {dagbag.py:588} INFO - Filling up the DagBag from /opt/airflow/dags/train_power_pred.py
[2025-07-22T05:53:08.624+0000] {processor.py:925} INFO - DAG(s) 'train_power_pred' retrieved from /opt/airflow/dags/train_power_pred.py
[2025-07-22T05:53:08.646+0000] {logging_mixin.py:190} INFO - [2025-07-22T05:53:08.646+0000] {dag.py:3239} INFO - Sync 1 DAGs
[2025-07-22T05:53:08.666+0000] {logging_mixin.py:190} INFO - [2025-07-22T05:53:08.666+0000] {dag.py:4180} INFO - Setting next_dagrun for train_power_pred to 2025-07-22 00:00:00+00:00, run_after=2025-07-23 00:00:00+00:00
[2025-07-22T05:53:08.683+0000] {processor.py:208} INFO - Processing /opt/airflow/dags/train_power_pred.py took 3.253 seconds
[2025-07-22T05:53:39.907+0000] {processor.py:186} INFO - Started process (PID=24641) to work on /opt/airflow/dags/train_power_pred.py
[2025-07-22T05:53:39.908+0000] {processor.py:914} INFO - Processing file /opt/airflow/dags/train_power_pred.py for tasks to queue
[2025-07-22T05:53:39.910+0000] {logging_mixin.py:190} INFO - [2025-07-22T05:53:39.910+0000] {dagbag.py:588} INFO - Filling up the DagBag from /opt/airflow/dags/train_power_pred.py
[2025-07-22T05:53:43.245+0000] {processor.py:925} INFO - DAG(s) 'train_power_pred' retrieved from /opt/airflow/dags/train_power_pred.py
[2025-07-22T05:53:43.262+0000] {logging_mixin.py:190} INFO - [2025-07-22T05:53:43.262+0000] {dag.py:3239} INFO - Sync 1 DAGs
[2025-07-22T05:53:43.278+0000] {logging_mixin.py:190} INFO - [2025-07-22T05:53:43.278+0000] {dag.py:4180} INFO - Setting next_dagrun for train_power_pred to 2025-07-22 00:00:00+00:00, run_after=2025-07-23 00:00:00+00:00
[2025-07-22T05:53:43.294+0000] {processor.py:208} INFO - Processing /opt/airflow/dags/train_power_pred.py took 3.393 seconds
[2025-07-22T05:54:14.481+0000] {processor.py:186} INFO - Started process (PID=24739) to work on /opt/airflow/dags/train_power_pred.py
[2025-07-22T05:54:14.483+0000] {processor.py:914} INFO - Processing file /opt/airflow/dags/train_power_pred.py for tasks to queue
[2025-07-22T05:54:14.485+0000] {logging_mixin.py:190} INFO - [2025-07-22T05:54:14.485+0000] {dagbag.py:588} INFO - Filling up the DagBag from /opt/airflow/dags/train_power_pred.py
[2025-07-22T05:54:17.745+0000] {processor.py:925} INFO - DAG(s) 'train_power_pred' retrieved from /opt/airflow/dags/train_power_pred.py
[2025-07-22T05:54:17.764+0000] {logging_mixin.py:190} INFO - [2025-07-22T05:54:17.764+0000] {dag.py:3239} INFO - Sync 1 DAGs
[2025-07-22T05:54:17.783+0000] {logging_mixin.py:190} INFO - [2025-07-22T05:54:17.783+0000] {dag.py:4180} INFO - Setting next_dagrun for train_power_pred to 2025-07-22 00:00:00+00:00, run_after=2025-07-23 00:00:00+00:00
[2025-07-22T05:54:17.799+0000] {processor.py:208} INFO - Processing /opt/airflow/dags/train_power_pred.py took 3.325 seconds
[2025-07-22T05:54:49.990+0000] {processor.py:186} INFO - Started process (PID=24837) to work on /opt/airflow/dags/train_power_pred.py
[2025-07-22T05:54:49.991+0000] {processor.py:914} INFO - Processing file /opt/airflow/dags/train_power_pred.py for tasks to queue
[2025-07-22T05:54:49.994+0000] {logging_mixin.py:190} INFO - [2025-07-22T05:54:49.993+0000] {dagbag.py:588} INFO - Filling up the DagBag from /opt/airflow/dags/train_power_pred.py
[2025-07-22T05:54:53.230+0000] {processor.py:925} INFO - DAG(s) 'train_power_pred' retrieved from /opt/airflow/dags/train_power_pred.py
[2025-07-22T05:54:53.250+0000] {logging_mixin.py:190} INFO - [2025-07-22T05:54:53.248+0000] {dag.py:3239} INFO - Sync 1 DAGs
[2025-07-22T05:54:53.267+0000] {logging_mixin.py:190} INFO - [2025-07-22T05:54:53.267+0000] {dag.py:4180} INFO - Setting next_dagrun for train_power_pred to 2025-07-22 00:00:00+00:00, run_after=2025-07-23 00:00:00+00:00
[2025-07-22T05:54:53.282+0000] {processor.py:208} INFO - Processing /opt/airflow/dags/train_power_pred.py took 3.298 seconds
[2025-07-22T05:55:24.608+0000] {processor.py:186} INFO - Started process (PID=24941) to work on /opt/airflow/dags/train_power_pred.py
[2025-07-22T05:55:24.609+0000] {processor.py:914} INFO - Processing file /opt/airflow/dags/train_power_pred.py for tasks to queue
[2025-07-22T05:55:24.611+0000] {logging_mixin.py:190} INFO - [2025-07-22T05:55:24.611+0000] {dagbag.py:588} INFO - Filling up the DagBag from /opt/airflow/dags/train_power_pred.py
[2025-07-22T05:55:27.808+0000] {processor.py:925} INFO - DAG(s) 'train_power_pred' retrieved from /opt/airflow/dags/train_power_pred.py
[2025-07-22T05:55:27.827+0000] {logging_mixin.py:190} INFO - [2025-07-22T05:55:27.826+0000] {dag.py:3239} INFO - Sync 1 DAGs
[2025-07-22T05:55:27.843+0000] {logging_mixin.py:190} INFO - [2025-07-22T05:55:27.843+0000] {dag.py:4180} INFO - Setting next_dagrun for train_power_pred to 2025-07-22 00:00:00+00:00, run_after=2025-07-23 00:00:00+00:00
[2025-07-22T05:55:27.857+0000] {processor.py:208} INFO - Processing /opt/airflow/dags/train_power_pred.py took 3.255 seconds
[2025-07-22T05:55:59.493+0000] {processor.py:186} INFO - Started process (PID=25039) to work on /opt/airflow/dags/train_power_pred.py
[2025-07-22T05:55:59.494+0000] {processor.py:914} INFO - Processing file /opt/airflow/dags/train_power_pred.py for tasks to queue
[2025-07-22T05:55:59.497+0000] {logging_mixin.py:190} INFO - [2025-07-22T05:55:59.497+0000] {dagbag.py:588} INFO - Filling up the DagBag from /opt/airflow/dags/train_power_pred.py
[2025-07-22T05:56:02.723+0000] {processor.py:925} INFO - DAG(s) 'train_power_pred' retrieved from /opt/airflow/dags/train_power_pred.py
[2025-07-22T05:56:02.743+0000] {logging_mixin.py:190} INFO - [2025-07-22T05:56:02.742+0000] {dag.py:3239} INFO - Sync 1 DAGs
[2025-07-22T05:56:02.758+0000] {logging_mixin.py:190} INFO - [2025-07-22T05:56:02.758+0000] {dag.py:4180} INFO - Setting next_dagrun for train_power_pred to 2025-07-22 00:00:00+00:00, run_after=2025-07-23 00:00:00+00:00
[2025-07-22T05:56:02.770+0000] {processor.py:208} INFO - Processing /opt/airflow/dags/train_power_pred.py took 3.284 seconds
[2025-07-22T05:56:34.073+0000] {processor.py:186} INFO - Started process (PID=25137) to work on /opt/airflow/dags/train_power_pred.py
[2025-07-22T05:56:34.074+0000] {processor.py:914} INFO - Processing file /opt/airflow/dags/train_power_pred.py for tasks to queue
[2025-07-22T05:56:34.076+0000] {logging_mixin.py:190} INFO - [2025-07-22T05:56:34.076+0000] {dagbag.py:588} INFO - Filling up the DagBag from /opt/airflow/dags/train_power_pred.py
[2025-07-22T05:56:37.309+0000] {processor.py:925} INFO - DAG(s) 'train_power_pred' retrieved from /opt/airflow/dags/train_power_pred.py
[2025-07-22T05:56:37.329+0000] {logging_mixin.py:190} INFO - [2025-07-22T05:56:37.328+0000] {dag.py:3239} INFO - Sync 1 DAGs
[2025-07-22T05:56:37.350+0000] {logging_mixin.py:190} INFO - [2025-07-22T05:56:37.350+0000] {dag.py:4180} INFO - Setting next_dagrun for train_power_pred to 2025-07-22 00:00:00+00:00, run_after=2025-07-23 00:00:00+00:00
[2025-07-22T05:56:37.366+0000] {processor.py:208} INFO - Processing /opt/airflow/dags/train_power_pred.py took 3.299 seconds
[2025-07-22T05:57:08.745+0000] {processor.py:186} INFO - Started process (PID=25235) to work on /opt/airflow/dags/train_power_pred.py
[2025-07-22T05:57:08.746+0000] {processor.py:914} INFO - Processing file /opt/airflow/dags/train_power_pred.py for tasks to queue
[2025-07-22T05:57:08.749+0000] {logging_mixin.py:190} INFO - [2025-07-22T05:57:08.748+0000] {dagbag.py:588} INFO - Filling up the DagBag from /opt/airflow/dags/train_power_pred.py
[2025-07-22T05:57:11.959+0000] {processor.py:925} INFO - DAG(s) 'train_power_pred' retrieved from /opt/airflow/dags/train_power_pred.py
[2025-07-22T05:57:11.979+0000] {logging_mixin.py:190} INFO - [2025-07-22T05:57:11.979+0000] {dag.py:3239} INFO - Sync 1 DAGs
[2025-07-22T05:57:11.999+0000] {logging_mixin.py:190} INFO - [2025-07-22T05:57:11.999+0000] {dag.py:4180} INFO - Setting next_dagrun for train_power_pred to 2025-07-22 00:00:00+00:00, run_after=2025-07-23 00:00:00+00:00
[2025-07-22T05:57:12.015+0000] {processor.py:208} INFO - Processing /opt/airflow/dags/train_power_pred.py took 3.277 seconds
[2025-07-22T05:57:44.091+0000] {processor.py:186} INFO - Started process (PID=25333) to work on /opt/airflow/dags/train_power_pred.py
[2025-07-22T05:57:44.092+0000] {processor.py:914} INFO - Processing file /opt/airflow/dags/train_power_pred.py for tasks to queue
[2025-07-22T05:57:44.096+0000] {logging_mixin.py:190} INFO - [2025-07-22T05:57:44.095+0000] {dagbag.py:588} INFO - Filling up the DagBag from /opt/airflow/dags/train_power_pred.py
[2025-07-22T05:57:47.246+0000] {processor.py:925} INFO - DAG(s) 'train_power_pred' retrieved from /opt/airflow/dags/train_power_pred.py
[2025-07-22T05:57:47.266+0000] {logging_mixin.py:190} INFO - [2025-07-22T05:57:47.265+0000] {dag.py:3239} INFO - Sync 1 DAGs
[2025-07-22T05:57:47.285+0000] {logging_mixin.py:190} INFO - [2025-07-22T05:57:47.285+0000] {dag.py:4180} INFO - Setting next_dagrun for train_power_pred to 2025-07-22 00:00:00+00:00, run_after=2025-07-23 00:00:00+00:00
[2025-07-22T05:57:47.301+0000] {processor.py:208} INFO - Processing /opt/airflow/dags/train_power_pred.py took 3.219 seconds
[2025-07-22T05:58:18.571+0000] {processor.py:186} INFO - Started process (PID=25431) to work on /opt/airflow/dags/train_power_pred.py
[2025-07-22T05:58:18.573+0000] {processor.py:914} INFO - Processing file /opt/airflow/dags/train_power_pred.py for tasks to queue
[2025-07-22T05:58:18.575+0000] {logging_mixin.py:190} INFO - [2025-07-22T05:58:18.575+0000] {dagbag.py:588} INFO - Filling up the DagBag from /opt/airflow/dags/train_power_pred.py
[2025-07-22T05:58:21.875+0000] {processor.py:925} INFO - DAG(s) 'train_power_pred' retrieved from /opt/airflow/dags/train_power_pred.py
[2025-07-22T05:58:21.894+0000] {logging_mixin.py:190} INFO - [2025-07-22T05:58:21.894+0000] {dag.py:3239} INFO - Sync 1 DAGs
[2025-07-22T05:58:21.910+0000] {logging_mixin.py:190} INFO - [2025-07-22T05:58:21.909+0000] {dag.py:4180} INFO - Setting next_dagrun for train_power_pred to 2025-07-22 00:00:00+00:00, run_after=2025-07-23 00:00:00+00:00
[2025-07-22T05:58:21.923+0000] {processor.py:208} INFO - Processing /opt/airflow/dags/train_power_pred.py took 3.357 seconds
[2025-07-22T05:58:53.322+0000] {processor.py:186} INFO - Started process (PID=25529) to work on /opt/airflow/dags/train_power_pred.py
[2025-07-22T05:58:53.323+0000] {processor.py:914} INFO - Processing file /opt/airflow/dags/train_power_pred.py for tasks to queue
[2025-07-22T05:58:53.326+0000] {logging_mixin.py:190} INFO - [2025-07-22T05:58:53.326+0000] {dagbag.py:588} INFO - Filling up the DagBag from /opt/airflow/dags/train_power_pred.py
[2025-07-22T05:58:56.584+0000] {processor.py:925} INFO - DAG(s) 'train_power_pred' retrieved from /opt/airflow/dags/train_power_pred.py
[2025-07-22T05:58:56.603+0000] {logging_mixin.py:190} INFO - [2025-07-22T05:58:56.602+0000] {dag.py:3239} INFO - Sync 1 DAGs
[2025-07-22T05:58:56.620+0000] {logging_mixin.py:190} INFO - [2025-07-22T05:58:56.619+0000] {dag.py:4180} INFO - Setting next_dagrun for train_power_pred to 2025-07-22 00:00:00+00:00, run_after=2025-07-23 00:00:00+00:00
[2025-07-22T05:58:56.633+0000] {processor.py:208} INFO - Processing /opt/airflow/dags/train_power_pred.py took 3.318 seconds
[2025-07-22T05:59:28.758+0000] {processor.py:186} INFO - Started process (PID=25633) to work on /opt/airflow/dags/train_power_pred.py
[2025-07-22T05:59:28.759+0000] {processor.py:914} INFO - Processing file /opt/airflow/dags/train_power_pred.py for tasks to queue
[2025-07-22T05:59:28.761+0000] {logging_mixin.py:190} INFO - [2025-07-22T05:59:28.761+0000] {dagbag.py:588} INFO - Filling up the DagBag from /opt/airflow/dags/train_power_pred.py
[2025-07-22T05:59:32.052+0000] {processor.py:925} INFO - DAG(s) 'train_power_pred' retrieved from /opt/airflow/dags/train_power_pred.py
[2025-07-22T05:59:32.070+0000] {logging_mixin.py:190} INFO - [2025-07-22T05:59:32.070+0000] {dag.py:3239} INFO - Sync 1 DAGs
[2025-07-22T05:59:32.087+0000] {logging_mixin.py:190} INFO - [2025-07-22T05:59:32.087+0000] {dag.py:4180} INFO - Setting next_dagrun for train_power_pred to 2025-07-22 00:00:00+00:00, run_after=2025-07-23 00:00:00+00:00
[2025-07-22T05:59:32.101+0000] {processor.py:208} INFO - Processing /opt/airflow/dags/train_power_pred.py took 3.349 seconds
[2025-07-22T06:00:04.090+0000] {processor.py:186} INFO - Started process (PID=25731) to work on /opt/airflow/dags/train_power_pred.py
[2025-07-22T06:00:04.091+0000] {processor.py:914} INFO - Processing file /opt/airflow/dags/train_power_pred.py for tasks to queue
[2025-07-22T06:00:04.094+0000] {logging_mixin.py:190} INFO - [2025-07-22T06:00:04.094+0000] {dagbag.py:588} INFO - Filling up the DagBag from /opt/airflow/dags/train_power_pred.py
[2025-07-22T06:00:07.336+0000] {processor.py:925} INFO - DAG(s) 'train_power_pred' retrieved from /opt/airflow/dags/train_power_pred.py
[2025-07-22T06:00:07.357+0000] {logging_mixin.py:190} INFO - [2025-07-22T06:00:07.356+0000] {dag.py:3239} INFO - Sync 1 DAGs
[2025-07-22T06:00:07.374+0000] {logging_mixin.py:190} INFO - [2025-07-22T06:00:07.374+0000] {dag.py:4180} INFO - Setting next_dagrun for train_power_pred to 2025-07-22 00:00:00+00:00, run_after=2025-07-23 00:00:00+00:00
[2025-07-22T06:00:07.389+0000] {processor.py:208} INFO - Processing /opt/airflow/dags/train_power_pred.py took 3.305 seconds
[2025-07-22T06:00:39.396+0000] {processor.py:186} INFO - Started process (PID=25829) to work on /opt/airflow/dags/train_power_pred.py
[2025-07-22T06:00:39.397+0000] {processor.py:914} INFO - Processing file /opt/airflow/dags/train_power_pred.py for tasks to queue
[2025-07-22T06:00:39.399+0000] {logging_mixin.py:190} INFO - [2025-07-22T06:00:39.399+0000] {dagbag.py:588} INFO - Filling up the DagBag from /opt/airflow/dags/train_power_pred.py
[2025-07-22T06:00:42.646+0000] {processor.py:925} INFO - DAG(s) 'train_power_pred' retrieved from /opt/airflow/dags/train_power_pred.py
[2025-07-22T06:00:42.668+0000] {logging_mixin.py:190} INFO - [2025-07-22T06:00:42.667+0000] {dag.py:3239} INFO - Sync 1 DAGs
[2025-07-22T06:00:42.688+0000] {logging_mixin.py:190} INFO - [2025-07-22T06:00:42.688+0000] {dag.py:4180} INFO - Setting next_dagrun for train_power_pred to 2025-07-22 00:00:00+00:00, run_after=2025-07-23 00:00:00+00:00
[2025-07-22T06:00:42.704+0000] {processor.py:208} INFO - Processing /opt/airflow/dags/train_power_pred.py took 3.315 seconds
[2025-07-22T06:01:14.572+0000] {processor.py:186} INFO - Started process (PID=25927) to work on /opt/airflow/dags/train_power_pred.py
[2025-07-22T06:01:14.574+0000] {processor.py:914} INFO - Processing file /opt/airflow/dags/train_power_pred.py for tasks to queue
[2025-07-22T06:01:14.578+0000] {logging_mixin.py:190} INFO - [2025-07-22T06:01:14.578+0000] {dagbag.py:588} INFO - Filling up the DagBag from /opt/airflow/dags/train_power_pred.py
[2025-07-22T06:01:17.864+0000] {processor.py:925} INFO - DAG(s) 'train_power_pred' retrieved from /opt/airflow/dags/train_power_pred.py
[2025-07-22T06:01:17.884+0000] {logging_mixin.py:190} INFO - [2025-07-22T06:01:17.884+0000] {dag.py:3239} INFO - Sync 1 DAGs
[2025-07-22T06:01:17.899+0000] {logging_mixin.py:190} INFO - [2025-07-22T06:01:17.899+0000] {dag.py:4180} INFO - Setting next_dagrun for train_power_pred to 2025-07-22 00:00:00+00:00, run_after=2025-07-23 00:00:00+00:00
[2025-07-22T06:01:17.912+0000] {processor.py:208} INFO - Processing /opt/airflow/dags/train_power_pred.py took 3.350 seconds
[2025-07-22T06:01:50.064+0000] {processor.py:186} INFO - Started process (PID=26026) to work on /opt/airflow/dags/train_power_pred.py
[2025-07-22T06:01:50.065+0000] {processor.py:914} INFO - Processing file /opt/airflow/dags/train_power_pred.py for tasks to queue
[2025-07-22T06:01:50.067+0000] {logging_mixin.py:190} INFO - [2025-07-22T06:01:50.067+0000] {dagbag.py:588} INFO - Filling up the DagBag from /opt/airflow/dags/train_power_pred.py
[2025-07-22T06:01:53.367+0000] {processor.py:925} INFO - DAG(s) 'train_power_pred' retrieved from /opt/airflow/dags/train_power_pred.py
[2025-07-22T06:01:53.387+0000] {logging_mixin.py:190} INFO - [2025-07-22T06:01:53.386+0000] {dag.py:3239} INFO - Sync 1 DAGs
[2025-07-22T06:01:53.404+0000] {logging_mixin.py:190} INFO - [2025-07-22T06:01:53.404+0000] {dag.py:4180} INFO - Setting next_dagrun for train_power_pred to 2025-07-22 00:00:00+00:00, run_after=2025-07-23 00:00:00+00:00
[2025-07-22T06:01:53.417+0000] {processor.py:208} INFO - Processing /opt/airflow/dags/train_power_pred.py took 3.360 seconds
[2025-07-22T06:02:24.572+0000] {processor.py:186} INFO - Started process (PID=26130) to work on /opt/airflow/dags/train_power_pred.py
[2025-07-22T06:02:24.573+0000] {processor.py:914} INFO - Processing file /opt/airflow/dags/train_power_pred.py for tasks to queue
[2025-07-22T06:02:24.575+0000] {logging_mixin.py:190} INFO - [2025-07-22T06:02:24.575+0000] {dagbag.py:588} INFO - Filling up the DagBag from /opt/airflow/dags/train_power_pred.py
[2025-07-22T06:02:27.819+0000] {processor.py:925} INFO - DAG(s) 'train_power_pred' retrieved from /opt/airflow/dags/train_power_pred.py
[2025-07-22T06:02:27.838+0000] {logging_mixin.py:190} INFO - [2025-07-22T06:02:27.837+0000] {dag.py:3239} INFO - Sync 1 DAGs
[2025-07-22T06:02:27.853+0000] {logging_mixin.py:190} INFO - [2025-07-22T06:02:27.853+0000] {dag.py:4180} INFO - Setting next_dagrun for train_power_pred to 2025-07-22 00:00:00+00:00, run_after=2025-07-23 00:00:00+00:00
[2025-07-22T06:02:27.868+0000] {processor.py:208} INFO - Processing /opt/airflow/dags/train_power_pred.py took 3.302 seconds
[2025-07-22T06:02:59.221+0000] {processor.py:186} INFO - Started process (PID=26227) to work on /opt/airflow/dags/train_power_pred.py
[2025-07-22T06:02:59.223+0000] {processor.py:914} INFO - Processing file /opt/airflow/dags/train_power_pred.py for tasks to queue
[2025-07-22T06:02:59.226+0000] {logging_mixin.py:190} INFO - [2025-07-22T06:02:59.225+0000] {dagbag.py:588} INFO - Filling up the DagBag from /opt/airflow/dags/train_power_pred.py
[2025-07-22T06:03:02.452+0000] {processor.py:925} INFO - DAG(s) 'train_power_pred' retrieved from /opt/airflow/dags/train_power_pred.py
[2025-07-22T06:03:02.470+0000] {logging_mixin.py:190} INFO - [2025-07-22T06:03:02.469+0000] {dag.py:3239} INFO - Sync 1 DAGs
[2025-07-22T06:03:02.487+0000] {logging_mixin.py:190} INFO - [2025-07-22T06:03:02.487+0000] {dag.py:4180} INFO - Setting next_dagrun for train_power_pred to 2025-07-22 00:00:00+00:00, run_after=2025-07-23 00:00:00+00:00
[2025-07-22T06:03:02.499+0000] {processor.py:208} INFO - Processing /opt/airflow/dags/train_power_pred.py took 3.285 seconds
[2025-07-22T06:03:34.408+0000] {processor.py:186} INFO - Started process (PID=26325) to work on /opt/airflow/dags/train_power_pred.py
[2025-07-22T06:03:34.409+0000] {processor.py:914} INFO - Processing file /opt/airflow/dags/train_power_pred.py for tasks to queue
[2025-07-22T06:03:34.413+0000] {logging_mixin.py:190} INFO - [2025-07-22T06:03:34.413+0000] {dagbag.py:588} INFO - Filling up the DagBag from /opt/airflow/dags/train_power_pred.py
[2025-07-22T06:03:37.737+0000] {processor.py:925} INFO - DAG(s) 'train_power_pred' retrieved from /opt/airflow/dags/train_power_pred.py
[2025-07-22T06:03:37.758+0000] {logging_mixin.py:190} INFO - [2025-07-22T06:03:37.757+0000] {dag.py:3239} INFO - Sync 1 DAGs
[2025-07-22T06:03:37.775+0000] {logging_mixin.py:190} INFO - [2025-07-22T06:03:37.774+0000] {dag.py:4180} INFO - Setting next_dagrun for train_power_pred to 2025-07-22 00:00:00+00:00, run_after=2025-07-23 00:00:00+00:00
[2025-07-22T06:03:37.789+0000] {processor.py:208} INFO - Processing /opt/airflow/dags/train_power_pred.py took 3.392 seconds
[2025-07-22T06:04:09.622+0000] {processor.py:186} INFO - Started process (PID=26423) to work on /opt/airflow/dags/train_power_pred.py
[2025-07-22T06:04:09.623+0000] {processor.py:914} INFO - Processing file /opt/airflow/dags/train_power_pred.py for tasks to queue
[2025-07-22T06:04:09.626+0000] {logging_mixin.py:190} INFO - [2025-07-22T06:04:09.625+0000] {dagbag.py:588} INFO - Filling up the DagBag from /opt/airflow/dags/train_power_pred.py
[2025-07-22T06:04:12.881+0000] {processor.py:925} INFO - DAG(s) 'train_power_pred' retrieved from /opt/airflow/dags/train_power_pred.py
[2025-07-22T06:04:12.899+0000] {logging_mixin.py:190} INFO - [2025-07-22T06:04:12.898+0000] {dag.py:3239} INFO - Sync 1 DAGs
[2025-07-22T06:04:12.916+0000] {logging_mixin.py:190} INFO - [2025-07-22T06:04:12.916+0000] {dag.py:4180} INFO - Setting next_dagrun for train_power_pred to 2025-07-22 00:00:00+00:00, run_after=2025-07-23 00:00:00+00:00
[2025-07-22T06:04:12.929+0000] {processor.py:208} INFO - Processing /opt/airflow/dags/train_power_pred.py took 3.313 seconds
[2025-07-22T06:04:44.798+0000] {processor.py:186} INFO - Started process (PID=26522) to work on /opt/airflow/dags/train_power_pred.py
[2025-07-22T06:04:44.800+0000] {processor.py:914} INFO - Processing file /opt/airflow/dags/train_power_pred.py for tasks to queue
[2025-07-22T06:04:44.803+0000] {logging_mixin.py:190} INFO - [2025-07-22T06:04:44.802+0000] {dagbag.py:588} INFO - Filling up the DagBag from /opt/airflow/dags/train_power_pred.py
[2025-07-22T06:04:47.953+0000] {processor.py:925} INFO - DAG(s) 'train_power_pred' retrieved from /opt/airflow/dags/train_power_pred.py
[2025-07-22T06:04:47.973+0000] {logging_mixin.py:190} INFO - [2025-07-22T06:04:47.972+0000] {dag.py:3239} INFO - Sync 1 DAGs
[2025-07-22T06:04:47.988+0000] {logging_mixin.py:190} INFO - [2025-07-22T06:04:47.988+0000] {dag.py:4180} INFO - Setting next_dagrun for train_power_pred to 2025-07-22 00:00:00+00:00, run_after=2025-07-23 00:00:00+00:00
[2025-07-22T06:04:48.001+0000] {processor.py:208} INFO - Processing /opt/airflow/dags/train_power_pred.py took 3.209 seconds
[2025-07-22T06:05:19.922+0000] {processor.py:186} INFO - Started process (PID=26620) to work on /opt/airflow/dags/train_power_pred.py
[2025-07-22T06:05:19.923+0000] {processor.py:914} INFO - Processing file /opt/airflow/dags/train_power_pred.py for tasks to queue
[2025-07-22T06:05:19.925+0000] {logging_mixin.py:190} INFO - [2025-07-22T06:05:19.925+0000] {dagbag.py:588} INFO - Filling up the DagBag from /opt/airflow/dags/train_power_pred.py
[2025-07-22T06:05:23.098+0000] {processor.py:925} INFO - DAG(s) 'train_power_pred' retrieved from /opt/airflow/dags/train_power_pred.py
[2025-07-22T06:05:23.116+0000] {logging_mixin.py:190} INFO - [2025-07-22T06:05:23.116+0000] {dag.py:3239} INFO - Sync 1 DAGs
[2025-07-22T06:05:23.132+0000] {logging_mixin.py:190} INFO - [2025-07-22T06:05:23.132+0000] {dag.py:4180} INFO - Setting next_dagrun for train_power_pred to 2025-07-22 00:00:00+00:00, run_after=2025-07-23 00:00:00+00:00
[2025-07-22T06:05:23.146+0000] {processor.py:208} INFO - Processing /opt/airflow/dags/train_power_pred.py took 3.229 seconds
[2025-07-22T06:05:54.814+0000] {processor.py:186} INFO - Started process (PID=26724) to work on /opt/airflow/dags/train_power_pred.py
[2025-07-22T06:05:54.815+0000] {processor.py:914} INFO - Processing file /opt/airflow/dags/train_power_pred.py for tasks to queue
[2025-07-22T06:05:54.817+0000] {logging_mixin.py:190} INFO - [2025-07-22T06:05:54.817+0000] {dagbag.py:588} INFO - Filling up the DagBag from /opt/airflow/dags/train_power_pred.py
[2025-07-22T06:05:57.830+0000] {processor.py:925} INFO - DAG(s) 'train_power_pred' retrieved from /opt/airflow/dags/train_power_pred.py
[2025-07-22T06:05:57.848+0000] {logging_mixin.py:190} INFO - [2025-07-22T06:05:57.848+0000] {dag.py:3239} INFO - Sync 1 DAGs
[2025-07-22T06:05:57.864+0000] {logging_mixin.py:190} INFO - [2025-07-22T06:05:57.864+0000] {dag.py:4180} INFO - Setting next_dagrun for train_power_pred to 2025-07-22 00:00:00+00:00, run_after=2025-07-23 00:00:00+00:00
[2025-07-22T06:05:57.879+0000] {processor.py:208} INFO - Processing /opt/airflow/dags/train_power_pred.py took 3.070 seconds
[2025-07-22T06:06:29.441+0000] {processor.py:186} INFO - Started process (PID=26825) to work on /opt/airflow/dags/train_power_pred.py
[2025-07-22T06:06:29.442+0000] {processor.py:914} INFO - Processing file /opt/airflow/dags/train_power_pred.py for tasks to queue
[2025-07-22T06:06:29.444+0000] {logging_mixin.py:190} INFO - [2025-07-22T06:06:29.444+0000] {dagbag.py:588} INFO - Filling up the DagBag from /opt/airflow/dags/train_power_pred.py
[2025-07-22T06:06:32.540+0000] {processor.py:925} INFO - DAG(s) 'train_power_pred' retrieved from /opt/airflow/dags/train_power_pred.py
[2025-07-22T06:06:32.563+0000] {logging_mixin.py:190} INFO - [2025-07-22T06:06:32.562+0000] {dag.py:3239} INFO - Sync 1 DAGs
[2025-07-22T06:06:32.581+0000] {logging_mixin.py:190} INFO - [2025-07-22T06:06:32.581+0000] {dag.py:4180} INFO - Setting next_dagrun for train_power_pred to 2025-07-22 00:00:00+00:00, run_after=2025-07-23 00:00:00+00:00
[2025-07-22T06:06:32.597+0000] {processor.py:208} INFO - Processing /opt/airflow/dags/train_power_pred.py took 3.162 seconds
[2025-07-22T06:07:04.328+0000] {processor.py:186} INFO - Started process (PID=26920) to work on /opt/airflow/dags/train_power_pred.py
[2025-07-22T06:07:04.329+0000] {processor.py:914} INFO - Processing file /opt/airflow/dags/train_power_pred.py for tasks to queue
[2025-07-22T06:07:04.331+0000] {logging_mixin.py:190} INFO - [2025-07-22T06:07:04.331+0000] {dagbag.py:588} INFO - Filling up the DagBag from /opt/airflow/dags/train_power_pred.py
[2025-07-22T06:07:07.467+0000] {processor.py:925} INFO - DAG(s) 'train_power_pred' retrieved from /opt/airflow/dags/train_power_pred.py
[2025-07-22T06:07:07.488+0000] {logging_mixin.py:190} INFO - [2025-07-22T06:07:07.486+0000] {dag.py:3239} INFO - Sync 1 DAGs
[2025-07-22T06:07:07.503+0000] {logging_mixin.py:190} INFO - [2025-07-22T06:07:07.503+0000] {dag.py:4180} INFO - Setting next_dagrun for train_power_pred to 2025-07-22 00:00:00+00:00, run_after=2025-07-23 00:00:00+00:00
[2025-07-22T06:07:07.516+0000] {processor.py:208} INFO - Processing /opt/airflow/dags/train_power_pred.py took 3.194 seconds
[2025-07-22T06:07:39.224+0000] {processor.py:186} INFO - Started process (PID=27018) to work on /opt/airflow/dags/train_power_pred.py
[2025-07-22T06:07:39.225+0000] {processor.py:914} INFO - Processing file /opt/airflow/dags/train_power_pred.py for tasks to queue
[2025-07-22T06:07:39.227+0000] {logging_mixin.py:190} INFO - [2025-07-22T06:07:39.227+0000] {dagbag.py:588} INFO - Filling up the DagBag from /opt/airflow/dags/train_power_pred.py
[2025-07-22T06:07:42.349+0000] {processor.py:925} INFO - DAG(s) 'train_power_pred' retrieved from /opt/airflow/dags/train_power_pred.py
[2025-07-22T06:07:42.368+0000] {logging_mixin.py:190} INFO - [2025-07-22T06:07:42.367+0000] {dag.py:3239} INFO - Sync 1 DAGs
[2025-07-22T06:07:42.383+0000] {logging_mixin.py:190} INFO - [2025-07-22T06:07:42.383+0000] {dag.py:4180} INFO - Setting next_dagrun for train_power_pred to 2025-07-22 00:00:00+00:00, run_after=2025-07-23 00:00:00+00:00
[2025-07-22T06:07:42.397+0000] {processor.py:208} INFO - Processing /opt/airflow/dags/train_power_pred.py took 3.179 seconds
[2025-07-22T06:08:14.344+0000] {processor.py:186} INFO - Started process (PID=27119) to work on /opt/airflow/dags/train_power_pred.py
[2025-07-22T06:08:14.345+0000] {processor.py:914} INFO - Processing file /opt/airflow/dags/train_power_pred.py for tasks to queue
[2025-07-22T06:08:14.347+0000] {logging_mixin.py:190} INFO - [2025-07-22T06:08:14.347+0000] {dagbag.py:588} INFO - Filling up the DagBag from /opt/airflow/dags/train_power_pred.py
[2025-07-22T06:08:17.361+0000] {processor.py:925} INFO - DAG(s) 'train_power_pred' retrieved from /opt/airflow/dags/train_power_pred.py
[2025-07-22T06:08:17.381+0000] {logging_mixin.py:190} INFO - [2025-07-22T06:08:17.381+0000] {dag.py:3239} INFO - Sync 1 DAGs
[2025-07-22T06:08:17.398+0000] {logging_mixin.py:190} INFO - [2025-07-22T06:08:17.398+0000] {dag.py:4180} INFO - Setting next_dagrun for train_power_pred to 2025-07-22 00:00:00+00:00, run_after=2025-07-23 00:00:00+00:00
[2025-07-22T06:08:17.411+0000] {processor.py:208} INFO - Processing /opt/airflow/dags/train_power_pred.py took 3.072 seconds
[2025-07-22T06:08:48.570+0000] {processor.py:186} INFO - Started process (PID=27213) to work on /opt/airflow/dags/train_power_pred.py
[2025-07-22T06:08:48.571+0000] {processor.py:914} INFO - Processing file /opt/airflow/dags/train_power_pred.py for tasks to queue
[2025-07-22T06:08:48.573+0000] {logging_mixin.py:190} INFO - [2025-07-22T06:08:48.573+0000] {dagbag.py:588} INFO - Filling up the DagBag from /opt/airflow/dags/train_power_pred.py
[2025-07-22T06:08:51.689+0000] {processor.py:925} INFO - DAG(s) 'train_power_pred' retrieved from /opt/airflow/dags/train_power_pred.py
[2025-07-22T06:08:51.709+0000] {logging_mixin.py:190} INFO - [2025-07-22T06:08:51.709+0000] {dag.py:3239} INFO - Sync 1 DAGs
[2025-07-22T06:08:51.725+0000] {logging_mixin.py:190} INFO - [2025-07-22T06:08:51.724+0000] {dag.py:4180} INFO - Setting next_dagrun for train_power_pred to 2025-07-22 00:00:00+00:00, run_after=2025-07-23 00:00:00+00:00
[2025-07-22T06:08:51.737+0000] {processor.py:208} INFO - Processing /opt/airflow/dags/train_power_pred.py took 3.173 seconds
[2025-07-22T06:09:23.317+0000] {processor.py:186} INFO - Started process (PID=27312) to work on /opt/airflow/dags/train_power_pred.py
[2025-07-22T06:09:23.318+0000] {processor.py:914} INFO - Processing file /opt/airflow/dags/train_power_pred.py for tasks to queue
[2025-07-22T06:09:23.321+0000] {logging_mixin.py:190} INFO - [2025-07-22T06:09:23.321+0000] {dagbag.py:588} INFO - Filling up the DagBag from /opt/airflow/dags/train_power_pred.py
[2025-07-22T06:09:26.421+0000] {processor.py:925} INFO - DAG(s) 'train_power_pred' retrieved from /opt/airflow/dags/train_power_pred.py
[2025-07-22T06:09:26.440+0000] {logging_mixin.py:190} INFO - [2025-07-22T06:09:26.439+0000] {dag.py:3239} INFO - Sync 1 DAGs
[2025-07-22T06:09:26.459+0000] {logging_mixin.py:190} INFO - [2025-07-22T06:09:26.459+0000] {dag.py:4180} INFO - Setting next_dagrun for train_power_pred to 2025-07-22 00:00:00+00:00, run_after=2025-07-23 00:00:00+00:00
[2025-07-22T06:09:26.478+0000] {processor.py:208} INFO - Processing /opt/airflow/dags/train_power_pred.py took 3.168 seconds
[2025-07-22T06:09:57.788+0000] {processor.py:186} INFO - Started process (PID=27415) to work on /opt/airflow/dags/train_power_pred.py
[2025-07-22T06:09:57.789+0000] {processor.py:914} INFO - Processing file /opt/airflow/dags/train_power_pred.py for tasks to queue
[2025-07-22T06:09:57.792+0000] {logging_mixin.py:190} INFO - [2025-07-22T06:09:57.791+0000] {dagbag.py:588} INFO - Filling up the DagBag from /opt/airflow/dags/train_power_pred.py
[2025-07-22T06:10:00.919+0000] {processor.py:925} INFO - DAG(s) 'train_power_pred' retrieved from /opt/airflow/dags/train_power_pred.py
[2025-07-22T06:10:00.938+0000] {logging_mixin.py:190} INFO - [2025-07-22T06:10:00.937+0000] {dag.py:3239} INFO - Sync 1 DAGs
[2025-07-22T06:10:00.953+0000] {logging_mixin.py:190} INFO - [2025-07-22T06:10:00.953+0000] {dag.py:4180} INFO - Setting next_dagrun for train_power_pred to 2025-07-22 00:00:00+00:00, run_after=2025-07-23 00:00:00+00:00
[2025-07-22T06:10:00.965+0000] {processor.py:208} INFO - Processing /opt/airflow/dags/train_power_pred.py took 3.184 seconds
[2025-07-22T06:10:32.782+0000] {processor.py:186} INFO - Started process (PID=27513) to work on /opt/airflow/dags/train_power_pred.py
[2025-07-22T06:10:32.783+0000] {processor.py:914} INFO - Processing file /opt/airflow/dags/train_power_pred.py for tasks to queue
[2025-07-22T06:10:32.785+0000] {logging_mixin.py:190} INFO - [2025-07-22T06:10:32.785+0000] {dagbag.py:588} INFO - Filling up the DagBag from /opt/airflow/dags/train_power_pred.py
[2025-07-22T06:10:35.943+0000] {processor.py:925} INFO - DAG(s) 'train_power_pred' retrieved from /opt/airflow/dags/train_power_pred.py
[2025-07-22T06:10:35.961+0000] {logging_mixin.py:190} INFO - [2025-07-22T06:10:35.961+0000] {dag.py:3239} INFO - Sync 1 DAGs
[2025-07-22T06:10:35.979+0000] {logging_mixin.py:190} INFO - [2025-07-22T06:10:35.979+0000] {dag.py:4180} INFO - Setting next_dagrun for train_power_pred to 2025-07-22 00:00:00+00:00, run_after=2025-07-23 00:00:00+00:00
[2025-07-22T06:10:35.992+0000] {processor.py:208} INFO - Processing /opt/airflow/dags/train_power_pred.py took 3.216 seconds
[2025-07-22T06:11:07.907+0000] {processor.py:186} INFO - Started process (PID=27611) to work on /opt/airflow/dags/train_power_pred.py
[2025-07-22T06:11:07.908+0000] {processor.py:914} INFO - Processing file /opt/airflow/dags/train_power_pred.py for tasks to queue
[2025-07-22T06:11:07.911+0000] {logging_mixin.py:190} INFO - [2025-07-22T06:11:07.910+0000] {dagbag.py:588} INFO - Filling up the DagBag from /opt/airflow/dags/train_power_pred.py
[2025-07-22T06:11:11.037+0000] {processor.py:925} INFO - DAG(s) 'train_power_pred' retrieved from /opt/airflow/dags/train_power_pred.py
[2025-07-22T06:11:11.056+0000] {logging_mixin.py:190} INFO - [2025-07-22T06:11:11.056+0000] {dag.py:3239} INFO - Sync 1 DAGs
[2025-07-22T06:11:11.073+0000] {logging_mixin.py:190} INFO - [2025-07-22T06:11:11.073+0000] {dag.py:4180} INFO - Setting next_dagrun for train_power_pred to 2025-07-22 00:00:00+00:00, run_after=2025-07-23 00:00:00+00:00
[2025-07-22T06:11:11.086+0000] {processor.py:208} INFO - Processing /opt/airflow/dags/train_power_pred.py took 3.186 seconds
[2025-07-22T06:11:43.018+0000] {processor.py:186} INFO - Started process (PID=27709) to work on /opt/airflow/dags/train_power_pred.py
[2025-07-22T06:11:43.019+0000] {processor.py:914} INFO - Processing file /opt/airflow/dags/train_power_pred.py for tasks to queue
[2025-07-22T06:11:43.022+0000] {logging_mixin.py:190} INFO - [2025-07-22T06:11:43.021+0000] {dagbag.py:588} INFO - Filling up the DagBag from /opt/airflow/dags/train_power_pred.py
[2025-07-22T06:11:46.186+0000] {processor.py:925} INFO - DAG(s) 'train_power_pred' retrieved from /opt/airflow/dags/train_power_pred.py
[2025-07-22T06:11:46.204+0000] {logging_mixin.py:190} INFO - [2025-07-22T06:11:46.204+0000] {dag.py:3239} INFO - Sync 1 DAGs
[2025-07-22T06:11:46.220+0000] {logging_mixin.py:190} INFO - [2025-07-22T06:11:46.220+0000] {dag.py:4180} INFO - Setting next_dagrun for train_power_pred to 2025-07-22 00:00:00+00:00, run_after=2025-07-23 00:00:00+00:00
[2025-07-22T06:11:46.234+0000] {processor.py:208} INFO - Processing /opt/airflow/dags/train_power_pred.py took 3.223 seconds
[2025-07-22T06:12:18.231+0000] {processor.py:186} INFO - Started process (PID=27808) to work on /opt/airflow/dags/train_power_pred.py
[2025-07-22T06:12:18.232+0000] {processor.py:914} INFO - Processing file /opt/airflow/dags/train_power_pred.py for tasks to queue
[2025-07-22T06:12:18.234+0000] {logging_mixin.py:190} INFO - [2025-07-22T06:12:18.234+0000] {dagbag.py:588} INFO - Filling up the DagBag from /opt/airflow/dags/train_power_pred.py
[2025-07-22T06:12:21.353+0000] {processor.py:925} INFO - DAG(s) 'train_power_pred' retrieved from /opt/airflow/dags/train_power_pred.py
[2025-07-22T06:12:21.376+0000] {logging_mixin.py:190} INFO - [2025-07-22T06:12:21.375+0000] {dag.py:3239} INFO - Sync 1 DAGs
[2025-07-22T06:12:21.395+0000] {logging_mixin.py:190} INFO - [2025-07-22T06:12:21.395+0000] {dag.py:4180} INFO - Setting next_dagrun for train_power_pred to 2025-07-22 00:00:00+00:00, run_after=2025-07-23 00:00:00+00:00
[2025-07-22T06:12:21.410+0000] {processor.py:208} INFO - Processing /opt/airflow/dags/train_power_pred.py took 3.184 seconds
[2025-07-22T06:12:53.366+0000] {processor.py:186} INFO - Started process (PID=27907) to work on /opt/airflow/dags/train_power_pred.py
[2025-07-22T06:12:53.367+0000] {processor.py:914} INFO - Processing file /opt/airflow/dags/train_power_pred.py for tasks to queue
[2025-07-22T06:12:53.370+0000] {logging_mixin.py:190} INFO - [2025-07-22T06:12:53.369+0000] {dagbag.py:588} INFO - Filling up the DagBag from /opt/airflow/dags/train_power_pred.py
[2025-07-22T06:12:56.483+0000] {processor.py:925} INFO - DAG(s) 'train_power_pred' retrieved from /opt/airflow/dags/train_power_pred.py
[2025-07-22T06:12:56.503+0000] {logging_mixin.py:190} INFO - [2025-07-22T06:12:56.502+0000] {dag.py:3239} INFO - Sync 1 DAGs
[2025-07-22T06:12:56.520+0000] {logging_mixin.py:190} INFO - [2025-07-22T06:12:56.520+0000] {dag.py:4180} INFO - Setting next_dagrun for train_power_pred to 2025-07-22 00:00:00+00:00, run_after=2025-07-23 00:00:00+00:00
[2025-07-22T06:12:56.533+0000] {processor.py:208} INFO - Processing /opt/airflow/dags/train_power_pred.py took 3.173 seconds
[2025-07-22T06:13:28.536+0000] {processor.py:186} INFO - Started process (PID=28010) to work on /opt/airflow/dags/train_power_pred.py
[2025-07-22T06:13:28.537+0000] {processor.py:914} INFO - Processing file /opt/airflow/dags/train_power_pred.py for tasks to queue
[2025-07-22T06:13:28.539+0000] {logging_mixin.py:190} INFO - [2025-07-22T06:13:28.539+0000] {dagbag.py:588} INFO - Filling up the DagBag from /opt/airflow/dags/train_power_pred.py
[2025-07-22T06:13:31.638+0000] {processor.py:925} INFO - DAG(s) 'train_power_pred' retrieved from /opt/airflow/dags/train_power_pred.py
[2025-07-22T06:13:31.659+0000] {logging_mixin.py:190} INFO - [2025-07-22T06:13:31.658+0000] {dag.py:3239} INFO - Sync 1 DAGs
[2025-07-22T06:13:31.676+0000] {logging_mixin.py:190} INFO - [2025-07-22T06:13:31.676+0000] {dag.py:4180} INFO - Setting next_dagrun for train_power_pred to 2025-07-22 00:00:00+00:00, run_after=2025-07-23 00:00:00+00:00
[2025-07-22T06:13:31.694+0000] {processor.py:208} INFO - Processing /opt/airflow/dags/train_power_pred.py took 3.165 seconds
[2025-07-22T06:14:03.758+0000] {processor.py:186} INFO - Started process (PID=28109) to work on /opt/airflow/dags/train_power_pred.py
[2025-07-22T06:14:03.759+0000] {processor.py:914} INFO - Processing file /opt/airflow/dags/train_power_pred.py for tasks to queue
[2025-07-22T06:14:03.761+0000] {logging_mixin.py:190} INFO - [2025-07-22T06:14:03.761+0000] {dagbag.py:588} INFO - Filling up the DagBag from /opt/airflow/dags/train_power_pred.py
[2025-07-22T06:14:06.796+0000] {processor.py:925} INFO - DAG(s) 'train_power_pred' retrieved from /opt/airflow/dags/train_power_pred.py
[2025-07-22T06:14:06.816+0000] {logging_mixin.py:190} INFO - [2025-07-22T06:14:06.815+0000] {dag.py:3239} INFO - Sync 1 DAGs
[2025-07-22T06:14:06.832+0000] {logging_mixin.py:190} INFO - [2025-07-22T06:14:06.832+0000] {dag.py:4180} INFO - Setting next_dagrun for train_power_pred to 2025-07-22 00:00:00+00:00, run_after=2025-07-23 00:00:00+00:00
[2025-07-22T06:14:06.847+0000] {processor.py:208} INFO - Processing /opt/airflow/dags/train_power_pred.py took 3.094 seconds
[2025-07-22T06:14:38.863+0000] {processor.py:186} INFO - Started process (PID=28207) to work on /opt/airflow/dags/train_power_pred.py
[2025-07-22T06:14:38.865+0000] {processor.py:914} INFO - Processing file /opt/airflow/dags/train_power_pred.py for tasks to queue
[2025-07-22T06:14:38.867+0000] {logging_mixin.py:190} INFO - [2025-07-22T06:14:38.867+0000] {dagbag.py:588} INFO - Filling up the DagBag from /opt/airflow/dags/train_power_pred.py
[2025-07-22T06:14:42.076+0000] {processor.py:925} INFO - DAG(s) 'train_power_pred' retrieved from /opt/airflow/dags/train_power_pred.py
[2025-07-22T06:14:42.095+0000] {logging_mixin.py:190} INFO - [2025-07-22T06:14:42.094+0000] {dag.py:3239} INFO - Sync 1 DAGs
[2025-07-22T06:14:42.111+0000] {logging_mixin.py:190} INFO - [2025-07-22T06:14:42.111+0000] {dag.py:4180} INFO - Setting next_dagrun for train_power_pred to 2025-07-22 00:00:00+00:00, run_after=2025-07-23 00:00:00+00:00
[2025-07-22T06:14:42.125+0000] {processor.py:208} INFO - Processing /opt/airflow/dags/train_power_pred.py took 3.267 seconds
[2025-07-22T06:15:14.442+0000] {processor.py:186} INFO - Started process (PID=28308) to work on /opt/airflow/dags/train_power_pred.py
[2025-07-22T06:15:14.443+0000] {processor.py:914} INFO - Processing file /opt/airflow/dags/train_power_pred.py for tasks to queue
[2025-07-22T06:15:14.446+0000] {logging_mixin.py:190} INFO - [2025-07-22T06:15:14.446+0000] {dagbag.py:588} INFO - Filling up the DagBag from /opt/airflow/dags/train_power_pred.py
[2025-07-22T06:15:17.742+0000] {processor.py:925} INFO - DAG(s) 'train_power_pred' retrieved from /opt/airflow/dags/train_power_pred.py
[2025-07-22T06:15:17.761+0000] {logging_mixin.py:190} INFO - [2025-07-22T06:15:17.761+0000] {dag.py:3239} INFO - Sync 1 DAGs
[2025-07-22T06:15:17.780+0000] {logging_mixin.py:190} INFO - [2025-07-22T06:15:17.779+0000] {dag.py:4180} INFO - Setting next_dagrun for train_power_pred to 2025-07-22 00:00:00+00:00, run_after=2025-07-23 00:00:00+00:00
[2025-07-22T06:15:17.793+0000] {processor.py:208} INFO - Processing /opt/airflow/dags/train_power_pred.py took 3.359 seconds
[2025-07-22T06:15:48.938+0000] {processor.py:186} INFO - Started process (PID=28406) to work on /opt/airflow/dags/train_power_pred.py
[2025-07-22T06:15:48.939+0000] {processor.py:914} INFO - Processing file /opt/airflow/dags/train_power_pred.py for tasks to queue
[2025-07-22T06:15:48.941+0000] {logging_mixin.py:190} INFO - [2025-07-22T06:15:48.941+0000] {dagbag.py:588} INFO - Filling up the DagBag from /opt/airflow/dags/train_power_pred.py
[2025-07-22T06:15:52.228+0000] {processor.py:925} INFO - DAG(s) 'train_power_pred' retrieved from /opt/airflow/dags/train_power_pred.py
[2025-07-22T06:15:52.250+0000] {logging_mixin.py:190} INFO - [2025-07-22T06:15:52.248+0000] {dag.py:3239} INFO - Sync 1 DAGs
[2025-07-22T06:15:52.267+0000] {logging_mixin.py:190} INFO - [2025-07-22T06:15:52.267+0000] {dag.py:4180} INFO - Setting next_dagrun for train_power_pred to 2025-07-22 00:00:00+00:00, run_after=2025-07-23 00:00:00+00:00
[2025-07-22T06:15:52.282+0000] {processor.py:208} INFO - Processing /opt/airflow/dags/train_power_pred.py took 3.350 seconds
[2025-07-22T06:16:23.395+0000] {processor.py:186} INFO - Started process (PID=28502) to work on /opt/airflow/dags/train_power_pred.py
[2025-07-22T06:16:23.396+0000] {processor.py:914} INFO - Processing file /opt/airflow/dags/train_power_pred.py for tasks to queue
[2025-07-22T06:16:23.398+0000] {logging_mixin.py:190} INFO - [2025-07-22T06:16:23.398+0000] {dagbag.py:588} INFO - Filling up the DagBag from /opt/airflow/dags/train_power_pred.py
[2025-07-22T06:16:26.380+0000] {processor.py:925} INFO - DAG(s) 'train_power_pred' retrieved from /opt/airflow/dags/train_power_pred.py
[2025-07-22T06:16:26.399+0000] {logging_mixin.py:190} INFO - [2025-07-22T06:16:26.399+0000] {dag.py:3239} INFO - Sync 1 DAGs
[2025-07-22T06:16:26.415+0000] {logging_mixin.py:190} INFO - [2025-07-22T06:16:26.415+0000] {dag.py:4180} INFO - Setting next_dagrun for train_power_pred to 2025-07-22 00:00:00+00:00, run_after=2025-07-23 00:00:00+00:00
[2025-07-22T06:16:26.428+0000] {processor.py:208} INFO - Processing /opt/airflow/dags/train_power_pred.py took 3.040 seconds
[2025-07-22T06:16:58.148+0000] {processor.py:186} INFO - Started process (PID=28606) to work on /opt/airflow/dags/train_power_pred.py
[2025-07-22T06:16:58.149+0000] {processor.py:914} INFO - Processing file /opt/airflow/dags/train_power_pred.py for tasks to queue
[2025-07-22T06:16:58.152+0000] {logging_mixin.py:190} INFO - [2025-07-22T06:16:58.151+0000] {dagbag.py:588} INFO - Filling up the DagBag from /opt/airflow/dags/train_power_pred.py
[2025-07-22T06:17:01.220+0000] {processor.py:925} INFO - DAG(s) 'train_power_pred' retrieved from /opt/airflow/dags/train_power_pred.py
[2025-07-22T06:17:01.239+0000] {logging_mixin.py:190} INFO - [2025-07-22T06:17:01.238+0000] {dag.py:3239} INFO - Sync 1 DAGs
[2025-07-22T06:17:01.254+0000] {logging_mixin.py:190} INFO - [2025-07-22T06:17:01.254+0000] {dag.py:4180} INFO - Setting next_dagrun for train_power_pred to 2025-07-22 00:00:00+00:00, run_after=2025-07-23 00:00:00+00:00
[2025-07-22T06:17:01.267+0000] {processor.py:208} INFO - Processing /opt/airflow/dags/train_power_pred.py took 3.126 seconds
[2025-07-22T06:17:33.432+0000] {processor.py:186} INFO - Started process (PID=28703) to work on /opt/airflow/dags/train_power_pred.py
[2025-07-22T06:17:33.434+0000] {processor.py:914} INFO - Processing file /opt/airflow/dags/train_power_pred.py for tasks to queue
[2025-07-22T06:17:33.436+0000] {logging_mixin.py:190} INFO - [2025-07-22T06:17:33.436+0000] {dagbag.py:588} INFO - Filling up the DagBag from /opt/airflow/dags/train_power_pred.py
[2025-07-22T06:17:36.516+0000] {processor.py:925} INFO - DAG(s) 'train_power_pred' retrieved from /opt/airflow/dags/train_power_pred.py
[2025-07-22T06:17:36.535+0000] {logging_mixin.py:190} INFO - [2025-07-22T06:17:36.535+0000] {dag.py:3239} INFO - Sync 1 DAGs
[2025-07-22T06:17:36.550+0000] {logging_mixin.py:190} INFO - [2025-07-22T06:17:36.549+0000] {dag.py:4180} INFO - Setting next_dagrun for train_power_pred to 2025-07-22 00:00:00+00:00, run_after=2025-07-23 00:00:00+00:00
[2025-07-22T06:17:36.563+0000] {processor.py:208} INFO - Processing /opt/airflow/dags/train_power_pred.py took 3.136 seconds
[2025-07-22T06:18:07.816+0000] {processor.py:186} INFO - Started process (PID=28801) to work on /opt/airflow/dags/train_power_pred.py
[2025-07-22T06:18:07.817+0000] {processor.py:914} INFO - Processing file /opt/airflow/dags/train_power_pred.py for tasks to queue
[2025-07-22T06:18:07.820+0000] {logging_mixin.py:190} INFO - [2025-07-22T06:18:07.819+0000] {dagbag.py:588} INFO - Filling up the DagBag from /opt/airflow/dags/train_power_pred.py
[2025-07-22T06:18:10.920+0000] {processor.py:925} INFO - DAG(s) 'train_power_pred' retrieved from /opt/airflow/dags/train_power_pred.py
[2025-07-22T06:18:10.937+0000] {logging_mixin.py:190} INFO - [2025-07-22T06:18:10.937+0000] {dag.py:3239} INFO - Sync 1 DAGs
[2025-07-22T06:18:10.953+0000] {logging_mixin.py:190} INFO - [2025-07-22T06:18:10.953+0000] {dag.py:4180} INFO - Setting next_dagrun for train_power_pred to 2025-07-22 00:00:00+00:00, run_after=2025-07-23 00:00:00+00:00
[2025-07-22T06:18:10.965+0000] {processor.py:208} INFO - Processing /opt/airflow/dags/train_power_pred.py took 3.155 seconds
[2025-07-22T06:18:42.636+0000] {processor.py:186} INFO - Started process (PID=28898) to work on /opt/airflow/dags/train_power_pred.py
[2025-07-22T06:18:42.637+0000] {processor.py:914} INFO - Processing file /opt/airflow/dags/train_power_pred.py for tasks to queue
[2025-07-22T06:18:42.639+0000] {logging_mixin.py:190} INFO - [2025-07-22T06:18:42.639+0000] {dagbag.py:588} INFO - Filling up the DagBag from /opt/airflow/dags/train_power_pred.py
[2025-07-22T06:18:45.676+0000] {processor.py:925} INFO - DAG(s) 'train_power_pred' retrieved from /opt/airflow/dags/train_power_pred.py
[2025-07-22T06:18:45.694+0000] {logging_mixin.py:190} INFO - [2025-07-22T06:18:45.693+0000] {dag.py:3239} INFO - Sync 1 DAGs
[2025-07-22T06:18:45.708+0000] {logging_mixin.py:190} INFO - [2025-07-22T06:18:45.708+0000] {dag.py:4180} INFO - Setting next_dagrun for train_power_pred to 2025-07-22 00:00:00+00:00, run_after=2025-07-23 00:00:00+00:00
[2025-07-22T06:18:45.721+0000] {processor.py:208} INFO - Processing /opt/airflow/dags/train_power_pred.py took 3.092 seconds
[2025-07-22T06:19:17.752+0000] {processor.py:186} INFO - Started process (PID=28997) to work on /opt/airflow/dags/train_power_pred.py
[2025-07-22T06:19:17.753+0000] {processor.py:914} INFO - Processing file /opt/airflow/dags/train_power_pred.py for tasks to queue
[2025-07-22T06:19:17.755+0000] {logging_mixin.py:190} INFO - [2025-07-22T06:19:17.755+0000] {dagbag.py:588} INFO - Filling up the DagBag from /opt/airflow/dags/train_power_pred.py
[2025-07-22T06:19:20.787+0000] {processor.py:925} INFO - DAG(s) 'train_power_pred' retrieved from /opt/airflow/dags/train_power_pred.py
[2025-07-22T06:19:20.806+0000] {logging_mixin.py:190} INFO - [2025-07-22T06:19:20.805+0000] {dag.py:3239} INFO - Sync 1 DAGs
[2025-07-22T06:19:20.823+0000] {logging_mixin.py:190} INFO - [2025-07-22T06:19:20.822+0000] {dag.py:4180} INFO - Setting next_dagrun for train_power_pred to 2025-07-22 00:00:00+00:00, run_after=2025-07-23 00:00:00+00:00
[2025-07-22T06:19:20.835+0000] {processor.py:208} INFO - Processing /opt/airflow/dags/train_power_pred.py took 3.089 seconds
[2025-07-22T06:19:53.198+0000] {processor.py:186} INFO - Started process (PID=29095) to work on /opt/airflow/dags/train_power_pred.py
[2025-07-22T06:19:53.199+0000] {processor.py:914} INFO - Processing file /opt/airflow/dags/train_power_pred.py for tasks to queue
[2025-07-22T06:19:53.202+0000] {logging_mixin.py:190} INFO - [2025-07-22T06:19:53.202+0000] {dagbag.py:588} INFO - Filling up the DagBag from /opt/airflow/dags/train_power_pred.py
[2025-07-22T06:19:56.352+0000] {processor.py:925} INFO - DAG(s) 'train_power_pred' retrieved from /opt/airflow/dags/train_power_pred.py
[2025-07-22T06:19:56.371+0000] {logging_mixin.py:190} INFO - [2025-07-22T06:19:56.370+0000] {dag.py:3239} INFO - Sync 1 DAGs
[2025-07-22T06:19:56.386+0000] {logging_mixin.py:190} INFO - [2025-07-22T06:19:56.386+0000] {dag.py:4180} INFO - Setting next_dagrun for train_power_pred to 2025-07-22 00:00:00+00:00, run_after=2025-07-23 00:00:00+00:00
[2025-07-22T06:19:56.399+0000] {processor.py:208} INFO - Processing /opt/airflow/dags/train_power_pred.py took 3.209 seconds
[2025-07-22T06:20:27.920+0000] {processor.py:186} INFO - Started process (PID=29199) to work on /opt/airflow/dags/train_power_pred.py
[2025-07-22T06:20:27.921+0000] {processor.py:914} INFO - Processing file /opt/airflow/dags/train_power_pred.py for tasks to queue
[2025-07-22T06:20:27.923+0000] {logging_mixin.py:190} INFO - [2025-07-22T06:20:27.923+0000] {dagbag.py:588} INFO - Filling up the DagBag from /opt/airflow/dags/train_power_pred.py
[2025-07-22T06:20:31.249+0000] {processor.py:925} INFO - DAG(s) 'train_power_pred' retrieved from /opt/airflow/dags/train_power_pred.py
[2025-07-22T06:20:31.274+0000] {logging_mixin.py:190} INFO - [2025-07-22T06:20:31.273+0000] {dag.py:3239} INFO - Sync 1 DAGs
[2025-07-22T06:20:31.292+0000] {logging_mixin.py:190} INFO - [2025-07-22T06:20:31.292+0000] {dag.py:4180} INFO - Setting next_dagrun for train_power_pred to 2025-07-22 00:00:00+00:00, run_after=2025-07-23 00:00:00+00:00
[2025-07-22T06:20:31.311+0000] {processor.py:208} INFO - Processing /opt/airflow/dags/train_power_pred.py took 3.397 seconds
[2025-07-22T06:21:03.009+0000] {processor.py:186} INFO - Started process (PID=29297) to work on /opt/airflow/dags/train_power_pred.py
[2025-07-22T06:21:03.010+0000] {processor.py:914} INFO - Processing file /opt/airflow/dags/train_power_pred.py for tasks to queue
[2025-07-22T06:21:03.012+0000] {logging_mixin.py:190} INFO - [2025-07-22T06:21:03.012+0000] {dagbag.py:588} INFO - Filling up the DagBag from /opt/airflow/dags/train_power_pred.py
[2025-07-22T06:21:06.394+0000] {processor.py:925} INFO - DAG(s) 'train_power_pred' retrieved from /opt/airflow/dags/train_power_pred.py
[2025-07-22T06:21:06.415+0000] {logging_mixin.py:190} INFO - [2025-07-22T06:21:06.414+0000] {dag.py:3239} INFO - Sync 1 DAGs
[2025-07-22T06:21:06.431+0000] {logging_mixin.py:190} INFO - [2025-07-22T06:21:06.431+0000] {dag.py:4180} INFO - Setting next_dagrun for train_power_pred to 2025-07-22 00:00:00+00:00, run_after=2025-07-23 00:00:00+00:00
[2025-07-22T06:21:06.447+0000] {processor.py:208} INFO - Processing /opt/airflow/dags/train_power_pred.py took 3.445 seconds
[2025-07-22T06:21:38.186+0000] {processor.py:186} INFO - Started process (PID=29396) to work on /opt/airflow/dags/train_power_pred.py
[2025-07-22T06:21:38.187+0000] {processor.py:914} INFO - Processing file /opt/airflow/dags/train_power_pred.py for tasks to queue
[2025-07-22T06:21:38.189+0000] {logging_mixin.py:190} INFO - [2025-07-22T06:21:38.189+0000] {dagbag.py:588} INFO - Filling up the DagBag from /opt/airflow/dags/train_power_pred.py
[2025-07-22T06:21:41.440+0000] {processor.py:925} INFO - DAG(s) 'train_power_pred' retrieved from /opt/airflow/dags/train_power_pred.py
[2025-07-22T06:21:41.461+0000] {logging_mixin.py:190} INFO - [2025-07-22T06:21:41.461+0000] {dag.py:3239} INFO - Sync 1 DAGs
[2025-07-22T06:21:41.480+0000] {logging_mixin.py:190} INFO - [2025-07-22T06:21:41.480+0000] {dag.py:4180} INFO - Setting next_dagrun for train_power_pred to 2025-07-22 00:00:00+00:00, run_after=2025-07-23 00:00:00+00:00
[2025-07-22T06:21:41.497+0000] {processor.py:208} INFO - Processing /opt/airflow/dags/train_power_pred.py took 3.316 seconds
[2025-07-22T06:22:13.197+0000] {processor.py:186} INFO - Started process (PID=29493) to work on /opt/airflow/dags/train_power_pred.py
[2025-07-22T06:22:13.198+0000] {processor.py:914} INFO - Processing file /opt/airflow/dags/train_power_pred.py for tasks to queue
[2025-07-22T06:22:13.201+0000] {logging_mixin.py:190} INFO - [2025-07-22T06:22:13.200+0000] {dagbag.py:588} INFO - Filling up the DagBag from /opt/airflow/dags/train_power_pred.py
[2025-07-22T06:22:16.272+0000] {processor.py:925} INFO - DAG(s) 'train_power_pred' retrieved from /opt/airflow/dags/train_power_pred.py
[2025-07-22T06:22:16.290+0000] {logging_mixin.py:190} INFO - [2025-07-22T06:22:16.290+0000] {dag.py:3239} INFO - Sync 1 DAGs
[2025-07-22T06:22:16.307+0000] {logging_mixin.py:190} INFO - [2025-07-22T06:22:16.307+0000] {dag.py:4180} INFO - Setting next_dagrun for train_power_pred to 2025-07-22 00:00:00+00:00, run_after=2025-07-23 00:00:00+00:00
[2025-07-22T06:22:16.320+0000] {processor.py:208} INFO - Processing /opt/airflow/dags/train_power_pred.py took 3.131 seconds
[2025-07-22T06:22:48.251+0000] {processor.py:186} INFO - Started process (PID=29591) to work on /opt/airflow/dags/train_power_pred.py
[2025-07-22T06:22:48.252+0000] {processor.py:914} INFO - Processing file /opt/airflow/dags/train_power_pred.py for tasks to queue
[2025-07-22T06:22:48.254+0000] {logging_mixin.py:190} INFO - [2025-07-22T06:22:48.254+0000] {dagbag.py:588} INFO - Filling up the DagBag from /opt/airflow/dags/train_power_pred.py
[2025-07-22T06:22:51.463+0000] {processor.py:925} INFO - DAG(s) 'train_power_pred' retrieved from /opt/airflow/dags/train_power_pred.py
[2025-07-22T06:22:51.486+0000] {logging_mixin.py:190} INFO - [2025-07-22T06:22:51.485+0000] {dag.py:3239} INFO - Sync 1 DAGs
[2025-07-22T06:22:51.503+0000] {logging_mixin.py:190} INFO - [2025-07-22T06:22:51.503+0000] {dag.py:4180} INFO - Setting next_dagrun for train_power_pred to 2025-07-22 00:00:00+00:00, run_after=2025-07-23 00:00:00+00:00
[2025-07-22T06:22:51.520+0000] {processor.py:208} INFO - Processing /opt/airflow/dags/train_power_pred.py took 3.276 seconds
[2025-07-22T06:23:23.399+0000] {processor.py:186} INFO - Started process (PID=29689) to work on /opt/airflow/dags/train_power_pred.py
[2025-07-22T06:23:23.400+0000] {processor.py:914} INFO - Processing file /opt/airflow/dags/train_power_pred.py for tasks to queue
[2025-07-22T06:23:23.403+0000] {logging_mixin.py:190} INFO - [2025-07-22T06:23:23.402+0000] {dagbag.py:588} INFO - Filling up the DagBag from /opt/airflow/dags/train_power_pred.py
[2025-07-22T06:23:26.431+0000] {processor.py:925} INFO - DAG(s) 'train_power_pred' retrieved from /opt/airflow/dags/train_power_pred.py
[2025-07-22T06:23:26.453+0000] {logging_mixin.py:190} INFO - [2025-07-22T06:23:26.453+0000] {dag.py:3239} INFO - Sync 1 DAGs
[2025-07-22T06:23:26.469+0000] {logging_mixin.py:190} INFO - [2025-07-22T06:23:26.469+0000] {dag.py:4180} INFO - Setting next_dagrun for train_power_pred to 2025-07-22 00:00:00+00:00, run_after=2025-07-23 00:00:00+00:00
[2025-07-22T06:23:26.484+0000] {processor.py:208} INFO - Processing /opt/airflow/dags/train_power_pred.py took 3.091 seconds
[2025-07-22T06:23:57.538+0000] {processor.py:186} INFO - Started process (PID=29792) to work on /opt/airflow/dags/train_power_pred.py
[2025-07-22T06:23:57.539+0000] {processor.py:914} INFO - Processing file /opt/airflow/dags/train_power_pred.py for tasks to queue
[2025-07-22T06:23:57.541+0000] {logging_mixin.py:190} INFO - [2025-07-22T06:23:57.541+0000] {dagbag.py:588} INFO - Filling up the DagBag from /opt/airflow/dags/train_power_pred.py
[2025-07-22T06:24:00.636+0000] {processor.py:925} INFO - DAG(s) 'train_power_pred' retrieved from /opt/airflow/dags/train_power_pred.py
[2025-07-22T06:24:00.655+0000] {logging_mixin.py:190} INFO - [2025-07-22T06:24:00.654+0000] {dag.py:3239} INFO - Sync 1 DAGs
[2025-07-22T06:24:00.670+0000] {logging_mixin.py:190} INFO - [2025-07-22T06:24:00.670+0000] {dag.py:4180} INFO - Setting next_dagrun for train_power_pred to 2025-07-22 00:00:00+00:00, run_after=2025-07-23 00:00:00+00:00
[2025-07-22T06:24:00.684+0000] {processor.py:208} INFO - Processing /opt/airflow/dags/train_power_pred.py took 3.152 seconds
[2025-07-22T06:24:32.725+0000] {processor.py:186} INFO - Started process (PID=29890) to work on /opt/airflow/dags/train_power_pred.py
[2025-07-22T06:24:32.727+0000] {processor.py:914} INFO - Processing file /opt/airflow/dags/train_power_pred.py for tasks to queue
[2025-07-22T06:24:32.730+0000] {logging_mixin.py:190} INFO - [2025-07-22T06:24:32.729+0000] {dagbag.py:588} INFO - Filling up the DagBag from /opt/airflow/dags/train_power_pred.py
[2025-07-22T06:24:35.969+0000] {processor.py:925} INFO - DAG(s) 'train_power_pred' retrieved from /opt/airflow/dags/train_power_pred.py
[2025-07-22T06:24:35.992+0000] {logging_mixin.py:190} INFO - [2025-07-22T06:24:35.991+0000] {dag.py:3239} INFO - Sync 1 DAGs
[2025-07-22T06:24:36.009+0000] {logging_mixin.py:190} INFO - [2025-07-22T06:24:36.009+0000] {dag.py:4180} INFO - Setting next_dagrun for train_power_pred to 2025-07-22 00:00:00+00:00, run_after=2025-07-23 00:00:00+00:00
[2025-07-22T06:24:36.022+0000] {processor.py:208} INFO - Processing /opt/airflow/dags/train_power_pred.py took 3.304 seconds
[2025-07-22T06:25:07.880+0000] {processor.py:186} INFO - Started process (PID=29988) to work on /opt/airflow/dags/train_power_pred.py
[2025-07-22T06:25:07.881+0000] {processor.py:914} INFO - Processing file /opt/airflow/dags/train_power_pred.py for tasks to queue
[2025-07-22T06:25:07.884+0000] {logging_mixin.py:190} INFO - [2025-07-22T06:25:07.883+0000] {dagbag.py:588} INFO - Filling up the DagBag from /opt/airflow/dags/train_power_pred.py
[2025-07-22T06:25:10.993+0000] {processor.py:925} INFO - DAG(s) 'train_power_pred' retrieved from /opt/airflow/dags/train_power_pred.py
[2025-07-22T06:25:11.012+0000] {logging_mixin.py:190} INFO - [2025-07-22T06:25:11.011+0000] {dag.py:3239} INFO - Sync 1 DAGs
[2025-07-22T06:25:11.027+0000] {logging_mixin.py:190} INFO - [2025-07-22T06:25:11.027+0000] {dag.py:4180} INFO - Setting next_dagrun for train_power_pred to 2025-07-22 00:00:00+00:00, run_after=2025-07-23 00:00:00+00:00
[2025-07-22T06:25:11.040+0000] {processor.py:208} INFO - Processing /opt/airflow/dags/train_power_pred.py took 3.166 seconds
[2025-07-22T06:25:42.838+0000] {processor.py:186} INFO - Started process (PID=30086) to work on /opt/airflow/dags/train_power_pred.py
[2025-07-22T06:25:42.839+0000] {processor.py:914} INFO - Processing file /opt/airflow/dags/train_power_pred.py for tasks to queue
[2025-07-22T06:25:42.841+0000] {logging_mixin.py:190} INFO - [2025-07-22T06:25:42.841+0000] {dagbag.py:588} INFO - Filling up the DagBag from /opt/airflow/dags/train_power_pred.py
[2025-07-22T06:25:45.902+0000] {processor.py:925} INFO - DAG(s) 'train_power_pred' retrieved from /opt/airflow/dags/train_power_pred.py
[2025-07-22T06:25:45.922+0000] {logging_mixin.py:190} INFO - [2025-07-22T06:25:45.921+0000] {dag.py:3239} INFO - Sync 1 DAGs
[2025-07-22T06:25:45.937+0000] {logging_mixin.py:190} INFO - [2025-07-22T06:25:45.937+0000] {dag.py:4180} INFO - Setting next_dagrun for train_power_pred to 2025-07-22 00:00:00+00:00, run_after=2025-07-23 00:00:00+00:00
[2025-07-22T06:25:45.949+0000] {processor.py:208} INFO - Processing /opt/airflow/dags/train_power_pred.py took 3.117 seconds
[2025-07-22T06:26:17.590+0000] {processor.py:186} INFO - Started process (PID=30184) to work on /opt/airflow/dags/train_power_pred.py
[2025-07-22T06:26:17.591+0000] {processor.py:914} INFO - Processing file /opt/airflow/dags/train_power_pred.py for tasks to queue
[2025-07-22T06:26:17.593+0000] {logging_mixin.py:190} INFO - [2025-07-22T06:26:17.593+0000] {dagbag.py:588} INFO - Filling up the DagBag from /opt/airflow/dags/train_power_pred.py
[2025-07-22T06:26:20.714+0000] {processor.py:925} INFO - DAG(s) 'train_power_pred' retrieved from /opt/airflow/dags/train_power_pred.py
[2025-07-22T06:26:20.732+0000] {logging_mixin.py:190} INFO - [2025-07-22T06:26:20.731+0000] {dag.py:3239} INFO - Sync 1 DAGs
[2025-07-22T06:26:20.746+0000] {logging_mixin.py:190} INFO - [2025-07-22T06:26:20.746+0000] {dag.py:4180} INFO - Setting next_dagrun for train_power_pred to 2025-07-22 00:00:00+00:00, run_after=2025-07-23 00:00:00+00:00
[2025-07-22T06:26:20.758+0000] {processor.py:208} INFO - Processing /opt/airflow/dags/train_power_pred.py took 3.173 seconds
[2025-07-22T06:26:52.188+0000] {processor.py:186} INFO - Started process (PID=30282) to work on /opt/airflow/dags/train_power_pred.py
[2025-07-22T06:26:52.189+0000] {processor.py:914} INFO - Processing file /opt/airflow/dags/train_power_pred.py for tasks to queue
[2025-07-22T06:26:52.192+0000] {logging_mixin.py:190} INFO - [2025-07-22T06:26:52.192+0000] {dagbag.py:588} INFO - Filling up the DagBag from /opt/airflow/dags/train_power_pred.py
[2025-07-22T06:26:55.496+0000] {processor.py:925} INFO - DAG(s) 'train_power_pred' retrieved from /opt/airflow/dags/train_power_pred.py
[2025-07-22T06:26:55.515+0000] {logging_mixin.py:190} INFO - [2025-07-22T06:26:55.514+0000] {dag.py:3239} INFO - Sync 1 DAGs
[2025-07-22T06:26:55.530+0000] {logging_mixin.py:190} INFO - [2025-07-22T06:26:55.530+0000] {dag.py:4180} INFO - Setting next_dagrun for train_power_pred to 2025-07-22 00:00:00+00:00, run_after=2025-07-23 00:00:00+00:00
[2025-07-22T06:26:55.543+0000] {processor.py:208} INFO - Processing /opt/airflow/dags/train_power_pred.py took 3.360 seconds
[2025-07-22T06:27:26.602+0000] {processor.py:186} INFO - Started process (PID=30380) to work on /opt/airflow/dags/train_power_pred.py
[2025-07-22T06:27:26.603+0000] {processor.py:914} INFO - Processing file /opt/airflow/dags/train_power_pred.py for tasks to queue
[2025-07-22T06:27:26.606+0000] {logging_mixin.py:190} INFO - [2025-07-22T06:27:26.606+0000] {dagbag.py:588} INFO - Filling up the DagBag from /opt/airflow/dags/train_power_pred.py
[2025-07-22T06:27:29.749+0000] {processor.py:925} INFO - DAG(s) 'train_power_pred' retrieved from /opt/airflow/dags/train_power_pred.py
[2025-07-22T06:27:29.767+0000] {logging_mixin.py:190} INFO - [2025-07-22T06:27:29.767+0000] {dag.py:3239} INFO - Sync 1 DAGs
[2025-07-22T06:27:29.783+0000] {logging_mixin.py:190} INFO - [2025-07-22T06:27:29.783+0000] {dag.py:4180} INFO - Setting next_dagrun for train_power_pred to 2025-07-22 00:00:00+00:00, run_after=2025-07-23 00:00:00+00:00
[2025-07-22T06:27:29.796+0000] {processor.py:208} INFO - Processing /opt/airflow/dags/train_power_pred.py took 3.200 seconds
[2025-07-22T08:41:29.561+0000] {processor.py:186} INFO - Started process (PID=30462) to work on /opt/airflow/dags/train_power_pred.py
[2025-07-22T08:41:29.562+0000] {processor.py:914} INFO - Processing file /opt/airflow/dags/train_power_pred.py for tasks to queue
[2025-07-22T08:41:29.565+0000] {logging_mixin.py:190} INFO - [2025-07-22T08:41:29.564+0000] {dagbag.py:588} INFO - Filling up the DagBag from /opt/airflow/dags/train_power_pred.py
[2025-07-22T08:41:33.307+0000] {processor.py:925} INFO - DAG(s) 'train_power_pred' retrieved from /opt/airflow/dags/train_power_pred.py
[2025-07-22T08:41:33.329+0000] {logging_mixin.py:190} INFO - [2025-07-22T08:41:33.328+0000] {dag.py:3239} INFO - Sync 1 DAGs
[2025-07-22T08:41:33.348+0000] {logging_mixin.py:190} INFO - [2025-07-22T08:41:33.348+0000] {dag.py:4180} INFO - Setting next_dagrun for train_power_pred to 2025-07-22 00:00:00+00:00, run_after=2025-07-23 00:00:00+00:00
[2025-07-22T08:41:33.367+0000] {processor.py:208} INFO - Processing /opt/airflow/dags/train_power_pred.py took 3.813 seconds
[2025-07-22T08:42:04.884+0000] {processor.py:186} INFO - Started process (PID=30560) to work on /opt/airflow/dags/train_power_pred.py
[2025-07-22T08:42:04.886+0000] {processor.py:914} INFO - Processing file /opt/airflow/dags/train_power_pred.py for tasks to queue
[2025-07-22T08:42:04.888+0000] {logging_mixin.py:190} INFO - [2025-07-22T08:42:04.887+0000] {dagbag.py:588} INFO - Filling up the DagBag from /opt/airflow/dags/train_power_pred.py
[2025-07-22T08:42:08.206+0000] {processor.py:925} INFO - DAG(s) 'train_power_pred' retrieved from /opt/airflow/dags/train_power_pred.py
[2025-07-22T08:42:08.226+0000] {logging_mixin.py:190} INFO - [2025-07-22T08:42:08.226+0000] {dag.py:3239} INFO - Sync 1 DAGs
[2025-07-22T08:42:08.244+0000] {logging_mixin.py:190} INFO - [2025-07-22T08:42:08.244+0000] {dag.py:4180} INFO - Setting next_dagrun for train_power_pred to 2025-07-22 00:00:00+00:00, run_after=2025-07-23 00:00:00+00:00
[2025-07-22T08:42:08.258+0000] {processor.py:208} INFO - Processing /opt/airflow/dags/train_power_pred.py took 3.380 seconds
[2025-07-22T08:42:40.451+0000] {processor.py:186} INFO - Started process (PID=30680) to work on /opt/airflow/dags/train_power_pred.py
[2025-07-22T08:42:40.452+0000] {processor.py:914} INFO - Processing file /opt/airflow/dags/train_power_pred.py for tasks to queue
[2025-07-22T08:42:40.455+0000] {logging_mixin.py:190} INFO - [2025-07-22T08:42:40.454+0000] {dagbag.py:588} INFO - Filling up the DagBag from /opt/airflow/dags/train_power_pred.py
[2025-07-22T08:42:43.728+0000] {processor.py:925} INFO - DAG(s) 'train_power_pred' retrieved from /opt/airflow/dags/train_power_pred.py
[2025-07-22T08:42:43.750+0000] {logging_mixin.py:190} INFO - [2025-07-22T08:42:43.750+0000] {dag.py:3239} INFO - Sync 1 DAGs
[2025-07-22T08:42:43.767+0000] {logging_mixin.py:190} INFO - [2025-07-22T08:42:43.767+0000] {dag.py:4180} INFO - Setting next_dagrun for train_power_pred to 2025-07-22 00:00:00+00:00, run_after=2025-07-23 00:00:00+00:00
[2025-07-22T08:42:43.781+0000] {processor.py:208} INFO - Processing /opt/airflow/dags/train_power_pred.py took 3.336 seconds
[2025-07-22T08:43:15.687+0000] {processor.py:186} INFO - Started process (PID=30763) to work on /opt/airflow/dags/train_power_pred.py
[2025-07-22T08:43:15.689+0000] {processor.py:914} INFO - Processing file /opt/airflow/dags/train_power_pred.py for tasks to queue
[2025-07-22T08:43:15.691+0000] {logging_mixin.py:190} INFO - [2025-07-22T08:43:15.691+0000] {dagbag.py:588} INFO - Filling up the DagBag from /opt/airflow/dags/train_power_pred.py
[2025-07-22T08:43:19.425+0000] {processor.py:925} INFO - DAG(s) 'train_power_pred' retrieved from /opt/airflow/dags/train_power_pred.py
[2025-07-22T08:43:19.448+0000] {logging_mixin.py:190} INFO - [2025-07-22T08:43:19.447+0000] {dag.py:3239} INFO - Sync 1 DAGs
[2025-07-22T08:43:19.468+0000] {logging_mixin.py:190} INFO - [2025-07-22T08:43:19.468+0000] {dag.py:4180} INFO - Setting next_dagrun for train_power_pred to 2025-07-22 00:00:00+00:00, run_after=2025-07-23 00:00:00+00:00
[2025-07-22T08:43:19.485+0000] {processor.py:208} INFO - Processing /opt/airflow/dags/train_power_pred.py took 3.803 seconds
[2025-07-22T08:43:50.947+0000] {processor.py:186} INFO - Started process (PID=30861) to work on /opt/airflow/dags/train_power_pred.py
[2025-07-22T08:43:50.948+0000] {processor.py:914} INFO - Processing file /opt/airflow/dags/train_power_pred.py for tasks to queue
[2025-07-22T08:43:50.951+0000] {logging_mixin.py:190} INFO - [2025-07-22T08:43:50.950+0000] {dagbag.py:588} INFO - Filling up the DagBag from /opt/airflow/dags/train_power_pred.py
[2025-07-22T08:43:54.191+0000] {processor.py:925} INFO - DAG(s) 'train_power_pred' retrieved from /opt/airflow/dags/train_power_pred.py
[2025-07-22T08:43:54.212+0000] {logging_mixin.py:190} INFO - [2025-07-22T08:43:54.211+0000] {dag.py:3239} INFO - Sync 1 DAGs
[2025-07-22T08:43:54.231+0000] {logging_mixin.py:190} INFO - [2025-07-22T08:43:54.231+0000] {dag.py:4180} INFO - Setting next_dagrun for train_power_pred to 2025-07-22 00:00:00+00:00, run_after=2025-07-23 00:00:00+00:00
[2025-07-22T08:43:54.245+0000] {processor.py:208} INFO - Processing /opt/airflow/dags/train_power_pred.py took 3.304 seconds
[2025-07-22T08:44:25.697+0000] {processor.py:186} INFO - Started process (PID=30974) to work on /opt/airflow/dags/train_power_pred.py
[2025-07-22T08:44:25.698+0000] {processor.py:914} INFO - Processing file /opt/airflow/dags/train_power_pred.py for tasks to queue
[2025-07-22T08:44:25.701+0000] {logging_mixin.py:190} INFO - [2025-07-22T08:44:25.701+0000] {dagbag.py:588} INFO - Filling up the DagBag from /opt/airflow/dags/train_power_pred.py
[2025-07-22T08:44:29.134+0000] {processor.py:925} INFO - DAG(s) 'train_power_pred' retrieved from /opt/airflow/dags/train_power_pred.py
[2025-07-22T08:44:29.156+0000] {logging_mixin.py:190} INFO - [2025-07-22T08:44:29.156+0000] {dag.py:3239} INFO - Sync 1 DAGs
[2025-07-22T08:44:29.176+0000] {logging_mixin.py:190} INFO - [2025-07-22T08:44:29.176+0000] {dag.py:4180} INFO - Setting next_dagrun for train_power_pred to 2025-07-22 00:00:00+00:00, run_after=2025-07-23 00:00:00+00:00
[2025-07-22T08:44:29.191+0000] {processor.py:208} INFO - Processing /opt/airflow/dags/train_power_pred.py took 3.500 seconds
[2025-07-22T08:45:00.309+0000] {processor.py:186} INFO - Started process (PID=31056) to work on /opt/airflow/dags/train_power_pred.py
[2025-07-22T08:45:00.310+0000] {processor.py:914} INFO - Processing file /opt/airflow/dags/train_power_pred.py for tasks to queue
[2025-07-22T08:45:00.312+0000] {logging_mixin.py:190} INFO - [2025-07-22T08:45:00.312+0000] {dagbag.py:588} INFO - Filling up the DagBag from /opt/airflow/dags/train_power_pred.py
[2025-07-22T08:45:03.576+0000] {processor.py:925} INFO - DAG(s) 'train_power_pred' retrieved from /opt/airflow/dags/train_power_pred.py
[2025-07-22T08:45:03.594+0000] {logging_mixin.py:190} INFO - [2025-07-22T08:45:03.594+0000] {dag.py:3239} INFO - Sync 1 DAGs
[2025-07-22T08:45:03.611+0000] {logging_mixin.py:190} INFO - [2025-07-22T08:45:03.611+0000] {dag.py:4180} INFO - Setting next_dagrun for train_power_pred to 2025-07-22 00:00:00+00:00, run_after=2025-07-23 00:00:00+00:00
[2025-07-22T08:45:03.625+0000] {processor.py:208} INFO - Processing /opt/airflow/dags/train_power_pred.py took 3.322 seconds
[2025-07-22T08:45:36.484+0000] {processor.py:186} INFO - Started process (PID=31176) to work on /opt/airflow/dags/train_power_pred.py
[2025-07-22T08:45:36.485+0000] {processor.py:914} INFO - Processing file /opt/airflow/dags/train_power_pred.py for tasks to queue
[2025-07-22T08:45:36.488+0000] {logging_mixin.py:190} INFO - [2025-07-22T08:45:36.487+0000] {dagbag.py:588} INFO - Filling up the DagBag from /opt/airflow/dags/train_power_pred.py
[2025-07-22T08:45:39.818+0000] {processor.py:925} INFO - DAG(s) 'train_power_pred' retrieved from /opt/airflow/dags/train_power_pred.py
[2025-07-22T08:45:39.839+0000] {logging_mixin.py:190} INFO - [2025-07-22T08:45:39.839+0000] {dag.py:3239} INFO - Sync 1 DAGs
[2025-07-22T08:45:39.858+0000] {logging_mixin.py:190} INFO - [2025-07-22T08:45:39.858+0000] {dag.py:4180} INFO - Setting next_dagrun for train_power_pred to 2025-07-22 00:00:00+00:00, run_after=2025-07-23 00:00:00+00:00
[2025-07-22T08:45:39.872+0000] {processor.py:208} INFO - Processing /opt/airflow/dags/train_power_pred.py took 3.394 seconds
[2025-07-22T08:46:11.636+0000] {processor.py:186} INFO - Started process (PID=31274) to work on /opt/airflow/dags/train_power_pred.py
[2025-07-22T08:46:11.637+0000] {processor.py:914} INFO - Processing file /opt/airflow/dags/train_power_pred.py for tasks to queue
[2025-07-22T08:46:11.639+0000] {logging_mixin.py:190} INFO - [2025-07-22T08:46:11.639+0000] {dagbag.py:588} INFO - Filling up the DagBag from /opt/airflow/dags/train_power_pred.py
[2025-07-22T08:46:14.843+0000] {processor.py:925} INFO - DAG(s) 'train_power_pred' retrieved from /opt/airflow/dags/train_power_pred.py
[2025-07-22T08:46:14.864+0000] {logging_mixin.py:190} INFO - [2025-07-22T08:46:14.863+0000] {dag.py:3239} INFO - Sync 1 DAGs
[2025-07-22T08:46:14.881+0000] {logging_mixin.py:190} INFO - [2025-07-22T08:46:14.881+0000] {dag.py:4180} INFO - Setting next_dagrun for train_power_pred to 2025-07-22 00:00:00+00:00, run_after=2025-07-23 00:00:00+00:00
[2025-07-22T08:46:14.894+0000] {processor.py:208} INFO - Processing /opt/airflow/dags/train_power_pred.py took 3.264 seconds
[2025-07-22T08:46:46.835+0000] {processor.py:186} INFO - Started process (PID=31372) to work on /opt/airflow/dags/train_power_pred.py
[2025-07-22T08:46:46.836+0000] {processor.py:914} INFO - Processing file /opt/airflow/dags/train_power_pred.py for tasks to queue
[2025-07-22T08:46:46.839+0000] {logging_mixin.py:190} INFO - [2025-07-22T08:46:46.838+0000] {dagbag.py:588} INFO - Filling up the DagBag from /opt/airflow/dags/train_power_pred.py
[2025-07-22T08:46:50.182+0000] {processor.py:925} INFO - DAG(s) 'train_power_pred' retrieved from /opt/airflow/dags/train_power_pred.py
[2025-07-22T08:46:50.200+0000] {logging_mixin.py:190} INFO - [2025-07-22T08:46:50.199+0000] {dag.py:3239} INFO - Sync 1 DAGs
[2025-07-22T08:46:50.216+0000] {logging_mixin.py:190} INFO - [2025-07-22T08:46:50.216+0000] {dag.py:4180} INFO - Setting next_dagrun for train_power_pred to 2025-07-22 00:00:00+00:00, run_after=2025-07-23 00:00:00+00:00
[2025-07-22T08:46:50.229+0000] {processor.py:208} INFO - Processing /opt/airflow/dags/train_power_pred.py took 3.401 seconds
[2025-07-22T08:47:22.050+0000] {processor.py:186} INFO - Started process (PID=31455) to work on /opt/airflow/dags/train_power_pred.py
[2025-07-22T08:47:22.051+0000] {processor.py:914} INFO - Processing file /opt/airflow/dags/train_power_pred.py for tasks to queue
[2025-07-22T08:47:22.054+0000] {logging_mixin.py:190} INFO - [2025-07-22T08:47:22.053+0000] {dagbag.py:588} INFO - Filling up the DagBag from /opt/airflow/dags/train_power_pred.py
[2025-07-22T08:47:25.389+0000] {processor.py:925} INFO - DAG(s) 'train_power_pred' retrieved from /opt/airflow/dags/train_power_pred.py
[2025-07-22T08:47:25.410+0000] {logging_mixin.py:190} INFO - [2025-07-22T08:47:25.409+0000] {dag.py:3239} INFO - Sync 1 DAGs
[2025-07-22T08:47:25.428+0000] {logging_mixin.py:190} INFO - [2025-07-22T08:47:25.428+0000] {dag.py:4180} INFO - Setting next_dagrun for train_power_pred to 2025-07-22 00:00:00+00:00, run_after=2025-07-23 00:00:00+00:00
[2025-07-22T08:47:25.444+0000] {processor.py:208} INFO - Processing /opt/airflow/dags/train_power_pred.py took 3.399 seconds
[2025-07-22T08:47:57.067+0000] {processor.py:186} INFO - Started process (PID=31568) to work on /opt/airflow/dags/train_power_pred.py
[2025-07-22T08:47:57.068+0000] {processor.py:914} INFO - Processing file /opt/airflow/dags/train_power_pred.py for tasks to queue
[2025-07-22T08:47:57.070+0000] {logging_mixin.py:190} INFO - [2025-07-22T08:47:57.070+0000] {dagbag.py:588} INFO - Filling up the DagBag from /opt/airflow/dags/train_power_pred.py
[2025-07-22T08:48:00.462+0000] {processor.py:925} INFO - DAG(s) 'train_power_pred' retrieved from /opt/airflow/dags/train_power_pred.py
[2025-07-22T08:48:00.481+0000] {logging_mixin.py:190} INFO - [2025-07-22T08:48:00.480+0000] {dag.py:3239} INFO - Sync 1 DAGs
[2025-07-22T08:48:00.497+0000] {logging_mixin.py:190} INFO - [2025-07-22T08:48:00.496+0000] {dag.py:4180} INFO - Setting next_dagrun for train_power_pred to 2025-07-22 00:00:00+00:00, run_after=2025-07-23 00:00:00+00:00
[2025-07-22T08:48:00.509+0000] {processor.py:208} INFO - Processing /opt/airflow/dags/train_power_pred.py took 3.448 seconds
[2025-07-22T08:48:31.611+0000] {processor.py:186} INFO - Started process (PID=31666) to work on /opt/airflow/dags/train_power_pred.py
[2025-07-22T08:48:31.612+0000] {processor.py:914} INFO - Processing file /opt/airflow/dags/train_power_pred.py for tasks to queue
[2025-07-22T08:48:31.614+0000] {logging_mixin.py:190} INFO - [2025-07-22T08:48:31.614+0000] {dagbag.py:588} INFO - Filling up the DagBag from /opt/airflow/dags/train_power_pred.py
[2025-07-22T08:48:34.944+0000] {processor.py:925} INFO - DAG(s) 'train_power_pred' retrieved from /opt/airflow/dags/train_power_pred.py
[2025-07-22T08:48:34.965+0000] {logging_mixin.py:190} INFO - [2025-07-22T08:48:34.964+0000] {dag.py:3239} INFO - Sync 1 DAGs
[2025-07-22T08:48:34.982+0000] {logging_mixin.py:190} INFO - [2025-07-22T08:48:34.982+0000] {dag.py:4180} INFO - Setting next_dagrun for train_power_pred to 2025-07-22 00:00:00+00:00, run_after=2025-07-23 00:00:00+00:00
[2025-07-22T08:48:34.995+0000] {processor.py:208} INFO - Processing /opt/airflow/dags/train_power_pred.py took 3.391 seconds
[2025-07-22T08:49:06.287+0000] {processor.py:186} INFO - Started process (PID=31770) to work on /opt/airflow/dags/train_power_pred.py
[2025-07-22T08:49:06.288+0000] {processor.py:914} INFO - Processing file /opt/airflow/dags/train_power_pred.py for tasks to queue
[2025-07-22T08:49:06.291+0000] {logging_mixin.py:190} INFO - [2025-07-22T08:49:06.291+0000] {dagbag.py:588} INFO - Filling up the DagBag from /opt/airflow/dags/train_power_pred.py
[2025-07-22T08:49:09.753+0000] {processor.py:925} INFO - DAG(s) 'train_power_pred' retrieved from /opt/airflow/dags/train_power_pred.py
[2025-07-22T08:49:09.775+0000] {logging_mixin.py:190} INFO - [2025-07-22T08:49:09.775+0000] {dag.py:3239} INFO - Sync 1 DAGs
[2025-07-22T08:49:09.793+0000] {logging_mixin.py:190} INFO - [2025-07-22T08:49:09.793+0000] {dag.py:4180} INFO - Setting next_dagrun for train_power_pred to 2025-07-22 00:00:00+00:00, run_after=2025-07-23 00:00:00+00:00
[2025-07-22T08:49:09.809+0000] {processor.py:208} INFO - Processing /opt/airflow/dags/train_power_pred.py took 3.530 seconds
[2025-07-22T08:49:41.089+0000] {processor.py:186} INFO - Started process (PID=31868) to work on /opt/airflow/dags/train_power_pred.py
[2025-07-22T08:49:41.090+0000] {processor.py:914} INFO - Processing file /opt/airflow/dags/train_power_pred.py for tasks to queue
[2025-07-22T08:49:41.093+0000] {logging_mixin.py:190} INFO - [2025-07-22T08:49:41.092+0000] {dagbag.py:588} INFO - Filling up the DagBag from /opt/airflow/dags/train_power_pred.py
[2025-07-22T08:49:44.384+0000] {processor.py:925} INFO - DAG(s) 'train_power_pred' retrieved from /opt/airflow/dags/train_power_pred.py
[2025-07-22T08:49:44.403+0000] {logging_mixin.py:190} INFO - [2025-07-22T08:49:44.403+0000] {dag.py:3239} INFO - Sync 1 DAGs
[2025-07-22T08:49:44.419+0000] {logging_mixin.py:190} INFO - [2025-07-22T08:49:44.419+0000] {dag.py:4180} INFO - Setting next_dagrun for train_power_pred to 2025-07-22 00:00:00+00:00, run_after=2025-07-23 00:00:00+00:00
[2025-07-22T08:49:44.434+0000] {processor.py:208} INFO - Processing /opt/airflow/dags/train_power_pred.py took 3.351 seconds
[2025-07-22T08:50:16.234+0000] {processor.py:186} INFO - Started process (PID=31966) to work on /opt/airflow/dags/train_power_pred.py
[2025-07-22T08:50:16.235+0000] {processor.py:914} INFO - Processing file /opt/airflow/dags/train_power_pred.py for tasks to queue
[2025-07-22T08:50:16.237+0000] {logging_mixin.py:190} INFO - [2025-07-22T08:50:16.237+0000] {dagbag.py:588} INFO - Filling up the DagBag from /opt/airflow/dags/train_power_pred.py
[2025-07-22T08:50:19.749+0000] {processor.py:925} INFO - DAG(s) 'train_power_pred' retrieved from /opt/airflow/dags/train_power_pred.py
[2025-07-22T08:50:19.771+0000] {logging_mixin.py:190} INFO - [2025-07-22T08:50:19.770+0000] {dag.py:3239} INFO - Sync 1 DAGs
[2025-07-22T08:50:19.790+0000] {logging_mixin.py:190} INFO - [2025-07-22T08:50:19.790+0000] {dag.py:4180} INFO - Setting next_dagrun for train_power_pred to 2025-07-22 00:00:00+00:00, run_after=2025-07-23 00:00:00+00:00
[2025-07-22T08:50:19.805+0000] {processor.py:208} INFO - Processing /opt/airflow/dags/train_power_pred.py took 3.577 seconds
[2025-07-22T08:50:51.692+0000] {processor.py:186} INFO - Started process (PID=32064) to work on /opt/airflow/dags/train_power_pred.py
[2025-07-22T08:50:51.693+0000] {processor.py:914} INFO - Processing file /opt/airflow/dags/train_power_pred.py for tasks to queue
[2025-07-22T08:50:51.695+0000] {logging_mixin.py:190} INFO - [2025-07-22T08:50:51.695+0000] {dagbag.py:588} INFO - Filling up the DagBag from /opt/airflow/dags/train_power_pred.py
[2025-07-22T08:50:55.027+0000] {processor.py:925} INFO - DAG(s) 'train_power_pred' retrieved from /opt/airflow/dags/train_power_pred.py
[2025-07-22T08:50:55.050+0000] {logging_mixin.py:190} INFO - [2025-07-22T08:50:55.049+0000] {dag.py:3239} INFO - Sync 1 DAGs
[2025-07-22T08:50:55.068+0000] {logging_mixin.py:190} INFO - [2025-07-22T08:50:55.068+0000] {dag.py:4180} INFO - Setting next_dagrun for train_power_pred to 2025-07-22 00:00:00+00:00, run_after=2025-07-23 00:00:00+00:00
[2025-07-22T08:50:55.082+0000] {processor.py:208} INFO - Processing /opt/airflow/dags/train_power_pred.py took 3.397 seconds
[2025-07-22T08:51:26.927+0000] {processor.py:186} INFO - Started process (PID=32162) to work on /opt/airflow/dags/train_power_pred.py
[2025-07-22T08:51:26.928+0000] {processor.py:914} INFO - Processing file /opt/airflow/dags/train_power_pred.py for tasks to queue
[2025-07-22T08:51:26.930+0000] {logging_mixin.py:190} INFO - [2025-07-22T08:51:26.930+0000] {dagbag.py:588} INFO - Filling up the DagBag from /opt/airflow/dags/train_power_pred.py
[2025-07-22T08:51:30.499+0000] {processor.py:925} INFO - DAG(s) 'train_power_pred' retrieved from /opt/airflow/dags/train_power_pred.py
[2025-07-22T08:51:30.523+0000] {logging_mixin.py:190} INFO - [2025-07-22T08:51:30.522+0000] {dag.py:3239} INFO - Sync 1 DAGs
[2025-07-22T08:51:30.542+0000] {logging_mixin.py:190} INFO - [2025-07-22T08:51:30.542+0000] {dag.py:4180} INFO - Setting next_dagrun for train_power_pred to 2025-07-22 00:00:00+00:00, run_after=2025-07-23 00:00:00+00:00
[2025-07-22T08:51:30.558+0000] {processor.py:208} INFO - Processing /opt/airflow/dags/train_power_pred.py took 3.639 seconds
[2025-07-22T08:52:01.613+0000] {processor.py:186} INFO - Started process (PID=32244) to work on /opt/airflow/dags/train_power_pred.py
[2025-07-22T08:52:01.614+0000] {processor.py:914} INFO - Processing file /opt/airflow/dags/train_power_pred.py for tasks to queue
[2025-07-22T08:52:01.616+0000] {logging_mixin.py:190} INFO - [2025-07-22T08:52:01.616+0000] {dagbag.py:588} INFO - Filling up the DagBag from /opt/airflow/dags/train_power_pred.py
[2025-07-22T08:52:05.038+0000] {processor.py:925} INFO - DAG(s) 'train_power_pred' retrieved from /opt/airflow/dags/train_power_pred.py
[2025-07-22T08:52:05.057+0000] {logging_mixin.py:190} INFO - [2025-07-22T08:52:05.057+0000] {dag.py:3239} INFO - Sync 1 DAGs
[2025-07-22T08:52:05.073+0000] {logging_mixin.py:190} INFO - [2025-07-22T08:52:05.073+0000] {dag.py:4180} INFO - Setting next_dagrun for train_power_pred to 2025-07-22 00:00:00+00:00, run_after=2025-07-23 00:00:00+00:00
[2025-07-22T08:52:05.089+0000] {processor.py:208} INFO - Processing /opt/airflow/dags/train_power_pred.py took 3.482 seconds
[2025-07-22T08:52:36.954+0000] {processor.py:186} INFO - Started process (PID=32364) to work on /opt/airflow/dags/train_power_pred.py
[2025-07-22T08:52:36.956+0000] {processor.py:914} INFO - Processing file /opt/airflow/dags/train_power_pred.py for tasks to queue
[2025-07-22T08:52:36.959+0000] {logging_mixin.py:190} INFO - [2025-07-22T08:52:36.958+0000] {dagbag.py:588} INFO - Filling up the DagBag from /opt/airflow/dags/train_power_pred.py
[2025-07-22T08:52:40.282+0000] {processor.py:925} INFO - DAG(s) 'train_power_pred' retrieved from /opt/airflow/dags/train_power_pred.py
[2025-07-22T08:52:40.303+0000] {logging_mixin.py:190} INFO - [2025-07-22T08:52:40.303+0000] {dag.py:3239} INFO - Sync 1 DAGs
[2025-07-22T08:52:40.320+0000] {logging_mixin.py:190} INFO - [2025-07-22T08:52:40.320+0000] {dag.py:4180} INFO - Setting next_dagrun for train_power_pred to 2025-07-22 00:00:00+00:00, run_after=2025-07-23 00:00:00+00:00
[2025-07-22T08:52:40.333+0000] {processor.py:208} INFO - Processing /opt/airflow/dags/train_power_pred.py took 3.386 seconds
[2025-07-22T08:53:12.348+0000] {processor.py:186} INFO - Started process (PID=32462) to work on /opt/airflow/dags/train_power_pred.py
[2025-07-22T08:53:12.350+0000] {processor.py:914} INFO - Processing file /opt/airflow/dags/train_power_pred.py for tasks to queue
[2025-07-22T08:53:12.352+0000] {logging_mixin.py:190} INFO - [2025-07-22T08:53:12.352+0000] {dagbag.py:588} INFO - Filling up the DagBag from /opt/airflow/dags/train_power_pred.py
[2025-07-22T08:53:15.650+0000] {processor.py:925} INFO - DAG(s) 'train_power_pred' retrieved from /opt/airflow/dags/train_power_pred.py
[2025-07-22T08:53:15.670+0000] {logging_mixin.py:190} INFO - [2025-07-22T08:53:15.669+0000] {dag.py:3239} INFO - Sync 1 DAGs
[2025-07-22T08:53:15.685+0000] {logging_mixin.py:190} INFO - [2025-07-22T08:53:15.685+0000] {dag.py:4180} INFO - Setting next_dagrun for train_power_pred to 2025-07-22 00:00:00+00:00, run_after=2025-07-23 00:00:00+00:00
[2025-07-22T08:53:15.699+0000] {processor.py:208} INFO - Processing /opt/airflow/dags/train_power_pred.py took 3.356 seconds
[2025-07-22T08:53:46.795+0000] {processor.py:186} INFO - Started process (PID=32560) to work on /opt/airflow/dags/train_power_pred.py
[2025-07-22T08:53:46.796+0000] {processor.py:914} INFO - Processing file /opt/airflow/dags/train_power_pred.py for tasks to queue
[2025-07-22T08:53:46.798+0000] {logging_mixin.py:190} INFO - [2025-07-22T08:53:46.798+0000] {dagbag.py:588} INFO - Filling up the DagBag from /opt/airflow/dags/train_power_pred.py
[2025-07-22T08:53:50.077+0000] {processor.py:925} INFO - DAG(s) 'train_power_pred' retrieved from /opt/airflow/dags/train_power_pred.py
[2025-07-22T08:53:50.095+0000] {logging_mixin.py:190} INFO - [2025-07-22T08:53:50.094+0000] {dag.py:3239} INFO - Sync 1 DAGs
[2025-07-22T08:53:50.110+0000] {logging_mixin.py:190} INFO - [2025-07-22T08:53:50.110+0000] {dag.py:4180} INFO - Setting next_dagrun for train_power_pred to 2025-07-22 00:00:00+00:00, run_after=2025-07-23 00:00:00+00:00
[2025-07-22T08:53:50.126+0000] {processor.py:208} INFO - Processing /opt/airflow/dags/train_power_pred.py took 3.338 seconds
[2025-07-22T08:54:22.334+0000] {processor.py:186} INFO - Started process (PID=32658) to work on /opt/airflow/dags/train_power_pred.py
[2025-07-22T08:54:22.336+0000] {processor.py:914} INFO - Processing file /opt/airflow/dags/train_power_pred.py for tasks to queue
[2025-07-22T08:54:22.338+0000] {logging_mixin.py:190} INFO - [2025-07-22T08:54:22.338+0000] {dagbag.py:588} INFO - Filling up the DagBag from /opt/airflow/dags/train_power_pred.py
[2025-07-22T08:54:25.598+0000] {processor.py:925} INFO - DAG(s) 'train_power_pred' retrieved from /opt/airflow/dags/train_power_pred.py
[2025-07-22T08:54:25.620+0000] {logging_mixin.py:190} INFO - [2025-07-22T08:54:25.619+0000] {dag.py:3239} INFO - Sync 1 DAGs
[2025-07-22T08:54:25.636+0000] {logging_mixin.py:190} INFO - [2025-07-22T08:54:25.636+0000] {dag.py:4180} INFO - Setting next_dagrun for train_power_pred to 2025-07-22 00:00:00+00:00, run_after=2025-07-23 00:00:00+00:00
[2025-07-22T08:54:25.650+0000] {processor.py:208} INFO - Processing /opt/airflow/dags/train_power_pred.py took 3.322 seconds
[2025-07-22T08:54:57.224+0000] {processor.py:186} INFO - Started process (PID=32756) to work on /opt/airflow/dags/train_power_pred.py
[2025-07-22T08:54:57.225+0000] {processor.py:914} INFO - Processing file /opt/airflow/dags/train_power_pred.py for tasks to queue
[2025-07-22T08:54:57.228+0000] {logging_mixin.py:190} INFO - [2025-07-22T08:54:57.228+0000] {dagbag.py:588} INFO - Filling up the DagBag from /opt/airflow/dags/train_power_pred.py
[2025-07-22T08:55:00.444+0000] {processor.py:925} INFO - DAG(s) 'train_power_pred' retrieved from /opt/airflow/dags/train_power_pred.py
[2025-07-22T08:55:00.464+0000] {logging_mixin.py:190} INFO - [2025-07-22T08:55:00.464+0000] {dag.py:3239} INFO - Sync 1 DAGs
[2025-07-22T08:55:00.482+0000] {logging_mixin.py:190} INFO - [2025-07-22T08:55:00.481+0000] {dag.py:4180} INFO - Setting next_dagrun for train_power_pred to 2025-07-22 00:00:00+00:00, run_after=2025-07-23 00:00:00+00:00
[2025-07-22T08:55:00.496+0000] {processor.py:208} INFO - Processing /opt/airflow/dags/train_power_pred.py took 3.278 seconds
[2025-07-22T08:55:31.562+0000] {processor.py:186} INFO - Started process (PID=32838) to work on /opt/airflow/dags/train_power_pred.py
[2025-07-22T08:55:31.563+0000] {processor.py:914} INFO - Processing file /opt/airflow/dags/train_power_pred.py for tasks to queue
[2025-07-22T08:55:31.565+0000] {logging_mixin.py:190} INFO - [2025-07-22T08:55:31.565+0000] {dagbag.py:588} INFO - Filling up the DagBag from /opt/airflow/dags/train_power_pred.py
[2025-07-22T08:55:34.848+0000] {processor.py:925} INFO - DAG(s) 'train_power_pred' retrieved from /opt/airflow/dags/train_power_pred.py
[2025-07-22T08:55:34.868+0000] {logging_mixin.py:190} INFO - [2025-07-22T08:55:34.868+0000] {dag.py:3239} INFO - Sync 1 DAGs
[2025-07-22T08:55:34.885+0000] {logging_mixin.py:190} INFO - [2025-07-22T08:55:34.885+0000] {dag.py:4180} INFO - Setting next_dagrun for train_power_pred to 2025-07-22 00:00:00+00:00, run_after=2025-07-23 00:00:00+00:00
[2025-07-22T08:55:34.900+0000] {processor.py:208} INFO - Processing /opt/airflow/dags/train_power_pred.py took 3.345 seconds
[2025-07-22T08:56:06.909+0000] {processor.py:186} INFO - Started process (PID=32942) to work on /opt/airflow/dags/train_power_pred.py
[2025-07-22T08:56:06.911+0000] {processor.py:914} INFO - Processing file /opt/airflow/dags/train_power_pred.py for tasks to queue
[2025-07-22T08:56:06.913+0000] {logging_mixin.py:190} INFO - [2025-07-22T08:56:06.913+0000] {dagbag.py:588} INFO - Filling up the DagBag from /opt/airflow/dags/train_power_pred.py
[2025-07-22T08:56:10.391+0000] {processor.py:925} INFO - DAG(s) 'train_power_pred' retrieved from /opt/airflow/dags/train_power_pred.py
[2025-07-22T08:56:10.414+0000] {logging_mixin.py:190} INFO - [2025-07-22T08:56:10.414+0000] {dag.py:3239} INFO - Sync 1 DAGs
[2025-07-22T08:56:10.432+0000] {logging_mixin.py:190} INFO - [2025-07-22T08:56:10.432+0000] {dag.py:4180} INFO - Setting next_dagrun for train_power_pred to 2025-07-22 00:00:00+00:00, run_after=2025-07-23 00:00:00+00:00
[2025-07-22T08:56:10.448+0000] {processor.py:208} INFO - Processing /opt/airflow/dags/train_power_pred.py took 3.545 seconds
[2025-07-22T08:56:42.360+0000] {processor.py:186} INFO - Started process (PID=33041) to work on /opt/airflow/dags/train_power_pred.py
[2025-07-22T08:56:42.366+0000] {processor.py:914} INFO - Processing file /opt/airflow/dags/train_power_pred.py for tasks to queue
[2025-07-22T08:56:42.368+0000] {logging_mixin.py:190} INFO - [2025-07-22T08:56:42.368+0000] {dagbag.py:588} INFO - Filling up the DagBag from /opt/airflow/dags/train_power_pred.py
[2025-07-22T08:56:45.855+0000] {processor.py:925} INFO - DAG(s) 'train_power_pred' retrieved from /opt/airflow/dags/train_power_pred.py
[2025-07-22T08:56:45.878+0000] {logging_mixin.py:190} INFO - [2025-07-22T08:56:45.877+0000] {dag.py:3239} INFO - Sync 1 DAGs
[2025-07-22T08:56:45.895+0000] {logging_mixin.py:190} INFO - [2025-07-22T08:56:45.895+0000] {dag.py:4180} INFO - Setting next_dagrun for train_power_pred to 2025-07-22 00:00:00+00:00, run_after=2025-07-23 00:00:00+00:00
[2025-07-22T08:56:45.910+0000] {processor.py:208} INFO - Processing /opt/airflow/dags/train_power_pred.py took 3.561 seconds
[2025-07-22T08:57:17.783+0000] {processor.py:186} INFO - Started process (PID=33154) to work on /opt/airflow/dags/train_power_pred.py
[2025-07-22T08:57:17.784+0000] {processor.py:914} INFO - Processing file /opt/airflow/dags/train_power_pred.py for tasks to queue
[2025-07-22T08:57:17.787+0000] {logging_mixin.py:190} INFO - [2025-07-22T08:57:17.786+0000] {dagbag.py:588} INFO - Filling up the DagBag from /opt/airflow/dags/train_power_pred.py
[2025-07-22T08:57:21.565+0000] {processor.py:925} INFO - DAG(s) 'train_power_pred' retrieved from /opt/airflow/dags/train_power_pred.py
[2025-07-22T08:57:21.587+0000] {logging_mixin.py:190} INFO - [2025-07-22T08:57:21.586+0000] {dag.py:3239} INFO - Sync 1 DAGs
[2025-07-22T08:57:21.608+0000] {logging_mixin.py:190} INFO - [2025-07-22T08:57:21.607+0000] {dag.py:4180} INFO - Setting next_dagrun for train_power_pred to 2025-07-22 00:00:00+00:00, run_after=2025-07-23 00:00:00+00:00
[2025-07-22T08:57:21.623+0000] {processor.py:208} INFO - Processing /opt/airflow/dags/train_power_pred.py took 3.851 seconds
[2025-07-22T08:57:53.459+0000] {processor.py:186} INFO - Started process (PID=33252) to work on /opt/airflow/dags/train_power_pred.py
[2025-07-22T08:57:53.460+0000] {processor.py:914} INFO - Processing file /opt/airflow/dags/train_power_pred.py for tasks to queue
[2025-07-22T08:57:53.463+0000] {logging_mixin.py:190} INFO - [2025-07-22T08:57:53.462+0000] {dagbag.py:588} INFO - Filling up the DagBag from /opt/airflow/dags/train_power_pred.py
[2025-07-22T08:57:56.929+0000] {processor.py:925} INFO - DAG(s) 'train_power_pred' retrieved from /opt/airflow/dags/train_power_pred.py
[2025-07-22T08:57:56.954+0000] {logging_mixin.py:190} INFO - [2025-07-22T08:57:56.954+0000] {dag.py:3239} INFO - Sync 1 DAGs
[2025-07-22T08:57:56.973+0000] {logging_mixin.py:190} INFO - [2025-07-22T08:57:56.973+0000] {dag.py:4180} INFO - Setting next_dagrun for train_power_pred to 2025-07-22 00:00:00+00:00, run_after=2025-07-23 00:00:00+00:00
[2025-07-22T08:57:56.988+0000] {processor.py:208} INFO - Processing /opt/airflow/dags/train_power_pred.py took 3.534 seconds
[2025-07-22T08:58:28.320+0000] {processor.py:186} INFO - Started process (PID=33350) to work on /opt/airflow/dags/train_power_pred.py
[2025-07-22T08:58:28.321+0000] {processor.py:914} INFO - Processing file /opt/airflow/dags/train_power_pred.py for tasks to queue
[2025-07-22T08:58:28.324+0000] {logging_mixin.py:190} INFO - [2025-07-22T08:58:28.324+0000] {dagbag.py:588} INFO - Filling up the DagBag from /opt/airflow/dags/train_power_pred.py
[2025-07-22T08:58:31.644+0000] {processor.py:925} INFO - DAG(s) 'train_power_pred' retrieved from /opt/airflow/dags/train_power_pred.py
[2025-07-22T08:58:31.666+0000] {logging_mixin.py:190} INFO - [2025-07-22T08:58:31.665+0000] {dag.py:3239} INFO - Sync 1 DAGs
[2025-07-22T08:58:31.684+0000] {logging_mixin.py:190} INFO - [2025-07-22T08:58:31.684+0000] {dag.py:4180} INFO - Setting next_dagrun for train_power_pred to 2025-07-22 00:00:00+00:00, run_after=2025-07-23 00:00:00+00:00
[2025-07-22T08:58:31.699+0000] {processor.py:208} INFO - Processing /opt/airflow/dags/train_power_pred.py took 3.388 seconds
[2025-07-22T08:59:03.518+0000] {processor.py:186} INFO - Started process (PID=33448) to work on /opt/airflow/dags/train_power_pred.py
[2025-07-22T08:59:03.519+0000] {processor.py:914} INFO - Processing file /opt/airflow/dags/train_power_pred.py for tasks to queue
[2025-07-22T08:59:03.522+0000] {logging_mixin.py:190} INFO - [2025-07-22T08:59:03.522+0000] {dagbag.py:588} INFO - Filling up the DagBag from /opt/airflow/dags/train_power_pred.py
[2025-07-22T08:59:06.857+0000] {processor.py:925} INFO - DAG(s) 'train_power_pred' retrieved from /opt/airflow/dags/train_power_pred.py
[2025-07-22T08:59:06.876+0000] {logging_mixin.py:190} INFO - [2025-07-22T08:59:06.875+0000] {dag.py:3239} INFO - Sync 1 DAGs
[2025-07-22T08:59:06.891+0000] {logging_mixin.py:190} INFO - [2025-07-22T08:59:06.891+0000] {dag.py:4180} INFO - Setting next_dagrun for train_power_pred to 2025-07-22 00:00:00+00:00, run_after=2025-07-23 00:00:00+00:00
[2025-07-22T08:59:06.905+0000] {processor.py:208} INFO - Processing /opt/airflow/dags/train_power_pred.py took 3.397 seconds
[2025-07-22T08:59:37.957+0000] {processor.py:186} INFO - Started process (PID=33536) to work on /opt/airflow/dags/train_power_pred.py
[2025-07-22T08:59:37.959+0000] {processor.py:914} INFO - Processing file /opt/airflow/dags/train_power_pred.py for tasks to queue
[2025-07-22T08:59:37.961+0000] {logging_mixin.py:190} INFO - [2025-07-22T08:59:37.961+0000] {dagbag.py:588} INFO - Filling up the DagBag from /opt/airflow/dags/train_power_pred.py
[2025-07-22T08:59:41.291+0000] {processor.py:925} INFO - DAG(s) 'train_power_pred' retrieved from /opt/airflow/dags/train_power_pred.py
[2025-07-22T08:59:41.312+0000] {logging_mixin.py:190} INFO - [2025-07-22T08:59:41.312+0000] {dag.py:3239} INFO - Sync 1 DAGs
[2025-07-22T08:59:41.330+0000] {logging_mixin.py:190} INFO - [2025-07-22T08:59:41.330+0000] {dag.py:4180} INFO - Setting next_dagrun for train_power_pred to 2025-07-22 00:00:00+00:00, run_after=2025-07-23 00:00:00+00:00
[2025-07-22T08:59:41.344+0000] {processor.py:208} INFO - Processing /opt/airflow/dags/train_power_pred.py took 3.393 seconds
[2025-07-22T09:00:12.694+0000] {processor.py:186} INFO - Started process (PID=33634) to work on /opt/airflow/dags/train_power_pred.py
[2025-07-22T09:00:12.695+0000] {processor.py:914} INFO - Processing file /opt/airflow/dags/train_power_pred.py for tasks to queue
[2025-07-22T09:00:12.697+0000] {logging_mixin.py:190} INFO - [2025-07-22T09:00:12.697+0000] {dagbag.py:588} INFO - Filling up the DagBag from /opt/airflow/dags/train_power_pred.py
[2025-07-22T09:00:15.943+0000] {processor.py:925} INFO - DAG(s) 'train_power_pred' retrieved from /opt/airflow/dags/train_power_pred.py
[2025-07-22T09:00:15.964+0000] {logging_mixin.py:190} INFO - [2025-07-22T09:00:15.964+0000] {dag.py:3239} INFO - Sync 1 DAGs
[2025-07-22T09:00:15.982+0000] {logging_mixin.py:190} INFO - [2025-07-22T09:00:15.982+0000] {dag.py:4180} INFO - Setting next_dagrun for train_power_pred to 2025-07-22 00:00:00+00:00, run_after=2025-07-23 00:00:00+00:00
[2025-07-22T09:00:15.994+0000] {processor.py:208} INFO - Processing /opt/airflow/dags/train_power_pred.py took 3.306 seconds
[2025-07-22T09:00:48.873+0000] {processor.py:186} INFO - Started process (PID=33748) to work on /opt/airflow/dags/train_power_pred.py
[2025-07-22T09:00:48.875+0000] {processor.py:914} INFO - Processing file /opt/airflow/dags/train_power_pred.py for tasks to queue
[2025-07-22T09:00:48.878+0000] {logging_mixin.py:190} INFO - [2025-07-22T09:00:48.878+0000] {dagbag.py:588} INFO - Filling up the DagBag from /opt/airflow/dags/train_power_pred.py
[2025-07-22T09:00:52.144+0000] {processor.py:925} INFO - DAG(s) 'train_power_pred' retrieved from /opt/airflow/dags/train_power_pred.py
[2025-07-22T09:00:52.165+0000] {logging_mixin.py:190} INFO - [2025-07-22T09:00:52.164+0000] {dag.py:3239} INFO - Sync 1 DAGs
[2025-07-22T09:00:52.181+0000] {logging_mixin.py:190} INFO - [2025-07-22T09:00:52.181+0000] {dag.py:4180} INFO - Setting next_dagrun for train_power_pred to 2025-07-22 00:00:00+00:00, run_after=2025-07-23 00:00:00+00:00
[2025-07-22T09:00:52.196+0000] {processor.py:208} INFO - Processing /opt/airflow/dags/train_power_pred.py took 3.333 seconds
[2025-07-22T09:01:24.161+0000] {processor.py:186} INFO - Started process (PID=33846) to work on /opt/airflow/dags/train_power_pred.py
[2025-07-22T09:01:24.162+0000] {processor.py:914} INFO - Processing file /opt/airflow/dags/train_power_pred.py for tasks to queue
[2025-07-22T09:01:24.165+0000] {logging_mixin.py:190} INFO - [2025-07-22T09:01:24.164+0000] {dagbag.py:588} INFO - Filling up the DagBag from /opt/airflow/dags/train_power_pred.py
[2025-07-22T09:01:27.373+0000] {processor.py:925} INFO - DAG(s) 'train_power_pred' retrieved from /opt/airflow/dags/train_power_pred.py
[2025-07-22T09:01:27.393+0000] {logging_mixin.py:190} INFO - [2025-07-22T09:01:27.393+0000] {dag.py:3239} INFO - Sync 1 DAGs
[2025-07-22T09:01:27.409+0000] {logging_mixin.py:190} INFO - [2025-07-22T09:01:27.409+0000] {dag.py:4180} INFO - Setting next_dagrun for train_power_pred to 2025-07-22 00:00:00+00:00, run_after=2025-07-23 00:00:00+00:00
[2025-07-22T09:01:27.423+0000] {processor.py:208} INFO - Processing /opt/airflow/dags/train_power_pred.py took 3.267 seconds
[2025-07-22T09:01:59.397+0000] {processor.py:186} INFO - Started process (PID=33944) to work on /opt/airflow/dags/train_power_pred.py
[2025-07-22T09:01:59.398+0000] {processor.py:914} INFO - Processing file /opt/airflow/dags/train_power_pred.py for tasks to queue
[2025-07-22T09:01:59.401+0000] {logging_mixin.py:190} INFO - [2025-07-22T09:01:59.401+0000] {dagbag.py:588} INFO - Filling up the DagBag from /opt/airflow/dags/train_power_pred.py
[2025-07-22T09:02:02.774+0000] {processor.py:925} INFO - DAG(s) 'train_power_pred' retrieved from /opt/airflow/dags/train_power_pred.py
[2025-07-22T09:02:02.796+0000] {logging_mixin.py:190} INFO - [2025-07-22T09:02:02.795+0000] {dag.py:3239} INFO - Sync 1 DAGs
[2025-07-22T09:02:02.812+0000] {logging_mixin.py:190} INFO - [2025-07-22T09:02:02.812+0000] {dag.py:4180} INFO - Setting next_dagrun for train_power_pred to 2025-07-22 00:00:00+00:00, run_after=2025-07-23 00:00:00+00:00
[2025-07-22T09:02:02.848+0000] {processor.py:208} INFO - Processing /opt/airflow/dags/train_power_pred.py took 3.456 seconds
[2025-07-22T09:02:33.912+0000] {processor.py:186} INFO - Started process (PID=34026) to work on /opt/airflow/dags/train_power_pred.py
[2025-07-22T09:02:33.913+0000] {processor.py:914} INFO - Processing file /opt/airflow/dags/train_power_pred.py for tasks to queue
[2025-07-22T09:02:33.915+0000] {logging_mixin.py:190} INFO - [2025-07-22T09:02:33.915+0000] {dagbag.py:588} INFO - Filling up the DagBag from /opt/airflow/dags/train_power_pred.py
[2025-07-22T09:02:37.462+0000] {processor.py:925} INFO - DAG(s) 'train_power_pred' retrieved from /opt/airflow/dags/train_power_pred.py
[2025-07-22T09:02:37.486+0000] {logging_mixin.py:190} INFO - [2025-07-22T09:02:37.486+0000] {dag.py:3239} INFO - Sync 1 DAGs
[2025-07-22T09:02:37.504+0000] {logging_mixin.py:190} INFO - [2025-07-22T09:02:37.503+0000] {dag.py:4180} INFO - Setting next_dagrun for train_power_pred to 2025-07-22 00:00:00+00:00, run_after=2025-07-23 00:00:00+00:00
[2025-07-22T09:02:37.519+0000] {processor.py:208} INFO - Processing /opt/airflow/dags/train_power_pred.py took 3.613 seconds
[2025-07-22T09:03:08.905+0000] {processor.py:186} INFO - Started process (PID=34130) to work on /opt/airflow/dags/train_power_pred.py
[2025-07-22T09:03:08.907+0000] {processor.py:914} INFO - Processing file /opt/airflow/dags/train_power_pred.py for tasks to queue
[2025-07-22T09:03:08.909+0000] {logging_mixin.py:190} INFO - [2025-07-22T09:03:08.909+0000] {dagbag.py:588} INFO - Filling up the DagBag from /opt/airflow/dags/train_power_pred.py
[2025-07-22T09:03:12.269+0000] {processor.py:925} INFO - DAG(s) 'train_power_pred' retrieved from /opt/airflow/dags/train_power_pred.py
[2025-07-22T09:03:12.291+0000] {logging_mixin.py:190} INFO - [2025-07-22T09:03:12.290+0000] {dag.py:3239} INFO - Sync 1 DAGs
[2025-07-22T09:03:12.308+0000] {logging_mixin.py:190} INFO - [2025-07-22T09:03:12.308+0000] {dag.py:4180} INFO - Setting next_dagrun for train_power_pred to 2025-07-22 00:00:00+00:00, run_after=2025-07-23 00:00:00+00:00
[2025-07-22T09:03:12.323+0000] {processor.py:208} INFO - Processing /opt/airflow/dags/train_power_pred.py took 3.425 seconds
[2025-07-22T09:03:44.257+0000] {processor.py:186} INFO - Started process (PID=34244) to work on /opt/airflow/dags/train_power_pred.py
[2025-07-22T09:03:44.258+0000] {processor.py:914} INFO - Processing file /opt/airflow/dags/train_power_pred.py for tasks to queue
[2025-07-22T09:03:44.260+0000] {logging_mixin.py:190} INFO - [2025-07-22T09:03:44.260+0000] {dagbag.py:588} INFO - Filling up the DagBag from /opt/airflow/dags/train_power_pred.py
[2025-07-22T09:03:47.618+0000] {processor.py:925} INFO - DAG(s) 'train_power_pred' retrieved from /opt/airflow/dags/train_power_pred.py
[2025-07-22T09:03:47.639+0000] {logging_mixin.py:190} INFO - [2025-07-22T09:03:47.638+0000] {dag.py:3239} INFO - Sync 1 DAGs
[2025-07-22T09:03:47.656+0000] {logging_mixin.py:190} INFO - [2025-07-22T09:03:47.656+0000] {dag.py:4180} INFO - Setting next_dagrun for train_power_pred to 2025-07-22 00:00:00+00:00, run_after=2025-07-23 00:00:00+00:00
[2025-07-22T09:03:47.670+0000] {processor.py:208} INFO - Processing /opt/airflow/dags/train_power_pred.py took 3.418 seconds
[2025-07-22T09:04:19.455+0000] {processor.py:186} INFO - Started process (PID=34342) to work on /opt/airflow/dags/train_power_pred.py
[2025-07-22T09:04:19.456+0000] {processor.py:914} INFO - Processing file /opt/airflow/dags/train_power_pred.py for tasks to queue
[2025-07-22T09:04:19.458+0000] {logging_mixin.py:190} INFO - [2025-07-22T09:04:19.458+0000] {dagbag.py:588} INFO - Filling up the DagBag from /opt/airflow/dags/train_power_pred.py
[2025-07-22T09:04:22.777+0000] {processor.py:925} INFO - DAG(s) 'train_power_pred' retrieved from /opt/airflow/dags/train_power_pred.py
[2025-07-22T09:04:22.797+0000] {logging_mixin.py:190} INFO - [2025-07-22T09:04:22.797+0000] {dag.py:3239} INFO - Sync 1 DAGs
[2025-07-22T09:04:22.816+0000] {logging_mixin.py:190} INFO - [2025-07-22T09:04:22.816+0000] {dag.py:4180} INFO - Setting next_dagrun for train_power_pred to 2025-07-22 00:00:00+00:00, run_after=2025-07-23 00:00:00+00:00
[2025-07-22T09:04:22.831+0000] {processor.py:208} INFO - Processing /opt/airflow/dags/train_power_pred.py took 3.384 seconds
[2025-07-22T09:04:55.018+0000] {processor.py:186} INFO - Started process (PID=34440) to work on /opt/airflow/dags/train_power_pred.py
[2025-07-22T09:04:55.019+0000] {processor.py:914} INFO - Processing file /opt/airflow/dags/train_power_pred.py for tasks to queue
[2025-07-22T09:04:55.021+0000] {logging_mixin.py:190} INFO - [2025-07-22T09:04:55.021+0000] {dagbag.py:588} INFO - Filling up the DagBag from /opt/airflow/dags/train_power_pred.py
[2025-07-22T09:04:58.230+0000] {processor.py:925} INFO - DAG(s) 'train_power_pred' retrieved from /opt/airflow/dags/train_power_pred.py
[2025-07-22T09:04:58.249+0000] {logging_mixin.py:190} INFO - [2025-07-22T09:04:58.249+0000] {dag.py:3239} INFO - Sync 1 DAGs
[2025-07-22T09:04:58.264+0000] {logging_mixin.py:190} INFO - [2025-07-22T09:04:58.264+0000] {dag.py:4180} INFO - Setting next_dagrun for train_power_pred to 2025-07-22 00:00:00+00:00, run_after=2025-07-23 00:00:00+00:00
[2025-07-22T09:04:58.278+0000] {processor.py:208} INFO - Processing /opt/airflow/dags/train_power_pred.py took 3.267 seconds
[2025-07-22T09:05:30.002+0000] {processor.py:186} INFO - Started process (PID=34538) to work on /opt/airflow/dags/train_power_pred.py
[2025-07-22T09:05:30.003+0000] {processor.py:914} INFO - Processing file /opt/airflow/dags/train_power_pred.py for tasks to queue
[2025-07-22T09:05:30.005+0000] {logging_mixin.py:190} INFO - [2025-07-22T09:05:30.004+0000] {dagbag.py:588} INFO - Filling up the DagBag from /opt/airflow/dags/train_power_pred.py
[2025-07-22T09:05:33.345+0000] {processor.py:925} INFO - DAG(s) 'train_power_pred' retrieved from /opt/airflow/dags/train_power_pred.py
[2025-07-22T09:05:33.365+0000] {logging_mixin.py:190} INFO - [2025-07-22T09:05:33.365+0000] {dag.py:3239} INFO - Sync 1 DAGs
[2025-07-22T09:05:33.384+0000] {logging_mixin.py:190} INFO - [2025-07-22T09:05:33.384+0000] {dag.py:4180} INFO - Setting next_dagrun for train_power_pred to 2025-07-22 00:00:00+00:00, run_after=2025-07-23 00:00:00+00:00
[2025-07-22T09:05:33.398+0000] {processor.py:208} INFO - Processing /opt/airflow/dags/train_power_pred.py took 3.401 seconds
[2025-07-22T09:06:04.586+0000] {processor.py:186} INFO - Started process (PID=34620) to work on /opt/airflow/dags/train_power_pred.py
[2025-07-22T09:06:04.587+0000] {processor.py:914} INFO - Processing file /opt/airflow/dags/train_power_pred.py for tasks to queue
[2025-07-22T09:06:04.590+0000] {logging_mixin.py:190} INFO - [2025-07-22T09:06:04.589+0000] {dagbag.py:588} INFO - Filling up the DagBag from /opt/airflow/dags/train_power_pred.py
[2025-07-22T09:06:08.499+0000] {processor.py:925} INFO - DAG(s) 'train_power_pred' retrieved from /opt/airflow/dags/train_power_pred.py
[2025-07-22T09:06:08.519+0000] {logging_mixin.py:190} INFO - [2025-07-22T09:06:08.518+0000] {dag.py:3239} INFO - Sync 1 DAGs
[2025-07-22T09:06:08.536+0000] {logging_mixin.py:190} INFO - [2025-07-22T09:06:08.535+0000] {dag.py:4180} INFO - Setting next_dagrun for train_power_pred to 2025-07-22 00:00:00+00:00, run_after=2025-07-23 00:00:00+00:00
[2025-07-22T09:06:08.551+0000] {processor.py:208} INFO - Processing /opt/airflow/dags/train_power_pred.py took 3.971 seconds
[2025-07-22T09:06:39.666+0000] {processor.py:186} INFO - Started process (PID=34724) to work on /opt/airflow/dags/train_power_pred.py
[2025-07-22T09:06:39.667+0000] {processor.py:914} INFO - Processing file /opt/airflow/dags/train_power_pred.py for tasks to queue
[2025-07-22T09:06:39.669+0000] {logging_mixin.py:190} INFO - [2025-07-22T09:06:39.669+0000] {dagbag.py:588} INFO - Filling up the DagBag from /opt/airflow/dags/train_power_pred.py
[2025-07-22T09:06:43.153+0000] {processor.py:925} INFO - DAG(s) 'train_power_pred' retrieved from /opt/airflow/dags/train_power_pred.py
[2025-07-22T09:06:43.176+0000] {logging_mixin.py:190} INFO - [2025-07-22T09:06:43.175+0000] {dag.py:3239} INFO - Sync 1 DAGs
[2025-07-22T09:06:43.194+0000] {logging_mixin.py:190} INFO - [2025-07-22T09:06:43.194+0000] {dag.py:4180} INFO - Setting next_dagrun for train_power_pred to 2025-07-22 00:00:00+00:00, run_after=2025-07-23 00:00:00+00:00
[2025-07-22T09:06:43.212+0000] {processor.py:208} INFO - Processing /opt/airflow/dags/train_power_pred.py took 3.554 seconds
[2025-07-22T09:07:14.908+0000] {processor.py:186} INFO - Started process (PID=34822) to work on /opt/airflow/dags/train_power_pred.py
[2025-07-22T09:07:14.910+0000] {processor.py:914} INFO - Processing file /opt/airflow/dags/train_power_pred.py for tasks to queue
[2025-07-22T09:07:14.913+0000] {logging_mixin.py:190} INFO - [2025-07-22T09:07:14.912+0000] {dagbag.py:588} INFO - Filling up the DagBag from /opt/airflow/dags/train_power_pred.py
[2025-07-22T09:07:18.513+0000] {processor.py:925} INFO - DAG(s) 'train_power_pred' retrieved from /opt/airflow/dags/train_power_pred.py
[2025-07-22T09:07:18.535+0000] {logging_mixin.py:190} INFO - [2025-07-22T09:07:18.534+0000] {dag.py:3239} INFO - Sync 1 DAGs
[2025-07-22T09:07:18.556+0000] {logging_mixin.py:190} INFO - [2025-07-22T09:07:18.556+0000] {dag.py:4180} INFO - Setting next_dagrun for train_power_pred to 2025-07-22 00:00:00+00:00, run_after=2025-07-23 00:00:00+00:00
[2025-07-22T09:07:18.571+0000] {processor.py:208} INFO - Processing /opt/airflow/dags/train_power_pred.py took 3.669 seconds
[2025-07-22T09:07:50.330+0000] {processor.py:186} INFO - Started process (PID=34920) to work on /opt/airflow/dags/train_power_pred.py
[2025-07-22T09:07:50.331+0000] {processor.py:914} INFO - Processing file /opt/airflow/dags/train_power_pred.py for tasks to queue
[2025-07-22T09:07:50.333+0000] {logging_mixin.py:190} INFO - [2025-07-22T09:07:50.333+0000] {dagbag.py:588} INFO - Filling up the DagBag from /opt/airflow/dags/train_power_pred.py
[2025-07-22T09:07:53.747+0000] {processor.py:925} INFO - DAG(s) 'train_power_pred' retrieved from /opt/airflow/dags/train_power_pred.py
[2025-07-22T09:07:53.769+0000] {logging_mixin.py:190} INFO - [2025-07-22T09:07:53.769+0000] {dag.py:3239} INFO - Sync 1 DAGs
[2025-07-22T09:07:53.788+0000] {logging_mixin.py:190} INFO - [2025-07-22T09:07:53.788+0000] {dag.py:4180} INFO - Setting next_dagrun for train_power_pred to 2025-07-22 00:00:00+00:00, run_after=2025-07-23 00:00:00+00:00
[2025-07-22T09:07:53.807+0000] {processor.py:208} INFO - Processing /opt/airflow/dags/train_power_pred.py took 3.484 seconds
[2025-07-22T09:08:25.810+0000] {processor.py:186} INFO - Started process (PID=35018) to work on /opt/airflow/dags/train_power_pred.py
[2025-07-22T09:08:25.811+0000] {processor.py:914} INFO - Processing file /opt/airflow/dags/train_power_pred.py for tasks to queue
[2025-07-22T09:08:25.814+0000] {logging_mixin.py:190} INFO - [2025-07-22T09:08:25.813+0000] {dagbag.py:588} INFO - Filling up the DagBag from /opt/airflow/dags/train_power_pred.py
[2025-07-22T09:08:29.267+0000] {processor.py:925} INFO - DAG(s) 'train_power_pred' retrieved from /opt/airflow/dags/train_power_pred.py
[2025-07-22T09:08:29.293+0000] {logging_mixin.py:190} INFO - [2025-07-22T09:08:29.292+0000] {dag.py:3239} INFO - Sync 1 DAGs
[2025-07-22T09:08:29.313+0000] {logging_mixin.py:190} INFO - [2025-07-22T09:08:29.313+0000] {dag.py:4180} INFO - Setting next_dagrun for train_power_pred to 2025-07-22 00:00:00+00:00, run_after=2025-07-23 00:00:00+00:00
[2025-07-22T09:08:29.328+0000] {processor.py:208} INFO - Processing /opt/airflow/dags/train_power_pred.py took 3.523 seconds
[2025-07-22T09:09:00.537+0000] {processor.py:186} INFO - Started process (PID=35116) to work on /opt/airflow/dags/train_power_pred.py
[2025-07-22T09:09:00.538+0000] {processor.py:914} INFO - Processing file /opt/airflow/dags/train_power_pred.py for tasks to queue
[2025-07-22T09:09:00.540+0000] {logging_mixin.py:190} INFO - [2025-07-22T09:09:00.540+0000] {dagbag.py:588} INFO - Filling up the DagBag from /opt/airflow/dags/train_power_pred.py
[2025-07-22T09:09:03.968+0000] {processor.py:925} INFO - DAG(s) 'train_power_pred' retrieved from /opt/airflow/dags/train_power_pred.py
[2025-07-22T09:09:03.991+0000] {logging_mixin.py:190} INFO - [2025-07-22T09:09:03.991+0000] {dag.py:3239} INFO - Sync 1 DAGs
[2025-07-22T09:09:04.011+0000] {logging_mixin.py:190} INFO - [2025-07-22T09:09:04.011+0000] {dag.py:4180} INFO - Setting next_dagrun for train_power_pred to 2025-07-22 00:00:00+00:00, run_after=2025-07-23 00:00:00+00:00
[2025-07-22T09:09:04.027+0000] {processor.py:208} INFO - Processing /opt/airflow/dags/train_power_pred.py took 3.495 seconds
[2025-07-22T09:09:35.266+0000] {processor.py:186} INFO - Started process (PID=35214) to work on /opt/airflow/dags/train_power_pred.py
[2025-07-22T09:09:35.267+0000] {processor.py:914} INFO - Processing file /opt/airflow/dags/train_power_pred.py for tasks to queue
[2025-07-22T09:09:35.270+0000] {logging_mixin.py:190} INFO - [2025-07-22T09:09:35.269+0000] {dagbag.py:588} INFO - Filling up the DagBag from /opt/airflow/dags/train_power_pred.py
[2025-07-22T09:09:38.817+0000] {processor.py:925} INFO - DAG(s) 'train_power_pred' retrieved from /opt/airflow/dags/train_power_pred.py
[2025-07-22T09:09:38.838+0000] {logging_mixin.py:190} INFO - [2025-07-22T09:09:38.838+0000] {dag.py:3239} INFO - Sync 1 DAGs
[2025-07-22T09:09:38.855+0000] {logging_mixin.py:190} INFO - [2025-07-22T09:09:38.855+0000] {dag.py:4180} INFO - Setting next_dagrun for train_power_pred to 2025-07-22 00:00:00+00:00, run_after=2025-07-23 00:00:00+00:00
[2025-07-22T09:09:38.870+0000] {processor.py:208} INFO - Processing /opt/airflow/dags/train_power_pred.py took 3.609 seconds
[2025-07-22T09:10:10.155+0000] {processor.py:186} INFO - Started process (PID=35318) to work on /opt/airflow/dags/train_power_pred.py
[2025-07-22T09:10:10.156+0000] {processor.py:914} INFO - Processing file /opt/airflow/dags/train_power_pred.py for tasks to queue
[2025-07-22T09:10:10.159+0000] {logging_mixin.py:190} INFO - [2025-07-22T09:10:10.159+0000] {dagbag.py:588} INFO - Filling up the DagBag from /opt/airflow/dags/train_power_pred.py
[2025-07-22T09:10:13.623+0000] {processor.py:925} INFO - DAG(s) 'train_power_pred' retrieved from /opt/airflow/dags/train_power_pred.py
[2025-07-22T09:10:13.646+0000] {logging_mixin.py:190} INFO - [2025-07-22T09:10:13.645+0000] {dag.py:3239} INFO - Sync 1 DAGs
[2025-07-22T09:10:13.664+0000] {logging_mixin.py:190} INFO - [2025-07-22T09:10:13.664+0000] {dag.py:4180} INFO - Setting next_dagrun for train_power_pred to 2025-07-22 00:00:00+00:00, run_after=2025-07-23 00:00:00+00:00
[2025-07-22T09:10:13.677+0000] {processor.py:208} INFO - Processing /opt/airflow/dags/train_power_pred.py took 3.527 seconds
[2025-07-22T09:10:44.823+0000] {processor.py:186} INFO - Started process (PID=35416) to work on /opt/airflow/dags/train_power_pred.py
[2025-07-22T09:10:44.824+0000] {processor.py:914} INFO - Processing file /opt/airflow/dags/train_power_pred.py for tasks to queue
[2025-07-22T09:10:44.826+0000] {logging_mixin.py:190} INFO - [2025-07-22T09:10:44.826+0000] {dagbag.py:588} INFO - Filling up the DagBag from /opt/airflow/dags/train_power_pred.py
[2025-07-22T09:10:48.226+0000] {processor.py:925} INFO - DAG(s) 'train_power_pred' retrieved from /opt/airflow/dags/train_power_pred.py
[2025-07-22T09:10:48.247+0000] {logging_mixin.py:190} INFO - [2025-07-22T09:10:48.247+0000] {dag.py:3239} INFO - Sync 1 DAGs
[2025-07-22T09:10:48.267+0000] {logging_mixin.py:190} INFO - [2025-07-22T09:10:48.267+0000] {dag.py:4180} INFO - Setting next_dagrun for train_power_pred to 2025-07-22 00:00:00+00:00, run_after=2025-07-23 00:00:00+00:00
[2025-07-22T09:10:48.281+0000] {processor.py:208} INFO - Processing /opt/airflow/dags/train_power_pred.py took 3.465 seconds
[2025-07-22T09:11:19.467+0000] {processor.py:186} INFO - Started process (PID=35514) to work on /opt/airflow/dags/train_power_pred.py
[2025-07-22T09:11:19.468+0000] {processor.py:914} INFO - Processing file /opt/airflow/dags/train_power_pred.py for tasks to queue
[2025-07-22T09:11:19.471+0000] {logging_mixin.py:190} INFO - [2025-07-22T09:11:19.470+0000] {dagbag.py:588} INFO - Filling up the DagBag from /opt/airflow/dags/train_power_pred.py
[2025-07-22T09:11:22.978+0000] {processor.py:925} INFO - DAG(s) 'train_power_pred' retrieved from /opt/airflow/dags/train_power_pred.py
[2025-07-22T09:11:22.999+0000] {logging_mixin.py:190} INFO - [2025-07-22T09:11:22.998+0000] {dag.py:3239} INFO - Sync 1 DAGs
[2025-07-22T09:11:23.017+0000] {logging_mixin.py:190} INFO - [2025-07-22T09:11:23.016+0000] {dag.py:4180} INFO - Setting next_dagrun for train_power_pred to 2025-07-22 00:00:00+00:00, run_after=2025-07-23 00:00:00+00:00
[2025-07-22T09:11:23.031+0000] {processor.py:208} INFO - Processing /opt/airflow/dags/train_power_pred.py took 3.573 seconds
[2025-07-22T09:11:54.404+0000] {processor.py:186} INFO - Started process (PID=35612) to work on /opt/airflow/dags/train_power_pred.py
[2025-07-22T09:11:54.405+0000] {processor.py:914} INFO - Processing file /opt/airflow/dags/train_power_pred.py for tasks to queue
[2025-07-22T09:11:54.407+0000] {logging_mixin.py:190} INFO - [2025-07-22T09:11:54.407+0000] {dagbag.py:588} INFO - Filling up the DagBag from /opt/airflow/dags/train_power_pred.py
[2025-07-22T09:11:57.885+0000] {processor.py:925} INFO - DAG(s) 'train_power_pred' retrieved from /opt/airflow/dags/train_power_pred.py
[2025-07-22T09:11:57.908+0000] {logging_mixin.py:190} INFO - [2025-07-22T09:11:57.907+0000] {dag.py:3239} INFO - Sync 1 DAGs
[2025-07-22T09:11:57.926+0000] {logging_mixin.py:190} INFO - [2025-07-22T09:11:57.926+0000] {dag.py:4180} INFO - Setting next_dagrun for train_power_pred to 2025-07-22 00:00:00+00:00, run_after=2025-07-23 00:00:00+00:00
[2025-07-22T09:11:57.942+0000] {processor.py:208} INFO - Processing /opt/airflow/dags/train_power_pred.py took 3.543 seconds
[2025-07-22T09:12:29.089+0000] {processor.py:186} INFO - Started process (PID=35710) to work on /opt/airflow/dags/train_power_pred.py
[2025-07-22T09:12:29.090+0000] {processor.py:914} INFO - Processing file /opt/airflow/dags/train_power_pred.py for tasks to queue
[2025-07-22T09:12:29.093+0000] {logging_mixin.py:190} INFO - [2025-07-22T09:12:29.092+0000] {dagbag.py:588} INFO - Filling up the DagBag from /opt/airflow/dags/train_power_pred.py
[2025-07-22T09:12:32.601+0000] {processor.py:925} INFO - DAG(s) 'train_power_pred' retrieved from /opt/airflow/dags/train_power_pred.py
[2025-07-22T09:12:32.623+0000] {logging_mixin.py:190} INFO - [2025-07-22T09:12:32.622+0000] {dag.py:3239} INFO - Sync 1 DAGs
[2025-07-22T09:12:32.641+0000] {logging_mixin.py:190} INFO - [2025-07-22T09:12:32.640+0000] {dag.py:4180} INFO - Setting next_dagrun for train_power_pred to 2025-07-22 00:00:00+00:00, run_after=2025-07-23 00:00:00+00:00
[2025-07-22T09:12:32.655+0000] {processor.py:208} INFO - Processing /opt/airflow/dags/train_power_pred.py took 3.573 seconds
[2025-07-22T09:13:03.895+0000] {processor.py:186} INFO - Started process (PID=35808) to work on /opt/airflow/dags/train_power_pred.py
[2025-07-22T09:13:03.896+0000] {processor.py:914} INFO - Processing file /opt/airflow/dags/train_power_pred.py for tasks to queue
[2025-07-22T09:13:03.898+0000] {logging_mixin.py:190} INFO - [2025-07-22T09:13:03.898+0000] {dagbag.py:588} INFO - Filling up the DagBag from /opt/airflow/dags/train_power_pred.py
[2025-07-22T09:13:07.298+0000] {processor.py:925} INFO - DAG(s) 'train_power_pred' retrieved from /opt/airflow/dags/train_power_pred.py
[2025-07-22T09:13:07.318+0000] {logging_mixin.py:190} INFO - [2025-07-22T09:13:07.318+0000] {dag.py:3239} INFO - Sync 1 DAGs
[2025-07-22T09:13:07.336+0000] {logging_mixin.py:190} INFO - [2025-07-22T09:13:07.335+0000] {dag.py:4180} INFO - Setting next_dagrun for train_power_pred to 2025-07-22 00:00:00+00:00, run_after=2025-07-23 00:00:00+00:00
[2025-07-22T09:13:07.348+0000] {processor.py:208} INFO - Processing /opt/airflow/dags/train_power_pred.py took 3.458 seconds
[2025-07-22T09:13:38.596+0000] {processor.py:186} INFO - Started process (PID=35906) to work on /opt/airflow/dags/train_power_pred.py
[2025-07-22T09:13:38.597+0000] {processor.py:914} INFO - Processing file /opt/airflow/dags/train_power_pred.py for tasks to queue
[2025-07-22T09:13:38.600+0000] {logging_mixin.py:190} INFO - [2025-07-22T09:13:38.599+0000] {dagbag.py:588} INFO - Filling up the DagBag from /opt/airflow/dags/train_power_pred.py
[2025-07-22T09:13:42.137+0000] {processor.py:925} INFO - DAG(s) 'train_power_pred' retrieved from /opt/airflow/dags/train_power_pred.py
[2025-07-22T09:13:42.164+0000] {logging_mixin.py:190} INFO - [2025-07-22T09:13:42.163+0000] {dag.py:3239} INFO - Sync 1 DAGs
[2025-07-22T09:13:42.185+0000] {logging_mixin.py:190} INFO - [2025-07-22T09:13:42.185+0000] {dag.py:4180} INFO - Setting next_dagrun for train_power_pred to 2025-07-22 00:00:00+00:00, run_after=2025-07-23 00:00:00+00:00
[2025-07-22T09:13:42.205+0000] {processor.py:208} INFO - Processing /opt/airflow/dags/train_power_pred.py took 3.616 seconds
[2025-07-22T09:14:13.303+0000] {processor.py:186} INFO - Started process (PID=36010) to work on /opt/airflow/dags/train_power_pred.py
[2025-07-22T09:14:13.304+0000] {processor.py:914} INFO - Processing file /opt/airflow/dags/train_power_pred.py for tasks to queue
[2025-07-22T09:14:13.306+0000] {logging_mixin.py:190} INFO - [2025-07-22T09:14:13.306+0000] {dagbag.py:588} INFO - Filling up the DagBag from /opt/airflow/dags/train_power_pred.py
[2025-07-22T09:14:16.923+0000] {processor.py:925} INFO - DAG(s) 'train_power_pred' retrieved from /opt/airflow/dags/train_power_pred.py
[2025-07-22T09:14:16.943+0000] {logging_mixin.py:190} INFO - [2025-07-22T09:14:16.942+0000] {dag.py:3239} INFO - Sync 1 DAGs
[2025-07-22T09:14:16.961+0000] {logging_mixin.py:190} INFO - [2025-07-22T09:14:16.960+0000] {dag.py:4180} INFO - Setting next_dagrun for train_power_pred to 2025-07-22 00:00:00+00:00, run_after=2025-07-23 00:00:00+00:00
[2025-07-22T09:14:16.974+0000] {processor.py:208} INFO - Processing /opt/airflow/dags/train_power_pred.py took 3.678 seconds
[2025-07-22T09:14:48.117+0000] {processor.py:186} INFO - Started process (PID=36108) to work on /opt/airflow/dags/train_power_pred.py
[2025-07-22T09:14:48.117+0000] {processor.py:914} INFO - Processing file /opt/airflow/dags/train_power_pred.py for tasks to queue
[2025-07-22T09:14:48.119+0000] {logging_mixin.py:190} INFO - [2025-07-22T09:14:48.119+0000] {dagbag.py:588} INFO - Filling up the DagBag from /opt/airflow/dags/train_power_pred.py
[2025-07-22T09:14:51.607+0000] {processor.py:925} INFO - DAG(s) 'train_power_pred' retrieved from /opt/airflow/dags/train_power_pred.py
[2025-07-22T09:14:51.631+0000] {logging_mixin.py:190} INFO - [2025-07-22T09:14:51.630+0000] {dag.py:3239} INFO - Sync 1 DAGs
[2025-07-22T09:14:51.649+0000] {logging_mixin.py:190} INFO - [2025-07-22T09:14:51.648+0000] {dag.py:4180} INFO - Setting next_dagrun for train_power_pred to 2025-07-22 00:00:00+00:00, run_after=2025-07-23 00:00:00+00:00
[2025-07-22T09:14:51.662+0000] {processor.py:208} INFO - Processing /opt/airflow/dags/train_power_pred.py took 3.552 seconds
[2025-07-22T09:15:23.322+0000] {processor.py:186} INFO - Started process (PID=36206) to work on /opt/airflow/dags/train_power_pred.py
[2025-07-22T09:15:23.323+0000] {processor.py:914} INFO - Processing file /opt/airflow/dags/train_power_pred.py for tasks to queue
[2025-07-22T09:15:23.325+0000] {logging_mixin.py:190} INFO - [2025-07-22T09:15:23.324+0000] {dagbag.py:588} INFO - Filling up the DagBag from /opt/airflow/dags/train_power_pred.py
[2025-07-22T09:15:26.739+0000] {processor.py:925} INFO - DAG(s) 'train_power_pred' retrieved from /opt/airflow/dags/train_power_pred.py
[2025-07-22T09:15:26.758+0000] {logging_mixin.py:190} INFO - [2025-07-22T09:15:26.758+0000] {dag.py:3239} INFO - Sync 1 DAGs
[2025-07-22T09:15:26.777+0000] {logging_mixin.py:190} INFO - [2025-07-22T09:15:26.777+0000] {dag.py:4180} INFO - Setting next_dagrun for train_power_pred to 2025-07-22 00:00:00+00:00, run_after=2025-07-23 00:00:00+00:00
[2025-07-22T09:15:26.791+0000] {processor.py:208} INFO - Processing /opt/airflow/dags/train_power_pred.py took 3.474 seconds
[2025-07-22T09:15:57.927+0000] {processor.py:186} INFO - Started process (PID=36304) to work on /opt/airflow/dags/train_power_pred.py
[2025-07-22T09:15:57.928+0000] {processor.py:914} INFO - Processing file /opt/airflow/dags/train_power_pred.py for tasks to queue
[2025-07-22T09:15:57.930+0000] {logging_mixin.py:190} INFO - [2025-07-22T09:15:57.930+0000] {dagbag.py:588} INFO - Filling up the DagBag from /opt/airflow/dags/train_power_pred.py
[2025-07-22T09:16:01.453+0000] {processor.py:925} INFO - DAG(s) 'train_power_pred' retrieved from /opt/airflow/dags/train_power_pred.py
[2025-07-22T09:16:01.475+0000] {logging_mixin.py:190} INFO - [2025-07-22T09:16:01.474+0000] {dag.py:3239} INFO - Sync 1 DAGs
[2025-07-22T09:16:01.495+0000] {logging_mixin.py:190} INFO - [2025-07-22T09:16:01.494+0000] {dag.py:4180} INFO - Setting next_dagrun for train_power_pred to 2025-07-22 00:00:00+00:00, run_after=2025-07-23 00:00:00+00:00
[2025-07-22T09:16:01.510+0000] {processor.py:208} INFO - Processing /opt/airflow/dags/train_power_pred.py took 3.589 seconds
[2025-07-22T09:16:32.799+0000] {processor.py:186} INFO - Started process (PID=36402) to work on /opt/airflow/dags/train_power_pred.py
[2025-07-22T09:16:32.800+0000] {processor.py:914} INFO - Processing file /opt/airflow/dags/train_power_pred.py for tasks to queue
[2025-07-22T09:16:32.802+0000] {logging_mixin.py:190} INFO - [2025-07-22T09:16:32.802+0000] {dagbag.py:588} INFO - Filling up the DagBag from /opt/airflow/dags/train_power_pred.py
[2025-07-22T09:16:36.326+0000] {processor.py:925} INFO - DAG(s) 'train_power_pred' retrieved from /opt/airflow/dags/train_power_pred.py
[2025-07-22T09:16:36.351+0000] {logging_mixin.py:190} INFO - [2025-07-22T09:16:36.351+0000] {dag.py:3239} INFO - Sync 1 DAGs
[2025-07-22T09:16:36.371+0000] {logging_mixin.py:190} INFO - [2025-07-22T09:16:36.371+0000] {dag.py:4180} INFO - Setting next_dagrun for train_power_pred to 2025-07-22 00:00:00+00:00, run_after=2025-07-23 00:00:00+00:00
[2025-07-22T09:16:36.389+0000] {processor.py:208} INFO - Processing /opt/airflow/dags/train_power_pred.py took 3.597 seconds
[2025-07-22T09:17:07.588+0000] {processor.py:186} INFO - Started process (PID=36497) to work on /opt/airflow/dags/train_power_pred.py
[2025-07-22T09:17:07.590+0000] {processor.py:914} INFO - Processing file /opt/airflow/dags/train_power_pred.py for tasks to queue
[2025-07-22T09:17:07.592+0000] {logging_mixin.py:190} INFO - [2025-07-22T09:17:07.591+0000] {dagbag.py:588} INFO - Filling up the DagBag from /opt/airflow/dags/train_power_pred.py
[2025-07-22T09:17:11.113+0000] {processor.py:925} INFO - DAG(s) 'train_power_pred' retrieved from /opt/airflow/dags/train_power_pred.py
[2025-07-22T09:17:11.137+0000] {logging_mixin.py:190} INFO - [2025-07-22T09:17:11.135+0000] {dag.py:3239} INFO - Sync 1 DAGs
[2025-07-22T09:17:11.157+0000] {logging_mixin.py:190} INFO - [2025-07-22T09:17:11.157+0000] {dag.py:4180} INFO - Setting next_dagrun for train_power_pred to 2025-07-22 00:00:00+00:00, run_after=2025-07-23 00:00:00+00:00
[2025-07-22T09:17:11.179+0000] {processor.py:208} INFO - Processing /opt/airflow/dags/train_power_pred.py took 3.598 seconds
[2025-07-22T09:17:42.508+0000] {processor.py:186} INFO - Started process (PID=36601) to work on /opt/airflow/dags/train_power_pred.py
[2025-07-22T09:17:42.510+0000] {processor.py:914} INFO - Processing file /opt/airflow/dags/train_power_pred.py for tasks to queue
[2025-07-22T09:17:42.513+0000] {logging_mixin.py:190} INFO - [2025-07-22T09:17:42.512+0000] {dagbag.py:588} INFO - Filling up the DagBag from /opt/airflow/dags/train_power_pred.py
[2025-07-22T09:17:45.891+0000] {processor.py:925} INFO - DAG(s) 'train_power_pred' retrieved from /opt/airflow/dags/train_power_pred.py
[2025-07-22T09:17:45.915+0000] {logging_mixin.py:190} INFO - [2025-07-22T09:17:45.914+0000] {dag.py:3239} INFO - Sync 1 DAGs
[2025-07-22T09:17:45.934+0000] {logging_mixin.py:190} INFO - [2025-07-22T09:17:45.934+0000] {dag.py:4180} INFO - Setting next_dagrun for train_power_pred to 2025-07-22 00:00:00+00:00, run_after=2025-07-23 00:00:00+00:00
[2025-07-22T09:17:45.952+0000] {processor.py:208} INFO - Processing /opt/airflow/dags/train_power_pred.py took 3.450 seconds
[2025-07-22T09:18:17.883+0000] {processor.py:186} INFO - Started process (PID=36699) to work on /opt/airflow/dags/train_power_pred.py
[2025-07-22T09:18:17.884+0000] {processor.py:914} INFO - Processing file /opt/airflow/dags/train_power_pred.py for tasks to queue
[2025-07-22T09:18:17.887+0000] {logging_mixin.py:190} INFO - [2025-07-22T09:18:17.887+0000] {dagbag.py:588} INFO - Filling up the DagBag from /opt/airflow/dags/train_power_pred.py
[2025-07-22T09:18:21.488+0000] {processor.py:925} INFO - DAG(s) 'train_power_pred' retrieved from /opt/airflow/dags/train_power_pred.py
[2025-07-22T09:18:21.513+0000] {logging_mixin.py:190} INFO - [2025-07-22T09:18:21.512+0000] {dag.py:3239} INFO - Sync 1 DAGs
[2025-07-22T09:18:21.531+0000] {logging_mixin.py:190} INFO - [2025-07-22T09:18:21.531+0000] {dag.py:4180} INFO - Setting next_dagrun for train_power_pred to 2025-07-22 00:00:00+00:00, run_after=2025-07-23 00:00:00+00:00
[2025-07-22T09:18:21.547+0000] {processor.py:208} INFO - Processing /opt/airflow/dags/train_power_pred.py took 3.671 seconds
[2025-07-22T09:18:53.422+0000] {processor.py:186} INFO - Started process (PID=36800) to work on /opt/airflow/dags/train_power_pred.py
[2025-07-22T09:18:53.423+0000] {processor.py:914} INFO - Processing file /opt/airflow/dags/train_power_pred.py for tasks to queue
[2025-07-22T09:18:53.426+0000] {logging_mixin.py:190} INFO - [2025-07-22T09:18:53.425+0000] {dagbag.py:588} INFO - Filling up the DagBag from /opt/airflow/dags/train_power_pred.py
[2025-07-22T09:18:56.863+0000] {processor.py:925} INFO - DAG(s) 'train_power_pred' retrieved from /opt/airflow/dags/train_power_pred.py
[2025-07-22T09:18:56.883+0000] {logging_mixin.py:190} INFO - [2025-07-22T09:18:56.883+0000] {dag.py:3239} INFO - Sync 1 DAGs
[2025-07-22T09:18:56.903+0000] {logging_mixin.py:190} INFO - [2025-07-22T09:18:56.903+0000] {dag.py:4180} INFO - Setting next_dagrun for train_power_pred to 2025-07-22 00:00:00+00:00, run_after=2025-07-23 00:00:00+00:00
[2025-07-22T09:18:56.918+0000] {processor.py:208} INFO - Processing /opt/airflow/dags/train_power_pred.py took 3.502 seconds
[2025-07-22T09:19:28.398+0000] {processor.py:186} INFO - Started process (PID=36898) to work on /opt/airflow/dags/train_power_pred.py
[2025-07-22T09:19:28.399+0000] {processor.py:914} INFO - Processing file /opt/airflow/dags/train_power_pred.py for tasks to queue
[2025-07-22T09:19:28.402+0000] {logging_mixin.py:190} INFO - [2025-07-22T09:19:28.402+0000] {dagbag.py:588} INFO - Filling up the DagBag from /opt/airflow/dags/train_power_pred.py
[2025-07-22T09:19:31.899+0000] {processor.py:925} INFO - DAG(s) 'train_power_pred' retrieved from /opt/airflow/dags/train_power_pred.py
[2025-07-22T09:19:31.921+0000] {logging_mixin.py:190} INFO - [2025-07-22T09:19:31.920+0000] {dag.py:3239} INFO - Sync 1 DAGs
[2025-07-22T09:19:31.940+0000] {logging_mixin.py:190} INFO - [2025-07-22T09:19:31.939+0000] {dag.py:4180} INFO - Setting next_dagrun for train_power_pred to 2025-07-22 00:00:00+00:00, run_after=2025-07-23 00:00:00+00:00
[2025-07-22T09:19:31.955+0000] {processor.py:208} INFO - Processing /opt/airflow/dags/train_power_pred.py took 3.563 seconds
[2025-07-22T09:20:03.229+0000] {processor.py:186} INFO - Started process (PID=36996) to work on /opt/airflow/dags/train_power_pred.py
[2025-07-22T09:20:03.231+0000] {processor.py:914} INFO - Processing file /opt/airflow/dags/train_power_pred.py for tasks to queue
[2025-07-22T09:20:03.233+0000] {logging_mixin.py:190} INFO - [2025-07-22T09:20:03.232+0000] {dagbag.py:588} INFO - Filling up the DagBag from /opt/airflow/dags/train_power_pred.py
[2025-07-22T09:20:06.536+0000] {processor.py:925} INFO - DAG(s) 'train_power_pred' retrieved from /opt/airflow/dags/train_power_pred.py
[2025-07-22T09:20:06.561+0000] {logging_mixin.py:190} INFO - [2025-07-22T09:20:06.560+0000] {dag.py:3239} INFO - Sync 1 DAGs
[2025-07-22T09:20:06.578+0000] {logging_mixin.py:190} INFO - [2025-07-22T09:20:06.578+0000] {dag.py:4180} INFO - Setting next_dagrun for train_power_pred to 2025-07-22 00:00:00+00:00, run_after=2025-07-23 00:00:00+00:00
[2025-07-22T09:20:06.593+0000] {processor.py:208} INFO - Processing /opt/airflow/dags/train_power_pred.py took 3.370 seconds
[2025-07-22T09:20:38.503+0000] {processor.py:186} INFO - Started process (PID=37110) to work on /opt/airflow/dags/train_power_pred.py
[2025-07-22T09:20:38.505+0000] {processor.py:914} INFO - Processing file /opt/airflow/dags/train_power_pred.py for tasks to queue
[2025-07-22T09:20:38.508+0000] {logging_mixin.py:190} INFO - [2025-07-22T09:20:38.507+0000] {dagbag.py:588} INFO - Filling up the DagBag from /opt/airflow/dags/train_power_pred.py
[2025-07-22T09:20:42.073+0000] {processor.py:925} INFO - DAG(s) 'train_power_pred' retrieved from /opt/airflow/dags/train_power_pred.py
[2025-07-22T09:20:42.094+0000] {logging_mixin.py:190} INFO - [2025-07-22T09:20:42.094+0000] {dag.py:3239} INFO - Sync 1 DAGs
[2025-07-22T09:20:42.114+0000] {logging_mixin.py:190} INFO - [2025-07-22T09:20:42.114+0000] {dag.py:4180} INFO - Setting next_dagrun for train_power_pred to 2025-07-22 00:00:00+00:00, run_after=2025-07-23 00:00:00+00:00
[2025-07-22T09:20:42.129+0000] {processor.py:208} INFO - Processing /opt/airflow/dags/train_power_pred.py took 3.633 seconds
[2025-07-22T09:21:14.106+0000] {processor.py:186} INFO - Started process (PID=37214) to work on /opt/airflow/dags/train_power_pred.py
[2025-07-22T09:21:14.108+0000] {processor.py:914} INFO - Processing file /opt/airflow/dags/train_power_pred.py for tasks to queue
[2025-07-22T09:21:14.110+0000] {logging_mixin.py:190} INFO - [2025-07-22T09:21:14.110+0000] {dagbag.py:588} INFO - Filling up the DagBag from /opt/airflow/dags/train_power_pred.py
[2025-07-22T09:21:17.529+0000] {processor.py:925} INFO - DAG(s) 'train_power_pred' retrieved from /opt/airflow/dags/train_power_pred.py
[2025-07-22T09:21:17.550+0000] {logging_mixin.py:190} INFO - [2025-07-22T09:21:17.550+0000] {dag.py:3239} INFO - Sync 1 DAGs
[2025-07-22T09:21:17.571+0000] {logging_mixin.py:190} INFO - [2025-07-22T09:21:17.570+0000] {dag.py:4180} INFO - Setting next_dagrun for train_power_pred to 2025-07-22 00:00:00+00:00, run_after=2025-07-23 00:00:00+00:00
[2025-07-22T09:21:17.592+0000] {processor.py:208} INFO - Processing /opt/airflow/dags/train_power_pred.py took 3.493 seconds
[2025-07-22T09:21:49.276+0000] {processor.py:186} INFO - Started process (PID=37312) to work on /opt/airflow/dags/train_power_pred.py
[2025-07-22T09:21:49.277+0000] {processor.py:914} INFO - Processing file /opt/airflow/dags/train_power_pred.py for tasks to queue
[2025-07-22T09:21:49.279+0000] {logging_mixin.py:190} INFO - [2025-07-22T09:21:49.279+0000] {dagbag.py:588} INFO - Filling up the DagBag from /opt/airflow/dags/train_power_pred.py
[2025-07-22T09:21:52.703+0000] {processor.py:925} INFO - DAG(s) 'train_power_pred' retrieved from /opt/airflow/dags/train_power_pred.py
[2025-07-22T09:21:52.728+0000] {logging_mixin.py:190} INFO - [2025-07-22T09:21:52.727+0000] {dag.py:3239} INFO - Sync 1 DAGs
[2025-07-22T09:21:52.746+0000] {logging_mixin.py:190} INFO - [2025-07-22T09:21:52.746+0000] {dag.py:4180} INFO - Setting next_dagrun for train_power_pred to 2025-07-22 00:00:00+00:00, run_after=2025-07-23 00:00:00+00:00
[2025-07-22T09:21:52.764+0000] {processor.py:208} INFO - Processing /opt/airflow/dags/train_power_pred.py took 3.497 seconds
[2025-07-22T09:22:24.329+0000] {processor.py:186} INFO - Started process (PID=37395) to work on /opt/airflow/dags/train_power_pred.py
[2025-07-22T09:22:24.331+0000] {processor.py:914} INFO - Processing file /opt/airflow/dags/train_power_pred.py for tasks to queue
[2025-07-22T09:22:24.333+0000] {logging_mixin.py:190} INFO - [2025-07-22T09:22:24.333+0000] {dagbag.py:588} INFO - Filling up the DagBag from /opt/airflow/dags/train_power_pred.py
[2025-07-22T09:22:27.816+0000] {processor.py:925} INFO - DAG(s) 'train_power_pred' retrieved from /opt/airflow/dags/train_power_pred.py
[2025-07-22T09:22:27.835+0000] {logging_mixin.py:190} INFO - [2025-07-22T09:22:27.835+0000] {dag.py:3239} INFO - Sync 1 DAGs
[2025-07-22T09:22:27.852+0000] {logging_mixin.py:190} INFO - [2025-07-22T09:22:27.852+0000] {dag.py:4180} INFO - Setting next_dagrun for train_power_pred to 2025-07-22 00:00:00+00:00, run_after=2025-07-23 00:00:00+00:00
[2025-07-22T09:22:27.865+0000] {processor.py:208} INFO - Processing /opt/airflow/dags/train_power_pred.py took 3.543 seconds
[2025-07-22T09:22:59.638+0000] {processor.py:186} INFO - Started process (PID=37508) to work on /opt/airflow/dags/train_power_pred.py
[2025-07-22T09:22:59.640+0000] {processor.py:914} INFO - Processing file /opt/airflow/dags/train_power_pred.py for tasks to queue
[2025-07-22T09:22:59.642+0000] {logging_mixin.py:190} INFO - [2025-07-22T09:22:59.642+0000] {dagbag.py:588} INFO - Filling up the DagBag from /opt/airflow/dags/train_power_pred.py
[2025-07-22T09:23:02.876+0000] {processor.py:925} INFO - DAG(s) 'train_power_pred' retrieved from /opt/airflow/dags/train_power_pred.py
[2025-07-22T09:23:02.895+0000] {logging_mixin.py:190} INFO - [2025-07-22T09:23:02.894+0000] {dag.py:3239} INFO - Sync 1 DAGs
[2025-07-22T09:23:02.912+0000] {logging_mixin.py:190} INFO - [2025-07-22T09:23:02.912+0000] {dag.py:4180} INFO - Setting next_dagrun for train_power_pred to 2025-07-22 00:00:00+00:00, run_after=2025-07-23 00:00:00+00:00
[2025-07-22T09:23:02.926+0000] {processor.py:208} INFO - Processing /opt/airflow/dags/train_power_pred.py took 3.296 seconds
[2025-07-22T09:23:34.825+0000] {processor.py:186} INFO - Started process (PID=37606) to work on /opt/airflow/dags/train_power_pred.py
[2025-07-22T09:23:34.827+0000] {processor.py:914} INFO - Processing file /opt/airflow/dags/train_power_pred.py for tasks to queue
[2025-07-22T09:23:34.830+0000] {logging_mixin.py:190} INFO - [2025-07-22T09:23:34.829+0000] {dagbag.py:588} INFO - Filling up the DagBag from /opt/airflow/dags/train_power_pred.py
[2025-07-22T09:23:38.216+0000] {processor.py:925} INFO - DAG(s) 'train_power_pred' retrieved from /opt/airflow/dags/train_power_pred.py
[2025-07-22T09:23:38.243+0000] {logging_mixin.py:190} INFO - [2025-07-22T09:23:38.243+0000] {dag.py:3239} INFO - Sync 1 DAGs
[2025-07-22T09:23:38.267+0000] {logging_mixin.py:190} INFO - [2025-07-22T09:23:38.267+0000] {dag.py:4180} INFO - Setting next_dagrun for train_power_pred to 2025-07-22 00:00:00+00:00, run_after=2025-07-23 00:00:00+00:00
[2025-07-22T09:23:38.288+0000] {processor.py:208} INFO - Processing /opt/airflow/dags/train_power_pred.py took 3.474 seconds
[2025-07-22T09:24:09.355+0000] {processor.py:186} INFO - Started process (PID=37688) to work on /opt/airflow/dags/train_power_pred.py
[2025-07-22T09:24:09.356+0000] {processor.py:914} INFO - Processing file /opt/airflow/dags/train_power_pred.py for tasks to queue
[2025-07-22T09:24:09.358+0000] {logging_mixin.py:190} INFO - [2025-07-22T09:24:09.358+0000] {dagbag.py:588} INFO - Filling up the DagBag from /opt/airflow/dags/train_power_pred.py
[2025-07-22T09:24:12.700+0000] {processor.py:925} INFO - DAG(s) 'train_power_pred' retrieved from /opt/airflow/dags/train_power_pred.py
[2025-07-22T09:24:12.719+0000] {logging_mixin.py:190} INFO - [2025-07-22T09:24:12.719+0000] {dag.py:3239} INFO - Sync 1 DAGs
[2025-07-22T09:24:12.738+0000] {logging_mixin.py:190} INFO - [2025-07-22T09:24:12.738+0000] {dag.py:4180} INFO - Setting next_dagrun for train_power_pred to 2025-07-22 00:00:00+00:00, run_after=2025-07-23 00:00:00+00:00
[2025-07-22T09:24:12.752+0000] {processor.py:208} INFO - Processing /opt/airflow/dags/train_power_pred.py took 3.403 seconds
[2025-07-22T09:24:44.649+0000] {processor.py:186} INFO - Started process (PID=37792) to work on /opt/airflow/dags/train_power_pred.py
[2025-07-22T09:24:44.651+0000] {processor.py:914} INFO - Processing file /opt/airflow/dags/train_power_pred.py for tasks to queue
[2025-07-22T09:24:44.653+0000] {logging_mixin.py:190} INFO - [2025-07-22T09:24:44.653+0000] {dagbag.py:588} INFO - Filling up the DagBag from /opt/airflow/dags/train_power_pred.py
[2025-07-22T09:24:47.970+0000] {processor.py:925} INFO - DAG(s) 'train_power_pred' retrieved from /opt/airflow/dags/train_power_pred.py
[2025-07-22T09:24:47.991+0000] {logging_mixin.py:190} INFO - [2025-07-22T09:24:47.991+0000] {dag.py:3239} INFO - Sync 1 DAGs
[2025-07-22T09:24:48.009+0000] {logging_mixin.py:190} INFO - [2025-07-22T09:24:48.009+0000] {dag.py:4180} INFO - Setting next_dagrun for train_power_pred to 2025-07-22 00:00:00+00:00, run_after=2025-07-23 00:00:00+00:00
[2025-07-22T09:24:48.025+0000] {processor.py:208} INFO - Processing /opt/airflow/dags/train_power_pred.py took 3.382 seconds
[2025-07-22T09:25:20.141+0000] {processor.py:186} INFO - Started process (PID=37891) to work on /opt/airflow/dags/train_power_pred.py
[2025-07-22T09:25:20.142+0000] {processor.py:914} INFO - Processing file /opt/airflow/dags/train_power_pred.py for tasks to queue
[2025-07-22T09:25:20.144+0000] {logging_mixin.py:190} INFO - [2025-07-22T09:25:20.144+0000] {dagbag.py:588} INFO - Filling up the DagBag from /opt/airflow/dags/train_power_pred.py
[2025-07-22T09:25:23.391+0000] {processor.py:925} INFO - DAG(s) 'train_power_pred' retrieved from /opt/airflow/dags/train_power_pred.py
[2025-07-22T09:25:23.413+0000] {logging_mixin.py:190} INFO - [2025-07-22T09:25:23.412+0000] {dag.py:3239} INFO - Sync 1 DAGs
[2025-07-22T09:25:23.430+0000] {logging_mixin.py:190} INFO - [2025-07-22T09:25:23.429+0000] {dag.py:4180} INFO - Setting next_dagrun for train_power_pred to 2025-07-22 00:00:00+00:00, run_after=2025-07-23 00:00:00+00:00
[2025-07-22T09:25:23.443+0000] {processor.py:208} INFO - Processing /opt/airflow/dags/train_power_pred.py took 3.310 seconds
[2025-07-22T09:25:55.231+0000] {processor.py:186} INFO - Started process (PID=38004) to work on /opt/airflow/dags/train_power_pred.py
[2025-07-22T09:25:55.232+0000] {processor.py:914} INFO - Processing file /opt/airflow/dags/train_power_pred.py for tasks to queue
[2025-07-22T09:25:55.234+0000] {logging_mixin.py:190} INFO - [2025-07-22T09:25:55.234+0000] {dagbag.py:588} INFO - Filling up the DagBag from /opt/airflow/dags/train_power_pred.py
[2025-07-22T09:25:58.481+0000] {processor.py:925} INFO - DAG(s) 'train_power_pred' retrieved from /opt/airflow/dags/train_power_pred.py
[2025-07-22T09:25:58.501+0000] {logging_mixin.py:190} INFO - [2025-07-22T09:25:58.501+0000] {dag.py:3239} INFO - Sync 1 DAGs
[2025-07-22T09:25:58.520+0000] {logging_mixin.py:190} INFO - [2025-07-22T09:25:58.519+0000] {dag.py:4180} INFO - Setting next_dagrun for train_power_pred to 2025-07-22 00:00:00+00:00, run_after=2025-07-23 00:00:00+00:00
[2025-07-22T09:25:58.534+0000] {processor.py:208} INFO - Processing /opt/airflow/dags/train_power_pred.py took 3.309 seconds
[2025-07-22T09:26:30.226+0000] {processor.py:186} INFO - Started process (PID=38102) to work on /opt/airflow/dags/train_power_pred.py
[2025-07-22T09:26:30.227+0000] {processor.py:914} INFO - Processing file /opt/airflow/dags/train_power_pred.py for tasks to queue
[2025-07-22T09:26:30.229+0000] {logging_mixin.py:190} INFO - [2025-07-22T09:26:30.229+0000] {dagbag.py:588} INFO - Filling up the DagBag from /opt/airflow/dags/train_power_pred.py
[2025-07-22T09:26:33.496+0000] {processor.py:925} INFO - DAG(s) 'train_power_pred' retrieved from /opt/airflow/dags/train_power_pred.py
[2025-07-22T09:26:33.515+0000] {logging_mixin.py:190} INFO - [2025-07-22T09:26:33.515+0000] {dag.py:3239} INFO - Sync 1 DAGs
[2025-07-22T09:26:33.531+0000] {logging_mixin.py:190} INFO - [2025-07-22T09:26:33.531+0000] {dag.py:4180} INFO - Setting next_dagrun for train_power_pred to 2025-07-22 00:00:00+00:00, run_after=2025-07-23 00:00:00+00:00
[2025-07-22T09:26:33.546+0000] {processor.py:208} INFO - Processing /opt/airflow/dags/train_power_pred.py took 3.327 seconds
[2025-07-22T09:27:04.886+0000] {processor.py:186} INFO - Started process (PID=38200) to work on /opt/airflow/dags/train_power_pred.py
[2025-07-22T09:27:04.887+0000] {processor.py:914} INFO - Processing file /opt/airflow/dags/train_power_pred.py for tasks to queue
[2025-07-22T09:27:04.890+0000] {logging_mixin.py:190} INFO - [2025-07-22T09:27:04.890+0000] {dagbag.py:588} INFO - Filling up the DagBag from /opt/airflow/dags/train_power_pred.py
[2025-07-22T09:27:08.224+0000] {processor.py:925} INFO - DAG(s) 'train_power_pred' retrieved from /opt/airflow/dags/train_power_pred.py
[2025-07-22T09:27:08.246+0000] {logging_mixin.py:190} INFO - [2025-07-22T09:27:08.245+0000] {dag.py:3239} INFO - Sync 1 DAGs
[2025-07-22T09:27:08.263+0000] {logging_mixin.py:190} INFO - [2025-07-22T09:27:08.263+0000] {dag.py:4180} INFO - Setting next_dagrun for train_power_pred to 2025-07-22 00:00:00+00:00, run_after=2025-07-23 00:00:00+00:00
[2025-07-22T09:27:08.278+0000] {processor.py:208} INFO - Processing /opt/airflow/dags/train_power_pred.py took 3.398 seconds
[2025-07-22T09:27:39.650+0000] {processor.py:186} INFO - Started process (PID=38298) to work on /opt/airflow/dags/train_power_pred.py
[2025-07-22T09:27:39.651+0000] {processor.py:914} INFO - Processing file /opt/airflow/dags/train_power_pred.py for tasks to queue
[2025-07-22T09:27:39.653+0000] {logging_mixin.py:190} INFO - [2025-07-22T09:27:39.653+0000] {dagbag.py:588} INFO - Filling up the DagBag from /opt/airflow/dags/train_power_pred.py
[2025-07-22T09:27:43.123+0000] {processor.py:925} INFO - DAG(s) 'train_power_pred' retrieved from /opt/airflow/dags/train_power_pred.py
[2025-07-22T09:27:43.144+0000] {logging_mixin.py:190} INFO - [2025-07-22T09:27:43.144+0000] {dag.py:3239} INFO - Sync 1 DAGs
[2025-07-22T09:27:43.163+0000] {logging_mixin.py:190} INFO - [2025-07-22T09:27:43.163+0000] {dag.py:4180} INFO - Setting next_dagrun for train_power_pred to 2025-07-22 00:00:00+00:00, run_after=2025-07-23 00:00:00+00:00
[2025-07-22T09:27:43.179+0000] {processor.py:208} INFO - Processing /opt/airflow/dags/train_power_pred.py took 3.535 seconds
[2025-07-22T09:28:14.391+0000] {processor.py:186} INFO - Started process (PID=38402) to work on /opt/airflow/dags/train_power_pred.py
[2025-07-22T09:28:14.392+0000] {processor.py:914} INFO - Processing file /opt/airflow/dags/train_power_pred.py for tasks to queue
[2025-07-22T09:28:14.394+0000] {logging_mixin.py:190} INFO - [2025-07-22T09:28:14.394+0000] {dagbag.py:588} INFO - Filling up the DagBag from /opt/airflow/dags/train_power_pred.py
[2025-07-22T09:28:17.594+0000] {processor.py:925} INFO - DAG(s) 'train_power_pred' retrieved from /opt/airflow/dags/train_power_pred.py
[2025-07-22T09:28:17.613+0000] {logging_mixin.py:190} INFO - [2025-07-22T09:28:17.613+0000] {dag.py:3239} INFO - Sync 1 DAGs
[2025-07-22T09:28:17.631+0000] {logging_mixin.py:190} INFO - [2025-07-22T09:28:17.630+0000] {dag.py:4180} INFO - Setting next_dagrun for train_power_pred to 2025-07-22 00:00:00+00:00, run_after=2025-07-23 00:00:00+00:00
[2025-07-22T09:28:17.645+0000] {processor.py:208} INFO - Processing /opt/airflow/dags/train_power_pred.py took 3.261 seconds
[2025-07-22T09:28:49.674+0000] {processor.py:186} INFO - Started process (PID=38500) to work on /opt/airflow/dags/train_power_pred.py
[2025-07-22T09:28:49.675+0000] {processor.py:914} INFO - Processing file /opt/airflow/dags/train_power_pred.py for tasks to queue
[2025-07-22T09:28:49.677+0000] {logging_mixin.py:190} INFO - [2025-07-22T09:28:49.677+0000] {dagbag.py:588} INFO - Filling up the DagBag from /opt/airflow/dags/train_power_pred.py
[2025-07-22T09:28:53.189+0000] {processor.py:925} INFO - DAG(s) 'train_power_pred' retrieved from /opt/airflow/dags/train_power_pred.py
[2025-07-22T09:28:53.210+0000] {logging_mixin.py:190} INFO - [2025-07-22T09:28:53.209+0000] {dag.py:3239} INFO - Sync 1 DAGs
[2025-07-22T09:28:53.226+0000] {logging_mixin.py:190} INFO - [2025-07-22T09:28:53.226+0000] {dag.py:4180} INFO - Setting next_dagrun for train_power_pred to 2025-07-22 00:00:00+00:00, run_after=2025-07-23 00:00:00+00:00
[2025-07-22T09:28:53.240+0000] {processor.py:208} INFO - Processing /opt/airflow/dags/train_power_pred.py took 3.575 seconds
[2025-07-22T09:29:25.061+0000] {processor.py:186} INFO - Started process (PID=38598) to work on /opt/airflow/dags/train_power_pred.py
[2025-07-22T09:29:25.062+0000] {processor.py:914} INFO - Processing file /opt/airflow/dags/train_power_pred.py for tasks to queue
[2025-07-22T09:29:25.064+0000] {logging_mixin.py:190} INFO - [2025-07-22T09:29:25.064+0000] {dagbag.py:588} INFO - Filling up the DagBag from /opt/airflow/dags/train_power_pred.py
[2025-07-22T09:29:28.269+0000] {processor.py:925} INFO - DAG(s) 'train_power_pred' retrieved from /opt/airflow/dags/train_power_pred.py
[2025-07-22T09:29:28.290+0000] {logging_mixin.py:190} INFO - [2025-07-22T09:29:28.290+0000] {dag.py:3239} INFO - Sync 1 DAGs
[2025-07-22T09:29:28.311+0000] {logging_mixin.py:190} INFO - [2025-07-22T09:29:28.311+0000] {dag.py:4180} INFO - Setting next_dagrun for train_power_pred to 2025-07-22 00:00:00+00:00, run_after=2025-07-23 00:00:00+00:00
[2025-07-22T09:29:28.328+0000] {processor.py:208} INFO - Processing /opt/airflow/dags/train_power_pred.py took 3.274 seconds
[2025-07-22T09:29:59.855+0000] {processor.py:186} INFO - Started process (PID=38680) to work on /opt/airflow/dags/train_power_pred.py
[2025-07-22T09:29:59.856+0000] {processor.py:914} INFO - Processing file /opt/airflow/dags/train_power_pred.py for tasks to queue
[2025-07-22T09:29:59.859+0000] {logging_mixin.py:190} INFO - [2025-07-22T09:29:59.859+0000] {dagbag.py:588} INFO - Filling up the DagBag from /opt/airflow/dags/train_power_pred.py
[2025-07-22T09:30:03.293+0000] {processor.py:925} INFO - DAG(s) 'train_power_pred' retrieved from /opt/airflow/dags/train_power_pred.py
[2025-07-22T09:30:03.314+0000] {logging_mixin.py:190} INFO - [2025-07-22T09:30:03.314+0000] {dag.py:3239} INFO - Sync 1 DAGs
[2025-07-22T09:30:03.332+0000] {logging_mixin.py:190} INFO - [2025-07-22T09:30:03.332+0000] {dag.py:4180} INFO - Setting next_dagrun for train_power_pred to 2025-07-22 00:00:00+00:00, run_after=2025-07-23 00:00:00+00:00
[2025-07-22T09:30:03.346+0000] {processor.py:208} INFO - Processing /opt/airflow/dags/train_power_pred.py took 3.497 seconds
[2025-07-22T09:30:35.265+0000] {processor.py:186} INFO - Started process (PID=38779) to work on /opt/airflow/dags/train_power_pred.py
[2025-07-22T09:30:35.267+0000] {processor.py:914} INFO - Processing file /opt/airflow/dags/train_power_pred.py for tasks to queue
[2025-07-22T09:30:35.269+0000] {logging_mixin.py:190} INFO - [2025-07-22T09:30:35.269+0000] {dagbag.py:588} INFO - Filling up the DagBag from /opt/airflow/dags/train_power_pred.py
[2025-07-22T09:30:38.803+0000] {processor.py:925} INFO - DAG(s) 'train_power_pred' retrieved from /opt/airflow/dags/train_power_pred.py
[2025-07-22T09:30:38.829+0000] {logging_mixin.py:190} INFO - [2025-07-22T09:30:38.828+0000] {dag.py:3239} INFO - Sync 1 DAGs
[2025-07-22T09:30:38.848+0000] {logging_mixin.py:190} INFO - [2025-07-22T09:30:38.848+0000] {dag.py:4180} INFO - Setting next_dagrun for train_power_pred to 2025-07-22 00:00:00+00:00, run_after=2025-07-23 00:00:00+00:00
[2025-07-22T09:30:38.863+0000] {processor.py:208} INFO - Processing /opt/airflow/dags/train_power_pred.py took 3.604 seconds
[2025-07-22T09:31:10.721+0000] {processor.py:186} INFO - Started process (PID=38892) to work on /opt/airflow/dags/train_power_pred.py
[2025-07-22T09:31:10.723+0000] {processor.py:914} INFO - Processing file /opt/airflow/dags/train_power_pred.py for tasks to queue
[2025-07-22T09:31:10.726+0000] {logging_mixin.py:190} INFO - [2025-07-22T09:31:10.725+0000] {dagbag.py:588} INFO - Filling up the DagBag from /opt/airflow/dags/train_power_pred.py
[2025-07-22T09:31:14.191+0000] {processor.py:925} INFO - DAG(s) 'train_power_pred' retrieved from /opt/airflow/dags/train_power_pred.py
[2025-07-22T09:31:14.213+0000] {logging_mixin.py:190} INFO - [2025-07-22T09:31:14.212+0000] {dag.py:3239} INFO - Sync 1 DAGs
[2025-07-22T09:31:14.232+0000] {logging_mixin.py:190} INFO - [2025-07-22T09:31:14.232+0000] {dag.py:4180} INFO - Setting next_dagrun for train_power_pred to 2025-07-22 00:00:00+00:00, run_after=2025-07-23 00:00:00+00:00
[2025-07-22T09:31:14.249+0000] {processor.py:208} INFO - Processing /opt/airflow/dags/train_power_pred.py took 3.538 seconds
[2025-07-22T09:31:46.063+0000] {processor.py:186} INFO - Started process (PID=38996) to work on /opt/airflow/dags/train_power_pred.py
[2025-07-22T09:31:46.065+0000] {processor.py:914} INFO - Processing file /opt/airflow/dags/train_power_pred.py for tasks to queue
[2025-07-22T09:31:46.068+0000] {logging_mixin.py:190} INFO - [2025-07-22T09:31:46.067+0000] {dagbag.py:588} INFO - Filling up the DagBag from /opt/airflow/dags/train_power_pred.py
[2025-07-22T09:31:49.338+0000] {processor.py:925} INFO - DAG(s) 'train_power_pred' retrieved from /opt/airflow/dags/train_power_pred.py
[2025-07-22T09:31:49.357+0000] {logging_mixin.py:190} INFO - [2025-07-22T09:31:49.356+0000] {dag.py:3239} INFO - Sync 1 DAGs
[2025-07-22T09:31:49.376+0000] {logging_mixin.py:190} INFO - [2025-07-22T09:31:49.376+0000] {dag.py:4180} INFO - Setting next_dagrun for train_power_pred to 2025-07-22 00:00:00+00:00, run_after=2025-07-23 00:00:00+00:00
[2025-07-22T09:31:49.393+0000] {processor.py:208} INFO - Processing /opt/airflow/dags/train_power_pred.py took 3.337 seconds
[2025-07-22T09:32:21.192+0000] {processor.py:186} INFO - Started process (PID=39094) to work on /opt/airflow/dags/train_power_pred.py
[2025-07-22T09:32:21.193+0000] {processor.py:914} INFO - Processing file /opt/airflow/dags/train_power_pred.py for tasks to queue
[2025-07-22T09:32:21.196+0000] {logging_mixin.py:190} INFO - [2025-07-22T09:32:21.195+0000] {dagbag.py:588} INFO - Filling up the DagBag from /opt/airflow/dags/train_power_pred.py
[2025-07-22T09:32:24.390+0000] {processor.py:925} INFO - DAG(s) 'train_power_pred' retrieved from /opt/airflow/dags/train_power_pred.py
[2025-07-22T09:32:24.411+0000] {logging_mixin.py:190} INFO - [2025-07-22T09:32:24.410+0000] {dag.py:3239} INFO - Sync 1 DAGs
[2025-07-22T09:32:24.427+0000] {logging_mixin.py:190} INFO - [2025-07-22T09:32:24.427+0000] {dag.py:4180} INFO - Setting next_dagrun for train_power_pred to 2025-07-22 00:00:00+00:00, run_after=2025-07-23 00:00:00+00:00
[2025-07-22T09:32:24.442+0000] {processor.py:208} INFO - Processing /opt/airflow/dags/train_power_pred.py took 3.256 seconds
[2025-07-22T09:32:56.302+0000] {processor.py:186} INFO - Started process (PID=39192) to work on /opt/airflow/dags/train_power_pred.py
[2025-07-22T09:32:56.303+0000] {processor.py:914} INFO - Processing file /opt/airflow/dags/train_power_pred.py for tasks to queue
[2025-07-22T09:32:56.306+0000] {logging_mixin.py:190} INFO - [2025-07-22T09:32:56.306+0000] {dagbag.py:588} INFO - Filling up the DagBag from /opt/airflow/dags/train_power_pred.py
[2025-07-22T09:32:59.522+0000] {processor.py:925} INFO - DAG(s) 'train_power_pred' retrieved from /opt/airflow/dags/train_power_pred.py
[2025-07-22T09:32:59.544+0000] {logging_mixin.py:190} INFO - [2025-07-22T09:32:59.544+0000] {dag.py:3239} INFO - Sync 1 DAGs
[2025-07-22T09:32:59.562+0000] {logging_mixin.py:190} INFO - [2025-07-22T09:32:59.562+0000] {dag.py:4180} INFO - Setting next_dagrun for train_power_pred to 2025-07-22 00:00:00+00:00, run_after=2025-07-23 00:00:00+00:00
[2025-07-22T09:32:59.576+0000] {processor.py:208} INFO - Processing /opt/airflow/dags/train_power_pred.py took 3.281 seconds
[2025-07-22T09:33:30.862+0000] {processor.py:186} INFO - Started process (PID=39274) to work on /opt/airflow/dags/train_power_pred.py
[2025-07-22T09:33:30.864+0000] {processor.py:914} INFO - Processing file /opt/airflow/dags/train_power_pred.py for tasks to queue
[2025-07-22T09:33:30.866+0000] {logging_mixin.py:190} INFO - [2025-07-22T09:33:30.866+0000] {dagbag.py:588} INFO - Filling up the DagBag from /opt/airflow/dags/train_power_pred.py
[2025-07-22T09:33:34.210+0000] {processor.py:925} INFO - DAG(s) 'train_power_pred' retrieved from /opt/airflow/dags/train_power_pred.py
[2025-07-22T09:33:34.230+0000] {logging_mixin.py:190} INFO - [2025-07-22T09:33:34.230+0000] {dag.py:3239} INFO - Sync 1 DAGs
[2025-07-22T09:33:34.247+0000] {logging_mixin.py:190} INFO - [2025-07-22T09:33:34.247+0000] {dag.py:4180} INFO - Setting next_dagrun for train_power_pred to 2025-07-22 00:00:00+00:00, run_after=2025-07-23 00:00:00+00:00
[2025-07-22T09:33:34.263+0000] {processor.py:208} INFO - Processing /opt/airflow/dags/train_power_pred.py took 3.407 seconds
[2025-07-22T09:34:06.124+0000] {processor.py:186} INFO - Started process (PID=39372) to work on /opt/airflow/dags/train_power_pred.py
[2025-07-22T09:34:06.125+0000] {processor.py:914} INFO - Processing file /opt/airflow/dags/train_power_pred.py for tasks to queue
[2025-07-22T09:34:06.127+0000] {logging_mixin.py:190} INFO - [2025-07-22T09:34:06.127+0000] {dagbag.py:588} INFO - Filling up the DagBag from /opt/airflow/dags/train_power_pred.py
[2025-07-22T09:34:09.310+0000] {processor.py:925} INFO - DAG(s) 'train_power_pred' retrieved from /opt/airflow/dags/train_power_pred.py
[2025-07-22T09:34:09.329+0000] {logging_mixin.py:190} INFO - [2025-07-22T09:34:09.329+0000] {dag.py:3239} INFO - Sync 1 DAGs
[2025-07-22T09:34:09.346+0000] {logging_mixin.py:190} INFO - [2025-07-22T09:34:09.346+0000] {dag.py:4180} INFO - Setting next_dagrun for train_power_pred to 2025-07-22 00:00:00+00:00, run_after=2025-07-23 00:00:00+00:00
[2025-07-22T09:34:09.360+0000] {processor.py:208} INFO - Processing /opt/airflow/dags/train_power_pred.py took 3.241 seconds
[2025-07-22T09:34:41.482+0000] {processor.py:186} INFO - Started process (PID=39486) to work on /opt/airflow/dags/train_power_pred.py
[2025-07-22T09:34:41.483+0000] {processor.py:914} INFO - Processing file /opt/airflow/dags/train_power_pred.py for tasks to queue
[2025-07-22T09:34:41.485+0000] {logging_mixin.py:190} INFO - [2025-07-22T09:34:41.485+0000] {dagbag.py:588} INFO - Filling up the DagBag from /opt/airflow/dags/train_power_pred.py
[2025-07-22T09:34:44.615+0000] {processor.py:925} INFO - DAG(s) 'train_power_pred' retrieved from /opt/airflow/dags/train_power_pred.py
[2025-07-22T09:34:44.633+0000] {logging_mixin.py:190} INFO - [2025-07-22T09:34:44.633+0000] {dag.py:3239} INFO - Sync 1 DAGs
[2025-07-22T09:34:44.650+0000] {logging_mixin.py:190} INFO - [2025-07-22T09:34:44.650+0000] {dag.py:4180} INFO - Setting next_dagrun for train_power_pred to 2025-07-22 00:00:00+00:00, run_after=2025-07-23 00:00:00+00:00
[2025-07-22T09:34:44.663+0000] {processor.py:208} INFO - Processing /opt/airflow/dags/train_power_pred.py took 3.187 seconds
[2025-07-22T09:35:16.587+0000] {processor.py:186} INFO - Started process (PID=39590) to work on /opt/airflow/dags/train_power_pred.py
[2025-07-22T09:35:16.588+0000] {processor.py:914} INFO - Processing file /opt/airflow/dags/train_power_pred.py for tasks to queue
[2025-07-22T09:35:16.591+0000] {logging_mixin.py:190} INFO - [2025-07-22T09:35:16.590+0000] {dagbag.py:588} INFO - Filling up the DagBag from /opt/airflow/dags/train_power_pred.py
[2025-07-22T09:35:20.149+0000] {processor.py:925} INFO - DAG(s) 'train_power_pred' retrieved from /opt/airflow/dags/train_power_pred.py
[2025-07-22T09:35:20.171+0000] {logging_mixin.py:190} INFO - [2025-07-22T09:35:20.170+0000] {dag.py:3239} INFO - Sync 1 DAGs
[2025-07-22T09:35:20.189+0000] {logging_mixin.py:190} INFO - [2025-07-22T09:35:20.188+0000] {dag.py:4180} INFO - Setting next_dagrun for train_power_pred to 2025-07-22 00:00:00+00:00, run_after=2025-07-23 00:00:00+00:00
[2025-07-22T09:35:20.207+0000] {processor.py:208} INFO - Processing /opt/airflow/dags/train_power_pred.py took 3.627 seconds
[2025-07-22T09:35:51.895+0000] {processor.py:186} INFO - Started process (PID=39688) to work on /opt/airflow/dags/train_power_pred.py
[2025-07-22T09:35:51.896+0000] {processor.py:914} INFO - Processing file /opt/airflow/dags/train_power_pred.py for tasks to queue
[2025-07-22T09:35:51.898+0000] {logging_mixin.py:190} INFO - [2025-07-22T09:35:51.898+0000] {dagbag.py:588} INFO - Filling up the DagBag from /opt/airflow/dags/train_power_pred.py
[2025-07-22T09:35:55.130+0000] {processor.py:925} INFO - DAG(s) 'train_power_pred' retrieved from /opt/airflow/dags/train_power_pred.py
[2025-07-22T09:35:55.149+0000] {logging_mixin.py:190} INFO - [2025-07-22T09:35:55.149+0000] {dag.py:3239} INFO - Sync 1 DAGs
[2025-07-22T09:35:55.164+0000] {logging_mixin.py:190} INFO - [2025-07-22T09:35:55.164+0000] {dag.py:4180} INFO - Setting next_dagrun for train_power_pred to 2025-07-22 00:00:00+00:00, run_after=2025-07-23 00:00:00+00:00
[2025-07-22T09:35:55.177+0000] {processor.py:208} INFO - Processing /opt/airflow/dags/train_power_pred.py took 3.287 seconds
[2025-07-22T09:36:26.979+0000] {processor.py:186} INFO - Started process (PID=39786) to work on /opt/airflow/dags/train_power_pred.py
[2025-07-22T09:36:26.980+0000] {processor.py:914} INFO - Processing file /opt/airflow/dags/train_power_pred.py for tasks to queue
[2025-07-22T09:36:26.983+0000] {logging_mixin.py:190} INFO - [2025-07-22T09:36:26.983+0000] {dagbag.py:588} INFO - Filling up the DagBag from /opt/airflow/dags/train_power_pred.py
[2025-07-22T09:36:30.110+0000] {processor.py:925} INFO - DAG(s) 'train_power_pred' retrieved from /opt/airflow/dags/train_power_pred.py
[2025-07-22T09:36:30.134+0000] {logging_mixin.py:190} INFO - [2025-07-22T09:36:30.134+0000] {dag.py:3239} INFO - Sync 1 DAGs
[2025-07-22T09:36:30.154+0000] {logging_mixin.py:190} INFO - [2025-07-22T09:36:30.154+0000] {dag.py:4180} INFO - Setting next_dagrun for train_power_pred to 2025-07-22 00:00:00+00:00, run_after=2025-07-23 00:00:00+00:00
[2025-07-22T09:36:30.169+0000] {processor.py:208} INFO - Processing /opt/airflow/dags/train_power_pred.py took 3.196 seconds
[2025-07-22T09:37:02.177+0000] {processor.py:186} INFO - Started process (PID=39884) to work on /opt/airflow/dags/train_power_pred.py
[2025-07-22T09:37:02.178+0000] {processor.py:914} INFO - Processing file /opt/airflow/dags/train_power_pred.py for tasks to queue
[2025-07-22T09:37:02.180+0000] {logging_mixin.py:190} INFO - [2025-07-22T09:37:02.180+0000] {dagbag.py:588} INFO - Filling up the DagBag from /opt/airflow/dags/train_power_pred.py
[2025-07-22T09:37:05.326+0000] {processor.py:925} INFO - DAG(s) 'train_power_pred' retrieved from /opt/airflow/dags/train_power_pred.py
[2025-07-22T09:37:05.344+0000] {logging_mixin.py:190} INFO - [2025-07-22T09:37:05.343+0000] {dag.py:3239} INFO - Sync 1 DAGs
[2025-07-22T09:37:05.360+0000] {logging_mixin.py:190} INFO - [2025-07-22T09:37:05.359+0000] {dag.py:4180} INFO - Setting next_dagrun for train_power_pred to 2025-07-22 00:00:00+00:00, run_after=2025-07-23 00:00:00+00:00
[2025-07-22T09:37:05.574+0000] {processor.py:208} INFO - Processing /opt/airflow/dags/train_power_pred.py took 3.404 seconds
[2025-07-22T09:37:36.597+0000] {processor.py:186} INFO - Started process (PID=39982) to work on /opt/airflow/dags/train_power_pred.py
[2025-07-22T09:37:36.598+0000] {processor.py:914} INFO - Processing file /opt/airflow/dags/train_power_pred.py for tasks to queue
[2025-07-22T09:37:36.600+0000] {logging_mixin.py:190} INFO - [2025-07-22T09:37:36.600+0000] {dagbag.py:588} INFO - Filling up the DagBag from /opt/airflow/dags/train_power_pred.py
[2025-07-22T09:37:39.822+0000] {processor.py:925} INFO - DAG(s) 'train_power_pred' retrieved from /opt/airflow/dags/train_power_pred.py
[2025-07-22T09:37:39.843+0000] {logging_mixin.py:190} INFO - [2025-07-22T09:37:39.843+0000] {dag.py:3239} INFO - Sync 1 DAGs
[2025-07-22T09:37:39.860+0000] {logging_mixin.py:190} INFO - [2025-07-22T09:37:39.860+0000] {dag.py:4180} INFO - Setting next_dagrun for train_power_pred to 2025-07-22 00:00:00+00:00, run_after=2025-07-23 00:00:00+00:00
[2025-07-22T09:37:39.875+0000] {processor.py:208} INFO - Processing /opt/airflow/dags/train_power_pred.py took 3.283 seconds
[2025-07-22T09:38:11.060+0000] {processor.py:186} INFO - Started process (PID=40080) to work on /opt/airflow/dags/train_power_pred.py
[2025-07-22T09:38:11.061+0000] {processor.py:914} INFO - Processing file /opt/airflow/dags/train_power_pred.py for tasks to queue
[2025-07-22T09:38:11.063+0000] {logging_mixin.py:190} INFO - [2025-07-22T09:38:11.063+0000] {dagbag.py:588} INFO - Filling up the DagBag from /opt/airflow/dags/train_power_pred.py
[2025-07-22T09:38:14.196+0000] {processor.py:925} INFO - DAG(s) 'train_power_pred' retrieved from /opt/airflow/dags/train_power_pred.py
[2025-07-22T09:38:14.214+0000] {logging_mixin.py:190} INFO - [2025-07-22T09:38:14.214+0000] {dag.py:3239} INFO - Sync 1 DAGs
[2025-07-22T09:38:14.231+0000] {logging_mixin.py:190} INFO - [2025-07-22T09:38:14.230+0000] {dag.py:4180} INFO - Setting next_dagrun for train_power_pred to 2025-07-22 00:00:00+00:00, run_after=2025-07-23 00:00:00+00:00
[2025-07-22T09:38:14.245+0000] {processor.py:208} INFO - Processing /opt/airflow/dags/train_power_pred.py took 3.191 seconds
[2025-07-22T09:38:46.178+0000] {processor.py:186} INFO - Started process (PID=40184) to work on /opt/airflow/dags/train_power_pred.py
[2025-07-22T09:38:46.179+0000] {processor.py:914} INFO - Processing file /opt/airflow/dags/train_power_pred.py for tasks to queue
[2025-07-22T09:38:46.182+0000] {logging_mixin.py:190} INFO - [2025-07-22T09:38:46.181+0000] {dagbag.py:588} INFO - Filling up the DagBag from /opt/airflow/dags/train_power_pred.py
[2025-07-22T09:38:49.449+0000] {processor.py:925} INFO - DAG(s) 'train_power_pred' retrieved from /opt/airflow/dags/train_power_pred.py
[2025-07-22T09:38:49.469+0000] {logging_mixin.py:190} INFO - [2025-07-22T09:38:49.469+0000] {dag.py:3239} INFO - Sync 1 DAGs
[2025-07-22T09:38:49.487+0000] {logging_mixin.py:190} INFO - [2025-07-22T09:38:49.487+0000] {dag.py:4180} INFO - Setting next_dagrun for train_power_pred to 2025-07-22 00:00:00+00:00, run_after=2025-07-23 00:00:00+00:00
[2025-07-22T09:38:49.501+0000] {processor.py:208} INFO - Processing /opt/airflow/dags/train_power_pred.py took 3.328 seconds
[2025-07-22T09:39:20.639+0000] {processor.py:186} INFO - Started process (PID=40282) to work on /opt/airflow/dags/train_power_pred.py
[2025-07-22T09:39:20.640+0000] {processor.py:914} INFO - Processing file /opt/airflow/dags/train_power_pred.py for tasks to queue
[2025-07-22T09:39:20.642+0000] {logging_mixin.py:190} INFO - [2025-07-22T09:39:20.641+0000] {dagbag.py:588} INFO - Filling up the DagBag from /opt/airflow/dags/train_power_pred.py
[2025-07-22T09:39:23.865+0000] {processor.py:925} INFO - DAG(s) 'train_power_pred' retrieved from /opt/airflow/dags/train_power_pred.py
[2025-07-22T09:39:23.886+0000] {logging_mixin.py:190} INFO - [2025-07-22T09:39:23.885+0000] {dag.py:3239} INFO - Sync 1 DAGs
[2025-07-22T09:39:23.900+0000] {logging_mixin.py:190} INFO - [2025-07-22T09:39:23.900+0000] {dag.py:4180} INFO - Setting next_dagrun for train_power_pred to 2025-07-22 00:00:00+00:00, run_after=2025-07-23 00:00:00+00:00
[2025-07-22T09:39:23.913+0000] {processor.py:208} INFO - Processing /opt/airflow/dags/train_power_pred.py took 3.281 seconds
[2025-07-22T09:39:55.906+0000] {processor.py:186} INFO - Started process (PID=40381) to work on /opt/airflow/dags/train_power_pred.py
[2025-07-22T09:39:55.907+0000] {processor.py:914} INFO - Processing file /opt/airflow/dags/train_power_pred.py for tasks to queue
[2025-07-22T09:39:55.909+0000] {logging_mixin.py:190} INFO - [2025-07-22T09:39:55.909+0000] {dagbag.py:588} INFO - Filling up the DagBag from /opt/airflow/dags/train_power_pred.py
[2025-07-22T09:39:58.984+0000] {processor.py:925} INFO - DAG(s) 'train_power_pred' retrieved from /opt/airflow/dags/train_power_pred.py
[2025-07-22T09:39:59.004+0000] {logging_mixin.py:190} INFO - [2025-07-22T09:39:59.003+0000] {dag.py:3239} INFO - Sync 1 DAGs
[2025-07-22T09:39:59.021+0000] {logging_mixin.py:190} INFO - [2025-07-22T09:39:59.021+0000] {dag.py:4180} INFO - Setting next_dagrun for train_power_pred to 2025-07-22 00:00:00+00:00, run_after=2025-07-23 00:00:00+00:00
[2025-07-22T09:39:59.244+0000] {processor.py:208} INFO - Processing /opt/airflow/dags/train_power_pred.py took 3.344 seconds
[2025-07-22T09:40:30.986+0000] {processor.py:186} INFO - Started process (PID=40479) to work on /opt/airflow/dags/train_power_pred.py
[2025-07-22T09:40:30.987+0000] {processor.py:914} INFO - Processing file /opt/airflow/dags/train_power_pred.py for tasks to queue
[2025-07-22T09:40:30.989+0000] {logging_mixin.py:190} INFO - [2025-07-22T09:40:30.989+0000] {dagbag.py:588} INFO - Filling up the DagBag from /opt/airflow/dags/train_power_pred.py
[2025-07-22T09:40:34.364+0000] {processor.py:925} INFO - DAG(s) 'train_power_pred' retrieved from /opt/airflow/dags/train_power_pred.py
[2025-07-22T09:40:34.386+0000] {logging_mixin.py:190} INFO - [2025-07-22T09:40:34.385+0000] {dag.py:3239} INFO - Sync 1 DAGs
[2025-07-22T09:40:34.404+0000] {logging_mixin.py:190} INFO - [2025-07-22T09:40:34.404+0000] {dag.py:4180} INFO - Setting next_dagrun for train_power_pred to 2025-07-22 00:00:00+00:00, run_after=2025-07-23 00:00:00+00:00
[2025-07-22T09:40:34.418+0000] {processor.py:208} INFO - Processing /opt/airflow/dags/train_power_pred.py took 3.439 seconds
[2025-07-22T09:41:06.127+0000] {processor.py:186} INFO - Started process (PID=40577) to work on /opt/airflow/dags/train_power_pred.py
[2025-07-22T09:41:06.128+0000] {processor.py:914} INFO - Processing file /opt/airflow/dags/train_power_pred.py for tasks to queue
[2025-07-22T09:41:06.130+0000] {logging_mixin.py:190} INFO - [2025-07-22T09:41:06.130+0000] {dagbag.py:588} INFO - Filling up the DagBag from /opt/airflow/dags/train_power_pred.py
[2025-07-22T09:41:09.207+0000] {processor.py:925} INFO - DAG(s) 'train_power_pred' retrieved from /opt/airflow/dags/train_power_pred.py
[2025-07-22T09:41:09.226+0000] {logging_mixin.py:190} INFO - [2025-07-22T09:41:09.225+0000] {dag.py:3239} INFO - Sync 1 DAGs
[2025-07-22T09:41:09.244+0000] {logging_mixin.py:190} INFO - [2025-07-22T09:41:09.244+0000] {dag.py:4180} INFO - Setting next_dagrun for train_power_pred to 2025-07-22 00:00:00+00:00, run_after=2025-07-23 00:00:00+00:00
[2025-07-22T09:41:09.261+0000] {processor.py:208} INFO - Processing /opt/airflow/dags/train_power_pred.py took 3.139 seconds
[2025-07-22T09:41:40.367+0000] {processor.py:186} INFO - Started process (PID=40674) to work on /opt/airflow/dags/train_power_pred.py
[2025-07-22T09:41:40.368+0000] {processor.py:914} INFO - Processing file /opt/airflow/dags/train_power_pred.py for tasks to queue
[2025-07-22T09:41:40.371+0000] {logging_mixin.py:190} INFO - [2025-07-22T09:41:40.371+0000] {dagbag.py:588} INFO - Filling up the DagBag from /opt/airflow/dags/train_power_pred.py
[2025-07-22T09:41:43.697+0000] {processor.py:925} INFO - DAG(s) 'train_power_pred' retrieved from /opt/airflow/dags/train_power_pred.py
[2025-07-22T09:41:43.715+0000] {logging_mixin.py:190} INFO - [2025-07-22T09:41:43.714+0000] {dag.py:3239} INFO - Sync 1 DAGs
[2025-07-22T09:41:43.730+0000] {logging_mixin.py:190} INFO - [2025-07-22T09:41:43.730+0000] {dag.py:4180} INFO - Setting next_dagrun for train_power_pred to 2025-07-22 00:00:00+00:00, run_after=2025-07-23 00:00:00+00:00
[2025-07-22T09:41:43.743+0000] {processor.py:208} INFO - Processing /opt/airflow/dags/train_power_pred.py took 3.385 seconds
[2025-07-22T09:42:15.754+0000] {processor.py:186} INFO - Started process (PID=40778) to work on /opt/airflow/dags/train_power_pred.py
[2025-07-22T09:42:15.755+0000] {processor.py:914} INFO - Processing file /opt/airflow/dags/train_power_pred.py for tasks to queue
[2025-07-22T09:42:15.758+0000] {logging_mixin.py:190} INFO - [2025-07-22T09:42:15.757+0000] {dagbag.py:588} INFO - Filling up the DagBag from /opt/airflow/dags/train_power_pred.py
[2025-07-22T09:42:18.987+0000] {processor.py:925} INFO - DAG(s) 'train_power_pred' retrieved from /opt/airflow/dags/train_power_pred.py
[2025-07-22T09:42:19.007+0000] {logging_mixin.py:190} INFO - [2025-07-22T09:42:19.006+0000] {dag.py:3239} INFO - Sync 1 DAGs
[2025-07-22T09:42:19.024+0000] {logging_mixin.py:190} INFO - [2025-07-22T09:42:19.024+0000] {dag.py:4180} INFO - Setting next_dagrun for train_power_pred to 2025-07-22 00:00:00+00:00, run_after=2025-07-23 00:00:00+00:00
[2025-07-22T09:42:19.041+0000] {processor.py:208} INFO - Processing /opt/airflow/dags/train_power_pred.py took 3.293 seconds
[2025-07-22T09:42:50.446+0000] {processor.py:186} INFO - Started process (PID=40876) to work on /opt/airflow/dags/train_power_pred.py
[2025-07-22T09:42:50.447+0000] {processor.py:914} INFO - Processing file /opt/airflow/dags/train_power_pred.py for tasks to queue
[2025-07-22T09:42:50.450+0000] {logging_mixin.py:190} INFO - [2025-07-22T09:42:50.450+0000] {dagbag.py:588} INFO - Filling up the DagBag from /opt/airflow/dags/train_power_pred.py
[2025-07-22T09:42:54.029+0000] {processor.py:925} INFO - DAG(s) 'train_power_pred' retrieved from /opt/airflow/dags/train_power_pred.py
[2025-07-22T09:42:54.051+0000] {logging_mixin.py:190} INFO - [2025-07-22T09:42:54.050+0000] {dag.py:3239} INFO - Sync 1 DAGs
[2025-07-22T09:42:54.071+0000] {logging_mixin.py:190} INFO - [2025-07-22T09:42:54.071+0000] {dag.py:4180} INFO - Setting next_dagrun for train_power_pred to 2025-07-22 00:00:00+00:00, run_after=2025-07-23 00:00:00+00:00
[2025-07-22T09:42:54.094+0000] {processor.py:208} INFO - Processing /opt/airflow/dags/train_power_pred.py took 3.657 seconds
[2025-07-22T09:43:25.896+0000] {processor.py:186} INFO - Started process (PID=40975) to work on /opt/airflow/dags/train_power_pred.py
[2025-07-22T09:43:25.897+0000] {processor.py:914} INFO - Processing file /opt/airflow/dags/train_power_pred.py for tasks to queue
[2025-07-22T09:43:25.899+0000] {logging_mixin.py:190} INFO - [2025-07-22T09:43:25.899+0000] {dagbag.py:588} INFO - Filling up the DagBag from /opt/airflow/dags/train_power_pred.py
[2025-07-22T09:43:29.214+0000] {processor.py:925} INFO - DAG(s) 'train_power_pred' retrieved from /opt/airflow/dags/train_power_pred.py
[2025-07-22T09:43:29.237+0000] {logging_mixin.py:190} INFO - [2025-07-22T09:43:29.236+0000] {dag.py:3239} INFO - Sync 1 DAGs
[2025-07-22T09:43:29.254+0000] {logging_mixin.py:190} INFO - [2025-07-22T09:43:29.254+0000] {dag.py:4180} INFO - Setting next_dagrun for train_power_pred to 2025-07-22 00:00:00+00:00, run_after=2025-07-23 00:00:00+00:00
[2025-07-22T09:43:29.269+0000] {processor.py:208} INFO - Processing /opt/airflow/dags/train_power_pred.py took 3.380 seconds
[2025-07-22T09:44:00.926+0000] {processor.py:186} INFO - Started process (PID=41073) to work on /opt/airflow/dags/train_power_pred.py
[2025-07-22T09:44:00.927+0000] {processor.py:914} INFO - Processing file /opt/airflow/dags/train_power_pred.py for tasks to queue
[2025-07-22T09:44:00.929+0000] {logging_mixin.py:190} INFO - [2025-07-22T09:44:00.929+0000] {dagbag.py:588} INFO - Filling up the DagBag from /opt/airflow/dags/train_power_pred.py
[2025-07-22T09:44:04.013+0000] {processor.py:925} INFO - DAG(s) 'train_power_pred' retrieved from /opt/airflow/dags/train_power_pred.py
[2025-07-22T09:44:04.032+0000] {logging_mixin.py:190} INFO - [2025-07-22T09:44:04.032+0000] {dag.py:3239} INFO - Sync 1 DAGs
[2025-07-22T09:44:04.251+0000] {logging_mixin.py:190} INFO - [2025-07-22T09:44:04.251+0000] {dag.py:4180} INFO - Setting next_dagrun for train_power_pred to 2025-07-22 00:00:00+00:00, run_after=2025-07-23 00:00:00+00:00
[2025-07-22T09:44:04.266+0000] {processor.py:208} INFO - Processing /opt/airflow/dags/train_power_pred.py took 3.346 seconds
[2025-07-22T09:44:35.934+0000] {processor.py:186} INFO - Started process (PID=41171) to work on /opt/airflow/dags/train_power_pred.py
[2025-07-22T09:44:35.935+0000] {processor.py:914} INFO - Processing file /opt/airflow/dags/train_power_pred.py for tasks to queue
[2025-07-22T09:44:35.938+0000] {logging_mixin.py:190} INFO - [2025-07-22T09:44:35.937+0000] {dagbag.py:588} INFO - Filling up the DagBag from /opt/airflow/dags/train_power_pred.py
[2025-07-22T09:44:39.251+0000] {processor.py:925} INFO - DAG(s) 'train_power_pred' retrieved from /opt/airflow/dags/train_power_pred.py
[2025-07-22T09:44:39.270+0000] {logging_mixin.py:190} INFO - [2025-07-22T09:44:39.270+0000] {dag.py:3239} INFO - Sync 1 DAGs
[2025-07-22T09:44:39.285+0000] {logging_mixin.py:190} INFO - [2025-07-22T09:44:39.285+0000] {dag.py:4180} INFO - Setting next_dagrun for train_power_pred to 2025-07-22 00:00:00+00:00, run_after=2025-07-23 00:00:00+00:00
[2025-07-22T09:44:39.299+0000] {processor.py:208} INFO - Processing /opt/airflow/dags/train_power_pred.py took 3.372 seconds
[2025-07-22T09:45:10.931+0000] {processor.py:186} INFO - Started process (PID=41269) to work on /opt/airflow/dags/train_power_pred.py
[2025-07-22T09:45:10.933+0000] {processor.py:914} INFO - Processing file /opt/airflow/dags/train_power_pred.py for tasks to queue
[2025-07-22T09:45:10.935+0000] {logging_mixin.py:190} INFO - [2025-07-22T09:45:10.935+0000] {dagbag.py:588} INFO - Filling up the DagBag from /opt/airflow/dags/train_power_pred.py
[2025-07-22T09:45:14.004+0000] {processor.py:925} INFO - DAG(s) 'train_power_pred' retrieved from /opt/airflow/dags/train_power_pred.py
[2025-07-22T09:45:14.023+0000] {logging_mixin.py:190} INFO - [2025-07-22T09:45:14.021+0000] {dag.py:3239} INFO - Sync 1 DAGs
[2025-07-22T09:45:14.038+0000] {logging_mixin.py:190} INFO - [2025-07-22T09:45:14.038+0000] {dag.py:4180} INFO - Setting next_dagrun for train_power_pred to 2025-07-22 00:00:00+00:00, run_after=2025-07-23 00:00:00+00:00
[2025-07-22T09:45:14.052+0000] {processor.py:208} INFO - Processing /opt/airflow/dags/train_power_pred.py took 3.126 seconds
[2025-07-22T09:45:45.268+0000] {processor.py:186} INFO - Started process (PID=41372) to work on /opt/airflow/dags/train_power_pred.py
[2025-07-22T09:45:45.269+0000] {processor.py:914} INFO - Processing file /opt/airflow/dags/train_power_pred.py for tasks to queue
[2025-07-22T09:45:45.271+0000] {logging_mixin.py:190} INFO - [2025-07-22T09:45:45.271+0000] {dagbag.py:588} INFO - Filling up the DagBag from /opt/airflow/dags/train_power_pred.py
[2025-07-22T09:45:48.590+0000] {processor.py:925} INFO - DAG(s) 'train_power_pred' retrieved from /opt/airflow/dags/train_power_pred.py
[2025-07-22T09:45:48.609+0000] {logging_mixin.py:190} INFO - [2025-07-22T09:45:48.608+0000] {dag.py:3239} INFO - Sync 1 DAGs
[2025-07-22T09:45:48.625+0000] {logging_mixin.py:190} INFO - [2025-07-22T09:45:48.625+0000] {dag.py:4180} INFO - Setting next_dagrun for train_power_pred to 2025-07-22 00:00:00+00:00, run_after=2025-07-23 00:00:00+00:00
[2025-07-22T09:45:48.639+0000] {processor.py:208} INFO - Processing /opt/airflow/dags/train_power_pred.py took 3.377 seconds
[2025-07-22T09:46:20.897+0000] {processor.py:186} INFO - Started process (PID=41471) to work on /opt/airflow/dags/train_power_pred.py
[2025-07-22T09:46:20.898+0000] {processor.py:914} INFO - Processing file /opt/airflow/dags/train_power_pred.py for tasks to queue
[2025-07-22T09:46:20.901+0000] {logging_mixin.py:190} INFO - [2025-07-22T09:46:20.900+0000] {dagbag.py:588} INFO - Filling up the DagBag from /opt/airflow/dags/train_power_pred.py
[2025-07-22T09:46:24.131+0000] {processor.py:925} INFO - DAG(s) 'train_power_pred' retrieved from /opt/airflow/dags/train_power_pred.py
[2025-07-22T09:46:24.153+0000] {logging_mixin.py:190} INFO - [2025-07-22T09:46:24.153+0000] {dag.py:3239} INFO - Sync 1 DAGs
[2025-07-22T09:46:24.171+0000] {logging_mixin.py:190} INFO - [2025-07-22T09:46:24.170+0000] {dag.py:4180} INFO - Setting next_dagrun for train_power_pred to 2025-07-22 00:00:00+00:00, run_after=2025-07-23 00:00:00+00:00
[2025-07-22T09:46:24.187+0000] {processor.py:208} INFO - Processing /opt/airflow/dags/train_power_pred.py took 3.298 seconds
[2025-07-22T09:46:55.444+0000] {processor.py:186} INFO - Started process (PID=41569) to work on /opt/airflow/dags/train_power_pred.py
[2025-07-22T09:46:55.445+0000] {processor.py:914} INFO - Processing file /opt/airflow/dags/train_power_pred.py for tasks to queue
[2025-07-22T09:46:55.447+0000] {logging_mixin.py:190} INFO - [2025-07-22T09:46:55.447+0000] {dagbag.py:588} INFO - Filling up the DagBag from /opt/airflow/dags/train_power_pred.py
[2025-07-22T09:46:58.612+0000] {processor.py:925} INFO - DAG(s) 'train_power_pred' retrieved from /opt/airflow/dags/train_power_pred.py
[2025-07-22T09:46:58.630+0000] {logging_mixin.py:190} INFO - [2025-07-22T09:46:58.630+0000] {dag.py:3239} INFO - Sync 1 DAGs
[2025-07-22T09:46:58.648+0000] {logging_mixin.py:190} INFO - [2025-07-22T09:46:58.648+0000] {dag.py:4180} INFO - Setting next_dagrun for train_power_pred to 2025-07-22 00:00:00+00:00, run_after=2025-07-23 00:00:00+00:00
[2025-07-22T09:46:58.662+0000] {processor.py:208} INFO - Processing /opt/airflow/dags/train_power_pred.py took 3.224 seconds
[2025-07-22T09:47:30.764+0000] {processor.py:186} INFO - Started process (PID=41667) to work on /opt/airflow/dags/train_power_pred.py
[2025-07-22T09:47:30.765+0000] {processor.py:914} INFO - Processing file /opt/airflow/dags/train_power_pred.py for tasks to queue
[2025-07-22T09:47:30.768+0000] {logging_mixin.py:190} INFO - [2025-07-22T09:47:30.768+0000] {dagbag.py:588} INFO - Filling up the DagBag from /opt/airflow/dags/train_power_pred.py
[2025-07-22T09:47:34.157+0000] {processor.py:925} INFO - DAG(s) 'train_power_pred' retrieved from /opt/airflow/dags/train_power_pred.py
[2025-07-22T09:47:34.180+0000] {logging_mixin.py:190} INFO - [2025-07-22T09:47:34.179+0000] {dag.py:3239} INFO - Sync 1 DAGs
[2025-07-22T09:47:34.196+0000] {logging_mixin.py:190} INFO - [2025-07-22T09:47:34.196+0000] {dag.py:4180} INFO - Setting next_dagrun for train_power_pred to 2025-07-22 00:00:00+00:00, run_after=2025-07-23 00:00:00+00:00
[2025-07-22T09:47:34.211+0000] {processor.py:208} INFO - Processing /opt/airflow/dags/train_power_pred.py took 3.453 seconds
[2025-07-22T09:48:06.341+0000] {processor.py:186} INFO - Started process (PID=41766) to work on /opt/airflow/dags/train_power_pred.py
[2025-07-22T09:48:06.342+0000] {processor.py:914} INFO - Processing file /opt/airflow/dags/train_power_pred.py for tasks to queue
[2025-07-22T09:48:06.344+0000] {logging_mixin.py:190} INFO - [2025-07-22T09:48:06.344+0000] {dagbag.py:588} INFO - Filling up the DagBag from /opt/airflow/dags/train_power_pred.py
[2025-07-22T09:48:09.631+0000] {processor.py:925} INFO - DAG(s) 'train_power_pred' retrieved from /opt/airflow/dags/train_power_pred.py
[2025-07-22T09:48:09.651+0000] {logging_mixin.py:190} INFO - [2025-07-22T09:48:09.651+0000] {dag.py:3239} INFO - Sync 1 DAGs
[2025-07-22T09:48:09.671+0000] {logging_mixin.py:190} INFO - [2025-07-22T09:48:09.671+0000] {dag.py:4180} INFO - Setting next_dagrun for train_power_pred to 2025-07-22 00:00:00+00:00, run_after=2025-07-23 00:00:00+00:00
[2025-07-22T09:48:09.688+0000] {processor.py:208} INFO - Processing /opt/airflow/dags/train_power_pred.py took 3.354 seconds
[2025-07-22T09:48:41.241+0000] {processor.py:186} INFO - Started process (PID=41864) to work on /opt/airflow/dags/train_power_pred.py
[2025-07-22T09:48:41.242+0000] {processor.py:914} INFO - Processing file /opt/airflow/dags/train_power_pred.py for tasks to queue
[2025-07-22T09:48:41.244+0000] {logging_mixin.py:190} INFO - [2025-07-22T09:48:41.244+0000] {dagbag.py:588} INFO - Filling up the DagBag from /opt/airflow/dags/train_power_pred.py
[2025-07-22T09:48:44.427+0000] {processor.py:925} INFO - DAG(s) 'train_power_pred' retrieved from /opt/airflow/dags/train_power_pred.py
[2025-07-22T09:48:44.446+0000] {logging_mixin.py:190} INFO - [2025-07-22T09:48:44.445+0000] {dag.py:3239} INFO - Sync 1 DAGs
[2025-07-22T09:48:44.462+0000] {logging_mixin.py:190} INFO - [2025-07-22T09:48:44.461+0000] {dag.py:4180} INFO - Setting next_dagrun for train_power_pred to 2025-07-22 00:00:00+00:00, run_after=2025-07-23 00:00:00+00:00
[2025-07-22T09:48:44.474+0000] {processor.py:208} INFO - Processing /opt/airflow/dags/train_power_pred.py took 3.239 seconds
[2025-07-22T09:49:16.454+0000] {processor.py:186} INFO - Started process (PID=41968) to work on /opt/airflow/dags/train_power_pred.py
[2025-07-22T09:49:16.456+0000] {processor.py:914} INFO - Processing file /opt/airflow/dags/train_power_pred.py for tasks to queue
[2025-07-22T09:49:16.458+0000] {logging_mixin.py:190} INFO - [2025-07-22T09:49:16.458+0000] {dagbag.py:588} INFO - Filling up the DagBag from /opt/airflow/dags/train_power_pred.py
[2025-07-22T09:49:19.721+0000] {processor.py:925} INFO - DAG(s) 'train_power_pred' retrieved from /opt/airflow/dags/train_power_pred.py
[2025-07-22T09:49:19.740+0000] {logging_mixin.py:190} INFO - [2025-07-22T09:49:19.740+0000] {dag.py:3239} INFO - Sync 1 DAGs
[2025-07-22T09:49:19.759+0000] {logging_mixin.py:190} INFO - [2025-07-22T09:49:19.759+0000] {dag.py:4180} INFO - Setting next_dagrun for train_power_pred to 2025-07-22 00:00:00+00:00, run_after=2025-07-23 00:00:00+00:00
[2025-07-22T09:49:19.774+0000] {processor.py:208} INFO - Processing /opt/airflow/dags/train_power_pred.py took 3.326 seconds
[2025-07-22T09:49:51.603+0000] {processor.py:186} INFO - Started process (PID=42066) to work on /opt/airflow/dags/train_power_pred.py
[2025-07-22T09:49:51.605+0000] {processor.py:914} INFO - Processing file /opt/airflow/dags/train_power_pred.py for tasks to queue
[2025-07-22T09:49:51.607+0000] {logging_mixin.py:190} INFO - [2025-07-22T09:49:51.606+0000] {dagbag.py:588} INFO - Filling up the DagBag from /opt/airflow/dags/train_power_pred.py
[2025-07-22T09:49:54.617+0000] {processor.py:925} INFO - DAG(s) 'train_power_pred' retrieved from /opt/airflow/dags/train_power_pred.py
[2025-07-22T09:49:54.637+0000] {logging_mixin.py:190} INFO - [2025-07-22T09:49:54.637+0000] {dag.py:3239} INFO - Sync 1 DAGs
[2025-07-22T09:49:54.654+0000] {logging_mixin.py:190} INFO - [2025-07-22T09:49:54.654+0000] {dag.py:4180} INFO - Setting next_dagrun for train_power_pred to 2025-07-22 00:00:00+00:00, run_after=2025-07-23 00:00:00+00:00
[2025-07-22T09:49:54.668+0000] {processor.py:208} INFO - Processing /opt/airflow/dags/train_power_pred.py took 3.070 seconds
[2025-07-22T09:50:25.870+0000] {processor.py:186} INFO - Started process (PID=42164) to work on /opt/airflow/dags/train_power_pred.py
[2025-07-22T09:50:25.871+0000] {processor.py:914} INFO - Processing file /opt/airflow/dags/train_power_pred.py for tasks to queue
[2025-07-22T09:50:25.874+0000] {logging_mixin.py:190} INFO - [2025-07-22T09:50:25.873+0000] {dagbag.py:588} INFO - Filling up the DagBag from /opt/airflow/dags/train_power_pred.py
[2025-07-22T09:50:29.013+0000] {processor.py:925} INFO - DAG(s) 'train_power_pred' retrieved from /opt/airflow/dags/train_power_pred.py
[2025-07-22T09:50:29.031+0000] {logging_mixin.py:190} INFO - [2025-07-22T09:50:29.030+0000] {dag.py:3239} INFO - Sync 1 DAGs
[2025-07-22T09:50:29.046+0000] {logging_mixin.py:190} INFO - [2025-07-22T09:50:29.046+0000] {dag.py:4180} INFO - Setting next_dagrun for train_power_pred to 2025-07-22 00:00:00+00:00, run_after=2025-07-23 00:00:00+00:00
[2025-07-22T09:50:29.059+0000] {processor.py:208} INFO - Processing /opt/airflow/dags/train_power_pred.py took 3.195 seconds
[2025-07-22T09:51:00.843+0000] {processor.py:186} INFO - Started process (PID=42262) to work on /opt/airflow/dags/train_power_pred.py
[2025-07-22T09:51:00.844+0000] {processor.py:914} INFO - Processing file /opt/airflow/dags/train_power_pred.py for tasks to queue
[2025-07-22T09:51:00.847+0000] {logging_mixin.py:190} INFO - [2025-07-22T09:51:00.847+0000] {dagbag.py:588} INFO - Filling up the DagBag from /opt/airflow/dags/train_power_pred.py
[2025-07-22T09:51:04.155+0000] {processor.py:925} INFO - DAG(s) 'train_power_pred' retrieved from /opt/airflow/dags/train_power_pred.py
[2025-07-22T09:51:04.178+0000] {logging_mixin.py:190} INFO - [2025-07-22T09:51:04.178+0000] {dag.py:3239} INFO - Sync 1 DAGs
[2025-07-22T09:51:04.197+0000] {logging_mixin.py:190} INFO - [2025-07-22T09:51:04.197+0000] {dag.py:4180} INFO - Setting next_dagrun for train_power_pred to 2025-07-22 00:00:00+00:00, run_after=2025-07-23 00:00:00+00:00
[2025-07-22T09:51:04.213+0000] {processor.py:208} INFO - Processing /opt/airflow/dags/train_power_pred.py took 3.379 seconds
[2025-07-22T09:51:35.473+0000] {processor.py:186} INFO - Started process (PID=42360) to work on /opt/airflow/dags/train_power_pred.py
[2025-07-22T09:51:35.475+0000] {processor.py:914} INFO - Processing file /opt/airflow/dags/train_power_pred.py for tasks to queue
[2025-07-22T09:51:35.477+0000] {logging_mixin.py:190} INFO - [2025-07-22T09:51:35.477+0000] {dagbag.py:588} INFO - Filling up the DagBag from /opt/airflow/dags/train_power_pred.py
[2025-07-22T09:51:38.777+0000] {processor.py:925} INFO - DAG(s) 'train_power_pred' retrieved from /opt/airflow/dags/train_power_pred.py
[2025-07-22T09:51:38.797+0000] {logging_mixin.py:190} INFO - [2025-07-22T09:51:38.797+0000] {dag.py:3239} INFO - Sync 1 DAGs
[2025-07-22T09:51:38.816+0000] {logging_mixin.py:190} INFO - [2025-07-22T09:51:38.816+0000] {dag.py:4180} INFO - Setting next_dagrun for train_power_pred to 2025-07-22 00:00:00+00:00, run_after=2025-07-23 00:00:00+00:00
[2025-07-22T09:51:38.832+0000] {processor.py:208} INFO - Processing /opt/airflow/dags/train_power_pred.py took 3.365 seconds
[2025-07-22T09:52:10.105+0000] {processor.py:186} INFO - Started process (PID=42458) to work on /opt/airflow/dags/train_power_pred.py
[2025-07-22T09:52:10.106+0000] {processor.py:914} INFO - Processing file /opt/airflow/dags/train_power_pred.py for tasks to queue
[2025-07-22T09:52:10.108+0000] {logging_mixin.py:190} INFO - [2025-07-22T09:52:10.108+0000] {dagbag.py:588} INFO - Filling up the DagBag from /opt/airflow/dags/train_power_pred.py
[2025-07-22T09:52:13.381+0000] {processor.py:925} INFO - DAG(s) 'train_power_pred' retrieved from /opt/airflow/dags/train_power_pred.py
[2025-07-22T09:52:13.405+0000] {logging_mixin.py:190} INFO - [2025-07-22T09:52:13.404+0000] {dag.py:3239} INFO - Sync 1 DAGs
[2025-07-22T09:52:13.421+0000] {logging_mixin.py:190} INFO - [2025-07-22T09:52:13.421+0000] {dag.py:4180} INFO - Setting next_dagrun for train_power_pred to 2025-07-22 00:00:00+00:00, run_after=2025-07-23 00:00:00+00:00
[2025-07-22T09:52:13.434+0000] {processor.py:208} INFO - Processing /opt/airflow/dags/train_power_pred.py took 3.336 seconds
[2025-07-22T09:52:45.576+0000] {processor.py:186} INFO - Started process (PID=42562) to work on /opt/airflow/dags/train_power_pred.py
[2025-07-22T09:52:45.578+0000] {processor.py:914} INFO - Processing file /opt/airflow/dags/train_power_pred.py for tasks to queue
[2025-07-22T09:52:45.580+0000] {logging_mixin.py:190} INFO - [2025-07-22T09:52:45.580+0000] {dagbag.py:588} INFO - Filling up the DagBag from /opt/airflow/dags/train_power_pred.py
[2025-07-22T09:52:48.813+0000] {processor.py:925} INFO - DAG(s) 'train_power_pred' retrieved from /opt/airflow/dags/train_power_pred.py
[2025-07-22T09:52:48.836+0000] {logging_mixin.py:190} INFO - [2025-07-22T09:52:48.834+0000] {dag.py:3239} INFO - Sync 1 DAGs
[2025-07-22T09:52:48.854+0000] {logging_mixin.py:190} INFO - [2025-07-22T09:52:48.854+0000] {dag.py:4180} INFO - Setting next_dagrun for train_power_pred to 2025-07-22 00:00:00+00:00, run_after=2025-07-23 00:00:00+00:00
[2025-07-22T09:52:48.870+0000] {processor.py:208} INFO - Processing /opt/airflow/dags/train_power_pred.py took 3.299 seconds
[2025-07-22T09:53:20.154+0000] {processor.py:186} INFO - Started process (PID=42660) to work on /opt/airflow/dags/train_power_pred.py
[2025-07-22T09:53:20.156+0000] {processor.py:914} INFO - Processing file /opt/airflow/dags/train_power_pred.py for tasks to queue
[2025-07-22T09:53:20.159+0000] {logging_mixin.py:190} INFO - [2025-07-22T09:53:20.158+0000] {dagbag.py:588} INFO - Filling up the DagBag from /opt/airflow/dags/train_power_pred.py
[2025-07-22T09:53:23.523+0000] {processor.py:925} INFO - DAG(s) 'train_power_pred' retrieved from /opt/airflow/dags/train_power_pred.py
[2025-07-22T09:53:23.545+0000] {logging_mixin.py:190} INFO - [2025-07-22T09:53:23.544+0000] {dag.py:3239} INFO - Sync 1 DAGs
[2025-07-22T09:53:23.562+0000] {logging_mixin.py:190} INFO - [2025-07-22T09:53:23.562+0000] {dag.py:4180} INFO - Setting next_dagrun for train_power_pred to 2025-07-22 00:00:00+00:00, run_after=2025-07-23 00:00:00+00:00
[2025-07-22T09:53:23.576+0000] {processor.py:208} INFO - Processing /opt/airflow/dags/train_power_pred.py took 3.430 seconds
[2025-07-22T09:53:54.647+0000] {processor.py:186} INFO - Started process (PID=42758) to work on /opt/airflow/dags/train_power_pred.py
[2025-07-22T09:53:54.650+0000] {processor.py:914} INFO - Processing file /opt/airflow/dags/train_power_pred.py for tasks to queue
[2025-07-22T09:53:54.653+0000] {logging_mixin.py:190} INFO - [2025-07-22T09:53:54.653+0000] {dagbag.py:588} INFO - Filling up the DagBag from /opt/airflow/dags/train_power_pred.py
[2025-07-22T09:53:57.810+0000] {processor.py:925} INFO - DAG(s) 'train_power_pred' retrieved from /opt/airflow/dags/train_power_pred.py
[2025-07-22T09:53:57.830+0000] {logging_mixin.py:190} INFO - [2025-07-22T09:53:57.830+0000] {dag.py:3239} INFO - Sync 1 DAGs
[2025-07-22T09:53:57.849+0000] {logging_mixin.py:190} INFO - [2025-07-22T09:53:57.848+0000] {dag.py:4180} INFO - Setting next_dagrun for train_power_pred to 2025-07-22 00:00:00+00:00, run_after=2025-07-23 00:00:00+00:00
[2025-07-22T09:53:57.864+0000] {processor.py:208} INFO - Processing /opt/airflow/dags/train_power_pred.py took 3.223 seconds
[2025-07-22T09:54:29.920+0000] {processor.py:186} INFO - Started process (PID=42859) to work on /opt/airflow/dags/train_power_pred.py
[2025-07-22T09:54:29.921+0000] {processor.py:914} INFO - Processing file /opt/airflow/dags/train_power_pred.py for tasks to queue
[2025-07-22T09:54:29.923+0000] {logging_mixin.py:190} INFO - [2025-07-22T09:54:29.923+0000] {dagbag.py:588} INFO - Filling up the DagBag from /opt/airflow/dags/train_power_pred.py
[2025-07-22T09:54:33.208+0000] {processor.py:925} INFO - DAG(s) 'train_power_pred' retrieved from /opt/airflow/dags/train_power_pred.py
[2025-07-22T09:54:33.228+0000] {logging_mixin.py:190} INFO - [2025-07-22T09:54:33.228+0000] {dag.py:3239} INFO - Sync 1 DAGs
[2025-07-22T09:54:33.246+0000] {logging_mixin.py:190} INFO - [2025-07-22T09:54:33.245+0000] {dag.py:4180} INFO - Setting next_dagrun for train_power_pred to 2025-07-22 00:00:00+00:00, run_after=2025-07-23 00:00:00+00:00
[2025-07-22T09:54:33.263+0000] {processor.py:208} INFO - Processing /opt/airflow/dags/train_power_pred.py took 3.349 seconds
[2025-07-22T09:55:04.724+0000] {processor.py:186} INFO - Started process (PID=42957) to work on /opt/airflow/dags/train_power_pred.py
[2025-07-22T09:55:04.725+0000] {processor.py:914} INFO - Processing file /opt/airflow/dags/train_power_pred.py for tasks to queue
[2025-07-22T09:55:04.727+0000] {logging_mixin.py:190} INFO - [2025-07-22T09:55:04.727+0000] {dagbag.py:588} INFO - Filling up the DagBag from /opt/airflow/dags/train_power_pred.py
[2025-07-22T09:55:07.924+0000] {processor.py:925} INFO - DAG(s) 'train_power_pred' retrieved from /opt/airflow/dags/train_power_pred.py
[2025-07-22T09:55:07.944+0000] {logging_mixin.py:190} INFO - [2025-07-22T09:55:07.943+0000] {dag.py:3239} INFO - Sync 1 DAGs
[2025-07-22T09:55:07.960+0000] {logging_mixin.py:190} INFO - [2025-07-22T09:55:07.960+0000] {dag.py:4180} INFO - Setting next_dagrun for train_power_pred to 2025-07-22 00:00:00+00:00, run_after=2025-07-23 00:00:00+00:00
[2025-07-22T09:55:07.975+0000] {processor.py:208} INFO - Processing /opt/airflow/dags/train_power_pred.py took 3.257 seconds
[2025-07-22T09:55:39.813+0000] {processor.py:186} INFO - Started process (PID=43055) to work on /opt/airflow/dags/train_power_pred.py
[2025-07-22T09:55:39.815+0000] {processor.py:914} INFO - Processing file /opt/airflow/dags/train_power_pred.py for tasks to queue
[2025-07-22T09:55:39.817+0000] {logging_mixin.py:190} INFO - [2025-07-22T09:55:39.817+0000] {dagbag.py:588} INFO - Filling up the DagBag from /opt/airflow/dags/train_power_pred.py
[2025-07-22T09:55:43.214+0000] {processor.py:925} INFO - DAG(s) 'train_power_pred' retrieved from /opt/airflow/dags/train_power_pred.py
[2025-07-22T09:55:43.233+0000] {logging_mixin.py:190} INFO - [2025-07-22T09:55:43.233+0000] {dag.py:3239} INFO - Sync 1 DAGs
[2025-07-22T09:55:43.249+0000] {logging_mixin.py:190} INFO - [2025-07-22T09:55:43.248+0000] {dag.py:4180} INFO - Setting next_dagrun for train_power_pred to 2025-07-22 00:00:00+00:00, run_after=2025-07-23 00:00:00+00:00
[2025-07-22T09:55:43.262+0000] {processor.py:208} INFO - Processing /opt/airflow/dags/train_power_pred.py took 3.454 seconds
[2025-07-22T09:56:14.789+0000] {processor.py:186} INFO - Started process (PID=43156) to work on /opt/airflow/dags/train_power_pred.py
[2025-07-22T09:56:14.790+0000] {processor.py:914} INFO - Processing file /opt/airflow/dags/train_power_pred.py for tasks to queue
[2025-07-22T09:56:14.793+0000] {logging_mixin.py:190} INFO - [2025-07-22T09:56:14.793+0000] {dagbag.py:588} INFO - Filling up the DagBag from /opt/airflow/dags/train_power_pred.py
[2025-07-22T09:56:17.950+0000] {processor.py:925} INFO - DAG(s) 'train_power_pred' retrieved from /opt/airflow/dags/train_power_pred.py
[2025-07-22T09:56:17.971+0000] {logging_mixin.py:190} INFO - [2025-07-22T09:56:17.971+0000] {dag.py:3239} INFO - Sync 1 DAGs
[2025-07-22T09:56:17.990+0000] {logging_mixin.py:190} INFO - [2025-07-22T09:56:17.990+0000] {dag.py:4180} INFO - Setting next_dagrun for train_power_pred to 2025-07-22 00:00:00+00:00, run_after=2025-07-23 00:00:00+00:00
[2025-07-22T09:56:18.005+0000] {processor.py:208} INFO - Processing /opt/airflow/dags/train_power_pred.py took 3.222 seconds
[2025-07-22T09:56:49.265+0000] {processor.py:186} INFO - Started process (PID=43254) to work on /opt/airflow/dags/train_power_pred.py
[2025-07-22T09:56:49.266+0000] {processor.py:914} INFO - Processing file /opt/airflow/dags/train_power_pred.py for tasks to queue
[2025-07-22T09:56:49.269+0000] {logging_mixin.py:190} INFO - [2025-07-22T09:56:49.268+0000] {dagbag.py:588} INFO - Filling up the DagBag from /opt/airflow/dags/train_power_pred.py
[2025-07-22T09:56:52.800+0000] {processor.py:925} INFO - DAG(s) 'train_power_pred' retrieved from /opt/airflow/dags/train_power_pred.py
[2025-07-22T09:56:52.826+0000] {logging_mixin.py:190} INFO - [2025-07-22T09:56:52.825+0000] {dag.py:3239} INFO - Sync 1 DAGs
[2025-07-22T09:56:52.847+0000] {logging_mixin.py:190} INFO - [2025-07-22T09:56:52.847+0000] {dag.py:4180} INFO - Setting next_dagrun for train_power_pred to 2025-07-22 00:00:00+00:00, run_after=2025-07-23 00:00:00+00:00
[2025-07-22T09:56:52.864+0000] {processor.py:208} INFO - Processing /opt/airflow/dags/train_power_pred.py took 3.607 seconds
[2025-07-22T09:57:24.097+0000] {processor.py:186} INFO - Started process (PID=43352) to work on /opt/airflow/dags/train_power_pred.py
[2025-07-22T09:57:24.098+0000] {processor.py:914} INFO - Processing file /opt/airflow/dags/train_power_pred.py for tasks to queue
[2025-07-22T09:57:24.101+0000] {logging_mixin.py:190} INFO - [2025-07-22T09:57:24.100+0000] {dagbag.py:588} INFO - Filling up the DagBag from /opt/airflow/dags/train_power_pred.py
[2025-07-22T09:57:27.335+0000] {processor.py:925} INFO - DAG(s) 'train_power_pred' retrieved from /opt/airflow/dags/train_power_pred.py
[2025-07-22T09:57:27.357+0000] {logging_mixin.py:190} INFO - [2025-07-22T09:57:27.355+0000] {dag.py:3239} INFO - Sync 1 DAGs
[2025-07-22T09:57:27.375+0000] {logging_mixin.py:190} INFO - [2025-07-22T09:57:27.375+0000] {dag.py:4180} INFO - Setting next_dagrun for train_power_pred to 2025-07-22 00:00:00+00:00, run_after=2025-07-23 00:00:00+00:00
[2025-07-22T09:57:27.391+0000] {processor.py:208} INFO - Processing /opt/airflow/dags/train_power_pred.py took 3.300 seconds
[2025-07-22T09:57:59.649+0000] {processor.py:186} INFO - Started process (PID=43450) to work on /opt/airflow/dags/train_power_pred.py
[2025-07-22T09:57:59.651+0000] {processor.py:914} INFO - Processing file /opt/airflow/dags/train_power_pred.py for tasks to queue
[2025-07-22T09:57:59.654+0000] {logging_mixin.py:190} INFO - [2025-07-22T09:57:59.653+0000] {dagbag.py:588} INFO - Filling up the DagBag from /opt/airflow/dags/train_power_pred.py
[2025-07-22T09:58:03.201+0000] {processor.py:925} INFO - DAG(s) 'train_power_pred' retrieved from /opt/airflow/dags/train_power_pred.py
[2025-07-22T09:58:03.221+0000] {logging_mixin.py:190} INFO - [2025-07-22T09:58:03.221+0000] {dag.py:3239} INFO - Sync 1 DAGs
[2025-07-22T09:58:03.238+0000] {logging_mixin.py:190} INFO - [2025-07-22T09:58:03.238+0000] {dag.py:4180} INFO - Setting next_dagrun for train_power_pred to 2025-07-22 00:00:00+00:00, run_after=2025-07-23 00:00:00+00:00
[2025-07-22T09:58:03.254+0000] {processor.py:208} INFO - Processing /opt/airflow/dags/train_power_pred.py took 3.611 seconds
[2025-07-22T09:58:34.834+0000] {processor.py:186} INFO - Started process (PID=43548) to work on /opt/airflow/dags/train_power_pred.py
[2025-07-22T09:58:34.835+0000] {processor.py:914} INFO - Processing file /opt/airflow/dags/train_power_pred.py for tasks to queue
[2025-07-22T09:58:34.838+0000] {logging_mixin.py:190} INFO - [2025-07-22T09:58:34.837+0000] {dagbag.py:588} INFO - Filling up the DagBag from /opt/airflow/dags/train_power_pred.py
[2025-07-22T09:58:38.343+0000] {processor.py:925} INFO - DAG(s) 'train_power_pred' retrieved from /opt/airflow/dags/train_power_pred.py
[2025-07-22T09:58:38.365+0000] {logging_mixin.py:190} INFO - [2025-07-22T09:58:38.363+0000] {dag.py:3239} INFO - Sync 1 DAGs
[2025-07-22T09:58:38.383+0000] {logging_mixin.py:190} INFO - [2025-07-22T09:58:38.383+0000] {dag.py:4180} INFO - Setting next_dagrun for train_power_pred to 2025-07-22 00:00:00+00:00, run_after=2025-07-23 00:00:00+00:00
[2025-07-22T09:58:38.399+0000] {processor.py:208} INFO - Processing /opt/airflow/dags/train_power_pred.py took 3.571 seconds
[2025-07-22T09:59:09.733+0000] {processor.py:186} INFO - Started process (PID=43646) to work on /opt/airflow/dags/train_power_pred.py
[2025-07-22T09:59:09.735+0000] {processor.py:914} INFO - Processing file /opt/airflow/dags/train_power_pred.py for tasks to queue
[2025-07-22T09:59:09.738+0000] {logging_mixin.py:190} INFO - [2025-07-22T09:59:09.738+0000] {dagbag.py:588} INFO - Filling up the DagBag from /opt/airflow/dags/train_power_pred.py
[2025-07-22T09:59:13.168+0000] {processor.py:925} INFO - DAG(s) 'train_power_pred' retrieved from /opt/airflow/dags/train_power_pred.py
[2025-07-22T09:59:13.187+0000] {logging_mixin.py:190} INFO - [2025-07-22T09:59:13.187+0000] {dag.py:3239} INFO - Sync 1 DAGs
[2025-07-22T09:59:13.203+0000] {logging_mixin.py:190} INFO - [2025-07-22T09:59:13.203+0000] {dag.py:4180} INFO - Setting next_dagrun for train_power_pred to 2025-07-22 00:00:00+00:00, run_after=2025-07-23 00:00:00+00:00
[2025-07-22T09:59:13.217+0000] {processor.py:208} INFO - Processing /opt/airflow/dags/train_power_pred.py took 3.491 seconds
[2025-07-22T09:59:44.439+0000] {processor.py:186} INFO - Started process (PID=43744) to work on /opt/airflow/dags/train_power_pred.py
[2025-07-22T09:59:44.440+0000] {processor.py:914} INFO - Processing file /opt/airflow/dags/train_power_pred.py for tasks to queue
[2025-07-22T09:59:44.443+0000] {logging_mixin.py:190} INFO - [2025-07-22T09:59:44.442+0000] {dagbag.py:588} INFO - Filling up the DagBag from /opt/airflow/dags/train_power_pred.py
[2025-07-22T09:59:47.797+0000] {processor.py:925} INFO - DAG(s) 'train_power_pred' retrieved from /opt/airflow/dags/train_power_pred.py
[2025-07-22T09:59:47.823+0000] {logging_mixin.py:190} INFO - [2025-07-22T09:59:47.821+0000] {dag.py:3239} INFO - Sync 1 DAGs
[2025-07-22T09:59:47.846+0000] {logging_mixin.py:190} INFO - [2025-07-22T09:59:47.846+0000] {dag.py:4180} INFO - Setting next_dagrun for train_power_pred to 2025-07-22 00:00:00+00:00, run_after=2025-07-23 00:00:00+00:00
[2025-07-22T09:59:47.862+0000] {processor.py:208} INFO - Processing /opt/airflow/dags/train_power_pred.py took 3.430 seconds
[2025-07-22T10:00:19.695+0000] {processor.py:186} INFO - Started process (PID=43848) to work on /opt/airflow/dags/train_power_pred.py
[2025-07-22T10:00:19.696+0000] {processor.py:914} INFO - Processing file /opt/airflow/dags/train_power_pred.py for tasks to queue
[2025-07-22T10:00:19.699+0000] {logging_mixin.py:190} INFO - [2025-07-22T10:00:19.698+0000] {dagbag.py:588} INFO - Filling up the DagBag from /opt/airflow/dags/train_power_pred.py
[2025-07-22T10:00:22.986+0000] {processor.py:925} INFO - DAG(s) 'train_power_pred' retrieved from /opt/airflow/dags/train_power_pred.py
[2025-07-22T10:00:23.007+0000] {logging_mixin.py:190} INFO - [2025-07-22T10:00:23.006+0000] {dag.py:3239} INFO - Sync 1 DAGs
[2025-07-22T10:00:23.023+0000] {logging_mixin.py:190} INFO - [2025-07-22T10:00:23.022+0000] {dag.py:4180} INFO - Setting next_dagrun for train_power_pred to 2025-07-22 00:00:00+00:00, run_after=2025-07-23 00:00:00+00:00
[2025-07-22T10:00:23.037+0000] {processor.py:208} INFO - Processing /opt/airflow/dags/train_power_pred.py took 3.350 seconds
[2025-07-22T10:00:54.325+0000] {processor.py:186} INFO - Started process (PID=43946) to work on /opt/airflow/dags/train_power_pred.py
[2025-07-22T10:00:54.326+0000] {processor.py:914} INFO - Processing file /opt/airflow/dags/train_power_pred.py for tasks to queue
[2025-07-22T10:00:54.328+0000] {logging_mixin.py:190} INFO - [2025-07-22T10:00:54.328+0000] {dagbag.py:588} INFO - Filling up the DagBag from /opt/airflow/dags/train_power_pred.py
[2025-07-22T10:00:57.445+0000] {processor.py:925} INFO - DAG(s) 'train_power_pred' retrieved from /opt/airflow/dags/train_power_pred.py
[2025-07-22T10:00:57.466+0000] {logging_mixin.py:190} INFO - [2025-07-22T10:00:57.465+0000] {dag.py:3239} INFO - Sync 1 DAGs
[2025-07-22T10:00:57.481+0000] {logging_mixin.py:190} INFO - [2025-07-22T10:00:57.481+0000] {dag.py:4180} INFO - Setting next_dagrun for train_power_pred to 2025-07-22 00:00:00+00:00, run_after=2025-07-23 00:00:00+00:00
[2025-07-22T10:00:57.495+0000] {processor.py:208} INFO - Processing /opt/airflow/dags/train_power_pred.py took 3.177 seconds
[2025-07-22T10:01:29.626+0000] {processor.py:186} INFO - Started process (PID=44044) to work on /opt/airflow/dags/train_power_pred.py
[2025-07-22T10:01:29.628+0000] {processor.py:914} INFO - Processing file /opt/airflow/dags/train_power_pred.py for tasks to queue
[2025-07-22T10:01:29.630+0000] {logging_mixin.py:190} INFO - [2025-07-22T10:01:29.630+0000] {dagbag.py:588} INFO - Filling up the DagBag from /opt/airflow/dags/train_power_pred.py
[2025-07-22T10:01:32.884+0000] {processor.py:925} INFO - DAG(s) 'train_power_pred' retrieved from /opt/airflow/dags/train_power_pred.py
[2025-07-22T10:01:32.903+0000] {logging_mixin.py:190} INFO - [2025-07-22T10:01:32.903+0000] {dag.py:3239} INFO - Sync 1 DAGs
[2025-07-22T10:01:32.919+0000] {logging_mixin.py:190} INFO - [2025-07-22T10:01:32.918+0000] {dag.py:4180} INFO - Setting next_dagrun for train_power_pred to 2025-07-22 00:00:00+00:00, run_after=2025-07-23 00:00:00+00:00
[2025-07-22T10:01:32.934+0000] {processor.py:208} INFO - Processing /opt/airflow/dags/train_power_pred.py took 3.314 seconds
[2025-07-22T10:02:04.922+0000] {processor.py:186} INFO - Started process (PID=44142) to work on /opt/airflow/dags/train_power_pred.py
[2025-07-22T10:02:04.923+0000] {processor.py:914} INFO - Processing file /opt/airflow/dags/train_power_pred.py for tasks to queue
[2025-07-22T10:02:04.925+0000] {logging_mixin.py:190} INFO - [2025-07-22T10:02:04.925+0000] {dagbag.py:588} INFO - Filling up the DagBag from /opt/airflow/dags/train_power_pred.py
[2025-07-22T10:02:08.094+0000] {processor.py:925} INFO - DAG(s) 'train_power_pred' retrieved from /opt/airflow/dags/train_power_pred.py
[2025-07-22T10:02:08.115+0000] {logging_mixin.py:190} INFO - [2025-07-22T10:02:08.115+0000] {dag.py:3239} INFO - Sync 1 DAGs
[2025-07-22T10:02:08.133+0000] {logging_mixin.py:190} INFO - [2025-07-22T10:02:08.133+0000] {dag.py:4180} INFO - Setting next_dagrun for train_power_pred to 2025-07-22 00:00:00+00:00, run_after=2025-07-23 00:00:00+00:00
[2025-07-22T10:02:08.149+0000] {processor.py:208} INFO - Processing /opt/airflow/dags/train_power_pred.py took 3.233 seconds
[2025-07-22T10:02:40.260+0000] {processor.py:186} INFO - Started process (PID=44240) to work on /opt/airflow/dags/train_power_pred.py
[2025-07-22T10:02:40.262+0000] {processor.py:914} INFO - Processing file /opt/airflow/dags/train_power_pred.py for tasks to queue
[2025-07-22T10:02:40.264+0000] {logging_mixin.py:190} INFO - [2025-07-22T10:02:40.264+0000] {dagbag.py:588} INFO - Filling up the DagBag from /opt/airflow/dags/train_power_pred.py
[2025-07-22T10:02:43.592+0000] {processor.py:925} INFO - DAG(s) 'train_power_pred' retrieved from /opt/airflow/dags/train_power_pred.py
[2025-07-22T10:02:43.612+0000] {logging_mixin.py:190} INFO - [2025-07-22T10:02:43.611+0000] {dag.py:3239} INFO - Sync 1 DAGs
[2025-07-22T10:02:43.631+0000] {logging_mixin.py:190} INFO - [2025-07-22T10:02:43.631+0000] {dag.py:4180} INFO - Setting next_dagrun for train_power_pred to 2025-07-22 00:00:00+00:00, run_after=2025-07-23 00:00:00+00:00
[2025-07-22T10:02:43.651+0000] {processor.py:208} INFO - Processing /opt/airflow/dags/train_power_pred.py took 3.396 seconds
[2025-07-22T10:03:14.986+0000] {processor.py:186} INFO - Started process (PID=44338) to work on /opt/airflow/dags/train_power_pred.py
[2025-07-22T10:03:14.987+0000] {processor.py:914} INFO - Processing file /opt/airflow/dags/train_power_pred.py for tasks to queue
[2025-07-22T10:03:14.989+0000] {logging_mixin.py:190} INFO - [2025-07-22T10:03:14.989+0000] {dagbag.py:588} INFO - Filling up the DagBag from /opt/airflow/dags/train_power_pred.py
[2025-07-22T10:03:18.240+0000] {processor.py:925} INFO - DAG(s) 'train_power_pred' retrieved from /opt/airflow/dags/train_power_pred.py
[2025-07-22T10:03:18.261+0000] {logging_mixin.py:190} INFO - [2025-07-22T10:03:18.261+0000] {dag.py:3239} INFO - Sync 1 DAGs
[2025-07-22T10:03:18.278+0000] {logging_mixin.py:190} INFO - [2025-07-22T10:03:18.278+0000] {dag.py:4180} INFO - Setting next_dagrun for train_power_pred to 2025-07-22 00:00:00+00:00, run_after=2025-07-23 00:00:00+00:00
[2025-07-22T10:03:18.304+0000] {processor.py:208} INFO - Processing /opt/airflow/dags/train_power_pred.py took 3.325 seconds
[2025-07-22T10:03:49.645+0000] {processor.py:186} INFO - Started process (PID=44441) to work on /opt/airflow/dags/train_power_pred.py
[2025-07-22T10:03:49.646+0000] {processor.py:914} INFO - Processing file /opt/airflow/dags/train_power_pred.py for tasks to queue
[2025-07-22T10:03:49.648+0000] {logging_mixin.py:190} INFO - [2025-07-22T10:03:49.648+0000] {dagbag.py:588} INFO - Filling up the DagBag from /opt/airflow/dags/train_power_pred.py
[2025-07-22T10:03:52.970+0000] {processor.py:925} INFO - DAG(s) 'train_power_pred' retrieved from /opt/airflow/dags/train_power_pred.py
[2025-07-22T10:03:52.988+0000] {logging_mixin.py:190} INFO - [2025-07-22T10:03:52.987+0000] {dag.py:3239} INFO - Sync 1 DAGs
[2025-07-22T10:03:53.005+0000] {logging_mixin.py:190} INFO - [2025-07-22T10:03:53.005+0000] {dag.py:4180} INFO - Setting next_dagrun for train_power_pred to 2025-07-22 00:00:00+00:00, run_after=2025-07-23 00:00:00+00:00
[2025-07-22T10:03:53.019+0000] {processor.py:208} INFO - Processing /opt/airflow/dags/train_power_pred.py took 3.381 seconds
[2025-07-22T10:04:24.404+0000] {processor.py:186} INFO - Started process (PID=44539) to work on /opt/airflow/dags/train_power_pred.py
[2025-07-22T10:04:24.405+0000] {processor.py:914} INFO - Processing file /opt/airflow/dags/train_power_pred.py for tasks to queue
[2025-07-22T10:04:24.407+0000] {logging_mixin.py:190} INFO - [2025-07-22T10:04:24.406+0000] {dagbag.py:588} INFO - Filling up the DagBag from /opt/airflow/dags/train_power_pred.py
[2025-07-22T10:04:27.703+0000] {processor.py:925} INFO - DAG(s) 'train_power_pred' retrieved from /opt/airflow/dags/train_power_pred.py
[2025-07-22T10:04:27.722+0000] {logging_mixin.py:190} INFO - [2025-07-22T10:04:27.722+0000] {dag.py:3239} INFO - Sync 1 DAGs
[2025-07-22T10:04:27.737+0000] {logging_mixin.py:190} INFO - [2025-07-22T10:04:27.737+0000] {dag.py:4180} INFO - Setting next_dagrun for train_power_pred to 2025-07-22 00:00:00+00:00, run_after=2025-07-23 00:00:00+00:00
[2025-07-22T10:04:27.752+0000] {processor.py:208} INFO - Processing /opt/airflow/dags/train_power_pred.py took 3.355 seconds
[2025-07-22T10:04:59.467+0000] {processor.py:186} INFO - Started process (PID=44637) to work on /opt/airflow/dags/train_power_pred.py
[2025-07-22T10:04:59.469+0000] {processor.py:914} INFO - Processing file /opt/airflow/dags/train_power_pred.py for tasks to queue
[2025-07-22T10:04:59.471+0000] {logging_mixin.py:190} INFO - [2025-07-22T10:04:59.470+0000] {dagbag.py:588} INFO - Filling up the DagBag from /opt/airflow/dags/train_power_pred.py
[2025-07-22T10:05:02.663+0000] {processor.py:925} INFO - DAG(s) 'train_power_pred' retrieved from /opt/airflow/dags/train_power_pred.py
[2025-07-22T10:05:02.682+0000] {logging_mixin.py:190} INFO - [2025-07-22T10:05:02.682+0000] {dag.py:3239} INFO - Sync 1 DAGs
[2025-07-22T10:05:02.699+0000] {logging_mixin.py:190} INFO - [2025-07-22T10:05:02.699+0000] {dag.py:4180} INFO - Setting next_dagrun for train_power_pred to 2025-07-22 00:00:00+00:00, run_after=2025-07-23 00:00:00+00:00
[2025-07-22T10:05:02.712+0000] {processor.py:208} INFO - Processing /opt/airflow/dags/train_power_pred.py took 3.251 seconds
[2025-07-22T10:05:33.955+0000] {processor.py:186} INFO - Started process (PID=44735) to work on /opt/airflow/dags/train_power_pred.py
[2025-07-22T10:05:33.956+0000] {processor.py:914} INFO - Processing file /opt/airflow/dags/train_power_pred.py for tasks to queue
[2025-07-22T10:05:33.958+0000] {logging_mixin.py:190} INFO - [2025-07-22T10:05:33.958+0000] {dagbag.py:588} INFO - Filling up the DagBag from /opt/airflow/dags/train_power_pred.py
[2025-07-22T10:05:37.189+0000] {processor.py:925} INFO - DAG(s) 'train_power_pred' retrieved from /opt/airflow/dags/train_power_pred.py
[2025-07-22T10:05:37.209+0000] {logging_mixin.py:190} INFO - [2025-07-22T10:05:37.209+0000] {dag.py:3239} INFO - Sync 1 DAGs
[2025-07-22T10:05:37.225+0000] {logging_mixin.py:190} INFO - [2025-07-22T10:05:37.225+0000] {dag.py:4180} INFO - Setting next_dagrun for train_power_pred to 2025-07-22 00:00:00+00:00, run_after=2025-07-23 00:00:00+00:00
[2025-07-22T10:05:37.242+0000] {processor.py:208} INFO - Processing /opt/airflow/dags/train_power_pred.py took 3.294 seconds
[2025-07-22T10:06:09.321+0000] {processor.py:186} INFO - Started process (PID=44833) to work on /opt/airflow/dags/train_power_pred.py
[2025-07-22T10:06:09.322+0000] {processor.py:914} INFO - Processing file /opt/airflow/dags/train_power_pred.py for tasks to queue
[2025-07-22T10:06:09.325+0000] {logging_mixin.py:190} INFO - [2025-07-22T10:06:09.325+0000] {dagbag.py:588} INFO - Filling up the DagBag from /opt/airflow/dags/train_power_pred.py
[2025-07-22T10:06:12.602+0000] {processor.py:925} INFO - DAG(s) 'train_power_pred' retrieved from /opt/airflow/dags/train_power_pred.py
[2025-07-22T10:06:12.620+0000] {logging_mixin.py:190} INFO - [2025-07-22T10:06:12.619+0000] {dag.py:3239} INFO - Sync 1 DAGs
[2025-07-22T10:06:12.636+0000] {logging_mixin.py:190} INFO - [2025-07-22T10:06:12.636+0000] {dag.py:4180} INFO - Setting next_dagrun for train_power_pred to 2025-07-22 00:00:00+00:00, run_after=2025-07-23 00:00:00+00:00
[2025-07-22T10:06:12.650+0000] {processor.py:208} INFO - Processing /opt/airflow/dags/train_power_pred.py took 3.336 seconds
[2025-07-22T10:06:44.851+0000] {processor.py:186} INFO - Started process (PID=44931) to work on /opt/airflow/dags/train_power_pred.py
[2025-07-22T10:06:44.852+0000] {processor.py:914} INFO - Processing file /opt/airflow/dags/train_power_pred.py for tasks to queue
[2025-07-22T10:06:44.854+0000] {logging_mixin.py:190} INFO - [2025-07-22T10:06:44.854+0000] {dagbag.py:588} INFO - Filling up the DagBag from /opt/airflow/dags/train_power_pred.py
[2025-07-22T10:06:48.056+0000] {processor.py:925} INFO - DAG(s) 'train_power_pred' retrieved from /opt/airflow/dags/train_power_pred.py
[2025-07-22T10:06:48.075+0000] {logging_mixin.py:190} INFO - [2025-07-22T10:06:48.074+0000] {dag.py:3239} INFO - Sync 1 DAGs
[2025-07-22T10:06:48.090+0000] {logging_mixin.py:190} INFO - [2025-07-22T10:06:48.090+0000] {dag.py:4180} INFO - Setting next_dagrun for train_power_pred to 2025-07-22 00:00:00+00:00, run_after=2025-07-23 00:00:00+00:00
[2025-07-22T10:06:48.104+0000] {processor.py:208} INFO - Processing /opt/airflow/dags/train_power_pred.py took 3.260 seconds
[2025-07-22T10:07:19.678+0000] {processor.py:186} INFO - Started process (PID=45035) to work on /opt/airflow/dags/train_power_pred.py
[2025-07-22T10:07:19.679+0000] {processor.py:914} INFO - Processing file /opt/airflow/dags/train_power_pred.py for tasks to queue
[2025-07-22T10:07:19.682+0000] {logging_mixin.py:190} INFO - [2025-07-22T10:07:19.682+0000] {dagbag.py:588} INFO - Filling up the DagBag from /opt/airflow/dags/train_power_pred.py
[2025-07-22T10:07:23.286+0000] {processor.py:925} INFO - DAG(s) 'train_power_pred' retrieved from /opt/airflow/dags/train_power_pred.py
[2025-07-22T10:07:23.307+0000] {logging_mixin.py:190} INFO - [2025-07-22T10:07:23.306+0000] {dag.py:3239} INFO - Sync 1 DAGs
[2025-07-22T10:07:23.325+0000] {logging_mixin.py:190} INFO - [2025-07-22T10:07:23.325+0000] {dag.py:4180} INFO - Setting next_dagrun for train_power_pred to 2025-07-22 00:00:00+00:00, run_after=2025-07-23 00:00:00+00:00
[2025-07-22T10:07:23.339+0000] {processor.py:208} INFO - Processing /opt/airflow/dags/train_power_pred.py took 3.669 seconds
[2025-07-22T10:07:55.319+0000] {processor.py:186} INFO - Started process (PID=45133) to work on /opt/airflow/dags/train_power_pred.py
[2025-07-22T10:07:55.321+0000] {processor.py:914} INFO - Processing file /opt/airflow/dags/train_power_pred.py for tasks to queue
[2025-07-22T10:07:55.323+0000] {logging_mixin.py:190} INFO - [2025-07-22T10:07:55.323+0000] {dagbag.py:588} INFO - Filling up the DagBag from /opt/airflow/dags/train_power_pred.py
[2025-07-22T10:07:58.465+0000] {processor.py:925} INFO - DAG(s) 'train_power_pred' retrieved from /opt/airflow/dags/train_power_pred.py
[2025-07-22T10:07:58.486+0000] {logging_mixin.py:190} INFO - [2025-07-22T10:07:58.485+0000] {dag.py:3239} INFO - Sync 1 DAGs
[2025-07-22T10:07:58.503+0000] {logging_mixin.py:190} INFO - [2025-07-22T10:07:58.502+0000] {dag.py:4180} INFO - Setting next_dagrun for train_power_pred to 2025-07-22 00:00:00+00:00, run_after=2025-07-23 00:00:00+00:00
[2025-07-22T10:07:58.517+0000] {processor.py:208} INFO - Processing /opt/airflow/dags/train_power_pred.py took 3.205 seconds
[2025-07-22T10:08:30.696+0000] {processor.py:186} INFO - Started process (PID=45232) to work on /opt/airflow/dags/train_power_pred.py
[2025-07-22T10:08:30.697+0000] {processor.py:914} INFO - Processing file /opt/airflow/dags/train_power_pred.py for tasks to queue
[2025-07-22T10:08:30.699+0000] {logging_mixin.py:190} INFO - [2025-07-22T10:08:30.699+0000] {dagbag.py:588} INFO - Filling up the DagBag from /opt/airflow/dags/train_power_pred.py
[2025-07-22T10:08:33.864+0000] {processor.py:925} INFO - DAG(s) 'train_power_pred' retrieved from /opt/airflow/dags/train_power_pred.py
[2025-07-22T10:08:33.894+0000] {logging_mixin.py:190} INFO - [2025-07-22T10:08:33.893+0000] {dag.py:3239} INFO - Sync 1 DAGs
[2025-07-22T10:08:33.918+0000] {logging_mixin.py:190} INFO - [2025-07-22T10:08:33.918+0000] {dag.py:4180} INFO - Setting next_dagrun for train_power_pred to 2025-07-22 00:00:00+00:00, run_after=2025-07-23 00:00:00+00:00
[2025-07-22T10:08:33.938+0000] {processor.py:208} INFO - Processing /opt/airflow/dags/train_power_pred.py took 3.248 seconds
[2025-07-22T10:09:05.958+0000] {processor.py:186} INFO - Started process (PID=45330) to work on /opt/airflow/dags/train_power_pred.py
[2025-07-22T10:09:05.959+0000] {processor.py:914} INFO - Processing file /opt/airflow/dags/train_power_pred.py for tasks to queue
[2025-07-22T10:09:05.961+0000] {logging_mixin.py:190} INFO - [2025-07-22T10:09:05.961+0000] {dagbag.py:588} INFO - Filling up the DagBag from /opt/airflow/dags/train_power_pred.py
[2025-07-22T10:09:08.996+0000] {processor.py:925} INFO - DAG(s) 'train_power_pred' retrieved from /opt/airflow/dags/train_power_pred.py
[2025-07-22T10:09:09.014+0000] {logging_mixin.py:190} INFO - [2025-07-22T10:09:09.014+0000] {dag.py:3239} INFO - Sync 1 DAGs
[2025-07-22T10:09:09.033+0000] {logging_mixin.py:190} INFO - [2025-07-22T10:09:09.033+0000] {dag.py:4180} INFO - Setting next_dagrun for train_power_pred to 2025-07-22 00:00:00+00:00, run_after=2025-07-23 00:00:00+00:00
[2025-07-22T10:09:09.047+0000] {processor.py:208} INFO - Processing /opt/airflow/dags/train_power_pred.py took 3.095 seconds
[2025-07-22T10:09:41.166+0000] {processor.py:186} INFO - Started process (PID=45431) to work on /opt/airflow/dags/train_power_pred.py
[2025-07-22T10:09:41.167+0000] {processor.py:914} INFO - Processing file /opt/airflow/dags/train_power_pred.py for tasks to queue
[2025-07-22T10:09:41.169+0000] {logging_mixin.py:190} INFO - [2025-07-22T10:09:41.169+0000] {dagbag.py:588} INFO - Filling up the DagBag from /opt/airflow/dags/train_power_pred.py
[2025-07-22T10:09:44.282+0000] {processor.py:925} INFO - DAG(s) 'train_power_pred' retrieved from /opt/airflow/dags/train_power_pred.py
[2025-07-22T10:09:44.305+0000] {logging_mixin.py:190} INFO - [2025-07-22T10:09:44.305+0000] {dag.py:3239} INFO - Sync 1 DAGs
[2025-07-22T10:09:44.323+0000] {logging_mixin.py:190} INFO - [2025-07-22T10:09:44.322+0000] {dag.py:4180} INFO - Setting next_dagrun for train_power_pred to 2025-07-22 00:00:00+00:00, run_after=2025-07-23 00:00:00+00:00
[2025-07-22T10:09:44.337+0000] {processor.py:208} INFO - Processing /opt/airflow/dags/train_power_pred.py took 3.178 seconds
[2025-07-22T10:10:16.301+0000] {processor.py:186} INFO - Started process (PID=45529) to work on /opt/airflow/dags/train_power_pred.py
[2025-07-22T10:10:16.302+0000] {processor.py:914} INFO - Processing file /opt/airflow/dags/train_power_pred.py for tasks to queue
[2025-07-22T10:10:16.304+0000] {logging_mixin.py:190} INFO - [2025-07-22T10:10:16.304+0000] {dagbag.py:588} INFO - Filling up the DagBag from /opt/airflow/dags/train_power_pred.py
[2025-07-22T10:10:19.552+0000] {processor.py:925} INFO - DAG(s) 'train_power_pred' retrieved from /opt/airflow/dags/train_power_pred.py
[2025-07-22T10:10:19.576+0000] {logging_mixin.py:190} INFO - [2025-07-22T10:10:19.575+0000] {dag.py:3239} INFO - Sync 1 DAGs
[2025-07-22T10:10:19.595+0000] {logging_mixin.py:190} INFO - [2025-07-22T10:10:19.595+0000] {dag.py:4180} INFO - Setting next_dagrun for train_power_pred to 2025-07-22 00:00:00+00:00, run_after=2025-07-23 00:00:00+00:00
[2025-07-22T10:10:19.612+0000] {processor.py:208} INFO - Processing /opt/airflow/dags/train_power_pred.py took 3.317 seconds
[2025-07-22T10:10:51.651+0000] {processor.py:186} INFO - Started process (PID=45633) to work on /opt/airflow/dags/train_power_pred.py
[2025-07-22T10:10:51.652+0000] {processor.py:914} INFO - Processing file /opt/airflow/dags/train_power_pred.py for tasks to queue
[2025-07-22T10:10:51.654+0000] {logging_mixin.py:190} INFO - [2025-07-22T10:10:51.654+0000] {dagbag.py:588} INFO - Filling up the DagBag from /opt/airflow/dags/train_power_pred.py
[2025-07-22T10:10:54.783+0000] {processor.py:925} INFO - DAG(s) 'train_power_pred' retrieved from /opt/airflow/dags/train_power_pred.py
[2025-07-22T10:10:54.802+0000] {logging_mixin.py:190} INFO - [2025-07-22T10:10:54.801+0000] {dag.py:3239} INFO - Sync 1 DAGs
[2025-07-22T10:10:54.818+0000] {logging_mixin.py:190} INFO - [2025-07-22T10:10:54.818+0000] {dag.py:4180} INFO - Setting next_dagrun for train_power_pred to 2025-07-22 00:00:00+00:00, run_after=2025-07-23 00:00:00+00:00
[2025-07-22T10:10:54.831+0000] {processor.py:208} INFO - Processing /opt/airflow/dags/train_power_pred.py took 3.186 seconds
[2025-07-22T10:11:27.061+0000] {processor.py:186} INFO - Started process (PID=45731) to work on /opt/airflow/dags/train_power_pred.py
[2025-07-22T10:11:27.062+0000] {processor.py:914} INFO - Processing file /opt/airflow/dags/train_power_pred.py for tasks to queue
[2025-07-22T10:11:27.064+0000] {logging_mixin.py:190} INFO - [2025-07-22T10:11:27.064+0000] {dagbag.py:588} INFO - Filling up the DagBag from /opt/airflow/dags/train_power_pred.py
[2025-07-22T10:11:30.469+0000] {processor.py:925} INFO - DAG(s) 'train_power_pred' retrieved from /opt/airflow/dags/train_power_pred.py
[2025-07-22T10:11:30.491+0000] {logging_mixin.py:190} INFO - [2025-07-22T10:11:30.491+0000] {dag.py:3239} INFO - Sync 1 DAGs
[2025-07-22T10:11:30.510+0000] {logging_mixin.py:190} INFO - [2025-07-22T10:11:30.510+0000] {dag.py:4180} INFO - Setting next_dagrun for train_power_pred to 2025-07-22 00:00:00+00:00, run_after=2025-07-23 00:00:00+00:00
[2025-07-22T10:11:30.525+0000] {processor.py:208} INFO - Processing /opt/airflow/dags/train_power_pred.py took 3.470 seconds
[2025-07-22T10:12:01.591+0000] {processor.py:186} INFO - Started process (PID=45829) to work on /opt/airflow/dags/train_power_pred.py
[2025-07-22T10:12:01.592+0000] {processor.py:914} INFO - Processing file /opt/airflow/dags/train_power_pred.py for tasks to queue
[2025-07-22T10:12:01.594+0000] {logging_mixin.py:190} INFO - [2025-07-22T10:12:01.594+0000] {dagbag.py:588} INFO - Filling up the DagBag from /opt/airflow/dags/train_power_pred.py
[2025-07-22T10:12:04.746+0000] {processor.py:925} INFO - DAG(s) 'train_power_pred' retrieved from /opt/airflow/dags/train_power_pred.py
[2025-07-22T10:12:04.765+0000] {logging_mixin.py:190} INFO - [2025-07-22T10:12:04.765+0000] {dag.py:3239} INFO - Sync 1 DAGs
[2025-07-22T10:12:04.781+0000] {logging_mixin.py:190} INFO - [2025-07-22T10:12:04.781+0000] {dag.py:4180} INFO - Setting next_dagrun for train_power_pred to 2025-07-22 00:00:00+00:00, run_after=2025-07-23 00:00:00+00:00
[2025-07-22T10:12:04.795+0000] {processor.py:208} INFO - Processing /opt/airflow/dags/train_power_pred.py took 3.210 seconds
[2025-07-22T10:12:37.062+0000] {processor.py:186} INFO - Started process (PID=45927) to work on /opt/airflow/dags/train_power_pred.py
[2025-07-22T10:12:37.063+0000] {processor.py:914} INFO - Processing file /opt/airflow/dags/train_power_pred.py for tasks to queue
[2025-07-22T10:12:37.065+0000] {logging_mixin.py:190} INFO - [2025-07-22T10:12:37.065+0000] {dagbag.py:588} INFO - Filling up the DagBag from /opt/airflow/dags/train_power_pred.py
[2025-07-22T10:12:40.178+0000] {processor.py:925} INFO - DAG(s) 'train_power_pred' retrieved from /opt/airflow/dags/train_power_pred.py
[2025-07-22T10:12:40.198+0000] {logging_mixin.py:190} INFO - [2025-07-22T10:12:40.198+0000] {dag.py:3239} INFO - Sync 1 DAGs
[2025-07-22T10:12:40.217+0000] {logging_mixin.py:190} INFO - [2025-07-22T10:12:40.217+0000] {dag.py:4180} INFO - Setting next_dagrun for train_power_pred to 2025-07-22 00:00:00+00:00, run_after=2025-07-23 00:00:00+00:00
[2025-07-22T10:12:40.232+0000] {processor.py:208} INFO - Processing /opt/airflow/dags/train_power_pred.py took 3.176 seconds
[2025-07-22T10:13:12.363+0000] {processor.py:186} INFO - Started process (PID=46025) to work on /opt/airflow/dags/train_power_pred.py
[2025-07-22T10:13:12.364+0000] {processor.py:914} INFO - Processing file /opt/airflow/dags/train_power_pred.py for tasks to queue
[2025-07-22T10:13:12.366+0000] {logging_mixin.py:190} INFO - [2025-07-22T10:13:12.366+0000] {dagbag.py:588} INFO - Filling up the DagBag from /opt/airflow/dags/train_power_pred.py
[2025-07-22T10:13:15.617+0000] {processor.py:925} INFO - DAG(s) 'train_power_pred' retrieved from /opt/airflow/dags/train_power_pred.py
[2025-07-22T10:13:15.636+0000] {logging_mixin.py:190} INFO - [2025-07-22T10:13:15.636+0000] {dag.py:3239} INFO - Sync 1 DAGs
[2025-07-22T10:13:15.652+0000] {logging_mixin.py:190} INFO - [2025-07-22T10:13:15.652+0000] {dag.py:4180} INFO - Setting next_dagrun for train_power_pred to 2025-07-22 00:00:00+00:00, run_after=2025-07-23 00:00:00+00:00
[2025-07-22T10:13:15.667+0000] {processor.py:208} INFO - Processing /opt/airflow/dags/train_power_pred.py took 3.310 seconds
[2025-07-22T10:13:47.748+0000] {processor.py:186} INFO - Started process (PID=46129) to work on /opt/airflow/dags/train_power_pred.py
[2025-07-22T10:13:47.749+0000] {processor.py:914} INFO - Processing file /opt/airflow/dags/train_power_pred.py for tasks to queue
[2025-07-22T10:13:47.751+0000] {logging_mixin.py:190} INFO - [2025-07-22T10:13:47.751+0000] {dagbag.py:588} INFO - Filling up the DagBag from /opt/airflow/dags/train_power_pred.py
[2025-07-22T10:13:51.048+0000] {processor.py:925} INFO - DAG(s) 'train_power_pred' retrieved from /opt/airflow/dags/train_power_pred.py
[2025-07-22T10:13:51.068+0000] {logging_mixin.py:190} INFO - [2025-07-22T10:13:51.067+0000] {dag.py:3239} INFO - Sync 1 DAGs
[2025-07-22T10:13:51.087+0000] {logging_mixin.py:190} INFO - [2025-07-22T10:13:51.087+0000] {dag.py:4180} INFO - Setting next_dagrun for train_power_pred to 2025-07-22 00:00:00+00:00, run_after=2025-07-23 00:00:00+00:00
[2025-07-22T10:13:51.102+0000] {processor.py:208} INFO - Processing /opt/airflow/dags/train_power_pred.py took 3.362 seconds
[2025-07-22T10:14:22.393+0000] {processor.py:186} INFO - Started process (PID=46224) to work on /opt/airflow/dags/train_power_pred.py
[2025-07-22T10:14:22.394+0000] {processor.py:914} INFO - Processing file /opt/airflow/dags/train_power_pred.py for tasks to queue
[2025-07-22T10:14:22.396+0000] {logging_mixin.py:190} INFO - [2025-07-22T10:14:22.396+0000] {dagbag.py:588} INFO - Filling up the DagBag from /opt/airflow/dags/train_power_pred.py
[2025-07-22T10:14:25.536+0000] {processor.py:925} INFO - DAG(s) 'train_power_pred' retrieved from /opt/airflow/dags/train_power_pred.py
[2025-07-22T10:14:25.556+0000] {logging_mixin.py:190} INFO - [2025-07-22T10:14:25.556+0000] {dag.py:3239} INFO - Sync 1 DAGs
[2025-07-22T10:14:25.572+0000] {logging_mixin.py:190} INFO - [2025-07-22T10:14:25.572+0000] {dag.py:4180} INFO - Setting next_dagrun for train_power_pred to 2025-07-22 00:00:00+00:00, run_after=2025-07-23 00:00:00+00:00
[2025-07-22T10:14:25.586+0000] {processor.py:208} INFO - Processing /opt/airflow/dags/train_power_pred.py took 3.200 seconds
[2025-07-22T10:14:56.936+0000] {processor.py:186} INFO - Started process (PID=46325) to work on /opt/airflow/dags/train_power_pred.py
[2025-07-22T10:14:56.938+0000] {processor.py:914} INFO - Processing file /opt/airflow/dags/train_power_pred.py for tasks to queue
[2025-07-22T10:14:56.940+0000] {logging_mixin.py:190} INFO - [2025-07-22T10:14:56.940+0000] {dagbag.py:588} INFO - Filling up the DagBag from /opt/airflow/dags/train_power_pred.py
[2025-07-22T10:14:59.957+0000] {processor.py:925} INFO - DAG(s) 'train_power_pred' retrieved from /opt/airflow/dags/train_power_pred.py
[2025-07-22T10:14:59.979+0000] {logging_mixin.py:190} INFO - [2025-07-22T10:14:59.978+0000] {dag.py:3239} INFO - Sync 1 DAGs
[2025-07-22T10:14:59.997+0000] {logging_mixin.py:190} INFO - [2025-07-22T10:14:59.996+0000] {dag.py:4180} INFO - Setting next_dagrun for train_power_pred to 2025-07-22 00:00:00+00:00, run_after=2025-07-23 00:00:00+00:00
[2025-07-22T10:15:00.013+0000] {processor.py:208} INFO - Processing /opt/airflow/dags/train_power_pred.py took 3.084 seconds
[2025-07-22T10:15:31.972+0000] {processor.py:186} INFO - Started process (PID=46420) to work on /opt/airflow/dags/train_power_pred.py
[2025-07-22T10:15:31.973+0000] {processor.py:914} INFO - Processing file /opt/airflow/dags/train_power_pred.py for tasks to queue
[2025-07-22T10:15:31.975+0000] {logging_mixin.py:190} INFO - [2025-07-22T10:15:31.975+0000] {dagbag.py:588} INFO - Filling up the DagBag from /opt/airflow/dags/train_power_pred.py
[2025-07-22T10:15:35.089+0000] {processor.py:925} INFO - DAG(s) 'train_power_pred' retrieved from /opt/airflow/dags/train_power_pred.py
[2025-07-22T10:15:35.106+0000] {logging_mixin.py:190} INFO - [2025-07-22T10:15:35.106+0000] {dag.py:3239} INFO - Sync 1 DAGs
[2025-07-22T10:15:35.122+0000] {logging_mixin.py:190} INFO - [2025-07-22T10:15:35.122+0000] {dag.py:4180} INFO - Setting next_dagrun for train_power_pred to 2025-07-22 00:00:00+00:00, run_after=2025-07-23 00:00:00+00:00
[2025-07-22T10:15:35.135+0000] {processor.py:208} INFO - Processing /opt/airflow/dags/train_power_pred.py took 3.171 seconds
[2025-07-22T10:16:06.654+0000] {processor.py:186} INFO - Started process (PID=46518) to work on /opt/airflow/dags/train_power_pred.py
[2025-07-22T10:16:06.655+0000] {processor.py:914} INFO - Processing file /opt/airflow/dags/train_power_pred.py for tasks to queue
[2025-07-22T10:16:06.658+0000] {logging_mixin.py:190} INFO - [2025-07-22T10:16:06.658+0000] {dagbag.py:588} INFO - Filling up the DagBag from /opt/airflow/dags/train_power_pred.py
[2025-07-22T10:16:09.886+0000] {processor.py:925} INFO - DAG(s) 'train_power_pred' retrieved from /opt/airflow/dags/train_power_pred.py
[2025-07-22T10:16:09.905+0000] {logging_mixin.py:190} INFO - [2025-07-22T10:16:09.905+0000] {dag.py:3239} INFO - Sync 1 DAGs
[2025-07-22T10:16:09.921+0000] {logging_mixin.py:190} INFO - [2025-07-22T10:16:09.921+0000] {dag.py:4180} INFO - Setting next_dagrun for train_power_pred to 2025-07-22 00:00:00+00:00, run_after=2025-07-23 00:00:00+00:00
[2025-07-22T10:16:09.935+0000] {processor.py:208} INFO - Processing /opt/airflow/dags/train_power_pred.py took 3.287 seconds
[2025-07-22T10:16:41.820+0000] {processor.py:186} INFO - Started process (PID=46616) to work on /opt/airflow/dags/train_power_pred.py
[2025-07-22T10:16:41.822+0000] {processor.py:914} INFO - Processing file /opt/airflow/dags/train_power_pred.py for tasks to queue
[2025-07-22T10:16:41.825+0000] {logging_mixin.py:190} INFO - [2025-07-22T10:16:41.824+0000] {dagbag.py:588} INFO - Filling up the DagBag from /opt/airflow/dags/train_power_pred.py
[2025-07-22T10:16:44.946+0000] {processor.py:925} INFO - DAG(s) 'train_power_pred' retrieved from /opt/airflow/dags/train_power_pred.py
[2025-07-22T10:16:44.965+0000] {logging_mixin.py:190} INFO - [2025-07-22T10:16:44.964+0000] {dag.py:3239} INFO - Sync 1 DAGs
[2025-07-22T10:16:44.982+0000] {logging_mixin.py:190} INFO - [2025-07-22T10:16:44.982+0000] {dag.py:4180} INFO - Setting next_dagrun for train_power_pred to 2025-07-22 00:00:00+00:00, run_after=2025-07-23 00:00:00+00:00
[2025-07-22T10:16:44.995+0000] {processor.py:208} INFO - Processing /opt/airflow/dags/train_power_pred.py took 3.181 seconds
[2025-07-22T10:17:17.074+0000] {processor.py:186} INFO - Started process (PID=46714) to work on /opt/airflow/dags/train_power_pred.py
[2025-07-22T10:17:17.075+0000] {processor.py:914} INFO - Processing file /opt/airflow/dags/train_power_pred.py for tasks to queue
[2025-07-22T10:17:17.078+0000] {logging_mixin.py:190} INFO - [2025-07-22T10:17:17.077+0000] {dagbag.py:588} INFO - Filling up the DagBag from /opt/airflow/dags/train_power_pred.py
[2025-07-22T10:17:20.350+0000] {processor.py:925} INFO - DAG(s) 'train_power_pred' retrieved from /opt/airflow/dags/train_power_pred.py
[2025-07-22T10:17:20.373+0000] {logging_mixin.py:190} INFO - [2025-07-22T10:17:20.373+0000] {dag.py:3239} INFO - Sync 1 DAGs
[2025-07-22T10:17:20.391+0000] {logging_mixin.py:190} INFO - [2025-07-22T10:17:20.391+0000] {dag.py:4180} INFO - Setting next_dagrun for train_power_pred to 2025-07-22 00:00:00+00:00, run_after=2025-07-23 00:00:00+00:00
[2025-07-22T10:17:20.407+0000] {processor.py:208} INFO - Processing /opt/airflow/dags/train_power_pred.py took 3.339 seconds
[2025-07-22T10:17:51.678+0000] {processor.py:186} INFO - Started process (PID=46818) to work on /opt/airflow/dags/train_power_pred.py
[2025-07-22T10:17:51.679+0000] {processor.py:914} INFO - Processing file /opt/airflow/dags/train_power_pred.py for tasks to queue
[2025-07-22T10:17:51.682+0000] {logging_mixin.py:190} INFO - [2025-07-22T10:17:51.681+0000] {dagbag.py:588} INFO - Filling up the DagBag from /opt/airflow/dags/train_power_pred.py
[2025-07-22T10:17:54.804+0000] {processor.py:925} INFO - DAG(s) 'train_power_pred' retrieved from /opt/airflow/dags/train_power_pred.py
[2025-07-22T10:17:54.823+0000] {logging_mixin.py:190} INFO - [2025-07-22T10:17:54.822+0000] {dag.py:3239} INFO - Sync 1 DAGs
[2025-07-22T10:17:54.838+0000] {logging_mixin.py:190} INFO - [2025-07-22T10:17:54.838+0000] {dag.py:4180} INFO - Setting next_dagrun for train_power_pred to 2025-07-22 00:00:00+00:00, run_after=2025-07-23 00:00:00+00:00
[2025-07-22T10:17:54.851+0000] {processor.py:208} INFO - Processing /opt/airflow/dags/train_power_pred.py took 3.181 seconds
[2025-07-22T10:18:26.597+0000] {processor.py:186} INFO - Started process (PID=46916) to work on /opt/airflow/dags/train_power_pred.py
[2025-07-22T10:18:26.598+0000] {processor.py:914} INFO - Processing file /opt/airflow/dags/train_power_pred.py for tasks to queue
[2025-07-22T10:18:26.601+0000] {logging_mixin.py:190} INFO - [2025-07-22T10:18:26.601+0000] {dagbag.py:588} INFO - Filling up the DagBag from /opt/airflow/dags/train_power_pred.py
[2025-07-22T10:18:29.710+0000] {processor.py:925} INFO - DAG(s) 'train_power_pred' retrieved from /opt/airflow/dags/train_power_pred.py
[2025-07-22T10:18:29.731+0000] {logging_mixin.py:190} INFO - [2025-07-22T10:18:29.730+0000] {dag.py:3239} INFO - Sync 1 DAGs
[2025-07-22T10:18:29.746+0000] {logging_mixin.py:190} INFO - [2025-07-22T10:18:29.746+0000] {dag.py:4180} INFO - Setting next_dagrun for train_power_pred to 2025-07-22 00:00:00+00:00, run_after=2025-07-23 00:00:00+00:00
[2025-07-22T10:18:29.761+0000] {processor.py:208} INFO - Processing /opt/airflow/dags/train_power_pred.py took 3.170 seconds
[2025-07-22T10:19:01.802+0000] {processor.py:186} INFO - Started process (PID=47014) to work on /opt/airflow/dags/train_power_pred.py
[2025-07-22T10:19:01.803+0000] {processor.py:914} INFO - Processing file /opt/airflow/dags/train_power_pred.py for tasks to queue
[2025-07-22T10:19:01.806+0000] {logging_mixin.py:190} INFO - [2025-07-22T10:19:01.805+0000] {dagbag.py:588} INFO - Filling up the DagBag from /opt/airflow/dags/train_power_pred.py
[2025-07-22T10:19:04.943+0000] {processor.py:925} INFO - DAG(s) 'train_power_pred' retrieved from /opt/airflow/dags/train_power_pred.py
[2025-07-22T10:19:04.965+0000] {logging_mixin.py:190} INFO - [2025-07-22T10:19:04.964+0000] {dag.py:3239} INFO - Sync 1 DAGs
[2025-07-22T10:19:04.982+0000] {logging_mixin.py:190} INFO - [2025-07-22T10:19:04.982+0000] {dag.py:4180} INFO - Setting next_dagrun for train_power_pred to 2025-07-22 00:00:00+00:00, run_after=2025-07-23 00:00:00+00:00
[2025-07-22T10:19:04.996+0000] {processor.py:208} INFO - Processing /opt/airflow/dags/train_power_pred.py took 3.200 seconds
[2025-07-22T10:19:36.892+0000] {processor.py:186} INFO - Started process (PID=47112) to work on /opt/airflow/dags/train_power_pred.py
[2025-07-22T10:19:36.893+0000] {processor.py:914} INFO - Processing file /opt/airflow/dags/train_power_pred.py for tasks to queue
[2025-07-22T10:19:36.895+0000] {logging_mixin.py:190} INFO - [2025-07-22T10:19:36.895+0000] {dagbag.py:588} INFO - Filling up the DagBag from /opt/airflow/dags/train_power_pred.py
[2025-07-22T10:19:39.938+0000] {processor.py:925} INFO - DAG(s) 'train_power_pred' retrieved from /opt/airflow/dags/train_power_pred.py
[2025-07-22T10:19:39.958+0000] {logging_mixin.py:190} INFO - [2025-07-22T10:19:39.958+0000] {dag.py:3239} INFO - Sync 1 DAGs
[2025-07-22T10:19:39.975+0000] {logging_mixin.py:190} INFO - [2025-07-22T10:19:39.975+0000] {dag.py:4180} INFO - Setting next_dagrun for train_power_pred to 2025-07-22 00:00:00+00:00, run_after=2025-07-23 00:00:00+00:00
[2025-07-22T10:19:39.987+0000] {processor.py:208} INFO - Processing /opt/airflow/dags/train_power_pred.py took 3.100 seconds
[2025-07-22T10:20:12.195+0000] {processor.py:186} INFO - Started process (PID=47213) to work on /opt/airflow/dags/train_power_pred.py
[2025-07-22T10:20:12.196+0000] {processor.py:914} INFO - Processing file /opt/airflow/dags/train_power_pred.py for tasks to queue
[2025-07-22T10:20:12.199+0000] {logging_mixin.py:190} INFO - [2025-07-22T10:20:12.198+0000] {dagbag.py:588} INFO - Filling up the DagBag from /opt/airflow/dags/train_power_pred.py
[2025-07-22T10:20:15.347+0000] {processor.py:925} INFO - DAG(s) 'train_power_pred' retrieved from /opt/airflow/dags/train_power_pred.py
[2025-07-22T10:20:15.368+0000] {logging_mixin.py:190} INFO - [2025-07-22T10:20:15.367+0000] {dag.py:3239} INFO - Sync 1 DAGs
[2025-07-22T10:20:15.384+0000] {logging_mixin.py:190} INFO - [2025-07-22T10:20:15.384+0000] {dag.py:4180} INFO - Setting next_dagrun for train_power_pred to 2025-07-22 00:00:00+00:00, run_after=2025-07-23 00:00:00+00:00
[2025-07-22T10:20:15.398+0000] {processor.py:208} INFO - Processing /opt/airflow/dags/train_power_pred.py took 3.209 seconds
[2025-07-22T10:20:47.585+0000] {processor.py:186} INFO - Started process (PID=47311) to work on /opt/airflow/dags/train_power_pred.py
[2025-07-22T10:20:47.586+0000] {processor.py:914} INFO - Processing file /opt/airflow/dags/train_power_pred.py for tasks to queue
[2025-07-22T10:20:47.589+0000] {logging_mixin.py:190} INFO - [2025-07-22T10:20:47.589+0000] {dagbag.py:588} INFO - Filling up the DagBag from /opt/airflow/dags/train_power_pred.py
[2025-07-22T10:20:51.230+0000] {processor.py:925} INFO - DAG(s) 'train_power_pred' retrieved from /opt/airflow/dags/train_power_pred.py
[2025-07-22T10:20:51.250+0000] {logging_mixin.py:190} INFO - [2025-07-22T10:20:51.250+0000] {dag.py:3239} INFO - Sync 1 DAGs
[2025-07-22T10:20:51.267+0000] {logging_mixin.py:190} INFO - [2025-07-22T10:20:51.267+0000] {dag.py:4180} INFO - Setting next_dagrun for train_power_pred to 2025-07-22 00:00:00+00:00, run_after=2025-07-23 00:00:00+00:00
[2025-07-22T10:20:51.282+0000] {processor.py:208} INFO - Processing /opt/airflow/dags/train_power_pred.py took 3.706 seconds
[2025-07-22T10:21:22.674+0000] {processor.py:186} INFO - Started process (PID=47415) to work on /opt/airflow/dags/train_power_pred.py
[2025-07-22T10:21:22.676+0000] {processor.py:914} INFO - Processing file /opt/airflow/dags/train_power_pred.py for tasks to queue
[2025-07-22T10:21:22.680+0000] {logging_mixin.py:190} INFO - [2025-07-22T10:21:22.679+0000] {dagbag.py:588} INFO - Filling up the DagBag from /opt/airflow/dags/train_power_pred.py
[2025-07-22T10:21:26.481+0000] {processor.py:925} INFO - DAG(s) 'train_power_pred' retrieved from /opt/airflow/dags/train_power_pred.py
[2025-07-22T10:21:26.504+0000] {logging_mixin.py:190} INFO - [2025-07-22T10:21:26.503+0000] {dag.py:3239} INFO - Sync 1 DAGs
[2025-07-22T10:21:26.522+0000] {logging_mixin.py:190} INFO - [2025-07-22T10:21:26.522+0000] {dag.py:4180} INFO - Setting next_dagrun for train_power_pred to 2025-07-22 00:00:00+00:00, run_after=2025-07-23 00:00:00+00:00
[2025-07-22T10:21:26.537+0000] {processor.py:208} INFO - Processing /opt/airflow/dags/train_power_pred.py took 3.872 seconds
[2025-07-22T10:22:03.935+0000] {processor.py:186} INFO - Started process (PID=47510) to work on /opt/airflow/dags/train_power_pred.py
[2025-07-22T10:22:03.940+0000] {processor.py:914} INFO - Processing file /opt/airflow/dags/train_power_pred.py for tasks to queue
[2025-07-22T10:22:03.946+0000] {logging_mixin.py:190} INFO - [2025-07-22T10:22:03.946+0000] {dagbag.py:588} INFO - Filling up the DagBag from /opt/airflow/dags/train_power_pred.py
[2025-07-22T10:22:13.018+0000] {processor.py:925} INFO - DAG(s) 'train_power_pred' retrieved from /opt/airflow/dags/train_power_pred.py
[2025-07-22T10:22:13.078+0000] {logging_mixin.py:190} INFO - [2025-07-22T10:22:13.077+0000] {dag.py:3239} INFO - Sync 1 DAGs
[2025-07-22T10:22:13.136+0000] {logging_mixin.py:190} INFO - [2025-07-22T10:22:13.135+0000] {dag.py:4180} INFO - Setting next_dagrun for train_power_pred to 2025-07-22 00:00:00+00:00, run_after=2025-07-23 00:00:00+00:00
[2025-07-22T10:22:13.198+0000] {processor.py:208} INFO - Processing /opt/airflow/dags/train_power_pred.py took 9.282 seconds
[2025-07-22T10:22:44.168+0000] {processor.py:186} INFO - Started process (PID=47612) to work on /opt/airflow/dags/train_power_pred.py
[2025-07-22T10:22:44.169+0000] {processor.py:914} INFO - Processing file /opt/airflow/dags/train_power_pred.py for tasks to queue
[2025-07-22T10:22:44.172+0000] {logging_mixin.py:190} INFO - [2025-07-22T10:22:44.172+0000] {dagbag.py:588} INFO - Filling up the DagBag from /opt/airflow/dags/train_power_pred.py
[2025-07-22T10:22:47.324+0000] {processor.py:925} INFO - DAG(s) 'train_power_pred' retrieved from /opt/airflow/dags/train_power_pred.py
[2025-07-22T10:22:47.345+0000] {logging_mixin.py:190} INFO - [2025-07-22T10:22:47.345+0000] {dag.py:3239} INFO - Sync 1 DAGs
[2025-07-22T10:22:47.363+0000] {logging_mixin.py:190} INFO - [2025-07-22T10:22:47.363+0000] {dag.py:4180} INFO - Setting next_dagrun for train_power_pred to 2025-07-22 00:00:00+00:00, run_after=2025-07-23 00:00:00+00:00
[2025-07-22T10:22:47.378+0000] {processor.py:208} INFO - Processing /opt/airflow/dags/train_power_pred.py took 3.216 seconds
[2025-07-22T10:23:18.486+0000] {processor.py:186} INFO - Started process (PID=47710) to work on /opt/airflow/dags/train_power_pred.py
[2025-07-22T10:23:18.488+0000] {processor.py:914} INFO - Processing file /opt/airflow/dags/train_power_pred.py for tasks to queue
[2025-07-22T10:23:18.491+0000] {logging_mixin.py:190} INFO - [2025-07-22T10:23:18.491+0000] {dagbag.py:588} INFO - Filling up the DagBag from /opt/airflow/dags/train_power_pred.py
[2025-07-22T10:23:21.753+0000] {processor.py:925} INFO - DAG(s) 'train_power_pred' retrieved from /opt/airflow/dags/train_power_pred.py
[2025-07-22T10:23:21.776+0000] {logging_mixin.py:190} INFO - [2025-07-22T10:23:21.776+0000] {dag.py:3239} INFO - Sync 1 DAGs
[2025-07-22T10:23:21.797+0000] {logging_mixin.py:190} INFO - [2025-07-22T10:23:21.797+0000] {dag.py:4180} INFO - Setting next_dagrun for train_power_pred to 2025-07-22 00:00:00+00:00, run_after=2025-07-23 00:00:00+00:00
[2025-07-22T10:23:21.813+0000] {processor.py:208} INFO - Processing /opt/airflow/dags/train_power_pred.py took 3.336 seconds
[2025-07-22T10:23:53.544+0000] {processor.py:186} INFO - Started process (PID=47814) to work on /opt/airflow/dags/train_power_pred.py
[2025-07-22T10:23:53.545+0000] {processor.py:914} INFO - Processing file /opt/airflow/dags/train_power_pred.py for tasks to queue
[2025-07-22T10:23:53.547+0000] {logging_mixin.py:190} INFO - [2025-07-22T10:23:53.547+0000] {dagbag.py:588} INFO - Filling up the DagBag from /opt/airflow/dags/train_power_pred.py
[2025-07-22T10:23:56.674+0000] {processor.py:925} INFO - DAG(s) 'train_power_pred' retrieved from /opt/airflow/dags/train_power_pred.py
[2025-07-22T10:23:56.698+0000] {logging_mixin.py:190} INFO - [2025-07-22T10:23:56.697+0000] {dag.py:3239} INFO - Sync 1 DAGs
[2025-07-22T10:23:56.714+0000] {logging_mixin.py:190} INFO - [2025-07-22T10:23:56.714+0000] {dag.py:4180} INFO - Setting next_dagrun for train_power_pred to 2025-07-22 00:00:00+00:00, run_after=2025-07-23 00:00:00+00:00
[2025-07-22T10:23:56.727+0000] {processor.py:208} INFO - Processing /opt/airflow/dags/train_power_pred.py took 3.189 seconds
[2025-07-22T10:24:27.795+0000] {processor.py:186} INFO - Started process (PID=47912) to work on /opt/airflow/dags/train_power_pred.py
[2025-07-22T10:24:27.796+0000] {processor.py:914} INFO - Processing file /opt/airflow/dags/train_power_pred.py for tasks to queue
[2025-07-22T10:24:27.798+0000] {logging_mixin.py:190} INFO - [2025-07-22T10:24:27.798+0000] {dagbag.py:588} INFO - Filling up the DagBag from /opt/airflow/dags/train_power_pred.py
[2025-07-22T10:24:30.952+0000] {processor.py:925} INFO - DAG(s) 'train_power_pred' retrieved from /opt/airflow/dags/train_power_pred.py
[2025-07-22T10:24:30.973+0000] {logging_mixin.py:190} INFO - [2025-07-22T10:24:30.973+0000] {dag.py:3239} INFO - Sync 1 DAGs
[2025-07-22T10:24:30.989+0000] {logging_mixin.py:190} INFO - [2025-07-22T10:24:30.989+0000] {dag.py:4180} INFO - Setting next_dagrun for train_power_pred to 2025-07-22 00:00:00+00:00, run_after=2025-07-23 00:00:00+00:00
[2025-07-22T10:24:31.003+0000] {processor.py:208} INFO - Processing /opt/airflow/dags/train_power_pred.py took 3.215 seconds
[2025-07-22T10:25:02.223+0000] {processor.py:186} INFO - Started process (PID=48010) to work on /opt/airflow/dags/train_power_pred.py
[2025-07-22T10:25:02.224+0000] {processor.py:914} INFO - Processing file /opt/airflow/dags/train_power_pred.py for tasks to queue
[2025-07-22T10:25:02.226+0000] {logging_mixin.py:190} INFO - [2025-07-22T10:25:02.226+0000] {dagbag.py:588} INFO - Filling up the DagBag from /opt/airflow/dags/train_power_pred.py
[2025-07-22T10:25:05.509+0000] {processor.py:925} INFO - DAG(s) 'train_power_pred' retrieved from /opt/airflow/dags/train_power_pred.py
[2025-07-22T10:25:05.530+0000] {logging_mixin.py:190} INFO - [2025-07-22T10:25:05.528+0000] {dag.py:3239} INFO - Sync 1 DAGs
[2025-07-22T10:25:05.548+0000] {logging_mixin.py:190} INFO - [2025-07-22T10:25:05.547+0000] {dag.py:4180} INFO - Setting next_dagrun for train_power_pred to 2025-07-22 00:00:00+00:00, run_after=2025-07-23 00:00:00+00:00
[2025-07-22T10:25:05.562+0000] {processor.py:208} INFO - Processing /opt/airflow/dags/train_power_pred.py took 3.345 seconds
[2025-07-22T10:25:36.651+0000] {processor.py:186} INFO - Started process (PID=48108) to work on /opt/airflow/dags/train_power_pred.py
[2025-07-22T10:25:36.652+0000] {processor.py:914} INFO - Processing file /opt/airflow/dags/train_power_pred.py for tasks to queue
[2025-07-22T10:25:36.654+0000] {logging_mixin.py:190} INFO - [2025-07-22T10:25:36.654+0000] {dagbag.py:588} INFO - Filling up the DagBag from /opt/airflow/dags/train_power_pred.py
[2025-07-22T10:25:40.007+0000] {processor.py:925} INFO - DAG(s) 'train_power_pred' retrieved from /opt/airflow/dags/train_power_pred.py
[2025-07-22T10:25:40.032+0000] {logging_mixin.py:190} INFO - [2025-07-22T10:25:40.031+0000] {dag.py:3239} INFO - Sync 1 DAGs
[2025-07-22T10:25:40.050+0000] {logging_mixin.py:190} INFO - [2025-07-22T10:25:40.050+0000] {dag.py:4180} INFO - Setting next_dagrun for train_power_pred to 2025-07-22 00:00:00+00:00, run_after=2025-07-23 00:00:00+00:00
[2025-07-22T10:25:40.067+0000] {processor.py:208} INFO - Processing /opt/airflow/dags/train_power_pred.py took 3.422 seconds
[2025-07-22T10:26:11.208+0000] {processor.py:186} INFO - Started process (PID=48206) to work on /opt/airflow/dags/train_power_pred.py
[2025-07-22T10:26:11.210+0000] {processor.py:914} INFO - Processing file /opt/airflow/dags/train_power_pred.py for tasks to queue
[2025-07-22T10:26:11.212+0000] {logging_mixin.py:190} INFO - [2025-07-22T10:26:11.212+0000] {dagbag.py:588} INFO - Filling up the DagBag from /opt/airflow/dags/train_power_pred.py
[2025-07-22T10:26:14.448+0000] {processor.py:925} INFO - DAG(s) 'train_power_pred' retrieved from /opt/airflow/dags/train_power_pred.py
[2025-07-22T10:26:14.468+0000] {logging_mixin.py:190} INFO - [2025-07-22T10:26:14.466+0000] {dag.py:3239} INFO - Sync 1 DAGs
[2025-07-22T10:26:14.485+0000] {logging_mixin.py:190} INFO - [2025-07-22T10:26:14.485+0000] {dag.py:4180} INFO - Setting next_dagrun for train_power_pred to 2025-07-22 00:00:00+00:00, run_after=2025-07-23 00:00:00+00:00
[2025-07-22T10:26:14.498+0000] {processor.py:208} INFO - Processing /opt/airflow/dags/train_power_pred.py took 3.296 seconds
[2025-07-22T10:26:45.831+0000] {processor.py:186} INFO - Started process (PID=48304) to work on /opt/airflow/dags/train_power_pred.py
[2025-07-22T10:26:45.832+0000] {processor.py:914} INFO - Processing file /opt/airflow/dags/train_power_pred.py for tasks to queue
[2025-07-22T10:26:45.834+0000] {logging_mixin.py:190} INFO - [2025-07-22T10:26:45.833+0000] {dagbag.py:588} INFO - Filling up the DagBag from /opt/airflow/dags/train_power_pred.py
[2025-07-22T10:26:49.117+0000] {processor.py:925} INFO - DAG(s) 'train_power_pred' retrieved from /opt/airflow/dags/train_power_pred.py
[2025-07-22T10:26:49.139+0000] {logging_mixin.py:190} INFO - [2025-07-22T10:26:49.139+0000] {dag.py:3239} INFO - Sync 1 DAGs
[2025-07-22T10:26:49.157+0000] {logging_mixin.py:190} INFO - [2025-07-22T10:26:49.157+0000] {dag.py:4180} INFO - Setting next_dagrun for train_power_pred to 2025-07-22 00:00:00+00:00, run_after=2025-07-23 00:00:00+00:00
[2025-07-22T10:26:49.170+0000] {processor.py:208} INFO - Processing /opt/airflow/dags/train_power_pred.py took 3.346 seconds
[2025-07-22T10:27:21.050+0000] {processor.py:186} INFO - Started process (PID=48408) to work on /opt/airflow/dags/train_power_pred.py
[2025-07-22T10:27:21.051+0000] {processor.py:914} INFO - Processing file /opt/airflow/dags/train_power_pred.py for tasks to queue
[2025-07-22T10:27:21.053+0000] {logging_mixin.py:190} INFO - [2025-07-22T10:27:21.053+0000] {dagbag.py:588} INFO - Filling up the DagBag from /opt/airflow/dags/train_power_pred.py
[2025-07-22T10:27:24.436+0000] {processor.py:925} INFO - DAG(s) 'train_power_pred' retrieved from /opt/airflow/dags/train_power_pred.py
[2025-07-22T10:27:24.463+0000] {logging_mixin.py:190} INFO - [2025-07-22T10:27:24.462+0000] {dag.py:3239} INFO - Sync 1 DAGs
[2025-07-22T10:27:24.493+0000] {logging_mixin.py:190} INFO - [2025-07-22T10:27:24.492+0000] {dag.py:4180} INFO - Setting next_dagrun for train_power_pred to 2025-07-22 00:00:00+00:00, run_after=2025-07-23 00:00:00+00:00
[2025-07-22T10:27:24.519+0000] {processor.py:208} INFO - Processing /opt/airflow/dags/train_power_pred.py took 3.475 seconds
[2025-07-22T10:27:56.087+0000] {processor.py:186} INFO - Started process (PID=48506) to work on /opt/airflow/dags/train_power_pred.py
[2025-07-22T10:27:56.088+0000] {processor.py:914} INFO - Processing file /opt/airflow/dags/train_power_pred.py for tasks to queue
[2025-07-22T10:27:56.090+0000] {logging_mixin.py:190} INFO - [2025-07-22T10:27:56.090+0000] {dagbag.py:588} INFO - Filling up the DagBag from /opt/airflow/dags/train_power_pred.py
[2025-07-22T10:27:59.330+0000] {processor.py:925} INFO - DAG(s) 'train_power_pred' retrieved from /opt/airflow/dags/train_power_pred.py
[2025-07-22T10:27:59.350+0000] {logging_mixin.py:190} INFO - [2025-07-22T10:27:59.350+0000] {dag.py:3239} INFO - Sync 1 DAGs
[2025-07-22T10:27:59.366+0000] {logging_mixin.py:190} INFO - [2025-07-22T10:27:59.366+0000] {dag.py:4180} INFO - Setting next_dagrun for train_power_pred to 2025-07-22 00:00:00+00:00, run_after=2025-07-23 00:00:00+00:00
[2025-07-22T10:27:59.380+0000] {processor.py:208} INFO - Processing /opt/airflow/dags/train_power_pred.py took 3.299 seconds
[2025-07-22T10:28:30.571+0000] {processor.py:186} INFO - Started process (PID=48601) to work on /opt/airflow/dags/train_power_pred.py
[2025-07-22T10:28:30.572+0000] {processor.py:914} INFO - Processing file /opt/airflow/dags/train_power_pred.py for tasks to queue
[2025-07-22T10:28:30.574+0000] {logging_mixin.py:190} INFO - [2025-07-22T10:28:30.574+0000] {dagbag.py:588} INFO - Filling up the DagBag from /opt/airflow/dags/train_power_pred.py
[2025-07-22T10:28:33.911+0000] {processor.py:925} INFO - DAG(s) 'train_power_pred' retrieved from /opt/airflow/dags/train_power_pred.py
[2025-07-22T10:28:33.931+0000] {logging_mixin.py:190} INFO - [2025-07-22T10:28:33.931+0000] {dag.py:3239} INFO - Sync 1 DAGs
[2025-07-22T10:28:33.950+0000] {logging_mixin.py:190} INFO - [2025-07-22T10:28:33.949+0000] {dag.py:4180} INFO - Setting next_dagrun for train_power_pred to 2025-07-22 00:00:00+00:00, run_after=2025-07-23 00:00:00+00:00
[2025-07-22T10:28:33.964+0000] {processor.py:208} INFO - Processing /opt/airflow/dags/train_power_pred.py took 3.400 seconds
[2025-07-22T10:29:05.477+0000] {processor.py:186} INFO - Started process (PID=48702) to work on /opt/airflow/dags/train_power_pred.py
[2025-07-22T10:29:05.478+0000] {processor.py:914} INFO - Processing file /opt/airflow/dags/train_power_pred.py for tasks to queue
[2025-07-22T10:29:05.481+0000] {logging_mixin.py:190} INFO - [2025-07-22T10:29:05.480+0000] {dagbag.py:588} INFO - Filling up the DagBag from /opt/airflow/dags/train_power_pred.py
[2025-07-22T10:29:08.793+0000] {processor.py:925} INFO - DAG(s) 'train_power_pred' retrieved from /opt/airflow/dags/train_power_pred.py
[2025-07-22T10:29:08.813+0000] {logging_mixin.py:190} INFO - [2025-07-22T10:29:08.812+0000] {dag.py:3239} INFO - Sync 1 DAGs
[2025-07-22T10:29:08.830+0000] {logging_mixin.py:190} INFO - [2025-07-22T10:29:08.830+0000] {dag.py:4180} INFO - Setting next_dagrun for train_power_pred to 2025-07-22 00:00:00+00:00, run_after=2025-07-23 00:00:00+00:00
[2025-07-22T10:29:08.845+0000] {processor.py:208} INFO - Processing /opt/airflow/dags/train_power_pred.py took 3.375 seconds
[2025-07-22T10:29:40.385+0000] {processor.py:186} INFO - Started process (PID=48800) to work on /opt/airflow/dags/train_power_pred.py
[2025-07-22T10:29:40.386+0000] {processor.py:914} INFO - Processing file /opt/airflow/dags/train_power_pred.py for tasks to queue
[2025-07-22T10:29:40.388+0000] {logging_mixin.py:190} INFO - [2025-07-22T10:29:40.388+0000] {dagbag.py:588} INFO - Filling up the DagBag from /opt/airflow/dags/train_power_pred.py
[2025-07-22T10:29:43.689+0000] {processor.py:925} INFO - DAG(s) 'train_power_pred' retrieved from /opt/airflow/dags/train_power_pred.py
[2025-07-22T10:29:43.711+0000] {logging_mixin.py:190} INFO - [2025-07-22T10:29:43.711+0000] {dag.py:3239} INFO - Sync 1 DAGs
[2025-07-22T10:29:43.729+0000] {logging_mixin.py:190} INFO - [2025-07-22T10:29:43.729+0000] {dag.py:4180} INFO - Setting next_dagrun for train_power_pred to 2025-07-22 00:00:00+00:00, run_after=2025-07-23 00:00:00+00:00
[2025-07-22T10:29:43.745+0000] {processor.py:208} INFO - Processing /opt/airflow/dags/train_power_pred.py took 3.366 seconds
[2025-07-22T10:30:15.573+0000] {processor.py:186} INFO - Started process (PID=48899) to work on /opt/airflow/dags/train_power_pred.py
[2025-07-22T10:30:15.574+0000] {processor.py:914} INFO - Processing file /opt/airflow/dags/train_power_pred.py for tasks to queue
[2025-07-22T10:30:15.578+0000] {logging_mixin.py:190} INFO - [2025-07-22T10:30:15.578+0000] {dagbag.py:588} INFO - Filling up the DagBag from /opt/airflow/dags/train_power_pred.py
[2025-07-22T10:30:20.097+0000] {processor.py:925} INFO - DAG(s) 'train_power_pred' retrieved from /opt/airflow/dags/train_power_pred.py
[2025-07-22T10:30:20.121+0000] {logging_mixin.py:190} INFO - [2025-07-22T10:30:20.120+0000] {dag.py:3239} INFO - Sync 1 DAGs
[2025-07-22T10:30:20.140+0000] {logging_mixin.py:190} INFO - [2025-07-22T10:30:20.140+0000] {dag.py:4180} INFO - Setting next_dagrun for train_power_pred to 2025-07-22 00:00:00+00:00, run_after=2025-07-23 00:00:00+00:00
[2025-07-22T10:30:20.156+0000] {processor.py:208} INFO - Processing /opt/airflow/dags/train_power_pred.py took 4.592 seconds
[2025-07-22T10:30:52.259+0000] {processor.py:186} INFO - Started process (PID=49003) to work on /opt/airflow/dags/train_power_pred.py
[2025-07-22T10:30:52.261+0000] {processor.py:914} INFO - Processing file /opt/airflow/dags/train_power_pred.py for tasks to queue
[2025-07-22T10:30:52.268+0000] {logging_mixin.py:190} INFO - [2025-07-22T10:30:52.267+0000] {dagbag.py:588} INFO - Filling up the DagBag from /opt/airflow/dags/train_power_pred.py
[2025-07-22T10:31:01.505+0000] {processor.py:925} INFO - DAG(s) 'train_power_pred' retrieved from /opt/airflow/dags/train_power_pred.py
[2025-07-22T10:31:01.577+0000] {logging_mixin.py:190} INFO - [2025-07-22T10:31:01.576+0000] {dag.py:3239} INFO - Sync 1 DAGs
[2025-07-22T10:31:01.637+0000] {logging_mixin.py:190} INFO - [2025-07-22T10:31:01.637+0000] {dag.py:4180} INFO - Setting next_dagrun for train_power_pred to 2025-07-22 00:00:00+00:00, run_after=2025-07-23 00:00:00+00:00
[2025-07-22T10:31:01.693+0000] {processor.py:208} INFO - Processing /opt/airflow/dags/train_power_pred.py took 9.454 seconds
[2025-07-22T10:31:33.405+0000] {processor.py:186} INFO - Started process (PID=49098) to work on /opt/airflow/dags/train_power_pred.py
[2025-07-22T10:31:33.406+0000] {processor.py:914} INFO - Processing file /opt/airflow/dags/train_power_pred.py for tasks to queue
[2025-07-22T10:31:33.413+0000] {logging_mixin.py:190} INFO - [2025-07-22T10:31:33.412+0000] {dagbag.py:588} INFO - Filling up the DagBag from /opt/airflow/dags/train_power_pred.py
[2025-07-22T10:31:37.465+0000] {processor.py:925} INFO - DAG(s) 'train_power_pred' retrieved from /opt/airflow/dags/train_power_pred.py
[2025-07-22T10:31:37.485+0000] {logging_mixin.py:190} INFO - [2025-07-22T10:31:37.485+0000] {dag.py:3239} INFO - Sync 1 DAGs
[2025-07-22T10:31:37.504+0000] {logging_mixin.py:190} INFO - [2025-07-22T10:31:37.504+0000] {dag.py:4180} INFO - Setting next_dagrun for train_power_pred to 2025-07-22 00:00:00+00:00, run_after=2025-07-23 00:00:00+00:00
[2025-07-22T10:31:37.524+0000] {processor.py:208} INFO - Processing /opt/airflow/dags/train_power_pred.py took 4.138 seconds
[2025-07-22T10:32:09.440+0000] {processor.py:186} INFO - Started process (PID=49196) to work on /opt/airflow/dags/train_power_pred.py
[2025-07-22T10:32:09.441+0000] {processor.py:914} INFO - Processing file /opt/airflow/dags/train_power_pred.py for tasks to queue
[2025-07-22T10:32:09.444+0000] {logging_mixin.py:190} INFO - [2025-07-22T10:32:09.444+0000] {dagbag.py:588} INFO - Filling up the DagBag from /opt/airflow/dags/train_power_pred.py
[2025-07-22T10:32:12.665+0000] {processor.py:925} INFO - DAG(s) 'train_power_pred' retrieved from /opt/airflow/dags/train_power_pred.py
[2025-07-22T10:32:12.683+0000] {logging_mixin.py:190} INFO - [2025-07-22T10:32:12.683+0000] {dag.py:3239} INFO - Sync 1 DAGs
[2025-07-22T10:32:12.701+0000] {logging_mixin.py:190} INFO - [2025-07-22T10:32:12.700+0000] {dag.py:4180} INFO - Setting next_dagrun for train_power_pred to 2025-07-22 00:00:00+00:00, run_after=2025-07-23 00:00:00+00:00
[2025-07-22T10:32:12.716+0000] {processor.py:208} INFO - Processing /opt/airflow/dags/train_power_pred.py took 3.285 seconds
[2025-07-22T10:32:44.062+0000] {processor.py:186} INFO - Started process (PID=49294) to work on /opt/airflow/dags/train_power_pred.py
[2025-07-22T10:32:44.063+0000] {processor.py:914} INFO - Processing file /opt/airflow/dags/train_power_pred.py for tasks to queue
[2025-07-22T10:32:44.067+0000] {logging_mixin.py:190} INFO - [2025-07-22T10:32:44.066+0000] {dagbag.py:588} INFO - Filling up the DagBag from /opt/airflow/dags/train_power_pred.py
[2025-07-22T10:32:47.351+0000] {processor.py:925} INFO - DAG(s) 'train_power_pred' retrieved from /opt/airflow/dags/train_power_pred.py
[2025-07-22T10:32:47.372+0000] {logging_mixin.py:190} INFO - [2025-07-22T10:32:47.372+0000] {dag.py:3239} INFO - Sync 1 DAGs
[2025-07-22T10:32:47.389+0000] {logging_mixin.py:190} INFO - [2025-07-22T10:32:47.389+0000] {dag.py:4180} INFO - Setting next_dagrun for train_power_pred to 2025-07-22 00:00:00+00:00, run_after=2025-07-23 00:00:00+00:00
[2025-07-22T10:32:47.404+0000] {processor.py:208} INFO - Processing /opt/airflow/dags/train_power_pred.py took 3.350 seconds
[2025-07-22T10:33:19.311+0000] {processor.py:186} INFO - Started process (PID=49392) to work on /opt/airflow/dags/train_power_pred.py
[2025-07-22T10:33:19.312+0000] {processor.py:914} INFO - Processing file /opt/airflow/dags/train_power_pred.py for tasks to queue
[2025-07-22T10:33:19.315+0000] {logging_mixin.py:190} INFO - [2025-07-22T10:33:19.314+0000] {dagbag.py:588} INFO - Filling up the DagBag from /opt/airflow/dags/train_power_pred.py
[2025-07-22T10:33:22.573+0000] {processor.py:925} INFO - DAG(s) 'train_power_pred' retrieved from /opt/airflow/dags/train_power_pred.py
[2025-07-22T10:33:22.594+0000] {logging_mixin.py:190} INFO - [2025-07-22T10:33:22.594+0000] {dag.py:3239} INFO - Sync 1 DAGs
[2025-07-22T10:33:22.611+0000] {logging_mixin.py:190} INFO - [2025-07-22T10:33:22.611+0000] {dag.py:4180} INFO - Setting next_dagrun for train_power_pred to 2025-07-22 00:00:00+00:00, run_after=2025-07-23 00:00:00+00:00
[2025-07-22T10:33:22.624+0000] {processor.py:208} INFO - Processing /opt/airflow/dags/train_power_pred.py took 3.321 seconds
[2025-07-22T10:33:54.304+0000] {processor.py:186} INFO - Started process (PID=49496) to work on /opt/airflow/dags/train_power_pred.py
[2025-07-22T10:33:54.305+0000] {processor.py:914} INFO - Processing file /opt/airflow/dags/train_power_pred.py for tasks to queue
[2025-07-22T10:33:54.308+0000] {logging_mixin.py:190} INFO - [2025-07-22T10:33:54.308+0000] {dagbag.py:588} INFO - Filling up the DagBag from /opt/airflow/dags/train_power_pred.py
[2025-07-22T10:33:57.527+0000] {processor.py:925} INFO - DAG(s) 'train_power_pred' retrieved from /opt/airflow/dags/train_power_pred.py
[2025-07-22T10:33:57.547+0000] {logging_mixin.py:190} INFO - [2025-07-22T10:33:57.546+0000] {dag.py:3239} INFO - Sync 1 DAGs
[2025-07-22T10:33:57.564+0000] {logging_mixin.py:190} INFO - [2025-07-22T10:33:57.564+0000] {dag.py:4180} INFO - Setting next_dagrun for train_power_pred to 2025-07-22 00:00:00+00:00, run_after=2025-07-23 00:00:00+00:00
[2025-07-22T10:33:57.741+0000] {processor.py:208} INFO - Processing /opt/airflow/dags/train_power_pred.py took 3.445 seconds
[2025-07-22T10:34:29.441+0000] {processor.py:186} INFO - Started process (PID=49594) to work on /opt/airflow/dags/train_power_pred.py
[2025-07-22T10:34:29.443+0000] {processor.py:914} INFO - Processing file /opt/airflow/dags/train_power_pred.py for tasks to queue
[2025-07-22T10:34:29.446+0000] {logging_mixin.py:190} INFO - [2025-07-22T10:34:29.446+0000] {dagbag.py:588} INFO - Filling up the DagBag from /opt/airflow/dags/train_power_pred.py
[2025-07-22T10:34:32.833+0000] {processor.py:925} INFO - DAG(s) 'train_power_pred' retrieved from /opt/airflow/dags/train_power_pred.py
[2025-07-22T10:34:32.855+0000] {logging_mixin.py:190} INFO - [2025-07-22T10:34:32.854+0000] {dag.py:3239} INFO - Sync 1 DAGs
[2025-07-22T10:34:32.872+0000] {logging_mixin.py:190} INFO - [2025-07-22T10:34:32.872+0000] {dag.py:4180} INFO - Setting next_dagrun for train_power_pred to 2025-07-22 00:00:00+00:00, run_after=2025-07-23 00:00:00+00:00
[2025-07-22T10:34:32.888+0000] {processor.py:208} INFO - Processing /opt/airflow/dags/train_power_pred.py took 3.455 seconds
[2025-07-22T10:35:04.803+0000] {processor.py:186} INFO - Started process (PID=49692) to work on /opt/airflow/dags/train_power_pred.py
[2025-07-22T10:35:04.804+0000] {processor.py:914} INFO - Processing file /opt/airflow/dags/train_power_pred.py for tasks to queue
[2025-07-22T10:35:04.807+0000] {logging_mixin.py:190} INFO - [2025-07-22T10:35:04.806+0000] {dagbag.py:588} INFO - Filling up the DagBag from /opt/airflow/dags/train_power_pred.py
[2025-07-22T10:35:07.997+0000] {processor.py:925} INFO - DAG(s) 'train_power_pred' retrieved from /opt/airflow/dags/train_power_pred.py
[2025-07-22T10:35:08.016+0000] {logging_mixin.py:190} INFO - [2025-07-22T10:35:08.015+0000] {dag.py:3239} INFO - Sync 1 DAGs
[2025-07-22T10:35:08.033+0000] {logging_mixin.py:190} INFO - [2025-07-22T10:35:08.033+0000] {dag.py:4180} INFO - Setting next_dagrun for train_power_pred to 2025-07-22 00:00:00+00:00, run_after=2025-07-23 00:00:00+00:00
[2025-07-22T10:35:08.051+0000] {processor.py:208} INFO - Processing /opt/airflow/dags/train_power_pred.py took 3.255 seconds
[2025-07-22T10:35:39.695+0000] {processor.py:186} INFO - Started process (PID=49789) to work on /opt/airflow/dags/train_power_pred.py
[2025-07-22T10:35:39.700+0000] {processor.py:914} INFO - Processing file /opt/airflow/dags/train_power_pred.py for tasks to queue
[2025-07-22T10:35:39.707+0000] {logging_mixin.py:190} INFO - [2025-07-22T10:35:39.706+0000] {dagbag.py:588} INFO - Filling up the DagBag from /opt/airflow/dags/train_power_pred.py
[2025-07-22T10:35:49.431+0000] {processor.py:925} INFO - DAG(s) 'train_power_pred' retrieved from /opt/airflow/dags/train_power_pred.py
[2025-07-22T10:35:49.505+0000] {logging_mixin.py:190} INFO - [2025-07-22T10:35:49.504+0000] {dag.py:3239} INFO - Sync 1 DAGs
[2025-07-22T10:35:49.568+0000] {logging_mixin.py:190} INFO - [2025-07-22T10:35:49.568+0000] {dag.py:4180} INFO - Setting next_dagrun for train_power_pred to 2025-07-22 00:00:00+00:00, run_after=2025-07-23 00:00:00+00:00
[2025-07-22T10:35:49.632+0000] {processor.py:208} INFO - Processing /opt/airflow/dags/train_power_pred.py took 9.956 seconds
[2025-07-22T10:36:20.636+0000] {processor.py:186} INFO - Started process (PID=49888) to work on /opt/airflow/dags/train_power_pred.py
[2025-07-22T10:36:20.638+0000] {processor.py:914} INFO - Processing file /opt/airflow/dags/train_power_pred.py for tasks to queue
[2025-07-22T10:36:20.641+0000] {logging_mixin.py:190} INFO - [2025-07-22T10:36:20.641+0000] {dagbag.py:588} INFO - Filling up the DagBag from /opt/airflow/dags/train_power_pred.py
[2025-07-22T10:36:23.891+0000] {processor.py:925} INFO - DAG(s) 'train_power_pred' retrieved from /opt/airflow/dags/train_power_pred.py
[2025-07-22T10:36:23.910+0000] {logging_mixin.py:190} INFO - [2025-07-22T10:36:23.910+0000] {dag.py:3239} INFO - Sync 1 DAGs
[2025-07-22T10:36:23.929+0000] {logging_mixin.py:190} INFO - [2025-07-22T10:36:23.929+0000] {dag.py:4180} INFO - Setting next_dagrun for train_power_pred to 2025-07-22 00:00:00+00:00, run_after=2025-07-23 00:00:00+00:00
[2025-07-22T10:36:23.944+0000] {processor.py:208} INFO - Processing /opt/airflow/dags/train_power_pred.py took 3.316 seconds
[2025-07-22T10:36:55.609+0000] {processor.py:186} INFO - Started process (PID=49992) to work on /opt/airflow/dags/train_power_pred.py
[2025-07-22T10:36:55.611+0000] {processor.py:914} INFO - Processing file /opt/airflow/dags/train_power_pred.py for tasks to queue
[2025-07-22T10:36:55.614+0000] {logging_mixin.py:190} INFO - [2025-07-22T10:36:55.613+0000] {dagbag.py:588} INFO - Filling up the DagBag from /opt/airflow/dags/train_power_pred.py
[2025-07-22T10:36:58.782+0000] {processor.py:925} INFO - DAG(s) 'train_power_pred' retrieved from /opt/airflow/dags/train_power_pred.py
[2025-07-22T10:36:58.802+0000] {logging_mixin.py:190} INFO - [2025-07-22T10:36:58.801+0000] {dag.py:3239} INFO - Sync 1 DAGs
[2025-07-22T10:36:58.816+0000] {logging_mixin.py:190} INFO - [2025-07-22T10:36:58.816+0000] {dag.py:4180} INFO - Setting next_dagrun for train_power_pred to 2025-07-22 00:00:00+00:00, run_after=2025-07-23 00:00:00+00:00
[2025-07-22T10:36:58.832+0000] {processor.py:208} INFO - Processing /opt/airflow/dags/train_power_pred.py took 3.230 seconds
[2025-07-22T10:37:29.896+0000] {processor.py:186} INFO - Started process (PID=50089) to work on /opt/airflow/dags/train_power_pred.py
[2025-07-22T10:37:29.897+0000] {processor.py:914} INFO - Processing file /opt/airflow/dags/train_power_pred.py for tasks to queue
[2025-07-22T10:37:29.901+0000] {logging_mixin.py:190} INFO - [2025-07-22T10:37:29.900+0000] {dagbag.py:588} INFO - Filling up the DagBag from /opt/airflow/dags/train_power_pred.py
[2025-07-22T10:37:33.213+0000] {processor.py:925} INFO - DAG(s) 'train_power_pred' retrieved from /opt/airflow/dags/train_power_pred.py
[2025-07-22T10:37:33.233+0000] {logging_mixin.py:190} INFO - [2025-07-22T10:37:33.232+0000] {dag.py:3239} INFO - Sync 1 DAGs
[2025-07-22T10:37:33.250+0000] {logging_mixin.py:190} INFO - [2025-07-22T10:37:33.250+0000] {dag.py:4180} INFO - Setting next_dagrun for train_power_pred to 2025-07-22 00:00:00+00:00, run_after=2025-07-23 00:00:00+00:00
[2025-07-22T10:37:33.264+0000] {processor.py:208} INFO - Processing /opt/airflow/dags/train_power_pred.py took 3.376 seconds
[2025-07-22T10:38:05.014+0000] {processor.py:186} INFO - Started process (PID=50187) to work on /opt/airflow/dags/train_power_pred.py
[2025-07-22T10:38:05.016+0000] {processor.py:914} INFO - Processing file /opt/airflow/dags/train_power_pred.py for tasks to queue
[2025-07-22T10:38:05.018+0000] {logging_mixin.py:190} INFO - [2025-07-22T10:38:05.018+0000] {dagbag.py:588} INFO - Filling up the DagBag from /opt/airflow/dags/train_power_pred.py
[2025-07-22T10:38:08.318+0000] {processor.py:925} INFO - DAG(s) 'train_power_pred' retrieved from /opt/airflow/dags/train_power_pred.py
[2025-07-22T10:38:08.337+0000] {logging_mixin.py:190} INFO - [2025-07-22T10:38:08.336+0000] {dag.py:3239} INFO - Sync 1 DAGs
[2025-07-22T10:38:08.353+0000] {logging_mixin.py:190} INFO - [2025-07-22T10:38:08.352+0000] {dag.py:4180} INFO - Setting next_dagrun for train_power_pred to 2025-07-22 00:00:00+00:00, run_after=2025-07-23 00:00:00+00:00
[2025-07-22T10:38:08.367+0000] {processor.py:208} INFO - Processing /opt/airflow/dags/train_power_pred.py took 3.359 seconds
[2025-07-22T10:38:40.184+0000] {processor.py:186} INFO - Started process (PID=50285) to work on /opt/airflow/dags/train_power_pred.py
[2025-07-22T10:38:40.185+0000] {processor.py:914} INFO - Processing file /opt/airflow/dags/train_power_pred.py for tasks to queue
[2025-07-22T10:38:40.188+0000] {logging_mixin.py:190} INFO - [2025-07-22T10:38:40.188+0000] {dagbag.py:588} INFO - Filling up the DagBag from /opt/airflow/dags/train_power_pred.py
[2025-07-22T10:38:43.437+0000] {processor.py:925} INFO - DAG(s) 'train_power_pred' retrieved from /opt/airflow/dags/train_power_pred.py
[2025-07-22T10:38:43.459+0000] {logging_mixin.py:190} INFO - [2025-07-22T10:38:43.458+0000] {dag.py:3239} INFO - Sync 1 DAGs
[2025-07-22T10:38:43.479+0000] {logging_mixin.py:190} INFO - [2025-07-22T10:38:43.479+0000] {dag.py:4180} INFO - Setting next_dagrun for train_power_pred to 2025-07-22 00:00:00+00:00, run_after=2025-07-23 00:00:00+00:00
[2025-07-22T10:38:43.495+0000] {processor.py:208} INFO - Processing /opt/airflow/dags/train_power_pred.py took 3.318 seconds
[2025-07-22T10:39:14.588+0000] {processor.py:186} INFO - Started process (PID=50383) to work on /opt/airflow/dags/train_power_pred.py
[2025-07-22T10:39:14.590+0000] {processor.py:914} INFO - Processing file /opt/airflow/dags/train_power_pred.py for tasks to queue
[2025-07-22T10:39:14.593+0000] {logging_mixin.py:190} INFO - [2025-07-22T10:39:14.592+0000] {dagbag.py:588} INFO - Filling up the DagBag from /opt/airflow/dags/train_power_pred.py
[2025-07-22T10:39:17.913+0000] {processor.py:925} INFO - DAG(s) 'train_power_pred' retrieved from /opt/airflow/dags/train_power_pred.py
[2025-07-22T10:39:17.931+0000] {logging_mixin.py:190} INFO - [2025-07-22T10:39:17.931+0000] {dag.py:3239} INFO - Sync 1 DAGs
[2025-07-22T10:39:17.950+0000] {logging_mixin.py:190} INFO - [2025-07-22T10:39:17.950+0000] {dag.py:4180} INFO - Setting next_dagrun for train_power_pred to 2025-07-22 00:00:00+00:00, run_after=2025-07-23 00:00:00+00:00
[2025-07-22T10:39:17.966+0000] {processor.py:208} INFO - Processing /opt/airflow/dags/train_power_pred.py took 3.387 seconds
[2025-07-22T10:39:49.691+0000] {processor.py:186} INFO - Started process (PID=50481) to work on /opt/airflow/dags/train_power_pred.py
[2025-07-22T10:39:49.693+0000] {processor.py:914} INFO - Processing file /opt/airflow/dags/train_power_pred.py for tasks to queue
[2025-07-22T10:39:49.696+0000] {logging_mixin.py:190} INFO - [2025-07-22T10:39:49.695+0000] {dagbag.py:588} INFO - Filling up the DagBag from /opt/airflow/dags/train_power_pred.py
[2025-07-22T10:39:53.077+0000] {processor.py:925} INFO - DAG(s) 'train_power_pred' retrieved from /opt/airflow/dags/train_power_pred.py
[2025-07-22T10:39:53.098+0000] {logging_mixin.py:190} INFO - [2025-07-22T10:39:53.097+0000] {dag.py:3239} INFO - Sync 1 DAGs
[2025-07-22T10:39:53.114+0000] {logging_mixin.py:190} INFO - [2025-07-22T10:39:53.114+0000] {dag.py:4180} INFO - Setting next_dagrun for train_power_pred to 2025-07-22 00:00:00+00:00, run_after=2025-07-23 00:00:00+00:00
[2025-07-22T10:39:53.128+0000] {processor.py:208} INFO - Processing /opt/airflow/dags/train_power_pred.py took 3.447 seconds
[2025-07-22T10:40:24.352+0000] {processor.py:186} INFO - Started process (PID=50585) to work on /opt/airflow/dags/train_power_pred.py
[2025-07-22T10:40:24.353+0000] {processor.py:914} INFO - Processing file /opt/airflow/dags/train_power_pred.py for tasks to queue
[2025-07-22T10:40:24.356+0000] {logging_mixin.py:190} INFO - [2025-07-22T10:40:24.356+0000] {dagbag.py:588} INFO - Filling up the DagBag from /opt/airflow/dags/train_power_pred.py
[2025-07-22T10:40:27.615+0000] {processor.py:925} INFO - DAG(s) 'train_power_pred' retrieved from /opt/airflow/dags/train_power_pred.py
[2025-07-22T10:40:27.635+0000] {logging_mixin.py:190} INFO - [2025-07-22T10:40:27.634+0000] {dag.py:3239} INFO - Sync 1 DAGs
[2025-07-22T10:40:27.651+0000] {logging_mixin.py:190} INFO - [2025-07-22T10:40:27.651+0000] {dag.py:4180} INFO - Setting next_dagrun for train_power_pred to 2025-07-22 00:00:00+00:00, run_after=2025-07-23 00:00:00+00:00
[2025-07-22T10:40:27.665+0000] {processor.py:208} INFO - Processing /opt/airflow/dags/train_power_pred.py took 3.320 seconds
[2025-07-22T10:40:59.274+0000] {processor.py:186} INFO - Started process (PID=50683) to work on /opt/airflow/dags/train_power_pred.py
[2025-07-22T10:40:59.276+0000] {processor.py:914} INFO - Processing file /opt/airflow/dags/train_power_pred.py for tasks to queue
[2025-07-22T10:40:59.279+0000] {logging_mixin.py:190} INFO - [2025-07-22T10:40:59.278+0000] {dagbag.py:588} INFO - Filling up the DagBag from /opt/airflow/dags/train_power_pred.py
[2025-07-22T10:41:02.591+0000] {processor.py:925} INFO - DAG(s) 'train_power_pred' retrieved from /opt/airflow/dags/train_power_pred.py
[2025-07-22T10:41:02.611+0000] {logging_mixin.py:190} INFO - [2025-07-22T10:41:02.610+0000] {dag.py:3239} INFO - Sync 1 DAGs
[2025-07-22T10:41:02.630+0000] {logging_mixin.py:190} INFO - [2025-07-22T10:41:02.629+0000] {dag.py:4180} INFO - Setting next_dagrun for train_power_pred to 2025-07-22 00:00:00+00:00, run_after=2025-07-23 00:00:00+00:00
[2025-07-22T10:41:02.643+0000] {processor.py:208} INFO - Processing /opt/airflow/dags/train_power_pred.py took 3.377 seconds
[2025-07-22T10:41:34.558+0000] {processor.py:186} INFO - Started process (PID=50781) to work on /opt/airflow/dags/train_power_pred.py
[2025-07-22T10:41:34.559+0000] {processor.py:914} INFO - Processing file /opt/airflow/dags/train_power_pred.py for tasks to queue
[2025-07-22T10:41:34.563+0000] {logging_mixin.py:190} INFO - [2025-07-22T10:41:34.562+0000] {dagbag.py:588} INFO - Filling up the DagBag from /opt/airflow/dags/train_power_pred.py
[2025-07-22T10:41:37.943+0000] {processor.py:925} INFO - DAG(s) 'train_power_pred' retrieved from /opt/airflow/dags/train_power_pred.py
[2025-07-22T10:41:37.963+0000] {logging_mixin.py:190} INFO - [2025-07-22T10:41:37.963+0000] {dag.py:3239} INFO - Sync 1 DAGs
[2025-07-22T10:41:37.980+0000] {logging_mixin.py:190} INFO - [2025-07-22T10:41:37.980+0000] {dag.py:4180} INFO - Setting next_dagrun for train_power_pred to 2025-07-22 00:00:00+00:00, run_after=2025-07-23 00:00:00+00:00
[2025-07-22T10:41:37.995+0000] {processor.py:208} INFO - Processing /opt/airflow/dags/train_power_pred.py took 3.446 seconds
[2025-07-22T10:42:09.351+0000] {processor.py:186} INFO - Started process (PID=50879) to work on /opt/airflow/dags/train_power_pred.py
[2025-07-22T10:42:09.353+0000] {processor.py:914} INFO - Processing file /opt/airflow/dags/train_power_pred.py for tasks to queue
[2025-07-22T10:42:09.356+0000] {logging_mixin.py:190} INFO - [2025-07-22T10:42:09.356+0000] {dagbag.py:588} INFO - Filling up the DagBag from /opt/airflow/dags/train_power_pred.py
[2025-07-22T10:42:12.987+0000] {processor.py:925} INFO - DAG(s) 'train_power_pred' retrieved from /opt/airflow/dags/train_power_pred.py
[2025-07-22T10:42:13.009+0000] {logging_mixin.py:190} INFO - [2025-07-22T10:42:13.008+0000] {dag.py:3239} INFO - Sync 1 DAGs
[2025-07-22T10:42:13.025+0000] {logging_mixin.py:190} INFO - [2025-07-22T10:42:13.025+0000] {dag.py:4180} INFO - Setting next_dagrun for train_power_pred to 2025-07-22 00:00:00+00:00, run_after=2025-07-23 00:00:00+00:00
[2025-07-22T10:42:13.040+0000] {processor.py:208} INFO - Processing /opt/airflow/dags/train_power_pred.py took 3.697 seconds
[2025-07-22T10:42:44.411+0000] {processor.py:186} INFO - Started process (PID=50962) to work on /opt/airflow/dags/train_power_pred.py
[2025-07-22T10:42:44.413+0000] {processor.py:914} INFO - Processing file /opt/airflow/dags/train_power_pred.py for tasks to queue
[2025-07-22T10:42:44.421+0000] {logging_mixin.py:190} INFO - [2025-07-22T10:42:44.420+0000] {dagbag.py:588} INFO - Filling up the DagBag from /opt/airflow/dags/train_power_pred.py
[2025-07-22T10:42:52.628+0000] {processor.py:925} INFO - DAG(s) 'train_power_pred' retrieved from /opt/airflow/dags/train_power_pred.py
[2025-07-22T10:42:52.690+0000] {logging_mixin.py:190} INFO - [2025-07-22T10:42:52.689+0000] {dag.py:3239} INFO - Sync 1 DAGs
[2025-07-22T10:42:52.745+0000] {logging_mixin.py:190} INFO - [2025-07-22T10:42:52.745+0000] {dag.py:4180} INFO - Setting next_dagrun for train_power_pred to 2025-07-22 00:00:00+00:00, run_after=2025-07-23 00:00:00+00:00
[2025-07-22T10:42:52.791+0000] {processor.py:208} INFO - Processing /opt/airflow/dags/train_power_pred.py took 8.404 seconds
[2025-07-22T10:43:23.926+0000] {processor.py:186} INFO - Started process (PID=51066) to work on /opt/airflow/dags/train_power_pred.py
[2025-07-22T10:43:23.930+0000] {processor.py:914} INFO - Processing file /opt/airflow/dags/train_power_pred.py for tasks to queue
[2025-07-22T10:43:23.937+0000] {logging_mixin.py:190} INFO - [2025-07-22T10:43:23.936+0000] {dagbag.py:588} INFO - Filling up the DagBag from /opt/airflow/dags/train_power_pred.py
[2025-07-22T10:43:29.985+0000] {processor.py:925} INFO - DAG(s) 'train_power_pred' retrieved from /opt/airflow/dags/train_power_pred.py
[2025-07-22T10:43:30.007+0000] {logging_mixin.py:190} INFO - [2025-07-22T10:43:30.006+0000] {dag.py:3239} INFO - Sync 1 DAGs
[2025-07-22T10:43:30.025+0000] {logging_mixin.py:190} INFO - [2025-07-22T10:43:30.025+0000] {dag.py:4180} INFO - Setting next_dagrun for train_power_pred to 2025-07-22 00:00:00+00:00, run_after=2025-07-23 00:00:00+00:00
[2025-07-22T10:43:30.039+0000] {processor.py:208} INFO - Processing /opt/airflow/dags/train_power_pred.py took 6.128 seconds
[2025-07-22T10:44:01.136+0000] {processor.py:186} INFO - Started process (PID=51163) to work on /opt/airflow/dags/train_power_pred.py
[2025-07-22T10:44:01.137+0000] {processor.py:914} INFO - Processing file /opt/airflow/dags/train_power_pred.py for tasks to queue
[2025-07-22T10:44:01.139+0000] {logging_mixin.py:190} INFO - [2025-07-22T10:44:01.139+0000] {dagbag.py:588} INFO - Filling up the DagBag from /opt/airflow/dags/train_power_pred.py
[2025-07-22T10:44:04.644+0000] {processor.py:925} INFO - DAG(s) 'train_power_pred' retrieved from /opt/airflow/dags/train_power_pred.py
[2025-07-22T10:44:04.666+0000] {logging_mixin.py:190} INFO - [2025-07-22T10:44:04.665+0000] {dag.py:3239} INFO - Sync 1 DAGs
[2025-07-22T10:44:04.682+0000] {logging_mixin.py:190} INFO - [2025-07-22T10:44:04.682+0000] {dag.py:4180} INFO - Setting next_dagrun for train_power_pred to 2025-07-22 00:00:00+00:00, run_after=2025-07-23 00:00:00+00:00
[2025-07-22T10:44:04.696+0000] {processor.py:208} INFO - Processing /opt/airflow/dags/train_power_pred.py took 3.565 seconds
[2025-07-22T10:44:36.634+0000] {processor.py:186} INFO - Started process (PID=51261) to work on /opt/airflow/dags/train_power_pred.py
[2025-07-22T10:44:36.635+0000] {processor.py:914} INFO - Processing file /opt/airflow/dags/train_power_pred.py for tasks to queue
[2025-07-22T10:44:36.638+0000] {logging_mixin.py:190} INFO - [2025-07-22T10:44:36.638+0000] {dagbag.py:588} INFO - Filling up the DagBag from /opt/airflow/dags/train_power_pred.py
[2025-07-22T10:44:40.178+0000] {processor.py:925} INFO - DAG(s) 'train_power_pred' retrieved from /opt/airflow/dags/train_power_pred.py
[2025-07-22T10:44:40.200+0000] {logging_mixin.py:190} INFO - [2025-07-22T10:44:40.199+0000] {dag.py:3239} INFO - Sync 1 DAGs
[2025-07-22T10:44:40.218+0000] {logging_mixin.py:190} INFO - [2025-07-22T10:44:40.217+0000] {dag.py:4180} INFO - Setting next_dagrun for train_power_pred to 2025-07-22 00:00:00+00:00, run_after=2025-07-23 00:00:00+00:00
[2025-07-22T10:44:40.234+0000] {processor.py:208} INFO - Processing /opt/airflow/dags/train_power_pred.py took 3.606 seconds
[2025-07-22T10:45:11.323+0000] {processor.py:186} INFO - Started process (PID=51359) to work on /opt/airflow/dags/train_power_pred.py
[2025-07-22T10:45:11.324+0000] {processor.py:914} INFO - Processing file /opt/airflow/dags/train_power_pred.py for tasks to queue
[2025-07-22T10:45:11.326+0000] {logging_mixin.py:190} INFO - [2025-07-22T10:45:11.326+0000] {dagbag.py:588} INFO - Filling up the DagBag from /opt/airflow/dags/train_power_pred.py
[2025-07-22T10:45:14.717+0000] {processor.py:925} INFO - DAG(s) 'train_power_pred' retrieved from /opt/airflow/dags/train_power_pred.py
[2025-07-22T10:45:14.738+0000] {logging_mixin.py:190} INFO - [2025-07-22T10:45:14.737+0000] {dag.py:3239} INFO - Sync 1 DAGs
[2025-07-22T10:45:14.754+0000] {logging_mixin.py:190} INFO - [2025-07-22T10:45:14.754+0000] {dag.py:4180} INFO - Setting next_dagrun for train_power_pred to 2025-07-22 00:00:00+00:00, run_after=2025-07-23 00:00:00+00:00
[2025-07-22T10:45:14.769+0000] {processor.py:208} INFO - Processing /opt/airflow/dags/train_power_pred.py took 3.451 seconds
[2025-07-22T10:45:46.657+0000] {processor.py:186} INFO - Started process (PID=51457) to work on /opt/airflow/dags/train_power_pred.py
[2025-07-22T10:45:46.658+0000] {processor.py:914} INFO - Processing file /opt/airflow/dags/train_power_pred.py for tasks to queue
[2025-07-22T10:45:46.660+0000] {logging_mixin.py:190} INFO - [2025-07-22T10:45:46.660+0000] {dagbag.py:588} INFO - Filling up the DagBag from /opt/airflow/dags/train_power_pred.py
[2025-07-22T10:45:50.078+0000] {processor.py:925} INFO - DAG(s) 'train_power_pred' retrieved from /opt/airflow/dags/train_power_pred.py
[2025-07-22T10:45:50.099+0000] {logging_mixin.py:190} INFO - [2025-07-22T10:45:50.098+0000] {dag.py:3239} INFO - Sync 1 DAGs
[2025-07-22T10:45:50.119+0000] {logging_mixin.py:190} INFO - [2025-07-22T10:45:50.119+0000] {dag.py:4180} INFO - Setting next_dagrun for train_power_pred to 2025-07-22 00:00:00+00:00, run_after=2025-07-23 00:00:00+00:00
[2025-07-22T10:45:50.136+0000] {processor.py:208} INFO - Processing /opt/airflow/dags/train_power_pred.py took 3.484 seconds
[2025-07-22T10:46:21.187+0000] {processor.py:186} INFO - Started process (PID=51555) to work on /opt/airflow/dags/train_power_pred.py
[2025-07-22T10:46:21.188+0000] {processor.py:914} INFO - Processing file /opt/airflow/dags/train_power_pred.py for tasks to queue
[2025-07-22T10:46:21.190+0000] {logging_mixin.py:190} INFO - [2025-07-22T10:46:21.190+0000] {dagbag.py:588} INFO - Filling up the DagBag from /opt/airflow/dags/train_power_pred.py
[2025-07-22T10:46:24.666+0000] {processor.py:925} INFO - DAG(s) 'train_power_pred' retrieved from /opt/airflow/dags/train_power_pred.py
[2025-07-22T10:46:24.688+0000] {logging_mixin.py:190} INFO - [2025-07-22T10:46:24.687+0000] {dag.py:3239} INFO - Sync 1 DAGs
[2025-07-22T10:46:24.706+0000] {logging_mixin.py:190} INFO - [2025-07-22T10:46:24.705+0000] {dag.py:4180} INFO - Setting next_dagrun for train_power_pred to 2025-07-22 00:00:00+00:00, run_after=2025-07-23 00:00:00+00:00
[2025-07-22T10:46:24.720+0000] {processor.py:208} INFO - Processing /opt/airflow/dags/train_power_pred.py took 3.539 seconds
[2025-07-22T10:46:56.545+0000] {processor.py:186} INFO - Started process (PID=51659) to work on /opt/airflow/dags/train_power_pred.py
[2025-07-22T10:46:56.546+0000] {processor.py:914} INFO - Processing file /opt/airflow/dags/train_power_pred.py for tasks to queue
[2025-07-22T10:46:56.548+0000] {logging_mixin.py:190} INFO - [2025-07-22T10:46:56.548+0000] {dagbag.py:588} INFO - Filling up the DagBag from /opt/airflow/dags/train_power_pred.py
[2025-07-22T10:46:59.899+0000] {processor.py:925} INFO - DAG(s) 'train_power_pred' retrieved from /opt/airflow/dags/train_power_pred.py
[2025-07-22T10:46:59.920+0000] {logging_mixin.py:190} INFO - [2025-07-22T10:46:59.920+0000] {dag.py:3239} INFO - Sync 1 DAGs
[2025-07-22T10:46:59.937+0000] {logging_mixin.py:190} INFO - [2025-07-22T10:46:59.937+0000] {dag.py:4180} INFO - Setting next_dagrun for train_power_pred to 2025-07-22 00:00:00+00:00, run_after=2025-07-23 00:00:00+00:00
[2025-07-22T10:46:59.951+0000] {processor.py:208} INFO - Processing /opt/airflow/dags/train_power_pred.py took 3.412 seconds
[2025-07-22T10:47:31.818+0000] {processor.py:186} INFO - Started process (PID=51773) to work on /opt/airflow/dags/train_power_pred.py
[2025-07-22T10:47:31.819+0000] {processor.py:914} INFO - Processing file /opt/airflow/dags/train_power_pred.py for tasks to queue
[2025-07-22T10:47:31.822+0000] {logging_mixin.py:190} INFO - [2025-07-22T10:47:31.822+0000] {dagbag.py:588} INFO - Filling up the DagBag from /opt/airflow/dags/train_power_pred.py
[2025-07-22T10:47:35.278+0000] {processor.py:925} INFO - DAG(s) 'train_power_pred' retrieved from /opt/airflow/dags/train_power_pred.py
[2025-07-22T10:47:35.302+0000] {logging_mixin.py:190} INFO - [2025-07-22T10:47:35.301+0000] {dag.py:3239} INFO - Sync 1 DAGs
[2025-07-22T10:47:35.322+0000] {logging_mixin.py:190} INFO - [2025-07-22T10:47:35.322+0000] {dag.py:4180} INFO - Setting next_dagrun for train_power_pred to 2025-07-22 00:00:00+00:00, run_after=2025-07-23 00:00:00+00:00
[2025-07-22T10:47:35.340+0000] {processor.py:208} INFO - Processing /opt/airflow/dags/train_power_pred.py took 3.530 seconds
[2025-07-22T10:48:07.120+0000] {processor.py:186} INFO - Started process (PID=51871) to work on /opt/airflow/dags/train_power_pred.py
[2025-07-22T10:48:07.122+0000] {processor.py:914} INFO - Processing file /opt/airflow/dags/train_power_pred.py for tasks to queue
[2025-07-22T10:48:07.124+0000] {logging_mixin.py:190} INFO - [2025-07-22T10:48:07.124+0000] {dagbag.py:588} INFO - Filling up the DagBag from /opt/airflow/dags/train_power_pred.py
[2025-07-22T10:48:10.531+0000] {processor.py:925} INFO - DAG(s) 'train_power_pred' retrieved from /opt/airflow/dags/train_power_pred.py
[2025-07-22T10:48:10.551+0000] {logging_mixin.py:190} INFO - [2025-07-22T10:48:10.550+0000] {dag.py:3239} INFO - Sync 1 DAGs
[2025-07-22T10:48:10.567+0000] {logging_mixin.py:190} INFO - [2025-07-22T10:48:10.567+0000] {dag.py:4180} INFO - Setting next_dagrun for train_power_pred to 2025-07-22 00:00:00+00:00, run_after=2025-07-23 00:00:00+00:00
[2025-07-22T10:48:10.581+0000] {processor.py:208} INFO - Processing /opt/airflow/dags/train_power_pred.py took 3.467 seconds
[2025-07-22T10:48:42.549+0000] {processor.py:186} INFO - Started process (PID=51969) to work on /opt/airflow/dags/train_power_pred.py
[2025-07-22T10:48:42.551+0000] {processor.py:914} INFO - Processing file /opt/airflow/dags/train_power_pred.py for tasks to queue
[2025-07-22T10:48:42.553+0000] {logging_mixin.py:190} INFO - [2025-07-22T10:48:42.553+0000] {dagbag.py:588} INFO - Filling up the DagBag from /opt/airflow/dags/train_power_pred.py
[2025-07-22T10:48:45.814+0000] {processor.py:925} INFO - DAG(s) 'train_power_pred' retrieved from /opt/airflow/dags/train_power_pred.py
[2025-07-22T10:48:45.832+0000] {logging_mixin.py:190} INFO - [2025-07-22T10:48:45.831+0000] {dag.py:3239} INFO - Sync 1 DAGs
[2025-07-22T10:48:45.847+0000] {logging_mixin.py:190} INFO - [2025-07-22T10:48:45.847+0000] {dag.py:4180} INFO - Setting next_dagrun for train_power_pred to 2025-07-22 00:00:00+00:00, run_after=2025-07-23 00:00:00+00:00
[2025-07-22T10:48:45.859+0000] {processor.py:208} INFO - Processing /opt/airflow/dags/train_power_pred.py took 3.318 seconds
[2025-07-22T10:49:17.487+0000] {processor.py:186} INFO - Started process (PID=52067) to work on /opt/airflow/dags/train_power_pred.py
[2025-07-22T10:49:17.489+0000] {processor.py:914} INFO - Processing file /opt/airflow/dags/train_power_pred.py for tasks to queue
[2025-07-22T10:49:17.492+0000] {logging_mixin.py:190} INFO - [2025-07-22T10:49:17.491+0000] {dagbag.py:588} INFO - Filling up the DagBag from /opt/airflow/dags/train_power_pred.py
[2025-07-22T10:49:20.945+0000] {processor.py:925} INFO - DAG(s) 'train_power_pred' retrieved from /opt/airflow/dags/train_power_pred.py
[2025-07-22T10:49:20.964+0000] {logging_mixin.py:190} INFO - [2025-07-22T10:49:20.964+0000] {dag.py:3239} INFO - Sync 1 DAGs
[2025-07-22T10:49:20.982+0000] {logging_mixin.py:190} INFO - [2025-07-22T10:49:20.982+0000] {dag.py:4180} INFO - Setting next_dagrun for train_power_pred to 2025-07-22 00:00:00+00:00, run_after=2025-07-23 00:00:00+00:00
[2025-07-22T10:49:20.999+0000] {processor.py:208} INFO - Processing /opt/airflow/dags/train_power_pred.py took 3.521 seconds
[2025-07-22T10:49:52.141+0000] {processor.py:186} INFO - Started process (PID=52165) to work on /opt/airflow/dags/train_power_pred.py
[2025-07-22T10:49:52.142+0000] {processor.py:914} INFO - Processing file /opt/airflow/dags/train_power_pred.py for tasks to queue
[2025-07-22T10:49:52.145+0000] {logging_mixin.py:190} INFO - [2025-07-22T10:49:52.145+0000] {dagbag.py:588} INFO - Filling up the DagBag from /opt/airflow/dags/train_power_pred.py
[2025-07-22T10:49:55.536+0000] {processor.py:925} INFO - DAG(s) 'train_power_pred' retrieved from /opt/airflow/dags/train_power_pred.py
[2025-07-22T10:49:55.557+0000] {logging_mixin.py:190} INFO - [2025-07-22T10:49:55.556+0000] {dag.py:3239} INFO - Sync 1 DAGs
[2025-07-22T10:49:55.576+0000] {logging_mixin.py:190} INFO - [2025-07-22T10:49:55.575+0000] {dag.py:4180} INFO - Setting next_dagrun for train_power_pred to 2025-07-22 00:00:00+00:00, run_after=2025-07-23 00:00:00+00:00
[2025-07-22T10:49:55.594+0000] {processor.py:208} INFO - Processing /opt/airflow/dags/train_power_pred.py took 3.460 seconds
[2025-07-22T10:50:26.738+0000] {processor.py:186} INFO - Started process (PID=52269) to work on /opt/airflow/dags/train_power_pred.py
[2025-07-22T10:50:26.740+0000] {processor.py:914} INFO - Processing file /opt/airflow/dags/train_power_pred.py for tasks to queue
[2025-07-22T10:50:26.743+0000] {logging_mixin.py:190} INFO - [2025-07-22T10:50:26.742+0000] {dagbag.py:588} INFO - Filling up the DagBag from /opt/airflow/dags/train_power_pred.py
[2025-07-22T10:50:30.066+0000] {processor.py:925} INFO - DAG(s) 'train_power_pred' retrieved from /opt/airflow/dags/train_power_pred.py
[2025-07-22T10:50:30.086+0000] {logging_mixin.py:190} INFO - [2025-07-22T10:50:30.086+0000] {dag.py:3239} INFO - Sync 1 DAGs
[2025-07-22T10:50:30.104+0000] {logging_mixin.py:190} INFO - [2025-07-22T10:50:30.104+0000] {dag.py:4180} INFO - Setting next_dagrun for train_power_pred to 2025-07-22 00:00:00+00:00, run_after=2025-07-23 00:00:00+00:00
[2025-07-22T10:50:30.118+0000] {processor.py:208} INFO - Processing /opt/airflow/dags/train_power_pred.py took 3.387 seconds
[2025-07-22T10:51:01.267+0000] {processor.py:186} INFO - Started process (PID=52367) to work on /opt/airflow/dags/train_power_pred.py
[2025-07-22T10:51:01.268+0000] {processor.py:914} INFO - Processing file /opt/airflow/dags/train_power_pred.py for tasks to queue
[2025-07-22T10:51:01.270+0000] {logging_mixin.py:190} INFO - [2025-07-22T10:51:01.270+0000] {dagbag.py:588} INFO - Filling up the DagBag from /opt/airflow/dags/train_power_pred.py
[2025-07-22T10:51:04.595+0000] {processor.py:925} INFO - DAG(s) 'train_power_pred' retrieved from /opt/airflow/dags/train_power_pred.py
[2025-07-22T10:51:04.616+0000] {logging_mixin.py:190} INFO - [2025-07-22T10:51:04.614+0000] {dag.py:3239} INFO - Sync 1 DAGs
[2025-07-22T10:51:04.631+0000] {logging_mixin.py:190} INFO - [2025-07-22T10:51:04.631+0000] {dag.py:4180} INFO - Setting next_dagrun for train_power_pred to 2025-07-22 00:00:00+00:00, run_after=2025-07-23 00:00:00+00:00
[2025-07-22T10:51:04.644+0000] {processor.py:208} INFO - Processing /opt/airflow/dags/train_power_pred.py took 3.383 seconds
[2025-07-22T10:51:36.666+0000] {processor.py:186} INFO - Started process (PID=52465) to work on /opt/airflow/dags/train_power_pred.py
[2025-07-22T10:51:36.667+0000] {processor.py:914} INFO - Processing file /opt/airflow/dags/train_power_pred.py for tasks to queue
[2025-07-22T10:51:36.670+0000] {logging_mixin.py:190} INFO - [2025-07-22T10:51:36.670+0000] {dagbag.py:588} INFO - Filling up the DagBag from /opt/airflow/dags/train_power_pred.py
[2025-07-22T10:51:40.019+0000] {processor.py:925} INFO - DAG(s) 'train_power_pred' retrieved from /opt/airflow/dags/train_power_pred.py
[2025-07-22T10:51:40.041+0000] {logging_mixin.py:190} INFO - [2025-07-22T10:51:40.040+0000] {dag.py:3239} INFO - Sync 1 DAGs
[2025-07-22T10:51:40.059+0000] {logging_mixin.py:190} INFO - [2025-07-22T10:51:40.058+0000] {dag.py:4180} INFO - Setting next_dagrun for train_power_pred to 2025-07-22 00:00:00+00:00, run_after=2025-07-23 00:00:00+00:00
[2025-07-22T10:51:40.073+0000] {processor.py:208} INFO - Processing /opt/airflow/dags/train_power_pred.py took 3.415 seconds
[2025-07-22T10:52:11.175+0000] {processor.py:186} INFO - Started process (PID=52563) to work on /opt/airflow/dags/train_power_pred.py
[2025-07-22T10:52:11.177+0000] {processor.py:914} INFO - Processing file /opt/airflow/dags/train_power_pred.py for tasks to queue
[2025-07-22T10:52:11.180+0000] {logging_mixin.py:190} INFO - [2025-07-22T10:52:11.179+0000] {dagbag.py:588} INFO - Filling up the DagBag from /opt/airflow/dags/train_power_pred.py
[2025-07-22T10:52:14.502+0000] {processor.py:925} INFO - DAG(s) 'train_power_pred' retrieved from /opt/airflow/dags/train_power_pred.py
[2025-07-22T10:52:14.523+0000] {logging_mixin.py:190} INFO - [2025-07-22T10:52:14.522+0000] {dag.py:3239} INFO - Sync 1 DAGs
[2025-07-22T10:52:14.538+0000] {logging_mixin.py:190} INFO - [2025-07-22T10:52:14.538+0000] {dag.py:4180} INFO - Setting next_dagrun for train_power_pred to 2025-07-22 00:00:00+00:00, run_after=2025-07-23 00:00:00+00:00
[2025-07-22T10:52:14.557+0000] {processor.py:208} INFO - Processing /opt/airflow/dags/train_power_pred.py took 3.388 seconds
[2025-07-22T10:52:46.405+0000] {processor.py:186} INFO - Started process (PID=52661) to work on /opt/airflow/dags/train_power_pred.py
[2025-07-22T10:52:46.406+0000] {processor.py:914} INFO - Processing file /opt/airflow/dags/train_power_pred.py for tasks to queue
[2025-07-22T10:52:46.410+0000] {logging_mixin.py:190} INFO - [2025-07-22T10:52:46.409+0000] {dagbag.py:588} INFO - Filling up the DagBag from /opt/airflow/dags/train_power_pred.py
[2025-07-22T10:52:49.767+0000] {processor.py:925} INFO - DAG(s) 'train_power_pred' retrieved from /opt/airflow/dags/train_power_pred.py
[2025-07-22T10:52:49.787+0000] {logging_mixin.py:190} INFO - [2025-07-22T10:52:49.786+0000] {dag.py:3239} INFO - Sync 1 DAGs
[2025-07-22T10:52:49.805+0000] {logging_mixin.py:190} INFO - [2025-07-22T10:52:49.805+0000] {dag.py:4180} INFO - Setting next_dagrun for train_power_pred to 2025-07-22 00:00:00+00:00, run_after=2025-07-23 00:00:00+00:00
[2025-07-22T10:52:49.822+0000] {processor.py:208} INFO - Processing /opt/airflow/dags/train_power_pred.py took 3.426 seconds
[2025-07-22T10:53:21.733+0000] {processor.py:186} INFO - Started process (PID=52759) to work on /opt/airflow/dags/train_power_pred.py
[2025-07-22T10:53:21.735+0000] {processor.py:914} INFO - Processing file /opt/airflow/dags/train_power_pred.py for tasks to queue
[2025-07-22T10:53:21.738+0000] {logging_mixin.py:190} INFO - [2025-07-22T10:53:21.738+0000] {dagbag.py:588} INFO - Filling up the DagBag from /opt/airflow/dags/train_power_pred.py
[2025-07-22T10:53:25.044+0000] {processor.py:925} INFO - DAG(s) 'train_power_pred' retrieved from /opt/airflow/dags/train_power_pred.py
[2025-07-22T10:53:25.064+0000] {logging_mixin.py:190} INFO - [2025-07-22T10:53:25.064+0000] {dag.py:3239} INFO - Sync 1 DAGs
[2025-07-22T10:53:25.080+0000] {logging_mixin.py:190} INFO - [2025-07-22T10:53:25.080+0000] {dag.py:4180} INFO - Setting next_dagrun for train_power_pred to 2025-07-22 00:00:00+00:00, run_after=2025-07-23 00:00:00+00:00
[2025-07-22T10:53:25.094+0000] {processor.py:208} INFO - Processing /opt/airflow/dags/train_power_pred.py took 3.369 seconds
[2025-07-22T10:53:56.671+0000] {processor.py:186} INFO - Started process (PID=52863) to work on /opt/airflow/dags/train_power_pred.py
[2025-07-22T10:53:56.672+0000] {processor.py:914} INFO - Processing file /opt/airflow/dags/train_power_pred.py for tasks to queue
[2025-07-22T10:53:56.676+0000] {logging_mixin.py:190} INFO - [2025-07-22T10:53:56.675+0000] {dagbag.py:588} INFO - Filling up the DagBag from /opt/airflow/dags/train_power_pred.py
[2025-07-22T10:53:59.941+0000] {processor.py:925} INFO - DAG(s) 'train_power_pred' retrieved from /opt/airflow/dags/train_power_pred.py
[2025-07-22T10:53:59.960+0000] {logging_mixin.py:190} INFO - [2025-07-22T10:53:59.959+0000] {dag.py:3239} INFO - Sync 1 DAGs
[2025-07-22T10:53:59.976+0000] {logging_mixin.py:190} INFO - [2025-07-22T10:53:59.976+0000] {dag.py:4180} INFO - Setting next_dagrun for train_power_pred to 2025-07-22 00:00:00+00:00, run_after=2025-07-23 00:00:00+00:00
[2025-07-22T10:53:59.989+0000] {processor.py:208} INFO - Processing /opt/airflow/dags/train_power_pred.py took 3.326 seconds
[2025-07-22T10:54:32.074+0000] {processor.py:186} INFO - Started process (PID=52961) to work on /opt/airflow/dags/train_power_pred.py
[2025-07-22T10:54:32.075+0000] {processor.py:914} INFO - Processing file /opt/airflow/dags/train_power_pred.py for tasks to queue
[2025-07-22T10:54:32.078+0000] {logging_mixin.py:190} INFO - [2025-07-22T10:54:32.078+0000] {dagbag.py:588} INFO - Filling up the DagBag from /opt/airflow/dags/train_power_pred.py
[2025-07-22T10:54:35.314+0000] {processor.py:925} INFO - DAG(s) 'train_power_pred' retrieved from /opt/airflow/dags/train_power_pred.py
[2025-07-22T10:54:35.338+0000] {logging_mixin.py:190} INFO - [2025-07-22T10:54:35.337+0000] {dag.py:3239} INFO - Sync 1 DAGs
[2025-07-22T10:54:35.357+0000] {logging_mixin.py:190} INFO - [2025-07-22T10:54:35.356+0000] {dag.py:4180} INFO - Setting next_dagrun for train_power_pred to 2025-07-22 00:00:00+00:00, run_after=2025-07-23 00:00:00+00:00
[2025-07-22T10:54:35.371+0000] {processor.py:208} INFO - Processing /opt/airflow/dags/train_power_pred.py took 3.304 seconds
[2025-07-22T10:55:07.361+0000] {processor.py:186} INFO - Started process (PID=53060) to work on /opt/airflow/dags/train_power_pred.py
[2025-07-22T10:55:07.362+0000] {processor.py:914} INFO - Processing file /opt/airflow/dags/train_power_pred.py for tasks to queue
[2025-07-22T10:55:07.365+0000] {logging_mixin.py:190} INFO - [2025-07-22T10:55:07.365+0000] {dagbag.py:588} INFO - Filling up the DagBag from /opt/airflow/dags/train_power_pred.py
[2025-07-22T10:55:10.490+0000] {processor.py:925} INFO - DAG(s) 'train_power_pred' retrieved from /opt/airflow/dags/train_power_pred.py
[2025-07-22T10:55:10.511+0000] {logging_mixin.py:190} INFO - [2025-07-22T10:55:10.511+0000] {dag.py:3239} INFO - Sync 1 DAGs
[2025-07-22T10:55:10.529+0000] {logging_mixin.py:190} INFO - [2025-07-22T10:55:10.529+0000] {dag.py:4180} INFO - Setting next_dagrun for train_power_pred to 2025-07-22 00:00:00+00:00, run_after=2025-07-23 00:00:00+00:00
[2025-07-22T10:55:10.544+0000] {processor.py:208} INFO - Processing /opt/airflow/dags/train_power_pred.py took 3.190 seconds
[2025-07-22T10:55:42.317+0000] {processor.py:186} INFO - Started process (PID=53158) to work on /opt/airflow/dags/train_power_pred.py
[2025-07-22T10:55:42.318+0000] {processor.py:914} INFO - Processing file /opt/airflow/dags/train_power_pred.py for tasks to queue
[2025-07-22T10:55:42.322+0000] {logging_mixin.py:190} INFO - [2025-07-22T10:55:42.321+0000] {dagbag.py:588} INFO - Filling up the DagBag from /opt/airflow/dags/train_power_pred.py
[2025-07-22T10:55:45.584+0000] {processor.py:925} INFO - DAG(s) 'train_power_pred' retrieved from /opt/airflow/dags/train_power_pred.py
[2025-07-22T10:55:45.602+0000] {logging_mixin.py:190} INFO - [2025-07-22T10:55:45.602+0000] {dag.py:3239} INFO - Sync 1 DAGs
[2025-07-22T10:55:45.617+0000] {logging_mixin.py:190} INFO - [2025-07-22T10:55:45.617+0000] {dag.py:4180} INFO - Setting next_dagrun for train_power_pred to 2025-07-22 00:00:00+00:00, run_after=2025-07-23 00:00:00+00:00
[2025-07-22T10:55:45.629+0000] {processor.py:208} INFO - Processing /opt/airflow/dags/train_power_pred.py took 3.322 seconds
[2025-07-22T10:56:16.778+0000] {processor.py:186} INFO - Started process (PID=53256) to work on /opt/airflow/dags/train_power_pred.py
[2025-07-22T10:56:16.780+0000] {processor.py:914} INFO - Processing file /opt/airflow/dags/train_power_pred.py for tasks to queue
[2025-07-22T10:56:16.783+0000] {logging_mixin.py:190} INFO - [2025-07-22T10:56:16.782+0000] {dagbag.py:588} INFO - Filling up the DagBag from /opt/airflow/dags/train_power_pred.py
[2025-07-22T10:56:20.133+0000] {processor.py:925} INFO - DAG(s) 'train_power_pred' retrieved from /opt/airflow/dags/train_power_pred.py
[2025-07-22T10:56:20.155+0000] {logging_mixin.py:190} INFO - [2025-07-22T10:56:20.154+0000] {dag.py:3239} INFO - Sync 1 DAGs
[2025-07-22T10:56:20.172+0000] {logging_mixin.py:190} INFO - [2025-07-22T10:56:20.172+0000] {dag.py:4180} INFO - Setting next_dagrun for train_power_pred to 2025-07-22 00:00:00+00:00, run_after=2025-07-23 00:00:00+00:00
[2025-07-22T10:56:20.188+0000] {processor.py:208} INFO - Processing /opt/airflow/dags/train_power_pred.py took 3.417 seconds
[2025-07-22T10:56:51.664+0000] {processor.py:186} INFO - Started process (PID=53353) to work on /opt/airflow/dags/train_power_pred.py
[2025-07-22T10:56:51.666+0000] {processor.py:914} INFO - Processing file /opt/airflow/dags/train_power_pred.py for tasks to queue
[2025-07-22T10:56:51.668+0000] {logging_mixin.py:190} INFO - [2025-07-22T10:56:51.668+0000] {dagbag.py:588} INFO - Filling up the DagBag from /opt/airflow/dags/train_power_pred.py
[2025-07-22T10:56:54.855+0000] {processor.py:925} INFO - DAG(s) 'train_power_pred' retrieved from /opt/airflow/dags/train_power_pred.py
[2025-07-22T10:56:54.875+0000] {logging_mixin.py:190} INFO - [2025-07-22T10:56:54.874+0000] {dag.py:3239} INFO - Sync 1 DAGs
[2025-07-22T10:56:54.889+0000] {logging_mixin.py:190} INFO - [2025-07-22T10:56:54.889+0000] {dag.py:4180} INFO - Setting next_dagrun for train_power_pred to 2025-07-22 00:00:00+00:00, run_after=2025-07-23 00:00:00+00:00
[2025-07-22T10:56:54.903+0000] {processor.py:208} INFO - Processing /opt/airflow/dags/train_power_pred.py took 3.245 seconds
[2025-07-22T10:57:26.645+0000] {processor.py:186} INFO - Started process (PID=53457) to work on /opt/airflow/dags/train_power_pred.py
[2025-07-22T10:57:26.647+0000] {processor.py:914} INFO - Processing file /opt/airflow/dags/train_power_pred.py for tasks to queue
[2025-07-22T10:57:26.650+0000] {logging_mixin.py:190} INFO - [2025-07-22T10:57:26.650+0000] {dagbag.py:588} INFO - Filling up the DagBag from /opt/airflow/dags/train_power_pred.py
[2025-07-22T10:57:29.957+0000] {processor.py:925} INFO - DAG(s) 'train_power_pred' retrieved from /opt/airflow/dags/train_power_pred.py
[2025-07-22T10:57:29.978+0000] {logging_mixin.py:190} INFO - [2025-07-22T10:57:29.977+0000] {dag.py:3239} INFO - Sync 1 DAGs
[2025-07-22T10:57:29.996+0000] {logging_mixin.py:190} INFO - [2025-07-22T10:57:29.995+0000] {dag.py:4180} INFO - Setting next_dagrun for train_power_pred to 2025-07-22 00:00:00+00:00, run_after=2025-07-23 00:00:00+00:00
[2025-07-22T10:57:30.013+0000] {processor.py:208} INFO - Processing /opt/airflow/dags/train_power_pred.py took 3.376 seconds
[2025-07-22T10:58:01.795+0000] {processor.py:186} INFO - Started process (PID=53556) to work on /opt/airflow/dags/train_power_pred.py
[2025-07-22T10:58:01.796+0000] {processor.py:914} INFO - Processing file /opt/airflow/dags/train_power_pred.py for tasks to queue
[2025-07-22T10:58:01.800+0000] {logging_mixin.py:190} INFO - [2025-07-22T10:58:01.799+0000] {dagbag.py:588} INFO - Filling up the DagBag from /opt/airflow/dags/train_power_pred.py
[2025-07-22T10:58:05.150+0000] {processor.py:925} INFO - DAG(s) 'train_power_pred' retrieved from /opt/airflow/dags/train_power_pred.py
[2025-07-22T10:58:05.169+0000] {logging_mixin.py:190} INFO - [2025-07-22T10:58:05.168+0000] {dag.py:3239} INFO - Sync 1 DAGs
[2025-07-22T10:58:05.185+0000] {logging_mixin.py:190} INFO - [2025-07-22T10:58:05.185+0000] {dag.py:4180} INFO - Setting next_dagrun for train_power_pred to 2025-07-22 00:00:00+00:00, run_after=2025-07-23 00:00:00+00:00
[2025-07-22T10:58:05.198+0000] {processor.py:208} INFO - Processing /opt/airflow/dags/train_power_pred.py took 3.413 seconds
[2025-07-22T10:58:36.919+0000] {processor.py:186} INFO - Started process (PID=53654) to work on /opt/airflow/dags/train_power_pred.py
[2025-07-22T10:58:36.920+0000] {processor.py:914} INFO - Processing file /opt/airflow/dags/train_power_pred.py for tasks to queue
[2025-07-22T10:58:36.923+0000] {logging_mixin.py:190} INFO - [2025-07-22T10:58:36.923+0000] {dagbag.py:588} INFO - Filling up the DagBag from /opt/airflow/dags/train_power_pred.py
[2025-07-22T10:58:40.106+0000] {processor.py:925} INFO - DAG(s) 'train_power_pred' retrieved from /opt/airflow/dags/train_power_pred.py
[2025-07-22T10:58:40.125+0000] {logging_mixin.py:190} INFO - [2025-07-22T10:58:40.125+0000] {dag.py:3239} INFO - Sync 1 DAGs
[2025-07-22T10:58:40.141+0000] {logging_mixin.py:190} INFO - [2025-07-22T10:58:40.140+0000] {dag.py:4180} INFO - Setting next_dagrun for train_power_pred to 2025-07-22 00:00:00+00:00, run_after=2025-07-23 00:00:00+00:00
[2025-07-22T10:58:40.154+0000] {processor.py:208} INFO - Processing /opt/airflow/dags/train_power_pred.py took 3.243 seconds
[2025-07-22T10:59:12.095+0000] {processor.py:186} INFO - Started process (PID=53755) to work on /opt/airflow/dags/train_power_pred.py
[2025-07-22T10:59:12.097+0000] {processor.py:914} INFO - Processing file /opt/airflow/dags/train_power_pred.py for tasks to queue
[2025-07-22T10:59:12.100+0000] {logging_mixin.py:190} INFO - [2025-07-22T10:59:12.099+0000] {dagbag.py:588} INFO - Filling up the DagBag from /opt/airflow/dags/train_power_pred.py
[2025-07-22T10:59:15.194+0000] {processor.py:925} INFO - DAG(s) 'train_power_pred' retrieved from /opt/airflow/dags/train_power_pred.py
[2025-07-22T10:59:15.213+0000] {logging_mixin.py:190} INFO - [2025-07-22T10:59:15.213+0000] {dag.py:3239} INFO - Sync 1 DAGs
[2025-07-22T10:59:15.229+0000] {logging_mixin.py:190} INFO - [2025-07-22T10:59:15.229+0000] {dag.py:4180} INFO - Setting next_dagrun for train_power_pred to 2025-07-22 00:00:00+00:00, run_after=2025-07-23 00:00:00+00:00
[2025-07-22T10:59:15.242+0000] {processor.py:208} INFO - Processing /opt/airflow/dags/train_power_pred.py took 3.154 seconds
[2025-07-22T10:59:47.061+0000] {processor.py:186} INFO - Started process (PID=53850) to work on /opt/airflow/dags/train_power_pred.py
[2025-07-22T10:59:47.063+0000] {processor.py:914} INFO - Processing file /opt/airflow/dags/train_power_pred.py for tasks to queue
[2025-07-22T10:59:47.066+0000] {logging_mixin.py:190} INFO - [2025-07-22T10:59:47.065+0000] {dagbag.py:588} INFO - Filling up the DagBag from /opt/airflow/dags/train_power_pred.py
[2025-07-22T10:59:50.396+0000] {processor.py:925} INFO - DAG(s) 'train_power_pred' retrieved from /opt/airflow/dags/train_power_pred.py
[2025-07-22T10:59:50.419+0000] {logging_mixin.py:190} INFO - [2025-07-22T10:59:50.419+0000] {dag.py:3239} INFO - Sync 1 DAGs
[2025-07-22T10:59:50.438+0000] {logging_mixin.py:190} INFO - [2025-07-22T10:59:50.438+0000] {dag.py:4180} INFO - Setting next_dagrun for train_power_pred to 2025-07-22 00:00:00+00:00, run_after=2025-07-23 00:00:00+00:00
[2025-07-22T10:59:50.458+0000] {processor.py:208} INFO - Processing /opt/airflow/dags/train_power_pred.py took 3.405 seconds
[2025-07-22T11:00:22.282+0000] {processor.py:186} INFO - Started process (PID=53951) to work on /opt/airflow/dags/train_power_pred.py
[2025-07-22T11:00:22.284+0000] {processor.py:914} INFO - Processing file /opt/airflow/dags/train_power_pred.py for tasks to queue
[2025-07-22T11:00:22.287+0000] {logging_mixin.py:190} INFO - [2025-07-22T11:00:22.286+0000] {dagbag.py:588} INFO - Filling up the DagBag from /opt/airflow/dags/train_power_pred.py
[2025-07-22T11:00:25.484+0000] {processor.py:925} INFO - DAG(s) 'train_power_pred' retrieved from /opt/airflow/dags/train_power_pred.py
[2025-07-22T11:00:25.505+0000] {logging_mixin.py:190} INFO - [2025-07-22T11:00:25.505+0000] {dag.py:3239} INFO - Sync 1 DAGs
[2025-07-22T11:00:25.523+0000] {logging_mixin.py:190} INFO - [2025-07-22T11:00:25.522+0000] {dag.py:4180} INFO - Setting next_dagrun for train_power_pred to 2025-07-22 00:00:00+00:00, run_after=2025-07-23 00:00:00+00:00
[2025-07-22T11:00:25.537+0000] {processor.py:208} INFO - Processing /opt/airflow/dags/train_power_pred.py took 3.262 seconds
[2025-07-22T11:00:56.595+0000] {processor.py:186} INFO - Started process (PID=54052) to work on /opt/airflow/dags/train_power_pred.py
[2025-07-22T11:00:56.596+0000] {processor.py:914} INFO - Processing file /opt/airflow/dags/train_power_pred.py for tasks to queue
[2025-07-22T11:00:56.599+0000] {logging_mixin.py:190} INFO - [2025-07-22T11:00:56.599+0000] {dagbag.py:588} INFO - Filling up the DagBag from /opt/airflow/dags/train_power_pred.py
[2025-07-22T11:00:59.802+0000] {processor.py:925} INFO - DAG(s) 'train_power_pred' retrieved from /opt/airflow/dags/train_power_pred.py
[2025-07-22T11:00:59.823+0000] {logging_mixin.py:190} INFO - [2025-07-22T11:00:59.823+0000] {dag.py:3239} INFO - Sync 1 DAGs
[2025-07-22T11:00:59.844+0000] {logging_mixin.py:190} INFO - [2025-07-22T11:00:59.843+0000] {dag.py:4180} INFO - Setting next_dagrun for train_power_pred to 2025-07-22 00:00:00+00:00, run_after=2025-07-23 00:00:00+00:00
[2025-07-22T11:00:59.857+0000] {processor.py:208} INFO - Processing /opt/airflow/dags/train_power_pred.py took 3.270 seconds
[2025-07-22T11:01:31.665+0000] {processor.py:186} INFO - Started process (PID=54153) to work on /opt/airflow/dags/train_power_pred.py
[2025-07-22T11:01:31.666+0000] {processor.py:914} INFO - Processing file /opt/airflow/dags/train_power_pred.py for tasks to queue
[2025-07-22T11:01:31.669+0000] {logging_mixin.py:190} INFO - [2025-07-22T11:01:31.668+0000] {dagbag.py:588} INFO - Filling up the DagBag from /opt/airflow/dags/train_power_pred.py
[2025-07-22T11:01:35.028+0000] {processor.py:925} INFO - DAG(s) 'train_power_pred' retrieved from /opt/airflow/dags/train_power_pred.py
[2025-07-22T11:01:35.047+0000] {logging_mixin.py:190} INFO - [2025-07-22T11:01:35.046+0000] {dag.py:3239} INFO - Sync 1 DAGs
[2025-07-22T11:01:35.064+0000] {logging_mixin.py:190} INFO - [2025-07-22T11:01:35.064+0000] {dag.py:4180} INFO - Setting next_dagrun for train_power_pred to 2025-07-22 00:00:00+00:00, run_after=2025-07-23 00:00:00+00:00
[2025-07-22T11:01:35.079+0000] {processor.py:208} INFO - Processing /opt/airflow/dags/train_power_pred.py took 3.420 seconds
[2025-07-22T11:02:06.891+0000] {processor.py:186} INFO - Started process (PID=54251) to work on /opt/airflow/dags/train_power_pred.py
[2025-07-22T11:02:06.892+0000] {processor.py:914} INFO - Processing file /opt/airflow/dags/train_power_pred.py for tasks to queue
[2025-07-22T11:02:06.894+0000] {logging_mixin.py:190} INFO - [2025-07-22T11:02:06.894+0000] {dagbag.py:588} INFO - Filling up the DagBag from /opt/airflow/dags/train_power_pred.py
[2025-07-22T11:02:10.148+0000] {processor.py:925} INFO - DAG(s) 'train_power_pred' retrieved from /opt/airflow/dags/train_power_pred.py
[2025-07-22T11:02:10.168+0000] {logging_mixin.py:190} INFO - [2025-07-22T11:02:10.168+0000] {dag.py:3239} INFO - Sync 1 DAGs
[2025-07-22T11:02:10.185+0000] {logging_mixin.py:190} INFO - [2025-07-22T11:02:10.185+0000] {dag.py:4180} INFO - Setting next_dagrun for train_power_pred to 2025-07-22 00:00:00+00:00, run_after=2025-07-23 00:00:00+00:00
[2025-07-22T11:02:10.199+0000] {processor.py:208} INFO - Processing /opt/airflow/dags/train_power_pred.py took 3.313 seconds
[2025-07-22T11:02:41.420+0000] {processor.py:186} INFO - Started process (PID=54349) to work on /opt/airflow/dags/train_power_pred.py
[2025-07-22T11:02:41.421+0000] {processor.py:914} INFO - Processing file /opt/airflow/dags/train_power_pred.py for tasks to queue
[2025-07-22T11:02:41.423+0000] {logging_mixin.py:190} INFO - [2025-07-22T11:02:41.423+0000] {dagbag.py:588} INFO - Filling up the DagBag from /opt/airflow/dags/train_power_pred.py
[2025-07-22T11:02:44.543+0000] {processor.py:925} INFO - DAG(s) 'train_power_pred' retrieved from /opt/airflow/dags/train_power_pred.py
[2025-07-22T11:02:44.563+0000] {logging_mixin.py:190} INFO - [2025-07-22T11:02:44.563+0000] {dag.py:3239} INFO - Sync 1 DAGs
[2025-07-22T11:02:44.581+0000] {logging_mixin.py:190} INFO - [2025-07-22T11:02:44.581+0000] {dag.py:4180} INFO - Setting next_dagrun for train_power_pred to 2025-07-22 00:00:00+00:00, run_after=2025-07-23 00:00:00+00:00
[2025-07-22T11:02:44.594+0000] {processor.py:208} INFO - Processing /opt/airflow/dags/train_power_pred.py took 3.181 seconds
[2025-07-22T11:03:16.386+0000] {processor.py:186} INFO - Started process (PID=54447) to work on /opt/airflow/dags/train_power_pred.py
[2025-07-22T11:03:16.388+0000] {processor.py:914} INFO - Processing file /opt/airflow/dags/train_power_pred.py for tasks to queue
[2025-07-22T11:03:16.390+0000] {logging_mixin.py:190} INFO - [2025-07-22T11:03:16.390+0000] {dagbag.py:588} INFO - Filling up the DagBag from /opt/airflow/dags/train_power_pred.py
[2025-07-22T11:03:19.675+0000] {processor.py:925} INFO - DAG(s) 'train_power_pred' retrieved from /opt/airflow/dags/train_power_pred.py
[2025-07-22T11:03:19.697+0000] {logging_mixin.py:190} INFO - [2025-07-22T11:03:19.696+0000] {dag.py:3239} INFO - Sync 1 DAGs
[2025-07-22T11:03:19.716+0000] {logging_mixin.py:190} INFO - [2025-07-22T11:03:19.715+0000] {dag.py:4180} INFO - Setting next_dagrun for train_power_pred to 2025-07-22 00:00:00+00:00, run_after=2025-07-23 00:00:00+00:00
[2025-07-22T11:03:19.731+0000] {processor.py:208} INFO - Processing /opt/airflow/dags/train_power_pred.py took 3.350 seconds
[2025-07-22T11:03:50.920+0000] {processor.py:186} INFO - Started process (PID=54545) to work on /opt/airflow/dags/train_power_pred.py
[2025-07-22T11:03:50.921+0000] {processor.py:914} INFO - Processing file /opt/airflow/dags/train_power_pred.py for tasks to queue
[2025-07-22T11:03:50.923+0000] {logging_mixin.py:190} INFO - [2025-07-22T11:03:50.923+0000] {dagbag.py:588} INFO - Filling up the DagBag from /opt/airflow/dags/train_power_pred.py
[2025-07-22T11:03:54.080+0000] {processor.py:925} INFO - DAG(s) 'train_power_pred' retrieved from /opt/airflow/dags/train_power_pred.py
[2025-07-22T11:03:54.101+0000] {logging_mixin.py:190} INFO - [2025-07-22T11:03:54.101+0000] {dag.py:3239} INFO - Sync 1 DAGs
[2025-07-22T11:03:54.120+0000] {logging_mixin.py:190} INFO - [2025-07-22T11:03:54.120+0000] {dag.py:4180} INFO - Setting next_dagrun for train_power_pred to 2025-07-22 00:00:00+00:00, run_after=2025-07-23 00:00:00+00:00
[2025-07-22T11:03:54.135+0000] {processor.py:208} INFO - Processing /opt/airflow/dags/train_power_pred.py took 3.222 seconds
[2025-07-22T11:04:25.203+0000] {processor.py:186} INFO - Started process (PID=54646) to work on /opt/airflow/dags/train_power_pred.py
[2025-07-22T11:04:25.204+0000] {processor.py:914} INFO - Processing file /opt/airflow/dags/train_power_pred.py for tasks to queue
[2025-07-22T11:04:25.206+0000] {logging_mixin.py:190} INFO - [2025-07-22T11:04:25.206+0000] {dagbag.py:588} INFO - Filling up the DagBag from /opt/airflow/dags/train_power_pred.py
[2025-07-22T11:04:28.337+0000] {processor.py:925} INFO - DAG(s) 'train_power_pred' retrieved from /opt/airflow/dags/train_power_pred.py
[2025-07-22T11:04:28.357+0000] {logging_mixin.py:190} INFO - [2025-07-22T11:04:28.357+0000] {dag.py:3239} INFO - Sync 1 DAGs
[2025-07-22T11:04:28.375+0000] {logging_mixin.py:190} INFO - [2025-07-22T11:04:28.375+0000] {dag.py:4180} INFO - Setting next_dagrun for train_power_pred to 2025-07-22 00:00:00+00:00, run_after=2025-07-23 00:00:00+00:00
[2025-07-22T11:04:28.390+0000] {processor.py:208} INFO - Processing /opt/airflow/dags/train_power_pred.py took 3.192 seconds
[2025-07-22T11:05:00.154+0000] {processor.py:186} INFO - Started process (PID=54744) to work on /opt/airflow/dags/train_power_pred.py
[2025-07-22T11:05:00.155+0000] {processor.py:914} INFO - Processing file /opt/airflow/dags/train_power_pred.py for tasks to queue
[2025-07-22T11:05:00.161+0000] {logging_mixin.py:190} INFO - [2025-07-22T11:05:00.160+0000] {dagbag.py:588} INFO - Filling up the DagBag from /opt/airflow/dags/train_power_pred.py
[2025-07-22T11:05:03.348+0000] {processor.py:925} INFO - DAG(s) 'train_power_pred' retrieved from /opt/airflow/dags/train_power_pred.py
[2025-07-22T11:05:03.372+0000] {logging_mixin.py:190} INFO - [2025-07-22T11:05:03.371+0000] {dag.py:3239} INFO - Sync 1 DAGs
[2025-07-22T11:05:03.389+0000] {logging_mixin.py:190} INFO - [2025-07-22T11:05:03.389+0000] {dag.py:4180} INFO - Setting next_dagrun for train_power_pred to 2025-07-22 00:00:00+00:00, run_after=2025-07-23 00:00:00+00:00
[2025-07-22T11:05:03.408+0000] {processor.py:208} INFO - Processing /opt/airflow/dags/train_power_pred.py took 3.259 seconds
[2025-07-22T11:05:35.330+0000] {processor.py:186} INFO - Started process (PID=54842) to work on /opt/airflow/dags/train_power_pred.py
[2025-07-22T11:05:35.331+0000] {processor.py:914} INFO - Processing file /opt/airflow/dags/train_power_pred.py for tasks to queue
[2025-07-22T11:05:35.334+0000] {logging_mixin.py:190} INFO - [2025-07-22T11:05:35.333+0000] {dagbag.py:588} INFO - Filling up the DagBag from /opt/airflow/dags/train_power_pred.py
[2025-07-22T11:05:38.636+0000] {processor.py:925} INFO - DAG(s) 'train_power_pred' retrieved from /opt/airflow/dags/train_power_pred.py
[2025-07-22T11:05:38.659+0000] {logging_mixin.py:190} INFO - [2025-07-22T11:05:38.658+0000] {dag.py:3239} INFO - Sync 1 DAGs
[2025-07-22T11:05:38.677+0000] {logging_mixin.py:190} INFO - [2025-07-22T11:05:38.677+0000] {dag.py:4180} INFO - Setting next_dagrun for train_power_pred to 2025-07-22 00:00:00+00:00, run_after=2025-07-23 00:00:00+00:00
[2025-07-22T11:05:38.697+0000] {processor.py:208} INFO - Processing /opt/airflow/dags/train_power_pred.py took 3.373 seconds
[2025-07-22T11:06:10.443+0000] {processor.py:186} INFO - Started process (PID=54940) to work on /opt/airflow/dags/train_power_pred.py
[2025-07-22T11:06:10.444+0000] {processor.py:914} INFO - Processing file /opt/airflow/dags/train_power_pred.py for tasks to queue
[2025-07-22T11:06:10.446+0000] {logging_mixin.py:190} INFO - [2025-07-22T11:06:10.446+0000] {dagbag.py:588} INFO - Filling up the DagBag from /opt/airflow/dags/train_power_pred.py
[2025-07-22T11:06:13.495+0000] {processor.py:925} INFO - DAG(s) 'train_power_pred' retrieved from /opt/airflow/dags/train_power_pred.py
[2025-07-22T11:06:13.515+0000] {logging_mixin.py:190} INFO - [2025-07-22T11:06:13.515+0000] {dag.py:3239} INFO - Sync 1 DAGs
[2025-07-22T11:06:13.532+0000] {logging_mixin.py:190} INFO - [2025-07-22T11:06:13.532+0000] {dag.py:4180} INFO - Setting next_dagrun for train_power_pred to 2025-07-22 00:00:00+00:00, run_after=2025-07-23 00:00:00+00:00
[2025-07-22T11:06:13.546+0000] {processor.py:208} INFO - Processing /opt/airflow/dags/train_power_pred.py took 3.109 seconds
[2025-07-22T11:06:44.936+0000] {processor.py:186} INFO - Started process (PID=55037) to work on /opt/airflow/dags/train_power_pred.py
[2025-07-22T11:06:44.938+0000] {processor.py:914} INFO - Processing file /opt/airflow/dags/train_power_pred.py for tasks to queue
[2025-07-22T11:06:44.940+0000] {logging_mixin.py:190} INFO - [2025-07-22T11:06:44.940+0000] {dagbag.py:588} INFO - Filling up the DagBag from /opt/airflow/dags/train_power_pred.py
[2025-07-22T11:06:48.011+0000] {processor.py:925} INFO - DAG(s) 'train_power_pred' retrieved from /opt/airflow/dags/train_power_pred.py
[2025-07-22T11:06:48.029+0000] {logging_mixin.py:190} INFO - [2025-07-22T11:06:48.029+0000] {dag.py:3239} INFO - Sync 1 DAGs
[2025-07-22T11:06:48.045+0000] {logging_mixin.py:190} INFO - [2025-07-22T11:06:48.045+0000] {dag.py:4180} INFO - Setting next_dagrun for train_power_pred to 2025-07-22 00:00:00+00:00, run_after=2025-07-23 00:00:00+00:00
[2025-07-22T11:06:48.058+0000] {processor.py:208} INFO - Processing /opt/airflow/dags/train_power_pred.py took 3.128 seconds
[2025-07-22T11:07:19.932+0000] {processor.py:186} INFO - Started process (PID=55135) to work on /opt/airflow/dags/train_power_pred.py
[2025-07-22T11:07:19.934+0000] {processor.py:914} INFO - Processing file /opt/airflow/dags/train_power_pred.py for tasks to queue
[2025-07-22T11:07:19.937+0000] {logging_mixin.py:190} INFO - [2025-07-22T11:07:19.936+0000] {dagbag.py:588} INFO - Filling up the DagBag from /opt/airflow/dags/train_power_pred.py
[2025-07-22T11:07:23.113+0000] {processor.py:925} INFO - DAG(s) 'train_power_pred' retrieved from /opt/airflow/dags/train_power_pred.py
[2025-07-22T11:07:23.134+0000] {logging_mixin.py:190} INFO - [2025-07-22T11:07:23.134+0000] {dag.py:3239} INFO - Sync 1 DAGs
[2025-07-22T11:07:23.152+0000] {logging_mixin.py:190} INFO - [2025-07-22T11:07:23.152+0000] {dag.py:4180} INFO - Setting next_dagrun for train_power_pred to 2025-07-22 00:00:00+00:00, run_after=2025-07-23 00:00:00+00:00
[2025-07-22T11:07:23.165+0000] {processor.py:208} INFO - Processing /opt/airflow/dags/train_power_pred.py took 3.241 seconds
[2025-07-22T11:07:55.101+0000] {processor.py:186} INFO - Started process (PID=55233) to work on /opt/airflow/dags/train_power_pred.py
[2025-07-22T11:07:55.103+0000] {processor.py:914} INFO - Processing file /opt/airflow/dags/train_power_pred.py for tasks to queue
[2025-07-22T11:07:55.106+0000] {logging_mixin.py:190} INFO - [2025-07-22T11:07:55.106+0000] {dagbag.py:588} INFO - Filling up the DagBag from /opt/airflow/dags/train_power_pred.py
[2025-07-22T11:07:58.358+0000] {processor.py:925} INFO - DAG(s) 'train_power_pred' retrieved from /opt/airflow/dags/train_power_pred.py
[2025-07-22T11:07:58.376+0000] {logging_mixin.py:190} INFO - [2025-07-22T11:07:58.376+0000] {dag.py:3239} INFO - Sync 1 DAGs
[2025-07-22T11:07:58.394+0000] {logging_mixin.py:190} INFO - [2025-07-22T11:07:58.394+0000] {dag.py:4180} INFO - Setting next_dagrun for train_power_pred to 2025-07-22 00:00:00+00:00, run_after=2025-07-23 00:00:00+00:00
[2025-07-22T11:07:58.407+0000] {processor.py:208} INFO - Processing /opt/airflow/dags/train_power_pred.py took 3.314 seconds
[2025-07-22T11:08:30.521+0000] {processor.py:186} INFO - Started process (PID=55337) to work on /opt/airflow/dags/train_power_pred.py
[2025-07-22T11:08:30.522+0000] {processor.py:914} INFO - Processing file /opt/airflow/dags/train_power_pred.py for tasks to queue
[2025-07-22T11:08:30.525+0000] {logging_mixin.py:190} INFO - [2025-07-22T11:08:30.524+0000] {dagbag.py:588} INFO - Filling up the DagBag from /opt/airflow/dags/train_power_pred.py
[2025-07-22T11:08:33.638+0000] {processor.py:925} INFO - DAG(s) 'train_power_pred' retrieved from /opt/airflow/dags/train_power_pred.py
[2025-07-22T11:08:33.658+0000] {logging_mixin.py:190} INFO - [2025-07-22T11:08:33.657+0000] {dag.py:3239} INFO - Sync 1 DAGs
[2025-07-22T11:08:33.673+0000] {logging_mixin.py:190} INFO - [2025-07-22T11:08:33.673+0000] {dag.py:4180} INFO - Setting next_dagrun for train_power_pred to 2025-07-22 00:00:00+00:00, run_after=2025-07-23 00:00:00+00:00
[2025-07-22T11:08:33.687+0000] {processor.py:208} INFO - Processing /opt/airflow/dags/train_power_pred.py took 3.173 seconds
[2025-07-22T11:09:06.019+0000] {processor.py:186} INFO - Started process (PID=55435) to work on /opt/airflow/dags/train_power_pred.py
[2025-07-22T11:09:06.020+0000] {processor.py:914} INFO - Processing file /opt/airflow/dags/train_power_pred.py for tasks to queue
[2025-07-22T11:09:06.022+0000] {logging_mixin.py:190} INFO - [2025-07-22T11:09:06.022+0000] {dagbag.py:588} INFO - Filling up the DagBag from /opt/airflow/dags/train_power_pred.py
[2025-07-22T11:09:09.291+0000] {processor.py:925} INFO - DAG(s) 'train_power_pred' retrieved from /opt/airflow/dags/train_power_pred.py
[2025-07-22T11:09:09.312+0000] {logging_mixin.py:190} INFO - [2025-07-22T11:09:09.310+0000] {dag.py:3239} INFO - Sync 1 DAGs
[2025-07-22T11:09:09.327+0000] {logging_mixin.py:190} INFO - [2025-07-22T11:09:09.326+0000] {dag.py:4180} INFO - Setting next_dagrun for train_power_pred to 2025-07-22 00:00:00+00:00, run_after=2025-07-23 00:00:00+00:00
[2025-07-22T11:09:09.341+0000] {processor.py:208} INFO - Processing /opt/airflow/dags/train_power_pred.py took 3.328 seconds
[2025-07-22T11:09:40.744+0000] {processor.py:186} INFO - Started process (PID=55533) to work on /opt/airflow/dags/train_power_pred.py
[2025-07-22T11:09:40.746+0000] {processor.py:914} INFO - Processing file /opt/airflow/dags/train_power_pred.py for tasks to queue
[2025-07-22T11:09:40.748+0000] {logging_mixin.py:190} INFO - [2025-07-22T11:09:40.747+0000] {dagbag.py:588} INFO - Filling up the DagBag from /opt/airflow/dags/train_power_pred.py
[2025-07-22T11:09:44.149+0000] {processor.py:925} INFO - DAG(s) 'train_power_pred' retrieved from /opt/airflow/dags/train_power_pred.py
[2025-07-22T11:09:44.175+0000] {logging_mixin.py:190} INFO - [2025-07-22T11:09:44.174+0000] {dag.py:3239} INFO - Sync 1 DAGs
[2025-07-22T11:09:44.197+0000] {logging_mixin.py:190} INFO - [2025-07-22T11:09:44.197+0000] {dag.py:4180} INFO - Setting next_dagrun for train_power_pred to 2025-07-22 00:00:00+00:00, run_after=2025-07-23 00:00:00+00:00
[2025-07-22T11:09:44.217+0000] {processor.py:208} INFO - Processing /opt/airflow/dags/train_power_pred.py took 3.479 seconds
[2025-07-22T11:10:16.320+0000] {processor.py:186} INFO - Started process (PID=55631) to work on /opt/airflow/dags/train_power_pred.py
[2025-07-22T11:10:16.321+0000] {processor.py:914} INFO - Processing file /opt/airflow/dags/train_power_pred.py for tasks to queue
[2025-07-22T11:10:16.324+0000] {logging_mixin.py:190} INFO - [2025-07-22T11:10:16.323+0000] {dagbag.py:588} INFO - Filling up the DagBag from /opt/airflow/dags/train_power_pred.py
[2025-07-22T11:10:19.828+0000] {processor.py:925} INFO - DAG(s) 'train_power_pred' retrieved from /opt/airflow/dags/train_power_pred.py
[2025-07-22T11:10:19.852+0000] {logging_mixin.py:190} INFO - [2025-07-22T11:10:19.851+0000] {dag.py:3239} INFO - Sync 1 DAGs
[2025-07-22T11:10:19.872+0000] {logging_mixin.py:190} INFO - [2025-07-22T11:10:19.871+0000] {dag.py:4180} INFO - Setting next_dagrun for train_power_pred to 2025-07-22 00:00:00+00:00, run_after=2025-07-23 00:00:00+00:00
[2025-07-22T11:10:19.888+0000] {processor.py:208} INFO - Processing /opt/airflow/dags/train_power_pred.py took 3.575 seconds
[2025-07-22T11:10:51.605+0000] {processor.py:186} INFO - Started process (PID=55730) to work on /opt/airflow/dags/train_power_pred.py
[2025-07-22T11:10:51.606+0000] {processor.py:914} INFO - Processing file /opt/airflow/dags/train_power_pred.py for tasks to queue
[2025-07-22T11:10:51.608+0000] {logging_mixin.py:190} INFO - [2025-07-22T11:10:51.608+0000] {dagbag.py:588} INFO - Filling up the DagBag from /opt/airflow/dags/train_power_pred.py
[2025-07-22T11:10:54.823+0000] {processor.py:925} INFO - DAG(s) 'train_power_pred' retrieved from /opt/airflow/dags/train_power_pred.py
[2025-07-22T11:10:54.842+0000] {logging_mixin.py:190} INFO - [2025-07-22T11:10:54.841+0000] {dag.py:3239} INFO - Sync 1 DAGs
[2025-07-22T11:10:54.857+0000] {logging_mixin.py:190} INFO - [2025-07-22T11:10:54.857+0000] {dag.py:4180} INFO - Setting next_dagrun for train_power_pred to 2025-07-22 00:00:00+00:00, run_after=2025-07-23 00:00:00+00:00
[2025-07-22T11:10:54.873+0000] {processor.py:208} INFO - Processing /opt/airflow/dags/train_power_pred.py took 3.273 seconds
[2025-07-22T11:11:26.058+0000] {processor.py:186} INFO - Started process (PID=55833) to work on /opt/airflow/dags/train_power_pred.py
[2025-07-22T11:11:26.059+0000] {processor.py:914} INFO - Processing file /opt/airflow/dags/train_power_pred.py for tasks to queue
[2025-07-22T11:11:26.062+0000] {logging_mixin.py:190} INFO - [2025-07-22T11:11:26.061+0000] {dagbag.py:588} INFO - Filling up the DagBag from /opt/airflow/dags/train_power_pred.py
[2025-07-22T11:11:29.465+0000] {processor.py:925} INFO - DAG(s) 'train_power_pred' retrieved from /opt/airflow/dags/train_power_pred.py
[2025-07-22T11:11:29.486+0000] {logging_mixin.py:190} INFO - [2025-07-22T11:11:29.486+0000] {dag.py:3239} INFO - Sync 1 DAGs
[2025-07-22T11:11:29.504+0000] {logging_mixin.py:190} INFO - [2025-07-22T11:11:29.504+0000] {dag.py:4180} INFO - Setting next_dagrun for train_power_pred to 2025-07-22 00:00:00+00:00, run_after=2025-07-23 00:00:00+00:00
[2025-07-22T11:11:29.521+0000] {processor.py:208} INFO - Processing /opt/airflow/dags/train_power_pred.py took 3.469 seconds
[2025-07-22T11:12:00.728+0000] {processor.py:186} INFO - Started process (PID=55931) to work on /opt/airflow/dags/train_power_pred.py
[2025-07-22T11:12:00.729+0000] {processor.py:914} INFO - Processing file /opt/airflow/dags/train_power_pred.py for tasks to queue
[2025-07-22T11:12:00.732+0000] {logging_mixin.py:190} INFO - [2025-07-22T11:12:00.732+0000] {dagbag.py:588} INFO - Filling up the DagBag from /opt/airflow/dags/train_power_pred.py
[2025-07-22T11:12:03.996+0000] {processor.py:925} INFO - DAG(s) 'train_power_pred' retrieved from /opt/airflow/dags/train_power_pred.py
[2025-07-22T11:12:04.017+0000] {logging_mixin.py:190} INFO - [2025-07-22T11:12:04.016+0000] {dag.py:3239} INFO - Sync 1 DAGs
[2025-07-22T11:12:04.037+0000] {logging_mixin.py:190} INFO - [2025-07-22T11:12:04.037+0000] {dag.py:4180} INFO - Setting next_dagrun for train_power_pred to 2025-07-22 00:00:00+00:00, run_after=2025-07-23 00:00:00+00:00
[2025-07-22T11:12:04.052+0000] {processor.py:208} INFO - Processing /opt/airflow/dags/train_power_pred.py took 3.330 seconds
[2025-07-22T11:12:36.074+0000] {processor.py:186} INFO - Started process (PID=56030) to work on /opt/airflow/dags/train_power_pred.py
[2025-07-22T11:12:36.076+0000] {processor.py:914} INFO - Processing file /opt/airflow/dags/train_power_pred.py for tasks to queue
[2025-07-22T11:12:36.078+0000] {logging_mixin.py:190} INFO - [2025-07-22T11:12:36.078+0000] {dagbag.py:588} INFO - Filling up the DagBag from /opt/airflow/dags/train_power_pred.py
[2025-07-22T11:12:39.330+0000] {processor.py:925} INFO - DAG(s) 'train_power_pred' retrieved from /opt/airflow/dags/train_power_pred.py
[2025-07-22T11:12:39.352+0000] {logging_mixin.py:190} INFO - [2025-07-22T11:12:39.352+0000] {dag.py:3239} INFO - Sync 1 DAGs
[2025-07-22T11:12:39.370+0000] {logging_mixin.py:190} INFO - [2025-07-22T11:12:39.369+0000] {dag.py:4180} INFO - Setting next_dagrun for train_power_pred to 2025-07-22 00:00:00+00:00, run_after=2025-07-23 00:00:00+00:00
[2025-07-22T11:12:39.386+0000] {processor.py:208} INFO - Processing /opt/airflow/dags/train_power_pred.py took 3.318 seconds
[2025-07-22T11:13:10.633+0000] {processor.py:186} INFO - Started process (PID=56127) to work on /opt/airflow/dags/train_power_pred.py
[2025-07-22T11:13:10.634+0000] {processor.py:914} INFO - Processing file /opt/airflow/dags/train_power_pred.py for tasks to queue
[2025-07-22T11:13:10.637+0000] {logging_mixin.py:190} INFO - [2025-07-22T11:13:10.636+0000] {dagbag.py:588} INFO - Filling up the DagBag from /opt/airflow/dags/train_power_pred.py
[2025-07-22T11:13:13.924+0000] {processor.py:925} INFO - DAG(s) 'train_power_pred' retrieved from /opt/airflow/dags/train_power_pred.py
[2025-07-22T11:13:13.943+0000] {logging_mixin.py:190} INFO - [2025-07-22T11:13:13.943+0000] {dag.py:3239} INFO - Sync 1 DAGs
[2025-07-22T11:13:13.960+0000] {logging_mixin.py:190} INFO - [2025-07-22T11:13:13.959+0000] {dag.py:4180} INFO - Setting next_dagrun for train_power_pred to 2025-07-22 00:00:00+00:00, run_after=2025-07-23 00:00:00+00:00
[2025-07-22T11:13:13.973+0000] {processor.py:208} INFO - Processing /opt/airflow/dags/train_power_pred.py took 3.347 seconds
[2025-07-22T11:13:45.109+0000] {processor.py:186} INFO - Started process (PID=56225) to work on /opt/airflow/dags/train_power_pred.py
[2025-07-22T11:13:45.110+0000] {processor.py:914} INFO - Processing file /opt/airflow/dags/train_power_pred.py for tasks to queue
[2025-07-22T11:13:45.113+0000] {logging_mixin.py:190} INFO - [2025-07-22T11:13:45.113+0000] {dagbag.py:588} INFO - Filling up the DagBag from /opt/airflow/dags/train_power_pred.py
[2025-07-22T11:13:48.169+0000] {processor.py:925} INFO - DAG(s) 'train_power_pred' retrieved from /opt/airflow/dags/train_power_pred.py
[2025-07-22T11:13:48.189+0000] {logging_mixin.py:190} INFO - [2025-07-22T11:13:48.189+0000] {dag.py:3239} INFO - Sync 1 DAGs
[2025-07-22T11:13:48.204+0000] {logging_mixin.py:190} INFO - [2025-07-22T11:13:48.204+0000] {dag.py:4180} INFO - Setting next_dagrun for train_power_pred to 2025-07-22 00:00:00+00:00, run_after=2025-07-23 00:00:00+00:00
[2025-07-22T11:13:48.218+0000] {processor.py:208} INFO - Processing /opt/airflow/dags/train_power_pred.py took 3.115 seconds
[2025-07-22T11:14:20.287+0000] {processor.py:186} INFO - Started process (PID=56324) to work on /opt/airflow/dags/train_power_pred.py
[2025-07-22T11:14:20.288+0000] {processor.py:914} INFO - Processing file /opt/airflow/dags/train_power_pred.py for tasks to queue
[2025-07-22T11:14:20.291+0000] {logging_mixin.py:190} INFO - [2025-07-22T11:14:20.291+0000] {dagbag.py:588} INFO - Filling up the DagBag from /opt/airflow/dags/train_power_pred.py
[2025-07-22T11:14:23.357+0000] {processor.py:925} INFO - DAG(s) 'train_power_pred' retrieved from /opt/airflow/dags/train_power_pred.py
[2025-07-22T11:14:23.377+0000] {logging_mixin.py:190} INFO - [2025-07-22T11:14:23.376+0000] {dag.py:3239} INFO - Sync 1 DAGs
[2025-07-22T11:14:23.395+0000] {logging_mixin.py:190} INFO - [2025-07-22T11:14:23.395+0000] {dag.py:4180} INFO - Setting next_dagrun for train_power_pred to 2025-07-22 00:00:00+00:00, run_after=2025-07-23 00:00:00+00:00
[2025-07-22T11:14:23.409+0000] {processor.py:208} INFO - Processing /opt/airflow/dags/train_power_pred.py took 3.129 seconds
[2025-07-22T11:14:55.491+0000] {processor.py:186} INFO - Started process (PID=56425) to work on /opt/airflow/dags/train_power_pred.py
[2025-07-22T11:14:55.492+0000] {processor.py:914} INFO - Processing file /opt/airflow/dags/train_power_pred.py for tasks to queue
[2025-07-22T11:14:55.494+0000] {logging_mixin.py:190} INFO - [2025-07-22T11:14:55.494+0000] {dagbag.py:588} INFO - Filling up the DagBag from /opt/airflow/dags/train_power_pred.py
[2025-07-22T11:14:58.541+0000] {processor.py:925} INFO - DAG(s) 'train_power_pred' retrieved from /opt/airflow/dags/train_power_pred.py
[2025-07-22T11:14:58.562+0000] {logging_mixin.py:190} INFO - [2025-07-22T11:14:58.562+0000] {dag.py:3239} INFO - Sync 1 DAGs
[2025-07-22T11:14:58.579+0000] {logging_mixin.py:190} INFO - [2025-07-22T11:14:58.579+0000] {dag.py:4180} INFO - Setting next_dagrun for train_power_pred to 2025-07-22 00:00:00+00:00, run_after=2025-07-23 00:00:00+00:00
[2025-07-22T11:14:58.594+0000] {processor.py:208} INFO - Processing /opt/airflow/dags/train_power_pred.py took 3.110 seconds
[2025-07-22T11:15:30.788+0000] {processor.py:186} INFO - Started process (PID=56529) to work on /opt/airflow/dags/train_power_pred.py
[2025-07-22T11:15:30.789+0000] {processor.py:914} INFO - Processing file /opt/airflow/dags/train_power_pred.py for tasks to queue
[2025-07-22T11:15:30.791+0000] {logging_mixin.py:190} INFO - [2025-07-22T11:15:30.791+0000] {dagbag.py:588} INFO - Filling up the DagBag from /opt/airflow/dags/train_power_pred.py
[2025-07-22T11:15:33.947+0000] {processor.py:925} INFO - DAG(s) 'train_power_pred' retrieved from /opt/airflow/dags/train_power_pred.py
[2025-07-22T11:15:33.969+0000] {logging_mixin.py:190} INFO - [2025-07-22T11:15:33.969+0000] {dag.py:3239} INFO - Sync 1 DAGs
[2025-07-22T11:15:33.989+0000] {logging_mixin.py:190} INFO - [2025-07-22T11:15:33.989+0000] {dag.py:4180} INFO - Setting next_dagrun for train_power_pred to 2025-07-22 00:00:00+00:00, run_after=2025-07-23 00:00:00+00:00
[2025-07-22T11:15:34.007+0000] {processor.py:208} INFO - Processing /opt/airflow/dags/train_power_pred.py took 3.226 seconds
[2025-07-22T11:16:06.093+0000] {processor.py:186} INFO - Started process (PID=56627) to work on /opt/airflow/dags/train_power_pred.py
[2025-07-22T11:16:06.094+0000] {processor.py:914} INFO - Processing file /opt/airflow/dags/train_power_pred.py for tasks to queue
[2025-07-22T11:16:06.097+0000] {logging_mixin.py:190} INFO - [2025-07-22T11:16:06.097+0000] {dagbag.py:588} INFO - Filling up the DagBag from /opt/airflow/dags/train_power_pred.py
[2025-07-22T11:16:09.273+0000] {processor.py:925} INFO - DAG(s) 'train_power_pred' retrieved from /opt/airflow/dags/train_power_pred.py
[2025-07-22T11:16:09.294+0000] {logging_mixin.py:190} INFO - [2025-07-22T11:16:09.293+0000] {dag.py:3239} INFO - Sync 1 DAGs
[2025-07-22T11:16:09.313+0000] {logging_mixin.py:190} INFO - [2025-07-22T11:16:09.313+0000] {dag.py:4180} INFO - Setting next_dagrun for train_power_pred to 2025-07-22 00:00:00+00:00, run_after=2025-07-23 00:00:00+00:00
[2025-07-22T11:16:09.328+0000] {processor.py:208} INFO - Processing /opt/airflow/dags/train_power_pred.py took 3.241 seconds
[2025-07-22T11:16:40.471+0000] {processor.py:186} INFO - Started process (PID=56725) to work on /opt/airflow/dags/train_power_pred.py
[2025-07-22T11:16:40.472+0000] {processor.py:914} INFO - Processing file /opt/airflow/dags/train_power_pred.py for tasks to queue
[2025-07-22T11:16:40.475+0000] {logging_mixin.py:190} INFO - [2025-07-22T11:16:40.475+0000] {dagbag.py:588} INFO - Filling up the DagBag from /opt/airflow/dags/train_power_pred.py
[2025-07-22T11:16:43.600+0000] {processor.py:925} INFO - DAG(s) 'train_power_pred' retrieved from /opt/airflow/dags/train_power_pred.py
[2025-07-22T11:16:43.621+0000] {logging_mixin.py:190} INFO - [2025-07-22T11:16:43.620+0000] {dag.py:3239} INFO - Sync 1 DAGs
[2025-07-22T11:16:43.638+0000] {logging_mixin.py:190} INFO - [2025-07-22T11:16:43.638+0000] {dag.py:4180} INFO - Setting next_dagrun for train_power_pred to 2025-07-22 00:00:00+00:00, run_after=2025-07-23 00:00:00+00:00
[2025-07-22T11:16:43.653+0000] {processor.py:208} INFO - Processing /opt/airflow/dags/train_power_pred.py took 3.188 seconds
[2025-07-22T11:17:15.013+0000] {processor.py:186} INFO - Started process (PID=56820) to work on /opt/airflow/dags/train_power_pred.py
[2025-07-22T11:17:15.014+0000] {processor.py:914} INFO - Processing file /opt/airflow/dags/train_power_pred.py for tasks to queue
[2025-07-22T11:17:15.016+0000] {logging_mixin.py:190} INFO - [2025-07-22T11:17:15.016+0000] {dagbag.py:588} INFO - Filling up the DagBag from /opt/airflow/dags/train_power_pred.py
[2025-07-22T11:17:18.109+0000] {processor.py:925} INFO - DAG(s) 'train_power_pred' retrieved from /opt/airflow/dags/train_power_pred.py
[2025-07-22T11:17:18.131+0000] {logging_mixin.py:190} INFO - [2025-07-22T11:17:18.131+0000] {dag.py:3239} INFO - Sync 1 DAGs
[2025-07-22T11:17:18.149+0000] {logging_mixin.py:190} INFO - [2025-07-22T11:17:18.149+0000] {dag.py:4180} INFO - Setting next_dagrun for train_power_pred to 2025-07-22 00:00:00+00:00, run_after=2025-07-23 00:00:00+00:00
[2025-07-22T11:17:18.163+0000] {processor.py:208} INFO - Processing /opt/airflow/dags/train_power_pred.py took 3.156 seconds
[2025-07-22T11:17:49.627+0000] {processor.py:186} INFO - Started process (PID=56921) to work on /opt/airflow/dags/train_power_pred.py
[2025-07-22T11:17:49.629+0000] {processor.py:914} INFO - Processing file /opt/airflow/dags/train_power_pred.py for tasks to queue
[2025-07-22T11:17:49.631+0000] {logging_mixin.py:190} INFO - [2025-07-22T11:17:49.630+0000] {dagbag.py:588} INFO - Filling up the DagBag from /opt/airflow/dags/train_power_pred.py
[2025-07-22T11:17:52.814+0000] {processor.py:925} INFO - DAG(s) 'train_power_pred' retrieved from /opt/airflow/dags/train_power_pred.py
[2025-07-22T11:17:52.835+0000] {logging_mixin.py:190} INFO - [2025-07-22T11:17:52.835+0000] {dag.py:3239} INFO - Sync 1 DAGs
[2025-07-22T11:17:52.852+0000] {logging_mixin.py:190} INFO - [2025-07-22T11:17:52.852+0000] {dag.py:4180} INFO - Setting next_dagrun for train_power_pred to 2025-07-22 00:00:00+00:00, run_after=2025-07-23 00:00:00+00:00
[2025-07-22T11:17:52.867+0000] {processor.py:208} INFO - Processing /opt/airflow/dags/train_power_pred.py took 3.247 seconds
[2025-07-22T11:18:24.256+0000] {processor.py:186} INFO - Started process (PID=57017) to work on /opt/airflow/dags/train_power_pred.py
[2025-07-22T11:18:24.258+0000] {processor.py:914} INFO - Processing file /opt/airflow/dags/train_power_pred.py for tasks to queue
[2025-07-22T11:18:24.260+0000] {logging_mixin.py:190} INFO - [2025-07-22T11:18:24.260+0000] {dagbag.py:588} INFO - Filling up the DagBag from /opt/airflow/dags/train_power_pred.py
[2025-07-22T11:18:27.364+0000] {processor.py:925} INFO - DAG(s) 'train_power_pred' retrieved from /opt/airflow/dags/train_power_pred.py
[2025-07-22T11:18:27.383+0000] {logging_mixin.py:190} INFO - [2025-07-22T11:18:27.382+0000] {dag.py:3239} INFO - Sync 1 DAGs
[2025-07-22T11:18:27.400+0000] {logging_mixin.py:190} INFO - [2025-07-22T11:18:27.399+0000] {dag.py:4180} INFO - Setting next_dagrun for train_power_pred to 2025-07-22 00:00:00+00:00, run_after=2025-07-23 00:00:00+00:00
[2025-07-22T11:18:27.416+0000] {processor.py:208} INFO - Processing /opt/airflow/dags/train_power_pred.py took 3.166 seconds
[2025-07-22T11:18:58.668+0000] {processor.py:186} INFO - Started process (PID=57123) to work on /opt/airflow/dags/train_power_pred.py
[2025-07-22T11:18:58.669+0000] {processor.py:914} INFO - Processing file /opt/airflow/dags/train_power_pred.py for tasks to queue
[2025-07-22T11:18:58.671+0000] {logging_mixin.py:190} INFO - [2025-07-22T11:18:58.671+0000] {dagbag.py:588} INFO - Filling up the DagBag from /opt/airflow/dags/train_power_pred.py
[2025-07-22T11:19:01.661+0000] {processor.py:925} INFO - DAG(s) 'train_power_pred' retrieved from /opt/airflow/dags/train_power_pred.py
[2025-07-22T11:19:01.681+0000] {logging_mixin.py:190} INFO - [2025-07-22T11:19:01.680+0000] {dag.py:3239} INFO - Sync 1 DAGs
[2025-07-22T11:19:01.698+0000] {logging_mixin.py:190} INFO - [2025-07-22T11:19:01.698+0000] {dag.py:4180} INFO - Setting next_dagrun for train_power_pred to 2025-07-22 00:00:00+00:00, run_after=2025-07-23 00:00:00+00:00
[2025-07-22T11:19:01.712+0000] {processor.py:208} INFO - Processing /opt/airflow/dags/train_power_pred.py took 3.050 seconds
[2025-07-22T11:19:33.721+0000] {processor.py:186} INFO - Started process (PID=57218) to work on /opt/airflow/dags/train_power_pred.py
[2025-07-22T11:19:33.722+0000] {processor.py:914} INFO - Processing file /opt/airflow/dags/train_power_pred.py for tasks to queue
[2025-07-22T11:19:33.724+0000] {logging_mixin.py:190} INFO - [2025-07-22T11:19:33.724+0000] {dagbag.py:588} INFO - Filling up the DagBag from /opt/airflow/dags/train_power_pred.py
[2025-07-22T11:19:36.726+0000] {processor.py:925} INFO - DAG(s) 'train_power_pred' retrieved from /opt/airflow/dags/train_power_pred.py
[2025-07-22T11:19:36.746+0000] {logging_mixin.py:190} INFO - [2025-07-22T11:19:36.745+0000] {dag.py:3239} INFO - Sync 1 DAGs
[2025-07-22T11:19:36.763+0000] {logging_mixin.py:190} INFO - [2025-07-22T11:19:36.762+0000] {dag.py:4180} INFO - Setting next_dagrun for train_power_pred to 2025-07-22 00:00:00+00:00, run_after=2025-07-23 00:00:00+00:00
[2025-07-22T11:19:36.778+0000] {processor.py:208} INFO - Processing /opt/airflow/dags/train_power_pred.py took 3.063 seconds
[2025-07-22T11:20:08.968+0000] {processor.py:186} INFO - Started process (PID=57316) to work on /opt/airflow/dags/train_power_pred.py
[2025-07-22T11:20:08.969+0000] {processor.py:914} INFO - Processing file /opt/airflow/dags/train_power_pred.py for tasks to queue
[2025-07-22T11:20:08.972+0000] {logging_mixin.py:190} INFO - [2025-07-22T11:20:08.972+0000] {dagbag.py:588} INFO - Filling up the DagBag from /opt/airflow/dags/train_power_pred.py
[2025-07-22T11:20:12.001+0000] {processor.py:925} INFO - DAG(s) 'train_power_pred' retrieved from /opt/airflow/dags/train_power_pred.py
[2025-07-22T11:20:12.023+0000] {logging_mixin.py:190} INFO - [2025-07-22T11:20:12.022+0000] {dag.py:3239} INFO - Sync 1 DAGs
[2025-07-22T11:20:12.043+0000] {logging_mixin.py:190} INFO - [2025-07-22T11:20:12.043+0000] {dag.py:4180} INFO - Setting next_dagrun for train_power_pred to 2025-07-22 00:00:00+00:00, run_after=2025-07-23 00:00:00+00:00
[2025-07-22T11:20:12.058+0000] {processor.py:208} INFO - Processing /opt/airflow/dags/train_power_pred.py took 3.098 seconds
[2025-07-22T11:20:43.934+0000] {processor.py:186} INFO - Started process (PID=57414) to work on /opt/airflow/dags/train_power_pred.py
[2025-07-22T11:20:43.935+0000] {processor.py:914} INFO - Processing file /opt/airflow/dags/train_power_pred.py for tasks to queue
[2025-07-22T11:20:43.938+0000] {logging_mixin.py:190} INFO - [2025-07-22T11:20:43.937+0000] {dagbag.py:588} INFO - Filling up the DagBag from /opt/airflow/dags/train_power_pred.py
[2025-07-22T11:20:47.068+0000] {processor.py:925} INFO - DAG(s) 'train_power_pred' retrieved from /opt/airflow/dags/train_power_pred.py
[2025-07-22T11:20:47.087+0000] {logging_mixin.py:190} INFO - [2025-07-22T11:20:47.087+0000] {dag.py:3239} INFO - Sync 1 DAGs
[2025-07-22T11:20:47.104+0000] {logging_mixin.py:190} INFO - [2025-07-22T11:20:47.104+0000] {dag.py:4180} INFO - Setting next_dagrun for train_power_pred to 2025-07-22 00:00:00+00:00, run_after=2025-07-23 00:00:00+00:00
[2025-07-22T11:20:47.122+0000] {processor.py:208} INFO - Processing /opt/airflow/dags/train_power_pred.py took 3.193 seconds
[2025-07-22T11:21:19.673+0000] {processor.py:186} INFO - Started process (PID=57512) to work on /opt/airflow/dags/train_power_pred.py
[2025-07-22T11:21:19.675+0000] {processor.py:914} INFO - Processing file /opt/airflow/dags/train_power_pred.py for tasks to queue
[2025-07-22T11:21:19.677+0000] {logging_mixin.py:190} INFO - [2025-07-22T11:21:19.677+0000] {dagbag.py:588} INFO - Filling up the DagBag from /opt/airflow/dags/train_power_pred.py
[2025-07-22T11:21:22.833+0000] {processor.py:925} INFO - DAG(s) 'train_power_pred' retrieved from /opt/airflow/dags/train_power_pred.py
[2025-07-22T11:21:22.854+0000] {logging_mixin.py:190} INFO - [2025-07-22T11:21:22.853+0000] {dag.py:3239} INFO - Sync 1 DAGs
[2025-07-22T11:21:22.871+0000] {logging_mixin.py:190} INFO - [2025-07-22T11:21:22.871+0000] {dag.py:4180} INFO - Setting next_dagrun for train_power_pred to 2025-07-22 00:00:00+00:00, run_after=2025-07-23 00:00:00+00:00
[2025-07-22T11:21:22.885+0000] {processor.py:208} INFO - Processing /opt/airflow/dags/train_power_pred.py took 3.220 seconds
[2025-07-22T11:21:58.894+0000] {processor.py:186} INFO - Started process (PID=57615) to work on /opt/airflow/dags/train_power_pred.py
[2025-07-22T11:21:58.896+0000] {processor.py:914} INFO - Processing file /opt/airflow/dags/train_power_pred.py for tasks to queue
[2025-07-22T11:21:58.899+0000] {logging_mixin.py:190} INFO - [2025-07-22T11:21:58.899+0000] {dagbag.py:588} INFO - Filling up the DagBag from /opt/airflow/dags/train_power_pred.py
[2025-07-22T11:22:09.281+0000] {processor.py:925} INFO - DAG(s) 'train_power_pred' retrieved from /opt/airflow/dags/train_power_pred.py
[2025-07-22T11:22:09.307+0000] {logging_mixin.py:190} INFO - [2025-07-22T11:22:09.307+0000] {dag.py:3239} INFO - Sync 1 DAGs
[2025-07-22T11:22:09.338+0000] {logging_mixin.py:190} INFO - [2025-07-22T11:22:09.338+0000] {dag.py:4180} INFO - Setting next_dagrun for train_power_pred to 2025-07-22 00:00:00+00:00, run_after=2025-07-23 00:00:00+00:00
[2025-07-22T11:22:09.366+0000] {processor.py:208} INFO - Processing /opt/airflow/dags/train_power_pred.py took 10.483 seconds
[2025-07-22T11:22:40.412+0000] {processor.py:186} INFO - Started process (PID=57717) to work on /opt/airflow/dags/train_power_pred.py
[2025-07-22T11:22:40.413+0000] {processor.py:914} INFO - Processing file /opt/airflow/dags/train_power_pred.py for tasks to queue
[2025-07-22T11:22:40.416+0000] {logging_mixin.py:190} INFO - [2025-07-22T11:22:40.415+0000] {dagbag.py:588} INFO - Filling up the DagBag from /opt/airflow/dags/train_power_pred.py
[2025-07-22T11:22:43.439+0000] {processor.py:925} INFO - DAG(s) 'train_power_pred' retrieved from /opt/airflow/dags/train_power_pred.py
[2025-07-22T11:22:43.459+0000] {logging_mixin.py:190} INFO - [2025-07-22T11:22:43.459+0000] {dag.py:3239} INFO - Sync 1 DAGs
[2025-07-22T11:22:43.476+0000] {logging_mixin.py:190} INFO - [2025-07-22T11:22:43.476+0000] {dag.py:4180} INFO - Setting next_dagrun for train_power_pred to 2025-07-22 00:00:00+00:00, run_after=2025-07-23 00:00:00+00:00
[2025-07-22T11:22:43.503+0000] {processor.py:208} INFO - Processing /opt/airflow/dags/train_power_pred.py took 3.097 seconds
[2025-07-22T11:23:15.331+0000] {processor.py:186} INFO - Started process (PID=57815) to work on /opt/airflow/dags/train_power_pred.py
[2025-07-22T11:23:15.332+0000] {processor.py:914} INFO - Processing file /opt/airflow/dags/train_power_pred.py for tasks to queue
[2025-07-22T11:23:15.334+0000] {logging_mixin.py:190} INFO - [2025-07-22T11:23:15.334+0000] {dagbag.py:588} INFO - Filling up the DagBag from /opt/airflow/dags/train_power_pred.py
[2025-07-22T11:23:18.474+0000] {processor.py:925} INFO - DAG(s) 'train_power_pred' retrieved from /opt/airflow/dags/train_power_pred.py
[2025-07-22T11:23:18.496+0000] {logging_mixin.py:190} INFO - [2025-07-22T11:23:18.495+0000] {dag.py:3239} INFO - Sync 1 DAGs
[2025-07-22T11:23:18.513+0000] {logging_mixin.py:190} INFO - [2025-07-22T11:23:18.513+0000] {dag.py:4180} INFO - Setting next_dagrun for train_power_pred to 2025-07-22 00:00:00+00:00, run_after=2025-07-23 00:00:00+00:00
[2025-07-22T11:23:18.537+0000] {processor.py:208} INFO - Processing /opt/airflow/dags/train_power_pred.py took 3.212 seconds
[2025-07-22T11:23:50.414+0000] {processor.py:186} INFO - Started process (PID=57913) to work on /opt/airflow/dags/train_power_pred.py
[2025-07-22T11:23:50.415+0000] {processor.py:914} INFO - Processing file /opt/airflow/dags/train_power_pred.py for tasks to queue
[2025-07-22T11:23:50.418+0000] {logging_mixin.py:190} INFO - [2025-07-22T11:23:50.417+0000] {dagbag.py:588} INFO - Filling up the DagBag from /opt/airflow/dags/train_power_pred.py
[2025-07-22T11:23:53.588+0000] {processor.py:925} INFO - DAG(s) 'train_power_pred' retrieved from /opt/airflow/dags/train_power_pred.py
[2025-07-22T11:23:53.609+0000] {logging_mixin.py:190} INFO - [2025-07-22T11:23:53.609+0000] {dag.py:3239} INFO - Sync 1 DAGs
[2025-07-22T11:23:53.628+0000] {logging_mixin.py:190} INFO - [2025-07-22T11:23:53.628+0000] {dag.py:4180} INFO - Setting next_dagrun for train_power_pred to 2025-07-22 00:00:00+00:00, run_after=2025-07-23 00:00:00+00:00
[2025-07-22T11:23:53.643+0000] {processor.py:208} INFO - Processing /opt/airflow/dags/train_power_pred.py took 3.236 seconds
[2025-07-22T11:24:24.859+0000] {processor.py:186} INFO - Started process (PID=58011) to work on /opt/airflow/dags/train_power_pred.py
[2025-07-22T11:24:24.861+0000] {processor.py:914} INFO - Processing file /opt/airflow/dags/train_power_pred.py for tasks to queue
[2025-07-22T11:24:24.863+0000] {logging_mixin.py:190} INFO - [2025-07-22T11:24:24.863+0000] {dagbag.py:588} INFO - Filling up the DagBag from /opt/airflow/dags/train_power_pred.py
[2025-07-22T11:24:28.051+0000] {processor.py:925} INFO - DAG(s) 'train_power_pred' retrieved from /opt/airflow/dags/train_power_pred.py
[2025-07-22T11:24:28.071+0000] {logging_mixin.py:190} INFO - [2025-07-22T11:24:28.071+0000] {dag.py:3239} INFO - Sync 1 DAGs
[2025-07-22T11:24:28.090+0000] {logging_mixin.py:190} INFO - [2025-07-22T11:24:28.089+0000] {dag.py:4180} INFO - Setting next_dagrun for train_power_pred to 2025-07-22 00:00:00+00:00, run_after=2025-07-23 00:00:00+00:00
[2025-07-22T11:24:28.103+0000] {processor.py:208} INFO - Processing /opt/airflow/dags/train_power_pred.py took 3.250 seconds
[2025-07-22T11:25:00.231+0000] {processor.py:186} INFO - Started process (PID=58115) to work on /opt/airflow/dags/train_power_pred.py
[2025-07-22T11:25:00.232+0000] {processor.py:914} INFO - Processing file /opt/airflow/dags/train_power_pred.py for tasks to queue
[2025-07-22T11:25:00.234+0000] {logging_mixin.py:190} INFO - [2025-07-22T11:25:00.234+0000] {dagbag.py:588} INFO - Filling up the DagBag from /opt/airflow/dags/train_power_pred.py
[2025-07-22T11:25:03.345+0000] {processor.py:925} INFO - DAG(s) 'train_power_pred' retrieved from /opt/airflow/dags/train_power_pred.py
[2025-07-22T11:25:03.367+0000] {logging_mixin.py:190} INFO - [2025-07-22T11:25:03.366+0000] {dag.py:3239} INFO - Sync 1 DAGs
[2025-07-22T11:25:03.383+0000] {logging_mixin.py:190} INFO - [2025-07-22T11:25:03.383+0000] {dag.py:4180} INFO - Setting next_dagrun for train_power_pred to 2025-07-22 00:00:00+00:00, run_after=2025-07-23 00:00:00+00:00
[2025-07-22T11:25:03.397+0000] {processor.py:208} INFO - Processing /opt/airflow/dags/train_power_pred.py took 3.171 seconds
[2025-07-22T11:25:35.306+0000] {processor.py:186} INFO - Started process (PID=58213) to work on /opt/airflow/dags/train_power_pred.py
[2025-07-22T11:25:35.307+0000] {processor.py:914} INFO - Processing file /opt/airflow/dags/train_power_pred.py for tasks to queue
[2025-07-22T11:25:35.309+0000] {logging_mixin.py:190} INFO - [2025-07-22T11:25:35.309+0000] {dagbag.py:588} INFO - Filling up the DagBag from /opt/airflow/dags/train_power_pred.py
[2025-07-22T11:25:38.453+0000] {processor.py:925} INFO - DAG(s) 'train_power_pred' retrieved from /opt/airflow/dags/train_power_pred.py
[2025-07-22T11:25:38.474+0000] {logging_mixin.py:190} INFO - [2025-07-22T11:25:38.474+0000] {dag.py:3239} INFO - Sync 1 DAGs
[2025-07-22T11:25:38.492+0000] {logging_mixin.py:190} INFO - [2025-07-22T11:25:38.492+0000] {dag.py:4180} INFO - Setting next_dagrun for train_power_pred to 2025-07-22 00:00:00+00:00, run_after=2025-07-23 00:00:00+00:00
[2025-07-22T11:25:38.508+0000] {processor.py:208} INFO - Processing /opt/airflow/dags/train_power_pred.py took 3.208 seconds
[2025-07-22T11:26:10.378+0000] {processor.py:186} INFO - Started process (PID=58311) to work on /opt/airflow/dags/train_power_pred.py
[2025-07-22T11:26:10.379+0000] {processor.py:914} INFO - Processing file /opt/airflow/dags/train_power_pred.py for tasks to queue
[2025-07-22T11:26:10.381+0000] {logging_mixin.py:190} INFO - [2025-07-22T11:26:10.381+0000] {dagbag.py:588} INFO - Filling up the DagBag from /opt/airflow/dags/train_power_pred.py
[2025-07-22T11:26:13.632+0000] {processor.py:925} INFO - DAG(s) 'train_power_pred' retrieved from /opt/airflow/dags/train_power_pred.py
[2025-07-22T11:26:13.655+0000] {logging_mixin.py:190} INFO - [2025-07-22T11:26:13.654+0000] {dag.py:3239} INFO - Sync 1 DAGs
[2025-07-22T11:26:13.673+0000] {logging_mixin.py:190} INFO - [2025-07-22T11:26:13.673+0000] {dag.py:4180} INFO - Setting next_dagrun for train_power_pred to 2025-07-22 00:00:00+00:00, run_after=2025-07-23 00:00:00+00:00
[2025-07-22T11:26:13.688+0000] {processor.py:208} INFO - Processing /opt/airflow/dags/train_power_pred.py took 3.316 seconds
[2025-07-22T11:26:44.789+0000] {processor.py:186} INFO - Started process (PID=58409) to work on /opt/airflow/dags/train_power_pred.py
[2025-07-22T11:26:44.790+0000] {processor.py:914} INFO - Processing file /opt/airflow/dags/train_power_pred.py for tasks to queue
[2025-07-22T11:26:44.792+0000] {logging_mixin.py:190} INFO - [2025-07-22T11:26:44.792+0000] {dagbag.py:588} INFO - Filling up the DagBag from /opt/airflow/dags/train_power_pred.py
[2025-07-22T11:26:48.240+0000] {processor.py:925} INFO - DAG(s) 'train_power_pred' retrieved from /opt/airflow/dags/train_power_pred.py
[2025-07-22T11:26:48.259+0000] {logging_mixin.py:190} INFO - [2025-07-22T11:26:48.258+0000] {dag.py:3239} INFO - Sync 1 DAGs
[2025-07-22T11:26:48.276+0000] {logging_mixin.py:190} INFO - [2025-07-22T11:26:48.276+0000] {dag.py:4180} INFO - Setting next_dagrun for train_power_pred to 2025-07-22 00:00:00+00:00, run_after=2025-07-23 00:00:00+00:00
[2025-07-22T11:26:48.290+0000] {processor.py:208} INFO - Processing /opt/airflow/dags/train_power_pred.py took 3.506 seconds
[2025-07-22T11:27:19.492+0000] {processor.py:186} INFO - Started process (PID=58507) to work on /opt/airflow/dags/train_power_pred.py
[2025-07-22T11:27:19.493+0000] {processor.py:914} INFO - Processing file /opt/airflow/dags/train_power_pred.py for tasks to queue
[2025-07-22T11:27:19.496+0000] {logging_mixin.py:190} INFO - [2025-07-22T11:27:19.496+0000] {dagbag.py:588} INFO - Filling up the DagBag from /opt/airflow/dags/train_power_pred.py
[2025-07-22T11:27:22.843+0000] {processor.py:925} INFO - DAG(s) 'train_power_pred' retrieved from /opt/airflow/dags/train_power_pred.py
[2025-07-22T11:27:22.865+0000] {logging_mixin.py:190} INFO - [2025-07-22T11:27:22.864+0000] {dag.py:3239} INFO - Sync 1 DAGs
[2025-07-22T11:27:22.884+0000] {logging_mixin.py:190} INFO - [2025-07-22T11:27:22.884+0000] {dag.py:4180} INFO - Setting next_dagrun for train_power_pred to 2025-07-22 00:00:00+00:00, run_after=2025-07-23 00:00:00+00:00
[2025-07-22T11:27:22.898+0000] {processor.py:208} INFO - Processing /opt/airflow/dags/train_power_pred.py took 3.413 seconds
[2025-07-22T11:27:53.998+0000] {processor.py:186} INFO - Started process (PID=58605) to work on /opt/airflow/dags/train_power_pred.py
[2025-07-22T11:27:53.999+0000] {processor.py:914} INFO - Processing file /opt/airflow/dags/train_power_pred.py for tasks to queue
[2025-07-22T11:27:54.001+0000] {logging_mixin.py:190} INFO - [2025-07-22T11:27:54.001+0000] {dagbag.py:588} INFO - Filling up the DagBag from /opt/airflow/dags/train_power_pred.py
[2025-07-22T11:27:57.304+0000] {processor.py:925} INFO - DAG(s) 'train_power_pred' retrieved from /opt/airflow/dags/train_power_pred.py
[2025-07-22T11:27:57.327+0000] {logging_mixin.py:190} INFO - [2025-07-22T11:27:57.326+0000] {dag.py:3239} INFO - Sync 1 DAGs
[2025-07-22T11:27:57.345+0000] {logging_mixin.py:190} INFO - [2025-07-22T11:27:57.345+0000] {dag.py:4180} INFO - Setting next_dagrun for train_power_pred to 2025-07-22 00:00:00+00:00, run_after=2025-07-23 00:00:00+00:00
[2025-07-22T11:27:57.360+0000] {processor.py:208} INFO - Processing /opt/airflow/dags/train_power_pred.py took 3.369 seconds
[2025-07-22T11:28:28.880+0000] {processor.py:186} INFO - Started process (PID=58709) to work on /opt/airflow/dags/train_power_pred.py
[2025-07-22T11:28:28.882+0000] {processor.py:914} INFO - Processing file /opt/airflow/dags/train_power_pred.py for tasks to queue
[2025-07-22T11:28:28.884+0000] {logging_mixin.py:190} INFO - [2025-07-22T11:28:28.884+0000] {dagbag.py:588} INFO - Filling up the DagBag from /opt/airflow/dags/train_power_pred.py
[2025-07-22T11:28:32.194+0000] {processor.py:925} INFO - DAG(s) 'train_power_pred' retrieved from /opt/airflow/dags/train_power_pred.py
[2025-07-22T11:28:32.219+0000] {logging_mixin.py:190} INFO - [2025-07-22T11:28:32.218+0000] {dag.py:3239} INFO - Sync 1 DAGs
[2025-07-22T11:28:32.239+0000] {logging_mixin.py:190} INFO - [2025-07-22T11:28:32.239+0000] {dag.py:4180} INFO - Setting next_dagrun for train_power_pred to 2025-07-22 00:00:00+00:00, run_after=2025-07-23 00:00:00+00:00
[2025-07-22T11:28:32.254+0000] {processor.py:208} INFO - Processing /opt/airflow/dags/train_power_pred.py took 3.381 seconds
[2025-07-22T11:29:03.330+0000] {processor.py:186} INFO - Started process (PID=58807) to work on /opt/airflow/dags/train_power_pred.py
[2025-07-22T11:29:03.332+0000] {processor.py:914} INFO - Processing file /opt/airflow/dags/train_power_pred.py for tasks to queue
[2025-07-22T11:29:03.334+0000] {logging_mixin.py:190} INFO - [2025-07-22T11:29:03.333+0000] {dagbag.py:588} INFO - Filling up the DagBag from /opt/airflow/dags/train_power_pred.py
[2025-07-22T11:29:06.770+0000] {processor.py:925} INFO - DAG(s) 'train_power_pred' retrieved from /opt/airflow/dags/train_power_pred.py
[2025-07-22T11:29:06.796+0000] {logging_mixin.py:190} INFO - [2025-07-22T11:29:06.795+0000] {dag.py:3239} INFO - Sync 1 DAGs
[2025-07-22T11:29:06.815+0000] {logging_mixin.py:190} INFO - [2025-07-22T11:29:06.815+0000] {dag.py:4180} INFO - Setting next_dagrun for train_power_pred to 2025-07-22 00:00:00+00:00, run_after=2025-07-23 00:00:00+00:00
[2025-07-22T11:29:06.831+0000] {processor.py:208} INFO - Processing /opt/airflow/dags/train_power_pred.py took 3.508 seconds
[2025-07-22T11:29:38.197+0000] {processor.py:186} INFO - Started process (PID=58905) to work on /opt/airflow/dags/train_power_pred.py
[2025-07-22T11:29:38.199+0000] {processor.py:914} INFO - Processing file /opt/airflow/dags/train_power_pred.py for tasks to queue
[2025-07-22T11:29:38.201+0000] {logging_mixin.py:190} INFO - [2025-07-22T11:29:38.201+0000] {dagbag.py:588} INFO - Filling up the DagBag from /opt/airflow/dags/train_power_pred.py
[2025-07-22T11:29:41.512+0000] {processor.py:925} INFO - DAG(s) 'train_power_pred' retrieved from /opt/airflow/dags/train_power_pred.py
[2025-07-22T11:29:41.534+0000] {logging_mixin.py:190} INFO - [2025-07-22T11:29:41.534+0000] {dag.py:3239} INFO - Sync 1 DAGs
[2025-07-22T11:29:41.553+0000] {logging_mixin.py:190} INFO - [2025-07-22T11:29:41.553+0000] {dag.py:4180} INFO - Setting next_dagrun for train_power_pred to 2025-07-22 00:00:00+00:00, run_after=2025-07-23 00:00:00+00:00
[2025-07-22T11:29:41.570+0000] {processor.py:208} INFO - Processing /opt/airflow/dags/train_power_pred.py took 3.378 seconds
[2025-07-22T11:30:12.673+0000] {processor.py:186} INFO - Started process (PID=59003) to work on /opt/airflow/dags/train_power_pred.py
[2025-07-22T11:30:12.674+0000] {processor.py:914} INFO - Processing file /opt/airflow/dags/train_power_pred.py for tasks to queue
[2025-07-22T11:30:12.677+0000] {logging_mixin.py:190} INFO - [2025-07-22T11:30:12.676+0000] {dagbag.py:588} INFO - Filling up the DagBag from /opt/airflow/dags/train_power_pred.py
[2025-07-22T11:30:15.858+0000] {processor.py:925} INFO - DAG(s) 'train_power_pred' retrieved from /opt/airflow/dags/train_power_pred.py
[2025-07-22T11:30:15.878+0000] {logging_mixin.py:190} INFO - [2025-07-22T11:30:15.878+0000] {dag.py:3239} INFO - Sync 1 DAGs
[2025-07-22T11:30:15.896+0000] {logging_mixin.py:190} INFO - [2025-07-22T11:30:15.896+0000] {dag.py:4180} INFO - Setting next_dagrun for train_power_pred to 2025-07-22 00:00:00+00:00, run_after=2025-07-23 00:00:00+00:00
[2025-07-22T11:30:15.909+0000] {processor.py:208} INFO - Processing /opt/airflow/dags/train_power_pred.py took 3.242 seconds
[2025-07-22T11:30:46.964+0000] {processor.py:186} INFO - Started process (PID=59101) to work on /opt/airflow/dags/train_power_pred.py
[2025-07-22T11:30:46.966+0000] {processor.py:914} INFO - Processing file /opt/airflow/dags/train_power_pred.py for tasks to queue
[2025-07-22T11:30:46.967+0000] {logging_mixin.py:190} INFO - [2025-07-22T11:30:46.967+0000] {dagbag.py:588} INFO - Filling up the DagBag from /opt/airflow/dags/train_power_pred.py
[2025-07-22T11:30:50.408+0000] {processor.py:925} INFO - DAG(s) 'train_power_pred' retrieved from /opt/airflow/dags/train_power_pred.py
[2025-07-22T11:30:50.431+0000] {logging_mixin.py:190} INFO - [2025-07-22T11:30:50.431+0000] {dag.py:3239} INFO - Sync 1 DAGs
[2025-07-22T11:30:50.450+0000] {logging_mixin.py:190} INFO - [2025-07-22T11:30:50.450+0000] {dag.py:4180} INFO - Setting next_dagrun for train_power_pred to 2025-07-22 00:00:00+00:00, run_after=2025-07-23 00:00:00+00:00
[2025-07-22T11:30:50.466+0000] {processor.py:208} INFO - Processing /opt/airflow/dags/train_power_pred.py took 3.508 seconds
[2025-07-22T11:31:22.349+0000] {processor.py:186} INFO - Started process (PID=59199) to work on /opt/airflow/dags/train_power_pred.py
[2025-07-22T11:31:22.350+0000] {processor.py:914} INFO - Processing file /opt/airflow/dags/train_power_pred.py for tasks to queue
[2025-07-22T11:31:22.352+0000] {logging_mixin.py:190} INFO - [2025-07-22T11:31:22.352+0000] {dagbag.py:588} INFO - Filling up the DagBag from /opt/airflow/dags/train_power_pred.py
[2025-07-22T11:31:25.462+0000] {processor.py:925} INFO - DAG(s) 'train_power_pred' retrieved from /opt/airflow/dags/train_power_pred.py
[2025-07-22T11:31:25.486+0000] {logging_mixin.py:190} INFO - [2025-07-22T11:31:25.486+0000] {dag.py:3239} INFO - Sync 1 DAGs
[2025-07-22T11:31:25.506+0000] {logging_mixin.py:190} INFO - [2025-07-22T11:31:25.506+0000] {dag.py:4180} INFO - Setting next_dagrun for train_power_pred to 2025-07-22 00:00:00+00:00, run_after=2025-07-23 00:00:00+00:00
[2025-07-22T11:31:25.530+0000] {processor.py:208} INFO - Processing /opt/airflow/dags/train_power_pred.py took 3.187 seconds
[2025-07-22T11:31:57.019+0000] {processor.py:186} INFO - Started process (PID=59297) to work on /opt/airflow/dags/train_power_pred.py
[2025-07-22T11:31:57.020+0000] {processor.py:914} INFO - Processing file /opt/airflow/dags/train_power_pred.py for tasks to queue
[2025-07-22T11:31:57.023+0000] {logging_mixin.py:190} INFO - [2025-07-22T11:31:57.022+0000] {dagbag.py:588} INFO - Filling up the DagBag from /opt/airflow/dags/train_power_pred.py
[2025-07-22T11:32:00.503+0000] {processor.py:925} INFO - DAG(s) 'train_power_pred' retrieved from /opt/airflow/dags/train_power_pred.py
[2025-07-22T11:32:00.525+0000] {logging_mixin.py:190} INFO - [2025-07-22T11:32:00.525+0000] {dag.py:3239} INFO - Sync 1 DAGs
[2025-07-22T11:32:00.543+0000] {logging_mixin.py:190} INFO - [2025-07-22T11:32:00.543+0000] {dag.py:4180} INFO - Setting next_dagrun for train_power_pred to 2025-07-22 00:00:00+00:00, run_after=2025-07-23 00:00:00+00:00
[2025-07-22T11:32:00.557+0000] {processor.py:208} INFO - Processing /opt/airflow/dags/train_power_pred.py took 3.544 seconds
[2025-07-22T11:32:31.667+0000] {processor.py:186} INFO - Started process (PID=59401) to work on /opt/airflow/dags/train_power_pred.py
[2025-07-22T11:32:31.668+0000] {processor.py:914} INFO - Processing file /opt/airflow/dags/train_power_pred.py for tasks to queue
[2025-07-22T11:32:31.671+0000] {logging_mixin.py:190} INFO - [2025-07-22T11:32:31.670+0000] {dagbag.py:588} INFO - Filling up the DagBag from /opt/airflow/dags/train_power_pred.py
[2025-07-22T11:32:34.905+0000] {processor.py:925} INFO - DAG(s) 'train_power_pred' retrieved from /opt/airflow/dags/train_power_pred.py
[2025-07-22T11:32:34.928+0000] {logging_mixin.py:190} INFO - [2025-07-22T11:32:34.928+0000] {dag.py:3239} INFO - Sync 1 DAGs
[2025-07-22T11:32:34.950+0000] {logging_mixin.py:190} INFO - [2025-07-22T11:32:34.950+0000] {dag.py:4180} INFO - Setting next_dagrun for train_power_pred to 2025-07-22 00:00:00+00:00, run_after=2025-07-23 00:00:00+00:00
[2025-07-22T11:32:34.964+0000] {processor.py:208} INFO - Processing /opt/airflow/dags/train_power_pred.py took 3.303 seconds
[2025-07-22T11:33:06.861+0000] {processor.py:186} INFO - Started process (PID=59499) to work on /opt/airflow/dags/train_power_pred.py
[2025-07-22T11:33:06.862+0000] {processor.py:914} INFO - Processing file /opt/airflow/dags/train_power_pred.py for tasks to queue
[2025-07-22T11:33:06.864+0000] {logging_mixin.py:190} INFO - [2025-07-22T11:33:06.864+0000] {dagbag.py:588} INFO - Filling up the DagBag from /opt/airflow/dags/train_power_pred.py
[2025-07-22T11:33:10.311+0000] {processor.py:925} INFO - DAG(s) 'train_power_pred' retrieved from /opt/airflow/dags/train_power_pred.py
[2025-07-22T11:33:10.332+0000] {logging_mixin.py:190} INFO - [2025-07-22T11:33:10.331+0000] {dag.py:3239} INFO - Sync 1 DAGs
[2025-07-22T11:33:10.349+0000] {logging_mixin.py:190} INFO - [2025-07-22T11:33:10.349+0000] {dag.py:4180} INFO - Setting next_dagrun for train_power_pred to 2025-07-22 00:00:00+00:00, run_after=2025-07-23 00:00:00+00:00
[2025-07-22T11:33:10.364+0000] {processor.py:208} INFO - Processing /opt/airflow/dags/train_power_pred.py took 3.510 seconds
[2025-07-22T11:33:42.020+0000] {processor.py:186} INFO - Started process (PID=59597) to work on /opt/airflow/dags/train_power_pred.py
[2025-07-22T11:33:42.022+0000] {processor.py:914} INFO - Processing file /opt/airflow/dags/train_power_pred.py for tasks to queue
[2025-07-22T11:33:42.024+0000] {logging_mixin.py:190} INFO - [2025-07-22T11:33:42.024+0000] {dagbag.py:588} INFO - Filling up the DagBag from /opt/airflow/dags/train_power_pred.py
[2025-07-22T11:33:45.233+0000] {processor.py:925} INFO - DAG(s) 'train_power_pred' retrieved from /opt/airflow/dags/train_power_pred.py
[2025-07-22T11:33:45.254+0000] {logging_mixin.py:190} INFO - [2025-07-22T11:33:45.253+0000] {dag.py:3239} INFO - Sync 1 DAGs
[2025-07-22T11:33:45.271+0000] {logging_mixin.py:190} INFO - [2025-07-22T11:33:45.270+0000] {dag.py:4180} INFO - Setting next_dagrun for train_power_pred to 2025-07-22 00:00:00+00:00, run_after=2025-07-23 00:00:00+00:00
[2025-07-22T11:33:45.299+0000] {processor.py:208} INFO - Processing /opt/airflow/dags/train_power_pred.py took 3.284 seconds
[2025-07-22T11:34:16.507+0000] {processor.py:186} INFO - Started process (PID=59695) to work on /opt/airflow/dags/train_power_pred.py
[2025-07-22T11:34:16.508+0000] {processor.py:914} INFO - Processing file /opt/airflow/dags/train_power_pred.py for tasks to queue
[2025-07-22T11:34:16.510+0000] {logging_mixin.py:190} INFO - [2025-07-22T11:34:16.510+0000] {dagbag.py:588} INFO - Filling up the DagBag from /opt/airflow/dags/train_power_pred.py
[2025-07-22T11:34:19.852+0000] {processor.py:925} INFO - DAG(s) 'train_power_pred' retrieved from /opt/airflow/dags/train_power_pred.py
[2025-07-22T11:34:19.871+0000] {logging_mixin.py:190} INFO - [2025-07-22T11:34:19.871+0000] {dag.py:3239} INFO - Sync 1 DAGs
[2025-07-22T11:34:19.889+0000] {logging_mixin.py:190} INFO - [2025-07-22T11:34:19.888+0000] {dag.py:4180} INFO - Setting next_dagrun for train_power_pred to 2025-07-22 00:00:00+00:00, run_after=2025-07-23 00:00:00+00:00
[2025-07-22T11:34:19.902+0000] {processor.py:208} INFO - Processing /opt/airflow/dags/train_power_pred.py took 3.401 seconds
[2025-07-22T11:34:51.009+0000] {processor.py:186} INFO - Started process (PID=59793) to work on /opt/airflow/dags/train_power_pred.py
[2025-07-22T11:34:51.010+0000] {processor.py:914} INFO - Processing file /opt/airflow/dags/train_power_pred.py for tasks to queue
[2025-07-22T11:34:51.013+0000] {logging_mixin.py:190} INFO - [2025-07-22T11:34:51.012+0000] {dagbag.py:588} INFO - Filling up the DagBag from /opt/airflow/dags/train_power_pred.py
[2025-07-22T11:34:54.306+0000] {processor.py:925} INFO - DAG(s) 'train_power_pred' retrieved from /opt/airflow/dags/train_power_pred.py
[2025-07-22T11:34:54.330+0000] {logging_mixin.py:190} INFO - [2025-07-22T11:34:54.329+0000] {dag.py:3239} INFO - Sync 1 DAGs
[2025-07-22T11:34:54.348+0000] {logging_mixin.py:190} INFO - [2025-07-22T11:34:54.348+0000] {dag.py:4180} INFO - Setting next_dagrun for train_power_pred to 2025-07-22 00:00:00+00:00, run_after=2025-07-23 00:00:00+00:00
[2025-07-22T11:34:54.363+0000] {processor.py:208} INFO - Processing /opt/airflow/dags/train_power_pred.py took 3.361 seconds
[2025-07-22T11:35:25.588+0000] {processor.py:186} INFO - Started process (PID=59888) to work on /opt/airflow/dags/train_power_pred.py
[2025-07-22T11:35:25.589+0000] {processor.py:914} INFO - Processing file /opt/airflow/dags/train_power_pred.py for tasks to queue
[2025-07-22T11:35:25.592+0000] {logging_mixin.py:190} INFO - [2025-07-22T11:35:25.592+0000] {dagbag.py:588} INFO - Filling up the DagBag from /opt/airflow/dags/train_power_pred.py
[2025-07-22T11:35:28.925+0000] {processor.py:925} INFO - DAG(s) 'train_power_pred' retrieved from /opt/airflow/dags/train_power_pred.py
[2025-07-22T11:35:28.944+0000] {logging_mixin.py:190} INFO - [2025-07-22T11:35:28.944+0000] {dag.py:3239} INFO - Sync 1 DAGs
[2025-07-22T11:35:28.962+0000] {logging_mixin.py:190} INFO - [2025-07-22T11:35:28.962+0000] {dag.py:4180} INFO - Setting next_dagrun for train_power_pred to 2025-07-22 00:00:00+00:00, run_after=2025-07-23 00:00:00+00:00
[2025-07-22T11:35:28.976+0000] {processor.py:208} INFO - Processing /opt/airflow/dags/train_power_pred.py took 3.394 seconds
[2025-07-22T11:36:00.278+0000] {processor.py:186} INFO - Started process (PID=59992) to work on /opt/airflow/dags/train_power_pred.py
[2025-07-22T11:36:00.280+0000] {processor.py:914} INFO - Processing file /opt/airflow/dags/train_power_pred.py for tasks to queue
[2025-07-22T11:36:00.282+0000] {logging_mixin.py:190} INFO - [2025-07-22T11:36:00.282+0000] {dagbag.py:588} INFO - Filling up the DagBag from /opt/airflow/dags/train_power_pred.py
[2025-07-22T11:36:03.596+0000] {processor.py:925} INFO - DAG(s) 'train_power_pred' retrieved from /opt/airflow/dags/train_power_pred.py
[2025-07-22T11:36:03.618+0000] {logging_mixin.py:190} INFO - [2025-07-22T11:36:03.618+0000] {dag.py:3239} INFO - Sync 1 DAGs
[2025-07-22T11:36:03.639+0000] {logging_mixin.py:190} INFO - [2025-07-22T11:36:03.639+0000] {dag.py:4180} INFO - Setting next_dagrun for train_power_pred to 2025-07-22 00:00:00+00:00, run_after=2025-07-23 00:00:00+00:00
[2025-07-22T11:36:03.655+0000] {processor.py:208} INFO - Processing /opt/airflow/dags/train_power_pred.py took 3.382 seconds
[2025-07-22T11:36:34.806+0000] {processor.py:186} INFO - Started process (PID=60089) to work on /opt/airflow/dags/train_power_pred.py
[2025-07-22T11:36:34.807+0000] {processor.py:914} INFO - Processing file /opt/airflow/dags/train_power_pred.py for tasks to queue
[2025-07-22T11:36:34.809+0000] {logging_mixin.py:190} INFO - [2025-07-22T11:36:34.809+0000] {dagbag.py:588} INFO - Filling up the DagBag from /opt/airflow/dags/train_power_pred.py
[2025-07-22T11:36:38.147+0000] {processor.py:925} INFO - DAG(s) 'train_power_pred' retrieved from /opt/airflow/dags/train_power_pred.py
[2025-07-22T11:36:38.166+0000] {logging_mixin.py:190} INFO - [2025-07-22T11:36:38.165+0000] {dag.py:3239} INFO - Sync 1 DAGs
[2025-07-22T11:36:38.184+0000] {logging_mixin.py:190} INFO - [2025-07-22T11:36:38.183+0000] {dag.py:4180} INFO - Setting next_dagrun for train_power_pred to 2025-07-22 00:00:00+00:00, run_after=2025-07-23 00:00:00+00:00
[2025-07-22T11:36:38.199+0000] {processor.py:208} INFO - Processing /opt/airflow/dags/train_power_pred.py took 3.400 seconds
[2025-07-22T11:37:09.482+0000] {processor.py:186} INFO - Started process (PID=60187) to work on /opt/airflow/dags/train_power_pred.py
[2025-07-22T11:37:09.483+0000] {processor.py:914} INFO - Processing file /opt/airflow/dags/train_power_pred.py for tasks to queue
[2025-07-22T11:37:09.486+0000] {logging_mixin.py:190} INFO - [2025-07-22T11:37:09.485+0000] {dagbag.py:588} INFO - Filling up the DagBag from /opt/airflow/dags/train_power_pred.py
[2025-07-22T11:37:12.733+0000] {processor.py:925} INFO - DAG(s) 'train_power_pred' retrieved from /opt/airflow/dags/train_power_pred.py
[2025-07-22T11:37:12.752+0000] {logging_mixin.py:190} INFO - [2025-07-22T11:37:12.751+0000] {dag.py:3239} INFO - Sync 1 DAGs
[2025-07-22T11:37:12.767+0000] {logging_mixin.py:190} INFO - [2025-07-22T11:37:12.767+0000] {dag.py:4180} INFO - Setting next_dagrun for train_power_pred to 2025-07-22 00:00:00+00:00, run_after=2025-07-23 00:00:00+00:00
[2025-07-22T11:37:12.781+0000] {processor.py:208} INFO - Processing /opt/airflow/dags/train_power_pred.py took 3.305 seconds
[2025-07-22T11:37:44.382+0000] {processor.py:186} INFO - Started process (PID=60285) to work on /opt/airflow/dags/train_power_pred.py
[2025-07-22T11:37:44.383+0000] {processor.py:914} INFO - Processing file /opt/airflow/dags/train_power_pred.py for tasks to queue
[2025-07-22T11:37:44.385+0000] {logging_mixin.py:190} INFO - [2025-07-22T11:37:44.385+0000] {dagbag.py:588} INFO - Filling up the DagBag from /opt/airflow/dags/train_power_pred.py
[2025-07-22T11:37:47.579+0000] {processor.py:925} INFO - DAG(s) 'train_power_pred' retrieved from /opt/airflow/dags/train_power_pred.py
[2025-07-22T11:37:47.600+0000] {logging_mixin.py:190} INFO - [2025-07-22T11:37:47.600+0000] {dag.py:3239} INFO - Sync 1 DAGs
[2025-07-22T11:37:47.619+0000] {logging_mixin.py:190} INFO - [2025-07-22T11:37:47.618+0000] {dag.py:4180} INFO - Setting next_dagrun for train_power_pred to 2025-07-22 00:00:00+00:00, run_after=2025-07-23 00:00:00+00:00
[2025-07-22T11:37:47.635+0000] {processor.py:208} INFO - Processing /opt/airflow/dags/train_power_pred.py took 3.259 seconds
[2025-07-22T11:38:19.041+0000] {processor.py:186} INFO - Started process (PID=60384) to work on /opt/airflow/dags/train_power_pred.py
[2025-07-22T11:38:19.043+0000] {processor.py:914} INFO - Processing file /opt/airflow/dags/train_power_pred.py for tasks to queue
[2025-07-22T11:38:19.046+0000] {logging_mixin.py:190} INFO - [2025-07-22T11:38:19.046+0000] {dagbag.py:588} INFO - Filling up the DagBag from /opt/airflow/dags/train_power_pred.py
[2025-07-22T11:38:22.792+0000] {processor.py:925} INFO - DAG(s) 'train_power_pred' retrieved from /opt/airflow/dags/train_power_pred.py
[2025-07-22T11:38:22.813+0000] {logging_mixin.py:190} INFO - [2025-07-22T11:38:22.813+0000] {dag.py:3239} INFO - Sync 1 DAGs
[2025-07-22T11:38:22.830+0000] {logging_mixin.py:190} INFO - [2025-07-22T11:38:22.830+0000] {dag.py:4180} INFO - Setting next_dagrun for train_power_pred to 2025-07-22 00:00:00+00:00, run_after=2025-07-23 00:00:00+00:00
[2025-07-22T11:38:22.848+0000] {processor.py:208} INFO - Processing /opt/airflow/dags/train_power_pred.py took 3.819 seconds
[2025-07-22T11:38:54.822+0000] {processor.py:186} INFO - Started process (PID=60482) to work on /opt/airflow/dags/train_power_pred.py
[2025-07-22T11:38:54.823+0000] {processor.py:914} INFO - Processing file /opt/airflow/dags/train_power_pred.py for tasks to queue
[2025-07-22T11:38:54.826+0000] {logging_mixin.py:190} INFO - [2025-07-22T11:38:54.825+0000] {dagbag.py:588} INFO - Filling up the DagBag from /opt/airflow/dags/train_power_pred.py
[2025-07-22T11:38:58.153+0000] {processor.py:925} INFO - DAG(s) 'train_power_pred' retrieved from /opt/airflow/dags/train_power_pred.py
[2025-07-22T11:38:58.174+0000] {logging_mixin.py:190} INFO - [2025-07-22T11:38:58.173+0000] {dag.py:3239} INFO - Sync 1 DAGs
[2025-07-22T11:38:58.190+0000] {logging_mixin.py:190} INFO - [2025-07-22T11:38:58.190+0000] {dag.py:4180} INFO - Setting next_dagrun for train_power_pred to 2025-07-22 00:00:00+00:00, run_after=2025-07-23 00:00:00+00:00
[2025-07-22T11:38:58.205+0000] {processor.py:208} INFO - Processing /opt/airflow/dags/train_power_pred.py took 3.388 seconds
[2025-07-22T11:39:29.276+0000] {processor.py:186} INFO - Started process (PID=60580) to work on /opt/airflow/dags/train_power_pred.py
[2025-07-22T11:39:29.277+0000] {processor.py:914} INFO - Processing file /opt/airflow/dags/train_power_pred.py for tasks to queue
[2025-07-22T11:39:29.280+0000] {logging_mixin.py:190} INFO - [2025-07-22T11:39:29.279+0000] {dagbag.py:588} INFO - Filling up the DagBag from /opt/airflow/dags/train_power_pred.py
[2025-07-22T11:39:32.567+0000] {processor.py:925} INFO - DAG(s) 'train_power_pred' retrieved from /opt/airflow/dags/train_power_pred.py
[2025-07-22T11:39:32.587+0000] {logging_mixin.py:190} INFO - [2025-07-22T11:39:32.585+0000] {dag.py:3239} INFO - Sync 1 DAGs
[2025-07-22T11:39:32.604+0000] {logging_mixin.py:190} INFO - [2025-07-22T11:39:32.603+0000] {dag.py:4180} INFO - Setting next_dagrun for train_power_pred to 2025-07-22 00:00:00+00:00, run_after=2025-07-23 00:00:00+00:00
[2025-07-22T11:39:32.618+0000] {processor.py:208} INFO - Processing /opt/airflow/dags/train_power_pred.py took 3.349 seconds
[2025-07-22T11:40:03.943+0000] {processor.py:186} INFO - Started process (PID=60684) to work on /opt/airflow/dags/train_power_pred.py
[2025-07-22T11:40:03.945+0000] {processor.py:914} INFO - Processing file /opt/airflow/dags/train_power_pred.py for tasks to queue
[2025-07-22T11:40:03.948+0000] {logging_mixin.py:190} INFO - [2025-07-22T11:40:03.947+0000] {dagbag.py:588} INFO - Filling up the DagBag from /opt/airflow/dags/train_power_pred.py
[2025-07-22T11:40:07.317+0000] {processor.py:925} INFO - DAG(s) 'train_power_pred' retrieved from /opt/airflow/dags/train_power_pred.py
[2025-07-22T11:40:07.337+0000] {logging_mixin.py:190} INFO - [2025-07-22T11:40:07.336+0000] {dag.py:3239} INFO - Sync 1 DAGs
[2025-07-22T11:40:07.353+0000] {logging_mixin.py:190} INFO - [2025-07-22T11:40:07.352+0000] {dag.py:4180} INFO - Setting next_dagrun for train_power_pred to 2025-07-22 00:00:00+00:00, run_after=2025-07-23 00:00:00+00:00
[2025-07-22T11:40:07.367+0000] {processor.py:208} INFO - Processing /opt/airflow/dags/train_power_pred.py took 3.432 seconds
[2025-07-22T11:40:38.466+0000] {processor.py:186} INFO - Started process (PID=60782) to work on /opt/airflow/dags/train_power_pred.py
[2025-07-22T11:40:38.467+0000] {processor.py:914} INFO - Processing file /opt/airflow/dags/train_power_pred.py for tasks to queue
[2025-07-22T11:40:38.469+0000] {logging_mixin.py:190} INFO - [2025-07-22T11:40:38.469+0000] {dagbag.py:588} INFO - Filling up the DagBag from /opt/airflow/dags/train_power_pred.py
[2025-07-22T11:40:41.922+0000] {processor.py:925} INFO - DAG(s) 'train_power_pred' retrieved from /opt/airflow/dags/train_power_pred.py
[2025-07-22T11:40:41.942+0000] {logging_mixin.py:190} INFO - [2025-07-22T11:40:41.941+0000] {dag.py:3239} INFO - Sync 1 DAGs
[2025-07-22T11:40:41.958+0000] {logging_mixin.py:190} INFO - [2025-07-22T11:40:41.958+0000] {dag.py:4180} INFO - Setting next_dagrun for train_power_pred to 2025-07-22 00:00:00+00:00, run_after=2025-07-23 00:00:00+00:00
[2025-07-22T11:40:41.971+0000] {processor.py:208} INFO - Processing /opt/airflow/dags/train_power_pred.py took 3.511 seconds
[2025-07-22T11:41:13.267+0000] {processor.py:186} INFO - Started process (PID=60880) to work on /opt/airflow/dags/train_power_pred.py
[2025-07-22T11:41:13.269+0000] {processor.py:914} INFO - Processing file /opt/airflow/dags/train_power_pred.py for tasks to queue
[2025-07-22T11:41:13.271+0000] {logging_mixin.py:190} INFO - [2025-07-22T11:41:13.271+0000] {dagbag.py:588} INFO - Filling up the DagBag from /opt/airflow/dags/train_power_pred.py
[2025-07-22T11:41:16.627+0000] {processor.py:925} INFO - DAG(s) 'train_power_pred' retrieved from /opt/airflow/dags/train_power_pred.py
[2025-07-22T11:41:16.646+0000] {logging_mixin.py:190} INFO - [2025-07-22T11:41:16.646+0000] {dag.py:3239} INFO - Sync 1 DAGs
[2025-07-22T11:41:16.665+0000] {logging_mixin.py:190} INFO - [2025-07-22T11:41:16.665+0000] {dag.py:4180} INFO - Setting next_dagrun for train_power_pred to 2025-07-22 00:00:00+00:00, run_after=2025-07-23 00:00:00+00:00
[2025-07-22T11:41:16.680+0000] {processor.py:208} INFO - Processing /opt/airflow/dags/train_power_pred.py took 3.418 seconds
[2025-07-22T11:41:48.047+0000] {processor.py:186} INFO - Started process (PID=60978) to work on /opt/airflow/dags/train_power_pred.py
[2025-07-22T11:41:48.048+0000] {processor.py:914} INFO - Processing file /opt/airflow/dags/train_power_pred.py for tasks to queue
[2025-07-22T11:41:48.050+0000] {logging_mixin.py:190} INFO - [2025-07-22T11:41:48.050+0000] {dagbag.py:588} INFO - Filling up the DagBag from /opt/airflow/dags/train_power_pred.py
[2025-07-22T11:41:51.486+0000] {processor.py:925} INFO - DAG(s) 'train_power_pred' retrieved from /opt/airflow/dags/train_power_pred.py
[2025-07-22T11:41:51.508+0000] {logging_mixin.py:190} INFO - [2025-07-22T11:41:51.507+0000] {dag.py:3239} INFO - Sync 1 DAGs
[2025-07-22T11:41:51.527+0000] {logging_mixin.py:190} INFO - [2025-07-22T11:41:51.527+0000] {dag.py:4180} INFO - Setting next_dagrun for train_power_pred to 2025-07-22 00:00:00+00:00, run_after=2025-07-23 00:00:00+00:00
[2025-07-22T11:41:51.541+0000] {processor.py:208} INFO - Processing /opt/airflow/dags/train_power_pred.py took 3.503 seconds
[2025-07-22T11:42:23.051+0000] {processor.py:186} INFO - Started process (PID=61076) to work on /opt/airflow/dags/train_power_pred.py
[2025-07-22T11:42:23.052+0000] {processor.py:914} INFO - Processing file /opt/airflow/dags/train_power_pred.py for tasks to queue
[2025-07-22T11:42:23.055+0000] {logging_mixin.py:190} INFO - [2025-07-22T11:42:23.054+0000] {dagbag.py:588} INFO - Filling up the DagBag from /opt/airflow/dags/train_power_pred.py
[2025-07-22T11:42:26.482+0000] {processor.py:925} INFO - DAG(s) 'train_power_pred' retrieved from /opt/airflow/dags/train_power_pred.py
[2025-07-22T11:42:26.504+0000] {logging_mixin.py:190} INFO - [2025-07-22T11:42:26.503+0000] {dag.py:3239} INFO - Sync 1 DAGs
[2025-07-22T11:42:26.520+0000] {logging_mixin.py:190} INFO - [2025-07-22T11:42:26.520+0000] {dag.py:4180} INFO - Setting next_dagrun for train_power_pred to 2025-07-22 00:00:00+00:00, run_after=2025-07-23 00:00:00+00:00
[2025-07-22T11:42:26.533+0000] {processor.py:208} INFO - Processing /opt/airflow/dags/train_power_pred.py took 3.488 seconds
[2025-07-22T11:42:57.797+0000] {processor.py:186} INFO - Started process (PID=61174) to work on /opt/airflow/dags/train_power_pred.py
[2025-07-22T11:42:57.799+0000] {processor.py:914} INFO - Processing file /opt/airflow/dags/train_power_pred.py for tasks to queue
[2025-07-22T11:42:57.801+0000] {logging_mixin.py:190} INFO - [2025-07-22T11:42:57.801+0000] {dagbag.py:588} INFO - Filling up the DagBag from /opt/airflow/dags/train_power_pred.py
[2025-07-22T11:43:01.053+0000] {processor.py:925} INFO - DAG(s) 'train_power_pred' retrieved from /opt/airflow/dags/train_power_pred.py
[2025-07-22T11:43:01.072+0000] {logging_mixin.py:190} INFO - [2025-07-22T11:43:01.072+0000] {dag.py:3239} INFO - Sync 1 DAGs
[2025-07-22T11:43:01.094+0000] {logging_mixin.py:190} INFO - [2025-07-22T11:43:01.093+0000] {dag.py:4180} INFO - Setting next_dagrun for train_power_pred to 2025-07-22 00:00:00+00:00, run_after=2025-07-23 00:00:00+00:00
[2025-07-22T11:43:01.110+0000] {processor.py:208} INFO - Processing /opt/airflow/dags/train_power_pred.py took 3.318 seconds
[2025-07-22T11:43:32.665+0000] {processor.py:186} INFO - Started process (PID=61278) to work on /opt/airflow/dags/train_power_pred.py
[2025-07-22T11:43:32.666+0000] {processor.py:914} INFO - Processing file /opt/airflow/dags/train_power_pred.py for tasks to queue
[2025-07-22T11:43:32.669+0000] {logging_mixin.py:190} INFO - [2025-07-22T11:43:32.669+0000] {dagbag.py:588} INFO - Filling up the DagBag from /opt/airflow/dags/train_power_pred.py
[2025-07-22T11:43:36.199+0000] {processor.py:925} INFO - DAG(s) 'train_power_pred' retrieved from /opt/airflow/dags/train_power_pred.py
[2025-07-22T11:43:36.221+0000] {logging_mixin.py:190} INFO - [2025-07-22T11:43:36.221+0000] {dag.py:3239} INFO - Sync 1 DAGs
[2025-07-22T11:43:36.239+0000] {logging_mixin.py:190} INFO - [2025-07-22T11:43:36.239+0000] {dag.py:4180} INFO - Setting next_dagrun for train_power_pred to 2025-07-22 00:00:00+00:00, run_after=2025-07-23 00:00:00+00:00
[2025-07-22T11:43:36.255+0000] {processor.py:208} INFO - Processing /opt/airflow/dags/train_power_pred.py took 3.596 seconds
[2025-07-22T11:44:07.544+0000] {processor.py:186} INFO - Started process (PID=61376) to work on /opt/airflow/dags/train_power_pred.py
[2025-07-22T11:44:07.546+0000] {processor.py:914} INFO - Processing file /opt/airflow/dags/train_power_pred.py for tasks to queue
[2025-07-22T11:44:07.548+0000] {logging_mixin.py:190} INFO - [2025-07-22T11:44:07.548+0000] {dagbag.py:588} INFO - Filling up the DagBag from /opt/airflow/dags/train_power_pred.py
[2025-07-22T11:44:11.129+0000] {processor.py:925} INFO - DAG(s) 'train_power_pred' retrieved from /opt/airflow/dags/train_power_pred.py
[2025-07-22T11:44:11.149+0000] {logging_mixin.py:190} INFO - [2025-07-22T11:44:11.148+0000] {dag.py:3239} INFO - Sync 1 DAGs
[2025-07-22T11:44:11.167+0000] {logging_mixin.py:190} INFO - [2025-07-22T11:44:11.167+0000] {dag.py:4180} INFO - Setting next_dagrun for train_power_pred to 2025-07-22 00:00:00+00:00, run_after=2025-07-23 00:00:00+00:00
[2025-07-22T11:44:11.182+0000] {processor.py:208} INFO - Processing /opt/airflow/dags/train_power_pred.py took 3.645 seconds
[2025-07-22T11:44:43.020+0000] {processor.py:186} INFO - Started process (PID=61474) to work on /opt/airflow/dags/train_power_pred.py
[2025-07-22T11:44:43.021+0000] {processor.py:914} INFO - Processing file /opt/airflow/dags/train_power_pred.py for tasks to queue
[2025-07-22T11:44:43.024+0000] {logging_mixin.py:190} INFO - [2025-07-22T11:44:43.023+0000] {dagbag.py:588} INFO - Filling up the DagBag from /opt/airflow/dags/train_power_pred.py
[2025-07-22T11:44:46.253+0000] {processor.py:925} INFO - DAG(s) 'train_power_pred' retrieved from /opt/airflow/dags/train_power_pred.py
[2025-07-22T11:44:46.271+0000] {logging_mixin.py:190} INFO - [2025-07-22T11:44:46.271+0000] {dag.py:3239} INFO - Sync 1 DAGs
[2025-07-22T11:44:46.288+0000] {logging_mixin.py:190} INFO - [2025-07-22T11:44:46.288+0000] {dag.py:4180} INFO - Setting next_dagrun for train_power_pred to 2025-07-22 00:00:00+00:00, run_after=2025-07-23 00:00:00+00:00
[2025-07-22T11:44:46.301+0000] {processor.py:208} INFO - Processing /opt/airflow/dags/train_power_pred.py took 3.287 seconds
[2025-07-22T11:45:18.120+0000] {processor.py:186} INFO - Started process (PID=61572) to work on /opt/airflow/dags/train_power_pred.py
[2025-07-22T11:45:18.121+0000] {processor.py:914} INFO - Processing file /opt/airflow/dags/train_power_pred.py for tasks to queue
[2025-07-22T11:45:18.124+0000] {logging_mixin.py:190} INFO - [2025-07-22T11:45:18.123+0000] {dagbag.py:588} INFO - Filling up the DagBag from /opt/airflow/dags/train_power_pred.py
[2025-07-22T11:45:21.713+0000] {processor.py:925} INFO - DAG(s) 'train_power_pred' retrieved from /opt/airflow/dags/train_power_pred.py
[2025-07-22T11:45:21.735+0000] {logging_mixin.py:190} INFO - [2025-07-22T11:45:21.734+0000] {dag.py:3239} INFO - Sync 1 DAGs
[2025-07-22T11:45:21.754+0000] {logging_mixin.py:190} INFO - [2025-07-22T11:45:21.754+0000] {dag.py:4180} INFO - Setting next_dagrun for train_power_pred to 2025-07-22 00:00:00+00:00, run_after=2025-07-23 00:00:00+00:00
[2025-07-22T11:45:21.769+0000] {processor.py:208} INFO - Processing /opt/airflow/dags/train_power_pred.py took 3.656 seconds
[2025-07-22T11:45:53.457+0000] {processor.py:186} INFO - Started process (PID=61670) to work on /opt/airflow/dags/train_power_pred.py
[2025-07-22T11:45:53.458+0000] {processor.py:914} INFO - Processing file /opt/airflow/dags/train_power_pred.py for tasks to queue
[2025-07-22T11:45:53.460+0000] {logging_mixin.py:190} INFO - [2025-07-22T11:45:53.460+0000] {dagbag.py:588} INFO - Filling up the DagBag from /opt/airflow/dags/train_power_pred.py
[2025-07-22T11:45:56.823+0000] {processor.py:925} INFO - DAG(s) 'train_power_pred' retrieved from /opt/airflow/dags/train_power_pred.py
[2025-07-22T11:45:56.842+0000] {logging_mixin.py:190} INFO - [2025-07-22T11:45:56.842+0000] {dag.py:3239} INFO - Sync 1 DAGs
[2025-07-22T11:45:56.860+0000] {logging_mixin.py:190} INFO - [2025-07-22T11:45:56.860+0000] {dag.py:4180} INFO - Setting next_dagrun for train_power_pred to 2025-07-22 00:00:00+00:00, run_after=2025-07-23 00:00:00+00:00
[2025-07-22T11:45:56.875+0000] {processor.py:208} INFO - Processing /opt/airflow/dags/train_power_pred.py took 3.424 seconds
[2025-07-22T11:46:28.816+0000] {processor.py:186} INFO - Started process (PID=61768) to work on /opt/airflow/dags/train_power_pred.py
[2025-07-22T11:46:28.818+0000] {processor.py:914} INFO - Processing file /opt/airflow/dags/train_power_pred.py for tasks to queue
[2025-07-22T11:46:28.820+0000] {logging_mixin.py:190} INFO - [2025-07-22T11:46:28.820+0000] {dagbag.py:588} INFO - Filling up the DagBag from /opt/airflow/dags/train_power_pred.py
[2025-07-22T11:46:32.294+0000] {processor.py:925} INFO - DAG(s) 'train_power_pred' retrieved from /opt/airflow/dags/train_power_pred.py
[2025-07-22T11:46:32.316+0000] {logging_mixin.py:190} INFO - [2025-07-22T11:46:32.316+0000] {dag.py:3239} INFO - Sync 1 DAGs
[2025-07-22T11:46:32.336+0000] {logging_mixin.py:190} INFO - [2025-07-22T11:46:32.335+0000] {dag.py:4180} INFO - Setting next_dagrun for train_power_pred to 2025-07-22 00:00:00+00:00, run_after=2025-07-23 00:00:00+00:00
[2025-07-22T11:46:32.352+0000] {processor.py:208} INFO - Processing /opt/airflow/dags/train_power_pred.py took 3.542 seconds
[2025-07-22T11:47:03.943+0000] {processor.py:186} INFO - Started process (PID=61872) to work on /opt/airflow/dags/train_power_pred.py
[2025-07-22T11:47:03.944+0000] {processor.py:914} INFO - Processing file /opt/airflow/dags/train_power_pred.py for tasks to queue
[2025-07-22T11:47:03.947+0000] {logging_mixin.py:190} INFO - [2025-07-22T11:47:03.946+0000] {dagbag.py:588} INFO - Filling up the DagBag from /opt/airflow/dags/train_power_pred.py
[2025-07-22T11:47:07.043+0000] {processor.py:925} INFO - DAG(s) 'train_power_pred' retrieved from /opt/airflow/dags/train_power_pred.py
[2025-07-22T11:47:07.063+0000] {logging_mixin.py:190} INFO - [2025-07-22T11:47:07.061+0000] {dag.py:3239} INFO - Sync 1 DAGs
[2025-07-22T11:47:07.079+0000] {logging_mixin.py:190} INFO - [2025-07-22T11:47:07.079+0000] {dag.py:4180} INFO - Setting next_dagrun for train_power_pred to 2025-07-22 00:00:00+00:00, run_after=2025-07-23 00:00:00+00:00
[2025-07-22T11:47:07.092+0000] {processor.py:208} INFO - Processing /opt/airflow/dags/train_power_pred.py took 3.155 seconds
[2025-07-22T11:47:39.474+0000] {processor.py:186} INFO - Started process (PID=61971) to work on /opt/airflow/dags/train_power_pred.py
[2025-07-22T11:47:39.482+0000] {processor.py:914} INFO - Processing file /opt/airflow/dags/train_power_pred.py for tasks to queue
[2025-07-22T11:47:39.485+0000] {logging_mixin.py:190} INFO - [2025-07-22T11:47:39.484+0000] {dagbag.py:588} INFO - Filling up the DagBag from /opt/airflow/dags/train_power_pred.py
[2025-07-22T11:47:42.698+0000] {processor.py:925} INFO - DAG(s) 'train_power_pred' retrieved from /opt/airflow/dags/train_power_pred.py
[2025-07-22T11:47:42.718+0000] {logging_mixin.py:190} INFO - [2025-07-22T11:47:42.717+0000] {dag.py:3239} INFO - Sync 1 DAGs
[2025-07-22T11:47:42.737+0000] {logging_mixin.py:190} INFO - [2025-07-22T11:47:42.737+0000] {dag.py:4180} INFO - Setting next_dagrun for train_power_pred to 2025-07-22 00:00:00+00:00, run_after=2025-07-23 00:00:00+00:00
[2025-07-22T11:47:42.763+0000] {processor.py:208} INFO - Processing /opt/airflow/dags/train_power_pred.py took 3.296 seconds
[2025-07-22T11:48:14.581+0000] {processor.py:186} INFO - Started process (PID=62069) to work on /opt/airflow/dags/train_power_pred.py
[2025-07-22T11:48:14.582+0000] {processor.py:914} INFO - Processing file /opt/airflow/dags/train_power_pred.py for tasks to queue
[2025-07-22T11:48:14.585+0000] {logging_mixin.py:190} INFO - [2025-07-22T11:48:14.584+0000] {dagbag.py:588} INFO - Filling up the DagBag from /opt/airflow/dags/train_power_pred.py
[2025-07-22T11:48:17.709+0000] {processor.py:925} INFO - DAG(s) 'train_power_pred' retrieved from /opt/airflow/dags/train_power_pred.py
[2025-07-22T11:48:17.729+0000] {logging_mixin.py:190} INFO - [2025-07-22T11:48:17.729+0000] {dag.py:3239} INFO - Sync 1 DAGs
[2025-07-22T11:48:17.747+0000] {logging_mixin.py:190} INFO - [2025-07-22T11:48:17.747+0000] {dag.py:4180} INFO - Setting next_dagrun for train_power_pred to 2025-07-22 00:00:00+00:00, run_after=2025-07-23 00:00:00+00:00
[2025-07-22T11:48:17.761+0000] {processor.py:208} INFO - Processing /opt/airflow/dags/train_power_pred.py took 3.186 seconds
[2025-07-22T11:48:50.072+0000] {processor.py:186} INFO - Started process (PID=62167) to work on /opt/airflow/dags/train_power_pred.py
[2025-07-22T11:48:50.074+0000] {processor.py:914} INFO - Processing file /opt/airflow/dags/train_power_pred.py for tasks to queue
[2025-07-22T11:48:50.076+0000] {logging_mixin.py:190} INFO - [2025-07-22T11:48:50.076+0000] {dagbag.py:588} INFO - Filling up the DagBag from /opt/airflow/dags/train_power_pred.py
[2025-07-22T11:48:53.389+0000] {processor.py:925} INFO - DAG(s) 'train_power_pred' retrieved from /opt/airflow/dags/train_power_pred.py
[2025-07-22T11:48:53.418+0000] {logging_mixin.py:190} INFO - [2025-07-22T11:48:53.417+0000] {dag.py:3239} INFO - Sync 1 DAGs
[2025-07-22T11:48:53.452+0000] {logging_mixin.py:190} INFO - [2025-07-22T11:48:53.452+0000] {dag.py:4180} INFO - Setting next_dagrun for train_power_pred to 2025-07-22 00:00:00+00:00, run_after=2025-07-23 00:00:00+00:00
[2025-07-22T11:48:53.473+0000] {processor.py:208} INFO - Processing /opt/airflow/dags/train_power_pred.py took 3.408 seconds
[2025-07-22T11:49:24.542+0000] {processor.py:186} INFO - Started process (PID=62265) to work on /opt/airflow/dags/train_power_pred.py
[2025-07-22T11:49:24.543+0000] {processor.py:914} INFO - Processing file /opt/airflow/dags/train_power_pred.py for tasks to queue
[2025-07-22T11:49:24.546+0000] {logging_mixin.py:190} INFO - [2025-07-22T11:49:24.545+0000] {dagbag.py:588} INFO - Filling up the DagBag from /opt/airflow/dags/train_power_pred.py
[2025-07-22T11:49:27.604+0000] {processor.py:925} INFO - DAG(s) 'train_power_pred' retrieved from /opt/airflow/dags/train_power_pred.py
[2025-07-22T11:49:27.624+0000] {logging_mixin.py:190} INFO - [2025-07-22T11:49:27.623+0000] {dag.py:3239} INFO - Sync 1 DAGs
[2025-07-22T11:49:27.639+0000] {logging_mixin.py:190} INFO - [2025-07-22T11:49:27.639+0000] {dag.py:4180} INFO - Setting next_dagrun for train_power_pred to 2025-07-22 00:00:00+00:00, run_after=2025-07-23 00:00:00+00:00
[2025-07-22T11:49:27.654+0000] {processor.py:208} INFO - Processing /opt/airflow/dags/train_power_pred.py took 3.118 seconds
[2025-07-22T11:50:00.065+0000] {processor.py:186} INFO - Started process (PID=62363) to work on /opt/airflow/dags/train_power_pred.py
[2025-07-22T11:50:00.066+0000] {processor.py:914} INFO - Processing file /opt/airflow/dags/train_power_pred.py for tasks to queue
[2025-07-22T11:50:00.069+0000] {logging_mixin.py:190} INFO - [2025-07-22T11:50:00.069+0000] {dagbag.py:588} INFO - Filling up the DagBag from /opt/airflow/dags/train_power_pred.py
[2025-07-22T11:50:03.373+0000] {processor.py:925} INFO - DAG(s) 'train_power_pred' retrieved from /opt/airflow/dags/train_power_pred.py
[2025-07-22T11:50:03.395+0000] {logging_mixin.py:190} INFO - [2025-07-22T11:50:03.394+0000] {dag.py:3239} INFO - Sync 1 DAGs
[2025-07-22T11:50:03.413+0000] {logging_mixin.py:190} INFO - [2025-07-22T11:50:03.413+0000] {dag.py:4180} INFO - Setting next_dagrun for train_power_pred to 2025-07-22 00:00:00+00:00, run_after=2025-07-23 00:00:00+00:00
[2025-07-22T11:50:03.429+0000] {processor.py:208} INFO - Processing /opt/airflow/dags/train_power_pred.py took 3.372 seconds
[2025-07-22T11:50:34.824+0000] {processor.py:186} INFO - Started process (PID=62467) to work on /opt/airflow/dags/train_power_pred.py
[2025-07-22T11:50:34.825+0000] {processor.py:914} INFO - Processing file /opt/airflow/dags/train_power_pred.py for tasks to queue
[2025-07-22T11:50:34.828+0000] {logging_mixin.py:190} INFO - [2025-07-22T11:50:34.828+0000] {dagbag.py:588} INFO - Filling up the DagBag from /opt/airflow/dags/train_power_pred.py
[2025-07-22T11:50:38.126+0000] {processor.py:925} INFO - DAG(s) 'train_power_pred' retrieved from /opt/airflow/dags/train_power_pred.py
[2025-07-22T11:50:38.146+0000] {logging_mixin.py:190} INFO - [2025-07-22T11:50:38.145+0000] {dag.py:3239} INFO - Sync 1 DAGs
[2025-07-22T11:50:38.162+0000] {logging_mixin.py:190} INFO - [2025-07-22T11:50:38.161+0000] {dag.py:4180} INFO - Setting next_dagrun for train_power_pred to 2025-07-22 00:00:00+00:00, run_after=2025-07-23 00:00:00+00:00
[2025-07-22T11:50:38.186+0000] {processor.py:208} INFO - Processing /opt/airflow/dags/train_power_pred.py took 3.367 seconds
[2025-07-22T11:51:09.842+0000] {processor.py:186} INFO - Started process (PID=62565) to work on /opt/airflow/dags/train_power_pred.py
[2025-07-22T11:51:09.843+0000] {processor.py:914} INFO - Processing file /opt/airflow/dags/train_power_pred.py for tasks to queue
[2025-07-22T11:51:09.846+0000] {logging_mixin.py:190} INFO - [2025-07-22T11:51:09.845+0000] {dagbag.py:588} INFO - Filling up the DagBag from /opt/airflow/dags/train_power_pred.py
[2025-07-22T11:51:13.210+0000] {processor.py:925} INFO - DAG(s) 'train_power_pred' retrieved from /opt/airflow/dags/train_power_pred.py
[2025-07-22T11:51:13.230+0000] {logging_mixin.py:190} INFO - [2025-07-22T11:51:13.229+0000] {dag.py:3239} INFO - Sync 1 DAGs
[2025-07-22T11:51:13.247+0000] {logging_mixin.py:190} INFO - [2025-07-22T11:51:13.246+0000] {dag.py:4180} INFO - Setting next_dagrun for train_power_pred to 2025-07-22 00:00:00+00:00, run_after=2025-07-23 00:00:00+00:00
[2025-07-22T11:51:13.262+0000] {processor.py:208} INFO - Processing /opt/airflow/dags/train_power_pred.py took 3.427 seconds
[2025-07-22T11:51:44.628+0000] {processor.py:186} INFO - Started process (PID=62663) to work on /opt/airflow/dags/train_power_pred.py
[2025-07-22T11:51:44.629+0000] {processor.py:914} INFO - Processing file /opt/airflow/dags/train_power_pred.py for tasks to queue
[2025-07-22T11:51:44.632+0000] {logging_mixin.py:190} INFO - [2025-07-22T11:51:44.632+0000] {dagbag.py:588} INFO - Filling up the DagBag from /opt/airflow/dags/train_power_pred.py
[2025-07-22T11:51:47.713+0000] {processor.py:925} INFO - DAG(s) 'train_power_pred' retrieved from /opt/airflow/dags/train_power_pred.py
[2025-07-22T11:51:47.732+0000] {logging_mixin.py:190} INFO - [2025-07-22T11:51:47.731+0000] {dag.py:3239} INFO - Sync 1 DAGs
[2025-07-22T11:51:47.748+0000] {logging_mixin.py:190} INFO - [2025-07-22T11:51:47.748+0000] {dag.py:4180} INFO - Setting next_dagrun for train_power_pred to 2025-07-22 00:00:00+00:00, run_after=2025-07-23 00:00:00+00:00
[2025-07-22T11:51:47.762+0000] {processor.py:208} INFO - Processing /opt/airflow/dags/train_power_pred.py took 3.140 seconds
[2025-07-22T11:52:19.930+0000] {processor.py:186} INFO - Started process (PID=62764) to work on /opt/airflow/dags/train_power_pred.py
[2025-07-22T11:52:19.931+0000] {processor.py:914} INFO - Processing file /opt/airflow/dags/train_power_pred.py for tasks to queue
[2025-07-22T11:52:19.933+0000] {logging_mixin.py:190} INFO - [2025-07-22T11:52:19.933+0000] {dagbag.py:588} INFO - Filling up the DagBag from /opt/airflow/dags/train_power_pred.py
[2025-07-22T11:52:23.075+0000] {processor.py:925} INFO - DAG(s) 'train_power_pred' retrieved from /opt/airflow/dags/train_power_pred.py
[2025-07-22T11:52:23.094+0000] {logging_mixin.py:190} INFO - [2025-07-22T11:52:23.094+0000] {dag.py:3239} INFO - Sync 1 DAGs
[2025-07-22T11:52:23.111+0000] {logging_mixin.py:190} INFO - [2025-07-22T11:52:23.111+0000] {dag.py:4180} INFO - Setting next_dagrun for train_power_pred to 2025-07-22 00:00:00+00:00, run_after=2025-07-23 00:00:00+00:00
[2025-07-22T11:52:23.124+0000] {processor.py:208} INFO - Processing /opt/airflow/dags/train_power_pred.py took 3.203 seconds
[2025-07-22T11:52:55.231+0000] {processor.py:186} INFO - Started process (PID=62862) to work on /opt/airflow/dags/train_power_pred.py
[2025-07-22T11:52:55.232+0000] {processor.py:914} INFO - Processing file /opt/airflow/dags/train_power_pred.py for tasks to queue
[2025-07-22T11:52:55.234+0000] {logging_mixin.py:190} INFO - [2025-07-22T11:52:55.234+0000] {dagbag.py:588} INFO - Filling up the DagBag from /opt/airflow/dags/train_power_pred.py
[2025-07-22T11:52:58.296+0000] {processor.py:925} INFO - DAG(s) 'train_power_pred' retrieved from /opt/airflow/dags/train_power_pred.py
[2025-07-22T11:52:58.317+0000] {logging_mixin.py:190} INFO - [2025-07-22T11:52:58.316+0000] {dag.py:3239} INFO - Sync 1 DAGs
[2025-07-22T11:52:58.335+0000] {logging_mixin.py:190} INFO - [2025-07-22T11:52:58.335+0000] {dag.py:4180} INFO - Setting next_dagrun for train_power_pred to 2025-07-22 00:00:00+00:00, run_after=2025-07-23 00:00:00+00:00
[2025-07-22T11:52:58.351+0000] {processor.py:208} INFO - Processing /opt/airflow/dags/train_power_pred.py took 3.126 seconds
[2025-07-22T11:53:29.702+0000] {processor.py:186} INFO - Started process (PID=62960) to work on /opt/airflow/dags/train_power_pred.py
[2025-07-22T11:53:29.703+0000] {processor.py:914} INFO - Processing file /opt/airflow/dags/train_power_pred.py for tasks to queue
[2025-07-22T11:53:29.707+0000] {logging_mixin.py:190} INFO - [2025-07-22T11:53:29.706+0000] {dagbag.py:588} INFO - Filling up the DagBag from /opt/airflow/dags/train_power_pred.py
[2025-07-22T11:53:33.013+0000] {processor.py:925} INFO - DAG(s) 'train_power_pred' retrieved from /opt/airflow/dags/train_power_pred.py
[2025-07-22T11:53:33.035+0000] {logging_mixin.py:190} INFO - [2025-07-22T11:53:33.034+0000] {dag.py:3239} INFO - Sync 1 DAGs
[2025-07-22T11:53:33.054+0000] {logging_mixin.py:190} INFO - [2025-07-22T11:53:33.054+0000] {dag.py:4180} INFO - Setting next_dagrun for train_power_pred to 2025-07-22 00:00:00+00:00, run_after=2025-07-23 00:00:00+00:00
[2025-07-22T11:53:33.070+0000] {processor.py:208} INFO - Processing /opt/airflow/dags/train_power_pred.py took 3.376 seconds
[2025-07-22T11:54:04.668+0000] {processor.py:186} INFO - Started process (PID=63064) to work on /opt/airflow/dags/train_power_pred.py
[2025-07-22T11:54:04.669+0000] {processor.py:914} INFO - Processing file /opt/airflow/dags/train_power_pred.py for tasks to queue
[2025-07-22T11:54:04.671+0000] {logging_mixin.py:190} INFO - [2025-07-22T11:54:04.671+0000] {dagbag.py:588} INFO - Filling up the DagBag from /opt/airflow/dags/train_power_pred.py
[2025-07-22T11:54:07.816+0000] {processor.py:925} INFO - DAG(s) 'train_power_pred' retrieved from /opt/airflow/dags/train_power_pred.py
[2025-07-22T11:54:07.839+0000] {logging_mixin.py:190} INFO - [2025-07-22T11:54:07.839+0000] {dag.py:3239} INFO - Sync 1 DAGs
[2025-07-22T11:54:07.859+0000] {logging_mixin.py:190} INFO - [2025-07-22T11:54:07.859+0000] {dag.py:4180} INFO - Setting next_dagrun for train_power_pred to 2025-07-22 00:00:00+00:00, run_after=2025-07-23 00:00:00+00:00
[2025-07-22T11:54:07.876+0000] {processor.py:208} INFO - Processing /opt/airflow/dags/train_power_pred.py took 3.215 seconds
[2025-07-22T11:54:39.051+0000] {processor.py:186} INFO - Started process (PID=63162) to work on /opt/airflow/dags/train_power_pred.py
[2025-07-22T11:54:39.053+0000] {processor.py:914} INFO - Processing file /opt/airflow/dags/train_power_pred.py for tasks to queue
[2025-07-22T11:54:39.055+0000] {logging_mixin.py:190} INFO - [2025-07-22T11:54:39.054+0000] {dagbag.py:588} INFO - Filling up the DagBag from /opt/airflow/dags/train_power_pred.py
[2025-07-22T11:54:42.255+0000] {processor.py:925} INFO - DAG(s) 'train_power_pred' retrieved from /opt/airflow/dags/train_power_pred.py
[2025-07-22T11:54:42.280+0000] {logging_mixin.py:190} INFO - [2025-07-22T11:54:42.280+0000] {dag.py:3239} INFO - Sync 1 DAGs
[2025-07-22T11:54:42.300+0000] {logging_mixin.py:190} INFO - [2025-07-22T11:54:42.300+0000] {dag.py:4180} INFO - Setting next_dagrun for train_power_pred to 2025-07-22 00:00:00+00:00, run_after=2025-07-23 00:00:00+00:00
[2025-07-22T11:54:42.317+0000] {processor.py:208} INFO - Processing /opt/airflow/dags/train_power_pred.py took 3.272 seconds
[2025-07-22T11:55:14.516+0000] {processor.py:186} INFO - Started process (PID=63260) to work on /opt/airflow/dags/train_power_pred.py
[2025-07-22T11:55:14.517+0000] {processor.py:914} INFO - Processing file /opt/airflow/dags/train_power_pred.py for tasks to queue
[2025-07-22T11:55:14.520+0000] {logging_mixin.py:190} INFO - [2025-07-22T11:55:14.519+0000] {dagbag.py:588} INFO - Filling up the DagBag from /opt/airflow/dags/train_power_pred.py
[2025-07-22T11:55:17.733+0000] {processor.py:925} INFO - DAG(s) 'train_power_pred' retrieved from /opt/airflow/dags/train_power_pred.py
[2025-07-22T11:55:17.753+0000] {logging_mixin.py:190} INFO - [2025-07-22T11:55:17.753+0000] {dag.py:3239} INFO - Sync 1 DAGs
[2025-07-22T11:55:17.769+0000] {logging_mixin.py:190} INFO - [2025-07-22T11:55:17.769+0000] {dag.py:4180} INFO - Setting next_dagrun for train_power_pred to 2025-07-22 00:00:00+00:00, run_after=2025-07-23 00:00:00+00:00
[2025-07-22T11:55:17.787+0000] {processor.py:208} INFO - Processing /opt/airflow/dags/train_power_pred.py took 3.277 seconds
[2025-07-22T11:55:49.361+0000] {processor.py:186} INFO - Started process (PID=63358) to work on /opt/airflow/dags/train_power_pred.py
[2025-07-22T11:55:49.363+0000] {processor.py:914} INFO - Processing file /opt/airflow/dags/train_power_pred.py for tasks to queue
[2025-07-22T11:55:49.366+0000] {logging_mixin.py:190} INFO - [2025-07-22T11:55:49.365+0000] {dagbag.py:588} INFO - Filling up the DagBag from /opt/airflow/dags/train_power_pred.py
[2025-07-22T11:55:52.989+0000] {processor.py:925} INFO - DAG(s) 'train_power_pred' retrieved from /opt/airflow/dags/train_power_pred.py
[2025-07-22T11:55:53.013+0000] {logging_mixin.py:190} INFO - [2025-07-22T11:55:53.013+0000] {dag.py:3239} INFO - Sync 1 DAGs
[2025-07-22T11:55:53.033+0000] {logging_mixin.py:190} INFO - [2025-07-22T11:55:53.033+0000] {dag.py:4180} INFO - Setting next_dagrun for train_power_pred to 2025-07-22 00:00:00+00:00, run_after=2025-07-23 00:00:00+00:00
[2025-07-22T11:55:53.048+0000] {processor.py:208} INFO - Processing /opt/airflow/dags/train_power_pred.py took 3.694 seconds
[2025-07-22T11:56:24.709+0000] {processor.py:186} INFO - Started process (PID=63456) to work on /opt/airflow/dags/train_power_pred.py
[2025-07-22T11:56:24.711+0000] {processor.py:914} INFO - Processing file /opt/airflow/dags/train_power_pred.py for tasks to queue
[2025-07-22T11:56:24.714+0000] {logging_mixin.py:190} INFO - [2025-07-22T11:56:24.713+0000] {dagbag.py:588} INFO - Filling up the DagBag from /opt/airflow/dags/train_power_pred.py
[2025-07-22T11:56:28.070+0000] {processor.py:925} INFO - DAG(s) 'train_power_pred' retrieved from /opt/airflow/dags/train_power_pred.py
[2025-07-22T11:56:28.091+0000] {logging_mixin.py:190} INFO - [2025-07-22T11:56:28.091+0000] {dag.py:3239} INFO - Sync 1 DAGs
[2025-07-22T11:56:28.110+0000] {logging_mixin.py:190} INFO - [2025-07-22T11:56:28.110+0000] {dag.py:4180} INFO - Setting next_dagrun for train_power_pred to 2025-07-22 00:00:00+00:00, run_after=2025-07-23 00:00:00+00:00
[2025-07-22T11:56:28.133+0000] {processor.py:208} INFO - Processing /opt/airflow/dags/train_power_pred.py took 3.430 seconds
[2025-07-22T11:56:59.449+0000] {processor.py:186} INFO - Started process (PID=63554) to work on /opt/airflow/dags/train_power_pred.py
[2025-07-22T11:56:59.450+0000] {processor.py:914} INFO - Processing file /opt/airflow/dags/train_power_pred.py for tasks to queue
[2025-07-22T11:56:59.452+0000] {logging_mixin.py:190} INFO - [2025-07-22T11:56:59.452+0000] {dagbag.py:588} INFO - Filling up the DagBag from /opt/airflow/dags/train_power_pred.py
[2025-07-22T11:57:02.613+0000] {processor.py:925} INFO - DAG(s) 'train_power_pred' retrieved from /opt/airflow/dags/train_power_pred.py
[2025-07-22T11:57:02.635+0000] {logging_mixin.py:190} INFO - [2025-07-22T11:57:02.635+0000] {dag.py:3239} INFO - Sync 1 DAGs
[2025-07-22T11:57:02.653+0000] {logging_mixin.py:190} INFO - [2025-07-22T11:57:02.653+0000] {dag.py:4180} INFO - Setting next_dagrun for train_power_pred to 2025-07-22 00:00:00+00:00, run_after=2025-07-23 00:00:00+00:00
[2025-07-22T11:57:02.677+0000] {processor.py:208} INFO - Processing /opt/airflow/dags/train_power_pred.py took 3.235 seconds
[2025-07-22T11:57:35.020+0000] {processor.py:186} INFO - Started process (PID=63658) to work on /opt/airflow/dags/train_power_pred.py
[2025-07-22T11:57:35.021+0000] {processor.py:914} INFO - Processing file /opt/airflow/dags/train_power_pred.py for tasks to queue
[2025-07-22T11:57:35.024+0000] {logging_mixin.py:190} INFO - [2025-07-22T11:57:35.023+0000] {dagbag.py:588} INFO - Filling up the DagBag from /opt/airflow/dags/train_power_pred.py
[2025-07-22T11:57:38.277+0000] {processor.py:925} INFO - DAG(s) 'train_power_pred' retrieved from /opt/airflow/dags/train_power_pred.py
[2025-07-22T11:57:38.297+0000] {logging_mixin.py:190} INFO - [2025-07-22T11:57:38.296+0000] {dag.py:3239} INFO - Sync 1 DAGs
[2025-07-22T11:57:38.314+0000] {logging_mixin.py:190} INFO - [2025-07-22T11:57:38.314+0000] {dag.py:4180} INFO - Setting next_dagrun for train_power_pred to 2025-07-22 00:00:00+00:00, run_after=2025-07-23 00:00:00+00:00
[2025-07-22T11:57:38.328+0000] {processor.py:208} INFO - Processing /opt/airflow/dags/train_power_pred.py took 3.315 seconds
[2025-07-22T11:58:09.902+0000] {processor.py:186} INFO - Started process (PID=63756) to work on /opt/airflow/dags/train_power_pred.py
[2025-07-22T11:58:09.904+0000] {processor.py:914} INFO - Processing file /opt/airflow/dags/train_power_pred.py for tasks to queue
[2025-07-22T11:58:09.908+0000] {logging_mixin.py:190} INFO - [2025-07-22T11:58:09.907+0000] {dagbag.py:588} INFO - Filling up the DagBag from /opt/airflow/dags/train_power_pred.py
[2025-07-22T11:58:13.629+0000] {processor.py:925} INFO - DAG(s) 'train_power_pred' retrieved from /opt/airflow/dags/train_power_pred.py
[2025-07-22T11:58:13.654+0000] {logging_mixin.py:190} INFO - [2025-07-22T11:58:13.653+0000] {dag.py:3239} INFO - Sync 1 DAGs
[2025-07-22T11:58:13.676+0000] {logging_mixin.py:190} INFO - [2025-07-22T11:58:13.676+0000] {dag.py:4180} INFO - Setting next_dagrun for train_power_pred to 2025-07-22 00:00:00+00:00, run_after=2025-07-23 00:00:00+00:00
[2025-07-22T11:58:13.700+0000] {processor.py:208} INFO - Processing /opt/airflow/dags/train_power_pred.py took 3.807 seconds
[2025-07-22T11:58:45.457+0000] {processor.py:186} INFO - Started process (PID=63854) to work on /opt/airflow/dags/train_power_pred.py
[2025-07-22T11:58:45.458+0000] {processor.py:914} INFO - Processing file /opt/airflow/dags/train_power_pred.py for tasks to queue
[2025-07-22T11:58:45.460+0000] {logging_mixin.py:190} INFO - [2025-07-22T11:58:45.460+0000] {dagbag.py:588} INFO - Filling up the DagBag from /opt/airflow/dags/train_power_pred.py
[2025-07-22T11:58:48.647+0000] {processor.py:925} INFO - DAG(s) 'train_power_pred' retrieved from /opt/airflow/dags/train_power_pred.py
[2025-07-22T11:58:48.668+0000] {logging_mixin.py:190} INFO - [2025-07-22T11:58:48.668+0000] {dag.py:3239} INFO - Sync 1 DAGs
[2025-07-22T11:58:48.687+0000] {logging_mixin.py:190} INFO - [2025-07-22T11:58:48.687+0000] {dag.py:4180} INFO - Setting next_dagrun for train_power_pred to 2025-07-22 00:00:00+00:00, run_after=2025-07-23 00:00:00+00:00
[2025-07-22T11:58:48.701+0000] {processor.py:208} INFO - Processing /opt/airflow/dags/train_power_pred.py took 3.250 seconds
[2025-07-22T11:59:20.097+0000] {processor.py:186} INFO - Started process (PID=63949) to work on /opt/airflow/dags/train_power_pred.py
[2025-07-22T11:59:20.099+0000] {processor.py:914} INFO - Processing file /opt/airflow/dags/train_power_pred.py for tasks to queue
[2025-07-22T11:59:20.101+0000] {logging_mixin.py:190} INFO - [2025-07-22T11:59:20.101+0000] {dagbag.py:588} INFO - Filling up the DagBag from /opt/airflow/dags/train_power_pred.py
[2025-07-22T11:59:23.456+0000] {processor.py:925} INFO - DAG(s) 'train_power_pred' retrieved from /opt/airflow/dags/train_power_pred.py
[2025-07-22T11:59:23.476+0000] {logging_mixin.py:190} INFO - [2025-07-22T11:59:23.475+0000] {dag.py:3239} INFO - Sync 1 DAGs
[2025-07-22T11:59:23.492+0000] {logging_mixin.py:190} INFO - [2025-07-22T11:59:23.492+0000] {dag.py:4180} INFO - Setting next_dagrun for train_power_pred to 2025-07-22 00:00:00+00:00, run_after=2025-07-23 00:00:00+00:00
[2025-07-22T11:59:23.507+0000] {processor.py:208} INFO - Processing /opt/airflow/dags/train_power_pred.py took 3.419 seconds
[2025-07-22T11:59:55.499+0000] {processor.py:186} INFO - Started process (PID=64050) to work on /opt/airflow/dags/train_power_pred.py
[2025-07-22T11:59:55.500+0000] {processor.py:914} INFO - Processing file /opt/airflow/dags/train_power_pred.py for tasks to queue
[2025-07-22T11:59:55.503+0000] {logging_mixin.py:190} INFO - [2025-07-22T11:59:55.502+0000] {dagbag.py:588} INFO - Filling up the DagBag from /opt/airflow/dags/train_power_pred.py
[2025-07-22T11:59:58.783+0000] {processor.py:925} INFO - DAG(s) 'train_power_pred' retrieved from /opt/airflow/dags/train_power_pred.py
[2025-07-22T11:59:58.804+0000] {logging_mixin.py:190} INFO - [2025-07-22T11:59:58.803+0000] {dag.py:3239} INFO - Sync 1 DAGs
[2025-07-22T11:59:58.824+0000] {logging_mixin.py:190} INFO - [2025-07-22T11:59:58.823+0000] {dag.py:4180} INFO - Setting next_dagrun for train_power_pred to 2025-07-22 00:00:00+00:00, run_after=2025-07-23 00:00:00+00:00
[2025-07-22T11:59:58.838+0000] {processor.py:208} INFO - Processing /opt/airflow/dags/train_power_pred.py took 3.346 seconds
[2025-07-22T12:00:30.516+0000] {processor.py:186} INFO - Started process (PID=64148) to work on /opt/airflow/dags/train_power_pred.py
[2025-07-22T12:00:30.517+0000] {processor.py:914} INFO - Processing file /opt/airflow/dags/train_power_pred.py for tasks to queue
[2025-07-22T12:00:30.519+0000] {logging_mixin.py:190} INFO - [2025-07-22T12:00:30.519+0000] {dagbag.py:588} INFO - Filling up the DagBag from /opt/airflow/dags/train_power_pred.py
[2025-07-22T12:00:34.173+0000] {processor.py:925} INFO - DAG(s) 'train_power_pred' retrieved from /opt/airflow/dags/train_power_pred.py
[2025-07-22T12:00:34.194+0000] {logging_mixin.py:190} INFO - [2025-07-22T12:00:34.193+0000] {dag.py:3239} INFO - Sync 1 DAGs
[2025-07-22T12:00:34.212+0000] {logging_mixin.py:190} INFO - [2025-07-22T12:00:34.212+0000] {dag.py:4180} INFO - Setting next_dagrun for train_power_pred to 2025-07-22 00:00:00+00:00, run_after=2025-07-23 00:00:00+00:00
[2025-07-22T12:00:34.230+0000] {processor.py:208} INFO - Processing /opt/airflow/dags/train_power_pred.py took 3.721 seconds
[2025-07-22T12:01:06.043+0000] {processor.py:186} INFO - Started process (PID=64252) to work on /opt/airflow/dags/train_power_pred.py
[2025-07-22T12:01:06.045+0000] {processor.py:914} INFO - Processing file /opt/airflow/dags/train_power_pred.py for tasks to queue
[2025-07-22T12:01:06.048+0000] {logging_mixin.py:190} INFO - [2025-07-22T12:01:06.047+0000] {dagbag.py:588} INFO - Filling up the DagBag from /opt/airflow/dags/train_power_pred.py
[2025-07-22T12:01:09.489+0000] {processor.py:925} INFO - DAG(s) 'train_power_pred' retrieved from /opt/airflow/dags/train_power_pred.py
[2025-07-22T12:01:09.511+0000] {logging_mixin.py:190} INFO - [2025-07-22T12:01:09.510+0000] {dag.py:3239} INFO - Sync 1 DAGs
[2025-07-22T12:01:09.529+0000] {logging_mixin.py:190} INFO - [2025-07-22T12:01:09.528+0000] {dag.py:4180} INFO - Setting next_dagrun for train_power_pred to 2025-07-22 00:00:00+00:00, run_after=2025-07-23 00:00:00+00:00
[2025-07-22T12:01:09.544+0000] {processor.py:208} INFO - Processing /opt/airflow/dags/train_power_pred.py took 3.511 seconds
[2025-07-22T12:01:41.341+0000] {processor.py:186} INFO - Started process (PID=64350) to work on /opt/airflow/dags/train_power_pred.py
[2025-07-22T12:01:41.342+0000] {processor.py:914} INFO - Processing file /opt/airflow/dags/train_power_pred.py for tasks to queue
[2025-07-22T12:01:41.344+0000] {logging_mixin.py:190} INFO - [2025-07-22T12:01:41.344+0000] {dagbag.py:588} INFO - Filling up the DagBag from /opt/airflow/dags/train_power_pred.py
[2025-07-22T12:01:44.471+0000] {processor.py:925} INFO - DAG(s) 'train_power_pred' retrieved from /opt/airflow/dags/train_power_pred.py
[2025-07-22T12:01:44.490+0000] {logging_mixin.py:190} INFO - [2025-07-22T12:01:44.489+0000] {dag.py:3239} INFO - Sync 1 DAGs
[2025-07-22T12:01:44.505+0000] {logging_mixin.py:190} INFO - [2025-07-22T12:01:44.505+0000] {dag.py:4180} INFO - Setting next_dagrun for train_power_pred to 2025-07-22 00:00:00+00:00, run_after=2025-07-23 00:00:00+00:00
[2025-07-22T12:01:44.518+0000] {processor.py:208} INFO - Processing /opt/airflow/dags/train_power_pred.py took 3.183 seconds
[2025-07-22T12:02:16.936+0000] {processor.py:186} INFO - Started process (PID=64448) to work on /opt/airflow/dags/train_power_pred.py
[2025-07-22T12:02:16.937+0000] {processor.py:914} INFO - Processing file /opt/airflow/dags/train_power_pred.py for tasks to queue
[2025-07-22T12:02:16.939+0000] {logging_mixin.py:190} INFO - [2025-07-22T12:02:16.939+0000] {dagbag.py:588} INFO - Filling up the DagBag from /opt/airflow/dags/train_power_pred.py
[2025-07-22T12:02:20.625+0000] {processor.py:925} INFO - DAG(s) 'train_power_pred' retrieved from /opt/airflow/dags/train_power_pred.py
[2025-07-22T12:02:20.647+0000] {logging_mixin.py:190} INFO - [2025-07-22T12:02:20.646+0000] {dag.py:3239} INFO - Sync 1 DAGs
[2025-07-22T12:02:20.666+0000] {logging_mixin.py:190} INFO - [2025-07-22T12:02:20.666+0000] {dag.py:4180} INFO - Setting next_dagrun for train_power_pred to 2025-07-22 00:00:00+00:00, run_after=2025-07-23 00:00:00+00:00
[2025-07-22T12:02:20.683+0000] {processor.py:208} INFO - Processing /opt/airflow/dags/train_power_pred.py took 3.754 seconds
[2025-07-22T12:02:51.903+0000] {processor.py:186} INFO - Started process (PID=64546) to work on /opt/airflow/dags/train_power_pred.py
[2025-07-22T12:02:51.904+0000] {processor.py:914} INFO - Processing file /opt/airflow/dags/train_power_pred.py for tasks to queue
[2025-07-22T12:02:51.906+0000] {logging_mixin.py:190} INFO - [2025-07-22T12:02:51.906+0000] {dagbag.py:588} INFO - Filling up the DagBag from /opt/airflow/dags/train_power_pred.py
[2025-07-22T12:02:55.602+0000] {processor.py:925} INFO - DAG(s) 'train_power_pred' retrieved from /opt/airflow/dags/train_power_pred.py
[2025-07-22T12:02:55.621+0000] {logging_mixin.py:190} INFO - [2025-07-22T12:02:55.620+0000] {dag.py:3239} INFO - Sync 1 DAGs
[2025-07-22T12:02:55.642+0000] {logging_mixin.py:190} INFO - [2025-07-22T12:02:55.641+0000] {dag.py:4180} INFO - Setting next_dagrun for train_power_pred to 2025-07-22 00:00:00+00:00, run_after=2025-07-23 00:00:00+00:00
[2025-07-22T12:02:55.657+0000] {processor.py:208} INFO - Processing /opt/airflow/dags/train_power_pred.py took 3.761 seconds
[2025-07-22T12:03:26.915+0000] {processor.py:186} INFO - Started process (PID=64644) to work on /opt/airflow/dags/train_power_pred.py
[2025-07-22T12:03:26.917+0000] {processor.py:914} INFO - Processing file /opt/airflow/dags/train_power_pred.py for tasks to queue
[2025-07-22T12:03:26.919+0000] {logging_mixin.py:190} INFO - [2025-07-22T12:03:26.919+0000] {dagbag.py:588} INFO - Filling up the DagBag from /opt/airflow/dags/train_power_pred.py
[2025-07-22T12:03:30.178+0000] {processor.py:925} INFO - DAG(s) 'train_power_pred' retrieved from /opt/airflow/dags/train_power_pred.py
[2025-07-22T12:03:30.203+0000] {logging_mixin.py:190} INFO - [2025-07-22T12:03:30.202+0000] {dag.py:3239} INFO - Sync 1 DAGs
[2025-07-22T12:03:30.222+0000] {logging_mixin.py:190} INFO - [2025-07-22T12:03:30.221+0000] {dag.py:4180} INFO - Setting next_dagrun for train_power_pred to 2025-07-22 00:00:00+00:00, run_after=2025-07-23 00:00:00+00:00
[2025-07-22T12:03:30.236+0000] {processor.py:208} INFO - Processing /opt/airflow/dags/train_power_pred.py took 3.327 seconds
[2025-07-22T12:04:01.571+0000] {processor.py:186} INFO - Started process (PID=64742) to work on /opt/airflow/dags/train_power_pred.py
[2025-07-22T12:04:01.573+0000] {processor.py:914} INFO - Processing file /opt/airflow/dags/train_power_pred.py for tasks to queue
[2025-07-22T12:04:01.575+0000] {logging_mixin.py:190} INFO - [2025-07-22T12:04:01.575+0000] {dagbag.py:588} INFO - Filling up the DagBag from /opt/airflow/dags/train_power_pred.py
[2025-07-22T12:04:04.887+0000] {processor.py:925} INFO - DAG(s) 'train_power_pred' retrieved from /opt/airflow/dags/train_power_pred.py
[2025-07-22T12:04:04.906+0000] {logging_mixin.py:190} INFO - [2025-07-22T12:04:04.905+0000] {dag.py:3239} INFO - Sync 1 DAGs
[2025-07-22T12:04:04.922+0000] {logging_mixin.py:190} INFO - [2025-07-22T12:04:04.922+0000] {dag.py:4180} INFO - Setting next_dagrun for train_power_pred to 2025-07-22 00:00:00+00:00, run_after=2025-07-23 00:00:00+00:00
[2025-07-22T12:04:04.934+0000] {processor.py:208} INFO - Processing /opt/airflow/dags/train_power_pred.py took 3.369 seconds
[2025-07-22T12:04:36.244+0000] {processor.py:186} INFO - Started process (PID=64846) to work on /opt/airflow/dags/train_power_pred.py
[2025-07-22T12:04:36.245+0000] {processor.py:914} INFO - Processing file /opt/airflow/dags/train_power_pred.py for tasks to queue
[2025-07-22T12:04:36.247+0000] {logging_mixin.py:190} INFO - [2025-07-22T12:04:36.247+0000] {dagbag.py:588} INFO - Filling up the DagBag from /opt/airflow/dags/train_power_pred.py
[2025-07-22T12:04:39.378+0000] {processor.py:925} INFO - DAG(s) 'train_power_pred' retrieved from /opt/airflow/dags/train_power_pred.py
[2025-07-22T12:04:39.397+0000] {logging_mixin.py:190} INFO - [2025-07-22T12:04:39.396+0000] {dag.py:3239} INFO - Sync 1 DAGs
[2025-07-22T12:04:39.412+0000] {logging_mixin.py:190} INFO - [2025-07-22T12:04:39.412+0000] {dag.py:4180} INFO - Setting next_dagrun for train_power_pred to 2025-07-22 00:00:00+00:00, run_after=2025-07-23 00:00:00+00:00
[2025-07-22T12:04:39.426+0000] {processor.py:208} INFO - Processing /opt/airflow/dags/train_power_pred.py took 3.188 seconds
[2025-07-22T12:05:11.987+0000] {processor.py:186} INFO - Started process (PID=64944) to work on /opt/airflow/dags/train_power_pred.py
[2025-07-22T12:05:11.988+0000] {processor.py:914} INFO - Processing file /opt/airflow/dags/train_power_pred.py for tasks to queue
[2025-07-22T12:05:11.991+0000] {logging_mixin.py:190} INFO - [2025-07-22T12:05:11.990+0000] {dagbag.py:588} INFO - Filling up the DagBag from /opt/airflow/dags/train_power_pred.py
[2025-07-22T12:05:15.233+0000] {processor.py:925} INFO - DAG(s) 'train_power_pred' retrieved from /opt/airflow/dags/train_power_pred.py
[2025-07-22T12:05:15.255+0000] {logging_mixin.py:190} INFO - [2025-07-22T12:05:15.255+0000] {dag.py:3239} INFO - Sync 1 DAGs
[2025-07-22T12:05:15.274+0000] {logging_mixin.py:190} INFO - [2025-07-22T12:05:15.274+0000] {dag.py:4180} INFO - Setting next_dagrun for train_power_pred to 2025-07-22 00:00:00+00:00, run_after=2025-07-23 00:00:00+00:00
[2025-07-22T12:05:15.290+0000] {processor.py:208} INFO - Processing /opt/airflow/dags/train_power_pred.py took 3.309 seconds
[2025-07-22T12:05:46.725+0000] {processor.py:186} INFO - Started process (PID=65042) to work on /opt/airflow/dags/train_power_pred.py
[2025-07-22T12:05:46.726+0000] {processor.py:914} INFO - Processing file /opt/airflow/dags/train_power_pred.py for tasks to queue
[2025-07-22T12:05:46.729+0000] {logging_mixin.py:190} INFO - [2025-07-22T12:05:46.729+0000] {dagbag.py:588} INFO - Filling up the DagBag from /opt/airflow/dags/train_power_pred.py
[2025-07-22T12:05:50.092+0000] {processor.py:925} INFO - DAG(s) 'train_power_pred' retrieved from /opt/airflow/dags/train_power_pred.py
[2025-07-22T12:05:50.113+0000] {logging_mixin.py:190} INFO - [2025-07-22T12:05:50.112+0000] {dag.py:3239} INFO - Sync 1 DAGs
[2025-07-22T12:05:50.131+0000] {logging_mixin.py:190} INFO - [2025-07-22T12:05:50.131+0000] {dag.py:4180} INFO - Setting next_dagrun for train_power_pred to 2025-07-22 00:00:00+00:00, run_after=2025-07-23 00:00:00+00:00
[2025-07-22T12:05:50.148+0000] {processor.py:208} INFO - Processing /opt/airflow/dags/train_power_pred.py took 3.430 seconds
[2025-07-22T12:06:22.017+0000] {processor.py:186} INFO - Started process (PID=65140) to work on /opt/airflow/dags/train_power_pred.py
[2025-07-22T12:06:22.019+0000] {processor.py:914} INFO - Processing file /opt/airflow/dags/train_power_pred.py for tasks to queue
[2025-07-22T12:06:22.021+0000] {logging_mixin.py:190} INFO - [2025-07-22T12:06:22.021+0000] {dagbag.py:588} INFO - Filling up the DagBag from /opt/airflow/dags/train_power_pred.py
[2025-07-22T12:06:25.240+0000] {processor.py:925} INFO - DAG(s) 'train_power_pred' retrieved from /opt/airflow/dags/train_power_pred.py
[2025-07-22T12:06:25.258+0000] {logging_mixin.py:190} INFO - [2025-07-22T12:06:25.258+0000] {dag.py:3239} INFO - Sync 1 DAGs
[2025-07-22T12:06:25.277+0000] {logging_mixin.py:190} INFO - [2025-07-22T12:06:25.276+0000] {dag.py:4180} INFO - Setting next_dagrun for train_power_pred to 2025-07-22 00:00:00+00:00, run_after=2025-07-23 00:00:00+00:00
[2025-07-22T12:06:25.290+0000] {processor.py:208} INFO - Processing /opt/airflow/dags/train_power_pred.py took 3.279 seconds
[2025-07-22T12:06:56.868+0000] {processor.py:186} INFO - Started process (PID=65238) to work on /opt/airflow/dags/train_power_pred.py
[2025-07-22T12:06:56.869+0000] {processor.py:914} INFO - Processing file /opt/airflow/dags/train_power_pred.py for tasks to queue
[2025-07-22T12:06:56.872+0000] {logging_mixin.py:190} INFO - [2025-07-22T12:06:56.871+0000] {dagbag.py:588} INFO - Filling up the DagBag from /opt/airflow/dags/train_power_pred.py
[2025-07-22T12:07:00.017+0000] {processor.py:925} INFO - DAG(s) 'train_power_pred' retrieved from /opt/airflow/dags/train_power_pred.py
[2025-07-22T12:07:00.038+0000] {logging_mixin.py:190} INFO - [2025-07-22T12:07:00.037+0000] {dag.py:3239} INFO - Sync 1 DAGs
[2025-07-22T12:07:00.054+0000] {logging_mixin.py:190} INFO - [2025-07-22T12:07:00.054+0000] {dag.py:4180} INFO - Setting next_dagrun for train_power_pred to 2025-07-22 00:00:00+00:00, run_after=2025-07-23 00:00:00+00:00
[2025-07-22T12:07:00.070+0000] {processor.py:208} INFO - Processing /opt/airflow/dags/train_power_pred.py took 3.209 seconds
[2025-07-22T12:07:31.273+0000] {processor.py:186} INFO - Started process (PID=65333) to work on /opt/airflow/dags/train_power_pred.py
[2025-07-22T12:07:31.275+0000] {processor.py:914} INFO - Processing file /opt/airflow/dags/train_power_pred.py for tasks to queue
[2025-07-22T12:07:31.277+0000] {logging_mixin.py:190} INFO - [2025-07-22T12:07:31.277+0000] {dagbag.py:588} INFO - Filling up the DagBag from /opt/airflow/dags/train_power_pred.py
[2025-07-22T12:07:34.516+0000] {processor.py:925} INFO - DAG(s) 'train_power_pred' retrieved from /opt/airflow/dags/train_power_pred.py
[2025-07-22T12:07:34.536+0000] {logging_mixin.py:190} INFO - [2025-07-22T12:07:34.536+0000] {dag.py:3239} INFO - Sync 1 DAGs
[2025-07-22T12:07:34.553+0000] {logging_mixin.py:190} INFO - [2025-07-22T12:07:34.553+0000] {dag.py:4180} INFO - Setting next_dagrun for train_power_pred to 2025-07-22 00:00:00+00:00, run_after=2025-07-23 00:00:00+00:00
[2025-07-22T12:07:34.567+0000] {processor.py:208} INFO - Processing /opt/airflow/dags/train_power_pred.py took 3.300 seconds
[2025-07-22T12:08:05.801+0000] {processor.py:186} INFO - Started process (PID=65438) to work on /opt/airflow/dags/train_power_pred.py
[2025-07-22T12:08:05.802+0000] {processor.py:914} INFO - Processing file /opt/airflow/dags/train_power_pred.py for tasks to queue
[2025-07-22T12:08:05.804+0000] {logging_mixin.py:190} INFO - [2025-07-22T12:08:05.804+0000] {dagbag.py:588} INFO - Filling up the DagBag from /opt/airflow/dags/train_power_pred.py
[2025-07-22T12:08:08.922+0000] {processor.py:925} INFO - DAG(s) 'train_power_pred' retrieved from /opt/airflow/dags/train_power_pred.py
[2025-07-22T12:08:08.941+0000] {logging_mixin.py:190} INFO - [2025-07-22T12:08:08.941+0000] {dag.py:3239} INFO - Sync 1 DAGs
[2025-07-22T12:08:08.959+0000] {logging_mixin.py:190} INFO - [2025-07-22T12:08:08.959+0000] {dag.py:4180} INFO - Setting next_dagrun for train_power_pred to 2025-07-22 00:00:00+00:00, run_after=2025-07-23 00:00:00+00:00
[2025-07-22T12:08:08.973+0000] {processor.py:208} INFO - Processing /opt/airflow/dags/train_power_pred.py took 3.178 seconds
[2025-07-22T12:08:40.216+0000] {processor.py:186} INFO - Started process (PID=65535) to work on /opt/airflow/dags/train_power_pred.py
[2025-07-22T12:08:40.217+0000] {processor.py:914} INFO - Processing file /opt/airflow/dags/train_power_pred.py for tasks to queue
[2025-07-22T12:08:40.220+0000] {logging_mixin.py:190} INFO - [2025-07-22T12:08:40.220+0000] {dagbag.py:588} INFO - Filling up the DagBag from /opt/airflow/dags/train_power_pred.py
[2025-07-22T12:08:43.619+0000] {processor.py:925} INFO - DAG(s) 'train_power_pred' retrieved from /opt/airflow/dags/train_power_pred.py
[2025-07-22T12:08:43.638+0000] {logging_mixin.py:190} INFO - [2025-07-22T12:08:43.637+0000] {dag.py:3239} INFO - Sync 1 DAGs
[2025-07-22T12:08:43.652+0000] {logging_mixin.py:190} INFO - [2025-07-22T12:08:43.652+0000] {dag.py:4180} INFO - Setting next_dagrun for train_power_pred to 2025-07-22 00:00:00+00:00, run_after=2025-07-23 00:00:00+00:00
[2025-07-22T12:08:43.678+0000] {processor.py:208} INFO - Processing /opt/airflow/dags/train_power_pred.py took 3.469 seconds
[2025-07-22T12:09:15.304+0000] {processor.py:186} INFO - Started process (PID=65633) to work on /opt/airflow/dags/train_power_pred.py
[2025-07-22T12:09:15.306+0000] {processor.py:914} INFO - Processing file /opt/airflow/dags/train_power_pred.py for tasks to queue
[2025-07-22T12:09:15.309+0000] {logging_mixin.py:190} INFO - [2025-07-22T12:09:15.308+0000] {dagbag.py:588} INFO - Filling up the DagBag from /opt/airflow/dags/train_power_pred.py
[2025-07-22T12:09:18.734+0000] {processor.py:925} INFO - DAG(s) 'train_power_pred' retrieved from /opt/airflow/dags/train_power_pred.py
[2025-07-22T12:09:18.756+0000] {logging_mixin.py:190} INFO - [2025-07-22T12:09:18.754+0000] {dag.py:3239} INFO - Sync 1 DAGs
[2025-07-22T12:09:18.774+0000] {logging_mixin.py:190} INFO - [2025-07-22T12:09:18.774+0000] {dag.py:4180} INFO - Setting next_dagrun for train_power_pred to 2025-07-22 00:00:00+00:00, run_after=2025-07-23 00:00:00+00:00
[2025-07-22T12:09:18.790+0000] {processor.py:208} INFO - Processing /opt/airflow/dags/train_power_pred.py took 3.492 seconds
[2025-07-22T12:09:49.896+0000] {processor.py:186} INFO - Started process (PID=65731) to work on /opt/airflow/dags/train_power_pred.py
[2025-07-22T12:09:49.897+0000] {processor.py:914} INFO - Processing file /opt/airflow/dags/train_power_pred.py for tasks to queue
[2025-07-22T12:09:49.900+0000] {logging_mixin.py:190} INFO - [2025-07-22T12:09:49.900+0000] {dagbag.py:588} INFO - Filling up the DagBag from /opt/airflow/dags/train_power_pred.py
[2025-07-22T12:09:53.468+0000] {processor.py:925} INFO - DAG(s) 'train_power_pred' retrieved from /opt/airflow/dags/train_power_pred.py
[2025-07-22T12:09:53.491+0000] {logging_mixin.py:190} INFO - [2025-07-22T12:09:53.490+0000] {dag.py:3239} INFO - Sync 1 DAGs
[2025-07-22T12:09:53.509+0000] {logging_mixin.py:190} INFO - [2025-07-22T12:09:53.509+0000] {dag.py:4180} INFO - Setting next_dagrun for train_power_pred to 2025-07-22 00:00:00+00:00, run_after=2025-07-23 00:00:00+00:00
[2025-07-22T12:09:53.526+0000] {processor.py:208} INFO - Processing /opt/airflow/dags/train_power_pred.py took 3.639 seconds
[2025-07-22T12:10:24.830+0000] {processor.py:186} INFO - Started process (PID=65829) to work on /opt/airflow/dags/train_power_pred.py
[2025-07-22T12:10:24.831+0000] {processor.py:914} INFO - Processing file /opt/airflow/dags/train_power_pred.py for tasks to queue
[2025-07-22T12:10:24.833+0000] {logging_mixin.py:190} INFO - [2025-07-22T12:10:24.833+0000] {dagbag.py:588} INFO - Filling up the DagBag from /opt/airflow/dags/train_power_pred.py
[2025-07-22T12:10:28.020+0000] {processor.py:925} INFO - DAG(s) 'train_power_pred' retrieved from /opt/airflow/dags/train_power_pred.py
[2025-07-22T12:10:28.038+0000] {logging_mixin.py:190} INFO - [2025-07-22T12:10:28.037+0000] {dag.py:3239} INFO - Sync 1 DAGs
[2025-07-22T12:10:28.053+0000] {logging_mixin.py:190} INFO - [2025-07-22T12:10:28.053+0000] {dag.py:4180} INFO - Setting next_dagrun for train_power_pred to 2025-07-22 00:00:00+00:00, run_after=2025-07-23 00:00:00+00:00
[2025-07-22T12:10:28.070+0000] {processor.py:208} INFO - Processing /opt/airflow/dags/train_power_pred.py took 3.247 seconds
[2025-07-22T12:11:00.195+0000] {processor.py:186} INFO - Started process (PID=65927) to work on /opt/airflow/dags/train_power_pred.py
[2025-07-22T12:11:00.196+0000] {processor.py:914} INFO - Processing file /opt/airflow/dags/train_power_pred.py for tasks to queue
[2025-07-22T12:11:00.198+0000] {logging_mixin.py:190} INFO - [2025-07-22T12:11:00.198+0000] {dagbag.py:588} INFO - Filling up the DagBag from /opt/airflow/dags/train_power_pred.py
[2025-07-22T12:11:03.557+0000] {processor.py:925} INFO - DAG(s) 'train_power_pred' retrieved from /opt/airflow/dags/train_power_pred.py
[2025-07-22T12:11:03.578+0000] {logging_mixin.py:190} INFO - [2025-07-22T12:11:03.577+0000] {dag.py:3239} INFO - Sync 1 DAGs
[2025-07-22T12:11:03.595+0000] {logging_mixin.py:190} INFO - [2025-07-22T12:11:03.595+0000] {dag.py:4180} INFO - Setting next_dagrun for train_power_pred to 2025-07-22 00:00:00+00:00, run_after=2025-07-23 00:00:00+00:00
[2025-07-22T12:11:03.612+0000] {processor.py:208} INFO - Processing /opt/airflow/dags/train_power_pred.py took 3.423 seconds
[2025-07-22T12:11:35.191+0000] {processor.py:186} INFO - Started process (PID=66031) to work on /opt/airflow/dags/train_power_pred.py
[2025-07-22T12:11:35.192+0000] {processor.py:914} INFO - Processing file /opt/airflow/dags/train_power_pred.py for tasks to queue
[2025-07-22T12:11:35.195+0000] {logging_mixin.py:190} INFO - [2025-07-22T12:11:35.195+0000] {dagbag.py:588} INFO - Filling up the DagBag from /opt/airflow/dags/train_power_pred.py
[2025-07-22T12:11:39.218+0000] {processor.py:925} INFO - DAG(s) 'train_power_pred' retrieved from /opt/airflow/dags/train_power_pred.py
[2025-07-22T12:11:39.250+0000] {logging_mixin.py:190} INFO - [2025-07-22T12:11:39.247+0000] {dag.py:3239} INFO - Sync 1 DAGs
[2025-07-22T12:11:39.281+0000] {logging_mixin.py:190} INFO - [2025-07-22T12:11:39.281+0000] {dag.py:4180} INFO - Setting next_dagrun for train_power_pred to 2025-07-22 00:00:00+00:00, run_after=2025-07-23 00:00:00+00:00
[2025-07-22T12:11:39.309+0000] {processor.py:208} INFO - Processing /opt/airflow/dags/train_power_pred.py took 4.125 seconds
[2025-07-22T12:12:11.183+0000] {processor.py:186} INFO - Started process (PID=66134) to work on /opt/airflow/dags/train_power_pred.py
[2025-07-22T12:12:11.184+0000] {processor.py:914} INFO - Processing file /opt/airflow/dags/train_power_pred.py for tasks to queue
[2025-07-22T12:12:11.186+0000] {logging_mixin.py:190} INFO - [2025-07-22T12:12:11.185+0000] {dagbag.py:588} INFO - Filling up the DagBag from /opt/airflow/dags/train_power_pred.py
[2025-07-22T12:12:14.369+0000] {processor.py:925} INFO - DAG(s) 'train_power_pred' retrieved from /opt/airflow/dags/train_power_pred.py
[2025-07-22T12:12:14.390+0000] {logging_mixin.py:190} INFO - [2025-07-22T12:12:14.389+0000] {dag.py:3239} INFO - Sync 1 DAGs
[2025-07-22T12:12:14.407+0000] {logging_mixin.py:190} INFO - [2025-07-22T12:12:14.407+0000] {dag.py:4180} INFO - Setting next_dagrun for train_power_pred to 2025-07-22 00:00:00+00:00, run_after=2025-07-23 00:00:00+00:00
[2025-07-22T12:12:14.424+0000] {processor.py:208} INFO - Processing /opt/airflow/dags/train_power_pred.py took 3.247 seconds
[2025-07-22T12:12:45.852+0000] {processor.py:186} INFO - Started process (PID=66229) to work on /opt/airflow/dags/train_power_pred.py
[2025-07-22T12:12:45.853+0000] {processor.py:914} INFO - Processing file /opt/airflow/dags/train_power_pred.py for tasks to queue
[2025-07-22T12:12:45.856+0000] {logging_mixin.py:190} INFO - [2025-07-22T12:12:45.856+0000] {dagbag.py:588} INFO - Filling up the DagBag from /opt/airflow/dags/train_power_pred.py
[2025-07-22T12:12:49.067+0000] {processor.py:925} INFO - DAG(s) 'train_power_pred' retrieved from /opt/airflow/dags/train_power_pred.py
[2025-07-22T12:12:49.089+0000] {logging_mixin.py:190} INFO - [2025-07-22T12:12:49.088+0000] {dag.py:3239} INFO - Sync 1 DAGs
[2025-07-22T12:12:49.107+0000] {logging_mixin.py:190} INFO - [2025-07-22T12:12:49.106+0000] {dag.py:4180} INFO - Setting next_dagrun for train_power_pred to 2025-07-22 00:00:00+00:00, run_after=2025-07-23 00:00:00+00:00
[2025-07-22T12:12:49.120+0000] {processor.py:208} INFO - Processing /opt/airflow/dags/train_power_pred.py took 3.276 seconds
[2025-07-22T12:13:20.968+0000] {processor.py:186} INFO - Started process (PID=66327) to work on /opt/airflow/dags/train_power_pred.py
[2025-07-22T12:13:20.970+0000] {processor.py:914} INFO - Processing file /opt/airflow/dags/train_power_pred.py for tasks to queue
[2025-07-22T12:13:20.972+0000] {logging_mixin.py:190} INFO - [2025-07-22T12:13:20.972+0000] {dagbag.py:588} INFO - Filling up the DagBag from /opt/airflow/dags/train_power_pred.py
[2025-07-22T12:13:24.310+0000] {processor.py:925} INFO - DAG(s) 'train_power_pred' retrieved from /opt/airflow/dags/train_power_pred.py
[2025-07-22T12:13:24.332+0000] {logging_mixin.py:190} INFO - [2025-07-22T12:13:24.331+0000] {dag.py:3239} INFO - Sync 1 DAGs
[2025-07-22T12:13:24.352+0000] {logging_mixin.py:190} INFO - [2025-07-22T12:13:24.351+0000] {dag.py:4180} INFO - Setting next_dagrun for train_power_pred to 2025-07-22 00:00:00+00:00, run_after=2025-07-23 00:00:00+00:00
[2025-07-22T12:13:24.368+0000] {processor.py:208} INFO - Processing /opt/airflow/dags/train_power_pred.py took 3.408 seconds
[2025-07-22T12:13:55.523+0000] {processor.py:186} INFO - Started process (PID=66424) to work on /opt/airflow/dags/train_power_pred.py
[2025-07-22T12:13:55.524+0000] {processor.py:914} INFO - Processing file /opt/airflow/dags/train_power_pred.py for tasks to queue
[2025-07-22T12:13:55.527+0000] {logging_mixin.py:190} INFO - [2025-07-22T12:13:55.527+0000] {dagbag.py:588} INFO - Filling up the DagBag from /opt/airflow/dags/train_power_pred.py
[2025-07-22T12:13:58.810+0000] {processor.py:925} INFO - DAG(s) 'train_power_pred' retrieved from /opt/airflow/dags/train_power_pred.py
[2025-07-22T12:13:58.828+0000] {logging_mixin.py:190} INFO - [2025-07-22T12:13:58.827+0000] {dag.py:3239} INFO - Sync 1 DAGs
[2025-07-22T12:13:58.844+0000] {logging_mixin.py:190} INFO - [2025-07-22T12:13:58.844+0000] {dag.py:4180} INFO - Setting next_dagrun for train_power_pred to 2025-07-22 00:00:00+00:00, run_after=2025-07-23 00:00:00+00:00
[2025-07-22T12:13:58.856+0000] {processor.py:208} INFO - Processing /opt/airflow/dags/train_power_pred.py took 3.340 seconds
[2025-07-22T12:14:30.104+0000] {processor.py:186} INFO - Started process (PID=66522) to work on /opt/airflow/dags/train_power_pred.py
[2025-07-22T12:14:30.106+0000] {processor.py:914} INFO - Processing file /opt/airflow/dags/train_power_pred.py for tasks to queue
[2025-07-22T12:14:30.109+0000] {logging_mixin.py:190} INFO - [2025-07-22T12:14:30.108+0000] {dagbag.py:588} INFO - Filling up the DagBag from /opt/airflow/dags/train_power_pred.py
[2025-07-22T12:14:33.390+0000] {processor.py:925} INFO - DAG(s) 'train_power_pred' retrieved from /opt/airflow/dags/train_power_pred.py
[2025-07-22T12:14:33.413+0000] {logging_mixin.py:190} INFO - [2025-07-22T12:14:33.411+0000] {dag.py:3239} INFO - Sync 1 DAGs
[2025-07-22T12:14:33.432+0000] {logging_mixin.py:190} INFO - [2025-07-22T12:14:33.431+0000] {dag.py:4180} INFO - Setting next_dagrun for train_power_pred to 2025-07-22 00:00:00+00:00, run_after=2025-07-23 00:00:00+00:00
[2025-07-22T12:14:33.447+0000] {processor.py:208} INFO - Processing /opt/airflow/dags/train_power_pred.py took 3.350 seconds
[2025-07-22T12:15:04.961+0000] {processor.py:186} INFO - Started process (PID=66626) to work on /opt/airflow/dags/train_power_pred.py
[2025-07-22T12:15:04.962+0000] {processor.py:914} INFO - Processing file /opt/airflow/dags/train_power_pred.py for tasks to queue
[2025-07-22T12:15:04.964+0000] {logging_mixin.py:190} INFO - [2025-07-22T12:15:04.964+0000] {dagbag.py:588} INFO - Filling up the DagBag from /opt/airflow/dags/train_power_pred.py
[2025-07-22T12:15:08.276+0000] {processor.py:925} INFO - DAG(s) 'train_power_pred' retrieved from /opt/airflow/dags/train_power_pred.py
[2025-07-22T12:15:08.298+0000] {logging_mixin.py:190} INFO - [2025-07-22T12:15:08.298+0000] {dag.py:3239} INFO - Sync 1 DAGs
[2025-07-22T12:15:08.316+0000] {logging_mixin.py:190} INFO - [2025-07-22T12:15:08.316+0000] {dag.py:4180} INFO - Setting next_dagrun for train_power_pred to 2025-07-22 00:00:00+00:00, run_after=2025-07-23 00:00:00+00:00
[2025-07-22T12:15:08.331+0000] {processor.py:208} INFO - Processing /opt/airflow/dags/train_power_pred.py took 3.377 seconds
[2025-07-22T12:15:39.680+0000] {processor.py:186} INFO - Started process (PID=66724) to work on /opt/airflow/dags/train_power_pred.py
[2025-07-22T12:15:39.682+0000] {processor.py:914} INFO - Processing file /opt/airflow/dags/train_power_pred.py for tasks to queue
[2025-07-22T12:15:39.684+0000] {logging_mixin.py:190} INFO - [2025-07-22T12:15:39.684+0000] {dagbag.py:588} INFO - Filling up the DagBag from /opt/airflow/dags/train_power_pred.py
[2025-07-22T12:15:43.241+0000] {processor.py:925} INFO - DAG(s) 'train_power_pred' retrieved from /opt/airflow/dags/train_power_pred.py
[2025-07-22T12:15:43.261+0000] {logging_mixin.py:190} INFO - [2025-07-22T12:15:43.259+0000] {dag.py:3239} INFO - Sync 1 DAGs
[2025-07-22T12:15:43.280+0000] {logging_mixin.py:190} INFO - [2025-07-22T12:15:43.280+0000] {dag.py:4180} INFO - Setting next_dagrun for train_power_pred to 2025-07-22 00:00:00+00:00, run_after=2025-07-23 00:00:00+00:00
[2025-07-22T12:15:43.296+0000] {processor.py:208} INFO - Processing /opt/airflow/dags/train_power_pred.py took 3.622 seconds
[2025-07-22T12:16:14.702+0000] {processor.py:186} INFO - Started process (PID=66822) to work on /opt/airflow/dags/train_power_pred.py
[2025-07-22T12:16:14.703+0000] {processor.py:914} INFO - Processing file /opt/airflow/dags/train_power_pred.py for tasks to queue
[2025-07-22T12:16:14.706+0000] {logging_mixin.py:190} INFO - [2025-07-22T12:16:14.706+0000] {dagbag.py:588} INFO - Filling up the DagBag from /opt/airflow/dags/train_power_pred.py
[2025-07-22T12:16:18.110+0000] {processor.py:925} INFO - DAG(s) 'train_power_pred' retrieved from /opt/airflow/dags/train_power_pred.py
[2025-07-22T12:16:18.132+0000] {logging_mixin.py:190} INFO - [2025-07-22T12:16:18.132+0000] {dag.py:3239} INFO - Sync 1 DAGs
[2025-07-22T12:16:18.149+0000] {logging_mixin.py:190} INFO - [2025-07-22T12:16:18.148+0000] {dag.py:4180} INFO - Setting next_dagrun for train_power_pred to 2025-07-22 00:00:00+00:00, run_after=2025-07-23 00:00:00+00:00
[2025-07-22T12:16:18.163+0000] {processor.py:208} INFO - Processing /opt/airflow/dags/train_power_pred.py took 3.468 seconds
[2025-07-22T12:16:49.347+0000] {processor.py:186} INFO - Started process (PID=66920) to work on /opt/airflow/dags/train_power_pred.py
[2025-07-22T12:16:49.348+0000] {processor.py:914} INFO - Processing file /opt/airflow/dags/train_power_pred.py for tasks to queue
[2025-07-22T12:16:49.350+0000] {logging_mixin.py:190} INFO - [2025-07-22T12:16:49.350+0000] {dagbag.py:588} INFO - Filling up the DagBag from /opt/airflow/dags/train_power_pred.py
[2025-07-22T12:16:52.783+0000] {processor.py:925} INFO - DAG(s) 'train_power_pred' retrieved from /opt/airflow/dags/train_power_pred.py
[2025-07-22T12:16:52.803+0000] {logging_mixin.py:190} INFO - [2025-07-22T12:16:52.803+0000] {dag.py:3239} INFO - Sync 1 DAGs
[2025-07-22T12:16:52.820+0000] {logging_mixin.py:190} INFO - [2025-07-22T12:16:52.820+0000] {dag.py:4180} INFO - Setting next_dagrun for train_power_pred to 2025-07-22 00:00:00+00:00, run_after=2025-07-23 00:00:00+00:00
[2025-07-22T12:16:52.835+0000] {processor.py:208} INFO - Processing /opt/airflow/dags/train_power_pred.py took 3.495 seconds
[2025-07-22T12:17:24.590+0000] {processor.py:186} INFO - Started process (PID=67018) to work on /opt/airflow/dags/train_power_pred.py
[2025-07-22T12:17:24.591+0000] {processor.py:914} INFO - Processing file /opt/airflow/dags/train_power_pred.py for tasks to queue
[2025-07-22T12:17:24.594+0000] {logging_mixin.py:190} INFO - [2025-07-22T12:17:24.593+0000] {dagbag.py:588} INFO - Filling up the DagBag from /opt/airflow/dags/train_power_pred.py
[2025-07-22T12:17:28.040+0000] {processor.py:925} INFO - DAG(s) 'train_power_pred' retrieved from /opt/airflow/dags/train_power_pred.py
[2025-07-22T12:17:28.059+0000] {logging_mixin.py:190} INFO - [2025-07-22T12:17:28.059+0000] {dag.py:3239} INFO - Sync 1 DAGs
[2025-07-22T12:17:28.077+0000] {logging_mixin.py:190} INFO - [2025-07-22T12:17:28.077+0000] {dag.py:4180} INFO - Setting next_dagrun for train_power_pred to 2025-07-22 00:00:00+00:00, run_after=2025-07-23 00:00:00+00:00
[2025-07-22T12:17:28.093+0000] {processor.py:208} INFO - Processing /opt/airflow/dags/train_power_pred.py took 3.509 seconds
[2025-07-22T12:17:59.605+0000] {processor.py:186} INFO - Started process (PID=67116) to work on /opt/airflow/dags/train_power_pred.py
[2025-07-22T12:17:59.607+0000] {processor.py:914} INFO - Processing file /opt/airflow/dags/train_power_pred.py for tasks to queue
[2025-07-22T12:17:59.609+0000] {logging_mixin.py:190} INFO - [2025-07-22T12:17:59.609+0000] {dagbag.py:588} INFO - Filling up the DagBag from /opt/airflow/dags/train_power_pred.py
[2025-07-22T12:18:02.971+0000] {processor.py:925} INFO - DAG(s) 'train_power_pred' retrieved from /opt/airflow/dags/train_power_pred.py
[2025-07-22T12:18:02.992+0000] {logging_mixin.py:190} INFO - [2025-07-22T12:18:02.992+0000] {dag.py:3239} INFO - Sync 1 DAGs
[2025-07-22T12:18:03.009+0000] {logging_mixin.py:190} INFO - [2025-07-22T12:18:03.009+0000] {dag.py:4180} INFO - Setting next_dagrun for train_power_pred to 2025-07-22 00:00:00+00:00, run_after=2025-07-23 00:00:00+00:00
[2025-07-22T12:18:03.023+0000] {processor.py:208} INFO - Processing /opt/airflow/dags/train_power_pred.py took 3.424 seconds
[2025-07-22T12:18:34.576+0000] {processor.py:186} INFO - Started process (PID=67214) to work on /opt/airflow/dags/train_power_pred.py
[2025-07-22T12:18:34.577+0000] {processor.py:914} INFO - Processing file /opt/airflow/dags/train_power_pred.py for tasks to queue
[2025-07-22T12:18:34.580+0000] {logging_mixin.py:190} INFO - [2025-07-22T12:18:34.580+0000] {dagbag.py:588} INFO - Filling up the DagBag from /opt/airflow/dags/train_power_pred.py
[2025-07-22T12:18:38.021+0000] {processor.py:925} INFO - DAG(s) 'train_power_pred' retrieved from /opt/airflow/dags/train_power_pred.py
[2025-07-22T12:18:38.042+0000] {logging_mixin.py:190} INFO - [2025-07-22T12:18:38.041+0000] {dag.py:3239} INFO - Sync 1 DAGs
[2025-07-22T12:18:38.060+0000] {logging_mixin.py:190} INFO - [2025-07-22T12:18:38.060+0000] {dag.py:4180} INFO - Setting next_dagrun for train_power_pred to 2025-07-22 00:00:00+00:00, run_after=2025-07-23 00:00:00+00:00
[2025-07-22T12:18:38.077+0000] {processor.py:208} INFO - Processing /opt/airflow/dags/train_power_pred.py took 3.507 seconds
[2025-07-22T12:19:09.412+0000] {processor.py:186} INFO - Started process (PID=67319) to work on /opt/airflow/dags/train_power_pred.py
[2025-07-22T12:19:09.414+0000] {processor.py:914} INFO - Processing file /opt/airflow/dags/train_power_pred.py for tasks to queue
[2025-07-22T12:19:09.417+0000] {logging_mixin.py:190} INFO - [2025-07-22T12:19:09.417+0000] {dagbag.py:588} INFO - Filling up the DagBag from /opt/airflow/dags/train_power_pred.py
[2025-07-22T12:19:12.987+0000] {processor.py:925} INFO - DAG(s) 'train_power_pred' retrieved from /opt/airflow/dags/train_power_pred.py
[2025-07-22T12:19:13.005+0000] {logging_mixin.py:190} INFO - [2025-07-22T12:19:13.005+0000] {dag.py:3239} INFO - Sync 1 DAGs
[2025-07-22T12:19:13.022+0000] {logging_mixin.py:190} INFO - [2025-07-22T12:19:13.022+0000] {dag.py:4180} INFO - Setting next_dagrun for train_power_pred to 2025-07-22 00:00:00+00:00, run_after=2025-07-23 00:00:00+00:00
[2025-07-22T12:19:13.037+0000] {processor.py:208} INFO - Processing /opt/airflow/dags/train_power_pred.py took 3.633 seconds
[2025-07-22T12:19:44.229+0000] {processor.py:186} INFO - Started process (PID=67417) to work on /opt/airflow/dags/train_power_pred.py
[2025-07-22T12:19:44.230+0000] {processor.py:914} INFO - Processing file /opt/airflow/dags/train_power_pred.py for tasks to queue
[2025-07-22T12:19:44.233+0000] {logging_mixin.py:190} INFO - [2025-07-22T12:19:44.233+0000] {dagbag.py:588} INFO - Filling up the DagBag from /opt/airflow/dags/train_power_pred.py
[2025-07-22T12:19:47.795+0000] {processor.py:925} INFO - DAG(s) 'train_power_pred' retrieved from /opt/airflow/dags/train_power_pred.py
[2025-07-22T12:19:47.816+0000] {logging_mixin.py:190} INFO - [2025-07-22T12:19:47.816+0000] {dag.py:3239} INFO - Sync 1 DAGs
[2025-07-22T12:19:47.837+0000] {logging_mixin.py:190} INFO - [2025-07-22T12:19:47.836+0000] {dag.py:4180} INFO - Setting next_dagrun for train_power_pred to 2025-07-22 00:00:00+00:00, run_after=2025-07-23 00:00:00+00:00
[2025-07-22T12:19:47.853+0000] {processor.py:208} INFO - Processing /opt/airflow/dags/train_power_pred.py took 3.632 seconds
[2025-07-22T12:20:19.763+0000] {processor.py:186} INFO - Started process (PID=67515) to work on /opt/airflow/dags/train_power_pred.py
[2025-07-22T12:20:19.764+0000] {processor.py:914} INFO - Processing file /opt/airflow/dags/train_power_pred.py for tasks to queue
[2025-07-22T12:20:19.767+0000] {logging_mixin.py:190} INFO - [2025-07-22T12:20:19.767+0000] {dagbag.py:588} INFO - Filling up the DagBag from /opt/airflow/dags/train_power_pred.py
[2025-07-22T12:20:23.614+0000] {processor.py:925} INFO - DAG(s) 'train_power_pred' retrieved from /opt/airflow/dags/train_power_pred.py
[2025-07-22T12:20:23.636+0000] {logging_mixin.py:190} INFO - [2025-07-22T12:20:23.635+0000] {dag.py:3239} INFO - Sync 1 DAGs
[2025-07-22T12:20:23.654+0000] {logging_mixin.py:190} INFO - [2025-07-22T12:20:23.654+0000] {dag.py:4180} INFO - Setting next_dagrun for train_power_pred to 2025-07-22 00:00:00+00:00, run_after=2025-07-23 00:00:00+00:00
[2025-07-22T12:20:23.670+0000] {processor.py:208} INFO - Processing /opt/airflow/dags/train_power_pred.py took 3.917 seconds
[2025-07-22T12:20:54.878+0000] {processor.py:186} INFO - Started process (PID=67613) to work on /opt/airflow/dags/train_power_pred.py
[2025-07-22T12:20:54.880+0000] {processor.py:914} INFO - Processing file /opt/airflow/dags/train_power_pred.py for tasks to queue
[2025-07-22T12:20:54.884+0000] {logging_mixin.py:190} INFO - [2025-07-22T12:20:54.883+0000] {dagbag.py:588} INFO - Filling up the DagBag from /opt/airflow/dags/train_power_pred.py
[2025-07-22T12:20:58.443+0000] {processor.py:925} INFO - DAG(s) 'train_power_pred' retrieved from /opt/airflow/dags/train_power_pred.py
[2025-07-22T12:20:58.466+0000] {logging_mixin.py:190} INFO - [2025-07-22T12:20:58.466+0000] {dag.py:3239} INFO - Sync 1 DAGs
[2025-07-22T12:20:58.482+0000] {logging_mixin.py:190} INFO - [2025-07-22T12:20:58.482+0000] {dag.py:4180} INFO - Setting next_dagrun for train_power_pred to 2025-07-22 00:00:00+00:00, run_after=2025-07-23 00:00:00+00:00
[2025-07-22T12:20:58.509+0000] {processor.py:208} INFO - Processing /opt/airflow/dags/train_power_pred.py took 3.639 seconds
[2025-07-22T12:21:29.626+0000] {processor.py:186} INFO - Started process (PID=67711) to work on /opt/airflow/dags/train_power_pred.py
[2025-07-22T12:21:29.627+0000] {processor.py:914} INFO - Processing file /opt/airflow/dags/train_power_pred.py for tasks to queue
[2025-07-22T12:21:29.630+0000] {logging_mixin.py:190} INFO - [2025-07-22T12:21:29.630+0000] {dagbag.py:588} INFO - Filling up the DagBag from /opt/airflow/dags/train_power_pred.py
[2025-07-22T12:21:33.220+0000] {processor.py:925} INFO - DAG(s) 'train_power_pred' retrieved from /opt/airflow/dags/train_power_pred.py
[2025-07-22T12:21:33.241+0000] {logging_mixin.py:190} INFO - [2025-07-22T12:21:33.241+0000] {dag.py:3239} INFO - Sync 1 DAGs
[2025-07-22T12:21:33.260+0000] {logging_mixin.py:190} INFO - [2025-07-22T12:21:33.260+0000] {dag.py:4180} INFO - Setting next_dagrun for train_power_pred to 2025-07-22 00:00:00+00:00, run_after=2025-07-23 00:00:00+00:00
[2025-07-22T12:21:33.276+0000] {processor.py:208} INFO - Processing /opt/airflow/dags/train_power_pred.py took 3.659 seconds
[2025-07-22T12:22:04.575+0000] {processor.py:186} INFO - Started process (PID=67809) to work on /opt/airflow/dags/train_power_pred.py
[2025-07-22T12:22:04.577+0000] {processor.py:914} INFO - Processing file /opt/airflow/dags/train_power_pred.py for tasks to queue
[2025-07-22T12:22:04.580+0000] {logging_mixin.py:190} INFO - [2025-07-22T12:22:04.580+0000] {dagbag.py:588} INFO - Filling up the DagBag from /opt/airflow/dags/train_power_pred.py
[2025-07-22T12:22:08.349+0000] {processor.py:925} INFO - DAG(s) 'train_power_pred' retrieved from /opt/airflow/dags/train_power_pred.py
[2025-07-22T12:22:08.373+0000] {logging_mixin.py:190} INFO - [2025-07-22T12:22:08.372+0000] {dag.py:3239} INFO - Sync 1 DAGs
[2025-07-22T12:22:08.392+0000] {logging_mixin.py:190} INFO - [2025-07-22T12:22:08.392+0000] {dag.py:4180} INFO - Setting next_dagrun for train_power_pred to 2025-07-22 00:00:00+00:00, run_after=2025-07-23 00:00:00+00:00
[2025-07-22T12:22:08.409+0000] {processor.py:208} INFO - Processing /opt/airflow/dags/train_power_pred.py took 3.842 seconds
[2025-07-22T12:22:39.584+0000] {processor.py:186} INFO - Started process (PID=67913) to work on /opt/airflow/dags/train_power_pred.py
[2025-07-22T12:22:39.586+0000] {processor.py:914} INFO - Processing file /opt/airflow/dags/train_power_pred.py for tasks to queue
[2025-07-22T12:22:39.589+0000] {logging_mixin.py:190} INFO - [2025-07-22T12:22:39.589+0000] {dagbag.py:588} INFO - Filling up the DagBag from /opt/airflow/dags/train_power_pred.py
[2025-07-22T12:22:43.301+0000] {processor.py:925} INFO - DAG(s) 'train_power_pred' retrieved from /opt/airflow/dags/train_power_pred.py
[2025-07-22T12:22:43.324+0000] {logging_mixin.py:190} INFO - [2025-07-22T12:22:43.322+0000] {dag.py:3239} INFO - Sync 1 DAGs
[2025-07-22T12:22:43.343+0000] {logging_mixin.py:190} INFO - [2025-07-22T12:22:43.342+0000] {dag.py:4180} INFO - Setting next_dagrun for train_power_pred to 2025-07-22 00:00:00+00:00, run_after=2025-07-23 00:00:00+00:00
[2025-07-22T12:22:43.360+0000] {processor.py:208} INFO - Processing /opt/airflow/dags/train_power_pred.py took 3.784 seconds
[2025-07-22T12:23:15.114+0000] {processor.py:186} INFO - Started process (PID=68011) to work on /opt/airflow/dags/train_power_pred.py
[2025-07-22T12:23:15.115+0000] {processor.py:914} INFO - Processing file /opt/airflow/dags/train_power_pred.py for tasks to queue
[2025-07-22T12:23:15.118+0000] {logging_mixin.py:190} INFO - [2025-07-22T12:23:15.118+0000] {dagbag.py:588} INFO - Filling up the DagBag from /opt/airflow/dags/train_power_pred.py
[2025-07-22T12:23:18.514+0000] {processor.py:925} INFO - DAG(s) 'train_power_pred' retrieved from /opt/airflow/dags/train_power_pred.py
[2025-07-22T12:23:18.534+0000] {logging_mixin.py:190} INFO - [2025-07-22T12:23:18.533+0000] {dag.py:3239} INFO - Sync 1 DAGs
[2025-07-22T12:23:18.552+0000] {logging_mixin.py:190} INFO - [2025-07-22T12:23:18.551+0000] {dag.py:4180} INFO - Setting next_dagrun for train_power_pred to 2025-07-22 00:00:00+00:00, run_after=2025-07-23 00:00:00+00:00
[2025-07-22T12:23:18.566+0000] {processor.py:208} INFO - Processing /opt/airflow/dags/train_power_pred.py took 3.461 seconds
[2025-07-22T12:23:50.593+0000] {processor.py:186} INFO - Started process (PID=68109) to work on /opt/airflow/dags/train_power_pred.py
[2025-07-22T12:23:50.595+0000] {processor.py:914} INFO - Processing file /opt/airflow/dags/train_power_pred.py for tasks to queue
[2025-07-22T12:23:50.598+0000] {logging_mixin.py:190} INFO - [2025-07-22T12:23:50.598+0000] {dagbag.py:588} INFO - Filling up the DagBag from /opt/airflow/dags/train_power_pred.py
[2025-07-22T12:23:53.998+0000] {processor.py:925} INFO - DAG(s) 'train_power_pred' retrieved from /opt/airflow/dags/train_power_pred.py
[2025-07-22T12:23:54.018+0000] {logging_mixin.py:190} INFO - [2025-07-22T12:23:54.018+0000] {dag.py:3239} INFO - Sync 1 DAGs
[2025-07-22T12:23:54.034+0000] {logging_mixin.py:190} INFO - [2025-07-22T12:23:54.033+0000] {dag.py:4180} INFO - Setting next_dagrun for train_power_pred to 2025-07-22 00:00:00+00:00, run_after=2025-07-23 00:00:00+00:00
[2025-07-22T12:23:54.047+0000] {processor.py:208} INFO - Processing /opt/airflow/dags/train_power_pred.py took 3.462 seconds
[2025-07-22T12:24:25.132+0000] {processor.py:186} INFO - Started process (PID=68207) to work on /opt/airflow/dags/train_power_pred.py
[2025-07-22T12:24:25.133+0000] {processor.py:914} INFO - Processing file /opt/airflow/dags/train_power_pred.py for tasks to queue
[2025-07-22T12:24:25.136+0000] {logging_mixin.py:190} INFO - [2025-07-22T12:24:25.135+0000] {dagbag.py:588} INFO - Filling up the DagBag from /opt/airflow/dags/train_power_pred.py
[2025-07-22T12:24:28.522+0000] {processor.py:925} INFO - DAG(s) 'train_power_pred' retrieved from /opt/airflow/dags/train_power_pred.py
[2025-07-22T12:24:28.542+0000] {logging_mixin.py:190} INFO - [2025-07-22T12:24:28.541+0000] {dag.py:3239} INFO - Sync 1 DAGs
[2025-07-22T12:24:28.561+0000] {logging_mixin.py:190} INFO - [2025-07-22T12:24:28.561+0000] {dag.py:4180} INFO - Setting next_dagrun for train_power_pred to 2025-07-22 00:00:00+00:00, run_after=2025-07-23 00:00:00+00:00
[2025-07-22T12:24:28.576+0000] {processor.py:208} INFO - Processing /opt/airflow/dags/train_power_pred.py took 3.451 seconds
[2025-07-22T12:24:59.808+0000] {processor.py:186} INFO - Started process (PID=68305) to work on /opt/airflow/dags/train_power_pred.py
[2025-07-22T12:24:59.809+0000] {processor.py:914} INFO - Processing file /opt/airflow/dags/train_power_pred.py for tasks to queue
[2025-07-22T12:24:59.812+0000] {logging_mixin.py:190} INFO - [2025-07-22T12:24:59.812+0000] {dagbag.py:588} INFO - Filling up the DagBag from /opt/airflow/dags/train_power_pred.py
[2025-07-22T12:25:03.359+0000] {processor.py:925} INFO - DAG(s) 'train_power_pred' retrieved from /opt/airflow/dags/train_power_pred.py
[2025-07-22T12:25:03.380+0000] {logging_mixin.py:190} INFO - [2025-07-22T12:25:03.380+0000] {dag.py:3239} INFO - Sync 1 DAGs
[2025-07-22T12:25:03.396+0000] {logging_mixin.py:190} INFO - [2025-07-22T12:25:03.395+0000] {dag.py:4180} INFO - Setting next_dagrun for train_power_pred to 2025-07-22 00:00:00+00:00, run_after=2025-07-23 00:00:00+00:00
[2025-07-22T12:25:03.411+0000] {processor.py:208} INFO - Processing /opt/airflow/dags/train_power_pred.py took 3.612 seconds
[2025-07-22T12:25:34.708+0000] {processor.py:186} INFO - Started process (PID=68403) to work on /opt/airflow/dags/train_power_pred.py
[2025-07-22T12:25:34.709+0000] {processor.py:914} INFO - Processing file /opt/airflow/dags/train_power_pred.py for tasks to queue
[2025-07-22T12:25:34.712+0000] {logging_mixin.py:190} INFO - [2025-07-22T12:25:34.712+0000] {dagbag.py:588} INFO - Filling up the DagBag from /opt/airflow/dags/train_power_pred.py
[2025-07-22T12:25:38.036+0000] {processor.py:925} INFO - DAG(s) 'train_power_pred' retrieved from /opt/airflow/dags/train_power_pred.py
[2025-07-22T12:25:38.055+0000] {logging_mixin.py:190} INFO - [2025-07-22T12:25:38.054+0000] {dag.py:3239} INFO - Sync 1 DAGs
[2025-07-22T12:25:38.070+0000] {logging_mixin.py:190} INFO - [2025-07-22T12:25:38.070+0000] {dag.py:4180} INFO - Setting next_dagrun for train_power_pred to 2025-07-22 00:00:00+00:00, run_after=2025-07-23 00:00:00+00:00
[2025-07-22T12:25:38.085+0000] {processor.py:208} INFO - Processing /opt/airflow/dags/train_power_pred.py took 3.384 seconds
[2025-07-22T12:26:09.555+0000] {processor.py:186} INFO - Started process (PID=68507) to work on /opt/airflow/dags/train_power_pred.py
[2025-07-22T12:26:09.557+0000] {processor.py:914} INFO - Processing file /opt/airflow/dags/train_power_pred.py for tasks to queue
[2025-07-22T12:26:09.560+0000] {logging_mixin.py:190} INFO - [2025-07-22T12:26:09.560+0000] {dagbag.py:588} INFO - Filling up the DagBag from /opt/airflow/dags/train_power_pred.py
[2025-07-22T12:26:13.101+0000] {processor.py:925} INFO - DAG(s) 'train_power_pred' retrieved from /opt/airflow/dags/train_power_pred.py
[2025-07-22T12:26:13.122+0000] {logging_mixin.py:190} INFO - [2025-07-22T12:26:13.122+0000] {dag.py:3239} INFO - Sync 1 DAGs
[2025-07-22T12:26:13.140+0000] {logging_mixin.py:190} INFO - [2025-07-22T12:26:13.139+0000] {dag.py:4180} INFO - Setting next_dagrun for train_power_pred to 2025-07-22 00:00:00+00:00, run_after=2025-07-23 00:00:00+00:00
[2025-07-22T12:26:13.157+0000] {processor.py:208} INFO - Processing /opt/airflow/dags/train_power_pred.py took 3.610 seconds
[2025-07-22T12:26:44.737+0000] {processor.py:186} INFO - Started process (PID=68606) to work on /opt/airflow/dags/train_power_pred.py
[2025-07-22T12:26:44.738+0000] {processor.py:914} INFO - Processing file /opt/airflow/dags/train_power_pred.py for tasks to queue
[2025-07-22T12:26:44.742+0000] {logging_mixin.py:190} INFO - [2025-07-22T12:26:44.742+0000] {dagbag.py:588} INFO - Filling up the DagBag from /opt/airflow/dags/train_power_pred.py
[2025-07-22T12:26:48.044+0000] {processor.py:925} INFO - DAG(s) 'train_power_pred' retrieved from /opt/airflow/dags/train_power_pred.py
[2025-07-22T12:26:48.066+0000] {logging_mixin.py:190} INFO - [2025-07-22T12:26:48.065+0000] {dag.py:3239} INFO - Sync 1 DAGs
[2025-07-22T12:26:48.083+0000] {logging_mixin.py:190} INFO - [2025-07-22T12:26:48.082+0000] {dag.py:4180} INFO - Setting next_dagrun for train_power_pred to 2025-07-22 00:00:00+00:00, run_after=2025-07-23 00:00:00+00:00
[2025-07-22T12:26:48.099+0000] {processor.py:208} INFO - Processing /opt/airflow/dags/train_power_pred.py took 3.370 seconds
[2025-07-22T12:27:19.969+0000] {processor.py:186} INFO - Started process (PID=68704) to work on /opt/airflow/dags/train_power_pred.py
[2025-07-22T12:27:19.971+0000] {processor.py:914} INFO - Processing file /opt/airflow/dags/train_power_pred.py for tasks to queue
[2025-07-22T12:27:19.973+0000] {logging_mixin.py:190} INFO - [2025-07-22T12:27:19.973+0000] {dagbag.py:588} INFO - Filling up the DagBag from /opt/airflow/dags/train_power_pred.py
[2025-07-22T12:27:23.579+0000] {processor.py:925} INFO - DAG(s) 'train_power_pred' retrieved from /opt/airflow/dags/train_power_pred.py
[2025-07-22T12:27:23.602+0000] {logging_mixin.py:190} INFO - [2025-07-22T12:27:23.602+0000] {dag.py:3239} INFO - Sync 1 DAGs
[2025-07-22T12:27:23.625+0000] {logging_mixin.py:190} INFO - [2025-07-22T12:27:23.625+0000] {dag.py:4180} INFO - Setting next_dagrun for train_power_pred to 2025-07-22 00:00:00+00:00, run_after=2025-07-23 00:00:00+00:00
[2025-07-22T12:27:23.641+0000] {processor.py:208} INFO - Processing /opt/airflow/dags/train_power_pred.py took 3.682 seconds
[2025-07-22T12:27:54.733+0000] {processor.py:186} INFO - Started process (PID=68802) to work on /opt/airflow/dags/train_power_pred.py
[2025-07-22T12:27:54.734+0000] {processor.py:914} INFO - Processing file /opt/airflow/dags/train_power_pred.py for tasks to queue
[2025-07-22T12:27:54.737+0000] {logging_mixin.py:190} INFO - [2025-07-22T12:27:54.737+0000] {dagbag.py:588} INFO - Filling up the DagBag from /opt/airflow/dags/train_power_pred.py
[2025-07-22T12:27:57.916+0000] {processor.py:925} INFO - DAG(s) 'train_power_pred' retrieved from /opt/airflow/dags/train_power_pred.py
[2025-07-22T12:27:57.937+0000] {logging_mixin.py:190} INFO - [2025-07-22T12:27:57.936+0000] {dag.py:3239} INFO - Sync 1 DAGs
[2025-07-22T12:27:57.953+0000] {logging_mixin.py:190} INFO - [2025-07-22T12:27:57.953+0000] {dag.py:4180} INFO - Setting next_dagrun for train_power_pred to 2025-07-22 00:00:00+00:00, run_after=2025-07-23 00:00:00+00:00
[2025-07-22T12:27:57.969+0000] {processor.py:208} INFO - Processing /opt/airflow/dags/train_power_pred.py took 3.245 seconds
[2025-07-22T12:28:29.038+0000] {processor.py:186} INFO - Started process (PID=68899) to work on /opt/airflow/dags/train_power_pred.py
[2025-07-22T12:28:29.039+0000] {processor.py:914} INFO - Processing file /opt/airflow/dags/train_power_pred.py for tasks to queue
[2025-07-22T12:28:29.043+0000] {logging_mixin.py:190} INFO - [2025-07-22T12:28:29.042+0000] {dagbag.py:588} INFO - Filling up the DagBag from /opt/airflow/dags/train_power_pred.py
[2025-07-22T12:28:32.310+0000] {processor.py:925} INFO - DAG(s) 'train_power_pred' retrieved from /opt/airflow/dags/train_power_pred.py
[2025-07-22T12:28:32.329+0000] {logging_mixin.py:190} INFO - [2025-07-22T12:28:32.328+0000] {dag.py:3239} INFO - Sync 1 DAGs
[2025-07-22T12:28:32.344+0000] {logging_mixin.py:190} INFO - [2025-07-22T12:28:32.344+0000] {dag.py:4180} INFO - Setting next_dagrun for train_power_pred to 2025-07-22 00:00:00+00:00, run_after=2025-07-23 00:00:00+00:00
[2025-07-22T12:28:32.357+0000] {processor.py:208} INFO - Processing /opt/airflow/dags/train_power_pred.py took 3.328 seconds
[2025-07-22T12:29:03.950+0000] {processor.py:186} INFO - Started process (PID=68997) to work on /opt/airflow/dags/train_power_pred.py
[2025-07-22T12:29:03.951+0000] {processor.py:914} INFO - Processing file /opt/airflow/dags/train_power_pred.py for tasks to queue
[2025-07-22T12:29:03.954+0000] {logging_mixin.py:190} INFO - [2025-07-22T12:29:03.954+0000] {dagbag.py:588} INFO - Filling up the DagBag from /opt/airflow/dags/train_power_pred.py
[2025-07-22T12:29:07.302+0000] {processor.py:925} INFO - DAG(s) 'train_power_pred' retrieved from /opt/airflow/dags/train_power_pred.py
[2025-07-22T12:29:07.321+0000] {logging_mixin.py:190} INFO - [2025-07-22T12:29:07.321+0000] {dag.py:3239} INFO - Sync 1 DAGs
[2025-07-22T12:29:07.338+0000] {logging_mixin.py:190} INFO - [2025-07-22T12:29:07.338+0000] {dag.py:4180} INFO - Setting next_dagrun for train_power_pred to 2025-07-22 00:00:00+00:00, run_after=2025-07-23 00:00:00+00:00
[2025-07-22T12:29:07.352+0000] {processor.py:208} INFO - Processing /opt/airflow/dags/train_power_pred.py took 3.410 seconds
[2025-07-22T12:29:38.940+0000] {processor.py:186} INFO - Started process (PID=69101) to work on /opt/airflow/dags/train_power_pred.py
[2025-07-22T12:29:38.942+0000] {processor.py:914} INFO - Processing file /opt/airflow/dags/train_power_pred.py for tasks to queue
[2025-07-22T12:29:38.946+0000] {logging_mixin.py:190} INFO - [2025-07-22T12:29:38.945+0000] {dagbag.py:588} INFO - Filling up the DagBag from /opt/airflow/dags/train_power_pred.py
[2025-07-22T12:29:42.508+0000] {processor.py:925} INFO - DAG(s) 'train_power_pred' retrieved from /opt/airflow/dags/train_power_pred.py
[2025-07-22T12:29:42.528+0000] {logging_mixin.py:190} INFO - [2025-07-22T12:29:42.527+0000] {dag.py:3239} INFO - Sync 1 DAGs
[2025-07-22T12:29:42.547+0000] {logging_mixin.py:190} INFO - [2025-07-22T12:29:42.546+0000] {dag.py:4180} INFO - Setting next_dagrun for train_power_pred to 2025-07-22 00:00:00+00:00, run_after=2025-07-23 00:00:00+00:00
[2025-07-22T12:29:42.562+0000] {processor.py:208} INFO - Processing /opt/airflow/dags/train_power_pred.py took 3.631 seconds
[2025-07-22T12:30:14.358+0000] {processor.py:186} INFO - Started process (PID=69199) to work on /opt/airflow/dags/train_power_pred.py
[2025-07-22T12:30:14.360+0000] {processor.py:914} INFO - Processing file /opt/airflow/dags/train_power_pred.py for tasks to queue
[2025-07-22T12:30:14.363+0000] {logging_mixin.py:190} INFO - [2025-07-22T12:30:14.363+0000] {dagbag.py:588} INFO - Filling up the DagBag from /opt/airflow/dags/train_power_pred.py
[2025-07-22T12:30:17.804+0000] {processor.py:925} INFO - DAG(s) 'train_power_pred' retrieved from /opt/airflow/dags/train_power_pred.py
[2025-07-22T12:30:17.823+0000] {logging_mixin.py:190} INFO - [2025-07-22T12:30:17.823+0000] {dag.py:3239} INFO - Sync 1 DAGs
[2025-07-22T12:30:17.840+0000] {logging_mixin.py:190} INFO - [2025-07-22T12:30:17.840+0000] {dag.py:4180} INFO - Setting next_dagrun for train_power_pred to 2025-07-22 00:00:00+00:00, run_after=2025-07-23 00:00:00+00:00
[2025-07-22T12:30:17.853+0000] {processor.py:208} INFO - Processing /opt/airflow/dags/train_power_pred.py took 3.503 seconds
[2025-07-22T12:30:48.981+0000] {processor.py:186} INFO - Started process (PID=69297) to work on /opt/airflow/dags/train_power_pred.py
[2025-07-22T12:30:48.982+0000] {processor.py:914} INFO - Processing file /opt/airflow/dags/train_power_pred.py for tasks to queue
[2025-07-22T12:30:48.985+0000] {logging_mixin.py:190} INFO - [2025-07-22T12:30:48.985+0000] {dagbag.py:588} INFO - Filling up the DagBag from /opt/airflow/dags/train_power_pred.py
[2025-07-22T12:30:52.749+0000] {processor.py:925} INFO - DAG(s) 'train_power_pred' retrieved from /opt/airflow/dags/train_power_pred.py
[2025-07-22T12:30:52.771+0000] {logging_mixin.py:190} INFO - [2025-07-22T12:30:52.771+0000] {dag.py:3239} INFO - Sync 1 DAGs
[2025-07-22T12:30:52.790+0000] {logging_mixin.py:190} INFO - [2025-07-22T12:30:52.790+0000] {dag.py:4180} INFO - Setting next_dagrun for train_power_pred to 2025-07-22 00:00:00+00:00, run_after=2025-07-23 00:00:00+00:00
[2025-07-22T12:30:52.807+0000] {processor.py:208} INFO - Processing /opt/airflow/dags/train_power_pred.py took 3.836 seconds
[2025-07-22T12:31:23.874+0000] {processor.py:186} INFO - Started process (PID=69395) to work on /opt/airflow/dags/train_power_pred.py
[2025-07-22T12:31:23.875+0000] {processor.py:914} INFO - Processing file /opt/airflow/dags/train_power_pred.py for tasks to queue
[2025-07-22T12:31:23.878+0000] {logging_mixin.py:190} INFO - [2025-07-22T12:31:23.878+0000] {dagbag.py:588} INFO - Filling up the DagBag from /opt/airflow/dags/train_power_pred.py
[2025-07-22T12:31:27.681+0000] {processor.py:925} INFO - DAG(s) 'train_power_pred' retrieved from /opt/airflow/dags/train_power_pred.py
[2025-07-22T12:31:27.706+0000] {logging_mixin.py:190} INFO - [2025-07-22T12:31:27.705+0000] {dag.py:3239} INFO - Sync 1 DAGs
[2025-07-22T12:31:27.725+0000] {logging_mixin.py:190} INFO - [2025-07-22T12:31:27.725+0000] {dag.py:4180} INFO - Setting next_dagrun for train_power_pred to 2025-07-22 00:00:00+00:00, run_after=2025-07-23 00:00:00+00:00
[2025-07-22T12:31:27.741+0000] {processor.py:208} INFO - Processing /opt/airflow/dags/train_power_pred.py took 3.875 seconds
[2025-07-22T12:31:58.817+0000] {processor.py:186} INFO - Started process (PID=69493) to work on /opt/airflow/dags/train_power_pred.py
[2025-07-22T12:31:58.819+0000] {processor.py:914} INFO - Processing file /opt/airflow/dags/train_power_pred.py for tasks to queue
[2025-07-22T12:31:58.821+0000] {logging_mixin.py:190} INFO - [2025-07-22T12:31:58.821+0000] {dagbag.py:588} INFO - Filling up the DagBag from /opt/airflow/dags/train_power_pred.py
[2025-07-22T12:32:02.252+0000] {processor.py:925} INFO - DAG(s) 'train_power_pred' retrieved from /opt/airflow/dags/train_power_pred.py
[2025-07-22T12:32:02.272+0000] {logging_mixin.py:190} INFO - [2025-07-22T12:32:02.271+0000] {dag.py:3239} INFO - Sync 1 DAGs
[2025-07-22T12:32:02.290+0000] {logging_mixin.py:190} INFO - [2025-07-22T12:32:02.290+0000] {dag.py:4180} INFO - Setting next_dagrun for train_power_pred to 2025-07-22 00:00:00+00:00, run_after=2025-07-23 00:00:00+00:00
[2025-07-22T12:32:02.305+0000] {processor.py:208} INFO - Processing /opt/airflow/dags/train_power_pred.py took 3.495 seconds
[2025-07-22T12:32:33.365+0000] {processor.py:186} INFO - Started process (PID=69591) to work on /opt/airflow/dags/train_power_pred.py
[2025-07-22T12:32:33.366+0000] {processor.py:914} INFO - Processing file /opt/airflow/dags/train_power_pred.py for tasks to queue
[2025-07-22T12:32:33.369+0000] {logging_mixin.py:190} INFO - [2025-07-22T12:32:33.368+0000] {dagbag.py:588} INFO - Filling up the DagBag from /opt/airflow/dags/train_power_pred.py
[2025-07-22T12:32:36.582+0000] {processor.py:925} INFO - DAG(s) 'train_power_pred' retrieved from /opt/airflow/dags/train_power_pred.py
[2025-07-22T12:32:36.600+0000] {logging_mixin.py:190} INFO - [2025-07-22T12:32:36.600+0000] {dag.py:3239} INFO - Sync 1 DAGs
[2025-07-22T12:32:36.616+0000] {logging_mixin.py:190} INFO - [2025-07-22T12:32:36.616+0000] {dag.py:4180} INFO - Setting next_dagrun for train_power_pred to 2025-07-22 00:00:00+00:00, run_after=2025-07-23 00:00:00+00:00
[2025-07-22T12:32:36.629+0000] {processor.py:208} INFO - Processing /opt/airflow/dags/train_power_pred.py took 3.269 seconds
[2025-07-22T12:33:08.516+0000] {processor.py:186} INFO - Started process (PID=69695) to work on /opt/airflow/dags/train_power_pred.py
[2025-07-22T12:33:08.517+0000] {processor.py:914} INFO - Processing file /opt/airflow/dags/train_power_pred.py for tasks to queue
[2025-07-22T12:33:08.519+0000] {logging_mixin.py:190} INFO - [2025-07-22T12:33:08.518+0000] {dagbag.py:588} INFO - Filling up the DagBag from /opt/airflow/dags/train_power_pred.py
[2025-07-22T12:33:11.824+0000] {processor.py:925} INFO - DAG(s) 'train_power_pred' retrieved from /opt/airflow/dags/train_power_pred.py
[2025-07-22T12:33:11.843+0000] {logging_mixin.py:190} INFO - [2025-07-22T12:33:11.842+0000] {dag.py:3239} INFO - Sync 1 DAGs
[2025-07-22T12:33:11.858+0000] {logging_mixin.py:190} INFO - [2025-07-22T12:33:11.858+0000] {dag.py:4180} INFO - Setting next_dagrun for train_power_pred to 2025-07-22 00:00:00+00:00, run_after=2025-07-23 00:00:00+00:00
[2025-07-22T12:33:11.872+0000] {processor.py:208} INFO - Processing /opt/airflow/dags/train_power_pred.py took 3.362 seconds
[2025-07-22T12:33:43.101+0000] {processor.py:186} INFO - Started process (PID=69793) to work on /opt/airflow/dags/train_power_pred.py
[2025-07-22T12:33:43.103+0000] {processor.py:914} INFO - Processing file /opt/airflow/dags/train_power_pred.py for tasks to queue
[2025-07-22T12:33:43.105+0000] {logging_mixin.py:190} INFO - [2025-07-22T12:33:43.104+0000] {dagbag.py:588} INFO - Filling up the DagBag from /opt/airflow/dags/train_power_pred.py
[2025-07-22T12:33:46.810+0000] {processor.py:925} INFO - DAG(s) 'train_power_pred' retrieved from /opt/airflow/dags/train_power_pred.py
[2025-07-22T12:33:46.831+0000] {logging_mixin.py:190} INFO - [2025-07-22T12:33:46.830+0000] {dag.py:3239} INFO - Sync 1 DAGs
[2025-07-22T12:33:46.849+0000] {logging_mixin.py:190} INFO - [2025-07-22T12:33:46.849+0000] {dag.py:4180} INFO - Setting next_dagrun for train_power_pred to 2025-07-22 00:00:00+00:00, run_after=2025-07-23 00:00:00+00:00
[2025-07-22T12:33:46.863+0000] {processor.py:208} INFO - Processing /opt/airflow/dags/train_power_pred.py took 3.768 seconds
[2025-07-22T12:34:18.275+0000] {processor.py:186} INFO - Started process (PID=69891) to work on /opt/airflow/dags/train_power_pred.py
[2025-07-22T12:34:18.276+0000] {processor.py:914} INFO - Processing file /opt/airflow/dags/train_power_pred.py for tasks to queue
[2025-07-22T12:34:18.279+0000] {logging_mixin.py:190} INFO - [2025-07-22T12:34:18.278+0000] {dagbag.py:588} INFO - Filling up the DagBag from /opt/airflow/dags/train_power_pred.py
[2025-07-22T12:34:21.957+0000] {processor.py:925} INFO - DAG(s) 'train_power_pred' retrieved from /opt/airflow/dags/train_power_pred.py
[2025-07-22T12:34:21.979+0000] {logging_mixin.py:190} INFO - [2025-07-22T12:34:21.978+0000] {dag.py:3239} INFO - Sync 1 DAGs
[2025-07-22T12:34:21.996+0000] {logging_mixin.py:190} INFO - [2025-07-22T12:34:21.996+0000] {dag.py:4180} INFO - Setting next_dagrun for train_power_pred to 2025-07-22 00:00:00+00:00, run_after=2025-07-23 00:00:00+00:00
[2025-07-22T12:34:22.013+0000] {processor.py:208} INFO - Processing /opt/airflow/dags/train_power_pred.py took 3.747 seconds
[2025-07-22T12:34:57.118+0000] {processor.py:186} INFO - Started process (PID=69989) to work on /opt/airflow/dags/train_power_pred.py
[2025-07-22T12:34:57.121+0000] {processor.py:914} INFO - Processing file /opt/airflow/dags/train_power_pred.py for tasks to queue
[2025-07-22T12:34:57.126+0000] {logging_mixin.py:190} INFO - [2025-07-22T12:34:57.125+0000] {dagbag.py:588} INFO - Filling up the DagBag from /opt/airflow/dags/train_power_pred.py
[2025-07-22T12:35:04.254+0000] {processor.py:925} INFO - DAG(s) 'train_power_pred' retrieved from /opt/airflow/dags/train_power_pred.py
[2025-07-22T12:35:04.309+0000] {logging_mixin.py:190} INFO - [2025-07-22T12:35:04.307+0000] {dag.py:3239} INFO - Sync 1 DAGs
[2025-07-22T12:35:04.352+0000] {logging_mixin.py:190} INFO - [2025-07-22T12:35:04.351+0000] {dag.py:4180} INFO - Setting next_dagrun for train_power_pred to 2025-07-22 00:00:00+00:00, run_after=2025-07-23 00:00:00+00:00
[2025-07-22T12:35:04.396+0000] {processor.py:208} INFO - Processing /opt/airflow/dags/train_power_pred.py took 7.293 seconds
[2025-07-22T12:35:36.532+0000] {processor.py:186} INFO - Started process (PID=70088) to work on /opt/airflow/dags/train_power_pred.py
[2025-07-22T12:35:36.534+0000] {processor.py:914} INFO - Processing file /opt/airflow/dags/train_power_pred.py for tasks to queue
[2025-07-22T12:35:36.537+0000] {logging_mixin.py:190} INFO - [2025-07-22T12:35:36.537+0000] {dagbag.py:588} INFO - Filling up the DagBag from /opt/airflow/dags/train_power_pred.py
[2025-07-22T12:35:39.920+0000] {processor.py:925} INFO - DAG(s) 'train_power_pred' retrieved from /opt/airflow/dags/train_power_pred.py
[2025-07-22T12:35:39.940+0000] {logging_mixin.py:190} INFO - [2025-07-22T12:35:39.940+0000] {dag.py:3239} INFO - Sync 1 DAGs
[2025-07-22T12:35:39.958+0000] {logging_mixin.py:190} INFO - [2025-07-22T12:35:39.957+0000] {dag.py:4180} INFO - Setting next_dagrun for train_power_pred to 2025-07-22 00:00:00+00:00, run_after=2025-07-23 00:00:00+00:00
[2025-07-22T12:35:39.973+0000] {processor.py:208} INFO - Processing /opt/airflow/dags/train_power_pred.py took 3.449 seconds
[2025-07-22T12:36:11.559+0000] {processor.py:186} INFO - Started process (PID=70191) to work on /opt/airflow/dags/train_power_pred.py
[2025-07-22T12:36:11.560+0000] {processor.py:914} INFO - Processing file /opt/airflow/dags/train_power_pred.py for tasks to queue
[2025-07-22T12:36:11.563+0000] {logging_mixin.py:190} INFO - [2025-07-22T12:36:11.562+0000] {dagbag.py:588} INFO - Filling up the DagBag from /opt/airflow/dags/train_power_pred.py
[2025-07-22T12:36:14.817+0000] {processor.py:925} INFO - DAG(s) 'train_power_pred' retrieved from /opt/airflow/dags/train_power_pred.py
[2025-07-22T12:36:14.837+0000] {logging_mixin.py:190} INFO - [2025-07-22T12:36:14.837+0000] {dag.py:3239} INFO - Sync 1 DAGs
[2025-07-22T12:36:14.855+0000] {logging_mixin.py:190} INFO - [2025-07-22T12:36:14.855+0000] {dag.py:4180} INFO - Setting next_dagrun for train_power_pred to 2025-07-22 00:00:00+00:00, run_after=2025-07-23 00:00:00+00:00
[2025-07-22T12:36:14.870+0000] {processor.py:208} INFO - Processing /opt/airflow/dags/train_power_pred.py took 3.318 seconds
[2025-07-22T12:36:46.733+0000] {processor.py:186} INFO - Started process (PID=70289) to work on /opt/airflow/dags/train_power_pred.py
[2025-07-22T12:36:46.734+0000] {processor.py:914} INFO - Processing file /opt/airflow/dags/train_power_pred.py for tasks to queue
[2025-07-22T12:36:46.736+0000] {logging_mixin.py:190} INFO - [2025-07-22T12:36:46.736+0000] {dagbag.py:588} INFO - Filling up the DagBag from /opt/airflow/dags/train_power_pred.py
[2025-07-22T12:36:49.977+0000] {processor.py:925} INFO - DAG(s) 'train_power_pred' retrieved from /opt/airflow/dags/train_power_pred.py
[2025-07-22T12:36:49.997+0000] {logging_mixin.py:190} INFO - [2025-07-22T12:36:49.997+0000] {dag.py:3239} INFO - Sync 1 DAGs
[2025-07-22T12:36:50.014+0000] {logging_mixin.py:190} INFO - [2025-07-22T12:36:50.014+0000] {dag.py:4180} INFO - Setting next_dagrun for train_power_pred to 2025-07-22 00:00:00+00:00, run_after=2025-07-23 00:00:00+00:00
[2025-07-22T12:36:50.034+0000] {processor.py:208} INFO - Processing /opt/airflow/dags/train_power_pred.py took 3.308 seconds
[2025-07-22T12:37:21.778+0000] {processor.py:186} INFO - Started process (PID=70387) to work on /opt/airflow/dags/train_power_pred.py
[2025-07-22T12:37:21.779+0000] {processor.py:914} INFO - Processing file /opt/airflow/dags/train_power_pred.py for tasks to queue
[2025-07-22T12:37:21.782+0000] {logging_mixin.py:190} INFO - [2025-07-22T12:37:21.781+0000] {dagbag.py:588} INFO - Filling up the DagBag from /opt/airflow/dags/train_power_pred.py
[2025-07-22T12:37:25.091+0000] {processor.py:925} INFO - DAG(s) 'train_power_pred' retrieved from /opt/airflow/dags/train_power_pred.py
[2025-07-22T12:37:25.110+0000] {logging_mixin.py:190} INFO - [2025-07-22T12:37:25.109+0000] {dag.py:3239} INFO - Sync 1 DAGs
[2025-07-22T12:37:25.126+0000] {logging_mixin.py:190} INFO - [2025-07-22T12:37:25.126+0000] {dag.py:4180} INFO - Setting next_dagrun for train_power_pred to 2025-07-22 00:00:00+00:00, run_after=2025-07-23 00:00:00+00:00
[2025-07-22T12:37:25.152+0000] {processor.py:208} INFO - Processing /opt/airflow/dags/train_power_pred.py took 3.380 seconds
[2025-07-22T12:37:56.920+0000] {processor.py:186} INFO - Started process (PID=70485) to work on /opt/airflow/dags/train_power_pred.py
[2025-07-22T12:37:56.922+0000] {processor.py:914} INFO - Processing file /opt/airflow/dags/train_power_pred.py for tasks to queue
[2025-07-22T12:37:56.924+0000] {logging_mixin.py:190} INFO - [2025-07-22T12:37:56.924+0000] {dagbag.py:588} INFO - Filling up the DagBag from /opt/airflow/dags/train_power_pred.py
[2025-07-22T12:38:00.256+0000] {processor.py:925} INFO - DAG(s) 'train_power_pred' retrieved from /opt/airflow/dags/train_power_pred.py
[2025-07-22T12:38:00.277+0000] {logging_mixin.py:190} INFO - [2025-07-22T12:38:00.277+0000] {dag.py:3239} INFO - Sync 1 DAGs
[2025-07-22T12:38:00.294+0000] {logging_mixin.py:190} INFO - [2025-07-22T12:38:00.294+0000] {dag.py:4180} INFO - Setting next_dagrun for train_power_pred to 2025-07-22 00:00:00+00:00, run_after=2025-07-23 00:00:00+00:00
[2025-07-22T12:38:00.308+0000] {processor.py:208} INFO - Processing /opt/airflow/dags/train_power_pred.py took 3.393 seconds
[2025-07-22T12:38:31.510+0000] {processor.py:186} INFO - Started process (PID=70583) to work on /opt/airflow/dags/train_power_pred.py
[2025-07-22T12:38:31.511+0000] {processor.py:914} INFO - Processing file /opt/airflow/dags/train_power_pred.py for tasks to queue
[2025-07-22T12:38:31.514+0000] {logging_mixin.py:190} INFO - [2025-07-22T12:38:31.514+0000] {dagbag.py:588} INFO - Filling up the DagBag from /opt/airflow/dags/train_power_pred.py
[2025-07-22T12:38:35.201+0000] {processor.py:925} INFO - DAG(s) 'train_power_pred' retrieved from /opt/airflow/dags/train_power_pred.py
[2025-07-22T12:38:35.222+0000] {logging_mixin.py:190} INFO - [2025-07-22T12:38:35.222+0000] {dag.py:3239} INFO - Sync 1 DAGs
[2025-07-22T12:38:35.239+0000] {logging_mixin.py:190} INFO - [2025-07-22T12:38:35.239+0000] {dag.py:4180} INFO - Setting next_dagrun for train_power_pred to 2025-07-22 00:00:00+00:00, run_after=2025-07-23 00:00:00+00:00
[2025-07-22T12:38:35.255+0000] {processor.py:208} INFO - Processing /opt/airflow/dags/train_power_pred.py took 3.755 seconds
[2025-07-22T12:39:06.576+0000] {processor.py:186} INFO - Started process (PID=70681) to work on /opt/airflow/dags/train_power_pred.py
[2025-07-22T12:39:06.577+0000] {processor.py:914} INFO - Processing file /opt/airflow/dags/train_power_pred.py for tasks to queue
[2025-07-22T12:39:06.579+0000] {logging_mixin.py:190} INFO - [2025-07-22T12:39:06.579+0000] {dagbag.py:588} INFO - Filling up the DagBag from /opt/airflow/dags/train_power_pred.py
[2025-07-22T12:39:09.811+0000] {processor.py:925} INFO - DAG(s) 'train_power_pred' retrieved from /opt/airflow/dags/train_power_pred.py
[2025-07-22T12:39:09.829+0000] {logging_mixin.py:190} INFO - [2025-07-22T12:39:09.829+0000] {dag.py:3239} INFO - Sync 1 DAGs
[2025-07-22T12:39:09.845+0000] {logging_mixin.py:190} INFO - [2025-07-22T12:39:09.845+0000] {dag.py:4180} INFO - Setting next_dagrun for train_power_pred to 2025-07-22 00:00:00+00:00, run_after=2025-07-23 00:00:00+00:00
[2025-07-22T12:39:09.857+0000] {processor.py:208} INFO - Processing /opt/airflow/dags/train_power_pred.py took 3.289 seconds
[2025-07-22T12:39:41.779+0000] {processor.py:186} INFO - Started process (PID=70785) to work on /opt/airflow/dags/train_power_pred.py
[2025-07-22T12:39:41.780+0000] {processor.py:914} INFO - Processing file /opt/airflow/dags/train_power_pred.py for tasks to queue
[2025-07-22T12:39:41.782+0000] {logging_mixin.py:190} INFO - [2025-07-22T12:39:41.781+0000] {dagbag.py:588} INFO - Filling up the DagBag from /opt/airflow/dags/train_power_pred.py
[2025-07-22T12:39:44.942+0000] {processor.py:925} INFO - DAG(s) 'train_power_pred' retrieved from /opt/airflow/dags/train_power_pred.py
[2025-07-22T12:39:44.963+0000] {logging_mixin.py:190} INFO - [2025-07-22T12:39:44.962+0000] {dag.py:3239} INFO - Sync 1 DAGs
[2025-07-22T12:39:44.980+0000] {logging_mixin.py:190} INFO - [2025-07-22T12:39:44.979+0000] {dag.py:4180} INFO - Setting next_dagrun for train_power_pred to 2025-07-22 00:00:00+00:00, run_after=2025-07-23 00:00:00+00:00
[2025-07-22T12:39:44.994+0000] {processor.py:208} INFO - Processing /opt/airflow/dags/train_power_pred.py took 3.221 seconds
[2025-07-22T12:40:16.146+0000] {processor.py:186} INFO - Started process (PID=70883) to work on /opt/airflow/dags/train_power_pred.py
[2025-07-22T12:40:16.148+0000] {processor.py:914} INFO - Processing file /opt/airflow/dags/train_power_pred.py for tasks to queue
[2025-07-22T12:40:16.150+0000] {logging_mixin.py:190} INFO - [2025-07-22T12:40:16.150+0000] {dagbag.py:588} INFO - Filling up the DagBag from /opt/airflow/dags/train_power_pred.py
[2025-07-22T12:40:19.644+0000] {processor.py:925} INFO - DAG(s) 'train_power_pred' retrieved from /opt/airflow/dags/train_power_pred.py
[2025-07-22T12:40:19.663+0000] {logging_mixin.py:190} INFO - [2025-07-22T12:40:19.663+0000] {dag.py:3239} INFO - Sync 1 DAGs
[2025-07-22T12:40:19.682+0000] {logging_mixin.py:190} INFO - [2025-07-22T12:40:19.682+0000] {dag.py:4180} INFO - Setting next_dagrun for train_power_pred to 2025-07-22 00:00:00+00:00, run_after=2025-07-23 00:00:00+00:00
[2025-07-22T12:40:19.695+0000] {processor.py:208} INFO - Processing /opt/airflow/dags/train_power_pred.py took 3.555 seconds
[2025-07-22T12:40:50.928+0000] {processor.py:186} INFO - Started process (PID=70981) to work on /opt/airflow/dags/train_power_pred.py
[2025-07-22T12:40:50.929+0000] {processor.py:914} INFO - Processing file /opt/airflow/dags/train_power_pred.py for tasks to queue
[2025-07-22T12:40:50.932+0000] {logging_mixin.py:190} INFO - [2025-07-22T12:40:50.931+0000] {dagbag.py:588} INFO - Filling up the DagBag from /opt/airflow/dags/train_power_pred.py
[2025-07-22T12:40:54.272+0000] {processor.py:925} INFO - DAG(s) 'train_power_pred' retrieved from /opt/airflow/dags/train_power_pred.py
[2025-07-22T12:40:54.295+0000] {logging_mixin.py:190} INFO - [2025-07-22T12:40:54.294+0000] {dag.py:3239} INFO - Sync 1 DAGs
[2025-07-22T12:40:54.314+0000] {logging_mixin.py:190} INFO - [2025-07-22T12:40:54.314+0000] {dag.py:4180} INFO - Setting next_dagrun for train_power_pred to 2025-07-22 00:00:00+00:00, run_after=2025-07-23 00:00:00+00:00
[2025-07-22T12:40:54.330+0000] {processor.py:208} INFO - Processing /opt/airflow/dags/train_power_pred.py took 3.410 seconds
[2025-07-22T12:41:26.565+0000] {processor.py:186} INFO - Started process (PID=71079) to work on /opt/airflow/dags/train_power_pred.py
[2025-07-22T12:41:26.567+0000] {processor.py:914} INFO - Processing file /opt/airflow/dags/train_power_pred.py for tasks to queue
[2025-07-22T12:41:26.570+0000] {logging_mixin.py:190} INFO - [2025-07-22T12:41:26.569+0000] {dagbag.py:588} INFO - Filling up the DagBag from /opt/airflow/dags/train_power_pred.py
[2025-07-22T12:41:30.007+0000] {processor.py:925} INFO - DAG(s) 'train_power_pred' retrieved from /opt/airflow/dags/train_power_pred.py
[2025-07-22T12:41:30.028+0000] {logging_mixin.py:190} INFO - [2025-07-22T12:41:30.027+0000] {dag.py:3239} INFO - Sync 1 DAGs
[2025-07-22T12:41:30.046+0000] {logging_mixin.py:190} INFO - [2025-07-22T12:41:30.045+0000] {dag.py:4180} INFO - Setting next_dagrun for train_power_pred to 2025-07-22 00:00:00+00:00, run_after=2025-07-23 00:00:00+00:00
[2025-07-22T12:41:30.061+0000] {processor.py:208} INFO - Processing /opt/airflow/dags/train_power_pred.py took 3.502 seconds
[2025-07-22T12:42:01.487+0000] {processor.py:186} INFO - Started process (PID=71177) to work on /opt/airflow/dags/train_power_pred.py
[2025-07-22T12:42:01.488+0000] {processor.py:914} INFO - Processing file /opt/airflow/dags/train_power_pred.py for tasks to queue
[2025-07-22T12:42:01.491+0000] {logging_mixin.py:190} INFO - [2025-07-22T12:42:01.490+0000] {dagbag.py:588} INFO - Filling up the DagBag from /opt/airflow/dags/train_power_pred.py
[2025-07-22T12:42:04.919+0000] {processor.py:925} INFO - DAG(s) 'train_power_pred' retrieved from /opt/airflow/dags/train_power_pred.py
[2025-07-22T12:42:04.943+0000] {logging_mixin.py:190} INFO - [2025-07-22T12:42:04.942+0000] {dag.py:3239} INFO - Sync 1 DAGs
[2025-07-22T12:42:04.962+0000] {logging_mixin.py:190} INFO - [2025-07-22T12:42:04.961+0000] {dag.py:4180} INFO - Setting next_dagrun for train_power_pred to 2025-07-22 00:00:00+00:00, run_after=2025-07-23 00:00:00+00:00
[2025-07-22T12:42:04.979+0000] {processor.py:208} INFO - Processing /opt/airflow/dags/train_power_pred.py took 3.498 seconds
[2025-07-22T12:42:39.277+0000] {processor.py:186} INFO - Started process (PID=71282) to work on /opt/airflow/dags/train_power_pred.py
[2025-07-22T12:42:39.278+0000] {processor.py:914} INFO - Processing file /opt/airflow/dags/train_power_pred.py for tasks to queue
[2025-07-22T12:42:39.281+0000] {logging_mixin.py:190} INFO - [2025-07-22T12:42:39.280+0000] {dagbag.py:588} INFO - Filling up the DagBag from /opt/airflow/dags/train_power_pred.py
[2025-07-22T12:42:42.691+0000] {processor.py:925} INFO - DAG(s) 'train_power_pred' retrieved from /opt/airflow/dags/train_power_pred.py
[2025-07-22T12:42:42.713+0000] {logging_mixin.py:190} INFO - [2025-07-22T12:42:42.712+0000] {dag.py:3239} INFO - Sync 1 DAGs
[2025-07-22T12:42:42.729+0000] {logging_mixin.py:190} INFO - [2025-07-22T12:42:42.729+0000] {dag.py:4180} INFO - Setting next_dagrun for train_power_pred to 2025-07-22 00:00:00+00:00, run_after=2025-07-23 00:00:00+00:00
[2025-07-22T12:42:42.742+0000] {processor.py:208} INFO - Processing /opt/airflow/dags/train_power_pred.py took 3.471 seconds
[2025-07-22T12:43:14.578+0000] {processor.py:186} INFO - Started process (PID=71383) to work on /opt/airflow/dags/train_power_pred.py
[2025-07-22T12:43:14.579+0000] {processor.py:914} INFO - Processing file /opt/airflow/dags/train_power_pred.py for tasks to queue
[2025-07-22T12:43:14.582+0000] {logging_mixin.py:190} INFO - [2025-07-22T12:43:14.581+0000] {dagbag.py:588} INFO - Filling up the DagBag from /opt/airflow/dags/train_power_pred.py
[2025-07-22T12:43:17.750+0000] {processor.py:925} INFO - DAG(s) 'train_power_pred' retrieved from /opt/airflow/dags/train_power_pred.py
[2025-07-22T12:43:17.771+0000] {logging_mixin.py:190} INFO - [2025-07-22T12:43:17.771+0000] {dag.py:3239} INFO - Sync 1 DAGs
[2025-07-22T12:43:17.792+0000] {logging_mixin.py:190} INFO - [2025-07-22T12:43:17.792+0000] {dag.py:4180} INFO - Setting next_dagrun for train_power_pred to 2025-07-22 00:00:00+00:00, run_after=2025-07-23 00:00:00+00:00
[2025-07-22T12:43:17.806+0000] {processor.py:208} INFO - Processing /opt/airflow/dags/train_power_pred.py took 3.234 seconds
[2025-07-22T12:43:49.352+0000] {processor.py:186} INFO - Started process (PID=71479) to work on /opt/airflow/dags/train_power_pred.py
[2025-07-22T12:43:49.353+0000] {processor.py:914} INFO - Processing file /opt/airflow/dags/train_power_pred.py for tasks to queue
[2025-07-22T12:43:49.356+0000] {logging_mixin.py:190} INFO - [2025-07-22T12:43:49.356+0000] {dagbag.py:588} INFO - Filling up the DagBag from /opt/airflow/dags/train_power_pred.py
[2025-07-22T12:43:52.827+0000] {processor.py:925} INFO - DAG(s) 'train_power_pred' retrieved from /opt/airflow/dags/train_power_pred.py
[2025-07-22T12:43:52.847+0000] {logging_mixin.py:190} INFO - [2025-07-22T12:43:52.846+0000] {dag.py:3239} INFO - Sync 1 DAGs
[2025-07-22T12:43:52.862+0000] {logging_mixin.py:190} INFO - [2025-07-22T12:43:52.862+0000] {dag.py:4180} INFO - Setting next_dagrun for train_power_pred to 2025-07-22 00:00:00+00:00, run_after=2025-07-23 00:00:00+00:00
[2025-07-22T12:43:52.874+0000] {processor.py:208} INFO - Processing /opt/airflow/dags/train_power_pred.py took 3.531 seconds
[2025-07-22T12:44:24.807+0000] {processor.py:186} INFO - Started process (PID=71577) to work on /opt/airflow/dags/train_power_pred.py
[2025-07-22T12:44:24.808+0000] {processor.py:914} INFO - Processing file /opt/airflow/dags/train_power_pred.py for tasks to queue
[2025-07-22T12:44:24.810+0000] {logging_mixin.py:190} INFO - [2025-07-22T12:44:24.810+0000] {dagbag.py:588} INFO - Filling up the DagBag from /opt/airflow/dags/train_power_pred.py
[2025-07-22T12:44:27.972+0000] {processor.py:925} INFO - DAG(s) 'train_power_pred' retrieved from /opt/airflow/dags/train_power_pred.py
[2025-07-22T12:44:27.994+0000] {logging_mixin.py:190} INFO - [2025-07-22T12:44:27.993+0000] {dag.py:3239} INFO - Sync 1 DAGs
[2025-07-22T12:44:28.012+0000] {logging_mixin.py:190} INFO - [2025-07-22T12:44:28.012+0000] {dag.py:4180} INFO - Setting next_dagrun for train_power_pred to 2025-07-22 00:00:00+00:00, run_after=2025-07-23 00:00:00+00:00
[2025-07-22T12:44:28.031+0000] {processor.py:208} INFO - Processing /opt/airflow/dags/train_power_pred.py took 3.230 seconds
[2025-07-22T12:44:59.245+0000] {processor.py:186} INFO - Started process (PID=71673) to work on /opt/airflow/dags/train_power_pred.py
[2025-07-22T12:44:59.247+0000] {processor.py:914} INFO - Processing file /opt/airflow/dags/train_power_pred.py for tasks to queue
[2025-07-22T12:44:59.249+0000] {logging_mixin.py:190} INFO - [2025-07-22T12:44:59.249+0000] {dagbag.py:588} INFO - Filling up the DagBag from /opt/airflow/dags/train_power_pred.py
[2025-07-22T12:45:02.605+0000] {processor.py:925} INFO - DAG(s) 'train_power_pred' retrieved from /opt/airflow/dags/train_power_pred.py
[2025-07-22T12:45:02.626+0000] {logging_mixin.py:190} INFO - [2025-07-22T12:45:02.625+0000] {dag.py:3239} INFO - Sync 1 DAGs
[2025-07-22T12:45:02.643+0000] {logging_mixin.py:190} INFO - [2025-07-22T12:45:02.643+0000] {dag.py:4180} INFO - Setting next_dagrun for train_power_pred to 2025-07-22 00:00:00+00:00, run_after=2025-07-23 00:00:00+00:00
[2025-07-22T12:45:02.657+0000] {processor.py:208} INFO - Processing /opt/airflow/dags/train_power_pred.py took 3.418 seconds
[2025-07-22T12:45:34.413+0000] {processor.py:186} INFO - Started process (PID=71772) to work on /opt/airflow/dags/train_power_pred.py
[2025-07-22T12:45:34.414+0000] {processor.py:914} INFO - Processing file /opt/airflow/dags/train_power_pred.py for tasks to queue
[2025-07-22T12:45:34.417+0000] {logging_mixin.py:190} INFO - [2025-07-22T12:45:34.416+0000] {dagbag.py:588} INFO - Filling up the DagBag from /opt/airflow/dags/train_power_pred.py
[2025-07-22T12:45:37.723+0000] {processor.py:925} INFO - DAG(s) 'train_power_pred' retrieved from /opt/airflow/dags/train_power_pred.py
[2025-07-22T12:45:37.744+0000] {logging_mixin.py:190} INFO - [2025-07-22T12:45:37.742+0000] {dag.py:3239} INFO - Sync 1 DAGs
[2025-07-22T12:45:37.761+0000] {logging_mixin.py:190} INFO - [2025-07-22T12:45:37.760+0000] {dag.py:4180} INFO - Setting next_dagrun for train_power_pred to 2025-07-22 00:00:00+00:00, run_after=2025-07-23 00:00:00+00:00
[2025-07-22T12:45:37.775+0000] {processor.py:208} INFO - Processing /opt/airflow/dags/train_power_pred.py took 3.368 seconds
[2025-07-22T12:46:09.428+0000] {processor.py:186} INFO - Started process (PID=71876) to work on /opt/airflow/dags/train_power_pred.py
[2025-07-22T12:46:09.430+0000] {processor.py:914} INFO - Processing file /opt/airflow/dags/train_power_pred.py for tasks to queue
[2025-07-22T12:46:09.432+0000] {logging_mixin.py:190} INFO - [2025-07-22T12:46:09.432+0000] {dagbag.py:588} INFO - Filling up the DagBag from /opt/airflow/dags/train_power_pred.py
[2025-07-22T12:46:12.850+0000] {processor.py:925} INFO - DAG(s) 'train_power_pred' retrieved from /opt/airflow/dags/train_power_pred.py
[2025-07-22T12:46:12.871+0000] {logging_mixin.py:190} INFO - [2025-07-22T12:46:12.870+0000] {dag.py:3239} INFO - Sync 1 DAGs
[2025-07-22T12:46:12.888+0000] {logging_mixin.py:190} INFO - [2025-07-22T12:46:12.888+0000] {dag.py:4180} INFO - Setting next_dagrun for train_power_pred to 2025-07-22 00:00:00+00:00, run_after=2025-07-23 00:00:00+00:00
[2025-07-22T12:46:12.906+0000] {processor.py:208} INFO - Processing /opt/airflow/dags/train_power_pred.py took 3.485 seconds
[2025-07-22T12:46:44.461+0000] {processor.py:186} INFO - Started process (PID=72536) to work on /opt/airflow/dags/train_power_pred.py
[2025-07-22T12:46:44.463+0000] {processor.py:914} INFO - Processing file /opt/airflow/dags/train_power_pred.py for tasks to queue
[2025-07-22T12:46:44.465+0000] {logging_mixin.py:190} INFO - [2025-07-22T12:46:44.465+0000] {dagbag.py:588} INFO - Filling up the DagBag from /opt/airflow/dags/train_power_pred.py
[2025-07-22T12:46:47.765+0000] {processor.py:925} INFO - DAG(s) 'train_power_pred' retrieved from /opt/airflow/dags/train_power_pred.py
[2025-07-22T12:46:47.784+0000] {logging_mixin.py:190} INFO - [2025-07-22T12:46:47.784+0000] {dag.py:3239} INFO - Sync 1 DAGs
[2025-07-22T12:46:47.800+0000] {logging_mixin.py:190} INFO - [2025-07-22T12:46:47.800+0000] {dag.py:4180} INFO - Setting next_dagrun for train_power_pred to 2025-07-22 00:00:00+00:00, run_after=2025-07-23 00:00:00+00:00
[2025-07-22T12:46:47.812+0000] {processor.py:208} INFO - Processing /opt/airflow/dags/train_power_pred.py took 3.358 seconds
[2025-07-22T12:47:18.961+0000] {processor.py:186} INFO - Started process (PID=72633) to work on /opt/airflow/dags/train_power_pred.py
[2025-07-22T12:47:18.962+0000] {processor.py:914} INFO - Processing file /opt/airflow/dags/train_power_pred.py for tasks to queue
[2025-07-22T12:47:18.965+0000] {logging_mixin.py:190} INFO - [2025-07-22T12:47:18.964+0000] {dagbag.py:588} INFO - Filling up the DagBag from /opt/airflow/dags/train_power_pred.py
[2025-07-22T12:47:22.348+0000] {processor.py:925} INFO - DAG(s) 'train_power_pred' retrieved from /opt/airflow/dags/train_power_pred.py
[2025-07-22T12:47:22.369+0000] {logging_mixin.py:190} INFO - [2025-07-22T12:47:22.368+0000] {dag.py:3239} INFO - Sync 1 DAGs
[2025-07-22T12:47:22.387+0000] {logging_mixin.py:190} INFO - [2025-07-22T12:47:22.386+0000] {dag.py:4180} INFO - Setting next_dagrun for train_power_pred to 2025-07-22 00:00:00+00:00, run_after=2025-07-23 00:00:00+00:00
[2025-07-22T12:47:22.403+0000] {processor.py:208} INFO - Processing /opt/airflow/dags/train_power_pred.py took 3.450 seconds
[2025-07-22T12:47:53.708+0000] {processor.py:186} INFO - Started process (PID=72731) to work on /opt/airflow/dags/train_power_pred.py
[2025-07-22T12:47:53.709+0000] {processor.py:914} INFO - Processing file /opt/airflow/dags/train_power_pred.py for tasks to queue
[2025-07-22T12:47:53.711+0000] {logging_mixin.py:190} INFO - [2025-07-22T12:47:53.711+0000] {dagbag.py:588} INFO - Filling up the DagBag from /opt/airflow/dags/train_power_pred.py
[2025-07-22T12:47:56.811+0000] {processor.py:925} INFO - DAG(s) 'train_power_pred' retrieved from /opt/airflow/dags/train_power_pred.py
[2025-07-22T12:47:57.075+0000] {logging_mixin.py:190} INFO - [2025-07-22T12:47:57.075+0000] {dag.py:3239} INFO - Sync 1 DAGs
[2025-07-22T12:47:57.091+0000] {logging_mixin.py:190} INFO - [2025-07-22T12:47:57.091+0000] {dag.py:4180} INFO - Setting next_dagrun for train_power_pred to 2025-07-22 00:00:00+00:00, run_after=2025-07-23 00:00:00+00:00
[2025-07-22T12:47:57.103+0000] {processor.py:208} INFO - Processing /opt/airflow/dags/train_power_pred.py took 3.402 seconds
[2025-07-22T12:48:28.046+0000] {processor.py:186} INFO - Started process (PID=72829) to work on /opt/airflow/dags/train_power_pred.py
[2025-07-22T12:48:28.047+0000] {processor.py:914} INFO - Processing file /opt/airflow/dags/train_power_pred.py for tasks to queue
[2025-07-22T12:48:28.050+0000] {logging_mixin.py:190} INFO - [2025-07-22T12:48:28.050+0000] {dagbag.py:588} INFO - Filling up the DagBag from /opt/airflow/dags/train_power_pred.py
[2025-07-22T12:48:31.115+0000] {processor.py:925} INFO - DAG(s) 'train_power_pred' retrieved from /opt/airflow/dags/train_power_pred.py
[2025-07-22T12:48:31.133+0000] {logging_mixin.py:190} INFO - [2025-07-22T12:48:31.132+0000] {dag.py:3239} INFO - Sync 1 DAGs
[2025-07-22T12:48:31.149+0000] {logging_mixin.py:190} INFO - [2025-07-22T12:48:31.149+0000] {dag.py:4180} INFO - Setting next_dagrun for train_power_pred to 2025-07-22 00:00:00+00:00, run_after=2025-07-23 00:00:00+00:00
[2025-07-22T12:48:31.165+0000] {processor.py:208} INFO - Processing /opt/airflow/dags/train_power_pred.py took 3.125 seconds
[2025-07-22T12:49:03.414+0000] {processor.py:186} INFO - Started process (PID=72927) to work on /opt/airflow/dags/train_power_pred.py
[2025-07-22T12:49:03.415+0000] {processor.py:914} INFO - Processing file /opt/airflow/dags/train_power_pred.py for tasks to queue
[2025-07-22T12:49:03.418+0000] {logging_mixin.py:190} INFO - [2025-07-22T12:49:03.417+0000] {dagbag.py:588} INFO - Filling up the DagBag from /opt/airflow/dags/train_power_pred.py
[2025-07-22T12:49:06.573+0000] {processor.py:925} INFO - DAG(s) 'train_power_pred' retrieved from /opt/airflow/dags/train_power_pred.py
[2025-07-22T12:49:06.593+0000] {logging_mixin.py:190} INFO - [2025-07-22T12:49:06.592+0000] {dag.py:3239} INFO - Sync 1 DAGs
[2025-07-22T12:49:06.609+0000] {logging_mixin.py:190} INFO - [2025-07-22T12:49:06.608+0000] {dag.py:4180} INFO - Setting next_dagrun for train_power_pred to 2025-07-22 00:00:00+00:00, run_after=2025-07-23 00:00:00+00:00
[2025-07-22T12:49:06.622+0000] {processor.py:208} INFO - Processing /opt/airflow/dags/train_power_pred.py took 3.213 seconds
[2025-07-22T12:49:38.116+0000] {processor.py:186} INFO - Started process (PID=73025) to work on /opt/airflow/dags/train_power_pred.py
[2025-07-22T12:49:38.117+0000] {processor.py:914} INFO - Processing file /opt/airflow/dags/train_power_pred.py for tasks to queue
[2025-07-22T12:49:38.120+0000] {logging_mixin.py:190} INFO - [2025-07-22T12:49:38.119+0000] {dagbag.py:588} INFO - Filling up the DagBag from /opt/airflow/dags/train_power_pred.py
[2025-07-22T12:49:41.445+0000] {processor.py:925} INFO - DAG(s) 'train_power_pred' retrieved from /opt/airflow/dags/train_power_pred.py
[2025-07-22T12:49:41.465+0000] {logging_mixin.py:190} INFO - [2025-07-22T12:49:41.464+0000] {dag.py:3239} INFO - Sync 1 DAGs
[2025-07-22T12:49:41.482+0000] {logging_mixin.py:190} INFO - [2025-07-22T12:49:41.481+0000] {dag.py:4180} INFO - Setting next_dagrun for train_power_pred to 2025-07-22 00:00:00+00:00, run_after=2025-07-23 00:00:00+00:00
[2025-07-22T12:49:41.495+0000] {processor.py:208} INFO - Processing /opt/airflow/dags/train_power_pred.py took 3.386 seconds
[2025-07-22T12:50:12.924+0000] {processor.py:186} INFO - Started process (PID=73129) to work on /opt/airflow/dags/train_power_pred.py
[2025-07-22T12:50:12.925+0000] {processor.py:914} INFO - Processing file /opt/airflow/dags/train_power_pred.py for tasks to queue
[2025-07-22T12:50:12.928+0000] {logging_mixin.py:190} INFO - [2025-07-22T12:50:12.928+0000] {dagbag.py:588} INFO - Filling up the DagBag from /opt/airflow/dags/train_power_pred.py
[2025-07-22T12:50:16.098+0000] {processor.py:925} INFO - DAG(s) 'train_power_pred' retrieved from /opt/airflow/dags/train_power_pred.py
[2025-07-22T12:50:16.118+0000] {logging_mixin.py:190} INFO - [2025-07-22T12:50:16.118+0000] {dag.py:3239} INFO - Sync 1 DAGs
[2025-07-22T12:50:16.134+0000] {logging_mixin.py:190} INFO - [2025-07-22T12:50:16.134+0000] {dag.py:4180} INFO - Setting next_dagrun for train_power_pred to 2025-07-22 00:00:00+00:00, run_after=2025-07-23 00:00:00+00:00
[2025-07-22T12:50:16.159+0000] {processor.py:208} INFO - Processing /opt/airflow/dags/train_power_pred.py took 3.241 seconds
[2025-07-22T12:50:47.641+0000] {processor.py:186} INFO - Started process (PID=73227) to work on /opt/airflow/dags/train_power_pred.py
[2025-07-22T12:50:47.642+0000] {processor.py:914} INFO - Processing file /opt/airflow/dags/train_power_pred.py for tasks to queue
[2025-07-22T12:50:47.645+0000] {logging_mixin.py:190} INFO - [2025-07-22T12:50:47.644+0000] {dagbag.py:588} INFO - Filling up the DagBag from /opt/airflow/dags/train_power_pred.py
[2025-07-22T12:50:51.092+0000] {processor.py:925} INFO - DAG(s) 'train_power_pred' retrieved from /opt/airflow/dags/train_power_pred.py
[2025-07-22T12:50:51.112+0000] {logging_mixin.py:190} INFO - [2025-07-22T12:50:51.111+0000] {dag.py:3239} INFO - Sync 1 DAGs
[2025-07-22T12:50:51.132+0000] {logging_mixin.py:190} INFO - [2025-07-22T12:50:51.132+0000] {dag.py:4180} INFO - Setting next_dagrun for train_power_pred to 2025-07-22 00:00:00+00:00, run_after=2025-07-23 00:00:00+00:00
[2025-07-22T12:50:51.152+0000] {processor.py:208} INFO - Processing /opt/airflow/dags/train_power_pred.py took 3.517 seconds
[2025-07-22T12:51:22.255+0000] {processor.py:186} INFO - Started process (PID=73325) to work on /opt/airflow/dags/train_power_pred.py
[2025-07-22T12:51:22.256+0000] {processor.py:914} INFO - Processing file /opt/airflow/dags/train_power_pred.py for tasks to queue
[2025-07-22T12:51:22.259+0000] {logging_mixin.py:190} INFO - [2025-07-22T12:51:22.258+0000] {dagbag.py:588} INFO - Filling up the DagBag from /opt/airflow/dags/train_power_pred.py
[2025-07-22T12:51:25.545+0000] {processor.py:925} INFO - DAG(s) 'train_power_pred' retrieved from /opt/airflow/dags/train_power_pred.py
[2025-07-22T12:51:25.565+0000] {logging_mixin.py:190} INFO - [2025-07-22T12:51:25.564+0000] {dag.py:3239} INFO - Sync 1 DAGs
[2025-07-22T12:51:25.581+0000] {logging_mixin.py:190} INFO - [2025-07-22T12:51:25.581+0000] {dag.py:4180} INFO - Setting next_dagrun for train_power_pred to 2025-07-22 00:00:00+00:00, run_after=2025-07-23 00:00:00+00:00
[2025-07-22T12:51:25.596+0000] {processor.py:208} INFO - Processing /opt/airflow/dags/train_power_pred.py took 3.348 seconds
[2025-07-22T12:51:59.810+0000] {processor.py:186} INFO - Started process (PID=73424) to work on /opt/airflow/dags/train_power_pred.py
[2025-07-22T12:51:59.811+0000] {processor.py:914} INFO - Processing file /opt/airflow/dags/train_power_pred.py for tasks to queue
[2025-07-22T12:51:59.815+0000] {logging_mixin.py:190} INFO - [2025-07-22T12:51:59.815+0000] {dagbag.py:588} INFO - Filling up the DagBag from /opt/airflow/dags/train_power_pred.py
[2025-07-22T12:52:03.287+0000] {processor.py:925} INFO - DAG(s) 'train_power_pred' retrieved from /opt/airflow/dags/train_power_pred.py
[2025-07-22T12:52:03.308+0000] {logging_mixin.py:190} INFO - [2025-07-22T12:52:03.308+0000] {dag.py:3239} INFO - Sync 1 DAGs
[2025-07-22T12:52:03.325+0000] {logging_mixin.py:190} INFO - [2025-07-22T12:52:03.325+0000] {dag.py:4180} INFO - Setting next_dagrun for train_power_pred to 2025-07-22 00:00:00+00:00, run_after=2025-07-23 00:00:00+00:00
[2025-07-22T12:52:03.340+0000] {processor.py:208} INFO - Processing /opt/airflow/dags/train_power_pred.py took 3.543 seconds
[2025-07-22T12:52:35.102+0000] {processor.py:186} INFO - Started process (PID=73522) to work on /opt/airflow/dags/train_power_pred.py
[2025-07-22T12:52:35.104+0000] {processor.py:914} INFO - Processing file /opt/airflow/dags/train_power_pred.py for tasks to queue
[2025-07-22T12:52:35.107+0000] {logging_mixin.py:190} INFO - [2025-07-22T12:52:35.106+0000] {dagbag.py:588} INFO - Filling up the DagBag from /opt/airflow/dags/train_power_pred.py
[2025-07-22T12:52:38.376+0000] {processor.py:925} INFO - DAG(s) 'train_power_pred' retrieved from /opt/airflow/dags/train_power_pred.py
[2025-07-22T12:52:38.394+0000] {logging_mixin.py:190} INFO - [2025-07-22T12:52:38.394+0000] {dag.py:3239} INFO - Sync 1 DAGs
[2025-07-22T12:52:38.410+0000] {logging_mixin.py:190} INFO - [2025-07-22T12:52:38.410+0000] {dag.py:4180} INFO - Setting next_dagrun for train_power_pred to 2025-07-22 00:00:00+00:00, run_after=2025-07-23 00:00:00+00:00
[2025-07-22T12:52:38.425+0000] {processor.py:208} INFO - Processing /opt/airflow/dags/train_power_pred.py took 3.330 seconds
[2025-07-22T12:53:10.043+0000] {processor.py:186} INFO - Started process (PID=73620) to work on /opt/airflow/dags/train_power_pred.py
[2025-07-22T12:53:10.044+0000] {processor.py:914} INFO - Processing file /opt/airflow/dags/train_power_pred.py for tasks to queue
[2025-07-22T12:53:10.047+0000] {logging_mixin.py:190} INFO - [2025-07-22T12:53:10.046+0000] {dagbag.py:588} INFO - Filling up the DagBag from /opt/airflow/dags/train_power_pred.py
[2025-07-22T12:53:13.268+0000] {processor.py:925} INFO - DAG(s) 'train_power_pred' retrieved from /opt/airflow/dags/train_power_pred.py
[2025-07-22T12:53:13.292+0000] {logging_mixin.py:190} INFO - [2025-07-22T12:53:13.292+0000] {dag.py:3239} INFO - Sync 1 DAGs
[2025-07-22T12:53:13.311+0000] {logging_mixin.py:190} INFO - [2025-07-22T12:53:13.310+0000] {dag.py:4180} INFO - Setting next_dagrun for train_power_pred to 2025-07-22 00:00:00+00:00, run_after=2025-07-23 00:00:00+00:00
[2025-07-22T12:53:13.327+0000] {processor.py:208} INFO - Processing /opt/airflow/dags/train_power_pred.py took 3.289 seconds
[2025-07-22T12:53:45.195+0000] {processor.py:186} INFO - Started process (PID=73724) to work on /opt/airflow/dags/train_power_pred.py
[2025-07-22T12:53:45.197+0000] {processor.py:914} INFO - Processing file /opt/airflow/dags/train_power_pred.py for tasks to queue
[2025-07-22T12:53:45.199+0000] {logging_mixin.py:190} INFO - [2025-07-22T12:53:45.199+0000] {dagbag.py:588} INFO - Filling up the DagBag from /opt/airflow/dags/train_power_pred.py
[2025-07-22T12:53:48.338+0000] {processor.py:925} INFO - DAG(s) 'train_power_pred' retrieved from /opt/airflow/dags/train_power_pred.py
[2025-07-22T12:53:48.357+0000] {logging_mixin.py:190} INFO - [2025-07-22T12:53:48.357+0000] {dag.py:3239} INFO - Sync 1 DAGs
[2025-07-22T12:53:48.373+0000] {logging_mixin.py:190} INFO - [2025-07-22T12:53:48.373+0000] {dag.py:4180} INFO - Setting next_dagrun for train_power_pred to 2025-07-22 00:00:00+00:00, run_after=2025-07-23 00:00:00+00:00
[2025-07-22T12:53:48.387+0000] {processor.py:208} INFO - Processing /opt/airflow/dags/train_power_pred.py took 3.197 seconds
[2025-07-22T12:54:19.567+0000] {processor.py:186} INFO - Started process (PID=73821) to work on /opt/airflow/dags/train_power_pred.py
[2025-07-22T12:54:19.568+0000] {processor.py:914} INFO - Processing file /opt/airflow/dags/train_power_pred.py for tasks to queue
[2025-07-22T12:54:19.572+0000] {logging_mixin.py:190} INFO - [2025-07-22T12:54:19.571+0000] {dagbag.py:588} INFO - Filling up the DagBag from /opt/airflow/dags/train_power_pred.py
[2025-07-22T12:54:23.185+0000] {processor.py:925} INFO - DAG(s) 'train_power_pred' retrieved from /opt/airflow/dags/train_power_pred.py
[2025-07-22T12:54:23.208+0000] {logging_mixin.py:190} INFO - [2025-07-22T12:54:23.207+0000] {dag.py:3239} INFO - Sync 1 DAGs
[2025-07-22T12:54:23.231+0000] {logging_mixin.py:190} INFO - [2025-07-22T12:54:23.231+0000] {dag.py:4180} INFO - Setting next_dagrun for train_power_pred to 2025-07-22 00:00:00+00:00, run_after=2025-07-23 00:00:00+00:00
[2025-07-22T12:54:23.250+0000] {processor.py:208} INFO - Processing /opt/airflow/dags/train_power_pred.py took 3.698 seconds
[2025-07-22T12:54:55.169+0000] {processor.py:186} INFO - Started process (PID=73920) to work on /opt/airflow/dags/train_power_pred.py
[2025-07-22T12:54:55.171+0000] {processor.py:914} INFO - Processing file /opt/airflow/dags/train_power_pred.py for tasks to queue
[2025-07-22T12:54:55.174+0000] {logging_mixin.py:190} INFO - [2025-07-22T12:54:55.174+0000] {dagbag.py:588} INFO - Filling up the DagBag from /opt/airflow/dags/train_power_pred.py
[2025-07-22T12:54:58.456+0000] {processor.py:925} INFO - DAG(s) 'train_power_pred' retrieved from /opt/airflow/dags/train_power_pred.py
[2025-07-22T12:54:58.479+0000] {logging_mixin.py:190} INFO - [2025-07-22T12:54:58.478+0000] {dag.py:3239} INFO - Sync 1 DAGs
[2025-07-22T12:54:58.498+0000] {logging_mixin.py:190} INFO - [2025-07-22T12:54:58.498+0000] {dag.py:4180} INFO - Setting next_dagrun for train_power_pred to 2025-07-22 00:00:00+00:00, run_after=2025-07-23 00:00:00+00:00
[2025-07-22T12:54:58.519+0000] {processor.py:208} INFO - Processing /opt/airflow/dags/train_power_pred.py took 3.358 seconds
