,ID,revolutions,humidity,vibration,x1,x2,x3,x4,x5
0,-1.414213562373095,-0.4994287963270791,1.2247448714147955,-0.5000000000000001,-0.49949200710885483,-0.49862362734510823,1.4532366183480825,1.449450801779398,1.2247448713966065
1,-0.7071067811865475,-0.49980957461034203,1.2247448714147955,-0.5000000000000001,-0.4998045998913241,-0.49962447766093576,0.627528786786126,0.7061129114187344,1.2247448713966065
2,0.0,-0.5001903528936037,-0.8164965809045199,-0.5000000000000001,-0.5001953408694113,-0.5003751153978062,0.06331928782378675,-0.03719326048357565,-0.8164965809227083
3,0.7071067811865475,-0.5005711311768666,-0.8164965809045199,-0.5000000000000001,-0.5005079336518828,-0.5013759657136329,-0.7624038190636074,-0.7804677139311385,-0.8164965809227083
4,1.414213562373095,1.9999998550078941,-0.8164965809045199,1.9999999999999998,1.9999998815214708,1.9999991861174837,-1.3816808739045634,-1.3379027387798121,-0.8164965809227083
