[2025-07-21T12:23:12.456+0000] {processor.py:186} INFO - Started process (PID=188) to work on /opt/airflow/dags/train_weather_pred.py
[2025-07-21T12:23:12.457+0000] {processor.py:914} INFO - Processing file /opt/airflow/dags/train_weather_pred.py for tasks to queue
[2025-07-21T12:23:12.461+0000] {logging_mixin.py:190} INFO - [2025-07-21T12:23:12.460+0000] {dagbag.py:588} INFO - Filling up the DagBag from /opt/airflow/dags/train_weather_pred.py
[2025-07-21T12:23:18.707+0000] {logging_mixin.py:190} INFO - [2025-07-21T12:23:18.707+0000] {font_manager.py:1639} INFO - generated new fontManager
[2025-07-21T12:23:18.912+0000] {processor.py:925} INFO - DAG(s) 'train_weather_pred' retrieved from /opt/airflow/dags/train_weather_pred.py
[2025-07-21T12:23:19.116+0000] {logging_mixin.py:190} INFO - [2025-07-21T12:23:19.115+0000] {override.py:1912} INFO - Created Permission View: can read on DAG:train_weather_pred
[2025-07-21T12:23:19.124+0000] {logging_mixin.py:190} INFO - [2025-07-21T12:23:19.124+0000] {override.py:1912} INFO - Created Permission View: can delete on DAG:train_weather_pred
[2025-07-21T12:23:19.130+0000] {logging_mixin.py:190} INFO - [2025-07-21T12:23:19.130+0000] {override.py:1912} INFO - Created Permission View: can edit on DAG:train_weather_pred
[2025-07-21T12:23:19.137+0000] {logging_mixin.py:190} INFO - [2025-07-21T12:23:19.136+0000] {override.py:1912} INFO - Created Permission View: can read on DAG Run:train_weather_pred
[2025-07-21T12:23:19.142+0000] {logging_mixin.py:190} INFO - [2025-07-21T12:23:19.142+0000] {override.py:1912} INFO - Created Permission View: can delete on DAG Run:train_weather_pred
[2025-07-21T12:23:19.254+0000] {logging_mixin.py:190} INFO - [2025-07-21T12:23:19.253+0000] {override.py:1912} INFO - Created Permission View: can create on DAG Run:train_weather_pred
[2025-07-21T12:23:19.260+0000] {logging_mixin.py:190} INFO - [2025-07-21T12:23:19.260+0000] {override.py:1912} INFO - Created Permission View: menu access on DAG Run:train_weather_pred
[2025-07-21T12:23:19.261+0000] {logging_mixin.py:190} INFO - [2025-07-21T12:23:19.260+0000] {dag.py:3239} INFO - Sync 1 DAGs
[2025-07-21T12:23:19.273+0000] {logging_mixin.py:190} INFO - [2025-07-21T12:23:19.272+0000] {dag.py:3262} INFO - Creating ORM DAG for train_weather_pred
[2025-07-21T12:23:19.280+0000] {logging_mixin.py:190} INFO - [2025-07-21T12:23:19.280+0000] {dag.py:4180} INFO - Setting next_dagrun for train_weather_pred to 2025-07-21 00:00:00+00:00, run_after=2025-07-22 00:00:00+00:00
[2025-07-21T12:23:19.297+0000] {processor.py:208} INFO - Processing /opt/airflow/dags/train_weather_pred.py took 6.852 seconds
[2025-07-21T12:23:50.507+0000] {processor.py:186} INFO - Started process (PID=296) to work on /opt/airflow/dags/train_weather_pred.py
[2025-07-21T12:23:50.508+0000] {processor.py:914} INFO - Processing file /opt/airflow/dags/train_weather_pred.py for tasks to queue
[2025-07-21T12:23:50.510+0000] {logging_mixin.py:190} INFO - [2025-07-21T12:23:50.510+0000] {dagbag.py:588} INFO - Filling up the DagBag from /opt/airflow/dags/train_weather_pred.py
[2025-07-21T12:23:54.309+0000] {processor.py:925} INFO - DAG(s) 'train_weather_pred' retrieved from /opt/airflow/dags/train_weather_pred.py
[2025-07-21T12:23:54.338+0000] {logging_mixin.py:190} INFO - [2025-07-21T12:23:54.337+0000] {dag.py:3239} INFO - Sync 1 DAGs
[2025-07-21T12:23:54.356+0000] {logging_mixin.py:190} INFO - [2025-07-21T12:23:54.355+0000] {dag.py:4180} INFO - Setting next_dagrun for train_weather_pred to 2025-07-21 00:00:00+00:00, run_after=2025-07-22 00:00:00+00:00
[2025-07-21T12:23:54.372+0000] {processor.py:208} INFO - Processing /opt/airflow/dags/train_weather_pred.py took 3.872 seconds
[2025-07-21T12:24:25.510+0000] {processor.py:186} INFO - Started process (PID=649) to work on /opt/airflow/dags/train_weather_pred.py
[2025-07-21T12:24:25.511+0000] {processor.py:914} INFO - Processing file /opt/airflow/dags/train_weather_pred.py for tasks to queue
[2025-07-21T12:24:25.518+0000] {logging_mixin.py:190} INFO - [2025-07-21T12:24:25.515+0000] {dagbag.py:588} INFO - Filling up the DagBag from /opt/airflow/dags/train_weather_pred.py
[2025-07-21T12:24:30.003+0000] {processor.py:925} INFO - DAG(s) 'train_weather_pred' retrieved from /opt/airflow/dags/train_weather_pred.py
[2025-07-21T12:24:30.030+0000] {logging_mixin.py:190} INFO - [2025-07-21T12:24:30.029+0000] {dag.py:3239} INFO - Sync 1 DAGs
[2025-07-21T12:24:30.052+0000] {logging_mixin.py:190} INFO - [2025-07-21T12:24:30.052+0000] {dag.py:4180} INFO - Setting next_dagrun for train_weather_pred to 2025-07-21 00:00:00+00:00, run_after=2025-07-22 00:00:00+00:00
[2025-07-21T12:24:30.069+0000] {processor.py:208} INFO - Processing /opt/airflow/dags/train_weather_pred.py took 4.567 seconds
[2025-07-21T12:25:01.702+0000] {processor.py:186} INFO - Started process (PID=2727) to work on /opt/airflow/dags/train_weather_pred.py
[2025-07-21T12:25:01.703+0000] {processor.py:914} INFO - Processing file /opt/airflow/dags/train_weather_pred.py for tasks to queue
[2025-07-21T12:25:01.706+0000] {logging_mixin.py:190} INFO - [2025-07-21T12:25:01.706+0000] {dagbag.py:588} INFO - Filling up the DagBag from /opt/airflow/dags/train_weather_pred.py
[2025-07-21T12:25:06.070+0000] {processor.py:925} INFO - DAG(s) 'train_weather_pred' retrieved from /opt/airflow/dags/train_weather_pred.py
[2025-07-21T12:25:06.099+0000] {logging_mixin.py:190} INFO - [2025-07-21T12:25:06.098+0000] {dag.py:3239} INFO - Sync 1 DAGs
[2025-07-21T12:25:06.122+0000] {logging_mixin.py:190} INFO - [2025-07-21T12:25:06.121+0000] {dag.py:4180} INFO - Setting next_dagrun for train_weather_pred to 2025-07-21 00:00:00+00:00, run_after=2025-07-22 00:00:00+00:00
[2025-07-21T12:25:06.141+0000] {processor.py:208} INFO - Processing /opt/airflow/dags/train_weather_pred.py took 4.446 seconds
[2025-07-21T12:25:37.936+0000] {processor.py:186} INFO - Started process (PID=2825) to work on /opt/airflow/dags/train_weather_pred.py
[2025-07-21T12:25:37.937+0000] {processor.py:914} INFO - Processing file /opt/airflow/dags/train_weather_pred.py for tasks to queue
[2025-07-21T12:25:37.939+0000] {logging_mixin.py:190} INFO - [2025-07-21T12:25:37.938+0000] {dagbag.py:588} INFO - Filling up the DagBag from /opt/airflow/dags/train_weather_pred.py
[2025-07-21T12:25:41.792+0000] {processor.py:925} INFO - DAG(s) 'train_weather_pred' retrieved from /opt/airflow/dags/train_weather_pred.py
[2025-07-21T12:25:41.819+0000] {logging_mixin.py:190} INFO - [2025-07-21T12:25:41.819+0000] {dag.py:3239} INFO - Sync 1 DAGs
[2025-07-21T12:25:41.841+0000] {logging_mixin.py:190} INFO - [2025-07-21T12:25:41.841+0000] {dag.py:4180} INFO - Setting next_dagrun for train_weather_pred to 2025-07-21 00:00:00+00:00, run_after=2025-07-22 00:00:00+00:00
[2025-07-21T12:25:41.857+0000] {processor.py:208} INFO - Processing /opt/airflow/dags/train_weather_pred.py took 3.928 seconds
[2025-07-21T12:26:13.467+0000] {processor.py:186} INFO - Started process (PID=2922) to work on /opt/airflow/dags/train_weather_pred.py
[2025-07-21T12:26:13.468+0000] {processor.py:914} INFO - Processing file /opt/airflow/dags/train_weather_pred.py for tasks to queue
[2025-07-21T12:26:13.471+0000] {logging_mixin.py:190} INFO - [2025-07-21T12:26:13.470+0000] {dagbag.py:588} INFO - Filling up the DagBag from /opt/airflow/dags/train_weather_pred.py
[2025-07-21T12:26:17.305+0000] {processor.py:925} INFO - DAG(s) 'train_weather_pred' retrieved from /opt/airflow/dags/train_weather_pred.py
[2025-07-21T12:26:17.330+0000] {logging_mixin.py:190} INFO - [2025-07-21T12:26:17.329+0000] {dag.py:3239} INFO - Sync 1 DAGs
[2025-07-21T12:26:17.351+0000] {logging_mixin.py:190} INFO - [2025-07-21T12:26:17.351+0000] {dag.py:4180} INFO - Setting next_dagrun for train_weather_pred to 2025-07-21 00:00:00+00:00, run_after=2025-07-22 00:00:00+00:00
[2025-07-21T12:26:17.367+0000] {processor.py:208} INFO - Processing /opt/airflow/dags/train_weather_pred.py took 3.907 seconds
[2025-07-21T12:26:48.951+0000] {processor.py:186} INFO - Started process (PID=3026) to work on /opt/airflow/dags/train_weather_pred.py
[2025-07-21T12:26:48.952+0000] {processor.py:914} INFO - Processing file /opt/airflow/dags/train_weather_pred.py for tasks to queue
[2025-07-21T12:26:48.954+0000] {logging_mixin.py:190} INFO - [2025-07-21T12:26:48.954+0000] {dagbag.py:588} INFO - Filling up the DagBag from /opt/airflow/dags/train_weather_pred.py
[2025-07-21T12:26:52.770+0000] {processor.py:925} INFO - DAG(s) 'train_weather_pred' retrieved from /opt/airflow/dags/train_weather_pred.py
[2025-07-21T12:26:52.795+0000] {logging_mixin.py:190} INFO - [2025-07-21T12:26:52.795+0000] {dag.py:3239} INFO - Sync 1 DAGs
[2025-07-21T12:26:52.814+0000] {logging_mixin.py:190} INFO - [2025-07-21T12:26:52.814+0000] {dag.py:4180} INFO - Setting next_dagrun for train_weather_pred to 2025-07-21 00:00:00+00:00, run_after=2025-07-22 00:00:00+00:00
[2025-07-21T12:26:52.832+0000] {processor.py:208} INFO - Processing /opt/airflow/dags/train_weather_pred.py took 3.887 seconds
[2025-07-21T12:27:23.967+0000] {processor.py:186} INFO - Started process (PID=3124) to work on /opt/airflow/dags/train_weather_pred.py
[2025-07-21T12:27:23.967+0000] {processor.py:914} INFO - Processing file /opt/airflow/dags/train_weather_pred.py for tasks to queue
[2025-07-21T12:27:23.969+0000] {logging_mixin.py:190} INFO - [2025-07-21T12:27:23.969+0000] {dagbag.py:588} INFO - Filling up the DagBag from /opt/airflow/dags/train_weather_pred.py
[2025-07-21T12:27:27.903+0000] {processor.py:925} INFO - DAG(s) 'train_weather_pred' retrieved from /opt/airflow/dags/train_weather_pred.py
[2025-07-21T12:27:27.928+0000] {logging_mixin.py:190} INFO - [2025-07-21T12:27:27.927+0000] {dag.py:3239} INFO - Sync 1 DAGs
[2025-07-21T12:27:27.947+0000] {logging_mixin.py:190} INFO - [2025-07-21T12:27:27.947+0000] {dag.py:4180} INFO - Setting next_dagrun for train_weather_pred to 2025-07-21 00:00:00+00:00, run_after=2025-07-22 00:00:00+00:00
[2025-07-21T12:27:27.964+0000] {processor.py:208} INFO - Processing /opt/airflow/dags/train_weather_pred.py took 4.003 seconds
[2025-07-21T12:27:59.759+0000] {processor.py:186} INFO - Started process (PID=3222) to work on /opt/airflow/dags/train_weather_pred.py
[2025-07-21T12:27:59.760+0000] {processor.py:914} INFO - Processing file /opt/airflow/dags/train_weather_pred.py for tasks to queue
[2025-07-21T12:27:59.763+0000] {logging_mixin.py:190} INFO - [2025-07-21T12:27:59.762+0000] {dagbag.py:588} INFO - Filling up the DagBag from /opt/airflow/dags/train_weather_pred.py
[2025-07-21T12:28:03.521+0000] {processor.py:925} INFO - DAG(s) 'train_weather_pred' retrieved from /opt/airflow/dags/train_weather_pred.py
[2025-07-21T12:28:03.549+0000] {logging_mixin.py:190} INFO - [2025-07-21T12:28:03.548+0000] {dag.py:3239} INFO - Sync 1 DAGs
[2025-07-21T12:28:03.569+0000] {logging_mixin.py:190} INFO - [2025-07-21T12:28:03.569+0000] {dag.py:4180} INFO - Setting next_dagrun for train_weather_pred to 2025-07-21 00:00:00+00:00, run_after=2025-07-22 00:00:00+00:00
[2025-07-21T12:28:03.586+0000] {processor.py:208} INFO - Processing /opt/airflow/dags/train_weather_pred.py took 3.833 seconds
[2025-07-21T12:28:35.395+0000] {processor.py:186} INFO - Started process (PID=3320) to work on /opt/airflow/dags/train_weather_pred.py
[2025-07-21T12:28:35.399+0000] {processor.py:914} INFO - Processing file /opt/airflow/dags/train_weather_pred.py for tasks to queue
[2025-07-21T12:28:35.404+0000] {logging_mixin.py:190} INFO - [2025-07-21T12:28:35.403+0000] {dagbag.py:588} INFO - Filling up the DagBag from /opt/airflow/dags/train_weather_pred.py
[2025-07-21T12:28:42.068+0000] {processor.py:925} INFO - DAG(s) 'train_weather_pred' retrieved from /opt/airflow/dags/train_weather_pred.py
[2025-07-21T12:28:42.101+0000] {logging_mixin.py:190} INFO - [2025-07-21T12:28:42.101+0000] {dag.py:3239} INFO - Sync 1 DAGs
[2025-07-21T12:28:42.128+0000] {logging_mixin.py:190} INFO - [2025-07-21T12:28:42.128+0000] {dag.py:4180} INFO - Setting next_dagrun for train_weather_pred to 2025-07-21 00:00:00+00:00, run_after=2025-07-22 00:00:00+00:00
[2025-07-21T12:28:42.152+0000] {processor.py:208} INFO - Processing /opt/airflow/dags/train_weather_pred.py took 6.771 seconds
[2025-07-21T12:29:14.210+0000] {processor.py:186} INFO - Started process (PID=3425) to work on /opt/airflow/dags/train_weather_pred.py
[2025-07-21T12:29:14.211+0000] {processor.py:914} INFO - Processing file /opt/airflow/dags/train_weather_pred.py for tasks to queue
[2025-07-21T12:29:14.214+0000] {logging_mixin.py:190} INFO - [2025-07-21T12:29:14.214+0000] {dagbag.py:588} INFO - Filling up the DagBag from /opt/airflow/dags/train_weather_pred.py
[2025-07-21T12:29:18.577+0000] {processor.py:925} INFO - DAG(s) 'train_weather_pred' retrieved from /opt/airflow/dags/train_weather_pred.py
[2025-07-21T12:29:18.603+0000] {logging_mixin.py:190} INFO - [2025-07-21T12:29:18.603+0000] {dag.py:3239} INFO - Sync 1 DAGs
[2025-07-21T12:29:18.624+0000] {logging_mixin.py:190} INFO - [2025-07-21T12:29:18.623+0000] {dag.py:4180} INFO - Setting next_dagrun for train_weather_pred to 2025-07-21 00:00:00+00:00, run_after=2025-07-22 00:00:00+00:00
[2025-07-21T12:29:18.641+0000] {processor.py:208} INFO - Processing /opt/airflow/dags/train_weather_pred.py took 4.438 seconds
[2025-07-21T12:29:49.813+0000] {processor.py:186} INFO - Started process (PID=3523) to work on /opt/airflow/dags/train_weather_pred.py
[2025-07-21T12:29:49.815+0000] {processor.py:914} INFO - Processing file /opt/airflow/dags/train_weather_pred.py for tasks to queue
[2025-07-21T12:29:49.819+0000] {logging_mixin.py:190} INFO - [2025-07-21T12:29:49.819+0000] {dagbag.py:588} INFO - Filling up the DagBag from /opt/airflow/dags/train_weather_pred.py
[2025-07-21T12:29:54.036+0000] {processor.py:925} INFO - DAG(s) 'train_weather_pred' retrieved from /opt/airflow/dags/train_weather_pred.py
[2025-07-21T12:29:54.061+0000] {logging_mixin.py:190} INFO - [2025-07-21T12:29:54.061+0000] {dag.py:3239} INFO - Sync 1 DAGs
[2025-07-21T12:29:54.082+0000] {logging_mixin.py:190} INFO - [2025-07-21T12:29:54.082+0000] {dag.py:4180} INFO - Setting next_dagrun for train_weather_pred to 2025-07-21 00:00:00+00:00, run_after=2025-07-22 00:00:00+00:00
[2025-07-21T12:29:54.098+0000] {processor.py:208} INFO - Processing /opt/airflow/dags/train_weather_pred.py took 4.295 seconds
[2025-07-21T12:30:25.891+0000] {processor.py:186} INFO - Started process (PID=3621) to work on /opt/airflow/dags/train_weather_pred.py
[2025-07-21T12:30:25.893+0000] {processor.py:914} INFO - Processing file /opt/airflow/dags/train_weather_pred.py for tasks to queue
[2025-07-21T12:30:25.899+0000] {logging_mixin.py:190} INFO - [2025-07-21T12:30:25.898+0000] {dagbag.py:588} INFO - Filling up the DagBag from /opt/airflow/dags/train_weather_pred.py
[2025-07-21T12:30:31.619+0000] {processor.py:925} INFO - DAG(s) 'train_weather_pred' retrieved from /opt/airflow/dags/train_weather_pred.py
[2025-07-21T12:30:31.643+0000] {logging_mixin.py:190} INFO - [2025-07-21T12:30:31.642+0000] {dag.py:3239} INFO - Sync 1 DAGs
[2025-07-21T12:30:31.665+0000] {logging_mixin.py:190} INFO - [2025-07-21T12:30:31.664+0000] {dag.py:4180} INFO - Setting next_dagrun for train_weather_pred to 2025-07-21 00:00:00+00:00, run_after=2025-07-22 00:00:00+00:00
[2025-07-21T12:30:31.683+0000] {processor.py:208} INFO - Processing /opt/airflow/dags/train_weather_pred.py took 5.805 seconds
[2025-07-21T12:31:02.974+0000] {processor.py:186} INFO - Started process (PID=3719) to work on /opt/airflow/dags/train_weather_pred.py
[2025-07-21T12:31:02.975+0000] {processor.py:914} INFO - Processing file /opt/airflow/dags/train_weather_pred.py for tasks to queue
[2025-07-21T12:31:02.978+0000] {logging_mixin.py:190} INFO - [2025-07-21T12:31:02.978+0000] {dagbag.py:588} INFO - Filling up the DagBag from /opt/airflow/dags/train_weather_pred.py
[2025-07-21T12:31:07.174+0000] {processor.py:925} INFO - DAG(s) 'train_weather_pred' retrieved from /opt/airflow/dags/train_weather_pred.py
[2025-07-21T12:31:07.197+0000] {logging_mixin.py:190} INFO - [2025-07-21T12:31:07.196+0000] {dag.py:3239} INFO - Sync 1 DAGs
[2025-07-21T12:31:07.215+0000] {logging_mixin.py:190} INFO - [2025-07-21T12:31:07.215+0000] {dag.py:4180} INFO - Setting next_dagrun for train_weather_pred to 2025-07-21 00:00:00+00:00, run_after=2025-07-22 00:00:00+00:00
[2025-07-21T12:31:07.229+0000] {processor.py:208} INFO - Processing /opt/airflow/dags/train_weather_pred.py took 4.262 seconds
[2025-07-21T12:31:39.024+0000] {processor.py:186} INFO - Started process (PID=3817) to work on /opt/airflow/dags/train_weather_pred.py
[2025-07-21T12:31:39.025+0000] {processor.py:914} INFO - Processing file /opt/airflow/dags/train_weather_pred.py for tasks to queue
[2025-07-21T12:31:39.027+0000] {logging_mixin.py:190} INFO - [2025-07-21T12:31:39.027+0000] {dagbag.py:588} INFO - Filling up the DagBag from /opt/airflow/dags/train_weather_pred.py
[2025-07-21T12:31:42.949+0000] {processor.py:925} INFO - DAG(s) 'train_weather_pred' retrieved from /opt/airflow/dags/train_weather_pred.py
[2025-07-21T12:31:42.974+0000] {logging_mixin.py:190} INFO - [2025-07-21T12:31:42.974+0000] {dag.py:3239} INFO - Sync 1 DAGs
[2025-07-21T12:31:42.997+0000] {logging_mixin.py:190} INFO - [2025-07-21T12:31:42.997+0000] {dag.py:4180} INFO - Setting next_dagrun for train_weather_pred to 2025-07-21 00:00:00+00:00, run_after=2025-07-22 00:00:00+00:00
[2025-07-21T12:31:43.014+0000] {processor.py:208} INFO - Processing /opt/airflow/dags/train_weather_pred.py took 3.998 seconds
[2025-07-21T12:32:14.119+0000] {processor.py:186} INFO - Started process (PID=3915) to work on /opt/airflow/dags/train_weather_pred.py
[2025-07-21T12:32:14.120+0000] {processor.py:914} INFO - Processing file /opt/airflow/dags/train_weather_pred.py for tasks to queue
[2025-07-21T12:32:14.123+0000] {logging_mixin.py:190} INFO - [2025-07-21T12:32:14.122+0000] {dagbag.py:588} INFO - Filling up the DagBag from /opt/airflow/dags/train_weather_pred.py
[2025-07-21T12:32:18.467+0000] {processor.py:925} INFO - DAG(s) 'train_weather_pred' retrieved from /opt/airflow/dags/train_weather_pred.py
[2025-07-21T12:32:18.494+0000] {logging_mixin.py:190} INFO - [2025-07-21T12:32:18.493+0000] {dag.py:3239} INFO - Sync 1 DAGs
[2025-07-21T12:32:18.518+0000] {logging_mixin.py:190} INFO - [2025-07-21T12:32:18.518+0000] {dag.py:4180} INFO - Setting next_dagrun for train_weather_pred to 2025-07-21 00:00:00+00:00, run_after=2025-07-22 00:00:00+00:00
[2025-07-21T12:32:18.537+0000] {processor.py:208} INFO - Processing /opt/airflow/dags/train_weather_pred.py took 4.425 seconds
[2025-07-21T12:32:50.284+0000] {processor.py:186} INFO - Started process (PID=4019) to work on /opt/airflow/dags/train_weather_pred.py
[2025-07-21T12:32:50.285+0000] {processor.py:914} INFO - Processing file /opt/airflow/dags/train_weather_pred.py for tasks to queue
[2025-07-21T12:32:50.287+0000] {logging_mixin.py:190} INFO - [2025-07-21T12:32:50.287+0000] {dagbag.py:588} INFO - Filling up the DagBag from /opt/airflow/dags/train_weather_pred.py
[2025-07-21T12:32:54.222+0000] {processor.py:925} INFO - DAG(s) 'train_weather_pred' retrieved from /opt/airflow/dags/train_weather_pred.py
[2025-07-21T12:32:54.251+0000] {logging_mixin.py:190} INFO - [2025-07-21T12:32:54.250+0000] {dag.py:3239} INFO - Sync 1 DAGs
[2025-07-21T12:32:54.274+0000] {logging_mixin.py:190} INFO - [2025-07-21T12:32:54.274+0000] {dag.py:4180} INFO - Setting next_dagrun for train_weather_pred to 2025-07-21 00:00:00+00:00, run_after=2025-07-22 00:00:00+00:00
[2025-07-21T12:32:54.292+0000] {processor.py:208} INFO - Processing /opt/airflow/dags/train_weather_pred.py took 4.015 seconds
[2025-07-21T12:33:25.872+0000] {processor.py:186} INFO - Started process (PID=4117) to work on /opt/airflow/dags/train_weather_pred.py
[2025-07-21T12:33:25.874+0000] {processor.py:914} INFO - Processing file /opt/airflow/dags/train_weather_pred.py for tasks to queue
[2025-07-21T12:33:25.876+0000] {logging_mixin.py:190} INFO - [2025-07-21T12:33:25.876+0000] {dagbag.py:588} INFO - Filling up the DagBag from /opt/airflow/dags/train_weather_pred.py
[2025-07-21T12:33:30.067+0000] {processor.py:925} INFO - DAG(s) 'train_weather_pred' retrieved from /opt/airflow/dags/train_weather_pred.py
[2025-07-21T12:33:30.096+0000] {logging_mixin.py:190} INFO - [2025-07-21T12:33:30.095+0000] {dag.py:3239} INFO - Sync 1 DAGs
[2025-07-21T12:33:30.125+0000] {logging_mixin.py:190} INFO - [2025-07-21T12:33:30.125+0000] {dag.py:4180} INFO - Setting next_dagrun for train_weather_pred to 2025-07-21 00:00:00+00:00, run_after=2025-07-22 00:00:00+00:00
[2025-07-21T12:33:30.147+0000] {processor.py:208} INFO - Processing /opt/airflow/dags/train_weather_pred.py took 4.281 seconds
[2025-07-21T12:34:01.669+0000] {processor.py:186} INFO - Started process (PID=4215) to work on /opt/airflow/dags/train_weather_pred.py
[2025-07-21T12:34:01.670+0000] {processor.py:914} INFO - Processing file /opt/airflow/dags/train_weather_pred.py for tasks to queue
[2025-07-21T12:34:01.674+0000] {logging_mixin.py:190} INFO - [2025-07-21T12:34:01.674+0000] {dagbag.py:588} INFO - Filling up the DagBag from /opt/airflow/dags/train_weather_pred.py
[2025-07-21T12:34:05.594+0000] {processor.py:925} INFO - DAG(s) 'train_weather_pred' retrieved from /opt/airflow/dags/train_weather_pred.py
[2025-07-21T12:34:05.622+0000] {logging_mixin.py:190} INFO - [2025-07-21T12:34:05.622+0000] {dag.py:3239} INFO - Sync 1 DAGs
[2025-07-21T12:34:05.646+0000] {logging_mixin.py:190} INFO - [2025-07-21T12:34:05.645+0000] {dag.py:4180} INFO - Setting next_dagrun for train_weather_pred to 2025-07-21 00:00:00+00:00, run_after=2025-07-22 00:00:00+00:00
[2025-07-21T12:34:05.662+0000] {processor.py:208} INFO - Processing /opt/airflow/dags/train_weather_pred.py took 4.001 seconds
[2025-07-21T12:34:36.778+0000] {processor.py:186} INFO - Started process (PID=4313) to work on /opt/airflow/dags/train_weather_pred.py
[2025-07-21T12:34:36.779+0000] {processor.py:914} INFO - Processing file /opt/airflow/dags/train_weather_pred.py for tasks to queue
[2025-07-21T12:34:36.782+0000] {logging_mixin.py:190} INFO - [2025-07-21T12:34:36.781+0000] {dagbag.py:588} INFO - Filling up the DagBag from /opt/airflow/dags/train_weather_pred.py
[2025-07-21T12:34:40.936+0000] {processor.py:925} INFO - DAG(s) 'train_weather_pred' retrieved from /opt/airflow/dags/train_weather_pred.py
[2025-07-21T12:34:40.961+0000] {logging_mixin.py:190} INFO - [2025-07-21T12:34:40.961+0000] {dag.py:3239} INFO - Sync 1 DAGs
[2025-07-21T12:34:40.980+0000] {logging_mixin.py:190} INFO - [2025-07-21T12:34:40.980+0000] {dag.py:4180} INFO - Setting next_dagrun for train_weather_pred to 2025-07-21 00:00:00+00:00, run_after=2025-07-22 00:00:00+00:00
[2025-07-21T12:34:40.997+0000] {processor.py:208} INFO - Processing /opt/airflow/dags/train_weather_pred.py took 4.226 seconds
[2025-07-21T12:35:12.888+0000] {processor.py:186} INFO - Started process (PID=4411) to work on /opt/airflow/dags/train_weather_pred.py
[2025-07-21T12:35:12.889+0000] {processor.py:914} INFO - Processing file /opt/airflow/dags/train_weather_pred.py for tasks to queue
[2025-07-21T12:35:12.892+0000] {logging_mixin.py:190} INFO - [2025-07-21T12:35:12.891+0000] {dagbag.py:588} INFO - Filling up the DagBag from /opt/airflow/dags/train_weather_pred.py
[2025-07-21T12:35:16.682+0000] {processor.py:925} INFO - DAG(s) 'train_weather_pred' retrieved from /opt/airflow/dags/train_weather_pred.py
[2025-07-21T12:35:16.707+0000] {logging_mixin.py:190} INFO - [2025-07-21T12:35:16.707+0000] {dag.py:3239} INFO - Sync 1 DAGs
[2025-07-21T12:35:16.728+0000] {logging_mixin.py:190} INFO - [2025-07-21T12:35:16.728+0000] {dag.py:4180} INFO - Setting next_dagrun for train_weather_pred to 2025-07-21 00:00:00+00:00, run_after=2025-07-22 00:00:00+00:00
[2025-07-21T12:35:16.746+0000] {processor.py:208} INFO - Processing /opt/airflow/dags/train_weather_pred.py took 3.865 seconds
[2025-07-21T12:35:48.582+0000] {processor.py:186} INFO - Started process (PID=4515) to work on /opt/airflow/dags/train_weather_pred.py
[2025-07-21T12:35:48.583+0000] {processor.py:914} INFO - Processing file /opt/airflow/dags/train_weather_pred.py for tasks to queue
[2025-07-21T12:35:48.585+0000] {logging_mixin.py:190} INFO - [2025-07-21T12:35:48.585+0000] {dagbag.py:588} INFO - Filling up the DagBag from /opt/airflow/dags/train_weather_pred.py
[2025-07-21T12:35:52.609+0000] {processor.py:925} INFO - DAG(s) 'train_weather_pred' retrieved from /opt/airflow/dags/train_weather_pred.py
[2025-07-21T12:35:52.631+0000] {logging_mixin.py:190} INFO - [2025-07-21T12:35:52.631+0000] {dag.py:3239} INFO - Sync 1 DAGs
[2025-07-21T12:35:52.653+0000] {logging_mixin.py:190} INFO - [2025-07-21T12:35:52.653+0000] {dag.py:4180} INFO - Setting next_dagrun for train_weather_pred to 2025-07-21 00:00:00+00:00, run_after=2025-07-22 00:00:00+00:00
[2025-07-21T12:35:52.671+0000] {processor.py:208} INFO - Processing /opt/airflow/dags/train_weather_pred.py took 4.094 seconds
[2025-07-21T12:36:24.587+0000] {processor.py:186} INFO - Started process (PID=4613) to work on /opt/airflow/dags/train_weather_pred.py
[2025-07-21T12:36:24.588+0000] {processor.py:914} INFO - Processing file /opt/airflow/dags/train_weather_pred.py for tasks to queue
[2025-07-21T12:36:24.592+0000] {logging_mixin.py:190} INFO - [2025-07-21T12:36:24.591+0000] {dagbag.py:588} INFO - Filling up the DagBag from /opt/airflow/dags/train_weather_pred.py
[2025-07-21T12:36:28.912+0000] {processor.py:925} INFO - DAG(s) 'train_weather_pred' retrieved from /opt/airflow/dags/train_weather_pred.py
[2025-07-21T12:36:28.935+0000] {logging_mixin.py:190} INFO - [2025-07-21T12:36:28.934+0000] {dag.py:3239} INFO - Sync 1 DAGs
[2025-07-21T12:36:28.954+0000] {logging_mixin.py:190} INFO - [2025-07-21T12:36:28.954+0000] {dag.py:4180} INFO - Setting next_dagrun for train_weather_pred to 2025-07-21 00:00:00+00:00, run_after=2025-07-22 00:00:00+00:00
[2025-07-21T12:36:28.971+0000] {processor.py:208} INFO - Processing /opt/airflow/dags/train_weather_pred.py took 4.394 seconds
[2025-07-21T12:37:00.636+0000] {processor.py:186} INFO - Started process (PID=4711) to work on /opt/airflow/dags/train_weather_pred.py
[2025-07-21T12:37:00.637+0000] {processor.py:914} INFO - Processing file /opt/airflow/dags/train_weather_pred.py for tasks to queue
[2025-07-21T12:37:00.641+0000] {logging_mixin.py:190} INFO - [2025-07-21T12:37:00.640+0000] {dagbag.py:588} INFO - Filling up the DagBag from /opt/airflow/dags/train_weather_pred.py
[2025-07-21T12:37:05.968+0000] {processor.py:925} INFO - DAG(s) 'train_weather_pred' retrieved from /opt/airflow/dags/train_weather_pred.py
[2025-07-21T12:37:05.999+0000] {logging_mixin.py:190} INFO - [2025-07-21T12:37:05.998+0000] {dag.py:3239} INFO - Sync 1 DAGs
[2025-07-21T12:37:06.025+0000] {logging_mixin.py:190} INFO - [2025-07-21T12:37:06.025+0000] {dag.py:4180} INFO - Setting next_dagrun for train_weather_pred to 2025-07-21 00:00:00+00:00, run_after=2025-07-22 00:00:00+00:00
[2025-07-21T12:37:06.046+0000] {processor.py:208} INFO - Processing /opt/airflow/dags/train_weather_pred.py took 5.418 seconds
[2025-07-21T12:37:37.139+0000] {processor.py:186} INFO - Started process (PID=4809) to work on /opt/airflow/dags/train_weather_pred.py
[2025-07-21T12:37:37.140+0000] {processor.py:914} INFO - Processing file /opt/airflow/dags/train_weather_pred.py for tasks to queue
[2025-07-21T12:37:37.143+0000] {logging_mixin.py:190} INFO - [2025-07-21T12:37:37.142+0000] {dagbag.py:588} INFO - Filling up the DagBag from /opt/airflow/dags/train_weather_pred.py
[2025-07-21T12:37:42.715+0000] {processor.py:925} INFO - DAG(s) 'train_weather_pred' retrieved from /opt/airflow/dags/train_weather_pred.py
[2025-07-21T12:37:42.762+0000] {logging_mixin.py:190} INFO - [2025-07-21T12:37:42.761+0000] {dag.py:3239} INFO - Sync 1 DAGs
[2025-07-21T12:37:42.797+0000] {logging_mixin.py:190} INFO - [2025-07-21T12:37:42.796+0000] {dag.py:4180} INFO - Setting next_dagrun for train_weather_pred to 2025-07-21 00:00:00+00:00, run_after=2025-07-22 00:00:00+00:00
[2025-07-21T12:37:42.823+0000] {processor.py:208} INFO - Processing /opt/airflow/dags/train_weather_pred.py took 5.691 seconds
[2025-07-21T12:38:14.263+0000] {processor.py:186} INFO - Started process (PID=4907) to work on /opt/airflow/dags/train_weather_pred.py
[2025-07-21T12:38:14.264+0000] {processor.py:914} INFO - Processing file /opt/airflow/dags/train_weather_pred.py for tasks to queue
[2025-07-21T12:38:14.266+0000] {logging_mixin.py:190} INFO - [2025-07-21T12:38:14.265+0000] {dagbag.py:588} INFO - Filling up the DagBag from /opt/airflow/dags/train_weather_pred.py
[2025-07-21T12:38:18.206+0000] {processor.py:925} INFO - DAG(s) 'train_weather_pred' retrieved from /opt/airflow/dags/train_weather_pred.py
[2025-07-21T12:38:18.230+0000] {logging_mixin.py:190} INFO - [2025-07-21T12:38:18.230+0000] {dag.py:3239} INFO - Sync 1 DAGs
[2025-07-21T12:38:18.250+0000] {logging_mixin.py:190} INFO - [2025-07-21T12:38:18.249+0000] {dag.py:4180} INFO - Setting next_dagrun for train_weather_pred to 2025-07-21 00:00:00+00:00, run_after=2025-07-22 00:00:00+00:00
[2025-07-21T12:38:18.266+0000] {processor.py:208} INFO - Processing /opt/airflow/dags/train_weather_pred.py took 4.008 seconds
[2025-07-21T12:38:49.545+0000] {processor.py:186} INFO - Started process (PID=5011) to work on /opt/airflow/dags/train_weather_pred.py
[2025-07-21T12:38:49.547+0000] {processor.py:914} INFO - Processing file /opt/airflow/dags/train_weather_pred.py for tasks to queue
[2025-07-21T12:38:49.550+0000] {logging_mixin.py:190} INFO - [2025-07-21T12:38:49.549+0000] {dagbag.py:588} INFO - Filling up the DagBag from /opt/airflow/dags/train_weather_pred.py
[2025-07-21T12:38:54.479+0000] {processor.py:925} INFO - DAG(s) 'train_weather_pred' retrieved from /opt/airflow/dags/train_weather_pred.py
[2025-07-21T12:38:54.512+0000] {logging_mixin.py:190} INFO - [2025-07-21T12:38:54.511+0000] {dag.py:3239} INFO - Sync 1 DAGs
[2025-07-21T12:38:54.537+0000] {logging_mixin.py:190} INFO - [2025-07-21T12:38:54.537+0000] {dag.py:4180} INFO - Setting next_dagrun for train_weather_pred to 2025-07-21 00:00:00+00:00, run_after=2025-07-22 00:00:00+00:00
[2025-07-21T12:38:54.691+0000] {processor.py:208} INFO - Processing /opt/airflow/dags/train_weather_pred.py took 5.153 seconds
[2025-07-21T12:39:26.371+0000] {processor.py:186} INFO - Started process (PID=5109) to work on /opt/airflow/dags/train_weather_pred.py
[2025-07-21T12:39:26.372+0000] {processor.py:914} INFO - Processing file /opt/airflow/dags/train_weather_pred.py for tasks to queue
[2025-07-21T12:39:26.375+0000] {logging_mixin.py:190} INFO - [2025-07-21T12:39:26.375+0000] {dagbag.py:588} INFO - Filling up the DagBag from /opt/airflow/dags/train_weather_pred.py
[2025-07-21T12:39:30.838+0000] {processor.py:925} INFO - DAG(s) 'train_weather_pred' retrieved from /opt/airflow/dags/train_weather_pred.py
[2025-07-21T12:39:30.862+0000] {logging_mixin.py:190} INFO - [2025-07-21T12:39:30.862+0000] {dag.py:3239} INFO - Sync 1 DAGs
[2025-07-21T12:39:30.883+0000] {logging_mixin.py:190} INFO - [2025-07-21T12:39:30.883+0000] {dag.py:4180} INFO - Setting next_dagrun for train_weather_pred to 2025-07-21 00:00:00+00:00, run_after=2025-07-22 00:00:00+00:00
[2025-07-21T12:39:30.898+0000] {processor.py:208} INFO - Processing /opt/airflow/dags/train_weather_pred.py took 4.536 seconds
[2025-07-21T12:40:02.916+0000] {processor.py:186} INFO - Started process (PID=5207) to work on /opt/airflow/dags/train_weather_pred.py
[2025-07-21T12:40:02.917+0000] {processor.py:914} INFO - Processing file /opt/airflow/dags/train_weather_pred.py for tasks to queue
[2025-07-21T12:40:02.920+0000] {logging_mixin.py:190} INFO - [2025-07-21T12:40:02.920+0000] {dagbag.py:588} INFO - Filling up the DagBag from /opt/airflow/dags/train_weather_pred.py
[2025-07-21T12:40:06.988+0000] {processor.py:925} INFO - DAG(s) 'train_weather_pred' retrieved from /opt/airflow/dags/train_weather_pred.py
[2025-07-21T12:40:07.013+0000] {logging_mixin.py:190} INFO - [2025-07-21T12:40:07.012+0000] {dag.py:3239} INFO - Sync 1 DAGs
[2025-07-21T12:40:07.032+0000] {logging_mixin.py:190} INFO - [2025-07-21T12:40:07.032+0000] {dag.py:4180} INFO - Setting next_dagrun for train_weather_pred to 2025-07-21 00:00:00+00:00, run_after=2025-07-22 00:00:00+00:00
[2025-07-21T12:40:07.048+0000] {processor.py:208} INFO - Processing /opt/airflow/dags/train_weather_pred.py took 4.139 seconds
[2025-07-21T12:40:38.312+0000] {processor.py:186} INFO - Started process (PID=5305) to work on /opt/airflow/dags/train_weather_pred.py
[2025-07-21T12:40:38.314+0000] {processor.py:914} INFO - Processing file /opt/airflow/dags/train_weather_pred.py for tasks to queue
[2025-07-21T12:40:38.317+0000] {logging_mixin.py:190} INFO - [2025-07-21T12:40:38.316+0000] {dagbag.py:588} INFO - Filling up the DagBag from /opt/airflow/dags/train_weather_pred.py
[2025-07-21T12:40:43.430+0000] {processor.py:925} INFO - DAG(s) 'train_weather_pred' retrieved from /opt/airflow/dags/train_weather_pred.py
[2025-07-21T12:40:43.459+0000] {logging_mixin.py:190} INFO - [2025-07-21T12:40:43.458+0000] {dag.py:3239} INFO - Sync 1 DAGs
[2025-07-21T12:40:43.486+0000] {logging_mixin.py:190} INFO - [2025-07-21T12:40:43.486+0000] {dag.py:4180} INFO - Setting next_dagrun for train_weather_pred to 2025-07-21 00:00:00+00:00, run_after=2025-07-22 00:00:00+00:00
[2025-07-21T12:40:43.508+0000] {processor.py:208} INFO - Processing /opt/airflow/dags/train_weather_pred.py took 5.203 seconds
[2025-07-21T12:41:14.563+0000] {processor.py:186} INFO - Started process (PID=5403) to work on /opt/airflow/dags/train_weather_pred.py
[2025-07-21T12:41:14.564+0000] {processor.py:914} INFO - Processing file /opt/airflow/dags/train_weather_pred.py for tasks to queue
[2025-07-21T12:41:14.567+0000] {logging_mixin.py:190} INFO - [2025-07-21T12:41:14.566+0000] {dagbag.py:588} INFO - Filling up the DagBag from /opt/airflow/dags/train_weather_pred.py
[2025-07-21T12:41:20.534+0000] {processor.py:925} INFO - DAG(s) 'train_weather_pred' retrieved from /opt/airflow/dags/train_weather_pred.py
[2025-07-21T12:41:20.575+0000] {logging_mixin.py:190} INFO - [2025-07-21T12:41:20.574+0000] {dag.py:3239} INFO - Sync 1 DAGs
[2025-07-21T12:41:20.610+0000] {logging_mixin.py:190} INFO - [2025-07-21T12:41:20.610+0000] {dag.py:4180} INFO - Setting next_dagrun for train_weather_pred to 2025-07-21 00:00:00+00:00, run_after=2025-07-22 00:00:00+00:00
[2025-07-21T12:41:20.642+0000] {processor.py:208} INFO - Processing /opt/airflow/dags/train_weather_pred.py took 6.086 seconds
[2025-07-21T12:41:52.108+0000] {processor.py:186} INFO - Started process (PID=5507) to work on /opt/airflow/dags/train_weather_pred.py
[2025-07-21T12:41:52.109+0000] {processor.py:914} INFO - Processing file /opt/airflow/dags/train_weather_pred.py for tasks to queue
[2025-07-21T12:41:52.112+0000] {logging_mixin.py:190} INFO - [2025-07-21T12:41:52.112+0000] {dagbag.py:588} INFO - Filling up the DagBag from /opt/airflow/dags/train_weather_pred.py
[2025-07-21T12:41:57.021+0000] {processor.py:925} INFO - DAG(s) 'train_weather_pred' retrieved from /opt/airflow/dags/train_weather_pred.py
[2025-07-21T12:41:57.048+0000] {logging_mixin.py:190} INFO - [2025-07-21T12:41:57.048+0000] {dag.py:3239} INFO - Sync 1 DAGs
[2025-07-21T12:41:57.072+0000] {logging_mixin.py:190} INFO - [2025-07-21T12:41:57.072+0000] {dag.py:4180} INFO - Setting next_dagrun for train_weather_pred to 2025-07-21 00:00:00+00:00, run_after=2025-07-22 00:00:00+00:00
[2025-07-21T12:41:57.091+0000] {processor.py:208} INFO - Processing /opt/airflow/dags/train_weather_pred.py took 4.992 seconds
[2025-07-21T12:42:28.519+0000] {processor.py:186} INFO - Started process (PID=5605) to work on /opt/airflow/dags/train_weather_pred.py
[2025-07-21T12:42:28.520+0000] {processor.py:914} INFO - Processing file /opt/airflow/dags/train_weather_pred.py for tasks to queue
[2025-07-21T12:42:28.523+0000] {logging_mixin.py:190} INFO - [2025-07-21T12:42:28.522+0000] {dagbag.py:588} INFO - Filling up the DagBag from /opt/airflow/dags/train_weather_pred.py
[2025-07-21T12:42:35.092+0000] {processor.py:925} INFO - DAG(s) 'train_weather_pred' retrieved from /opt/airflow/dags/train_weather_pred.py
[2025-07-21T12:42:35.153+0000] {logging_mixin.py:190} INFO - [2025-07-21T12:42:35.152+0000] {dag.py:3239} INFO - Sync 1 DAGs
[2025-07-21T12:42:35.208+0000] {logging_mixin.py:190} INFO - [2025-07-21T12:42:35.208+0000] {dag.py:4180} INFO - Setting next_dagrun for train_weather_pred to 2025-07-21 00:00:00+00:00, run_after=2025-07-22 00:00:00+00:00
[2025-07-21T12:42:35.242+0000] {processor.py:208} INFO - Processing /opt/airflow/dags/train_weather_pred.py took 6.730 seconds
[2025-07-21T12:43:06.947+0000] {processor.py:186} INFO - Started process (PID=5703) to work on /opt/airflow/dags/train_weather_pred.py
[2025-07-21T12:43:06.949+0000] {processor.py:914} INFO - Processing file /opt/airflow/dags/train_weather_pred.py for tasks to queue
[2025-07-21T12:43:06.953+0000] {logging_mixin.py:190} INFO - [2025-07-21T12:43:06.953+0000] {dagbag.py:588} INFO - Filling up the DagBag from /opt/airflow/dags/train_weather_pred.py
[2025-07-21T12:43:12.884+0000] {processor.py:925} INFO - DAG(s) 'train_weather_pred' retrieved from /opt/airflow/dags/train_weather_pred.py
[2025-07-21T12:43:12.916+0000] {logging_mixin.py:190} INFO - [2025-07-21T12:43:12.915+0000] {dag.py:3239} INFO - Sync 1 DAGs
[2025-07-21T12:43:12.943+0000] {logging_mixin.py:190} INFO - [2025-07-21T12:43:12.942+0000] {dag.py:4180} INFO - Setting next_dagrun for train_weather_pred to 2025-07-21 00:00:00+00:00, run_after=2025-07-22 00:00:00+00:00
[2025-07-21T12:43:12.964+0000] {processor.py:208} INFO - Processing /opt/airflow/dags/train_weather_pred.py took 6.029 seconds
[2025-07-21T12:43:44.144+0000] {processor.py:186} INFO - Started process (PID=5801) to work on /opt/airflow/dags/train_weather_pred.py
[2025-07-21T12:43:44.145+0000] {processor.py:914} INFO - Processing file /opt/airflow/dags/train_weather_pred.py for tasks to queue
[2025-07-21T12:43:44.147+0000] {logging_mixin.py:190} INFO - [2025-07-21T12:43:44.147+0000] {dagbag.py:588} INFO - Filling up the DagBag from /opt/airflow/dags/train_weather_pred.py
[2025-07-21T12:43:49.207+0000] {processor.py:925} INFO - DAG(s) 'train_weather_pred' retrieved from /opt/airflow/dags/train_weather_pred.py
[2025-07-21T12:43:49.255+0000] {logging_mixin.py:190} INFO - [2025-07-21T12:43:49.254+0000] {dag.py:3239} INFO - Sync 1 DAGs
[2025-07-21T12:43:49.290+0000] {logging_mixin.py:190} INFO - [2025-07-21T12:43:49.290+0000] {dag.py:4180} INFO - Setting next_dagrun for train_weather_pred to 2025-07-21 00:00:00+00:00, run_after=2025-07-22 00:00:00+00:00
[2025-07-21T12:43:49.478+0000] {processor.py:208} INFO - Processing /opt/airflow/dags/train_weather_pred.py took 5.340 seconds
[2025-07-21T12:44:20.691+0000] {processor.py:186} INFO - Started process (PID=5906) to work on /opt/airflow/dags/train_weather_pred.py
[2025-07-21T12:44:20.692+0000] {processor.py:914} INFO - Processing file /opt/airflow/dags/train_weather_pred.py for tasks to queue
[2025-07-21T12:44:20.694+0000] {logging_mixin.py:190} INFO - [2025-07-21T12:44:20.694+0000] {dagbag.py:588} INFO - Filling up the DagBag from /opt/airflow/dags/train_weather_pred.py
[2025-07-21T12:44:25.247+0000] {processor.py:925} INFO - DAG(s) 'train_weather_pred' retrieved from /opt/airflow/dags/train_weather_pred.py
[2025-07-21T12:44:25.280+0000] {logging_mixin.py:190} INFO - [2025-07-21T12:44:25.280+0000] {dag.py:3239} INFO - Sync 1 DAGs
[2025-07-21T12:44:25.311+0000] {logging_mixin.py:190} INFO - [2025-07-21T12:44:25.311+0000] {dag.py:4180} INFO - Setting next_dagrun for train_weather_pred to 2025-07-21 00:00:00+00:00, run_after=2025-07-22 00:00:00+00:00
[2025-07-21T12:44:25.335+0000] {processor.py:208} INFO - Processing /opt/airflow/dags/train_weather_pred.py took 4.651 seconds
[2025-07-21T12:44:57.196+0000] {processor.py:186} INFO - Started process (PID=6004) to work on /opt/airflow/dags/train_weather_pred.py
[2025-07-21T12:44:57.197+0000] {processor.py:914} INFO - Processing file /opt/airflow/dags/train_weather_pred.py for tasks to queue
[2025-07-21T12:44:57.199+0000] {logging_mixin.py:190} INFO - [2025-07-21T12:44:57.198+0000] {dagbag.py:588} INFO - Filling up the DagBag from /opt/airflow/dags/train_weather_pred.py
[2025-07-21T12:45:01.215+0000] {processor.py:925} INFO - DAG(s) 'train_weather_pred' retrieved from /opt/airflow/dags/train_weather_pred.py
[2025-07-21T12:45:01.240+0000] {logging_mixin.py:190} INFO - [2025-07-21T12:45:01.240+0000] {dag.py:3239} INFO - Sync 1 DAGs
[2025-07-21T12:45:01.260+0000] {logging_mixin.py:190} INFO - [2025-07-21T12:45:01.260+0000] {dag.py:4180} INFO - Setting next_dagrun for train_weather_pred to 2025-07-21 00:00:00+00:00, run_after=2025-07-22 00:00:00+00:00
[2025-07-21T12:45:01.276+0000] {processor.py:208} INFO - Processing /opt/airflow/dags/train_weather_pred.py took 4.086 seconds
[2025-07-21T12:45:32.363+0000] {processor.py:186} INFO - Started process (PID=6102) to work on /opt/airflow/dags/train_weather_pred.py
[2025-07-21T12:45:32.364+0000] {processor.py:914} INFO - Processing file /opt/airflow/dags/train_weather_pred.py for tasks to queue
[2025-07-21T12:45:32.366+0000] {logging_mixin.py:190} INFO - [2025-07-21T12:45:32.365+0000] {dagbag.py:588} INFO - Filling up the DagBag from /opt/airflow/dags/train_weather_pred.py
[2025-07-21T12:45:37.015+0000] {processor.py:925} INFO - DAG(s) 'train_weather_pred' retrieved from /opt/airflow/dags/train_weather_pred.py
[2025-07-21T12:45:37.043+0000] {logging_mixin.py:190} INFO - [2025-07-21T12:45:37.042+0000] {dag.py:3239} INFO - Sync 1 DAGs
[2025-07-21T12:45:37.064+0000] {logging_mixin.py:190} INFO - [2025-07-21T12:45:37.064+0000] {dag.py:4180} INFO - Setting next_dagrun for train_weather_pred to 2025-07-21 00:00:00+00:00, run_after=2025-07-22 00:00:00+00:00
[2025-07-21T12:45:37.083+0000] {processor.py:208} INFO - Processing /opt/airflow/dags/train_weather_pred.py took 4.726 seconds
[2025-07-21T12:46:08.733+0000] {processor.py:186} INFO - Started process (PID=6200) to work on /opt/airflow/dags/train_weather_pred.py
[2025-07-21T12:46:08.734+0000] {processor.py:914} INFO - Processing file /opt/airflow/dags/train_weather_pred.py for tasks to queue
[2025-07-21T12:46:08.737+0000] {logging_mixin.py:190} INFO - [2025-07-21T12:46:08.736+0000] {dagbag.py:588} INFO - Filling up the DagBag from /opt/airflow/dags/train_weather_pred.py
[2025-07-21T12:46:13.125+0000] {processor.py:925} INFO - DAG(s) 'train_weather_pred' retrieved from /opt/airflow/dags/train_weather_pred.py
[2025-07-21T12:46:13.157+0000] {logging_mixin.py:190} INFO - [2025-07-21T12:46:13.157+0000] {dag.py:3239} INFO - Sync 1 DAGs
[2025-07-21T12:46:13.184+0000] {logging_mixin.py:190} INFO - [2025-07-21T12:46:13.184+0000] {dag.py:4180} INFO - Setting next_dagrun for train_weather_pred to 2025-07-21 00:00:00+00:00, run_after=2025-07-22 00:00:00+00:00
[2025-07-21T12:46:13.206+0000] {processor.py:208} INFO - Processing /opt/airflow/dags/train_weather_pred.py took 4.480 seconds
[2025-07-21T12:46:44.725+0000] {processor.py:186} INFO - Started process (PID=6298) to work on /opt/airflow/dags/train_weather_pred.py
[2025-07-21T12:46:44.726+0000] {processor.py:914} INFO - Processing file /opt/airflow/dags/train_weather_pred.py for tasks to queue
[2025-07-21T12:46:44.728+0000] {logging_mixin.py:190} INFO - [2025-07-21T12:46:44.728+0000] {dagbag.py:588} INFO - Filling up the DagBag from /opt/airflow/dags/train_weather_pred.py
[2025-07-21T12:46:49.103+0000] {processor.py:925} INFO - DAG(s) 'train_weather_pred' retrieved from /opt/airflow/dags/train_weather_pred.py
[2025-07-21T12:46:49.128+0000] {logging_mixin.py:190} INFO - [2025-07-21T12:46:49.127+0000] {dag.py:3239} INFO - Sync 1 DAGs
[2025-07-21T12:46:49.150+0000] {logging_mixin.py:190} INFO - [2025-07-21T12:46:49.150+0000] {dag.py:4180} INFO - Setting next_dagrun for train_weather_pred to 2025-07-21 00:00:00+00:00, run_after=2025-07-22 00:00:00+00:00
[2025-07-21T12:46:49.166+0000] {processor.py:208} INFO - Processing /opt/airflow/dags/train_weather_pred.py took 4.447 seconds
[2025-07-21T12:47:20.300+0000] {processor.py:186} INFO - Started process (PID=6399) to work on /opt/airflow/dags/train_weather_pred.py
[2025-07-21T12:47:20.302+0000] {processor.py:914} INFO - Processing file /opt/airflow/dags/train_weather_pred.py for tasks to queue
[2025-07-21T12:47:20.309+0000] {logging_mixin.py:190} INFO - [2025-07-21T12:47:20.308+0000] {dagbag.py:588} INFO - Filling up the DagBag from /opt/airflow/dags/train_weather_pred.py
[2025-07-21T12:47:25.338+0000] {processor.py:925} INFO - DAG(s) 'train_weather_pred' retrieved from /opt/airflow/dags/train_weather_pred.py
[2025-07-21T12:47:25.374+0000] {logging_mixin.py:190} INFO - [2025-07-21T12:47:25.373+0000] {dag.py:3239} INFO - Sync 1 DAGs
[2025-07-21T12:47:25.408+0000] {logging_mixin.py:190} INFO - [2025-07-21T12:47:25.408+0000] {dag.py:4180} INFO - Setting next_dagrun for train_weather_pred to 2025-07-21 00:00:00+00:00, run_after=2025-07-22 00:00:00+00:00
[2025-07-21T12:47:25.439+0000] {processor.py:208} INFO - Processing /opt/airflow/dags/train_weather_pred.py took 5.152 seconds
[2025-07-21T12:47:57.248+0000] {processor.py:186} INFO - Started process (PID=6500) to work on /opt/airflow/dags/train_weather_pred.py
[2025-07-21T12:47:57.250+0000] {processor.py:914} INFO - Processing file /opt/airflow/dags/train_weather_pred.py for tasks to queue
[2025-07-21T12:47:57.255+0000] {logging_mixin.py:190} INFO - [2025-07-21T12:47:57.254+0000] {dagbag.py:588} INFO - Filling up the DagBag from /opt/airflow/dags/train_weather_pred.py
[2025-07-21T12:48:01.903+0000] {processor.py:925} INFO - DAG(s) 'train_weather_pred' retrieved from /opt/airflow/dags/train_weather_pred.py
[2025-07-21T12:48:01.934+0000] {logging_mixin.py:190} INFO - [2025-07-21T12:48:01.933+0000] {dag.py:3239} INFO - Sync 1 DAGs
[2025-07-21T12:48:01.960+0000] {logging_mixin.py:190} INFO - [2025-07-21T12:48:01.959+0000] {dag.py:4180} INFO - Setting next_dagrun for train_weather_pred to 2025-07-21 00:00:00+00:00, run_after=2025-07-22 00:00:00+00:00
[2025-07-21T12:48:01.981+0000] {processor.py:208} INFO - Processing /opt/airflow/dags/train_weather_pred.py took 4.745 seconds
[2025-07-21T12:48:33.627+0000] {processor.py:186} INFO - Started process (PID=6598) to work on /opt/airflow/dags/train_weather_pred.py
[2025-07-21T12:48:33.629+0000] {processor.py:914} INFO - Processing file /opt/airflow/dags/train_weather_pred.py for tasks to queue
[2025-07-21T12:48:33.631+0000] {logging_mixin.py:190} INFO - [2025-07-21T12:48:33.631+0000] {dagbag.py:588} INFO - Filling up the DagBag from /opt/airflow/dags/train_weather_pred.py
[2025-07-21T12:48:39.241+0000] {processor.py:925} INFO - DAG(s) 'train_weather_pred' retrieved from /opt/airflow/dags/train_weather_pred.py
[2025-07-21T12:48:39.273+0000] {logging_mixin.py:190} INFO - [2025-07-21T12:48:39.272+0000] {dag.py:3239} INFO - Sync 1 DAGs
[2025-07-21T12:48:39.300+0000] {logging_mixin.py:190} INFO - [2025-07-21T12:48:39.300+0000] {dag.py:4180} INFO - Setting next_dagrun for train_weather_pred to 2025-07-21 00:00:00+00:00, run_after=2025-07-22 00:00:00+00:00
[2025-07-21T12:48:39.323+0000] {processor.py:208} INFO - Processing /opt/airflow/dags/train_weather_pred.py took 5.703 seconds
[2025-07-21T12:49:10.672+0000] {processor.py:186} INFO - Started process (PID=6696) to work on /opt/airflow/dags/train_weather_pred.py
[2025-07-21T12:49:10.673+0000] {processor.py:914} INFO - Processing file /opt/airflow/dags/train_weather_pred.py for tasks to queue
[2025-07-21T12:49:10.676+0000] {logging_mixin.py:190} INFO - [2025-07-21T12:49:10.675+0000] {dagbag.py:588} INFO - Filling up the DagBag from /opt/airflow/dags/train_weather_pred.py
[2025-07-21T12:49:15.042+0000] {processor.py:925} INFO - DAG(s) 'train_weather_pred' retrieved from /opt/airflow/dags/train_weather_pred.py
[2025-07-21T12:49:15.063+0000] {logging_mixin.py:190} INFO - [2025-07-21T12:49:15.062+0000] {dag.py:3239} INFO - Sync 1 DAGs
[2025-07-21T12:49:15.082+0000] {logging_mixin.py:190} INFO - [2025-07-21T12:49:15.082+0000] {dag.py:4180} INFO - Setting next_dagrun for train_weather_pred to 2025-07-21 00:00:00+00:00, run_after=2025-07-22 00:00:00+00:00
[2025-07-21T12:49:15.097+0000] {processor.py:208} INFO - Processing /opt/airflow/dags/train_weather_pred.py took 4.434 seconds
[2025-07-21T12:49:46.715+0000] {processor.py:186} INFO - Started process (PID=6794) to work on /opt/airflow/dags/train_weather_pred.py
[2025-07-21T12:49:46.716+0000] {processor.py:914} INFO - Processing file /opt/airflow/dags/train_weather_pred.py for tasks to queue
[2025-07-21T12:49:46.720+0000] {logging_mixin.py:190} INFO - [2025-07-21T12:49:46.719+0000] {dagbag.py:588} INFO - Filling up the DagBag from /opt/airflow/dags/train_weather_pred.py
[2025-07-21T12:49:51.021+0000] {processor.py:925} INFO - DAG(s) 'train_weather_pred' retrieved from /opt/airflow/dags/train_weather_pred.py
[2025-07-21T12:49:51.047+0000] {logging_mixin.py:190} INFO - [2025-07-21T12:49:51.047+0000] {dag.py:3239} INFO - Sync 1 DAGs
[2025-07-21T12:49:51.070+0000] {logging_mixin.py:190} INFO - [2025-07-21T12:49:51.069+0000] {dag.py:4180} INFO - Setting next_dagrun for train_weather_pred to 2025-07-21 00:00:00+00:00, run_after=2025-07-22 00:00:00+00:00
[2025-07-21T12:49:51.086+0000] {processor.py:208} INFO - Processing /opt/airflow/dags/train_weather_pred.py took 4.380 seconds
[2025-07-21T12:50:22.131+0000] {processor.py:186} INFO - Started process (PID=6898) to work on /opt/airflow/dags/train_weather_pred.py
[2025-07-21T12:50:22.132+0000] {processor.py:914} INFO - Processing file /opt/airflow/dags/train_weather_pred.py for tasks to queue
[2025-07-21T12:50:22.134+0000] {logging_mixin.py:190} INFO - [2025-07-21T12:50:22.133+0000] {dagbag.py:588} INFO - Filling up the DagBag from /opt/airflow/dags/train_weather_pred.py
[2025-07-21T12:50:27.017+0000] {processor.py:925} INFO - DAG(s) 'train_weather_pred' retrieved from /opt/airflow/dags/train_weather_pred.py
[2025-07-21T12:50:27.044+0000] {logging_mixin.py:190} INFO - [2025-07-21T12:50:27.043+0000] {dag.py:3239} INFO - Sync 1 DAGs
[2025-07-21T12:50:27.063+0000] {logging_mixin.py:190} INFO - [2025-07-21T12:50:27.063+0000] {dag.py:4180} INFO - Setting next_dagrun for train_weather_pred to 2025-07-21 00:00:00+00:00, run_after=2025-07-22 00:00:00+00:00
[2025-07-21T12:50:27.082+0000] {processor.py:208} INFO - Processing /opt/airflow/dags/train_weather_pred.py took 4.957 seconds
[2025-07-21T12:50:58.776+0000] {processor.py:186} INFO - Started process (PID=6996) to work on /opt/airflow/dags/train_weather_pred.py
[2025-07-21T12:50:58.777+0000] {processor.py:914} INFO - Processing file /opt/airflow/dags/train_weather_pred.py for tasks to queue
[2025-07-21T12:50:58.779+0000] {logging_mixin.py:190} INFO - [2025-07-21T12:50:58.779+0000] {dagbag.py:588} INFO - Filling up the DagBag from /opt/airflow/dags/train_weather_pred.py
[2025-07-21T12:51:03.340+0000] {processor.py:925} INFO - DAG(s) 'train_weather_pred' retrieved from /opt/airflow/dags/train_weather_pred.py
[2025-07-21T12:51:03.368+0000] {logging_mixin.py:190} INFO - [2025-07-21T12:51:03.368+0000] {dag.py:3239} INFO - Sync 1 DAGs
[2025-07-21T12:51:03.391+0000] {logging_mixin.py:190} INFO - [2025-07-21T12:51:03.391+0000] {dag.py:4180} INFO - Setting next_dagrun for train_weather_pred to 2025-07-21 00:00:00+00:00, run_after=2025-07-22 00:00:00+00:00
[2025-07-21T12:51:03.411+0000] {processor.py:208} INFO - Processing /opt/airflow/dags/train_weather_pred.py took 4.640 seconds
[2025-07-21T12:51:34.490+0000] {processor.py:186} INFO - Started process (PID=7094) to work on /opt/airflow/dags/train_weather_pred.py
[2025-07-21T12:51:34.492+0000] {processor.py:914} INFO - Processing file /opt/airflow/dags/train_weather_pred.py for tasks to queue
[2025-07-21T12:51:34.497+0000] {logging_mixin.py:190} INFO - [2025-07-21T12:51:34.496+0000] {dagbag.py:588} INFO - Filling up the DagBag from /opt/airflow/dags/train_weather_pred.py
[2025-07-21T12:51:43.185+0000] {processor.py:925} INFO - DAG(s) 'train_weather_pred' retrieved from /opt/airflow/dags/train_weather_pred.py
[2025-07-21T12:51:43.224+0000] {logging_mixin.py:190} INFO - [2025-07-21T12:51:43.223+0000] {dag.py:3239} INFO - Sync 1 DAGs
[2025-07-21T12:51:43.266+0000] {logging_mixin.py:190} INFO - [2025-07-21T12:51:43.265+0000] {dag.py:4180} INFO - Setting next_dagrun for train_weather_pred to 2025-07-21 00:00:00+00:00, run_after=2025-07-22 00:00:00+00:00
[2025-07-21T12:51:43.298+0000] {processor.py:208} INFO - Processing /opt/airflow/dags/train_weather_pred.py took 8.824 seconds
[2025-07-21T12:52:14.543+0000] {processor.py:186} INFO - Started process (PID=7192) to work on /opt/airflow/dags/train_weather_pred.py
[2025-07-21T12:52:14.545+0000] {processor.py:914} INFO - Processing file /opt/airflow/dags/train_weather_pred.py for tasks to queue
[2025-07-21T12:52:14.547+0000] {logging_mixin.py:190} INFO - [2025-07-21T12:52:14.547+0000] {dagbag.py:588} INFO - Filling up the DagBag from /opt/airflow/dags/train_weather_pred.py
[2025-07-21T12:52:19.443+0000] {processor.py:925} INFO - DAG(s) 'train_weather_pred' retrieved from /opt/airflow/dags/train_weather_pred.py
[2025-07-21T12:52:19.468+0000] {logging_mixin.py:190} INFO - [2025-07-21T12:52:19.467+0000] {dag.py:3239} INFO - Sync 1 DAGs
[2025-07-21T12:52:19.491+0000] {logging_mixin.py:190} INFO - [2025-07-21T12:52:19.491+0000] {dag.py:4180} INFO - Setting next_dagrun for train_weather_pred to 2025-07-21 00:00:00+00:00, run_after=2025-07-22 00:00:00+00:00
[2025-07-21T12:52:19.510+0000] {processor.py:208} INFO - Processing /opt/airflow/dags/train_weather_pred.py took 4.973 seconds
[2025-07-21T12:52:50.719+0000] {processor.py:186} INFO - Started process (PID=7296) to work on /opt/airflow/dags/train_weather_pred.py
[2025-07-21T12:52:50.720+0000] {processor.py:914} INFO - Processing file /opt/airflow/dags/train_weather_pred.py for tasks to queue
[2025-07-21T12:52:50.723+0000] {logging_mixin.py:190} INFO - [2025-07-21T12:52:50.722+0000] {dagbag.py:588} INFO - Filling up the DagBag from /opt/airflow/dags/train_weather_pred.py
[2025-07-21T12:52:55.185+0000] {processor.py:925} INFO - DAG(s) 'train_weather_pred' retrieved from /opt/airflow/dags/train_weather_pred.py
[2025-07-21T12:52:55.214+0000] {logging_mixin.py:190} INFO - [2025-07-21T12:52:55.213+0000] {dag.py:3239} INFO - Sync 1 DAGs
[2025-07-21T12:52:55.238+0000] {logging_mixin.py:190} INFO - [2025-07-21T12:52:55.238+0000] {dag.py:4180} INFO - Setting next_dagrun for train_weather_pred to 2025-07-21 00:00:00+00:00, run_after=2025-07-22 00:00:00+00:00
[2025-07-21T12:52:55.256+0000] {processor.py:208} INFO - Processing /opt/airflow/dags/train_weather_pred.py took 4.545 seconds
[2025-07-21T12:53:27.078+0000] {processor.py:186} INFO - Started process (PID=7394) to work on /opt/airflow/dags/train_weather_pred.py
[2025-07-21T12:53:27.079+0000] {processor.py:914} INFO - Processing file /opt/airflow/dags/train_weather_pred.py for tasks to queue
[2025-07-21T12:53:27.082+0000] {logging_mixin.py:190} INFO - [2025-07-21T12:53:27.081+0000] {dagbag.py:588} INFO - Filling up the DagBag from /opt/airflow/dags/train_weather_pred.py
[2025-07-21T12:53:32.144+0000] {processor.py:925} INFO - DAG(s) 'train_weather_pred' retrieved from /opt/airflow/dags/train_weather_pred.py
[2025-07-21T12:53:32.174+0000] {logging_mixin.py:190} INFO - [2025-07-21T12:53:32.173+0000] {dag.py:3239} INFO - Sync 1 DAGs
[2025-07-21T12:53:32.197+0000] {logging_mixin.py:190} INFO - [2025-07-21T12:53:32.197+0000] {dag.py:4180} INFO - Setting next_dagrun for train_weather_pred to 2025-07-21 00:00:00+00:00, run_after=2025-07-22 00:00:00+00:00
[2025-07-21T12:53:32.219+0000] {processor.py:208} INFO - Processing /opt/airflow/dags/train_weather_pred.py took 5.148 seconds
[2025-07-21T12:54:03.943+0000] {processor.py:186} INFO - Started process (PID=7492) to work on /opt/airflow/dags/train_weather_pred.py
[2025-07-21T12:54:03.944+0000] {processor.py:914} INFO - Processing file /opt/airflow/dags/train_weather_pred.py for tasks to queue
[2025-07-21T12:54:03.946+0000] {logging_mixin.py:190} INFO - [2025-07-21T12:54:03.946+0000] {dagbag.py:588} INFO - Filling up the DagBag from /opt/airflow/dags/train_weather_pred.py
[2025-07-21T12:54:09.657+0000] {processor.py:925} INFO - DAG(s) 'train_weather_pred' retrieved from /opt/airflow/dags/train_weather_pred.py
[2025-07-21T12:54:09.697+0000] {logging_mixin.py:190} INFO - [2025-07-21T12:54:09.696+0000] {dag.py:3239} INFO - Sync 1 DAGs
[2025-07-21T12:54:09.736+0000] {logging_mixin.py:190} INFO - [2025-07-21T12:54:09.736+0000] {dag.py:4180} INFO - Setting next_dagrun for train_weather_pred to 2025-07-21 00:00:00+00:00, run_after=2025-07-22 00:00:00+00:00
[2025-07-21T12:54:09.767+0000] {processor.py:208} INFO - Processing /opt/airflow/dags/train_weather_pred.py took 5.832 seconds
[2025-07-21T12:54:40.928+0000] {processor.py:186} INFO - Started process (PID=7590) to work on /opt/airflow/dags/train_weather_pred.py
[2025-07-21T12:54:40.929+0000] {processor.py:914} INFO - Processing file /opt/airflow/dags/train_weather_pred.py for tasks to queue
[2025-07-21T12:54:40.932+0000] {logging_mixin.py:190} INFO - [2025-07-21T12:54:40.932+0000] {dagbag.py:588} INFO - Filling up the DagBag from /opt/airflow/dags/train_weather_pred.py
[2025-07-21T12:54:47.228+0000] {processor.py:925} INFO - DAG(s) 'train_weather_pred' retrieved from /opt/airflow/dags/train_weather_pred.py
[2025-07-21T12:54:47.257+0000] {logging_mixin.py:190} INFO - [2025-07-21T12:54:47.257+0000] {dag.py:3239} INFO - Sync 1 DAGs
[2025-07-21T12:54:47.285+0000] {logging_mixin.py:190} INFO - [2025-07-21T12:54:47.285+0000] {dag.py:4180} INFO - Setting next_dagrun for train_weather_pred to 2025-07-21 00:00:00+00:00, run_after=2025-07-22 00:00:00+00:00
[2025-07-21T12:54:47.309+0000] {processor.py:208} INFO - Processing /opt/airflow/dags/train_weather_pred.py took 6.391 seconds
[2025-07-21T12:55:18.429+0000] {processor.py:186} INFO - Started process (PID=7694) to work on /opt/airflow/dags/train_weather_pred.py
[2025-07-21T12:55:18.454+0000] {processor.py:914} INFO - Processing file /opt/airflow/dags/train_weather_pred.py for tasks to queue
[2025-07-21T12:55:18.457+0000] {logging_mixin.py:190} INFO - [2025-07-21T12:55:18.457+0000] {dagbag.py:588} INFO - Filling up the DagBag from /opt/airflow/dags/train_weather_pred.py
[2025-07-21T12:55:23.293+0000] {processor.py:925} INFO - DAG(s) 'train_weather_pred' retrieved from /opt/airflow/dags/train_weather_pred.py
[2025-07-21T12:55:23.317+0000] {logging_mixin.py:190} INFO - [2025-07-21T12:55:23.316+0000] {dag.py:3239} INFO - Sync 1 DAGs
[2025-07-21T12:55:23.337+0000] {logging_mixin.py:190} INFO - [2025-07-21T12:55:23.337+0000] {dag.py:4180} INFO - Setting next_dagrun for train_weather_pred to 2025-07-21 00:00:00+00:00, run_after=2025-07-22 00:00:00+00:00
[2025-07-21T12:55:24.006+0000] {processor.py:208} INFO - Processing /opt/airflow/dags/train_weather_pred.py took 5.584 seconds
[2025-07-21T12:55:54.770+0000] {processor.py:186} INFO - Started process (PID=7792) to work on /opt/airflow/dags/train_weather_pred.py
[2025-07-21T12:55:54.771+0000] {processor.py:914} INFO - Processing file /opt/airflow/dags/train_weather_pred.py for tasks to queue
[2025-07-21T12:55:54.775+0000] {logging_mixin.py:190} INFO - [2025-07-21T12:55:54.775+0000] {dagbag.py:588} INFO - Filling up the DagBag from /opt/airflow/dags/train_weather_pred.py
[2025-07-21T12:56:00.271+0000] {processor.py:925} INFO - DAG(s) 'train_weather_pred' retrieved from /opt/airflow/dags/train_weather_pred.py
[2025-07-21T12:56:00.299+0000] {logging_mixin.py:190} INFO - [2025-07-21T12:56:00.299+0000] {dag.py:3239} INFO - Sync 1 DAGs
[2025-07-21T12:56:00.324+0000] {logging_mixin.py:190} INFO - [2025-07-21T12:56:00.323+0000] {dag.py:4180} INFO - Setting next_dagrun for train_weather_pred to 2025-07-21 00:00:00+00:00, run_after=2025-07-22 00:00:00+00:00
[2025-07-21T12:56:00.342+0000] {processor.py:208} INFO - Processing /opt/airflow/dags/train_weather_pred.py took 5.585 seconds
[2025-07-21T12:56:31.776+0000] {processor.py:186} INFO - Started process (PID=7890) to work on /opt/airflow/dags/train_weather_pred.py
[2025-07-21T12:56:31.777+0000] {processor.py:914} INFO - Processing file /opt/airflow/dags/train_weather_pred.py for tasks to queue
[2025-07-21T12:56:31.779+0000] {logging_mixin.py:190} INFO - [2025-07-21T12:56:31.779+0000] {dagbag.py:588} INFO - Filling up the DagBag from /opt/airflow/dags/train_weather_pred.py
[2025-07-21T12:56:36.146+0000] {processor.py:925} INFO - DAG(s) 'train_weather_pred' retrieved from /opt/airflow/dags/train_weather_pred.py
[2025-07-21T12:56:36.169+0000] {logging_mixin.py:190} INFO - [2025-07-21T12:56:36.168+0000] {dag.py:3239} INFO - Sync 1 DAGs
[2025-07-21T12:56:36.189+0000] {logging_mixin.py:190} INFO - [2025-07-21T12:56:36.189+0000] {dag.py:4180} INFO - Setting next_dagrun for train_weather_pred to 2025-07-21 00:00:00+00:00, run_after=2025-07-22 00:00:00+00:00
[2025-07-21T12:56:36.204+0000] {processor.py:208} INFO - Processing /opt/airflow/dags/train_weather_pred.py took 4.434 seconds
[2025-07-21T12:57:08.081+0000] {processor.py:186} INFO - Started process (PID=7988) to work on /opt/airflow/dags/train_weather_pred.py
[2025-07-21T12:57:08.082+0000] {processor.py:914} INFO - Processing file /opt/airflow/dags/train_weather_pred.py for tasks to queue
[2025-07-21T12:57:08.084+0000] {logging_mixin.py:190} INFO - [2025-07-21T12:57:08.084+0000] {dagbag.py:588} INFO - Filling up the DagBag from /opt/airflow/dags/train_weather_pred.py
[2025-07-21T12:57:12.209+0000] {processor.py:925} INFO - DAG(s) 'train_weather_pred' retrieved from /opt/airflow/dags/train_weather_pred.py
[2025-07-21T12:57:12.240+0000] {logging_mixin.py:190} INFO - [2025-07-21T12:57:12.240+0000] {dag.py:3239} INFO - Sync 1 DAGs
[2025-07-21T12:57:12.268+0000] {logging_mixin.py:190} INFO - [2025-07-21T12:57:12.268+0000] {dag.py:4180} INFO - Setting next_dagrun for train_weather_pred to 2025-07-21 00:00:00+00:00, run_after=2025-07-22 00:00:00+00:00
[2025-07-21T12:57:12.292+0000] {processor.py:208} INFO - Processing /opt/airflow/dags/train_weather_pred.py took 4.217 seconds
[2025-07-21T12:57:44.109+0000] {processor.py:186} INFO - Started process (PID=8086) to work on /opt/airflow/dags/train_weather_pred.py
[2025-07-21T12:57:44.110+0000] {processor.py:914} INFO - Processing file /opt/airflow/dags/train_weather_pred.py for tasks to queue
[2025-07-21T12:57:44.112+0000] {logging_mixin.py:190} INFO - [2025-07-21T12:57:44.112+0000] {dagbag.py:588} INFO - Filling up the DagBag from /opt/airflow/dags/train_weather_pred.py
[2025-07-21T12:57:48.658+0000] {processor.py:925} INFO - DAG(s) 'train_weather_pred' retrieved from /opt/airflow/dags/train_weather_pred.py
[2025-07-21T12:57:48.689+0000] {logging_mixin.py:190} INFO - [2025-07-21T12:57:48.688+0000] {dag.py:3239} INFO - Sync 1 DAGs
[2025-07-21T12:57:48.722+0000] {logging_mixin.py:190} INFO - [2025-07-21T12:57:48.721+0000] {dag.py:4180} INFO - Setting next_dagrun for train_weather_pred to 2025-07-21 00:00:00+00:00, run_after=2025-07-22 00:00:00+00:00
[2025-07-21T12:57:48.744+0000] {processor.py:208} INFO - Processing /opt/airflow/dags/train_weather_pred.py took 4.643 seconds
[2025-07-21T12:58:20.375+0000] {processor.py:186} INFO - Started process (PID=8190) to work on /opt/airflow/dags/train_weather_pred.py
[2025-07-21T12:58:20.376+0000] {processor.py:914} INFO - Processing file /opt/airflow/dags/train_weather_pred.py for tasks to queue
[2025-07-21T12:58:20.378+0000] {logging_mixin.py:190} INFO - [2025-07-21T12:58:20.378+0000] {dagbag.py:588} INFO - Filling up the DagBag from /opt/airflow/dags/train_weather_pred.py
[2025-07-21T12:58:24.034+0000] {processor.py:925} INFO - DAG(s) 'train_weather_pred' retrieved from /opt/airflow/dags/train_weather_pred.py
[2025-07-21T12:58:24.058+0000] {logging_mixin.py:190} INFO - [2025-07-21T12:58:24.057+0000] {dag.py:3239} INFO - Sync 1 DAGs
[2025-07-21T12:58:24.076+0000] {logging_mixin.py:190} INFO - [2025-07-21T12:58:24.075+0000] {dag.py:4180} INFO - Setting next_dagrun for train_weather_pred to 2025-07-21 00:00:00+00:00, run_after=2025-07-22 00:00:00+00:00
[2025-07-21T12:58:24.091+0000] {processor.py:208} INFO - Processing /opt/airflow/dags/train_weather_pred.py took 3.722 seconds
[2025-07-21T12:58:55.532+0000] {processor.py:186} INFO - Started process (PID=8288) to work on /opt/airflow/dags/train_weather_pred.py
[2025-07-21T12:58:55.533+0000] {processor.py:914} INFO - Processing file /opt/airflow/dags/train_weather_pred.py for tasks to queue
[2025-07-21T12:58:55.535+0000] {logging_mixin.py:190} INFO - [2025-07-21T12:58:55.535+0000] {dagbag.py:588} INFO - Filling up the DagBag from /opt/airflow/dags/train_weather_pred.py
[2025-07-21T12:58:59.097+0000] {processor.py:925} INFO - DAG(s) 'train_weather_pred' retrieved from /opt/airflow/dags/train_weather_pred.py
[2025-07-21T12:58:59.119+0000] {logging_mixin.py:190} INFO - [2025-07-21T12:58:59.119+0000] {dag.py:3239} INFO - Sync 1 DAGs
[2025-07-21T12:58:59.137+0000] {logging_mixin.py:190} INFO - [2025-07-21T12:58:59.137+0000] {dag.py:4180} INFO - Setting next_dagrun for train_weather_pred to 2025-07-21 00:00:00+00:00, run_after=2025-07-22 00:00:00+00:00
[2025-07-21T12:58:59.152+0000] {processor.py:208} INFO - Processing /opt/airflow/dags/train_weather_pred.py took 3.625 seconds
[2025-07-21T12:59:30.793+0000] {processor.py:186} INFO - Started process (PID=8386) to work on /opt/airflow/dags/train_weather_pred.py
[2025-07-21T12:59:30.794+0000] {processor.py:914} INFO - Processing file /opt/airflow/dags/train_weather_pred.py for tasks to queue
[2025-07-21T12:59:30.796+0000] {logging_mixin.py:190} INFO - [2025-07-21T12:59:30.796+0000] {dagbag.py:588} INFO - Filling up the DagBag from /opt/airflow/dags/train_weather_pred.py
[2025-07-21T12:59:34.320+0000] {processor.py:925} INFO - DAG(s) 'train_weather_pred' retrieved from /opt/airflow/dags/train_weather_pred.py
[2025-07-21T12:59:34.340+0000] {logging_mixin.py:190} INFO - [2025-07-21T12:59:34.340+0000] {dag.py:3239} INFO - Sync 1 DAGs
[2025-07-21T12:59:34.359+0000] {logging_mixin.py:190} INFO - [2025-07-21T12:59:34.359+0000] {dag.py:4180} INFO - Setting next_dagrun for train_weather_pred to 2025-07-21 00:00:00+00:00, run_after=2025-07-22 00:00:00+00:00
[2025-07-21T12:59:34.374+0000] {processor.py:208} INFO - Processing /opt/airflow/dags/train_weather_pred.py took 3.589 seconds
[2025-07-21T13:00:06.145+0000] {processor.py:186} INFO - Started process (PID=8484) to work on /opt/airflow/dags/train_weather_pred.py
[2025-07-21T13:00:06.146+0000] {processor.py:914} INFO - Processing file /opt/airflow/dags/train_weather_pred.py for tasks to queue
[2025-07-21T13:00:06.148+0000] {logging_mixin.py:190} INFO - [2025-07-21T13:00:06.148+0000] {dagbag.py:588} INFO - Filling up the DagBag from /opt/airflow/dags/train_weather_pred.py
[2025-07-21T13:00:09.648+0000] {processor.py:925} INFO - DAG(s) 'train_weather_pred' retrieved from /opt/airflow/dags/train_weather_pred.py
[2025-07-21T13:00:09.671+0000] {logging_mixin.py:190} INFO - [2025-07-21T13:00:09.671+0000] {dag.py:3239} INFO - Sync 1 DAGs
[2025-07-21T13:00:09.689+0000] {logging_mixin.py:190} INFO - [2025-07-21T13:00:09.689+0000] {dag.py:4180} INFO - Setting next_dagrun for train_weather_pred to 2025-07-21 00:00:00+00:00, run_after=2025-07-22 00:00:00+00:00
[2025-07-21T13:00:09.703+0000] {processor.py:208} INFO - Processing /opt/airflow/dags/train_weather_pred.py took 3.564 seconds
[2025-07-21T13:00:40.752+0000] {processor.py:186} INFO - Started process (PID=8582) to work on /opt/airflow/dags/train_weather_pred.py
[2025-07-21T13:00:40.753+0000] {processor.py:914} INFO - Processing file /opt/airflow/dags/train_weather_pred.py for tasks to queue
[2025-07-21T13:00:40.756+0000] {logging_mixin.py:190} INFO - [2025-07-21T13:00:40.755+0000] {dagbag.py:588} INFO - Filling up the DagBag from /opt/airflow/dags/train_weather_pred.py
[2025-07-21T13:00:44.207+0000] {processor.py:925} INFO - DAG(s) 'train_weather_pred' retrieved from /opt/airflow/dags/train_weather_pred.py
[2025-07-21T13:00:44.230+0000] {logging_mixin.py:190} INFO - [2025-07-21T13:00:44.229+0000] {dag.py:3239} INFO - Sync 1 DAGs
[2025-07-21T13:00:44.249+0000] {logging_mixin.py:190} INFO - [2025-07-21T13:00:44.249+0000] {dag.py:4180} INFO - Setting next_dagrun for train_weather_pred to 2025-07-21 00:00:00+00:00, run_after=2025-07-22 00:00:00+00:00
[2025-07-21T13:00:44.264+0000] {processor.py:208} INFO - Processing /opt/airflow/dags/train_weather_pred.py took 3.518 seconds
[2025-07-21T13:01:15.803+0000] {processor.py:186} INFO - Started process (PID=8680) to work on /opt/airflow/dags/train_weather_pred.py
[2025-07-21T13:01:15.804+0000] {processor.py:914} INFO - Processing file /opt/airflow/dags/train_weather_pred.py for tasks to queue
[2025-07-21T13:01:15.806+0000] {logging_mixin.py:190} INFO - [2025-07-21T13:01:15.806+0000] {dagbag.py:588} INFO - Filling up the DagBag from /opt/airflow/dags/train_weather_pred.py
[2025-07-21T13:01:19.362+0000] {processor.py:925} INFO - DAG(s) 'train_weather_pred' retrieved from /opt/airflow/dags/train_weather_pred.py
[2025-07-21T13:01:19.385+0000] {logging_mixin.py:190} INFO - [2025-07-21T13:01:19.384+0000] {dag.py:3239} INFO - Sync 1 DAGs
[2025-07-21T13:01:19.407+0000] {logging_mixin.py:190} INFO - [2025-07-21T13:01:19.407+0000] {dag.py:4180} INFO - Setting next_dagrun for train_weather_pred to 2025-07-21 00:00:00+00:00, run_after=2025-07-22 00:00:00+00:00
[2025-07-21T13:01:19.422+0000] {processor.py:208} INFO - Processing /opt/airflow/dags/train_weather_pred.py took 3.626 seconds
[2025-07-21T13:01:51.243+0000] {processor.py:186} INFO - Started process (PID=8784) to work on /opt/airflow/dags/train_weather_pred.py
[2025-07-21T13:01:51.244+0000] {processor.py:914} INFO - Processing file /opt/airflow/dags/train_weather_pred.py for tasks to queue
[2025-07-21T13:01:51.246+0000] {logging_mixin.py:190} INFO - [2025-07-21T13:01:51.246+0000] {dagbag.py:588} INFO - Filling up the DagBag from /opt/airflow/dags/train_weather_pred.py
[2025-07-21T13:01:54.808+0000] {processor.py:925} INFO - DAG(s) 'train_weather_pred' retrieved from /opt/airflow/dags/train_weather_pred.py
[2025-07-21T13:01:54.831+0000] {logging_mixin.py:190} INFO - [2025-07-21T13:01:54.830+0000] {dag.py:3239} INFO - Sync 1 DAGs
[2025-07-21T13:01:54.850+0000] {logging_mixin.py:190} INFO - [2025-07-21T13:01:54.850+0000] {dag.py:4180} INFO - Setting next_dagrun for train_weather_pred to 2025-07-21 00:00:00+00:00, run_after=2025-07-22 00:00:00+00:00
[2025-07-21T13:01:54.868+0000] {processor.py:208} INFO - Processing /opt/airflow/dags/train_weather_pred.py took 3.630 seconds
[2025-07-21T13:02:26.270+0000] {processor.py:186} INFO - Started process (PID=8882) to work on /opt/airflow/dags/train_weather_pred.py
[2025-07-21T13:02:26.271+0000] {processor.py:914} INFO - Processing file /opt/airflow/dags/train_weather_pred.py for tasks to queue
[2025-07-21T13:02:26.273+0000] {logging_mixin.py:190} INFO - [2025-07-21T13:02:26.273+0000] {dagbag.py:588} INFO - Filling up the DagBag from /opt/airflow/dags/train_weather_pred.py
[2025-07-21T13:02:30.276+0000] {processor.py:925} INFO - DAG(s) 'train_weather_pred' retrieved from /opt/airflow/dags/train_weather_pred.py
[2025-07-21T13:02:30.303+0000] {logging_mixin.py:190} INFO - [2025-07-21T13:02:30.302+0000] {dag.py:3239} INFO - Sync 1 DAGs
[2025-07-21T13:02:30.327+0000] {logging_mixin.py:190} INFO - [2025-07-21T13:02:30.327+0000] {dag.py:4180} INFO - Setting next_dagrun for train_weather_pred to 2025-07-21 00:00:00+00:00, run_after=2025-07-22 00:00:00+00:00
[2025-07-21T13:02:30.345+0000] {processor.py:208} INFO - Processing /opt/airflow/dags/train_weather_pred.py took 4.081 seconds
[2025-07-21T13:03:01.684+0000] {processor.py:186} INFO - Started process (PID=8980) to work on /opt/airflow/dags/train_weather_pred.py
[2025-07-21T13:03:01.686+0000] {processor.py:914} INFO - Processing file /opt/airflow/dags/train_weather_pred.py for tasks to queue
[2025-07-21T13:03:01.688+0000] {logging_mixin.py:190} INFO - [2025-07-21T13:03:01.688+0000] {dagbag.py:588} INFO - Filling up the DagBag from /opt/airflow/dags/train_weather_pred.py
[2025-07-21T13:03:07.137+0000] {processor.py:925} INFO - DAG(s) 'train_weather_pred' retrieved from /opt/airflow/dags/train_weather_pred.py
[2025-07-21T13:03:07.185+0000] {logging_mixin.py:190} INFO - [2025-07-21T13:03:07.184+0000] {dag.py:3239} INFO - Sync 1 DAGs
[2025-07-21T13:03:07.219+0000] {logging_mixin.py:190} INFO - [2025-07-21T13:03:07.219+0000] {dag.py:4180} INFO - Setting next_dagrun for train_weather_pred to 2025-07-21 00:00:00+00:00, run_after=2025-07-22 00:00:00+00:00
[2025-07-21T13:03:07.243+0000] {processor.py:208} INFO - Processing /opt/airflow/dags/train_weather_pred.py took 5.565 seconds
[2025-07-21T13:03:39.312+0000] {processor.py:186} INFO - Started process (PID=9078) to work on /opt/airflow/dags/train_weather_pred.py
[2025-07-21T13:03:39.313+0000] {processor.py:914} INFO - Processing file /opt/airflow/dags/train_weather_pred.py for tasks to queue
[2025-07-21T13:03:39.315+0000] {logging_mixin.py:190} INFO - [2025-07-21T13:03:39.315+0000] {dagbag.py:588} INFO - Filling up the DagBag from /opt/airflow/dags/train_weather_pred.py
[2025-07-21T13:03:44.769+0000] {processor.py:925} INFO - DAG(s) 'train_weather_pred' retrieved from /opt/airflow/dags/train_weather_pred.py
[2025-07-21T13:03:44.804+0000] {logging_mixin.py:190} INFO - [2025-07-21T13:03:44.803+0000] {dag.py:3239} INFO - Sync 1 DAGs
[2025-07-21T13:03:44.828+0000] {logging_mixin.py:190} INFO - [2025-07-21T13:03:44.827+0000] {dag.py:4180} INFO - Setting next_dagrun for train_weather_pred to 2025-07-21 00:00:00+00:00, run_after=2025-07-22 00:00:00+00:00
[2025-07-21T13:03:44.847+0000] {processor.py:208} INFO - Processing /opt/airflow/dags/train_weather_pred.py took 5.543 seconds
[2025-07-21T13:04:16.044+0000] {processor.py:186} INFO - Started process (PID=9176) to work on /opt/airflow/dags/train_weather_pred.py
[2025-07-21T13:04:16.046+0000] {processor.py:914} INFO - Processing file /opt/airflow/dags/train_weather_pred.py for tasks to queue
[2025-07-21T13:04:16.049+0000] {logging_mixin.py:190} INFO - [2025-07-21T13:04:16.048+0000] {dagbag.py:588} INFO - Filling up the DagBag from /opt/airflow/dags/train_weather_pred.py
[2025-07-21T13:04:20.637+0000] {processor.py:925} INFO - DAG(s) 'train_weather_pred' retrieved from /opt/airflow/dags/train_weather_pred.py
[2025-07-21T13:04:20.664+0000] {logging_mixin.py:190} INFO - [2025-07-21T13:04:20.663+0000] {dag.py:3239} INFO - Sync 1 DAGs
[2025-07-21T13:04:20.688+0000] {logging_mixin.py:190} INFO - [2025-07-21T13:04:20.688+0000] {dag.py:4180} INFO - Setting next_dagrun for train_weather_pred to 2025-07-21 00:00:00+00:00, run_after=2025-07-22 00:00:00+00:00
[2025-07-21T13:04:20.707+0000] {processor.py:208} INFO - Processing /opt/airflow/dags/train_weather_pred.py took 4.673 seconds
[2025-07-21T13:04:52.885+0000] {processor.py:186} INFO - Started process (PID=9280) to work on /opt/airflow/dags/train_weather_pred.py
[2025-07-21T13:04:52.886+0000] {processor.py:914} INFO - Processing file /opt/airflow/dags/train_weather_pred.py for tasks to queue
[2025-07-21T13:04:52.888+0000] {logging_mixin.py:190} INFO - [2025-07-21T13:04:52.888+0000] {dagbag.py:588} INFO - Filling up the DagBag from /opt/airflow/dags/train_weather_pred.py
[2025-07-21T13:04:57.344+0000] {processor.py:925} INFO - DAG(s) 'train_weather_pred' retrieved from /opt/airflow/dags/train_weather_pred.py
[2025-07-21T13:04:57.369+0000] {logging_mixin.py:190} INFO - [2025-07-21T13:04:57.368+0000] {dag.py:3239} INFO - Sync 1 DAGs
[2025-07-21T13:04:57.390+0000] {logging_mixin.py:190} INFO - [2025-07-21T13:04:57.390+0000] {dag.py:4180} INFO - Setting next_dagrun for train_weather_pred to 2025-07-21 00:00:00+00:00, run_after=2025-07-22 00:00:00+00:00
[2025-07-21T13:04:57.407+0000] {processor.py:208} INFO - Processing /opt/airflow/dags/train_weather_pred.py took 4.529 seconds
[2025-07-21T13:05:28.519+0000] {processor.py:186} INFO - Started process (PID=9378) to work on /opt/airflow/dags/train_weather_pred.py
[2025-07-21T13:05:28.520+0000] {processor.py:914} INFO - Processing file /opt/airflow/dags/train_weather_pred.py for tasks to queue
[2025-07-21T13:05:28.522+0000] {logging_mixin.py:190} INFO - [2025-07-21T13:05:28.522+0000] {dagbag.py:588} INFO - Filling up the DagBag from /opt/airflow/dags/train_weather_pred.py
[2025-07-21T13:05:33.062+0000] {processor.py:925} INFO - DAG(s) 'train_weather_pred' retrieved from /opt/airflow/dags/train_weather_pred.py
[2025-07-21T13:05:33.089+0000] {logging_mixin.py:190} INFO - [2025-07-21T13:05:33.089+0000] {dag.py:3239} INFO - Sync 1 DAGs
[2025-07-21T13:05:33.117+0000] {logging_mixin.py:190} INFO - [2025-07-21T13:05:33.117+0000] {dag.py:4180} INFO - Setting next_dagrun for train_weather_pred to 2025-07-21 00:00:00+00:00, run_after=2025-07-22 00:00:00+00:00
[2025-07-21T13:05:33.136+0000] {processor.py:208} INFO - Processing /opt/airflow/dags/train_weather_pred.py took 4.625 seconds
[2025-07-21T13:06:05.011+0000] {processor.py:186} INFO - Started process (PID=9476) to work on /opt/airflow/dags/train_weather_pred.py
[2025-07-21T13:06:05.012+0000] {processor.py:914} INFO - Processing file /opt/airflow/dags/train_weather_pred.py for tasks to queue
[2025-07-21T13:06:05.015+0000] {logging_mixin.py:190} INFO - [2025-07-21T13:06:05.014+0000] {dagbag.py:588} INFO - Filling up the DagBag from /opt/airflow/dags/train_weather_pred.py
[2025-07-21T13:06:09.679+0000] {processor.py:925} INFO - DAG(s) 'train_weather_pred' retrieved from /opt/airflow/dags/train_weather_pred.py
[2025-07-21T13:06:09.707+0000] {logging_mixin.py:190} INFO - [2025-07-21T13:06:09.707+0000] {dag.py:3239} INFO - Sync 1 DAGs
[2025-07-21T13:06:09.730+0000] {logging_mixin.py:190} INFO - [2025-07-21T13:06:09.730+0000] {dag.py:4180} INFO - Setting next_dagrun for train_weather_pred to 2025-07-21 00:00:00+00:00, run_after=2025-07-22 00:00:00+00:00
[2025-07-21T13:06:09.748+0000] {processor.py:208} INFO - Processing /opt/airflow/dags/train_weather_pred.py took 4.744 seconds
[2025-07-21T13:06:40.944+0000] {processor.py:186} INFO - Started process (PID=9574) to work on /opt/airflow/dags/train_weather_pred.py
[2025-07-21T13:06:40.945+0000] {processor.py:914} INFO - Processing file /opt/airflow/dags/train_weather_pred.py for tasks to queue
[2025-07-21T13:06:40.949+0000] {logging_mixin.py:190} INFO - [2025-07-21T13:06:40.948+0000] {dagbag.py:588} INFO - Filling up the DagBag from /opt/airflow/dags/train_weather_pred.py
[2025-07-21T13:06:45.687+0000] {processor.py:925} INFO - DAG(s) 'train_weather_pred' retrieved from /opt/airflow/dags/train_weather_pred.py
[2025-07-21T13:06:45.715+0000] {logging_mixin.py:190} INFO - [2025-07-21T13:06:45.714+0000] {dag.py:3239} INFO - Sync 1 DAGs
[2025-07-21T13:06:45.737+0000] {logging_mixin.py:190} INFO - [2025-07-21T13:06:45.737+0000] {dag.py:4180} INFO - Setting next_dagrun for train_weather_pred to 2025-07-21 00:00:00+00:00, run_after=2025-07-22 00:00:00+00:00
[2025-07-21T13:06:45.754+0000] {processor.py:208} INFO - Processing /opt/airflow/dags/train_weather_pred.py took 4.820 seconds
[2025-07-21T13:07:17.552+0000] {processor.py:186} INFO - Started process (PID=9672) to work on /opt/airflow/dags/train_weather_pred.py
[2025-07-21T13:07:17.553+0000] {processor.py:914} INFO - Processing file /opt/airflow/dags/train_weather_pred.py for tasks to queue
[2025-07-21T13:07:17.557+0000] {logging_mixin.py:190} INFO - [2025-07-21T13:07:17.557+0000] {dagbag.py:588} INFO - Filling up the DagBag from /opt/airflow/dags/train_weather_pred.py
[2025-07-21T13:07:21.841+0000] {processor.py:925} INFO - DAG(s) 'train_weather_pred' retrieved from /opt/airflow/dags/train_weather_pred.py
[2025-07-21T13:07:21.868+0000] {logging_mixin.py:190} INFO - [2025-07-21T13:07:21.868+0000] {dag.py:3239} INFO - Sync 1 DAGs
[2025-07-21T13:07:21.889+0000] {logging_mixin.py:190} INFO - [2025-07-21T13:07:21.889+0000] {dag.py:4180} INFO - Setting next_dagrun for train_weather_pred to 2025-07-21 00:00:00+00:00, run_after=2025-07-22 00:00:00+00:00
[2025-07-21T13:07:22.129+0000] {processor.py:208} INFO - Processing /opt/airflow/dags/train_weather_pred.py took 4.587 seconds
[2025-07-21T13:07:53.525+0000] {processor.py:186} INFO - Started process (PID=9776) to work on /opt/airflow/dags/train_weather_pred.py
[2025-07-21T13:07:53.526+0000] {processor.py:914} INFO - Processing file /opt/airflow/dags/train_weather_pred.py for tasks to queue
[2025-07-21T13:07:53.528+0000] {logging_mixin.py:190} INFO - [2025-07-21T13:07:53.528+0000] {dagbag.py:588} INFO - Filling up the DagBag from /opt/airflow/dags/train_weather_pred.py
[2025-07-21T13:07:58.019+0000] {processor.py:925} INFO - DAG(s) 'train_weather_pred' retrieved from /opt/airflow/dags/train_weather_pred.py
[2025-07-21T13:07:58.050+0000] {logging_mixin.py:190} INFO - [2025-07-21T13:07:58.050+0000] {dag.py:3239} INFO - Sync 1 DAGs
[2025-07-21T13:07:58.075+0000] {logging_mixin.py:190} INFO - [2025-07-21T13:07:58.075+0000] {dag.py:4180} INFO - Setting next_dagrun for train_weather_pred to 2025-07-21 00:00:00+00:00, run_after=2025-07-22 00:00:00+00:00
[2025-07-21T13:07:58.148+0000] {processor.py:208} INFO - Processing /opt/airflow/dags/train_weather_pred.py took 4.629 seconds
[2025-07-21T13:08:29.941+0000] {processor.py:186} INFO - Started process (PID=9874) to work on /opt/airflow/dags/train_weather_pred.py
[2025-07-21T13:08:29.943+0000] {processor.py:914} INFO - Processing file /opt/airflow/dags/train_weather_pred.py for tasks to queue
[2025-07-21T13:08:29.947+0000] {logging_mixin.py:190} INFO - [2025-07-21T13:08:29.947+0000] {dagbag.py:588} INFO - Filling up the DagBag from /opt/airflow/dags/train_weather_pred.py
[2025-07-21T13:08:34.488+0000] {processor.py:925} INFO - DAG(s) 'train_weather_pred' retrieved from /opt/airflow/dags/train_weather_pred.py
[2025-07-21T13:08:34.512+0000] {logging_mixin.py:190} INFO - [2025-07-21T13:08:34.511+0000] {dag.py:3239} INFO - Sync 1 DAGs
[2025-07-21T13:08:34.531+0000] {logging_mixin.py:190} INFO - [2025-07-21T13:08:34.531+0000] {dag.py:4180} INFO - Setting next_dagrun for train_weather_pred to 2025-07-21 00:00:00+00:00, run_after=2025-07-22 00:00:00+00:00
[2025-07-21T13:08:34.545+0000] {processor.py:208} INFO - Processing /opt/airflow/dags/train_weather_pred.py took 4.616 seconds
[2025-07-21T13:09:06.256+0000] {processor.py:186} INFO - Started process (PID=9972) to work on /opt/airflow/dags/train_weather_pred.py
[2025-07-21T13:09:06.257+0000] {processor.py:914} INFO - Processing file /opt/airflow/dags/train_weather_pred.py for tasks to queue
[2025-07-21T13:09:06.259+0000] {logging_mixin.py:190} INFO - [2025-07-21T13:09:06.259+0000] {dagbag.py:588} INFO - Filling up the DagBag from /opt/airflow/dags/train_weather_pred.py
[2025-07-21T13:09:10.398+0000] {processor.py:925} INFO - DAG(s) 'train_weather_pred' retrieved from /opt/airflow/dags/train_weather_pred.py
[2025-07-21T13:09:10.430+0000] {logging_mixin.py:190} INFO - [2025-07-21T13:09:10.429+0000] {dag.py:3239} INFO - Sync 1 DAGs
[2025-07-21T13:09:10.452+0000] {logging_mixin.py:190} INFO - [2025-07-21T13:09:10.452+0000] {dag.py:4180} INFO - Setting next_dagrun for train_weather_pred to 2025-07-21 00:00:00+00:00, run_after=2025-07-22 00:00:00+00:00
[2025-07-21T13:09:10.470+0000] {processor.py:208} INFO - Processing /opt/airflow/dags/train_weather_pred.py took 4.222 seconds
[2025-07-21T13:09:41.712+0000] {processor.py:186} INFO - Started process (PID=10070) to work on /opt/airflow/dags/train_weather_pred.py
[2025-07-21T13:09:41.713+0000] {processor.py:914} INFO - Processing file /opt/airflow/dags/train_weather_pred.py for tasks to queue
[2025-07-21T13:09:41.715+0000] {logging_mixin.py:190} INFO - [2025-07-21T13:09:41.715+0000] {dagbag.py:588} INFO - Filling up the DagBag from /opt/airflow/dags/train_weather_pred.py
[2025-07-21T13:09:45.326+0000] {processor.py:925} INFO - DAG(s) 'train_weather_pred' retrieved from /opt/airflow/dags/train_weather_pred.py
[2025-07-21T13:09:45.348+0000] {logging_mixin.py:190} INFO - [2025-07-21T13:09:45.348+0000] {dag.py:3239} INFO - Sync 1 DAGs
[2025-07-21T13:09:45.367+0000] {logging_mixin.py:190} INFO - [2025-07-21T13:09:45.367+0000] {dag.py:4180} INFO - Setting next_dagrun for train_weather_pred to 2025-07-21 00:00:00+00:00, run_after=2025-07-22 00:00:00+00:00
[2025-07-21T13:09:45.381+0000] {processor.py:208} INFO - Processing /opt/airflow/dags/train_weather_pred.py took 3.674 seconds
[2025-07-21T13:10:16.696+0000] {processor.py:186} INFO - Started process (PID=10168) to work on /opt/airflow/dags/train_weather_pred.py
[2025-07-21T13:10:16.697+0000] {processor.py:914} INFO - Processing file /opt/airflow/dags/train_weather_pred.py for tasks to queue
[2025-07-21T13:10:16.699+0000] {logging_mixin.py:190} INFO - [2025-07-21T13:10:16.699+0000] {dagbag.py:588} INFO - Filling up the DagBag from /opt/airflow/dags/train_weather_pred.py
[2025-07-21T13:10:20.305+0000] {processor.py:925} INFO - DAG(s) 'train_weather_pred' retrieved from /opt/airflow/dags/train_weather_pred.py
[2025-07-21T13:10:20.331+0000] {logging_mixin.py:190} INFO - [2025-07-21T13:10:20.330+0000] {dag.py:3239} INFO - Sync 1 DAGs
[2025-07-21T13:10:20.352+0000] {logging_mixin.py:190} INFO - [2025-07-21T13:10:20.352+0000] {dag.py:4180} INFO - Setting next_dagrun for train_weather_pred to 2025-07-21 00:00:00+00:00, run_after=2025-07-22 00:00:00+00:00
[2025-07-21T13:10:20.371+0000] {processor.py:208} INFO - Processing /opt/airflow/dags/train_weather_pred.py took 3.680 seconds
[2025-07-21T13:10:51.725+0000] {processor.py:186} INFO - Started process (PID=10272) to work on /opt/airflow/dags/train_weather_pred.py
[2025-07-21T13:10:51.726+0000] {processor.py:914} INFO - Processing file /opt/airflow/dags/train_weather_pred.py for tasks to queue
[2025-07-21T13:10:51.729+0000] {logging_mixin.py:190} INFO - [2025-07-21T13:10:51.729+0000] {dagbag.py:588} INFO - Filling up the DagBag from /opt/airflow/dags/train_weather_pred.py
[2025-07-21T13:10:56.335+0000] {processor.py:925} INFO - DAG(s) 'train_weather_pred' retrieved from /opt/airflow/dags/train_weather_pred.py
[2025-07-21T13:10:56.361+0000] {logging_mixin.py:190} INFO - [2025-07-21T13:10:56.360+0000] {dag.py:3239} INFO - Sync 1 DAGs
[2025-07-21T13:10:56.381+0000] {logging_mixin.py:190} INFO - [2025-07-21T13:10:56.381+0000] {dag.py:4180} INFO - Setting next_dagrun for train_weather_pred to 2025-07-21 00:00:00+00:00, run_after=2025-07-22 00:00:00+00:00
[2025-07-21T13:10:56.398+0000] {processor.py:208} INFO - Processing /opt/airflow/dags/train_weather_pred.py took 4.679 seconds
[2025-07-21T13:11:27.699+0000] {processor.py:186} INFO - Started process (PID=10370) to work on /opt/airflow/dags/train_weather_pred.py
[2025-07-21T13:11:27.700+0000] {processor.py:914} INFO - Processing file /opt/airflow/dags/train_weather_pred.py for tasks to queue
[2025-07-21T13:11:27.703+0000] {logging_mixin.py:190} INFO - [2025-07-21T13:11:27.702+0000] {dagbag.py:588} INFO - Filling up the DagBag from /opt/airflow/dags/train_weather_pred.py
[2025-07-21T13:11:31.388+0000] {processor.py:925} INFO - DAG(s) 'train_weather_pred' retrieved from /opt/airflow/dags/train_weather_pred.py
[2025-07-21T13:11:31.409+0000] {logging_mixin.py:190} INFO - [2025-07-21T13:11:31.408+0000] {dag.py:3239} INFO - Sync 1 DAGs
[2025-07-21T13:11:31.429+0000] {logging_mixin.py:190} INFO - [2025-07-21T13:11:31.429+0000] {dag.py:4180} INFO - Setting next_dagrun for train_weather_pred to 2025-07-21 00:00:00+00:00, run_after=2025-07-22 00:00:00+00:00
[2025-07-21T13:11:31.444+0000] {processor.py:208} INFO - Processing /opt/airflow/dags/train_weather_pred.py took 3.750 seconds
[2025-07-21T13:12:02.684+0000] {processor.py:186} INFO - Started process (PID=10472) to work on /opt/airflow/dags/train_weather_pred.py
[2025-07-21T13:12:02.685+0000] {processor.py:914} INFO - Processing file /opt/airflow/dags/train_weather_pred.py for tasks to queue
[2025-07-21T13:12:02.688+0000] {logging_mixin.py:190} INFO - [2025-07-21T13:12:02.688+0000] {dagbag.py:588} INFO - Filling up the DagBag from /opt/airflow/dags/train_weather_pred.py
[2025-07-21T13:12:06.661+0000] {processor.py:925} INFO - DAG(s) 'train_weather_pred' retrieved from /opt/airflow/dags/train_weather_pred.py
[2025-07-21T13:12:06.683+0000] {logging_mixin.py:190} INFO - [2025-07-21T13:12:06.683+0000] {dag.py:3239} INFO - Sync 1 DAGs
[2025-07-21T13:12:06.700+0000] {logging_mixin.py:190} INFO - [2025-07-21T13:12:06.700+0000] {dag.py:4180} INFO - Setting next_dagrun for train_weather_pred to 2025-07-21 00:00:00+00:00, run_after=2025-07-22 00:00:00+00:00
[2025-07-21T13:12:06.716+0000] {processor.py:208} INFO - Processing /opt/airflow/dags/train_weather_pred.py took 4.040 seconds
[2025-07-21T13:12:37.963+0000] {processor.py:186} INFO - Started process (PID=10566) to work on /opt/airflow/dags/train_weather_pred.py
[2025-07-21T13:12:37.964+0000] {processor.py:914} INFO - Processing file /opt/airflow/dags/train_weather_pred.py for tasks to queue
[2025-07-21T13:12:37.967+0000] {logging_mixin.py:190} INFO - [2025-07-21T13:12:37.967+0000] {dagbag.py:588} INFO - Filling up the DagBag from /opt/airflow/dags/train_weather_pred.py
[2025-07-21T13:12:41.547+0000] {processor.py:925} INFO - DAG(s) 'train_weather_pred' retrieved from /opt/airflow/dags/train_weather_pred.py
[2025-07-21T13:12:41.569+0000] {logging_mixin.py:190} INFO - [2025-07-21T13:12:41.569+0000] {dag.py:3239} INFO - Sync 1 DAGs
[2025-07-21T13:12:41.588+0000] {logging_mixin.py:190} INFO - [2025-07-21T13:12:41.588+0000] {dag.py:4180} INFO - Setting next_dagrun for train_weather_pred to 2025-07-21 00:00:00+00:00, run_after=2025-07-22 00:00:00+00:00
[2025-07-21T13:12:41.602+0000] {processor.py:208} INFO - Processing /opt/airflow/dags/train_weather_pred.py took 3.646 seconds
[2025-07-21T13:13:13.179+0000] {processor.py:186} INFO - Started process (PID=10664) to work on /opt/airflow/dags/train_weather_pred.py
[2025-07-21T13:13:13.180+0000] {processor.py:914} INFO - Processing file /opt/airflow/dags/train_weather_pred.py for tasks to queue
[2025-07-21T13:13:13.182+0000] {logging_mixin.py:190} INFO - [2025-07-21T13:13:13.181+0000] {dagbag.py:588} INFO - Filling up the DagBag from /opt/airflow/dags/train_weather_pred.py
[2025-07-21T13:13:16.619+0000] {processor.py:925} INFO - DAG(s) 'train_weather_pred' retrieved from /opt/airflow/dags/train_weather_pred.py
[2025-07-21T13:13:16.641+0000] {logging_mixin.py:190} INFO - [2025-07-21T13:13:16.641+0000] {dag.py:3239} INFO - Sync 1 DAGs
[2025-07-21T13:13:16.660+0000] {logging_mixin.py:190} INFO - [2025-07-21T13:13:16.660+0000] {dag.py:4180} INFO - Setting next_dagrun for train_weather_pred to 2025-07-21 00:00:00+00:00, run_after=2025-07-22 00:00:00+00:00
[2025-07-21T13:13:16.674+0000] {processor.py:208} INFO - Processing /opt/airflow/dags/train_weather_pred.py took 3.501 seconds
[2025-07-21T13:13:48.642+0000] {processor.py:186} INFO - Started process (PID=10762) to work on /opt/airflow/dags/train_weather_pred.py
[2025-07-21T13:13:48.643+0000] {processor.py:914} INFO - Processing file /opt/airflow/dags/train_weather_pred.py for tasks to queue
[2025-07-21T13:13:48.646+0000] {logging_mixin.py:190} INFO - [2025-07-21T13:13:48.645+0000] {dagbag.py:588} INFO - Filling up the DagBag from /opt/airflow/dags/train_weather_pred.py
[2025-07-21T13:13:52.251+0000] {processor.py:925} INFO - DAG(s) 'train_weather_pred' retrieved from /opt/airflow/dags/train_weather_pred.py
[2025-07-21T13:13:52.274+0000] {logging_mixin.py:190} INFO - [2025-07-21T13:13:52.273+0000] {dag.py:3239} INFO - Sync 1 DAGs
[2025-07-21T13:13:52.290+0000] {logging_mixin.py:190} INFO - [2025-07-21T13:13:52.290+0000] {dag.py:4180} INFO - Setting next_dagrun for train_weather_pred to 2025-07-21 00:00:00+00:00, run_after=2025-07-22 00:00:00+00:00
[2025-07-21T13:13:52.304+0000] {processor.py:208} INFO - Processing /opt/airflow/dags/train_weather_pred.py took 3.668 seconds
[2025-07-21T13:14:23.364+0000] {processor.py:186} INFO - Started process (PID=10869) to work on /opt/airflow/dags/train_weather_pred.py
[2025-07-21T13:14:23.365+0000] {processor.py:914} INFO - Processing file /opt/airflow/dags/train_weather_pred.py for tasks to queue
[2025-07-21T13:14:23.367+0000] {logging_mixin.py:190} INFO - [2025-07-21T13:14:23.367+0000] {dagbag.py:588} INFO - Filling up the DagBag from /opt/airflow/dags/train_weather_pred.py
[2025-07-21T13:14:26.830+0000] {processor.py:925} INFO - DAG(s) 'train_weather_pred' retrieved from /opt/airflow/dags/train_weather_pred.py
[2025-07-21T13:14:26.852+0000] {logging_mixin.py:190} INFO - [2025-07-21T13:14:26.851+0000] {dag.py:3239} INFO - Sync 1 DAGs
[2025-07-21T13:14:26.871+0000] {logging_mixin.py:190} INFO - [2025-07-21T13:14:26.871+0000] {dag.py:4180} INFO - Setting next_dagrun for train_weather_pred to 2025-07-21 00:00:00+00:00, run_after=2025-07-22 00:00:00+00:00
[2025-07-21T13:14:26.886+0000] {processor.py:208} INFO - Processing /opt/airflow/dags/train_weather_pred.py took 3.528 seconds
[2025-07-21T13:14:58.045+0000] {processor.py:186} INFO - Started process (PID=10964) to work on /opt/airflow/dags/train_weather_pred.py
[2025-07-21T13:14:58.046+0000] {processor.py:914} INFO - Processing file /opt/airflow/dags/train_weather_pred.py for tasks to queue
[2025-07-21T13:14:58.049+0000] {logging_mixin.py:190} INFO - [2025-07-21T13:14:58.049+0000] {dagbag.py:588} INFO - Filling up the DagBag from /opt/airflow/dags/train_weather_pred.py
[2025-07-21T13:15:01.873+0000] {processor.py:925} INFO - DAG(s) 'train_weather_pred' retrieved from /opt/airflow/dags/train_weather_pred.py
[2025-07-21T13:15:01.898+0000] {logging_mixin.py:190} INFO - [2025-07-21T13:15:01.897+0000] {dag.py:3239} INFO - Sync 1 DAGs
[2025-07-21T13:15:01.917+0000] {logging_mixin.py:190} INFO - [2025-07-21T13:15:01.917+0000] {dag.py:4180} INFO - Setting next_dagrun for train_weather_pred to 2025-07-21 00:00:00+00:00, run_after=2025-07-22 00:00:00+00:00
[2025-07-21T13:15:01.933+0000] {processor.py:208} INFO - Processing /opt/airflow/dags/train_weather_pred.py took 3.893 seconds
[2025-07-21T13:15:32.997+0000] {processor.py:186} INFO - Started process (PID=11065) to work on /opt/airflow/dags/train_weather_pred.py
[2025-07-21T13:15:32.998+0000] {processor.py:914} INFO - Processing file /opt/airflow/dags/train_weather_pred.py for tasks to queue
[2025-07-21T13:15:33.001+0000] {logging_mixin.py:190} INFO - [2025-07-21T13:15:33.001+0000] {dagbag.py:588} INFO - Filling up the DagBag from /opt/airflow/dags/train_weather_pred.py
[2025-07-21T13:15:36.977+0000] {processor.py:925} INFO - DAG(s) 'train_weather_pred' retrieved from /opt/airflow/dags/train_weather_pred.py
[2025-07-21T13:15:37.000+0000] {logging_mixin.py:190} INFO - [2025-07-21T13:15:36.999+0000] {dag.py:3239} INFO - Sync 1 DAGs
[2025-07-21T13:15:37.019+0000] {logging_mixin.py:190} INFO - [2025-07-21T13:15:37.019+0000] {dag.py:4180} INFO - Setting next_dagrun for train_weather_pred to 2025-07-21 00:00:00+00:00, run_after=2025-07-22 00:00:00+00:00
[2025-07-21T13:15:37.032+0000] {processor.py:208} INFO - Processing /opt/airflow/dags/train_weather_pred.py took 4.043 seconds
[2025-07-21T13:16:08.760+0000] {processor.py:186} INFO - Started process (PID=11160) to work on /opt/airflow/dags/train_weather_pred.py
[2025-07-21T13:16:08.761+0000] {processor.py:914} INFO - Processing file /opt/airflow/dags/train_weather_pred.py for tasks to queue
[2025-07-21T13:16:08.763+0000] {logging_mixin.py:190} INFO - [2025-07-21T13:16:08.763+0000] {dagbag.py:588} INFO - Filling up the DagBag from /opt/airflow/dags/train_weather_pred.py
[2025-07-21T13:16:12.298+0000] {processor.py:925} INFO - DAG(s) 'train_weather_pred' retrieved from /opt/airflow/dags/train_weather_pred.py
[2025-07-21T13:16:12.320+0000] {logging_mixin.py:190} INFO - [2025-07-21T13:16:12.320+0000] {dag.py:3239} INFO - Sync 1 DAGs
[2025-07-21T13:16:12.340+0000] {logging_mixin.py:190} INFO - [2025-07-21T13:16:12.340+0000] {dag.py:4180} INFO - Setting next_dagrun for train_weather_pred to 2025-07-21 00:00:00+00:00, run_after=2025-07-22 00:00:00+00:00
[2025-07-21T13:16:12.354+0000] {processor.py:208} INFO - Processing /opt/airflow/dags/train_weather_pred.py took 3.601 seconds
[2025-07-21T13:16:44.187+0000] {processor.py:186} INFO - Started process (PID=11258) to work on /opt/airflow/dags/train_weather_pred.py
[2025-07-21T13:16:44.188+0000] {processor.py:914} INFO - Processing file /opt/airflow/dags/train_weather_pred.py for tasks to queue
[2025-07-21T13:16:44.190+0000] {logging_mixin.py:190} INFO - [2025-07-21T13:16:44.190+0000] {dagbag.py:588} INFO - Filling up the DagBag from /opt/airflow/dags/train_weather_pred.py
[2025-07-21T13:16:47.712+0000] {processor.py:925} INFO - DAG(s) 'train_weather_pred' retrieved from /opt/airflow/dags/train_weather_pred.py
[2025-07-21T13:16:47.735+0000] {logging_mixin.py:190} INFO - [2025-07-21T13:16:47.735+0000] {dag.py:3239} INFO - Sync 1 DAGs
[2025-07-21T13:16:47.752+0000] {logging_mixin.py:190} INFO - [2025-07-21T13:16:47.752+0000] {dag.py:4180} INFO - Setting next_dagrun for train_weather_pred to 2025-07-21 00:00:00+00:00, run_after=2025-07-22 00:00:00+00:00
[2025-07-21T13:16:47.767+0000] {processor.py:208} INFO - Processing /opt/airflow/dags/train_weather_pred.py took 3.586 seconds
[2025-07-21T13:17:19.829+0000] {processor.py:186} INFO - Started process (PID=11375) to work on /opt/airflow/dags/train_weather_pred.py
[2025-07-21T13:17:19.830+0000] {processor.py:914} INFO - Processing file /opt/airflow/dags/train_weather_pred.py for tasks to queue
[2025-07-21T13:17:19.833+0000] {logging_mixin.py:190} INFO - [2025-07-21T13:17:19.833+0000] {dagbag.py:588} INFO - Filling up the DagBag from /opt/airflow/dags/train_weather_pred.py
[2025-07-21T13:17:23.411+0000] {processor.py:925} INFO - DAG(s) 'train_weather_pred' retrieved from /opt/airflow/dags/train_weather_pred.py
[2025-07-21T13:17:23.432+0000] {logging_mixin.py:190} INFO - [2025-07-21T13:17:23.432+0000] {dag.py:3239} INFO - Sync 1 DAGs
[2025-07-21T13:17:23.450+0000] {logging_mixin.py:190} INFO - [2025-07-21T13:17:23.450+0000] {dag.py:4180} INFO - Setting next_dagrun for train_weather_pred to 2025-07-21 00:00:00+00:00, run_after=2025-07-22 00:00:00+00:00
[2025-07-21T13:17:23.464+0000] {processor.py:208} INFO - Processing /opt/airflow/dags/train_weather_pred.py took 3.641 seconds
[2025-07-21T13:17:55.091+0000] {processor.py:186} INFO - Started process (PID=11479) to work on /opt/airflow/dags/train_weather_pred.py
[2025-07-21T13:17:55.092+0000] {processor.py:914} INFO - Processing file /opt/airflow/dags/train_weather_pred.py for tasks to queue
[2025-07-21T13:17:55.095+0000] {logging_mixin.py:190} INFO - [2025-07-21T13:17:55.095+0000] {dagbag.py:588} INFO - Filling up the DagBag from /opt/airflow/dags/train_weather_pred.py
[2025-07-21T13:17:58.641+0000] {processor.py:925} INFO - DAG(s) 'train_weather_pred' retrieved from /opt/airflow/dags/train_weather_pred.py
[2025-07-21T13:17:58.660+0000] {logging_mixin.py:190} INFO - [2025-07-21T13:17:58.660+0000] {dag.py:3239} INFO - Sync 1 DAGs
[2025-07-21T13:17:58.676+0000] {logging_mixin.py:190} INFO - [2025-07-21T13:17:58.675+0000] {dag.py:4180} INFO - Setting next_dagrun for train_weather_pred to 2025-07-21 00:00:00+00:00, run_after=2025-07-22 00:00:00+00:00
[2025-07-21T13:17:58.690+0000] {processor.py:208} INFO - Processing /opt/airflow/dags/train_weather_pred.py took 3.605 seconds
[2025-07-21T13:19:21.830+0000] {processor.py:186} INFO - Started process (PID=11552) to work on /opt/airflow/dags/train_weather_pred.py
[2025-07-21T13:19:21.831+0000] {processor.py:914} INFO - Processing file /opt/airflow/dags/train_weather_pred.py for tasks to queue
[2025-07-21T13:19:21.835+0000] {logging_mixin.py:190} INFO - [2025-07-21T13:19:21.834+0000] {dagbag.py:588} INFO - Filling up the DagBag from /opt/airflow/dags/train_weather_pred.py
[2025-07-21T13:19:25.749+0000] {processor.py:925} INFO - DAG(s) 'train_weather_pred' retrieved from /opt/airflow/dags/train_weather_pred.py
[2025-07-21T13:19:25.774+0000] {logging_mixin.py:190} INFO - [2025-07-21T13:19:25.773+0000] {dag.py:3239} INFO - Sync 1 DAGs
[2025-07-21T13:19:25.796+0000] {logging_mixin.py:190} INFO - [2025-07-21T13:19:25.796+0000] {dag.py:4180} INFO - Setting next_dagrun for train_weather_pred to 2025-07-21 00:00:00+00:00, run_after=2025-07-22 00:00:00+00:00
[2025-07-21T13:19:25.813+0000] {processor.py:208} INFO - Processing /opt/airflow/dags/train_weather_pred.py took 3.989 seconds
[2025-07-21T13:19:57.119+0000] {processor.py:186} INFO - Started process (PID=11657) to work on /opt/airflow/dags/train_weather_pred.py
[2025-07-21T13:19:57.120+0000] {processor.py:914} INFO - Processing file /opt/airflow/dags/train_weather_pred.py for tasks to queue
[2025-07-21T13:19:57.122+0000] {logging_mixin.py:190} INFO - [2025-07-21T13:19:57.122+0000] {dagbag.py:588} INFO - Filling up the DagBag from /opt/airflow/dags/train_weather_pred.py
[2025-07-21T13:20:00.565+0000] {processor.py:925} INFO - DAG(s) 'train_weather_pred' retrieved from /opt/airflow/dags/train_weather_pred.py
[2025-07-21T13:20:00.588+0000] {logging_mixin.py:190} INFO - [2025-07-21T13:20:00.588+0000] {dag.py:3239} INFO - Sync 1 DAGs
[2025-07-21T13:20:00.605+0000] {logging_mixin.py:190} INFO - [2025-07-21T13:20:00.605+0000] {dag.py:4180} INFO - Setting next_dagrun for train_weather_pred to 2025-07-21 00:00:00+00:00, run_after=2025-07-22 00:00:00+00:00
[2025-07-21T13:20:00.624+0000] {processor.py:208} INFO - Processing /opt/airflow/dags/train_weather_pred.py took 3.511 seconds
[2025-07-21T13:20:32.650+0000] {processor.py:186} INFO - Started process (PID=11755) to work on /opt/airflow/dags/train_weather_pred.py
[2025-07-21T13:20:32.652+0000] {processor.py:914} INFO - Processing file /opt/airflow/dags/train_weather_pred.py for tasks to queue
[2025-07-21T13:20:32.654+0000] {logging_mixin.py:190} INFO - [2025-07-21T13:20:32.654+0000] {dagbag.py:588} INFO - Filling up the DagBag from /opt/airflow/dags/train_weather_pred.py
[2025-07-21T13:20:36.089+0000] {processor.py:925} INFO - DAG(s) 'train_weather_pred' retrieved from /opt/airflow/dags/train_weather_pred.py
[2025-07-21T13:20:36.117+0000] {logging_mixin.py:190} INFO - [2025-07-21T13:20:36.116+0000] {dag.py:3239} INFO - Sync 1 DAGs
[2025-07-21T13:20:36.145+0000] {logging_mixin.py:190} INFO - [2025-07-21T13:20:36.145+0000] {dag.py:4180} INFO - Setting next_dagrun for train_weather_pred to 2025-07-21 00:00:00+00:00, run_after=2025-07-22 00:00:00+00:00
[2025-07-21T13:20:36.162+0000] {processor.py:208} INFO - Processing /opt/airflow/dags/train_weather_pred.py took 3.518 seconds
[2025-07-21T13:21:08.168+0000] {processor.py:186} INFO - Started process (PID=11872) to work on /opt/airflow/dags/train_weather_pred.py
[2025-07-21T13:21:08.169+0000] {processor.py:914} INFO - Processing file /opt/airflow/dags/train_weather_pred.py for tasks to queue
[2025-07-21T13:21:08.172+0000] {logging_mixin.py:190} INFO - [2025-07-21T13:21:08.172+0000] {dagbag.py:588} INFO - Filling up the DagBag from /opt/airflow/dags/train_weather_pred.py
[2025-07-21T13:21:11.520+0000] {processor.py:925} INFO - DAG(s) 'train_weather_pred' retrieved from /opt/airflow/dags/train_weather_pred.py
[2025-07-21T13:21:11.538+0000] {logging_mixin.py:190} INFO - [2025-07-21T13:21:11.538+0000] {dag.py:3239} INFO - Sync 1 DAGs
[2025-07-21T13:21:11.556+0000] {logging_mixin.py:190} INFO - [2025-07-21T13:21:11.556+0000] {dag.py:4180} INFO - Setting next_dagrun for train_weather_pred to 2025-07-21 00:00:00+00:00, run_after=2025-07-22 00:00:00+00:00
[2025-07-21T13:21:11.571+0000] {processor.py:208} INFO - Processing /opt/airflow/dags/train_weather_pred.py took 3.410 seconds
[2025-07-21T13:21:43.325+0000] {processor.py:186} INFO - Started process (PID=11970) to work on /opt/airflow/dags/train_weather_pred.py
[2025-07-21T13:21:43.327+0000] {processor.py:914} INFO - Processing file /opt/airflow/dags/train_weather_pred.py for tasks to queue
[2025-07-21T13:21:43.330+0000] {logging_mixin.py:190} INFO - [2025-07-21T13:21:43.330+0000] {dagbag.py:588} INFO - Filling up the DagBag from /opt/airflow/dags/train_weather_pred.py
[2025-07-21T13:21:46.802+0000] {processor.py:925} INFO - DAG(s) 'train_weather_pred' retrieved from /opt/airflow/dags/train_weather_pred.py
[2025-07-21T13:21:46.823+0000] {logging_mixin.py:190} INFO - [2025-07-21T13:21:46.822+0000] {dag.py:3239} INFO - Sync 1 DAGs
[2025-07-21T13:21:46.843+0000] {logging_mixin.py:190} INFO - [2025-07-21T13:21:46.843+0000] {dag.py:4180} INFO - Setting next_dagrun for train_weather_pred to 2025-07-21 00:00:00+00:00, run_after=2025-07-22 00:00:00+00:00
[2025-07-21T13:21:46.859+0000] {processor.py:208} INFO - Processing /opt/airflow/dags/train_weather_pred.py took 3.541 seconds
[2025-07-21T13:22:18.019+0000] {processor.py:186} INFO - Started process (PID=12068) to work on /opt/airflow/dags/train_weather_pred.py
[2025-07-21T13:22:18.020+0000] {processor.py:914} INFO - Processing file /opt/airflow/dags/train_weather_pred.py for tasks to queue
[2025-07-21T13:22:18.024+0000] {logging_mixin.py:190} INFO - [2025-07-21T13:22:18.024+0000] {dagbag.py:588} INFO - Filling up the DagBag from /opt/airflow/dags/train_weather_pred.py
[2025-07-21T13:22:21.389+0000] {processor.py:925} INFO - DAG(s) 'train_weather_pred' retrieved from /opt/airflow/dags/train_weather_pred.py
[2025-07-21T13:22:21.410+0000] {logging_mixin.py:190} INFO - [2025-07-21T13:22:21.409+0000] {dag.py:3239} INFO - Sync 1 DAGs
[2025-07-21T13:22:21.427+0000] {logging_mixin.py:190} INFO - [2025-07-21T13:22:21.427+0000] {dag.py:4180} INFO - Setting next_dagrun for train_weather_pred to 2025-07-21 00:00:00+00:00, run_after=2025-07-22 00:00:00+00:00
[2025-07-21T13:22:21.440+0000] {processor.py:208} INFO - Processing /opt/airflow/dags/train_weather_pred.py took 3.429 seconds
[2025-07-21T13:22:52.587+0000] {processor.py:186} INFO - Started process (PID=12166) to work on /opt/airflow/dags/train_weather_pred.py
[2025-07-21T13:22:52.588+0000] {processor.py:914} INFO - Processing file /opt/airflow/dags/train_weather_pred.py for tasks to queue
[2025-07-21T13:22:52.591+0000] {logging_mixin.py:190} INFO - [2025-07-21T13:22:52.591+0000] {dagbag.py:588} INFO - Filling up the DagBag from /opt/airflow/dags/train_weather_pred.py
[2025-07-21T13:22:55.928+0000] {processor.py:925} INFO - DAG(s) 'train_weather_pred' retrieved from /opt/airflow/dags/train_weather_pred.py
[2025-07-21T13:22:55.950+0000] {logging_mixin.py:190} INFO - [2025-07-21T13:22:55.949+0000] {dag.py:3239} INFO - Sync 1 DAGs
[2025-07-21T13:22:55.968+0000] {logging_mixin.py:190} INFO - [2025-07-21T13:22:55.968+0000] {dag.py:4180} INFO - Setting next_dagrun for train_weather_pred to 2025-07-21 00:00:00+00:00, run_after=2025-07-22 00:00:00+00:00
[2025-07-21T13:22:55.983+0000] {processor.py:208} INFO - Processing /opt/airflow/dags/train_weather_pred.py took 3.404 seconds
[2025-07-21T13:23:27.984+0000] {processor.py:186} INFO - Started process (PID=12270) to work on /opt/airflow/dags/train_weather_pred.py
[2025-07-21T13:23:27.985+0000] {processor.py:914} INFO - Processing file /opt/airflow/dags/train_weather_pred.py for tasks to queue
[2025-07-21T13:23:27.988+0000] {logging_mixin.py:190} INFO - [2025-07-21T13:23:27.988+0000] {dagbag.py:588} INFO - Filling up the DagBag from /opt/airflow/dags/train_weather_pred.py
[2025-07-21T13:23:31.302+0000] {processor.py:925} INFO - DAG(s) 'train_weather_pred' retrieved from /opt/airflow/dags/train_weather_pred.py
[2025-07-21T13:23:31.322+0000] {logging_mixin.py:190} INFO - [2025-07-21T13:23:31.321+0000] {dag.py:3239} INFO - Sync 1 DAGs
[2025-07-21T13:23:31.339+0000] {logging_mixin.py:190} INFO - [2025-07-21T13:23:31.339+0000] {dag.py:4180} INFO - Setting next_dagrun for train_weather_pred to 2025-07-21 00:00:00+00:00, run_after=2025-07-22 00:00:00+00:00
[2025-07-21T13:23:31.356+0000] {processor.py:208} INFO - Processing /opt/airflow/dags/train_weather_pred.py took 3.379 seconds
[2025-07-21T13:24:03.198+0000] {processor.py:186} INFO - Started process (PID=12368) to work on /opt/airflow/dags/train_weather_pred.py
[2025-07-21T13:24:03.200+0000] {processor.py:914} INFO - Processing file /opt/airflow/dags/train_weather_pred.py for tasks to queue
[2025-07-21T13:24:03.203+0000] {logging_mixin.py:190} INFO - [2025-07-21T13:24:03.202+0000] {dagbag.py:588} INFO - Filling up the DagBag from /opt/airflow/dags/train_weather_pred.py
[2025-07-21T13:24:06.590+0000] {processor.py:925} INFO - DAG(s) 'train_weather_pred' retrieved from /opt/airflow/dags/train_weather_pred.py
[2025-07-21T13:24:06.611+0000] {logging_mixin.py:190} INFO - [2025-07-21T13:24:06.610+0000] {dag.py:3239} INFO - Sync 1 DAGs
[2025-07-21T13:24:06.629+0000] {logging_mixin.py:190} INFO - [2025-07-21T13:24:06.628+0000] {dag.py:4180} INFO - Setting next_dagrun for train_weather_pred to 2025-07-21 00:00:00+00:00, run_after=2025-07-22 00:00:00+00:00
[2025-07-21T13:24:06.646+0000] {processor.py:208} INFO - Processing /opt/airflow/dags/train_weather_pred.py took 3.455 seconds
[2025-07-21T13:24:38.493+0000] {processor.py:186} INFO - Started process (PID=12466) to work on /opt/airflow/dags/train_weather_pred.py
[2025-07-21T13:24:38.494+0000] {processor.py:914} INFO - Processing file /opt/airflow/dags/train_weather_pred.py for tasks to queue
[2025-07-21T13:24:38.497+0000] {logging_mixin.py:190} INFO - [2025-07-21T13:24:38.497+0000] {dagbag.py:588} INFO - Filling up the DagBag from /opt/airflow/dags/train_weather_pred.py
[2025-07-21T13:24:41.934+0000] {processor.py:925} INFO - DAG(s) 'train_weather_pred' retrieved from /opt/airflow/dags/train_weather_pred.py
[2025-07-21T13:24:41.958+0000] {logging_mixin.py:190} INFO - [2025-07-21T13:24:41.958+0000] {dag.py:3239} INFO - Sync 1 DAGs
[2025-07-21T13:24:41.979+0000] {logging_mixin.py:190} INFO - [2025-07-21T13:24:41.979+0000] {dag.py:4180} INFO - Setting next_dagrun for train_weather_pred to 2025-07-21 00:00:00+00:00, run_after=2025-07-22 00:00:00+00:00
[2025-07-21T13:24:41.997+0000] {processor.py:208} INFO - Processing /opt/airflow/dags/train_weather_pred.py took 3.512 seconds
[2025-07-21T13:25:13.755+0000] {processor.py:186} INFO - Started process (PID=12564) to work on /opt/airflow/dags/train_weather_pred.py
[2025-07-21T13:25:13.756+0000] {processor.py:914} INFO - Processing file /opt/airflow/dags/train_weather_pred.py for tasks to queue
[2025-07-21T13:25:13.759+0000] {logging_mixin.py:190} INFO - [2025-07-21T13:25:13.759+0000] {dagbag.py:588} INFO - Filling up the DagBag from /opt/airflow/dags/train_weather_pred.py
[2025-07-21T13:25:17.844+0000] {processor.py:925} INFO - DAG(s) 'train_weather_pred' retrieved from /opt/airflow/dags/train_weather_pred.py
[2025-07-21T13:25:17.866+0000] {logging_mixin.py:190} INFO - [2025-07-21T13:25:17.865+0000] {dag.py:3239} INFO - Sync 1 DAGs
[2025-07-21T13:25:17.883+0000] {logging_mixin.py:190} INFO - [2025-07-21T13:25:17.882+0000] {dag.py:4180} INFO - Setting next_dagrun for train_weather_pred to 2025-07-21 00:00:00+00:00, run_after=2025-07-22 00:00:00+00:00
[2025-07-21T13:25:17.898+0000] {processor.py:208} INFO - Processing /opt/airflow/dags/train_weather_pred.py took 4.150 seconds
[2025-07-21T13:25:49.531+0000] {processor.py:186} INFO - Started process (PID=12663) to work on /opt/airflow/dags/train_weather_pred.py
[2025-07-21T13:25:49.532+0000] {processor.py:914} INFO - Processing file /opt/airflow/dags/train_weather_pred.py for tasks to queue
[2025-07-21T13:25:49.535+0000] {logging_mixin.py:190} INFO - [2025-07-21T13:25:49.534+0000] {dagbag.py:588} INFO - Filling up the DagBag from /opt/airflow/dags/train_weather_pred.py
[2025-07-21T13:25:52.809+0000] {processor.py:925} INFO - DAG(s) 'train_weather_pred' retrieved from /opt/airflow/dags/train_weather_pred.py
[2025-07-21T13:25:52.830+0000] {logging_mixin.py:190} INFO - [2025-07-21T13:25:52.830+0000] {dag.py:3239} INFO - Sync 1 DAGs
[2025-07-21T13:25:52.850+0000] {logging_mixin.py:190} INFO - [2025-07-21T13:25:52.850+0000] {dag.py:4180} INFO - Setting next_dagrun for train_weather_pred to 2025-07-21 00:00:00+00:00, run_after=2025-07-22 00:00:00+00:00
[2025-07-21T13:25:52.864+0000] {processor.py:208} INFO - Processing /opt/airflow/dags/train_weather_pred.py took 3.338 seconds
[2025-07-21T13:26:24.622+0000] {processor.py:186} INFO - Started process (PID=12761) to work on /opt/airflow/dags/train_weather_pred.py
[2025-07-21T13:26:24.623+0000] {processor.py:914} INFO - Processing file /opt/airflow/dags/train_weather_pred.py for tasks to queue
[2025-07-21T13:26:24.626+0000] {logging_mixin.py:190} INFO - [2025-07-21T13:26:24.626+0000] {dagbag.py:588} INFO - Filling up the DagBag from /opt/airflow/dags/train_weather_pred.py
[2025-07-21T13:26:28.153+0000] {processor.py:925} INFO - DAG(s) 'train_weather_pred' retrieved from /opt/airflow/dags/train_weather_pred.py
[2025-07-21T13:26:28.175+0000] {logging_mixin.py:190} INFO - [2025-07-21T13:26:28.174+0000] {dag.py:3239} INFO - Sync 1 DAGs
[2025-07-21T13:26:28.193+0000] {logging_mixin.py:190} INFO - [2025-07-21T13:26:28.193+0000] {dag.py:4180} INFO - Setting next_dagrun for train_weather_pred to 2025-07-21 00:00:00+00:00, run_after=2025-07-22 00:00:00+00:00
[2025-07-21T13:26:28.207+0000] {processor.py:208} INFO - Processing /opt/airflow/dags/train_weather_pred.py took 3.592 seconds
[2025-07-21T13:26:59.400+0000] {processor.py:186} INFO - Started process (PID=12865) to work on /opt/airflow/dags/train_weather_pred.py
[2025-07-21T13:26:59.401+0000] {processor.py:914} INFO - Processing file /opt/airflow/dags/train_weather_pred.py for tasks to queue
[2025-07-21T13:26:59.408+0000] {logging_mixin.py:190} INFO - [2025-07-21T13:26:59.408+0000] {dagbag.py:588} INFO - Filling up the DagBag from /opt/airflow/dags/train_weather_pred.py
[2025-07-21T13:27:02.688+0000] {processor.py:925} INFO - DAG(s) 'train_weather_pred' retrieved from /opt/airflow/dags/train_weather_pred.py
[2025-07-21T13:27:02.708+0000] {logging_mixin.py:190} INFO - [2025-07-21T13:27:02.708+0000] {dag.py:3239} INFO - Sync 1 DAGs
[2025-07-21T13:27:02.943+0000] {logging_mixin.py:190} INFO - [2025-07-21T13:27:02.942+0000] {dag.py:4180} INFO - Setting next_dagrun for train_weather_pred to 2025-07-21 00:00:00+00:00, run_after=2025-07-22 00:00:00+00:00
[2025-07-21T13:27:02.957+0000] {processor.py:208} INFO - Processing /opt/airflow/dags/train_weather_pred.py took 3.565 seconds
[2025-07-21T13:27:34.631+0000] {processor.py:186} INFO - Started process (PID=12963) to work on /opt/airflow/dags/train_weather_pred.py
[2025-07-21T13:27:34.632+0000] {processor.py:914} INFO - Processing file /opt/airflow/dags/train_weather_pred.py for tasks to queue
[2025-07-21T13:27:34.635+0000] {logging_mixin.py:190} INFO - [2025-07-21T13:27:34.635+0000] {dagbag.py:588} INFO - Filling up the DagBag from /opt/airflow/dags/train_weather_pred.py
[2025-07-21T13:27:37.973+0000] {processor.py:925} INFO - DAG(s) 'train_weather_pred' retrieved from /opt/airflow/dags/train_weather_pred.py
[2025-07-21T13:27:37.994+0000] {logging_mixin.py:190} INFO - [2025-07-21T13:27:37.994+0000] {dag.py:3239} INFO - Sync 1 DAGs
[2025-07-21T13:27:38.013+0000] {logging_mixin.py:190} INFO - [2025-07-21T13:27:38.013+0000] {dag.py:4180} INFO - Setting next_dagrun for train_weather_pred to 2025-07-21 00:00:00+00:00, run_after=2025-07-22 00:00:00+00:00
[2025-07-21T13:27:38.028+0000] {processor.py:208} INFO - Processing /opt/airflow/dags/train_weather_pred.py took 3.402 seconds
[2025-07-21T13:28:09.813+0000] {processor.py:186} INFO - Started process (PID=13061) to work on /opt/airflow/dags/train_weather_pred.py
[2025-07-21T13:28:09.814+0000] {processor.py:914} INFO - Processing file /opt/airflow/dags/train_weather_pred.py for tasks to queue
[2025-07-21T13:28:09.817+0000] {logging_mixin.py:190} INFO - [2025-07-21T13:28:09.816+0000] {dagbag.py:588} INFO - Filling up the DagBag from /opt/airflow/dags/train_weather_pred.py
[2025-07-21T13:28:13.322+0000] {processor.py:925} INFO - DAG(s) 'train_weather_pred' retrieved from /opt/airflow/dags/train_weather_pred.py
[2025-07-21T13:28:13.344+0000] {logging_mixin.py:190} INFO - [2025-07-21T13:28:13.344+0000] {dag.py:3239} INFO - Sync 1 DAGs
[2025-07-21T13:28:13.364+0000] {logging_mixin.py:190} INFO - [2025-07-21T13:28:13.364+0000] {dag.py:4180} INFO - Setting next_dagrun for train_weather_pred to 2025-07-21 00:00:00+00:00, run_after=2025-07-22 00:00:00+00:00
[2025-07-21T13:28:13.380+0000] {processor.py:208} INFO - Processing /opt/airflow/dags/train_weather_pred.py took 3.574 seconds
[2025-07-21T13:28:45.195+0000] {processor.py:186} INFO - Started process (PID=13162) to work on /opt/airflow/dags/train_weather_pred.py
[2025-07-21T13:28:45.196+0000] {processor.py:914} INFO - Processing file /opt/airflow/dags/train_weather_pred.py for tasks to queue
[2025-07-21T13:28:45.199+0000] {logging_mixin.py:190} INFO - [2025-07-21T13:28:45.198+0000] {dagbag.py:588} INFO - Filling up the DagBag from /opt/airflow/dags/train_weather_pred.py
[2025-07-21T13:28:48.603+0000] {processor.py:925} INFO - DAG(s) 'train_weather_pred' retrieved from /opt/airflow/dags/train_weather_pred.py
[2025-07-21T13:28:48.624+0000] {logging_mixin.py:190} INFO - [2025-07-21T13:28:48.624+0000] {dag.py:3239} INFO - Sync 1 DAGs
[2025-07-21T13:28:48.644+0000] {logging_mixin.py:190} INFO - [2025-07-21T13:28:48.644+0000] {dag.py:4180} INFO - Setting next_dagrun for train_weather_pred to 2025-07-21 00:00:00+00:00, run_after=2025-07-22 00:00:00+00:00
[2025-07-21T13:28:48.881+0000] {processor.py:208} INFO - Processing /opt/airflow/dags/train_weather_pred.py took 3.693 seconds
[2025-07-21T13:29:20.445+0000] {processor.py:186} INFO - Started process (PID=13260) to work on /opt/airflow/dags/train_weather_pred.py
[2025-07-21T13:29:20.447+0000] {processor.py:914} INFO - Processing file /opt/airflow/dags/train_weather_pred.py for tasks to queue
[2025-07-21T13:29:20.449+0000] {logging_mixin.py:190} INFO - [2025-07-21T13:29:20.449+0000] {dagbag.py:588} INFO - Filling up the DagBag from /opt/airflow/dags/train_weather_pred.py
[2025-07-21T13:29:23.982+0000] {processor.py:925} INFO - DAG(s) 'train_weather_pred' retrieved from /opt/airflow/dags/train_weather_pred.py
[2025-07-21T13:29:24.006+0000] {logging_mixin.py:190} INFO - [2025-07-21T13:29:24.005+0000] {dag.py:3239} INFO - Sync 1 DAGs
[2025-07-21T13:29:24.029+0000] {logging_mixin.py:190} INFO - [2025-07-21T13:29:24.029+0000] {dag.py:4180} INFO - Setting next_dagrun for train_weather_pred to 2025-07-21 00:00:00+00:00, run_after=2025-07-22 00:00:00+00:00
[2025-07-21T13:29:24.045+0000] {processor.py:208} INFO - Processing /opt/airflow/dags/train_weather_pred.py took 3.606 seconds
[2025-07-21T13:29:55.102+0000] {processor.py:186} INFO - Started process (PID=13358) to work on /opt/airflow/dags/train_weather_pred.py
[2025-07-21T13:29:55.104+0000] {processor.py:914} INFO - Processing file /opt/airflow/dags/train_weather_pred.py for tasks to queue
[2025-07-21T13:29:55.107+0000] {logging_mixin.py:190} INFO - [2025-07-21T13:29:55.107+0000] {dagbag.py:588} INFO - Filling up the DagBag from /opt/airflow/dags/train_weather_pred.py
[2025-07-21T13:29:58.429+0000] {processor.py:925} INFO - DAG(s) 'train_weather_pred' retrieved from /opt/airflow/dags/train_weather_pred.py
[2025-07-21T13:29:58.453+0000] {logging_mixin.py:190} INFO - [2025-07-21T13:29:58.452+0000] {dag.py:3239} INFO - Sync 1 DAGs
[2025-07-21T13:29:58.470+0000] {logging_mixin.py:190} INFO - [2025-07-21T13:29:58.470+0000] {dag.py:4180} INFO - Setting next_dagrun for train_weather_pred to 2025-07-21 00:00:00+00:00, run_after=2025-07-22 00:00:00+00:00
[2025-07-21T13:29:58.702+0000] {processor.py:208} INFO - Processing /opt/airflow/dags/train_weather_pred.py took 3.606 seconds
[2025-07-21T13:30:30.283+0000] {processor.py:186} INFO - Started process (PID=13462) to work on /opt/airflow/dags/train_weather_pred.py
[2025-07-21T13:30:30.285+0000] {processor.py:914} INFO - Processing file /opt/airflow/dags/train_weather_pred.py for tasks to queue
[2025-07-21T13:30:30.288+0000] {logging_mixin.py:190} INFO - [2025-07-21T13:30:30.287+0000] {dagbag.py:588} INFO - Filling up the DagBag from /opt/airflow/dags/train_weather_pred.py
[2025-07-21T13:30:33.831+0000] {processor.py:925} INFO - DAG(s) 'train_weather_pred' retrieved from /opt/airflow/dags/train_weather_pred.py
[2025-07-21T13:30:33.853+0000] {logging_mixin.py:190} INFO - [2025-07-21T13:30:33.852+0000] {dag.py:3239} INFO - Sync 1 DAGs
[2025-07-21T13:30:33.869+0000] {logging_mixin.py:190} INFO - [2025-07-21T13:30:33.869+0000] {dag.py:4180} INFO - Setting next_dagrun for train_weather_pred to 2025-07-21 00:00:00+00:00, run_after=2025-07-22 00:00:00+00:00
[2025-07-21T13:30:33.883+0000] {processor.py:208} INFO - Processing /opt/airflow/dags/train_weather_pred.py took 3.606 seconds
[2025-07-21T13:31:05.820+0000] {processor.py:186} INFO - Started process (PID=13560) to work on /opt/airflow/dags/train_weather_pred.py
[2025-07-21T13:31:05.821+0000] {processor.py:914} INFO - Processing file /opt/airflow/dags/train_weather_pred.py for tasks to queue
[2025-07-21T13:31:05.823+0000] {logging_mixin.py:190} INFO - [2025-07-21T13:31:05.823+0000] {dagbag.py:588} INFO - Filling up the DagBag from /opt/airflow/dags/train_weather_pred.py
[2025-07-21T13:31:09.260+0000] {processor.py:925} INFO - DAG(s) 'train_weather_pred' retrieved from /opt/airflow/dags/train_weather_pred.py
[2025-07-21T13:31:09.282+0000] {logging_mixin.py:190} INFO - [2025-07-21T13:31:09.281+0000] {dag.py:3239} INFO - Sync 1 DAGs
[2025-07-21T13:31:09.521+0000] {logging_mixin.py:190} INFO - [2025-07-21T13:31:09.521+0000] {dag.py:4180} INFO - Setting next_dagrun for train_weather_pred to 2025-07-21 00:00:00+00:00, run_after=2025-07-22 00:00:00+00:00
[2025-07-21T13:31:09.539+0000] {processor.py:208} INFO - Processing /opt/airflow/dags/train_weather_pred.py took 3.724 seconds
[2025-07-21T13:31:40.515+0000] {processor.py:186} INFO - Started process (PID=13658) to work on /opt/airflow/dags/train_weather_pred.py
[2025-07-21T13:31:40.516+0000] {processor.py:914} INFO - Processing file /opt/airflow/dags/train_weather_pred.py for tasks to queue
[2025-07-21T13:31:40.518+0000] {logging_mixin.py:190} INFO - [2025-07-21T13:31:40.518+0000] {dagbag.py:588} INFO - Filling up the DagBag from /opt/airflow/dags/train_weather_pred.py
[2025-07-21T13:31:43.843+0000] {processor.py:925} INFO - DAG(s) 'train_weather_pred' retrieved from /opt/airflow/dags/train_weather_pred.py
[2025-07-21T13:31:43.867+0000] {logging_mixin.py:190} INFO - [2025-07-21T13:31:43.866+0000] {dag.py:3239} INFO - Sync 1 DAGs
[2025-07-21T13:31:43.886+0000] {logging_mixin.py:190} INFO - [2025-07-21T13:31:43.886+0000] {dag.py:4180} INFO - Setting next_dagrun for train_weather_pred to 2025-07-21 00:00:00+00:00, run_after=2025-07-22 00:00:00+00:00
[2025-07-21T13:31:43.903+0000] {processor.py:208} INFO - Processing /opt/airflow/dags/train_weather_pred.py took 3.394 seconds
[2025-07-21T13:32:15.120+0000] {processor.py:186} INFO - Started process (PID=13756) to work on /opt/airflow/dags/train_weather_pred.py
[2025-07-21T13:32:15.121+0000] {processor.py:914} INFO - Processing file /opt/airflow/dags/train_weather_pred.py for tasks to queue
[2025-07-21T13:32:15.123+0000] {logging_mixin.py:190} INFO - [2025-07-21T13:32:15.123+0000] {dagbag.py:588} INFO - Filling up the DagBag from /opt/airflow/dags/train_weather_pred.py
[2025-07-21T13:32:18.802+0000] {processor.py:925} INFO - DAG(s) 'train_weather_pred' retrieved from /opt/airflow/dags/train_weather_pred.py
[2025-07-21T13:32:18.824+0000] {logging_mixin.py:190} INFO - [2025-07-21T13:32:18.824+0000] {dag.py:3239} INFO - Sync 1 DAGs
[2025-07-21T13:32:19.066+0000] {logging_mixin.py:190} INFO - [2025-07-21T13:32:19.066+0000] {dag.py:4180} INFO - Setting next_dagrun for train_weather_pred to 2025-07-21 00:00:00+00:00, run_after=2025-07-22 00:00:00+00:00
[2025-07-21T13:32:19.085+0000] {processor.py:208} INFO - Processing /opt/airflow/dags/train_weather_pred.py took 3.971 seconds
[2025-07-21T13:32:50.062+0000] {processor.py:186} INFO - Started process (PID=13854) to work on /opt/airflow/dags/train_weather_pred.py
[2025-07-21T13:32:50.064+0000] {processor.py:914} INFO - Processing file /opt/airflow/dags/train_weather_pred.py for tasks to queue
[2025-07-21T13:32:50.066+0000] {logging_mixin.py:190} INFO - [2025-07-21T13:32:50.065+0000] {dagbag.py:588} INFO - Filling up the DagBag from /opt/airflow/dags/train_weather_pred.py
[2025-07-21T13:32:53.439+0000] {processor.py:925} INFO - DAG(s) 'train_weather_pred' retrieved from /opt/airflow/dags/train_weather_pred.py
[2025-07-21T13:32:53.462+0000] {logging_mixin.py:190} INFO - [2025-07-21T13:32:53.462+0000] {dag.py:3239} INFO - Sync 1 DAGs
[2025-07-21T13:32:53.482+0000] {logging_mixin.py:190} INFO - [2025-07-21T13:32:53.482+0000] {dag.py:4180} INFO - Setting next_dagrun for train_weather_pred to 2025-07-21 00:00:00+00:00, run_after=2025-07-22 00:00:00+00:00
[2025-07-21T13:32:53.496+0000] {processor.py:208} INFO - Processing /opt/airflow/dags/train_weather_pred.py took 3.438 seconds
[2025-07-21T13:33:24.636+0000] {processor.py:186} INFO - Started process (PID=13952) to work on /opt/airflow/dags/train_weather_pred.py
[2025-07-21T13:33:24.637+0000] {processor.py:914} INFO - Processing file /opt/airflow/dags/train_weather_pred.py for tasks to queue
[2025-07-21T13:33:24.639+0000] {logging_mixin.py:190} INFO - [2025-07-21T13:33:24.639+0000] {dagbag.py:588} INFO - Filling up the DagBag from /opt/airflow/dags/train_weather_pred.py
[2025-07-21T13:33:28.207+0000] {processor.py:925} INFO - DAG(s) 'train_weather_pred' retrieved from /opt/airflow/dags/train_weather_pred.py
[2025-07-21T13:33:28.229+0000] {logging_mixin.py:190} INFO - [2025-07-21T13:33:28.228+0000] {dag.py:3239} INFO - Sync 1 DAGs
[2025-07-21T13:33:28.248+0000] {logging_mixin.py:190} INFO - [2025-07-21T13:33:28.248+0000] {dag.py:4180} INFO - Setting next_dagrun for train_weather_pred to 2025-07-21 00:00:00+00:00, run_after=2025-07-22 00:00:00+00:00
[2025-07-21T13:33:28.264+0000] {processor.py:208} INFO - Processing /opt/airflow/dags/train_weather_pred.py took 3.634 seconds
[2025-07-21T13:33:59.345+0000] {processor.py:186} INFO - Started process (PID=14056) to work on /opt/airflow/dags/train_weather_pred.py
[2025-07-21T13:33:59.346+0000] {processor.py:914} INFO - Processing file /opt/airflow/dags/train_weather_pred.py for tasks to queue
[2025-07-21T13:33:59.348+0000] {logging_mixin.py:190} INFO - [2025-07-21T13:33:59.348+0000] {dagbag.py:588} INFO - Filling up the DagBag from /opt/airflow/dags/train_weather_pred.py
[2025-07-21T13:34:02.809+0000] {processor.py:925} INFO - DAG(s) 'train_weather_pred' retrieved from /opt/airflow/dags/train_weather_pred.py
[2025-07-21T13:34:02.833+0000] {logging_mixin.py:190} INFO - [2025-07-21T13:34:02.832+0000] {dag.py:3239} INFO - Sync 1 DAGs
[2025-07-21T13:34:02.852+0000] {logging_mixin.py:190} INFO - [2025-07-21T13:34:02.852+0000] {dag.py:4180} INFO - Setting next_dagrun for train_weather_pred to 2025-07-21 00:00:00+00:00, run_after=2025-07-22 00:00:00+00:00
[2025-07-21T13:34:02.869+0000] {processor.py:208} INFO - Processing /opt/airflow/dags/train_weather_pred.py took 3.530 seconds
[2025-07-21T13:34:34.440+0000] {processor.py:186} INFO - Started process (PID=14154) to work on /opt/airflow/dags/train_weather_pred.py
[2025-07-21T13:34:34.441+0000] {processor.py:914} INFO - Processing file /opt/airflow/dags/train_weather_pred.py for tasks to queue
[2025-07-21T13:34:34.444+0000] {logging_mixin.py:190} INFO - [2025-07-21T13:34:34.443+0000] {dagbag.py:588} INFO - Filling up the DagBag from /opt/airflow/dags/train_weather_pred.py
[2025-07-21T13:34:37.969+0000] {processor.py:925} INFO - DAG(s) 'train_weather_pred' retrieved from /opt/airflow/dags/train_weather_pred.py
[2025-07-21T13:34:37.992+0000] {logging_mixin.py:190} INFO - [2025-07-21T13:34:37.991+0000] {dag.py:3239} INFO - Sync 1 DAGs
[2025-07-21T13:34:38.010+0000] {logging_mixin.py:190} INFO - [2025-07-21T13:34:38.009+0000] {dag.py:4180} INFO - Setting next_dagrun for train_weather_pred to 2025-07-21 00:00:00+00:00, run_after=2025-07-22 00:00:00+00:00
[2025-07-21T13:34:38.026+0000] {processor.py:208} INFO - Processing /opt/airflow/dags/train_weather_pred.py took 3.592 seconds
[2025-07-21T13:35:09.090+0000] {processor.py:186} INFO - Started process (PID=14252) to work on /opt/airflow/dags/train_weather_pred.py
[2025-07-21T13:35:09.092+0000] {processor.py:914} INFO - Processing file /opt/airflow/dags/train_weather_pred.py for tasks to queue
[2025-07-21T13:35:09.095+0000] {logging_mixin.py:190} INFO - [2025-07-21T13:35:09.094+0000] {dagbag.py:588} INFO - Filling up the DagBag from /opt/airflow/dags/train_weather_pred.py
[2025-07-21T13:35:12.551+0000] {processor.py:925} INFO - DAG(s) 'train_weather_pred' retrieved from /opt/airflow/dags/train_weather_pred.py
[2025-07-21T13:35:12.574+0000] {logging_mixin.py:190} INFO - [2025-07-21T13:35:12.573+0000] {dag.py:3239} INFO - Sync 1 DAGs
[2025-07-21T13:35:12.591+0000] {logging_mixin.py:190} INFO - [2025-07-21T13:35:12.591+0000] {dag.py:4180} INFO - Setting next_dagrun for train_weather_pred to 2025-07-21 00:00:00+00:00, run_after=2025-07-22 00:00:00+00:00
[2025-07-21T13:35:12.607+0000] {processor.py:208} INFO - Processing /opt/airflow/dags/train_weather_pred.py took 3.524 seconds
[2025-07-21T13:35:43.968+0000] {processor.py:186} INFO - Started process (PID=14350) to work on /opt/airflow/dags/train_weather_pred.py
[2025-07-21T13:35:43.969+0000] {processor.py:914} INFO - Processing file /opt/airflow/dags/train_weather_pred.py for tasks to queue
[2025-07-21T13:35:43.972+0000] {logging_mixin.py:190} INFO - [2025-07-21T13:35:43.972+0000] {dagbag.py:588} INFO - Filling up the DagBag from /opt/airflow/dags/train_weather_pred.py
[2025-07-21T13:35:47.546+0000] {processor.py:925} INFO - DAG(s) 'train_weather_pred' retrieved from /opt/airflow/dags/train_weather_pred.py
[2025-07-21T13:35:47.570+0000] {logging_mixin.py:190} INFO - [2025-07-21T13:35:47.569+0000] {dag.py:3239} INFO - Sync 1 DAGs
[2025-07-21T13:35:47.588+0000] {logging_mixin.py:190} INFO - [2025-07-21T13:35:47.588+0000] {dag.py:4180} INFO - Setting next_dagrun for train_weather_pred to 2025-07-21 00:00:00+00:00, run_after=2025-07-22 00:00:00+00:00
[2025-07-21T13:35:47.604+0000] {processor.py:208} INFO - Processing /opt/airflow/dags/train_weather_pred.py took 3.644 seconds
[2025-07-21T13:36:19.280+0000] {processor.py:186} INFO - Started process (PID=14448) to work on /opt/airflow/dags/train_weather_pred.py
[2025-07-21T13:36:19.282+0000] {processor.py:914} INFO - Processing file /opt/airflow/dags/train_weather_pred.py for tasks to queue
[2025-07-21T13:36:19.284+0000] {logging_mixin.py:190} INFO - [2025-07-21T13:36:19.283+0000] {dagbag.py:588} INFO - Filling up the DagBag from /opt/airflow/dags/train_weather_pred.py
[2025-07-21T13:36:22.767+0000] {processor.py:925} INFO - DAG(s) 'train_weather_pred' retrieved from /opt/airflow/dags/train_weather_pred.py
[2025-07-21T13:36:22.788+0000] {logging_mixin.py:190} INFO - [2025-07-21T13:36:22.788+0000] {dag.py:3239} INFO - Sync 1 DAGs
[2025-07-21T13:36:22.806+0000] {logging_mixin.py:190} INFO - [2025-07-21T13:36:22.805+0000] {dag.py:4180} INFO - Setting next_dagrun for train_weather_pred to 2025-07-21 00:00:00+00:00, run_after=2025-07-22 00:00:00+00:00
[2025-07-21T13:36:22.822+0000] {processor.py:208} INFO - Processing /opt/airflow/dags/train_weather_pred.py took 3.548 seconds
[2025-07-21T13:36:53.881+0000] {processor.py:186} INFO - Started process (PID=14546) to work on /opt/airflow/dags/train_weather_pred.py
[2025-07-21T13:36:53.882+0000] {processor.py:914} INFO - Processing file /opt/airflow/dags/train_weather_pred.py for tasks to queue
[2025-07-21T13:36:53.884+0000] {logging_mixin.py:190} INFO - [2025-07-21T13:36:53.884+0000] {dagbag.py:588} INFO - Filling up the DagBag from /opt/airflow/dags/train_weather_pred.py
[2025-07-21T13:36:57.376+0000] {processor.py:925} INFO - DAG(s) 'train_weather_pred' retrieved from /opt/airflow/dags/train_weather_pred.py
[2025-07-21T13:36:57.403+0000] {logging_mixin.py:190} INFO - [2025-07-21T13:36:57.402+0000] {dag.py:3239} INFO - Sync 1 DAGs
[2025-07-21T13:36:57.421+0000] {logging_mixin.py:190} INFO - [2025-07-21T13:36:57.421+0000] {dag.py:4180} INFO - Setting next_dagrun for train_weather_pred to 2025-07-21 00:00:00+00:00, run_after=2025-07-22 00:00:00+00:00
[2025-07-21T13:36:57.437+0000] {processor.py:208} INFO - Processing /opt/airflow/dags/train_weather_pred.py took 3.561 seconds
[2025-07-21T13:37:28.767+0000] {processor.py:186} INFO - Started process (PID=14650) to work on /opt/airflow/dags/train_weather_pred.py
[2025-07-21T13:37:28.768+0000] {processor.py:914} INFO - Processing file /opt/airflow/dags/train_weather_pred.py for tasks to queue
[2025-07-21T13:37:28.771+0000] {logging_mixin.py:190} INFO - [2025-07-21T13:37:28.771+0000] {dagbag.py:588} INFO - Filling up the DagBag from /opt/airflow/dags/train_weather_pred.py
[2025-07-21T13:37:32.262+0000] {processor.py:925} INFO - DAG(s) 'train_weather_pred' retrieved from /opt/airflow/dags/train_weather_pred.py
[2025-07-21T13:37:32.283+0000] {logging_mixin.py:190} INFO - [2025-07-21T13:37:32.283+0000] {dag.py:3239} INFO - Sync 1 DAGs
[2025-07-21T13:37:32.303+0000] {logging_mixin.py:190} INFO - [2025-07-21T13:37:32.302+0000] {dag.py:4180} INFO - Setting next_dagrun for train_weather_pred to 2025-07-21 00:00:00+00:00, run_after=2025-07-22 00:00:00+00:00
[2025-07-21T13:37:32.318+0000] {processor.py:208} INFO - Processing /opt/airflow/dags/train_weather_pred.py took 3.558 seconds
[2025-07-21T13:38:03.395+0000] {processor.py:186} INFO - Started process (PID=14748) to work on /opt/airflow/dags/train_weather_pred.py
[2025-07-21T13:38:03.397+0000] {processor.py:914} INFO - Processing file /opt/airflow/dags/train_weather_pred.py for tasks to queue
[2025-07-21T13:38:03.400+0000] {logging_mixin.py:190} INFO - [2025-07-21T13:38:03.399+0000] {dagbag.py:588} INFO - Filling up the DagBag from /opt/airflow/dags/train_weather_pred.py
[2025-07-21T13:38:06.819+0000] {processor.py:925} INFO - DAG(s) 'train_weather_pred' retrieved from /opt/airflow/dags/train_weather_pred.py
[2025-07-21T13:38:06.843+0000] {logging_mixin.py:190} INFO - [2025-07-21T13:38:06.842+0000] {dag.py:3239} INFO - Sync 1 DAGs
[2025-07-21T13:38:06.862+0000] {logging_mixin.py:190} INFO - [2025-07-21T13:38:06.861+0000] {dag.py:4180} INFO - Setting next_dagrun for train_weather_pred to 2025-07-21 00:00:00+00:00, run_after=2025-07-22 00:00:00+00:00
[2025-07-21T13:38:06.875+0000] {processor.py:208} INFO - Processing /opt/airflow/dags/train_weather_pred.py took 3.487 seconds
[2025-07-21T13:38:38.864+0000] {processor.py:186} INFO - Started process (PID=14846) to work on /opt/airflow/dags/train_weather_pred.py
[2025-07-21T13:38:38.865+0000] {processor.py:914} INFO - Processing file /opt/airflow/dags/train_weather_pred.py for tasks to queue
[2025-07-21T13:38:38.868+0000] {logging_mixin.py:190} INFO - [2025-07-21T13:38:38.867+0000] {dagbag.py:588} INFO - Filling up the DagBag from /opt/airflow/dags/train_weather_pred.py
[2025-07-21T13:38:42.316+0000] {processor.py:925} INFO - DAG(s) 'train_weather_pred' retrieved from /opt/airflow/dags/train_weather_pred.py
[2025-07-21T13:38:42.339+0000] {logging_mixin.py:190} INFO - [2025-07-21T13:38:42.339+0000] {dag.py:3239} INFO - Sync 1 DAGs
[2025-07-21T13:38:42.359+0000] {logging_mixin.py:190} INFO - [2025-07-21T13:38:42.359+0000] {dag.py:4180} INFO - Setting next_dagrun for train_weather_pred to 2025-07-21 00:00:00+00:00, run_after=2025-07-22 00:00:00+00:00
[2025-07-21T13:38:42.375+0000] {processor.py:208} INFO - Processing /opt/airflow/dags/train_weather_pred.py took 3.518 seconds
[2025-07-21T13:39:13.638+0000] {processor.py:186} INFO - Started process (PID=14944) to work on /opt/airflow/dags/train_weather_pred.py
[2025-07-21T13:39:13.640+0000] {processor.py:914} INFO - Processing file /opt/airflow/dags/train_weather_pred.py for tasks to queue
[2025-07-21T13:39:13.643+0000] {logging_mixin.py:190} INFO - [2025-07-21T13:39:13.642+0000] {dagbag.py:588} INFO - Filling up the DagBag from /opt/airflow/dags/train_weather_pred.py
[2025-07-21T13:39:17.123+0000] {processor.py:925} INFO - DAG(s) 'train_weather_pred' retrieved from /opt/airflow/dags/train_weather_pred.py
[2025-07-21T13:39:17.146+0000] {logging_mixin.py:190} INFO - [2025-07-21T13:39:17.145+0000] {dag.py:3239} INFO - Sync 1 DAGs
[2025-07-21T13:39:17.165+0000] {logging_mixin.py:190} INFO - [2025-07-21T13:39:17.165+0000] {dag.py:4180} INFO - Setting next_dagrun for train_weather_pred to 2025-07-21 00:00:00+00:00, run_after=2025-07-22 00:00:00+00:00
[2025-07-21T13:39:17.182+0000] {processor.py:208} INFO - Processing /opt/airflow/dags/train_weather_pred.py took 3.552 seconds
[2025-07-21T13:39:48.340+0000] {processor.py:186} INFO - Started process (PID=15042) to work on /opt/airflow/dags/train_weather_pred.py
[2025-07-21T13:39:48.341+0000] {processor.py:914} INFO - Processing file /opt/airflow/dags/train_weather_pred.py for tasks to queue
[2025-07-21T13:39:48.344+0000] {logging_mixin.py:190} INFO - [2025-07-21T13:39:48.344+0000] {dagbag.py:588} INFO - Filling up the DagBag from /opt/airflow/dags/train_weather_pred.py
[2025-07-21T13:39:51.897+0000] {processor.py:925} INFO - DAG(s) 'train_weather_pred' retrieved from /opt/airflow/dags/train_weather_pred.py
[2025-07-21T13:39:51.916+0000] {logging_mixin.py:190} INFO - [2025-07-21T13:39:51.915+0000] {dag.py:3239} INFO - Sync 1 DAGs
[2025-07-21T13:39:51.934+0000] {logging_mixin.py:190} INFO - [2025-07-21T13:39:51.934+0000] {dag.py:4180} INFO - Setting next_dagrun for train_weather_pred to 2025-07-21 00:00:00+00:00, run_after=2025-07-22 00:00:00+00:00
[2025-07-21T13:39:51.949+0000] {processor.py:208} INFO - Processing /opt/airflow/dags/train_weather_pred.py took 3.615 seconds
[2025-07-21T13:40:23.300+0000] {processor.py:186} INFO - Started process (PID=15140) to work on /opt/airflow/dags/train_weather_pred.py
[2025-07-21T13:40:23.301+0000] {processor.py:914} INFO - Processing file /opt/airflow/dags/train_weather_pred.py for tasks to queue
[2025-07-21T13:40:23.304+0000] {logging_mixin.py:190} INFO - [2025-07-21T13:40:23.304+0000] {dagbag.py:588} INFO - Filling up the DagBag from /opt/airflow/dags/train_weather_pred.py
[2025-07-21T13:40:26.783+0000] {processor.py:925} INFO - DAG(s) 'train_weather_pred' retrieved from /opt/airflow/dags/train_weather_pred.py
[2025-07-21T13:40:26.807+0000] {logging_mixin.py:190} INFO - [2025-07-21T13:40:26.806+0000] {dag.py:3239} INFO - Sync 1 DAGs
[2025-07-21T13:40:26.826+0000] {logging_mixin.py:190} INFO - [2025-07-21T13:40:26.826+0000] {dag.py:4180} INFO - Setting next_dagrun for train_weather_pred to 2025-07-21 00:00:00+00:00, run_after=2025-07-22 00:00:00+00:00
[2025-07-21T13:40:26.845+0000] {processor.py:208} INFO - Processing /opt/airflow/dags/train_weather_pred.py took 3.551 seconds
[2025-07-21T13:40:58.248+0000] {processor.py:186} INFO - Started process (PID=15244) to work on /opt/airflow/dags/train_weather_pred.py
[2025-07-21T13:40:58.249+0000] {processor.py:914} INFO - Processing file /opt/airflow/dags/train_weather_pred.py for tasks to queue
[2025-07-21T13:40:58.252+0000] {logging_mixin.py:190} INFO - [2025-07-21T13:40:58.251+0000] {dagbag.py:588} INFO - Filling up the DagBag from /opt/airflow/dags/train_weather_pred.py
[2025-07-21T13:41:01.713+0000] {processor.py:925} INFO - DAG(s) 'train_weather_pred' retrieved from /opt/airflow/dags/train_weather_pred.py
[2025-07-21T13:41:01.734+0000] {logging_mixin.py:190} INFO - [2025-07-21T13:41:01.733+0000] {dag.py:3239} INFO - Sync 1 DAGs
[2025-07-21T13:41:01.754+0000] {logging_mixin.py:190} INFO - [2025-07-21T13:41:01.754+0000] {dag.py:4180} INFO - Setting next_dagrun for train_weather_pred to 2025-07-21 00:00:00+00:00, run_after=2025-07-22 00:00:00+00:00
[2025-07-21T13:41:01.771+0000] {processor.py:208} INFO - Processing /opt/airflow/dags/train_weather_pred.py took 3.528 seconds
[2025-07-21T13:41:32.841+0000] {processor.py:186} INFO - Started process (PID=15342) to work on /opt/airflow/dags/train_weather_pred.py
[2025-07-21T13:41:32.843+0000] {processor.py:914} INFO - Processing file /opt/airflow/dags/train_weather_pred.py for tasks to queue
[2025-07-21T13:41:32.845+0000] {logging_mixin.py:190} INFO - [2025-07-21T13:41:32.845+0000] {dagbag.py:588} INFO - Filling up the DagBag from /opt/airflow/dags/train_weather_pred.py
[2025-07-21T13:41:36.284+0000] {processor.py:925} INFO - DAG(s) 'train_weather_pred' retrieved from /opt/airflow/dags/train_weather_pred.py
[2025-07-21T13:41:36.306+0000] {logging_mixin.py:190} INFO - [2025-07-21T13:41:36.306+0000] {dag.py:3239} INFO - Sync 1 DAGs
[2025-07-21T13:41:36.334+0000] {logging_mixin.py:190} INFO - [2025-07-21T13:41:36.334+0000] {dag.py:4180} INFO - Setting next_dagrun for train_weather_pred to 2025-07-21 00:00:00+00:00, run_after=2025-07-22 00:00:00+00:00
[2025-07-21T13:41:36.355+0000] {processor.py:208} INFO - Processing /opt/airflow/dags/train_weather_pred.py took 3.521 seconds
[2025-07-21T13:42:07.560+0000] {processor.py:186} INFO - Started process (PID=15440) to work on /opt/airflow/dags/train_weather_pred.py
[2025-07-21T13:42:07.561+0000] {processor.py:914} INFO - Processing file /opt/airflow/dags/train_weather_pred.py for tasks to queue
[2025-07-21T13:42:07.564+0000] {logging_mixin.py:190} INFO - [2025-07-21T13:42:07.564+0000] {dagbag.py:588} INFO - Filling up the DagBag from /opt/airflow/dags/train_weather_pred.py
[2025-07-21T13:42:10.812+0000] {processor.py:925} INFO - DAG(s) 'train_weather_pred' retrieved from /opt/airflow/dags/train_weather_pred.py
[2025-07-21T13:42:10.833+0000] {logging_mixin.py:190} INFO - [2025-07-21T13:42:10.832+0000] {dag.py:3239} INFO - Sync 1 DAGs
[2025-07-21T13:42:10.849+0000] {logging_mixin.py:190} INFO - [2025-07-21T13:42:10.848+0000] {dag.py:4180} INFO - Setting next_dagrun for train_weather_pred to 2025-07-21 00:00:00+00:00, run_after=2025-07-22 00:00:00+00:00
[2025-07-21T13:42:10.862+0000] {processor.py:208} INFO - Processing /opt/airflow/dags/train_weather_pred.py took 3.308 seconds
[2025-07-21T13:42:42.067+0000] {processor.py:186} INFO - Started process (PID=15538) to work on /opt/airflow/dags/train_weather_pred.py
[2025-07-21T13:42:42.068+0000] {processor.py:914} INFO - Processing file /opt/airflow/dags/train_weather_pred.py for tasks to queue
[2025-07-21T13:42:42.071+0000] {logging_mixin.py:190} INFO - [2025-07-21T13:42:42.071+0000] {dagbag.py:588} INFO - Filling up the DagBag from /opt/airflow/dags/train_weather_pred.py
[2025-07-21T13:42:45.299+0000] {processor.py:925} INFO - DAG(s) 'train_weather_pred' retrieved from /opt/airflow/dags/train_weather_pred.py
[2025-07-21T13:42:45.318+0000] {logging_mixin.py:190} INFO - [2025-07-21T13:42:45.318+0000] {dag.py:3239} INFO - Sync 1 DAGs
[2025-07-21T13:42:45.335+0000] {logging_mixin.py:190} INFO - [2025-07-21T13:42:45.335+0000] {dag.py:4180} INFO - Setting next_dagrun for train_weather_pred to 2025-07-21 00:00:00+00:00, run_after=2025-07-22 00:00:00+00:00
[2025-07-21T13:42:45.348+0000] {processor.py:208} INFO - Processing /opt/airflow/dags/train_weather_pred.py took 3.287 seconds
[2025-07-21T13:43:17.059+0000] {processor.py:186} INFO - Started process (PID=15636) to work on /opt/airflow/dags/train_weather_pred.py
[2025-07-21T13:43:17.060+0000] {processor.py:914} INFO - Processing file /opt/airflow/dags/train_weather_pred.py for tasks to queue
[2025-07-21T13:43:17.062+0000] {logging_mixin.py:190} INFO - [2025-07-21T13:43:17.062+0000] {dagbag.py:588} INFO - Filling up the DagBag from /opt/airflow/dags/train_weather_pred.py
[2025-07-21T13:43:20.353+0000] {processor.py:925} INFO - DAG(s) 'train_weather_pred' retrieved from /opt/airflow/dags/train_weather_pred.py
[2025-07-21T13:43:20.373+0000] {logging_mixin.py:190} INFO - [2025-07-21T13:43:20.372+0000] {dag.py:3239} INFO - Sync 1 DAGs
[2025-07-21T13:43:20.390+0000] {logging_mixin.py:190} INFO - [2025-07-21T13:43:20.390+0000] {dag.py:4180} INFO - Setting next_dagrun for train_weather_pred to 2025-07-21 00:00:00+00:00, run_after=2025-07-22 00:00:00+00:00
[2025-07-21T13:43:20.404+0000] {processor.py:208} INFO - Processing /opt/airflow/dags/train_weather_pred.py took 3.351 seconds
[2025-07-21T13:43:52.093+0000] {processor.py:186} INFO - Started process (PID=15734) to work on /opt/airflow/dags/train_weather_pred.py
[2025-07-21T13:43:52.094+0000] {processor.py:914} INFO - Processing file /opt/airflow/dags/train_weather_pred.py for tasks to queue
[2025-07-21T13:43:52.096+0000] {logging_mixin.py:190} INFO - [2025-07-21T13:43:52.096+0000] {dagbag.py:588} INFO - Filling up the DagBag from /opt/airflow/dags/train_weather_pred.py
[2025-07-21T13:43:55.305+0000] {processor.py:925} INFO - DAG(s) 'train_weather_pred' retrieved from /opt/airflow/dags/train_weather_pred.py
[2025-07-21T13:43:55.326+0000] {logging_mixin.py:190} INFO - [2025-07-21T13:43:55.324+0000] {dag.py:3239} INFO - Sync 1 DAGs
[2025-07-21T13:43:55.341+0000] {logging_mixin.py:190} INFO - [2025-07-21T13:43:55.340+0000] {dag.py:4180} INFO - Setting next_dagrun for train_weather_pred to 2025-07-21 00:00:00+00:00, run_after=2025-07-22 00:00:00+00:00
[2025-07-21T13:43:55.354+0000] {processor.py:208} INFO - Processing /opt/airflow/dags/train_weather_pred.py took 3.266 seconds
[2025-07-21T13:44:27.467+0000] {processor.py:186} INFO - Started process (PID=15838) to work on /opt/airflow/dags/train_weather_pred.py
[2025-07-21T13:44:27.468+0000] {processor.py:914} INFO - Processing file /opt/airflow/dags/train_weather_pred.py for tasks to queue
[2025-07-21T13:44:27.471+0000] {logging_mixin.py:190} INFO - [2025-07-21T13:44:27.470+0000] {dagbag.py:588} INFO - Filling up the DagBag from /opt/airflow/dags/train_weather_pred.py
[2025-07-21T13:44:30.711+0000] {processor.py:925} INFO - DAG(s) 'train_weather_pred' retrieved from /opt/airflow/dags/train_weather_pred.py
[2025-07-21T13:44:30.731+0000] {logging_mixin.py:190} INFO - [2025-07-21T13:44:30.730+0000] {dag.py:3239} INFO - Sync 1 DAGs
[2025-07-21T13:44:30.746+0000] {logging_mixin.py:190} INFO - [2025-07-21T13:44:30.746+0000] {dag.py:4180} INFO - Setting next_dagrun for train_weather_pred to 2025-07-21 00:00:00+00:00, run_after=2025-07-22 00:00:00+00:00
[2025-07-21T13:44:30.762+0000] {processor.py:208} INFO - Processing /opt/airflow/dags/train_weather_pred.py took 3.300 seconds
[2025-07-21T13:45:02.512+0000] {processor.py:186} INFO - Started process (PID=15936) to work on /opt/airflow/dags/train_weather_pred.py
[2025-07-21T13:45:02.513+0000] {processor.py:914} INFO - Processing file /opt/airflow/dags/train_weather_pred.py for tasks to queue
[2025-07-21T13:45:02.515+0000] {logging_mixin.py:190} INFO - [2025-07-21T13:45:02.515+0000] {dagbag.py:588} INFO - Filling up the DagBag from /opt/airflow/dags/train_weather_pred.py
[2025-07-21T13:45:05.804+0000] {processor.py:925} INFO - DAG(s) 'train_weather_pred' retrieved from /opt/airflow/dags/train_weather_pred.py
[2025-07-21T13:45:05.826+0000] {logging_mixin.py:190} INFO - [2025-07-21T13:45:05.824+0000] {dag.py:3239} INFO - Sync 1 DAGs
[2025-07-21T13:45:05.843+0000] {logging_mixin.py:190} INFO - [2025-07-21T13:45:05.842+0000] {dag.py:4180} INFO - Setting next_dagrun for train_weather_pred to 2025-07-21 00:00:00+00:00, run_after=2025-07-22 00:00:00+00:00
[2025-07-21T13:45:05.856+0000] {processor.py:208} INFO - Processing /opt/airflow/dags/train_weather_pred.py took 3.350 seconds
[2025-07-21T13:45:37.481+0000] {processor.py:186} INFO - Started process (PID=16034) to work on /opt/airflow/dags/train_weather_pred.py
[2025-07-21T13:45:37.482+0000] {processor.py:914} INFO - Processing file /opt/airflow/dags/train_weather_pred.py for tasks to queue
[2025-07-21T13:45:37.484+0000] {logging_mixin.py:190} INFO - [2025-07-21T13:45:37.484+0000] {dagbag.py:588} INFO - Filling up the DagBag from /opt/airflow/dags/train_weather_pred.py
[2025-07-21T13:45:40.852+0000] {processor.py:925} INFO - DAG(s) 'train_weather_pred' retrieved from /opt/airflow/dags/train_weather_pred.py
[2025-07-21T13:45:40.873+0000] {logging_mixin.py:190} INFO - [2025-07-21T13:45:40.873+0000] {dag.py:3239} INFO - Sync 1 DAGs
[2025-07-21T13:45:40.891+0000] {logging_mixin.py:190} INFO - [2025-07-21T13:45:40.891+0000] {dag.py:4180} INFO - Setting next_dagrun for train_weather_pred to 2025-07-21 00:00:00+00:00, run_after=2025-07-22 00:00:00+00:00
[2025-07-21T13:45:40.907+0000] {processor.py:208} INFO - Processing /opt/airflow/dags/train_weather_pred.py took 3.431 seconds
[2025-07-21T13:46:12.252+0000] {processor.py:186} INFO - Started process (PID=16132) to work on /opt/airflow/dags/train_weather_pred.py
[2025-07-21T13:46:12.253+0000] {processor.py:914} INFO - Processing file /opt/airflow/dags/train_weather_pred.py for tasks to queue
[2025-07-21T13:46:12.255+0000] {logging_mixin.py:190} INFO - [2025-07-21T13:46:12.254+0000] {dagbag.py:588} INFO - Filling up the DagBag from /opt/airflow/dags/train_weather_pred.py
[2025-07-21T13:46:15.519+0000] {processor.py:925} INFO - DAG(s) 'train_weather_pred' retrieved from /opt/airflow/dags/train_weather_pred.py
[2025-07-21T13:46:15.539+0000] {logging_mixin.py:190} INFO - [2025-07-21T13:46:15.538+0000] {dag.py:3239} INFO - Sync 1 DAGs
[2025-07-21T13:46:15.555+0000] {logging_mixin.py:190} INFO - [2025-07-21T13:46:15.555+0000] {dag.py:4180} INFO - Setting next_dagrun for train_weather_pred to 2025-07-21 00:00:00+00:00, run_after=2025-07-22 00:00:00+00:00
[2025-07-21T13:46:15.570+0000] {processor.py:208} INFO - Processing /opt/airflow/dags/train_weather_pred.py took 3.324 seconds
[2025-07-21T13:46:47.169+0000] {processor.py:186} INFO - Started process (PID=16230) to work on /opt/airflow/dags/train_weather_pred.py
[2025-07-21T13:46:47.171+0000] {processor.py:914} INFO - Processing file /opt/airflow/dags/train_weather_pred.py for tasks to queue
[2025-07-21T13:46:47.173+0000] {logging_mixin.py:190} INFO - [2025-07-21T13:46:47.173+0000] {dagbag.py:588} INFO - Filling up the DagBag from /opt/airflow/dags/train_weather_pred.py
[2025-07-21T13:46:50.556+0000] {processor.py:925} INFO - DAG(s) 'train_weather_pred' retrieved from /opt/airflow/dags/train_weather_pred.py
[2025-07-21T13:46:50.578+0000] {logging_mixin.py:190} INFO - [2025-07-21T13:46:50.577+0000] {dag.py:3239} INFO - Sync 1 DAGs
[2025-07-21T13:46:50.597+0000] {logging_mixin.py:190} INFO - [2025-07-21T13:46:50.596+0000] {dag.py:4180} INFO - Setting next_dagrun for train_weather_pred to 2025-07-21 00:00:00+00:00, run_after=2025-07-22 00:00:00+00:00
[2025-07-21T13:46:50.614+0000] {processor.py:208} INFO - Processing /opt/airflow/dags/train_weather_pred.py took 3.452 seconds
[2025-07-21T13:47:22.455+0000] {processor.py:186} INFO - Started process (PID=16328) to work on /opt/airflow/dags/train_weather_pred.py
[2025-07-21T13:47:22.457+0000] {processor.py:914} INFO - Processing file /opt/airflow/dags/train_weather_pred.py for tasks to queue
[2025-07-21T13:47:22.460+0000] {logging_mixin.py:190} INFO - [2025-07-21T13:47:22.459+0000] {dagbag.py:588} INFO - Filling up the DagBag from /opt/airflow/dags/train_weather_pred.py
[2025-07-21T13:47:25.863+0000] {processor.py:925} INFO - DAG(s) 'train_weather_pred' retrieved from /opt/airflow/dags/train_weather_pred.py
[2025-07-21T13:47:25.884+0000] {logging_mixin.py:190} INFO - [2025-07-21T13:47:25.884+0000] {dag.py:3239} INFO - Sync 1 DAGs
[2025-07-21T13:47:25.903+0000] {logging_mixin.py:190} INFO - [2025-07-21T13:47:25.903+0000] {dag.py:4180} INFO - Setting next_dagrun for train_weather_pred to 2025-07-21 00:00:00+00:00, run_after=2025-07-22 00:00:00+00:00
[2025-07-21T13:47:25.919+0000] {processor.py:208} INFO - Processing /opt/airflow/dags/train_weather_pred.py took 3.471 seconds
[2025-07-21T13:47:57.541+0000] {processor.py:186} INFO - Started process (PID=16426) to work on /opt/airflow/dags/train_weather_pred.py
[2025-07-21T13:47:57.542+0000] {processor.py:914} INFO - Processing file /opt/airflow/dags/train_weather_pred.py for tasks to queue
[2025-07-21T13:47:57.543+0000] {logging_mixin.py:190} INFO - [2025-07-21T13:47:57.543+0000] {dagbag.py:588} INFO - Filling up the DagBag from /opt/airflow/dags/train_weather_pred.py
[2025-07-21T13:48:00.886+0000] {processor.py:925} INFO - DAG(s) 'train_weather_pred' retrieved from /opt/airflow/dags/train_weather_pred.py
[2025-07-21T13:48:00.907+0000] {logging_mixin.py:190} INFO - [2025-07-21T13:48:00.907+0000] {dag.py:3239} INFO - Sync 1 DAGs
[2025-07-21T13:48:00.927+0000] {logging_mixin.py:190} INFO - [2025-07-21T13:48:00.927+0000] {dag.py:4180} INFO - Setting next_dagrun for train_weather_pred to 2025-07-21 00:00:00+00:00, run_after=2025-07-22 00:00:00+00:00
[2025-07-21T13:48:00.941+0000] {processor.py:208} INFO - Processing /opt/airflow/dags/train_weather_pred.py took 3.406 seconds
[2025-07-21T13:48:32.591+0000] {processor.py:186} INFO - Started process (PID=16530) to work on /opt/airflow/dags/train_weather_pred.py
[2025-07-21T13:48:32.592+0000] {processor.py:914} INFO - Processing file /opt/airflow/dags/train_weather_pred.py for tasks to queue
[2025-07-21T13:48:32.595+0000] {logging_mixin.py:190} INFO - [2025-07-21T13:48:32.595+0000] {dagbag.py:588} INFO - Filling up the DagBag from /opt/airflow/dags/train_weather_pred.py
[2025-07-21T13:48:35.906+0000] {processor.py:925} INFO - DAG(s) 'train_weather_pred' retrieved from /opt/airflow/dags/train_weather_pred.py
[2025-07-21T13:48:35.927+0000] {logging_mixin.py:190} INFO - [2025-07-21T13:48:35.926+0000] {dag.py:3239} INFO - Sync 1 DAGs
[2025-07-21T13:48:35.944+0000] {logging_mixin.py:190} INFO - [2025-07-21T13:48:35.944+0000] {dag.py:4180} INFO - Setting next_dagrun for train_weather_pred to 2025-07-21 00:00:00+00:00, run_after=2025-07-22 00:00:00+00:00
[2025-07-21T13:48:35.960+0000] {processor.py:208} INFO - Processing /opt/airflow/dags/train_weather_pred.py took 3.376 seconds
[2025-07-21T13:49:07.730+0000] {processor.py:186} INFO - Started process (PID=16628) to work on /opt/airflow/dags/train_weather_pred.py
[2025-07-21T13:49:07.731+0000] {processor.py:914} INFO - Processing file /opt/airflow/dags/train_weather_pred.py for tasks to queue
[2025-07-21T13:49:07.734+0000] {logging_mixin.py:190} INFO - [2025-07-21T13:49:07.734+0000] {dagbag.py:588} INFO - Filling up the DagBag from /opt/airflow/dags/train_weather_pred.py
[2025-07-21T13:49:11.037+0000] {processor.py:925} INFO - DAG(s) 'train_weather_pred' retrieved from /opt/airflow/dags/train_weather_pred.py
[2025-07-21T13:49:11.058+0000] {logging_mixin.py:190} INFO - [2025-07-21T13:49:11.058+0000] {dag.py:3239} INFO - Sync 1 DAGs
[2025-07-21T13:49:11.077+0000] {logging_mixin.py:190} INFO - [2025-07-21T13:49:11.076+0000] {dag.py:4180} INFO - Setting next_dagrun for train_weather_pred to 2025-07-21 00:00:00+00:00, run_after=2025-07-22 00:00:00+00:00
[2025-07-21T13:49:11.091+0000] {processor.py:208} INFO - Processing /opt/airflow/dags/train_weather_pred.py took 3.367 seconds
[2025-07-21T13:49:42.388+0000] {processor.py:186} INFO - Started process (PID=16726) to work on /opt/airflow/dags/train_weather_pred.py
[2025-07-21T13:49:42.389+0000] {processor.py:914} INFO - Processing file /opt/airflow/dags/train_weather_pred.py for tasks to queue
[2025-07-21T13:49:42.391+0000] {logging_mixin.py:190} INFO - [2025-07-21T13:49:42.391+0000] {dagbag.py:588} INFO - Filling up the DagBag from /opt/airflow/dags/train_weather_pred.py
[2025-07-21T13:49:45.611+0000] {processor.py:925} INFO - DAG(s) 'train_weather_pred' retrieved from /opt/airflow/dags/train_weather_pred.py
[2025-07-21T13:49:45.633+0000] {logging_mixin.py:190} INFO - [2025-07-21T13:49:45.633+0000] {dag.py:3239} INFO - Sync 1 DAGs
[2025-07-21T13:49:45.651+0000] {logging_mixin.py:190} INFO - [2025-07-21T13:49:45.651+0000] {dag.py:4180} INFO - Setting next_dagrun for train_weather_pred to 2025-07-21 00:00:00+00:00, run_after=2025-07-22 00:00:00+00:00
[2025-07-21T13:49:45.666+0000] {processor.py:208} INFO - Processing /opt/airflow/dags/train_weather_pred.py took 3.284 seconds
[2025-07-21T13:50:17.099+0000] {processor.py:186} INFO - Started process (PID=16822) to work on /opt/airflow/dags/train_weather_pred.py
[2025-07-21T13:50:17.100+0000] {processor.py:914} INFO - Processing file /opt/airflow/dags/train_weather_pred.py for tasks to queue
[2025-07-21T13:50:17.104+0000] {logging_mixin.py:190} INFO - [2025-07-21T13:50:17.103+0000] {dagbag.py:588} INFO - Filling up the DagBag from /opt/airflow/dags/train_weather_pred.py
[2025-07-21T13:50:20.923+0000] {processor.py:925} INFO - DAG(s) 'train_weather_pred' retrieved from /opt/airflow/dags/train_weather_pred.py
[2025-07-21T13:50:20.946+0000] {logging_mixin.py:190} INFO - [2025-07-21T13:50:20.945+0000] {dag.py:3239} INFO - Sync 1 DAGs
[2025-07-21T13:50:20.968+0000] {logging_mixin.py:190} INFO - [2025-07-21T13:50:20.968+0000] {dag.py:4180} INFO - Setting next_dagrun for train_weather_pred to 2025-07-21 00:00:00+00:00, run_after=2025-07-22 00:00:00+00:00
[2025-07-21T13:50:20.986+0000] {processor.py:208} INFO - Processing /opt/airflow/dags/train_weather_pred.py took 3.897 seconds
[2025-07-21T13:50:52.160+0000] {processor.py:186} INFO - Started process (PID=16919) to work on /opt/airflow/dags/train_weather_pred.py
[2025-07-21T13:50:52.161+0000] {processor.py:914} INFO - Processing file /opt/airflow/dags/train_weather_pred.py for tasks to queue
[2025-07-21T13:50:52.166+0000] {logging_mixin.py:190} INFO - [2025-07-21T13:50:52.165+0000] {dagbag.py:588} INFO - Filling up the DagBag from /opt/airflow/dags/train_weather_pred.py
[2025-07-21T13:50:56.155+0000] {processor.py:925} INFO - DAG(s) 'train_weather_pred' retrieved from /opt/airflow/dags/train_weather_pred.py
[2025-07-21T13:50:56.178+0000] {logging_mixin.py:190} INFO - [2025-07-21T13:50:56.177+0000] {dag.py:3239} INFO - Sync 1 DAGs
[2025-07-21T13:50:56.201+0000] {logging_mixin.py:190} INFO - [2025-07-21T13:50:56.200+0000] {dag.py:4180} INFO - Setting next_dagrun for train_weather_pred to 2025-07-21 00:00:00+00:00, run_after=2025-07-22 00:00:00+00:00
[2025-07-21T13:50:56.220+0000] {processor.py:208} INFO - Processing /opt/airflow/dags/train_weather_pred.py took 4.071 seconds
[2025-07-21T13:51:27.874+0000] {processor.py:186} INFO - Started process (PID=17020) to work on /opt/airflow/dags/train_weather_pred.py
[2025-07-21T13:51:27.876+0000] {processor.py:914} INFO - Processing file /opt/airflow/dags/train_weather_pred.py for tasks to queue
[2025-07-21T13:51:27.879+0000] {logging_mixin.py:190} INFO - [2025-07-21T13:51:27.879+0000] {dagbag.py:588} INFO - Filling up the DagBag from /opt/airflow/dags/train_weather_pred.py
[2025-07-21T13:51:31.452+0000] {processor.py:925} INFO - DAG(s) 'train_weather_pred' retrieved from /opt/airflow/dags/train_weather_pred.py
[2025-07-21T13:51:31.478+0000] {logging_mixin.py:190} INFO - [2025-07-21T13:51:31.478+0000] {dag.py:3239} INFO - Sync 1 DAGs
[2025-07-21T13:51:31.498+0000] {logging_mixin.py:190} INFO - [2025-07-21T13:51:31.498+0000] {dag.py:4180} INFO - Setting next_dagrun for train_weather_pred to 2025-07-21 00:00:00+00:00, run_after=2025-07-22 00:00:00+00:00
[2025-07-21T13:51:31.516+0000] {processor.py:208} INFO - Processing /opt/airflow/dags/train_weather_pred.py took 3.650 seconds
[2025-07-21T13:52:02.826+0000] {processor.py:186} INFO - Started process (PID=17124) to work on /opt/airflow/dags/train_weather_pred.py
[2025-07-21T13:52:02.828+0000] {processor.py:914} INFO - Processing file /opt/airflow/dags/train_weather_pred.py for tasks to queue
[2025-07-21T13:52:02.831+0000] {logging_mixin.py:190} INFO - [2025-07-21T13:52:02.831+0000] {dagbag.py:588} INFO - Filling up the DagBag from /opt/airflow/dags/train_weather_pred.py
[2025-07-21T13:52:06.293+0000] {processor.py:925} INFO - DAG(s) 'train_weather_pred' retrieved from /opt/airflow/dags/train_weather_pred.py
[2025-07-21T13:52:06.319+0000] {logging_mixin.py:190} INFO - [2025-07-21T13:52:06.318+0000] {dag.py:3239} INFO - Sync 1 DAGs
[2025-07-21T13:52:06.339+0000] {logging_mixin.py:190} INFO - [2025-07-21T13:52:06.339+0000] {dag.py:4180} INFO - Setting next_dagrun for train_weather_pred to 2025-07-21 00:00:00+00:00, run_after=2025-07-22 00:00:00+00:00
[2025-07-21T13:52:06.354+0000] {processor.py:208} INFO - Processing /opt/airflow/dags/train_weather_pred.py took 3.535 seconds
[2025-07-21T13:52:37.562+0000] {processor.py:186} INFO - Started process (PID=17219) to work on /opt/airflow/dags/train_weather_pred.py
[2025-07-21T13:52:37.564+0000] {processor.py:914} INFO - Processing file /opt/airflow/dags/train_weather_pred.py for tasks to queue
[2025-07-21T13:52:37.567+0000] {logging_mixin.py:190} INFO - [2025-07-21T13:52:37.566+0000] {dagbag.py:588} INFO - Filling up the DagBag from /opt/airflow/dags/train_weather_pred.py
[2025-07-21T13:52:41.026+0000] {processor.py:925} INFO - DAG(s) 'train_weather_pred' retrieved from /opt/airflow/dags/train_weather_pred.py
[2025-07-21T13:52:41.049+0000] {logging_mixin.py:190} INFO - [2025-07-21T13:52:41.048+0000] {dag.py:3239} INFO - Sync 1 DAGs
[2025-07-21T13:52:41.067+0000] {logging_mixin.py:190} INFO - [2025-07-21T13:52:41.067+0000] {dag.py:4180} INFO - Setting next_dagrun for train_weather_pred to 2025-07-21 00:00:00+00:00, run_after=2025-07-22 00:00:00+00:00
[2025-07-21T13:52:41.083+0000] {processor.py:208} INFO - Processing /opt/airflow/dags/train_weather_pred.py took 3.528 seconds
[2025-07-21T13:53:13.045+0000] {processor.py:186} INFO - Started process (PID=17320) to work on /opt/airflow/dags/train_weather_pred.py
[2025-07-21T13:53:13.046+0000] {processor.py:914} INFO - Processing file /opt/airflow/dags/train_weather_pred.py for tasks to queue
[2025-07-21T13:53:13.050+0000] {logging_mixin.py:190} INFO - [2025-07-21T13:53:13.049+0000] {dagbag.py:588} INFO - Filling up the DagBag from /opt/airflow/dags/train_weather_pred.py
[2025-07-21T13:53:16.836+0000] {processor.py:925} INFO - DAG(s) 'train_weather_pred' retrieved from /opt/airflow/dags/train_weather_pred.py
[2025-07-21T13:53:16.860+0000] {logging_mixin.py:190} INFO - [2025-07-21T13:53:16.860+0000] {dag.py:3239} INFO - Sync 1 DAGs
[2025-07-21T13:53:16.884+0000] {logging_mixin.py:190} INFO - [2025-07-21T13:53:16.883+0000] {dag.py:4180} INFO - Setting next_dagrun for train_weather_pred to 2025-07-21 00:00:00+00:00, run_after=2025-07-22 00:00:00+00:00
[2025-07-21T13:53:16.902+0000] {processor.py:208} INFO - Processing /opt/airflow/dags/train_weather_pred.py took 3.864 seconds
[2025-07-21T13:53:47.981+0000] {processor.py:186} INFO - Started process (PID=17418) to work on /opt/airflow/dags/train_weather_pred.py
[2025-07-21T13:53:47.982+0000] {processor.py:914} INFO - Processing file /opt/airflow/dags/train_weather_pred.py for tasks to queue
[2025-07-21T13:53:47.985+0000] {logging_mixin.py:190} INFO - [2025-07-21T13:53:47.985+0000] {dagbag.py:588} INFO - Filling up the DagBag from /opt/airflow/dags/train_weather_pred.py
[2025-07-21T13:53:51.431+0000] {processor.py:925} INFO - DAG(s) 'train_weather_pred' retrieved from /opt/airflow/dags/train_weather_pred.py
[2025-07-21T13:53:51.453+0000] {logging_mixin.py:190} INFO - [2025-07-21T13:53:51.453+0000] {dag.py:3239} INFO - Sync 1 DAGs
[2025-07-21T13:53:51.471+0000] {logging_mixin.py:190} INFO - [2025-07-21T13:53:51.471+0000] {dag.py:4180} INFO - Setting next_dagrun for train_weather_pred to 2025-07-21 00:00:00+00:00, run_after=2025-07-22 00:00:00+00:00
[2025-07-21T13:53:51.488+0000] {processor.py:208} INFO - Processing /opt/airflow/dags/train_weather_pred.py took 3.514 seconds
[2025-07-21T13:54:22.776+0000] {processor.py:186} INFO - Started process (PID=17516) to work on /opt/airflow/dags/train_weather_pred.py
[2025-07-21T13:54:22.777+0000] {processor.py:914} INFO - Processing file /opt/airflow/dags/train_weather_pred.py for tasks to queue
[2025-07-21T13:54:22.780+0000] {logging_mixin.py:190} INFO - [2025-07-21T13:54:22.780+0000] {dagbag.py:588} INFO - Filling up the DagBag from /opt/airflow/dags/train_weather_pred.py
[2025-07-21T13:54:26.900+0000] {processor.py:925} INFO - DAG(s) 'train_weather_pred' retrieved from /opt/airflow/dags/train_weather_pred.py
[2025-07-21T13:54:26.921+0000] {logging_mixin.py:190} INFO - [2025-07-21T13:54:26.921+0000] {dag.py:3239} INFO - Sync 1 DAGs
[2025-07-21T13:54:26.941+0000] {logging_mixin.py:190} INFO - [2025-07-21T13:54:26.941+0000] {dag.py:4180} INFO - Setting next_dagrun for train_weather_pred to 2025-07-21 00:00:00+00:00, run_after=2025-07-22 00:00:00+00:00
[2025-07-21T13:54:26.962+0000] {processor.py:208} INFO - Processing /opt/airflow/dags/train_weather_pred.py took 4.192 seconds
[2025-07-21T13:54:58.729+0000] {processor.py:186} INFO - Started process (PID=17614) to work on /opt/airflow/dags/train_weather_pred.py
[2025-07-21T13:54:58.730+0000] {processor.py:914} INFO - Processing file /opt/airflow/dags/train_weather_pred.py for tasks to queue
[2025-07-21T13:54:58.733+0000] {logging_mixin.py:190} INFO - [2025-07-21T13:54:58.732+0000] {dagbag.py:588} INFO - Filling up the DagBag from /opt/airflow/dags/train_weather_pred.py
[2025-07-21T13:55:02.172+0000] {processor.py:925} INFO - DAG(s) 'train_weather_pred' retrieved from /opt/airflow/dags/train_weather_pred.py
[2025-07-21T13:55:02.192+0000] {logging_mixin.py:190} INFO - [2025-07-21T13:55:02.191+0000] {dag.py:3239} INFO - Sync 1 DAGs
[2025-07-21T13:55:02.209+0000] {logging_mixin.py:190} INFO - [2025-07-21T13:55:02.209+0000] {dag.py:4180} INFO - Setting next_dagrun for train_weather_pred to 2025-07-21 00:00:00+00:00, run_after=2025-07-22 00:00:00+00:00
[2025-07-21T13:55:02.224+0000] {processor.py:208} INFO - Processing /opt/airflow/dags/train_weather_pred.py took 3.502 seconds
[2025-07-21T13:55:34.036+0000] {processor.py:186} INFO - Started process (PID=17718) to work on /opt/airflow/dags/train_weather_pred.py
[2025-07-21T13:55:34.038+0000] {processor.py:914} INFO - Processing file /opt/airflow/dags/train_weather_pred.py for tasks to queue
[2025-07-21T13:55:34.040+0000] {logging_mixin.py:190} INFO - [2025-07-21T13:55:34.040+0000] {dagbag.py:588} INFO - Filling up the DagBag from /opt/airflow/dags/train_weather_pred.py
[2025-07-21T13:55:37.641+0000] {processor.py:925} INFO - DAG(s) 'train_weather_pred' retrieved from /opt/airflow/dags/train_weather_pred.py
[2025-07-21T13:55:37.665+0000] {logging_mixin.py:190} INFO - [2025-07-21T13:55:37.665+0000] {dag.py:3239} INFO - Sync 1 DAGs
[2025-07-21T13:55:37.688+0000] {logging_mixin.py:190} INFO - [2025-07-21T13:55:37.688+0000] {dag.py:4180} INFO - Setting next_dagrun for train_weather_pred to 2025-07-21 00:00:00+00:00, run_after=2025-07-22 00:00:00+00:00
[2025-07-21T13:55:37.706+0000] {processor.py:208} INFO - Processing /opt/airflow/dags/train_weather_pred.py took 3.676 seconds
[2025-07-21T13:56:08.867+0000] {processor.py:186} INFO - Started process (PID=17816) to work on /opt/airflow/dags/train_weather_pred.py
[2025-07-21T13:56:08.868+0000] {processor.py:914} INFO - Processing file /opt/airflow/dags/train_weather_pred.py for tasks to queue
[2025-07-21T13:56:08.871+0000] {logging_mixin.py:190} INFO - [2025-07-21T13:56:08.870+0000] {dagbag.py:588} INFO - Filling up the DagBag from /opt/airflow/dags/train_weather_pred.py
[2025-07-21T13:56:12.387+0000] {processor.py:925} INFO - DAG(s) 'train_weather_pred' retrieved from /opt/airflow/dags/train_weather_pred.py
[2025-07-21T13:56:12.411+0000] {logging_mixin.py:190} INFO - [2025-07-21T13:56:12.411+0000] {dag.py:3239} INFO - Sync 1 DAGs
[2025-07-21T13:56:12.429+0000] {logging_mixin.py:190} INFO - [2025-07-21T13:56:12.429+0000] {dag.py:4180} INFO - Setting next_dagrun for train_weather_pred to 2025-07-21 00:00:00+00:00, run_after=2025-07-22 00:00:00+00:00
[2025-07-21T13:56:12.446+0000] {processor.py:208} INFO - Processing /opt/airflow/dags/train_weather_pred.py took 3.586 seconds
[2025-07-21T13:56:43.961+0000] {processor.py:186} INFO - Started process (PID=17914) to work on /opt/airflow/dags/train_weather_pred.py
[2025-07-21T13:56:43.962+0000] {processor.py:914} INFO - Processing file /opt/airflow/dags/train_weather_pred.py for tasks to queue
[2025-07-21T13:56:43.966+0000] {logging_mixin.py:190} INFO - [2025-07-21T13:56:43.965+0000] {dagbag.py:588} INFO - Filling up the DagBag from /opt/airflow/dags/train_weather_pred.py
[2025-07-21T13:56:47.889+0000] {processor.py:925} INFO - DAG(s) 'train_weather_pred' retrieved from /opt/airflow/dags/train_weather_pred.py
[2025-07-21T13:56:47.911+0000] {logging_mixin.py:190} INFO - [2025-07-21T13:56:47.911+0000] {dag.py:3239} INFO - Sync 1 DAGs
[2025-07-21T13:56:47.930+0000] {logging_mixin.py:190} INFO - [2025-07-21T13:56:47.930+0000] {dag.py:4180} INFO - Setting next_dagrun for train_weather_pred to 2025-07-21 00:00:00+00:00, run_after=2025-07-22 00:00:00+00:00
[2025-07-21T13:56:47.946+0000] {processor.py:208} INFO - Processing /opt/airflow/dags/train_weather_pred.py took 3.993 seconds
[2025-07-21T13:57:19.065+0000] {processor.py:186} INFO - Started process (PID=18012) to work on /opt/airflow/dags/train_weather_pred.py
[2025-07-21T13:57:19.066+0000] {processor.py:914} INFO - Processing file /opt/airflow/dags/train_weather_pred.py for tasks to queue
[2025-07-21T13:57:19.069+0000] {logging_mixin.py:190} INFO - [2025-07-21T13:57:19.069+0000] {dagbag.py:588} INFO - Filling up the DagBag from /opt/airflow/dags/train_weather_pred.py
[2025-07-21T13:57:22.600+0000] {processor.py:925} INFO - DAG(s) 'train_weather_pred' retrieved from /opt/airflow/dags/train_weather_pred.py
[2025-07-21T13:57:22.623+0000] {logging_mixin.py:190} INFO - [2025-07-21T13:57:22.622+0000] {dag.py:3239} INFO - Sync 1 DAGs
[2025-07-21T13:57:22.641+0000] {logging_mixin.py:190} INFO - [2025-07-21T13:57:22.641+0000] {dag.py:4180} INFO - Setting next_dagrun for train_weather_pred to 2025-07-21 00:00:00+00:00, run_after=2025-07-22 00:00:00+00:00
[2025-07-21T13:57:22.656+0000] {processor.py:208} INFO - Processing /opt/airflow/dags/train_weather_pred.py took 3.598 seconds
[2025-07-21T13:57:54.491+0000] {processor.py:186} INFO - Started process (PID=18110) to work on /opt/airflow/dags/train_weather_pred.py
[2025-07-21T13:57:54.492+0000] {processor.py:914} INFO - Processing file /opt/airflow/dags/train_weather_pred.py for tasks to queue
[2025-07-21T13:57:54.494+0000] {logging_mixin.py:190} INFO - [2025-07-21T13:57:54.494+0000] {dagbag.py:588} INFO - Filling up the DagBag from /opt/airflow/dags/train_weather_pred.py
[2025-07-21T13:57:58.378+0000] {processor.py:925} INFO - DAG(s) 'train_weather_pred' retrieved from /opt/airflow/dags/train_weather_pred.py
[2025-07-21T13:57:58.402+0000] {logging_mixin.py:190} INFO - [2025-07-21T13:57:58.401+0000] {dag.py:3239} INFO - Sync 1 DAGs
[2025-07-21T13:57:58.420+0000] {logging_mixin.py:190} INFO - [2025-07-21T13:57:58.420+0000] {dag.py:4180} INFO - Setting next_dagrun for train_weather_pred to 2025-07-21 00:00:00+00:00, run_after=2025-07-22 00:00:00+00:00
[2025-07-21T13:57:58.436+0000] {processor.py:208} INFO - Processing /opt/airflow/dags/train_weather_pred.py took 3.950 seconds
[2025-07-21T13:58:29.670+0000] {processor.py:186} INFO - Started process (PID=18214) to work on /opt/airflow/dags/train_weather_pred.py
[2025-07-21T13:58:29.672+0000] {processor.py:914} INFO - Processing file /opt/airflow/dags/train_weather_pred.py for tasks to queue
[2025-07-21T13:58:29.674+0000] {logging_mixin.py:190} INFO - [2025-07-21T13:58:29.674+0000] {dagbag.py:588} INFO - Filling up the DagBag from /opt/airflow/dags/train_weather_pred.py
[2025-07-21T13:58:33.458+0000] {processor.py:925} INFO - DAG(s) 'train_weather_pred' retrieved from /opt/airflow/dags/train_weather_pred.py
[2025-07-21T13:58:33.487+0000] {logging_mixin.py:190} INFO - [2025-07-21T13:58:33.487+0000] {dag.py:3239} INFO - Sync 1 DAGs
[2025-07-21T13:58:33.511+0000] {logging_mixin.py:190} INFO - [2025-07-21T13:58:33.510+0000] {dag.py:4180} INFO - Setting next_dagrun for train_weather_pred to 2025-07-21 00:00:00+00:00, run_after=2025-07-22 00:00:00+00:00
[2025-07-21T13:58:33.531+0000] {processor.py:208} INFO - Processing /opt/airflow/dags/train_weather_pred.py took 3.866 seconds
[2025-07-21T13:59:05.540+0000] {processor.py:186} INFO - Started process (PID=18312) to work on /opt/airflow/dags/train_weather_pred.py
[2025-07-21T13:59:05.542+0000] {processor.py:914} INFO - Processing file /opt/airflow/dags/train_weather_pred.py for tasks to queue
[2025-07-21T13:59:05.544+0000] {logging_mixin.py:190} INFO - [2025-07-21T13:59:05.544+0000] {dagbag.py:588} INFO - Filling up the DagBag from /opt/airflow/dags/train_weather_pred.py
[2025-07-21T13:59:09.195+0000] {processor.py:925} INFO - DAG(s) 'train_weather_pred' retrieved from /opt/airflow/dags/train_weather_pred.py
[2025-07-21T13:59:09.217+0000] {logging_mixin.py:190} INFO - [2025-07-21T13:59:09.217+0000] {dag.py:3239} INFO - Sync 1 DAGs
[2025-07-21T13:59:09.236+0000] {logging_mixin.py:190} INFO - [2025-07-21T13:59:09.235+0000] {dag.py:4180} INFO - Setting next_dagrun for train_weather_pred to 2025-07-21 00:00:00+00:00, run_after=2025-07-22 00:00:00+00:00
[2025-07-21T13:59:09.250+0000] {processor.py:208} INFO - Processing /opt/airflow/dags/train_weather_pred.py took 3.715 seconds
[2025-07-21T13:59:40.330+0000] {processor.py:186} INFO - Started process (PID=18410) to work on /opt/airflow/dags/train_weather_pred.py
[2025-07-21T13:59:40.331+0000] {processor.py:914} INFO - Processing file /opt/airflow/dags/train_weather_pred.py for tasks to queue
[2025-07-21T13:59:40.334+0000] {logging_mixin.py:190} INFO - [2025-07-21T13:59:40.334+0000] {dagbag.py:588} INFO - Filling up the DagBag from /opt/airflow/dags/train_weather_pred.py
[2025-07-21T13:59:44.020+0000] {processor.py:925} INFO - DAG(s) 'train_weather_pred' retrieved from /opt/airflow/dags/train_weather_pred.py
[2025-07-21T13:59:44.045+0000] {logging_mixin.py:190} INFO - [2025-07-21T13:59:44.045+0000] {dag.py:3239} INFO - Sync 1 DAGs
[2025-07-21T13:59:44.068+0000] {logging_mixin.py:190} INFO - [2025-07-21T13:59:44.067+0000] {dag.py:4180} INFO - Setting next_dagrun for train_weather_pred to 2025-07-21 00:00:00+00:00, run_after=2025-07-22 00:00:00+00:00
[2025-07-21T13:59:44.086+0000] {processor.py:208} INFO - Processing /opt/airflow/dags/train_weather_pred.py took 3.765 seconds
[2025-07-21T14:00:15.463+0000] {processor.py:186} INFO - Started process (PID=18508) to work on /opt/airflow/dags/train_weather_pred.py
[2025-07-21T14:00:15.465+0000] {processor.py:914} INFO - Processing file /opt/airflow/dags/train_weather_pred.py for tasks to queue
[2025-07-21T14:00:15.468+0000] {logging_mixin.py:190} INFO - [2025-07-21T14:00:15.468+0000] {dagbag.py:588} INFO - Filling up the DagBag from /opt/airflow/dags/train_weather_pred.py
[2025-07-21T14:00:19.250+0000] {processor.py:925} INFO - DAG(s) 'train_weather_pred' retrieved from /opt/airflow/dags/train_weather_pred.py
[2025-07-21T14:00:19.273+0000] {logging_mixin.py:190} INFO - [2025-07-21T14:00:19.272+0000] {dag.py:3239} INFO - Sync 1 DAGs
[2025-07-21T14:00:19.293+0000] {logging_mixin.py:190} INFO - [2025-07-21T14:00:19.293+0000] {dag.py:4180} INFO - Setting next_dagrun for train_weather_pred to 2025-07-21 00:00:00+00:00, run_after=2025-07-22 00:00:00+00:00
[2025-07-21T14:00:19.311+0000] {processor.py:208} INFO - Processing /opt/airflow/dags/train_weather_pred.py took 3.854 seconds
[2025-07-21T14:00:50.475+0000] {processor.py:186} INFO - Started process (PID=18606) to work on /opt/airflow/dags/train_weather_pred.py
[2025-07-21T14:00:50.476+0000] {processor.py:914} INFO - Processing file /opt/airflow/dags/train_weather_pred.py for tasks to queue
[2025-07-21T14:00:50.479+0000] {logging_mixin.py:190} INFO - [2025-07-21T14:00:50.478+0000] {dagbag.py:588} INFO - Filling up the DagBag from /opt/airflow/dags/train_weather_pred.py
[2025-07-21T14:00:53.993+0000] {processor.py:925} INFO - DAG(s) 'train_weather_pred' retrieved from /opt/airflow/dags/train_weather_pred.py
[2025-07-21T14:00:54.014+0000] {logging_mixin.py:190} INFO - [2025-07-21T14:00:54.013+0000] {dag.py:3239} INFO - Sync 1 DAGs
[2025-07-21T14:00:54.033+0000] {logging_mixin.py:190} INFO - [2025-07-21T14:00:54.033+0000] {dag.py:4180} INFO - Setting next_dagrun for train_weather_pred to 2025-07-21 00:00:00+00:00, run_after=2025-07-22 00:00:00+00:00
[2025-07-21T14:00:54.049+0000] {processor.py:208} INFO - Processing /opt/airflow/dags/train_weather_pred.py took 3.580 seconds
[2025-07-21T14:01:25.202+0000] {processor.py:186} INFO - Started process (PID=18704) to work on /opt/airflow/dags/train_weather_pred.py
[2025-07-21T14:01:25.204+0000] {processor.py:914} INFO - Processing file /opt/airflow/dags/train_weather_pred.py for tasks to queue
[2025-07-21T14:01:25.207+0000] {logging_mixin.py:190} INFO - [2025-07-21T14:01:25.206+0000] {dagbag.py:588} INFO - Filling up the DagBag from /opt/airflow/dags/train_weather_pred.py
[2025-07-21T14:01:28.864+0000] {processor.py:925} INFO - DAG(s) 'train_weather_pred' retrieved from /opt/airflow/dags/train_weather_pred.py
[2025-07-21T14:01:28.886+0000] {logging_mixin.py:190} INFO - [2025-07-21T14:01:28.885+0000] {dag.py:3239} INFO - Sync 1 DAGs
[2025-07-21T14:01:28.903+0000] {logging_mixin.py:190} INFO - [2025-07-21T14:01:28.903+0000] {dag.py:4180} INFO - Setting next_dagrun for train_weather_pred to 2025-07-21 00:00:00+00:00, run_after=2025-07-22 00:00:00+00:00
[2025-07-21T14:01:28.920+0000] {processor.py:208} INFO - Processing /opt/airflow/dags/train_weather_pred.py took 3.727 seconds
[2025-07-21T14:02:00.326+0000] {processor.py:186} INFO - Started process (PID=18808) to work on /opt/airflow/dags/train_weather_pred.py
[2025-07-21T14:02:00.327+0000] {processor.py:914} INFO - Processing file /opt/airflow/dags/train_weather_pred.py for tasks to queue
[2025-07-21T14:02:00.330+0000] {logging_mixin.py:190} INFO - [2025-07-21T14:02:00.330+0000] {dagbag.py:588} INFO - Filling up the DagBag from /opt/airflow/dags/train_weather_pred.py
[2025-07-21T14:02:03.954+0000] {processor.py:925} INFO - DAG(s) 'train_weather_pred' retrieved from /opt/airflow/dags/train_weather_pred.py
[2025-07-21T14:02:03.977+0000] {logging_mixin.py:190} INFO - [2025-07-21T14:02:03.977+0000] {dag.py:3239} INFO - Sync 1 DAGs
[2025-07-21T14:02:03.997+0000] {logging_mixin.py:190} INFO - [2025-07-21T14:02:03.997+0000] {dag.py:4180} INFO - Setting next_dagrun for train_weather_pred to 2025-07-21 00:00:00+00:00, run_after=2025-07-22 00:00:00+00:00
[2025-07-21T14:02:04.015+0000] {processor.py:208} INFO - Processing /opt/airflow/dags/train_weather_pred.py took 3.698 seconds
[2025-07-21T14:02:35.847+0000] {processor.py:186} INFO - Started process (PID=18906) to work on /opt/airflow/dags/train_weather_pred.py
[2025-07-21T14:02:35.848+0000] {processor.py:914} INFO - Processing file /opt/airflow/dags/train_weather_pred.py for tasks to queue
[2025-07-21T14:02:35.850+0000] {logging_mixin.py:190} INFO - [2025-07-21T14:02:35.850+0000] {dagbag.py:588} INFO - Filling up the DagBag from /opt/airflow/dags/train_weather_pred.py
[2025-07-21T14:02:39.756+0000] {processor.py:925} INFO - DAG(s) 'train_weather_pred' retrieved from /opt/airflow/dags/train_weather_pred.py
[2025-07-21T14:02:39.779+0000] {logging_mixin.py:190} INFO - [2025-07-21T14:02:39.779+0000] {dag.py:3239} INFO - Sync 1 DAGs
[2025-07-21T14:02:39.800+0000] {logging_mixin.py:190} INFO - [2025-07-21T14:02:39.800+0000] {dag.py:4180} INFO - Setting next_dagrun for train_weather_pred to 2025-07-21 00:00:00+00:00, run_after=2025-07-22 00:00:00+00:00
[2025-07-21T14:02:39.830+0000] {processor.py:208} INFO - Processing /opt/airflow/dags/train_weather_pred.py took 3.990 seconds
[2025-07-21T14:03:10.959+0000] {processor.py:186} INFO - Started process (PID=19004) to work on /opt/airflow/dags/train_weather_pred.py
[2025-07-21T14:03:10.960+0000] {processor.py:914} INFO - Processing file /opt/airflow/dags/train_weather_pred.py for tasks to queue
[2025-07-21T14:03:10.963+0000] {logging_mixin.py:190} INFO - [2025-07-21T14:03:10.963+0000] {dagbag.py:588} INFO - Filling up the DagBag from /opt/airflow/dags/train_weather_pred.py
[2025-07-21T14:03:15.505+0000] {processor.py:925} INFO - DAG(s) 'train_weather_pred' retrieved from /opt/airflow/dags/train_weather_pred.py
[2025-07-21T14:03:15.542+0000] {logging_mixin.py:190} INFO - [2025-07-21T14:03:15.541+0000] {dag.py:3239} INFO - Sync 1 DAGs
[2025-07-21T14:03:15.592+0000] {logging_mixin.py:190} INFO - [2025-07-21T14:03:15.592+0000] {dag.py:4180} INFO - Setting next_dagrun for train_weather_pred to 2025-07-21 00:00:00+00:00, run_after=2025-07-22 00:00:00+00:00
[2025-07-21T14:03:15.638+0000] {processor.py:208} INFO - Processing /opt/airflow/dags/train_weather_pred.py took 4.691 seconds
[2025-07-21T14:03:53.082+0000] {processor.py:186} INFO - Started process (PID=19455) to work on /opt/airflow/dags/train_weather_pred.py
[2025-07-21T14:03:53.083+0000] {processor.py:914} INFO - Processing file /opt/airflow/dags/train_weather_pred.py for tasks to queue
[2025-07-21T14:03:53.087+0000] {logging_mixin.py:190} INFO - [2025-07-21T14:03:53.087+0000] {dagbag.py:588} INFO - Filling up the DagBag from /opt/airflow/dags/train_weather_pred.py
[2025-07-21T14:03:57.613+0000] {processor.py:925} INFO - DAG(s) 'train_weather_pred' retrieved from /opt/airflow/dags/train_weather_pred.py
[2025-07-21T14:04:04.213+0000] {logging_mixin.py:190} INFO - [2025-07-21T14:04:04.212+0000] {dag.py:3239} INFO - Sync 1 DAGs
[2025-07-21T14:04:04.244+0000] {logging_mixin.py:190} INFO - [2025-07-21T14:04:04.244+0000] {dag.py:4180} INFO - Setting next_dagrun for train_weather_pred to 2025-07-21 00:00:00+00:00, run_after=2025-07-22 00:00:00+00:00
[2025-07-21T14:04:04.952+0000] {processor.py:208} INFO - Processing /opt/airflow/dags/train_weather_pred.py took 11.883 seconds
[2025-07-21T14:04:39.236+0000] {processor.py:186} INFO - Started process (PID=19575) to work on /opt/airflow/dags/train_weather_pred.py
[2025-07-21T14:04:39.237+0000] {processor.py:914} INFO - Processing file /opt/airflow/dags/train_weather_pred.py for tasks to queue
[2025-07-21T14:04:39.240+0000] {logging_mixin.py:190} INFO - [2025-07-21T14:04:39.239+0000] {dagbag.py:588} INFO - Filling up the DagBag from /opt/airflow/dags/train_weather_pred.py
[2025-07-21T14:04:48.186+0000] {processor.py:925} INFO - DAG(s) 'train_weather_pred' retrieved from /opt/airflow/dags/train_weather_pred.py
[2025-07-21T14:04:48.411+0000] {logging_mixin.py:190} INFO - [2025-07-21T14:04:48.410+0000] {dag.py:3239} INFO - Sync 1 DAGs
[2025-07-21T14:04:48.590+0000] {logging_mixin.py:190} INFO - [2025-07-21T14:04:48.590+0000] {dag.py:4180} INFO - Setting next_dagrun for train_weather_pred to 2025-07-21 00:00:00+00:00, run_after=2025-07-22 00:00:00+00:00
[2025-07-21T14:04:48.722+0000] {processor.py:208} INFO - Processing /opt/airflow/dags/train_weather_pred.py took 9.495 seconds
[2025-07-21T14:05:19.793+0000] {processor.py:186} INFO - Started process (PID=19966) to work on /opt/airflow/dags/train_weather_pred.py
[2025-07-21T14:05:19.794+0000] {processor.py:914} INFO - Processing file /opt/airflow/dags/train_weather_pred.py for tasks to queue
[2025-07-21T14:05:19.796+0000] {logging_mixin.py:190} INFO - [2025-07-21T14:05:19.795+0000] {dagbag.py:588} INFO - Filling up the DagBag from /opt/airflow/dags/train_weather_pred.py
[2025-07-21T14:05:24.518+0000] {processor.py:925} INFO - DAG(s) 'train_weather_pred' retrieved from /opt/airflow/dags/train_weather_pred.py
[2025-07-21T14:05:24.541+0000] {logging_mixin.py:190} INFO - [2025-07-21T14:05:24.541+0000] {dag.py:3239} INFO - Sync 1 DAGs
[2025-07-21T14:05:24.562+0000] {logging_mixin.py:190} INFO - [2025-07-21T14:05:24.562+0000] {dag.py:4180} INFO - Setting next_dagrun for train_weather_pred to 2025-07-21 00:00:00+00:00, run_after=2025-07-22 00:00:00+00:00
[2025-07-21T14:05:24.586+0000] {processor.py:208} INFO - Processing /opt/airflow/dags/train_weather_pred.py took 4.799 seconds
[2025-07-21T14:05:56.115+0000] {processor.py:186} INFO - Started process (PID=20064) to work on /opt/airflow/dags/train_weather_pred.py
[2025-07-21T14:05:56.116+0000] {processor.py:914} INFO - Processing file /opt/airflow/dags/train_weather_pred.py for tasks to queue
[2025-07-21T14:05:56.119+0000] {logging_mixin.py:190} INFO - [2025-07-21T14:05:56.119+0000] {dagbag.py:588} INFO - Filling up the DagBag from /opt/airflow/dags/train_weather_pred.py
[2025-07-21T14:06:00.597+0000] {processor.py:925} INFO - DAG(s) 'train_weather_pred' retrieved from /opt/airflow/dags/train_weather_pred.py
[2025-07-21T14:06:00.629+0000] {logging_mixin.py:190} INFO - [2025-07-21T14:06:00.628+0000] {dag.py:3239} INFO - Sync 1 DAGs
[2025-07-21T14:06:00.651+0000] {logging_mixin.py:190} INFO - [2025-07-21T14:06:00.651+0000] {dag.py:4180} INFO - Setting next_dagrun for train_weather_pred to 2025-07-21 00:00:00+00:00, run_after=2025-07-22 00:00:00+00:00
[2025-07-21T14:06:00.676+0000] {processor.py:208} INFO - Processing /opt/airflow/dags/train_weather_pred.py took 4.573 seconds
[2025-07-21T14:06:32.374+0000] {processor.py:186} INFO - Started process (PID=20168) to work on /opt/airflow/dags/train_weather_pred.py
[2025-07-21T14:06:32.376+0000] {processor.py:914} INFO - Processing file /opt/airflow/dags/train_weather_pred.py for tasks to queue
[2025-07-21T14:06:32.378+0000] {logging_mixin.py:190} INFO - [2025-07-21T14:06:32.378+0000] {dagbag.py:588} INFO - Filling up the DagBag from /opt/airflow/dags/train_weather_pred.py
[2025-07-21T14:06:35.977+0000] {processor.py:925} INFO - DAG(s) 'train_weather_pred' retrieved from /opt/airflow/dags/train_weather_pred.py
[2025-07-21T14:06:36.001+0000] {logging_mixin.py:190} INFO - [2025-07-21T14:06:36.001+0000] {dag.py:3239} INFO - Sync 1 DAGs
[2025-07-21T14:06:36.020+0000] {logging_mixin.py:190} INFO - [2025-07-21T14:06:36.020+0000] {dag.py:4180} INFO - Setting next_dagrun for train_weather_pred to 2025-07-21 00:00:00+00:00, run_after=2025-07-22 00:00:00+00:00
[2025-07-21T14:06:36.037+0000] {processor.py:208} INFO - Processing /opt/airflow/dags/train_weather_pred.py took 3.668 seconds
[2025-07-21T14:07:07.721+0000] {processor.py:186} INFO - Started process (PID=20266) to work on /opt/airflow/dags/train_weather_pred.py
[2025-07-21T14:07:07.723+0000] {processor.py:914} INFO - Processing file /opt/airflow/dags/train_weather_pred.py for tasks to queue
[2025-07-21T14:07:07.725+0000] {logging_mixin.py:190} INFO - [2025-07-21T14:07:07.725+0000] {dagbag.py:588} INFO - Filling up the DagBag from /opt/airflow/dags/train_weather_pred.py
[2025-07-21T14:07:11.456+0000] {processor.py:925} INFO - DAG(s) 'train_weather_pred' retrieved from /opt/airflow/dags/train_weather_pred.py
[2025-07-21T14:07:11.480+0000] {logging_mixin.py:190} INFO - [2025-07-21T14:07:11.479+0000] {dag.py:3239} INFO - Sync 1 DAGs
[2025-07-21T14:07:11.499+0000] {logging_mixin.py:190} INFO - [2025-07-21T14:07:11.499+0000] {dag.py:4180} INFO - Setting next_dagrun for train_weather_pred to 2025-07-21 00:00:00+00:00, run_after=2025-07-22 00:00:00+00:00
[2025-07-21T14:07:11.516+0000] {processor.py:208} INFO - Processing /opt/airflow/dags/train_weather_pred.py took 3.801 seconds
[2025-07-21T14:07:42.795+0000] {processor.py:186} INFO - Started process (PID=20364) to work on /opt/airflow/dags/train_weather_pred.py
[2025-07-21T14:07:42.796+0000] {processor.py:914} INFO - Processing file /opt/airflow/dags/train_weather_pred.py for tasks to queue
[2025-07-21T14:07:42.799+0000] {logging_mixin.py:190} INFO - [2025-07-21T14:07:42.798+0000] {dagbag.py:588} INFO - Filling up the DagBag from /opt/airflow/dags/train_weather_pred.py
[2025-07-21T14:07:46.572+0000] {processor.py:925} INFO - DAG(s) 'train_weather_pred' retrieved from /opt/airflow/dags/train_weather_pred.py
[2025-07-21T14:07:46.593+0000] {logging_mixin.py:190} INFO - [2025-07-21T14:07:46.592+0000] {dag.py:3239} INFO - Sync 1 DAGs
[2025-07-21T14:07:46.612+0000] {logging_mixin.py:190} INFO - [2025-07-21T14:07:46.612+0000] {dag.py:4180} INFO - Setting next_dagrun for train_weather_pred to 2025-07-21 00:00:00+00:00, run_after=2025-07-22 00:00:00+00:00
[2025-07-21T14:07:46.630+0000] {processor.py:208} INFO - Processing /opt/airflow/dags/train_weather_pred.py took 3.841 seconds
[2025-07-21T14:08:18.334+0000] {processor.py:186} INFO - Started process (PID=20462) to work on /opt/airflow/dags/train_weather_pred.py
[2025-07-21T14:08:18.335+0000] {processor.py:914} INFO - Processing file /opt/airflow/dags/train_weather_pred.py for tasks to queue
[2025-07-21T14:08:18.338+0000] {logging_mixin.py:190} INFO - [2025-07-21T14:08:18.337+0000] {dagbag.py:588} INFO - Filling up the DagBag from /opt/airflow/dags/train_weather_pred.py
[2025-07-21T14:08:22.263+0000] {processor.py:925} INFO - DAG(s) 'train_weather_pred' retrieved from /opt/airflow/dags/train_weather_pred.py
[2025-07-21T14:08:22.286+0000] {logging_mixin.py:190} INFO - [2025-07-21T14:08:22.285+0000] {dag.py:3239} INFO - Sync 1 DAGs
[2025-07-21T14:08:22.306+0000] {logging_mixin.py:190} INFO - [2025-07-21T14:08:22.306+0000] {dag.py:4180} INFO - Setting next_dagrun for train_weather_pred to 2025-07-21 00:00:00+00:00, run_after=2025-07-22 00:00:00+00:00
[2025-07-21T14:08:22.323+0000] {processor.py:208} INFO - Processing /opt/airflow/dags/train_weather_pred.py took 3.995 seconds
[2025-07-21T14:08:54.285+0000] {processor.py:186} INFO - Started process (PID=20560) to work on /opt/airflow/dags/train_weather_pred.py
[2025-07-21T14:08:54.286+0000] {processor.py:914} INFO - Processing file /opt/airflow/dags/train_weather_pred.py for tasks to queue
[2025-07-21T14:08:54.288+0000] {logging_mixin.py:190} INFO - [2025-07-21T14:08:54.288+0000] {dagbag.py:588} INFO - Filling up the DagBag from /opt/airflow/dags/train_weather_pred.py
[2025-07-21T14:08:58.113+0000] {processor.py:925} INFO - DAG(s) 'train_weather_pred' retrieved from /opt/airflow/dags/train_weather_pred.py
[2025-07-21T14:08:58.135+0000] {logging_mixin.py:190} INFO - [2025-07-21T14:08:58.135+0000] {dag.py:3239} INFO - Sync 1 DAGs
[2025-07-21T14:08:58.154+0000] {logging_mixin.py:190} INFO - [2025-07-21T14:08:58.154+0000] {dag.py:4180} INFO - Setting next_dagrun for train_weather_pred to 2025-07-21 00:00:00+00:00, run_after=2025-07-22 00:00:00+00:00
[2025-07-21T14:08:58.171+0000] {processor.py:208} INFO - Processing /opt/airflow/dags/train_weather_pred.py took 3.894 seconds
[2025-07-21T14:09:30.109+0000] {processor.py:186} INFO - Started process (PID=20658) to work on /opt/airflow/dags/train_weather_pred.py
[2025-07-21T14:09:30.110+0000] {processor.py:914} INFO - Processing file /opt/airflow/dags/train_weather_pred.py for tasks to queue
[2025-07-21T14:09:30.112+0000] {logging_mixin.py:190} INFO - [2025-07-21T14:09:30.112+0000] {dagbag.py:588} INFO - Filling up the DagBag from /opt/airflow/dags/train_weather_pred.py
[2025-07-21T14:09:33.841+0000] {processor.py:925} INFO - DAG(s) 'train_weather_pred' retrieved from /opt/airflow/dags/train_weather_pred.py
[2025-07-21T14:09:33.866+0000] {logging_mixin.py:190} INFO - [2025-07-21T14:09:33.865+0000] {dag.py:3239} INFO - Sync 1 DAGs
[2025-07-21T14:09:33.886+0000] {logging_mixin.py:190} INFO - [2025-07-21T14:09:33.885+0000] {dag.py:4180} INFO - Setting next_dagrun for train_weather_pred to 2025-07-21 00:00:00+00:00, run_after=2025-07-22 00:00:00+00:00
[2025-07-21T14:09:33.902+0000] {processor.py:208} INFO - Processing /opt/airflow/dags/train_weather_pred.py took 3.799 seconds
[2025-07-21T14:10:05.826+0000] {processor.py:186} INFO - Started process (PID=20763) to work on /opt/airflow/dags/train_weather_pred.py
[2025-07-21T14:10:05.827+0000] {processor.py:914} INFO - Processing file /opt/airflow/dags/train_weather_pred.py for tasks to queue
[2025-07-21T14:10:05.829+0000] {logging_mixin.py:190} INFO - [2025-07-21T14:10:05.829+0000] {dagbag.py:588} INFO - Filling up the DagBag from /opt/airflow/dags/train_weather_pred.py
[2025-07-21T14:10:09.612+0000] {processor.py:925} INFO - DAG(s) 'train_weather_pred' retrieved from /opt/airflow/dags/train_weather_pred.py
[2025-07-21T14:10:09.635+0000] {logging_mixin.py:190} INFO - [2025-07-21T14:10:09.634+0000] {dag.py:3239} INFO - Sync 1 DAGs
[2025-07-21T14:10:09.655+0000] {logging_mixin.py:190} INFO - [2025-07-21T14:10:09.655+0000] {dag.py:4180} INFO - Setting next_dagrun for train_weather_pred to 2025-07-21 00:00:00+00:00, run_after=2025-07-22 00:00:00+00:00
[2025-07-21T14:10:09.670+0000] {processor.py:208} INFO - Processing /opt/airflow/dags/train_weather_pred.py took 3.851 seconds
[2025-07-21T14:10:41.286+0000] {processor.py:186} INFO - Started process (PID=20861) to work on /opt/airflow/dags/train_weather_pred.py
[2025-07-21T14:10:41.288+0000] {processor.py:914} INFO - Processing file /opt/airflow/dags/train_weather_pred.py for tasks to queue
[2025-07-21T14:10:41.291+0000] {logging_mixin.py:190} INFO - [2025-07-21T14:10:41.290+0000] {dagbag.py:588} INFO - Filling up the DagBag from /opt/airflow/dags/train_weather_pred.py
[2025-07-21T14:10:45.091+0000] {processor.py:925} INFO - DAG(s) 'train_weather_pred' retrieved from /opt/airflow/dags/train_weather_pred.py
[2025-07-21T14:10:45.116+0000] {logging_mixin.py:190} INFO - [2025-07-21T14:10:45.115+0000] {dag.py:3239} INFO - Sync 1 DAGs
[2025-07-21T14:10:45.134+0000] {logging_mixin.py:190} INFO - [2025-07-21T14:10:45.134+0000] {dag.py:4180} INFO - Setting next_dagrun for train_weather_pred to 2025-07-21 00:00:00+00:00, run_after=2025-07-22 00:00:00+00:00
[2025-07-21T14:10:45.150+0000] {processor.py:208} INFO - Processing /opt/airflow/dags/train_weather_pred.py took 3.870 seconds
[2025-07-21T14:11:16.911+0000] {processor.py:186} INFO - Started process (PID=20959) to work on /opt/airflow/dags/train_weather_pred.py
[2025-07-21T14:11:16.912+0000] {processor.py:914} INFO - Processing file /opt/airflow/dags/train_weather_pred.py for tasks to queue
[2025-07-21T14:11:16.915+0000] {logging_mixin.py:190} INFO - [2025-07-21T14:11:16.915+0000] {dagbag.py:588} INFO - Filling up the DagBag from /opt/airflow/dags/train_weather_pred.py
[2025-07-21T14:11:21.002+0000] {processor.py:925} INFO - DAG(s) 'train_weather_pred' retrieved from /opt/airflow/dags/train_weather_pred.py
[2025-07-21T14:11:21.033+0000] {logging_mixin.py:190} INFO - [2025-07-21T14:11:21.032+0000] {dag.py:3239} INFO - Sync 1 DAGs
[2025-07-21T14:11:21.061+0000] {logging_mixin.py:190} INFO - [2025-07-21T14:11:21.061+0000] {dag.py:4180} INFO - Setting next_dagrun for train_weather_pred to 2025-07-21 00:00:00+00:00, run_after=2025-07-22 00:00:00+00:00
[2025-07-21T14:11:21.082+0000] {processor.py:208} INFO - Processing /opt/airflow/dags/train_weather_pred.py took 4.177 seconds
[2025-07-21T14:11:52.791+0000] {processor.py:186} INFO - Started process (PID=21057) to work on /opt/airflow/dags/train_weather_pred.py
[2025-07-21T14:11:52.793+0000] {processor.py:914} INFO - Processing file /opt/airflow/dags/train_weather_pred.py for tasks to queue
[2025-07-21T14:11:52.795+0000] {logging_mixin.py:190} INFO - [2025-07-21T14:11:52.795+0000] {dagbag.py:588} INFO - Filling up the DagBag from /opt/airflow/dags/train_weather_pred.py
[2025-07-21T14:11:56.339+0000] {processor.py:925} INFO - DAG(s) 'train_weather_pred' retrieved from /opt/airflow/dags/train_weather_pred.py
[2025-07-21T14:11:56.360+0000] {logging_mixin.py:190} INFO - [2025-07-21T14:11:56.360+0000] {dag.py:3239} INFO - Sync 1 DAGs
[2025-07-21T14:11:56.386+0000] {logging_mixin.py:190} INFO - [2025-07-21T14:11:56.386+0000] {dag.py:4180} INFO - Setting next_dagrun for train_weather_pred to 2025-07-21 00:00:00+00:00, run_after=2025-07-22 00:00:00+00:00
[2025-07-21T14:11:56.406+0000] {processor.py:208} INFO - Processing /opt/airflow/dags/train_weather_pred.py took 3.624 seconds
[2025-07-21T14:12:27.934+0000] {processor.py:186} INFO - Started process (PID=21155) to work on /opt/airflow/dags/train_weather_pred.py
[2025-07-21T14:12:27.935+0000] {processor.py:914} INFO - Processing file /opt/airflow/dags/train_weather_pred.py for tasks to queue
[2025-07-21T14:12:27.938+0000] {logging_mixin.py:190} INFO - [2025-07-21T14:12:27.937+0000] {dagbag.py:588} INFO - Filling up the DagBag from /opt/airflow/dags/train_weather_pred.py
[2025-07-21T14:12:32.103+0000] {processor.py:925} INFO - DAG(s) 'train_weather_pred' retrieved from /opt/airflow/dags/train_weather_pred.py
[2025-07-21T14:12:32.132+0000] {logging_mixin.py:190} INFO - [2025-07-21T14:12:32.132+0000] {dag.py:3239} INFO - Sync 1 DAGs
[2025-07-21T14:12:32.156+0000] {logging_mixin.py:190} INFO - [2025-07-21T14:12:32.155+0000] {dag.py:4180} INFO - Setting next_dagrun for train_weather_pred to 2025-07-21 00:00:00+00:00, run_after=2025-07-22 00:00:00+00:00
[2025-07-21T14:12:32.175+0000] {processor.py:208} INFO - Processing /opt/airflow/dags/train_weather_pred.py took 4.247 seconds
[2025-07-21T14:13:03.607+0000] {processor.py:186} INFO - Started process (PID=21259) to work on /opt/airflow/dags/train_weather_pred.py
[2025-07-21T14:13:03.608+0000] {processor.py:914} INFO - Processing file /opt/airflow/dags/train_weather_pred.py for tasks to queue
[2025-07-21T14:13:03.611+0000] {logging_mixin.py:190} INFO - [2025-07-21T14:13:03.610+0000] {dagbag.py:588} INFO - Filling up the DagBag from /opt/airflow/dags/train_weather_pred.py
[2025-07-21T14:13:07.363+0000] {processor.py:925} INFO - DAG(s) 'train_weather_pred' retrieved from /opt/airflow/dags/train_weather_pred.py
[2025-07-21T14:13:07.388+0000] {logging_mixin.py:190} INFO - [2025-07-21T14:13:07.387+0000] {dag.py:3239} INFO - Sync 1 DAGs
[2025-07-21T14:13:07.408+0000] {logging_mixin.py:190} INFO - [2025-07-21T14:13:07.407+0000] {dag.py:4180} INFO - Setting next_dagrun for train_weather_pred to 2025-07-21 00:00:00+00:00, run_after=2025-07-22 00:00:00+00:00
[2025-07-21T14:13:07.424+0000] {processor.py:208} INFO - Processing /opt/airflow/dags/train_weather_pred.py took 3.825 seconds
[2025-07-21T14:13:38.957+0000] {processor.py:186} INFO - Started process (PID=21357) to work on /opt/airflow/dags/train_weather_pred.py
[2025-07-21T14:13:38.958+0000] {processor.py:914} INFO - Processing file /opt/airflow/dags/train_weather_pred.py for tasks to queue
[2025-07-21T14:13:38.961+0000] {logging_mixin.py:190} INFO - [2025-07-21T14:13:38.960+0000] {dagbag.py:588} INFO - Filling up the DagBag from /opt/airflow/dags/train_weather_pred.py
[2025-07-21T14:13:42.712+0000] {processor.py:925} INFO - DAG(s) 'train_weather_pred' retrieved from /opt/airflow/dags/train_weather_pred.py
[2025-07-21T14:13:42.786+0000] {logging_mixin.py:190} INFO - [2025-07-21T14:13:42.785+0000] {dag.py:3239} INFO - Sync 1 DAGs
[2025-07-21T14:13:42.831+0000] {logging_mixin.py:190} INFO - [2025-07-21T14:13:42.831+0000] {dag.py:4180} INFO - Setting next_dagrun for train_weather_pred to 2025-07-21 00:00:00+00:00, run_after=2025-07-22 00:00:00+00:00
[2025-07-21T14:13:42.881+0000] {processor.py:208} INFO - Processing /opt/airflow/dags/train_weather_pred.py took 3.930 seconds
[2025-07-21T14:24:19.552+0000] {processor.py:186} INFO - Started process (PID=188) to work on /opt/airflow/dags/train_weather_pred.py
[2025-07-21T14:24:19.553+0000] {processor.py:914} INFO - Processing file /opt/airflow/dags/train_weather_pred.py for tasks to queue
[2025-07-21T14:24:19.555+0000] {logging_mixin.py:190} INFO - [2025-07-21T14:24:19.555+0000] {dagbag.py:588} INFO - Filling up the DagBag from /opt/airflow/dags/train_weather_pred.py
[2025-07-21T14:24:25.550+0000] {logging_mixin.py:190} INFO - [2025-07-21T14:24:25.549+0000] {font_manager.py:1639} INFO - generated new fontManager
[2025-07-21T14:24:25.843+0000] {processor.py:925} INFO - DAG(s) 'train_weather_pred' retrieved from /opt/airflow/dags/train_weather_pred.py
[2025-07-21T14:24:26.030+0000] {logging_mixin.py:190} INFO - [2025-07-21T14:24:26.029+0000] {override.py:1912} INFO - Created Permission View: can edit on DAG:train_weather_pred
[2025-07-21T14:24:26.039+0000] {logging_mixin.py:190} INFO - [2025-07-21T14:24:26.039+0000] {override.py:1912} INFO - Created Permission View: can delete on DAG:train_weather_pred
[2025-07-21T14:24:26.045+0000] {logging_mixin.py:190} INFO - [2025-07-21T14:24:26.044+0000] {override.py:1912} INFO - Created Permission View: can read on DAG:train_weather_pred
[2025-07-21T14:24:26.051+0000] {logging_mixin.py:190} INFO - [2025-07-21T14:24:26.051+0000] {override.py:1912} INFO - Created Permission View: can delete on DAG Run:train_weather_pred
[2025-07-21T14:24:26.057+0000] {logging_mixin.py:190} INFO - [2025-07-21T14:24:26.056+0000] {override.py:1912} INFO - Created Permission View: menu access on DAG Run:train_weather_pred
[2025-07-21T14:24:26.061+0000] {logging_mixin.py:190} INFO - [2025-07-21T14:24:26.061+0000] {override.py:1912} INFO - Created Permission View: can create on DAG Run:train_weather_pred
[2025-07-21T14:24:26.067+0000] {logging_mixin.py:190} INFO - [2025-07-21T14:24:26.067+0000] {override.py:1912} INFO - Created Permission View: can read on DAG Run:train_weather_pred
[2025-07-21T14:24:26.068+0000] {logging_mixin.py:190} INFO - [2025-07-21T14:24:26.068+0000] {dag.py:3239} INFO - Sync 1 DAGs
[2025-07-21T14:24:26.081+0000] {logging_mixin.py:190} INFO - [2025-07-21T14:24:26.080+0000] {dag.py:3262} INFO - Creating ORM DAG for train_weather_pred
[2025-07-21T14:24:26.089+0000] {logging_mixin.py:190} INFO - [2025-07-21T14:24:26.089+0000] {dag.py:4180} INFO - Setting next_dagrun for train_weather_pred to 2025-07-21 00:00:00+00:00, run_after=2025-07-22 00:00:00+00:00
[2025-07-21T14:24:26.105+0000] {processor.py:208} INFO - Processing /opt/airflow/dags/train_weather_pred.py took 6.565 seconds
[2025-07-21T14:24:57.164+0000] {processor.py:186} INFO - Started process (PID=296) to work on /opt/airflow/dags/train_weather_pred.py
[2025-07-21T14:24:57.165+0000] {processor.py:914} INFO - Processing file /opt/airflow/dags/train_weather_pred.py for tasks to queue
[2025-07-21T14:24:57.168+0000] {logging_mixin.py:190} INFO - [2025-07-21T14:24:57.167+0000] {dagbag.py:588} INFO - Filling up the DagBag from /opt/airflow/dags/train_weather_pred.py
[2025-07-21T14:25:00.751+0000] {processor.py:925} INFO - DAG(s) 'train_weather_pred' retrieved from /opt/airflow/dags/train_weather_pred.py
[2025-07-21T14:25:00.777+0000] {logging_mixin.py:190} INFO - [2025-07-21T14:25:00.776+0000] {dag.py:3239} INFO - Sync 1 DAGs
[2025-07-21T14:25:00.796+0000] {logging_mixin.py:190} INFO - [2025-07-21T14:25:00.796+0000] {dag.py:4180} INFO - Setting next_dagrun for train_weather_pred to 2025-07-21 00:00:00+00:00, run_after=2025-07-22 00:00:00+00:00
[2025-07-21T14:25:00.813+0000] {processor.py:208} INFO - Processing /opt/airflow/dags/train_weather_pred.py took 3.657 seconds
[2025-07-21T14:25:32.267+0000] {processor.py:186} INFO - Started process (PID=956) to work on /opt/airflow/dags/train_weather_pred.py
[2025-07-21T14:25:32.268+0000] {processor.py:914} INFO - Processing file /opt/airflow/dags/train_weather_pred.py for tasks to queue
[2025-07-21T14:25:32.270+0000] {logging_mixin.py:190} INFO - [2025-07-21T14:25:32.270+0000] {dagbag.py:588} INFO - Filling up the DagBag from /opt/airflow/dags/train_weather_pred.py
[2025-07-21T14:25:36.087+0000] {processor.py:925} INFO - DAG(s) 'train_weather_pred' retrieved from /opt/airflow/dags/train_weather_pred.py
[2025-07-21T14:25:36.117+0000] {logging_mixin.py:190} INFO - [2025-07-21T14:25:36.116+0000] {dag.py:3239} INFO - Sync 1 DAGs
[2025-07-21T14:25:36.138+0000] {logging_mixin.py:190} INFO - [2025-07-21T14:25:36.138+0000] {dag.py:4180} INFO - Setting next_dagrun for train_weather_pred to 2025-07-21 00:00:00+00:00, run_after=2025-07-22 00:00:00+00:00
[2025-07-21T14:25:36.158+0000] {processor.py:208} INFO - Processing /opt/airflow/dags/train_weather_pred.py took 3.898 seconds
[2025-07-21T14:26:07.399+0000] {processor.py:186} INFO - Started process (PID=5186) to work on /opt/airflow/dags/train_weather_pred.py
[2025-07-21T14:26:07.401+0000] {processor.py:914} INFO - Processing file /opt/airflow/dags/train_weather_pred.py for tasks to queue
[2025-07-21T14:26:07.403+0000] {logging_mixin.py:190} INFO - [2025-07-21T14:26:07.403+0000] {dagbag.py:588} INFO - Filling up the DagBag from /opt/airflow/dags/train_weather_pred.py
[2025-07-21T14:26:11.044+0000] {processor.py:925} INFO - DAG(s) 'train_weather_pred' retrieved from /opt/airflow/dags/train_weather_pred.py
[2025-07-21T14:26:11.069+0000] {logging_mixin.py:190} INFO - [2025-07-21T14:26:11.069+0000] {dag.py:3239} INFO - Sync 1 DAGs
[2025-07-21T14:26:11.088+0000] {logging_mixin.py:190} INFO - [2025-07-21T14:26:11.088+0000] {dag.py:4180} INFO - Setting next_dagrun for train_weather_pred to 2025-07-21 00:00:00+00:00, run_after=2025-07-22 00:00:00+00:00
[2025-07-21T14:26:11.104+0000] {processor.py:208} INFO - Processing /opt/airflow/dags/train_weather_pred.py took 3.712 seconds
[2025-07-21T14:26:42.806+0000] {processor.py:186} INFO - Started process (PID=5284) to work on /opt/airflow/dags/train_weather_pred.py
[2025-07-21T14:26:42.808+0000] {processor.py:914} INFO - Processing file /opt/airflow/dags/train_weather_pred.py for tasks to queue
[2025-07-21T14:26:42.811+0000] {logging_mixin.py:190} INFO - [2025-07-21T14:26:42.810+0000] {dagbag.py:588} INFO - Filling up the DagBag from /opt/airflow/dags/train_weather_pred.py
[2025-07-21T14:26:46.237+0000] {processor.py:925} INFO - DAG(s) 'train_weather_pred' retrieved from /opt/airflow/dags/train_weather_pred.py
[2025-07-21T14:26:46.258+0000] {logging_mixin.py:190} INFO - [2025-07-21T14:26:46.258+0000] {dag.py:3239} INFO - Sync 1 DAGs
[2025-07-21T14:26:46.276+0000] {logging_mixin.py:190} INFO - [2025-07-21T14:26:46.275+0000] {dag.py:4180} INFO - Setting next_dagrun for train_weather_pred to 2025-07-21 00:00:00+00:00, run_after=2025-07-22 00:00:00+00:00
[2025-07-21T14:26:46.291+0000] {processor.py:208} INFO - Processing /opt/airflow/dags/train_weather_pred.py took 3.490 seconds
[2025-07-21T14:27:18.122+0000] {processor.py:186} INFO - Started process (PID=5382) to work on /opt/airflow/dags/train_weather_pred.py
[2025-07-21T14:27:18.124+0000] {processor.py:914} INFO - Processing file /opt/airflow/dags/train_weather_pred.py for tasks to queue
[2025-07-21T14:27:18.126+0000] {logging_mixin.py:190} INFO - [2025-07-21T14:27:18.126+0000] {dagbag.py:588} INFO - Filling up the DagBag from /opt/airflow/dags/train_weather_pred.py
[2025-07-21T14:27:21.652+0000] {processor.py:925} INFO - DAG(s) 'train_weather_pred' retrieved from /opt/airflow/dags/train_weather_pred.py
[2025-07-21T14:27:21.675+0000] {logging_mixin.py:190} INFO - [2025-07-21T14:27:21.675+0000] {dag.py:3239} INFO - Sync 1 DAGs
[2025-07-21T14:27:21.694+0000] {logging_mixin.py:190} INFO - [2025-07-21T14:27:21.694+0000] {dag.py:4180} INFO - Setting next_dagrun for train_weather_pred to 2025-07-21 00:00:00+00:00, run_after=2025-07-22 00:00:00+00:00
[2025-07-21T14:27:21.708+0000] {processor.py:208} INFO - Processing /opt/airflow/dags/train_weather_pred.py took 3.591 seconds
[2025-07-21T14:27:53.247+0000] {processor.py:186} INFO - Started process (PID=5486) to work on /opt/airflow/dags/train_weather_pred.py
[2025-07-21T14:27:53.248+0000] {processor.py:914} INFO - Processing file /opt/airflow/dags/train_weather_pred.py for tasks to queue
[2025-07-21T14:27:53.251+0000] {logging_mixin.py:190} INFO - [2025-07-21T14:27:53.251+0000] {dagbag.py:588} INFO - Filling up the DagBag from /opt/airflow/dags/train_weather_pred.py
[2025-07-21T14:27:56.997+0000] {processor.py:925} INFO - DAG(s) 'train_weather_pred' retrieved from /opt/airflow/dags/train_weather_pred.py
[2025-07-21T14:27:57.022+0000] {logging_mixin.py:190} INFO - [2025-07-21T14:27:57.021+0000] {dag.py:3239} INFO - Sync 1 DAGs
[2025-07-21T14:27:57.043+0000] {logging_mixin.py:190} INFO - [2025-07-21T14:27:57.043+0000] {dag.py:4180} INFO - Setting next_dagrun for train_weather_pred to 2025-07-21 00:00:00+00:00, run_after=2025-07-22 00:00:00+00:00
[2025-07-21T14:27:57.058+0000] {processor.py:208} INFO - Processing /opt/airflow/dags/train_weather_pred.py took 3.818 seconds
[2025-07-21T14:28:28.540+0000] {processor.py:186} INFO - Started process (PID=5584) to work on /opt/airflow/dags/train_weather_pred.py
[2025-07-21T14:28:28.542+0000] {processor.py:914} INFO - Processing file /opt/airflow/dags/train_weather_pred.py for tasks to queue
[2025-07-21T14:28:28.544+0000] {logging_mixin.py:190} INFO - [2025-07-21T14:28:28.544+0000] {dagbag.py:588} INFO - Filling up the DagBag from /opt/airflow/dags/train_weather_pred.py
[2025-07-21T14:28:32.423+0000] {processor.py:925} INFO - DAG(s) 'train_weather_pred' retrieved from /opt/airflow/dags/train_weather_pred.py
[2025-07-21T14:28:32.447+0000] {logging_mixin.py:190} INFO - [2025-07-21T14:28:32.447+0000] {dag.py:3239} INFO - Sync 1 DAGs
[2025-07-21T14:28:32.468+0000] {logging_mixin.py:190} INFO - [2025-07-21T14:28:32.468+0000] {dag.py:4180} INFO - Setting next_dagrun for train_weather_pred to 2025-07-21 00:00:00+00:00, run_after=2025-07-22 00:00:00+00:00
[2025-07-21T14:28:32.486+0000] {processor.py:208} INFO - Processing /opt/airflow/dags/train_weather_pred.py took 3.951 seconds
[2025-07-21T14:29:04.147+0000] {processor.py:186} INFO - Started process (PID=8354) to work on /opt/airflow/dags/train_weather_pred.py
[2025-07-21T14:29:04.148+0000] {processor.py:914} INFO - Processing file /opt/airflow/dags/train_weather_pred.py for tasks to queue
[2025-07-21T14:29:04.151+0000] {logging_mixin.py:190} INFO - [2025-07-21T14:29:04.150+0000] {dagbag.py:588} INFO - Filling up the DagBag from /opt/airflow/dags/train_weather_pred.py
[2025-07-21T14:29:07.818+0000] {processor.py:925} INFO - DAG(s) 'train_weather_pred' retrieved from /opt/airflow/dags/train_weather_pred.py
[2025-07-21T14:29:07.851+0000] {logging_mixin.py:190} INFO - [2025-07-21T14:29:07.851+0000] {dag.py:3239} INFO - Sync 1 DAGs
[2025-07-21T14:29:07.876+0000] {logging_mixin.py:190} INFO - [2025-07-21T14:29:07.875+0000] {dag.py:4180} INFO - Setting next_dagrun for train_weather_pred to 2025-07-21 00:00:00+00:00, run_after=2025-07-22 00:00:00+00:00
[2025-07-21T14:29:07.895+0000] {processor.py:208} INFO - Processing /opt/airflow/dags/train_weather_pred.py took 3.754 seconds
[2025-07-21T14:29:39.513+0000] {processor.py:186} INFO - Started process (PID=8452) to work on /opt/airflow/dags/train_weather_pred.py
[2025-07-21T14:29:39.514+0000] {processor.py:914} INFO - Processing file /opt/airflow/dags/train_weather_pred.py for tasks to queue
[2025-07-21T14:29:39.517+0000] {logging_mixin.py:190} INFO - [2025-07-21T14:29:39.517+0000] {dagbag.py:588} INFO - Filling up the DagBag from /opt/airflow/dags/train_weather_pred.py
[2025-07-21T14:29:43.041+0000] {processor.py:925} INFO - DAG(s) 'train_weather_pred' retrieved from /opt/airflow/dags/train_weather_pred.py
[2025-07-21T14:29:43.063+0000] {logging_mixin.py:190} INFO - [2025-07-21T14:29:43.062+0000] {dag.py:3239} INFO - Sync 1 DAGs
[2025-07-21T14:29:43.082+0000] {logging_mixin.py:190} INFO - [2025-07-21T14:29:43.082+0000] {dag.py:4180} INFO - Setting next_dagrun for train_weather_pred to 2025-07-21 00:00:00+00:00, run_after=2025-07-22 00:00:00+00:00
[2025-07-21T14:29:43.097+0000] {processor.py:208} INFO - Processing /opt/airflow/dags/train_weather_pred.py took 3.590 seconds
[2025-07-21T14:30:14.752+0000] {processor.py:186} INFO - Started process (PID=8550) to work on /opt/airflow/dags/train_weather_pred.py
[2025-07-21T14:30:14.753+0000] {processor.py:914} INFO - Processing file /opt/airflow/dags/train_weather_pred.py for tasks to queue
[2025-07-21T14:30:14.756+0000] {logging_mixin.py:190} INFO - [2025-07-21T14:30:14.755+0000] {dagbag.py:588} INFO - Filling up the DagBag from /opt/airflow/dags/train_weather_pred.py
[2025-07-21T14:30:18.446+0000] {processor.py:925} INFO - DAG(s) 'train_weather_pred' retrieved from /opt/airflow/dags/train_weather_pred.py
[2025-07-21T14:30:18.469+0000] {logging_mixin.py:190} INFO - [2025-07-21T14:30:18.468+0000] {dag.py:3239} INFO - Sync 1 DAGs
[2025-07-21T14:30:18.490+0000] {logging_mixin.py:190} INFO - [2025-07-21T14:30:18.489+0000] {dag.py:4180} INFO - Setting next_dagrun for train_weather_pred to 2025-07-21 00:00:00+00:00, run_after=2025-07-22 00:00:00+00:00
[2025-07-21T14:30:18.513+0000] {processor.py:208} INFO - Processing /opt/airflow/dags/train_weather_pred.py took 3.768 seconds
[2025-07-21T14:30:50.163+0000] {processor.py:186} INFO - Started process (PID=8648) to work on /opt/airflow/dags/train_weather_pred.py
[2025-07-21T14:30:50.164+0000] {processor.py:914} INFO - Processing file /opt/airflow/dags/train_weather_pred.py for tasks to queue
[2025-07-21T14:30:50.167+0000] {logging_mixin.py:190} INFO - [2025-07-21T14:30:50.167+0000] {dagbag.py:588} INFO - Filling up the DagBag from /opt/airflow/dags/train_weather_pred.py
[2025-07-21T14:30:54.133+0000] {processor.py:925} INFO - DAG(s) 'train_weather_pred' retrieved from /opt/airflow/dags/train_weather_pred.py
[2025-07-21T14:30:54.154+0000] {logging_mixin.py:190} INFO - [2025-07-21T14:30:54.154+0000] {dag.py:3239} INFO - Sync 1 DAGs
[2025-07-21T14:30:54.172+0000] {logging_mixin.py:190} INFO - [2025-07-21T14:30:54.172+0000] {dag.py:4180} INFO - Setting next_dagrun for train_weather_pred to 2025-07-21 00:00:00+00:00, run_after=2025-07-22 00:00:00+00:00
[2025-07-21T14:30:54.186+0000] {processor.py:208} INFO - Processing /opt/airflow/dags/train_weather_pred.py took 4.030 seconds
[2025-07-21T14:31:25.813+0000] {processor.py:186} INFO - Started process (PID=8752) to work on /opt/airflow/dags/train_weather_pred.py
[2025-07-21T14:31:25.814+0000] {processor.py:914} INFO - Processing file /opt/airflow/dags/train_weather_pred.py for tasks to queue
[2025-07-21T14:31:25.818+0000] {logging_mixin.py:190} INFO - [2025-07-21T14:31:25.817+0000] {dagbag.py:588} INFO - Filling up the DagBag from /opt/airflow/dags/train_weather_pred.py
[2025-07-21T14:31:29.311+0000] {processor.py:925} INFO - DAG(s) 'train_weather_pred' retrieved from /opt/airflow/dags/train_weather_pred.py
[2025-07-21T14:31:29.334+0000] {logging_mixin.py:190} INFO - [2025-07-21T14:31:29.333+0000] {dag.py:3239} INFO - Sync 1 DAGs
[2025-07-21T14:31:29.354+0000] {logging_mixin.py:190} INFO - [2025-07-21T14:31:29.354+0000] {dag.py:4180} INFO - Setting next_dagrun for train_weather_pred to 2025-07-21 00:00:00+00:00, run_after=2025-07-22 00:00:00+00:00
[2025-07-21T14:31:29.369+0000] {processor.py:208} INFO - Processing /opt/airflow/dags/train_weather_pred.py took 3.563 seconds
[2025-07-21T14:32:00.553+0000] {processor.py:186} INFO - Started process (PID=8850) to work on /opt/airflow/dags/train_weather_pred.py
[2025-07-21T14:32:00.554+0000] {processor.py:914} INFO - Processing file /opt/airflow/dags/train_weather_pred.py for tasks to queue
[2025-07-21T14:32:00.557+0000] {logging_mixin.py:190} INFO - [2025-07-21T14:32:00.556+0000] {dagbag.py:588} INFO - Filling up the DagBag from /opt/airflow/dags/train_weather_pred.py
[2025-07-21T14:32:04.180+0000] {processor.py:925} INFO - DAG(s) 'train_weather_pred' retrieved from /opt/airflow/dags/train_weather_pred.py
[2025-07-21T14:32:04.201+0000] {logging_mixin.py:190} INFO - [2025-07-21T14:32:04.200+0000] {dag.py:3239} INFO - Sync 1 DAGs
[2025-07-21T14:32:04.218+0000] {logging_mixin.py:190} INFO - [2025-07-21T14:32:04.217+0000] {dag.py:4180} INFO - Setting next_dagrun for train_weather_pred to 2025-07-21 00:00:00+00:00, run_after=2025-07-22 00:00:00+00:00
[2025-07-21T14:32:04.233+0000] {processor.py:208} INFO - Processing /opt/airflow/dags/train_weather_pred.py took 3.687 seconds
[2025-07-21T14:32:36.089+0000] {processor.py:186} INFO - Started process (PID=8948) to work on /opt/airflow/dags/train_weather_pred.py
[2025-07-21T14:32:36.090+0000] {processor.py:914} INFO - Processing file /opt/airflow/dags/train_weather_pred.py for tasks to queue
[2025-07-21T14:32:36.093+0000] {logging_mixin.py:190} INFO - [2025-07-21T14:32:36.093+0000] {dagbag.py:588} INFO - Filling up the DagBag from /opt/airflow/dags/train_weather_pred.py
[2025-07-21T14:32:39.435+0000] {processor.py:925} INFO - DAG(s) 'train_weather_pred' retrieved from /opt/airflow/dags/train_weather_pred.py
[2025-07-21T14:32:39.458+0000] {logging_mixin.py:190} INFO - [2025-07-21T14:32:39.457+0000] {dag.py:3239} INFO - Sync 1 DAGs
[2025-07-21T14:32:39.474+0000] {logging_mixin.py:190} INFO - [2025-07-21T14:32:39.474+0000] {dag.py:4180} INFO - Setting next_dagrun for train_weather_pred to 2025-07-21 00:00:00+00:00, run_after=2025-07-22 00:00:00+00:00
[2025-07-21T14:32:39.491+0000] {processor.py:208} INFO - Processing /opt/airflow/dags/train_weather_pred.py took 3.407 seconds
[2025-07-21T14:33:10.637+0000] {processor.py:186} INFO - Started process (PID=9046) to work on /opt/airflow/dags/train_weather_pred.py
[2025-07-21T14:33:10.638+0000] {processor.py:914} INFO - Processing file /opt/airflow/dags/train_weather_pred.py for tasks to queue
[2025-07-21T14:33:10.640+0000] {logging_mixin.py:190} INFO - [2025-07-21T14:33:10.640+0000] {dagbag.py:588} INFO - Filling up the DagBag from /opt/airflow/dags/train_weather_pred.py
[2025-07-21T14:33:14.017+0000] {processor.py:925} INFO - DAG(s) 'train_weather_pred' retrieved from /opt/airflow/dags/train_weather_pred.py
[2025-07-21T14:33:14.040+0000] {logging_mixin.py:190} INFO - [2025-07-21T14:33:14.040+0000] {dag.py:3239} INFO - Sync 1 DAGs
[2025-07-21T14:33:14.060+0000] {logging_mixin.py:190} INFO - [2025-07-21T14:33:14.060+0000] {dag.py:4180} INFO - Setting next_dagrun for train_weather_pred to 2025-07-21 00:00:00+00:00, run_after=2025-07-22 00:00:00+00:00
[2025-07-21T14:33:14.076+0000] {processor.py:208} INFO - Processing /opt/airflow/dags/train_weather_pred.py took 3.445 seconds
[2025-07-21T14:33:46.047+0000] {processor.py:186} INFO - Started process (PID=9144) to work on /opt/airflow/dags/train_weather_pred.py
[2025-07-21T14:33:46.048+0000] {processor.py:914} INFO - Processing file /opt/airflow/dags/train_weather_pred.py for tasks to queue
[2025-07-21T14:33:46.051+0000] {logging_mixin.py:190} INFO - [2025-07-21T14:33:46.050+0000] {dagbag.py:588} INFO - Filling up the DagBag from /opt/airflow/dags/train_weather_pred.py
[2025-07-21T14:33:49.357+0000] {processor.py:925} INFO - DAG(s) 'train_weather_pred' retrieved from /opt/airflow/dags/train_weather_pred.py
[2025-07-21T14:33:49.376+0000] {logging_mixin.py:190} INFO - [2025-07-21T14:33:49.375+0000] {dag.py:3239} INFO - Sync 1 DAGs
[2025-07-21T14:33:49.393+0000] {logging_mixin.py:190} INFO - [2025-07-21T14:33:49.392+0000] {dag.py:4180} INFO - Setting next_dagrun for train_weather_pred to 2025-07-21 00:00:00+00:00, run_after=2025-07-22 00:00:00+00:00
[2025-07-21T14:33:49.407+0000] {processor.py:208} INFO - Processing /opt/airflow/dags/train_weather_pred.py took 3.365 seconds
[2025-07-21T14:34:20.898+0000] {processor.py:186} INFO - Started process (PID=9242) to work on /opt/airflow/dags/train_weather_pred.py
[2025-07-21T14:34:20.899+0000] {processor.py:914} INFO - Processing file /opt/airflow/dags/train_weather_pred.py for tasks to queue
[2025-07-21T14:34:20.902+0000] {logging_mixin.py:190} INFO - [2025-07-21T14:34:20.901+0000] {dagbag.py:588} INFO - Filling up the DagBag from /opt/airflow/dags/train_weather_pred.py
[2025-07-21T14:34:24.377+0000] {processor.py:925} INFO - DAG(s) 'train_weather_pred' retrieved from /opt/airflow/dags/train_weather_pred.py
[2025-07-21T14:34:24.399+0000] {logging_mixin.py:190} INFO - [2025-07-21T14:34:24.398+0000] {dag.py:3239} INFO - Sync 1 DAGs
[2025-07-21T14:34:24.416+0000] {logging_mixin.py:190} INFO - [2025-07-21T14:34:24.415+0000] {dag.py:4180} INFO - Setting next_dagrun for train_weather_pred to 2025-07-21 00:00:00+00:00, run_after=2025-07-22 00:00:00+00:00
[2025-07-21T14:34:24.431+0000] {processor.py:208} INFO - Processing /opt/airflow/dags/train_weather_pred.py took 3.541 seconds
[2025-07-21T14:34:56.413+0000] {processor.py:186} INFO - Started process (PID=9346) to work on /opt/airflow/dags/train_weather_pred.py
[2025-07-21T14:34:56.414+0000] {processor.py:914} INFO - Processing file /opt/airflow/dags/train_weather_pred.py for tasks to queue
[2025-07-21T14:34:56.418+0000] {logging_mixin.py:190} INFO - [2025-07-21T14:34:56.417+0000] {dagbag.py:588} INFO - Filling up the DagBag from /opt/airflow/dags/train_weather_pred.py
[2025-07-21T14:34:59.954+0000] {processor.py:925} INFO - DAG(s) 'train_weather_pred' retrieved from /opt/airflow/dags/train_weather_pred.py
[2025-07-21T14:34:59.979+0000] {logging_mixin.py:190} INFO - [2025-07-21T14:34:59.979+0000] {dag.py:3239} INFO - Sync 1 DAGs
[2025-07-21T14:34:59.997+0000] {logging_mixin.py:190} INFO - [2025-07-21T14:34:59.997+0000] {dag.py:4180} INFO - Setting next_dagrun for train_weather_pred to 2025-07-21 00:00:00+00:00, run_after=2025-07-22 00:00:00+00:00
[2025-07-21T14:35:00.013+0000] {processor.py:208} INFO - Processing /opt/airflow/dags/train_weather_pred.py took 3.608 seconds
[2025-07-21T14:35:31.877+0000] {processor.py:186} INFO - Started process (PID=9444) to work on /opt/airflow/dags/train_weather_pred.py
[2025-07-21T14:35:31.878+0000] {processor.py:914} INFO - Processing file /opt/airflow/dags/train_weather_pred.py for tasks to queue
[2025-07-21T14:35:31.882+0000] {logging_mixin.py:190} INFO - [2025-07-21T14:35:31.881+0000] {dagbag.py:588} INFO - Filling up the DagBag from /opt/airflow/dags/train_weather_pred.py
[2025-07-21T14:35:35.310+0000] {processor.py:925} INFO - DAG(s) 'train_weather_pred' retrieved from /opt/airflow/dags/train_weather_pred.py
[2025-07-21T14:35:35.332+0000] {logging_mixin.py:190} INFO - [2025-07-21T14:35:35.331+0000] {dag.py:3239} INFO - Sync 1 DAGs
[2025-07-21T14:35:35.352+0000] {logging_mixin.py:190} INFO - [2025-07-21T14:35:35.352+0000] {dag.py:4180} INFO - Setting next_dagrun for train_weather_pred to 2025-07-21 00:00:00+00:00, run_after=2025-07-22 00:00:00+00:00
[2025-07-21T14:35:35.370+0000] {processor.py:208} INFO - Processing /opt/airflow/dags/train_weather_pred.py took 3.500 seconds
[2025-07-21T14:36:06.896+0000] {processor.py:186} INFO - Started process (PID=9542) to work on /opt/airflow/dags/train_weather_pred.py
[2025-07-21T14:36:06.897+0000] {processor.py:914} INFO - Processing file /opt/airflow/dags/train_weather_pred.py for tasks to queue
[2025-07-21T14:36:06.900+0000] {logging_mixin.py:190} INFO - [2025-07-21T14:36:06.899+0000] {dagbag.py:588} INFO - Filling up the DagBag from /opt/airflow/dags/train_weather_pred.py
[2025-07-21T14:36:10.528+0000] {processor.py:925} INFO - DAG(s) 'train_weather_pred' retrieved from /opt/airflow/dags/train_weather_pred.py
[2025-07-21T14:36:10.552+0000] {logging_mixin.py:190} INFO - [2025-07-21T14:36:10.552+0000] {dag.py:3239} INFO - Sync 1 DAGs
[2025-07-21T14:36:10.572+0000] {logging_mixin.py:190} INFO - [2025-07-21T14:36:10.572+0000] {dag.py:4180} INFO - Setting next_dagrun for train_weather_pred to 2025-07-21 00:00:00+00:00, run_after=2025-07-22 00:00:00+00:00
[2025-07-21T14:36:10.588+0000] {processor.py:208} INFO - Processing /opt/airflow/dags/train_weather_pred.py took 3.699 seconds
[2025-07-21T14:36:42.076+0000] {processor.py:186} INFO - Started process (PID=9640) to work on /opt/airflow/dags/train_weather_pred.py
[2025-07-21T14:36:42.077+0000] {processor.py:914} INFO - Processing file /opt/airflow/dags/train_weather_pred.py for tasks to queue
[2025-07-21T14:36:42.081+0000] {logging_mixin.py:190} INFO - [2025-07-21T14:36:42.080+0000] {dagbag.py:588} INFO - Filling up the DagBag from /opt/airflow/dags/train_weather_pred.py
[2025-07-21T14:36:45.587+0000] {processor.py:925} INFO - DAG(s) 'train_weather_pred' retrieved from /opt/airflow/dags/train_weather_pred.py
[2025-07-21T14:36:45.608+0000] {logging_mixin.py:190} INFO - [2025-07-21T14:36:45.607+0000] {dag.py:3239} INFO - Sync 1 DAGs
[2025-07-21T14:36:45.627+0000] {logging_mixin.py:190} INFO - [2025-07-21T14:36:45.627+0000] {dag.py:4180} INFO - Setting next_dagrun for train_weather_pred to 2025-07-21 00:00:00+00:00, run_after=2025-07-22 00:00:00+00:00
[2025-07-21T14:36:45.644+0000] {processor.py:208} INFO - Processing /opt/airflow/dags/train_weather_pred.py took 3.576 seconds
[2025-07-21T14:37:17.568+0000] {processor.py:186} INFO - Started process (PID=9738) to work on /opt/airflow/dags/train_weather_pred.py
[2025-07-21T14:37:17.570+0000] {processor.py:914} INFO - Processing file /opt/airflow/dags/train_weather_pred.py for tasks to queue
[2025-07-21T14:37:17.573+0000] {logging_mixin.py:190} INFO - [2025-07-21T14:37:17.573+0000] {dagbag.py:588} INFO - Filling up the DagBag from /opt/airflow/dags/train_weather_pred.py
[2025-07-21T14:37:21.029+0000] {processor.py:925} INFO - DAG(s) 'train_weather_pred' retrieved from /opt/airflow/dags/train_weather_pred.py
[2025-07-21T14:37:21.052+0000] {logging_mixin.py:190} INFO - [2025-07-21T14:37:21.051+0000] {dag.py:3239} INFO - Sync 1 DAGs
[2025-07-21T14:37:21.070+0000] {logging_mixin.py:190} INFO - [2025-07-21T14:37:21.069+0000] {dag.py:4180} INFO - Setting next_dagrun for train_weather_pred to 2025-07-21 00:00:00+00:00, run_after=2025-07-22 00:00:00+00:00
[2025-07-21T14:37:21.085+0000] {processor.py:208} INFO - Processing /opt/airflow/dags/train_weather_pred.py took 3.525 seconds
[2025-07-21T14:37:52.576+0000] {processor.py:186} INFO - Started process (PID=9836) to work on /opt/airflow/dags/train_weather_pred.py
[2025-07-21T14:37:52.577+0000] {processor.py:914} INFO - Processing file /opt/airflow/dags/train_weather_pred.py for tasks to queue
[2025-07-21T14:37:52.580+0000] {logging_mixin.py:190} INFO - [2025-07-21T14:37:52.579+0000] {dagbag.py:588} INFO - Filling up the DagBag from /opt/airflow/dags/train_weather_pred.py
[2025-07-21T14:37:56.090+0000] {processor.py:925} INFO - DAG(s) 'train_weather_pred' retrieved from /opt/airflow/dags/train_weather_pred.py
[2025-07-21T14:37:56.108+0000] {logging_mixin.py:190} INFO - [2025-07-21T14:37:56.108+0000] {dag.py:3239} INFO - Sync 1 DAGs
[2025-07-21T14:37:56.123+0000] {logging_mixin.py:190} INFO - [2025-07-21T14:37:56.123+0000] {dag.py:4180} INFO - Setting next_dagrun for train_weather_pred to 2025-07-21 00:00:00+00:00, run_after=2025-07-22 00:00:00+00:00
[2025-07-21T14:37:56.138+0000] {processor.py:208} INFO - Processing /opt/airflow/dags/train_weather_pred.py took 3.569 seconds
[2025-07-21T14:38:28.002+0000] {processor.py:186} INFO - Started process (PID=9940) to work on /opt/airflow/dags/train_weather_pred.py
[2025-07-21T14:38:28.004+0000] {processor.py:914} INFO - Processing file /opt/airflow/dags/train_weather_pred.py for tasks to queue
[2025-07-21T14:38:28.006+0000] {logging_mixin.py:190} INFO - [2025-07-21T14:38:28.006+0000] {dagbag.py:588} INFO - Filling up the DagBag from /opt/airflow/dags/train_weather_pred.py
[2025-07-21T14:38:31.280+0000] {processor.py:925} INFO - DAG(s) 'train_weather_pred' retrieved from /opt/airflow/dags/train_weather_pred.py
[2025-07-21T14:38:31.301+0000] {logging_mixin.py:190} INFO - [2025-07-21T14:38:31.300+0000] {dag.py:3239} INFO - Sync 1 DAGs
[2025-07-21T14:38:31.320+0000] {logging_mixin.py:190} INFO - [2025-07-21T14:38:31.320+0000] {dag.py:4180} INFO - Setting next_dagrun for train_weather_pred to 2025-07-21 00:00:00+00:00, run_after=2025-07-22 00:00:00+00:00
[2025-07-21T14:38:31.335+0000] {processor.py:208} INFO - Processing /opt/airflow/dags/train_weather_pred.py took 3.338 seconds
[2025-07-21T14:39:03.233+0000] {processor.py:186} INFO - Started process (PID=10038) to work on /opt/airflow/dags/train_weather_pred.py
[2025-07-21T14:39:03.234+0000] {processor.py:914} INFO - Processing file /opt/airflow/dags/train_weather_pred.py for tasks to queue
[2025-07-21T14:39:03.236+0000] {logging_mixin.py:190} INFO - [2025-07-21T14:39:03.236+0000] {dagbag.py:588} INFO - Filling up the DagBag from /opt/airflow/dags/train_weather_pred.py
[2025-07-21T14:39:06.497+0000] {processor.py:925} INFO - DAG(s) 'train_weather_pred' retrieved from /opt/airflow/dags/train_weather_pred.py
[2025-07-21T14:39:06.518+0000] {logging_mixin.py:190} INFO - [2025-07-21T14:39:06.518+0000] {dag.py:3239} INFO - Sync 1 DAGs
[2025-07-21T14:39:06.538+0000] {logging_mixin.py:190} INFO - [2025-07-21T14:39:06.537+0000] {dag.py:4180} INFO - Setting next_dagrun for train_weather_pred to 2025-07-21 00:00:00+00:00, run_after=2025-07-22 00:00:00+00:00
[2025-07-21T14:39:06.551+0000] {processor.py:208} INFO - Processing /opt/airflow/dags/train_weather_pred.py took 3.324 seconds
[2025-07-21T14:39:38.507+0000] {processor.py:186} INFO - Started process (PID=10136) to work on /opt/airflow/dags/train_weather_pred.py
[2025-07-21T14:39:38.507+0000] {processor.py:914} INFO - Processing file /opt/airflow/dags/train_weather_pred.py for tasks to queue
[2025-07-21T14:39:38.511+0000] {logging_mixin.py:190} INFO - [2025-07-21T14:39:38.511+0000] {dagbag.py:588} INFO - Filling up the DagBag from /opt/airflow/dags/train_weather_pred.py
[2025-07-21T14:39:41.995+0000] {processor.py:925} INFO - DAG(s) 'train_weather_pred' retrieved from /opt/airflow/dags/train_weather_pred.py
[2025-07-21T14:39:42.017+0000] {logging_mixin.py:190} INFO - [2025-07-21T14:39:42.017+0000] {dag.py:3239} INFO - Sync 1 DAGs
[2025-07-21T14:39:42.035+0000] {logging_mixin.py:190} INFO - [2025-07-21T14:39:42.035+0000] {dag.py:4180} INFO - Setting next_dagrun for train_weather_pred to 2025-07-21 00:00:00+00:00, run_after=2025-07-22 00:00:00+00:00
[2025-07-21T14:39:42.049+0000] {processor.py:208} INFO - Processing /opt/airflow/dags/train_weather_pred.py took 3.550 seconds
[2025-07-21T14:40:13.905+0000] {processor.py:186} INFO - Started process (PID=10234) to work on /opt/airflow/dags/train_weather_pred.py
[2025-07-21T14:40:13.906+0000] {processor.py:914} INFO - Processing file /opt/airflow/dags/train_weather_pred.py for tasks to queue
[2025-07-21T14:40:13.909+0000] {logging_mixin.py:190} INFO - [2025-07-21T14:40:13.908+0000] {dagbag.py:588} INFO - Filling up the DagBag from /opt/airflow/dags/train_weather_pred.py
[2025-07-21T14:40:17.129+0000] {processor.py:925} INFO - DAG(s) 'train_weather_pred' retrieved from /opt/airflow/dags/train_weather_pred.py
[2025-07-21T14:40:17.152+0000] {logging_mixin.py:190} INFO - [2025-07-21T14:40:17.151+0000] {dag.py:3239} INFO - Sync 1 DAGs
[2025-07-21T14:40:17.168+0000] {logging_mixin.py:190} INFO - [2025-07-21T14:40:17.168+0000] {dag.py:4180} INFO - Setting next_dagrun for train_weather_pred to 2025-07-21 00:00:00+00:00, run_after=2025-07-22 00:00:00+00:00
[2025-07-21T14:40:17.182+0000] {processor.py:208} INFO - Processing /opt/airflow/dags/train_weather_pred.py took 3.282 seconds
[2025-07-21T14:40:48.905+0000] {processor.py:186} INFO - Started process (PID=10332) to work on /opt/airflow/dags/train_weather_pred.py
[2025-07-21T14:40:48.906+0000] {processor.py:914} INFO - Processing file /opt/airflow/dags/train_weather_pred.py for tasks to queue
[2025-07-21T14:40:48.909+0000] {logging_mixin.py:190} INFO - [2025-07-21T14:40:48.908+0000] {dagbag.py:588} INFO - Filling up the DagBag from /opt/airflow/dags/train_weather_pred.py
[2025-07-21T14:40:52.275+0000] {processor.py:925} INFO - DAG(s) 'train_weather_pred' retrieved from /opt/airflow/dags/train_weather_pred.py
[2025-07-21T14:40:52.297+0000] {logging_mixin.py:190} INFO - [2025-07-21T14:40:52.297+0000] {dag.py:3239} INFO - Sync 1 DAGs
[2025-07-21T14:40:52.316+0000] {logging_mixin.py:190} INFO - [2025-07-21T14:40:52.315+0000] {dag.py:4180} INFO - Setting next_dagrun for train_weather_pred to 2025-07-21 00:00:00+00:00, run_after=2025-07-22 00:00:00+00:00
[2025-07-21T14:40:52.330+0000] {processor.py:208} INFO - Processing /opt/airflow/dags/train_weather_pred.py took 3.432 seconds
