[2025-07-21T12:23:12.475+0000] {processor.py:186} INFO - Started process (PID=191) to work on /opt/airflow/dags/train_traffic_pred.py
[2025-07-21T12:23:12.476+0000] {processor.py:914} INFO - Processing file /opt/airflow/dags/train_traffic_pred.py for tasks to queue
[2025-07-21T12:23:12.482+0000] {logging_mixin.py:190} INFO - [2025-07-21T12:23:12.482+0000] {dagbag.py:588} INFO - Filling up the DagBag from /opt/airflow/dags/train_traffic_pred.py
[2025-07-21T12:23:18.684+0000] {logging_mixin.py:190} INFO - [2025-07-21T12:23:18.684+0000] {font_manager.py:1639} INFO - generated new fontManager
[2025-07-21T12:23:18.912+0000] {processor.py:925} INFO - DAG(s) 'train_traffic_pred' retrieved from /opt/airflow/dags/train_traffic_pred.py
[2025-07-21T12:23:19.115+0000] {logging_mixin.py:190} INFO - [2025-07-21T12:23:19.114+0000] {override.py:1912} INFO - Created Permission View: can read on DAG:train_traffic_pred
[2025-07-21T12:23:19.123+0000] {logging_mixin.py:190} INFO - [2025-07-21T12:23:19.123+0000] {override.py:1912} INFO - Created Permission View: can delete on DAG:train_traffic_pred
[2025-07-21T12:23:19.129+0000] {logging_mixin.py:190} INFO - [2025-07-21T12:23:19.128+0000] {override.py:1912} INFO - Created Permission View: can edit on DAG:train_traffic_pred
[2025-07-21T12:23:19.135+0000] {logging_mixin.py:190} INFO - [2025-07-21T12:23:19.135+0000] {override.py:1912} INFO - Created Permission View: can read on DAG Run:train_traffic_pred
[2025-07-21T12:23:19.141+0000] {logging_mixin.py:190} INFO - [2025-07-21T12:23:19.141+0000] {override.py:1912} INFO - Created Permission View: can delete on DAG Run:train_traffic_pred
[2025-07-21T12:23:19.253+0000] {logging_mixin.py:190} INFO - [2025-07-21T12:23:19.252+0000] {override.py:1912} INFO - Created Permission View: can create on DAG Run:train_traffic_pred
[2025-07-21T12:23:19.259+0000] {logging_mixin.py:190} INFO - [2025-07-21T12:23:19.258+0000] {override.py:1912} INFO - Created Permission View: menu access on DAG Run:train_traffic_pred
[2025-07-21T12:23:19.260+0000] {logging_mixin.py:190} INFO - [2025-07-21T12:23:19.259+0000] {dag.py:3239} INFO - Sync 1 DAGs
[2025-07-21T12:23:19.273+0000] {logging_mixin.py:190} INFO - [2025-07-21T12:23:19.272+0000] {dag.py:3262} INFO - Creating ORM DAG for train_traffic_pred
[2025-07-21T12:23:19.281+0000] {logging_mixin.py:190} INFO - [2025-07-21T12:23:19.281+0000] {dag.py:4180} INFO - Setting next_dagrun for train_traffic_pred to 2025-07-21 00:00:00+00:00, run_after=2025-07-22 00:00:00+00:00
[2025-07-21T12:23:19.295+0000] {processor.py:208} INFO - Processing /opt/airflow/dags/train_traffic_pred.py took 6.830 seconds
[2025-07-21T12:23:50.519+0000] {processor.py:186} INFO - Started process (PID=299) to work on /opt/airflow/dags/train_traffic_pred.py
[2025-07-21T12:23:50.520+0000] {processor.py:914} INFO - Processing file /opt/airflow/dags/train_traffic_pred.py for tasks to queue
[2025-07-21T12:23:50.521+0000] {logging_mixin.py:190} INFO - [2025-07-21T12:23:50.521+0000] {dagbag.py:588} INFO - Filling up the DagBag from /opt/airflow/dags/train_traffic_pred.py
[2025-07-21T12:23:54.310+0000] {processor.py:925} INFO - DAG(s) 'train_traffic_pred' retrieved from /opt/airflow/dags/train_traffic_pred.py
[2025-07-21T12:23:54.339+0000] {logging_mixin.py:190} INFO - [2025-07-21T12:23:54.338+0000] {dag.py:3239} INFO - Sync 1 DAGs
[2025-07-21T12:23:54.356+0000] {logging_mixin.py:190} INFO - [2025-07-21T12:23:54.355+0000] {dag.py:4180} INFO - Setting next_dagrun for train_traffic_pred to 2025-07-21 00:00:00+00:00, run_after=2025-07-22 00:00:00+00:00
[2025-07-21T12:23:54.371+0000] {processor.py:208} INFO - Processing /opt/airflow/dags/train_traffic_pred.py took 3.857 seconds
[2025-07-21T12:24:25.523+0000] {processor.py:186} INFO - Started process (PID=652) to work on /opt/airflow/dags/train_traffic_pred.py
[2025-07-21T12:24:25.524+0000] {processor.py:914} INFO - Processing file /opt/airflow/dags/train_traffic_pred.py for tasks to queue
[2025-07-21T12:24:25.527+0000] {logging_mixin.py:190} INFO - [2025-07-21T12:24:25.527+0000] {dagbag.py:588} INFO - Filling up the DagBag from /opt/airflow/dags/train_traffic_pred.py
[2025-07-21T12:24:30.016+0000] {processor.py:925} INFO - DAG(s) 'train_traffic_pred' retrieved from /opt/airflow/dags/train_traffic_pred.py
[2025-07-21T12:24:30.041+0000] {logging_mixin.py:190} INFO - [2025-07-21T12:24:30.040+0000] {dag.py:3239} INFO - Sync 1 DAGs
[2025-07-21T12:24:30.063+0000] {logging_mixin.py:190} INFO - [2025-07-21T12:24:30.063+0000] {dag.py:4180} INFO - Setting next_dagrun for train_traffic_pred to 2025-07-21 00:00:00+00:00, run_after=2025-07-22 00:00:00+00:00
[2025-07-21T12:24:30.080+0000] {processor.py:208} INFO - Processing /opt/airflow/dags/train_traffic_pred.py took 4.564 seconds
[2025-07-21T12:25:01.713+0000] {processor.py:186} INFO - Started process (PID=2730) to work on /opt/airflow/dags/train_traffic_pred.py
[2025-07-21T12:25:01.714+0000] {processor.py:914} INFO - Processing file /opt/airflow/dags/train_traffic_pred.py for tasks to queue
[2025-07-21T12:25:01.717+0000] {logging_mixin.py:190} INFO - [2025-07-21T12:25:01.717+0000] {dagbag.py:588} INFO - Filling up the DagBag from /opt/airflow/dags/train_traffic_pred.py
[2025-07-21T12:25:06.047+0000] {processor.py:925} INFO - DAG(s) 'train_traffic_pred' retrieved from /opt/airflow/dags/train_traffic_pred.py
[2025-07-21T12:25:06.079+0000] {logging_mixin.py:190} INFO - [2025-07-21T12:25:06.078+0000] {dag.py:3239} INFO - Sync 1 DAGs
[2025-07-21T12:25:06.103+0000] {logging_mixin.py:190} INFO - [2025-07-21T12:25:06.103+0000] {dag.py:4180} INFO - Setting next_dagrun for train_traffic_pred to 2025-07-21 00:00:00+00:00, run_after=2025-07-22 00:00:00+00:00
[2025-07-21T12:25:06.123+0000] {processor.py:208} INFO - Processing /opt/airflow/dags/train_traffic_pred.py took 4.417 seconds
[2025-07-21T12:25:37.946+0000] {processor.py:186} INFO - Started process (PID=2828) to work on /opt/airflow/dags/train_traffic_pred.py
[2025-07-21T12:25:37.947+0000] {processor.py:914} INFO - Processing file /opt/airflow/dags/train_traffic_pred.py for tasks to queue
[2025-07-21T12:25:37.949+0000] {logging_mixin.py:190} INFO - [2025-07-21T12:25:37.948+0000] {dagbag.py:588} INFO - Filling up the DagBag from /opt/airflow/dags/train_traffic_pred.py
[2025-07-21T12:25:41.799+0000] {processor.py:925} INFO - DAG(s) 'train_traffic_pred' retrieved from /opt/airflow/dags/train_traffic_pred.py
[2025-07-21T12:25:41.822+0000] {logging_mixin.py:190} INFO - [2025-07-21T12:25:41.822+0000] {dag.py:3239} INFO - Sync 1 DAGs
[2025-07-21T12:25:41.844+0000] {logging_mixin.py:190} INFO - [2025-07-21T12:25:41.843+0000] {dag.py:4180} INFO - Setting next_dagrun for train_traffic_pred to 2025-07-21 00:00:00+00:00, run_after=2025-07-22 00:00:00+00:00
[2025-07-21T12:25:41.860+0000] {processor.py:208} INFO - Processing /opt/airflow/dags/train_traffic_pred.py took 3.919 seconds
[2025-07-21T12:26:13.478+0000] {processor.py:186} INFO - Started process (PID=2925) to work on /opt/airflow/dags/train_traffic_pred.py
[2025-07-21T12:26:13.479+0000] {processor.py:914} INFO - Processing file /opt/airflow/dags/train_traffic_pred.py for tasks to queue
[2025-07-21T12:26:13.481+0000] {logging_mixin.py:190} INFO - [2025-07-21T12:26:13.481+0000] {dagbag.py:588} INFO - Filling up the DagBag from /opt/airflow/dags/train_traffic_pred.py
[2025-07-21T12:26:17.305+0000] {processor.py:925} INFO - DAG(s) 'train_traffic_pred' retrieved from /opt/airflow/dags/train_traffic_pred.py
[2025-07-21T12:26:17.330+0000] {logging_mixin.py:190} INFO - [2025-07-21T12:26:17.329+0000] {dag.py:3239} INFO - Sync 1 DAGs
[2025-07-21T12:26:17.351+0000] {logging_mixin.py:190} INFO - [2025-07-21T12:26:17.351+0000] {dag.py:4180} INFO - Setting next_dagrun for train_traffic_pred to 2025-07-21 00:00:00+00:00, run_after=2025-07-22 00:00:00+00:00
[2025-07-21T12:26:17.366+0000] {processor.py:208} INFO - Processing /opt/airflow/dags/train_traffic_pred.py took 3.895 seconds
[2025-07-21T12:26:48.962+0000] {processor.py:186} INFO - Started process (PID=3029) to work on /opt/airflow/dags/train_traffic_pred.py
[2025-07-21T12:26:48.963+0000] {processor.py:914} INFO - Processing file /opt/airflow/dags/train_traffic_pred.py for tasks to queue
[2025-07-21T12:26:48.965+0000] {logging_mixin.py:190} INFO - [2025-07-21T12:26:48.965+0000] {dagbag.py:588} INFO - Filling up the DagBag from /opt/airflow/dags/train_traffic_pred.py
[2025-07-21T12:26:52.795+0000] {processor.py:925} INFO - DAG(s) 'train_traffic_pred' retrieved from /opt/airflow/dags/train_traffic_pred.py
[2025-07-21T12:26:52.817+0000] {logging_mixin.py:190} INFO - [2025-07-21T12:26:52.817+0000] {dag.py:3239} INFO - Sync 1 DAGs
[2025-07-21T12:26:52.837+0000] {logging_mixin.py:190} INFO - [2025-07-21T12:26:52.836+0000] {dag.py:4180} INFO - Setting next_dagrun for train_traffic_pred to 2025-07-21 00:00:00+00:00, run_after=2025-07-22 00:00:00+00:00
[2025-07-21T12:26:52.850+0000] {processor.py:208} INFO - Processing /opt/airflow/dags/train_traffic_pred.py took 3.893 seconds
[2025-07-21T12:27:23.977+0000] {processor.py:186} INFO - Started process (PID=3127) to work on /opt/airflow/dags/train_traffic_pred.py
[2025-07-21T12:27:23.978+0000] {processor.py:914} INFO - Processing file /opt/airflow/dags/train_traffic_pred.py for tasks to queue
[2025-07-21T12:27:23.980+0000] {logging_mixin.py:190} INFO - [2025-07-21T12:27:23.979+0000] {dagbag.py:588} INFO - Filling up the DagBag from /opt/airflow/dags/train_traffic_pred.py
[2025-07-21T12:27:27.933+0000] {processor.py:925} INFO - DAG(s) 'train_traffic_pred' retrieved from /opt/airflow/dags/train_traffic_pred.py
[2025-07-21T12:27:27.957+0000] {logging_mixin.py:190} INFO - [2025-07-21T12:27:27.956+0000] {dag.py:3239} INFO - Sync 1 DAGs
[2025-07-21T12:27:27.975+0000] {logging_mixin.py:190} INFO - [2025-07-21T12:27:27.975+0000] {dag.py:4180} INFO - Setting next_dagrun for train_traffic_pred to 2025-07-21 00:00:00+00:00, run_after=2025-07-22 00:00:00+00:00
[2025-07-21T12:27:27.991+0000] {processor.py:208} INFO - Processing /opt/airflow/dags/train_traffic_pred.py took 4.020 seconds
[2025-07-21T12:27:59.771+0000] {processor.py:186} INFO - Started process (PID=3225) to work on /opt/airflow/dags/train_traffic_pred.py
[2025-07-21T12:27:59.772+0000] {processor.py:914} INFO - Processing file /opt/airflow/dags/train_traffic_pred.py for tasks to queue
[2025-07-21T12:27:59.774+0000] {logging_mixin.py:190} INFO - [2025-07-21T12:27:59.774+0000] {dagbag.py:588} INFO - Filling up the DagBag from /opt/airflow/dags/train_traffic_pred.py
[2025-07-21T12:28:03.521+0000] {processor.py:925} INFO - DAG(s) 'train_traffic_pred' retrieved from /opt/airflow/dags/train_traffic_pred.py
[2025-07-21T12:28:03.549+0000] {logging_mixin.py:190} INFO - [2025-07-21T12:28:03.548+0000] {dag.py:3239} INFO - Sync 1 DAGs
[2025-07-21T12:28:03.569+0000] {logging_mixin.py:190} INFO - [2025-07-21T12:28:03.569+0000] {dag.py:4180} INFO - Setting next_dagrun for train_traffic_pred to 2025-07-21 00:00:00+00:00, run_after=2025-07-22 00:00:00+00:00
[2025-07-21T12:28:03.585+0000] {processor.py:208} INFO - Processing /opt/airflow/dags/train_traffic_pred.py took 3.820 seconds
[2025-07-21T12:28:35.419+0000] {processor.py:186} INFO - Started process (PID=3323) to work on /opt/airflow/dags/train_traffic_pred.py
[2025-07-21T12:28:35.422+0000] {processor.py:914} INFO - Processing file /opt/airflow/dags/train_traffic_pred.py for tasks to queue
[2025-07-21T12:28:35.428+0000] {logging_mixin.py:190} INFO - [2025-07-21T12:28:35.426+0000] {dagbag.py:588} INFO - Filling up the DagBag from /opt/airflow/dags/train_traffic_pred.py
[2025-07-21T12:28:42.073+0000] {processor.py:925} INFO - DAG(s) 'train_traffic_pred' retrieved from /opt/airflow/dags/train_traffic_pred.py
[2025-07-21T12:28:42.103+0000] {logging_mixin.py:190} INFO - [2025-07-21T12:28:42.102+0000] {dag.py:3239} INFO - Sync 1 DAGs
[2025-07-21T12:28:42.129+0000] {logging_mixin.py:190} INFO - [2025-07-21T12:28:42.129+0000] {dag.py:4180} INFO - Setting next_dagrun for train_traffic_pred to 2025-07-21 00:00:00+00:00, run_after=2025-07-22 00:00:00+00:00
[2025-07-21T12:28:42.153+0000] {processor.py:208} INFO - Processing /opt/airflow/dags/train_traffic_pred.py took 6.747 seconds
[2025-07-21T12:29:14.222+0000] {processor.py:186} INFO - Started process (PID=3428) to work on /opt/airflow/dags/train_traffic_pred.py
[2025-07-21T12:29:14.224+0000] {processor.py:914} INFO - Processing file /opt/airflow/dags/train_traffic_pred.py for tasks to queue
[2025-07-21T12:29:14.227+0000] {logging_mixin.py:190} INFO - [2025-07-21T12:29:14.226+0000] {dagbag.py:588} INFO - Filling up the DagBag from /opt/airflow/dags/train_traffic_pred.py
[2025-07-21T12:29:18.537+0000] {processor.py:925} INFO - DAG(s) 'train_traffic_pred' retrieved from /opt/airflow/dags/train_traffic_pred.py
[2025-07-21T12:29:18.566+0000] {logging_mixin.py:190} INFO - [2025-07-21T12:29:18.565+0000] {dag.py:3239} INFO - Sync 1 DAGs
[2025-07-21T12:29:18.587+0000] {logging_mixin.py:190} INFO - [2025-07-21T12:29:18.587+0000] {dag.py:4180} INFO - Setting next_dagrun for train_traffic_pred to 2025-07-21 00:00:00+00:00, run_after=2025-07-22 00:00:00+00:00
[2025-07-21T12:29:18.605+0000] {processor.py:208} INFO - Processing /opt/airflow/dags/train_traffic_pred.py took 4.391 seconds
[2025-07-21T12:29:49.832+0000] {processor.py:186} INFO - Started process (PID=3526) to work on /opt/airflow/dags/train_traffic_pred.py
[2025-07-21T12:29:49.833+0000] {processor.py:914} INFO - Processing file /opt/airflow/dags/train_traffic_pred.py for tasks to queue
[2025-07-21T12:29:49.837+0000] {logging_mixin.py:190} INFO - [2025-07-21T12:29:49.837+0000] {dagbag.py:588} INFO - Filling up the DagBag from /opt/airflow/dags/train_traffic_pred.py
[2025-07-21T12:29:53.999+0000] {processor.py:925} INFO - DAG(s) 'train_traffic_pred' retrieved from /opt/airflow/dags/train_traffic_pred.py
[2025-07-21T12:29:54.028+0000] {logging_mixin.py:190} INFO - [2025-07-21T12:29:54.027+0000] {dag.py:3239} INFO - Sync 1 DAGs
[2025-07-21T12:29:54.050+0000] {logging_mixin.py:190} INFO - [2025-07-21T12:29:54.049+0000] {dag.py:4180} INFO - Setting next_dagrun for train_traffic_pred to 2025-07-21 00:00:00+00:00, run_after=2025-07-22 00:00:00+00:00
[2025-07-21T12:29:54.066+0000] {processor.py:208} INFO - Processing /opt/airflow/dags/train_traffic_pred.py took 4.244 seconds
[2025-07-21T12:30:25.915+0000] {processor.py:186} INFO - Started process (PID=3624) to work on /opt/airflow/dags/train_traffic_pred.py
[2025-07-21T12:30:25.917+0000] {processor.py:914} INFO - Processing file /opt/airflow/dags/train_traffic_pred.py for tasks to queue
[2025-07-21T12:30:25.922+0000] {logging_mixin.py:190} INFO - [2025-07-21T12:30:25.921+0000] {dagbag.py:588} INFO - Filling up the DagBag from /opt/airflow/dags/train_traffic_pred.py
[2025-07-21T12:30:31.621+0000] {processor.py:925} INFO - DAG(s) 'train_traffic_pred' retrieved from /opt/airflow/dags/train_traffic_pred.py
[2025-07-21T12:30:31.643+0000] {logging_mixin.py:190} INFO - [2025-07-21T12:30:31.642+0000] {dag.py:3239} INFO - Sync 1 DAGs
[2025-07-21T12:30:31.665+0000] {logging_mixin.py:190} INFO - [2025-07-21T12:30:31.664+0000] {dag.py:4180} INFO - Setting next_dagrun for train_traffic_pred to 2025-07-21 00:00:00+00:00, run_after=2025-07-22 00:00:00+00:00
[2025-07-21T12:30:31.685+0000] {processor.py:208} INFO - Processing /opt/airflow/dags/train_traffic_pred.py took 5.785 seconds
[2025-07-21T12:31:02.986+0000] {processor.py:186} INFO - Started process (PID=3722) to work on /opt/airflow/dags/train_traffic_pred.py
[2025-07-21T12:31:02.987+0000] {processor.py:914} INFO - Processing file /opt/airflow/dags/train_traffic_pred.py for tasks to queue
[2025-07-21T12:31:02.990+0000] {logging_mixin.py:190} INFO - [2025-07-21T12:31:02.989+0000] {dagbag.py:588} INFO - Filling up the DagBag from /opt/airflow/dags/train_traffic_pred.py
[2025-07-21T12:31:07.142+0000] {processor.py:925} INFO - DAG(s) 'train_traffic_pred' retrieved from /opt/airflow/dags/train_traffic_pred.py
[2025-07-21T12:31:07.165+0000] {logging_mixin.py:190} INFO - [2025-07-21T12:31:07.165+0000] {dag.py:3239} INFO - Sync 1 DAGs
[2025-07-21T12:31:07.185+0000] {logging_mixin.py:190} INFO - [2025-07-21T12:31:07.185+0000] {dag.py:4180} INFO - Setting next_dagrun for train_traffic_pred to 2025-07-21 00:00:00+00:00, run_after=2025-07-22 00:00:00+00:00
[2025-07-21T12:31:07.201+0000] {processor.py:208} INFO - Processing /opt/airflow/dags/train_traffic_pred.py took 4.222 seconds
[2025-07-21T12:31:39.036+0000] {processor.py:186} INFO - Started process (PID=3820) to work on /opt/airflow/dags/train_traffic_pred.py
[2025-07-21T12:31:39.037+0000] {processor.py:914} INFO - Processing file /opt/airflow/dags/train_traffic_pred.py for tasks to queue
[2025-07-21T12:31:39.039+0000] {logging_mixin.py:190} INFO - [2025-07-21T12:31:39.039+0000] {dagbag.py:588} INFO - Filling up the DagBag from /opt/airflow/dags/train_traffic_pred.py
[2025-07-21T12:31:42.982+0000] {processor.py:925} INFO - DAG(s) 'train_traffic_pred' retrieved from /opt/airflow/dags/train_traffic_pred.py
[2025-07-21T12:31:43.006+0000] {logging_mixin.py:190} INFO - [2025-07-21T12:31:43.005+0000] {dag.py:3239} INFO - Sync 1 DAGs
[2025-07-21T12:31:43.026+0000] {logging_mixin.py:190} INFO - [2025-07-21T12:31:43.026+0000] {dag.py:4180} INFO - Setting next_dagrun for train_traffic_pred to 2025-07-21 00:00:00+00:00, run_after=2025-07-22 00:00:00+00:00
[2025-07-21T12:31:43.044+0000] {processor.py:208} INFO - Processing /opt/airflow/dags/train_traffic_pred.py took 4.015 seconds
[2025-07-21T12:32:14.132+0000] {processor.py:186} INFO - Started process (PID=3918) to work on /opt/airflow/dags/train_traffic_pred.py
[2025-07-21T12:32:14.133+0000] {processor.py:914} INFO - Processing file /opt/airflow/dags/train_traffic_pred.py for tasks to queue
[2025-07-21T12:32:14.135+0000] {logging_mixin.py:190} INFO - [2025-07-21T12:32:14.135+0000] {dagbag.py:588} INFO - Filling up the DagBag from /opt/airflow/dags/train_traffic_pred.py
[2025-07-21T12:32:18.522+0000] {processor.py:925} INFO - DAG(s) 'train_traffic_pred' retrieved from /opt/airflow/dags/train_traffic_pred.py
[2025-07-21T12:32:18.549+0000] {logging_mixin.py:190} INFO - [2025-07-21T12:32:18.548+0000] {dag.py:3239} INFO - Sync 1 DAGs
[2025-07-21T12:32:18.571+0000] {logging_mixin.py:190} INFO - [2025-07-21T12:32:18.570+0000] {dag.py:4180} INFO - Setting next_dagrun for train_traffic_pred to 2025-07-21 00:00:00+00:00, run_after=2025-07-22 00:00:00+00:00
[2025-07-21T12:32:18.586+0000] {processor.py:208} INFO - Processing /opt/airflow/dags/train_traffic_pred.py took 4.461 seconds
[2025-07-21T12:32:50.295+0000] {processor.py:186} INFO - Started process (PID=4022) to work on /opt/airflow/dags/train_traffic_pred.py
[2025-07-21T12:32:50.296+0000] {processor.py:914} INFO - Processing file /opt/airflow/dags/train_traffic_pred.py for tasks to queue
[2025-07-21T12:32:50.299+0000] {logging_mixin.py:190} INFO - [2025-07-21T12:32:50.299+0000] {dagbag.py:588} INFO - Filling up the DagBag from /opt/airflow/dags/train_traffic_pred.py
[2025-07-21T12:32:54.224+0000] {processor.py:925} INFO - DAG(s) 'train_traffic_pred' retrieved from /opt/airflow/dags/train_traffic_pred.py
[2025-07-21T12:32:54.251+0000] {logging_mixin.py:190} INFO - [2025-07-21T12:32:54.250+0000] {dag.py:3239} INFO - Sync 1 DAGs
[2025-07-21T12:32:54.274+0000] {logging_mixin.py:190} INFO - [2025-07-21T12:32:54.274+0000] {dag.py:4180} INFO - Setting next_dagrun for train_traffic_pred to 2025-07-21 00:00:00+00:00, run_after=2025-07-22 00:00:00+00:00
[2025-07-21T12:32:54.292+0000] {processor.py:208} INFO - Processing /opt/airflow/dags/train_traffic_pred.py took 4.002 seconds
[2025-07-21T12:33:25.885+0000] {processor.py:186} INFO - Started process (PID=4120) to work on /opt/airflow/dags/train_traffic_pred.py
[2025-07-21T12:33:25.886+0000] {processor.py:914} INFO - Processing file /opt/airflow/dags/train_traffic_pred.py for tasks to queue
[2025-07-21T12:33:25.888+0000] {logging_mixin.py:190} INFO - [2025-07-21T12:33:25.888+0000] {dagbag.py:588} INFO - Filling up the DagBag from /opt/airflow/dags/train_traffic_pred.py
[2025-07-21T12:33:30.136+0000] {processor.py:925} INFO - DAG(s) 'train_traffic_pred' retrieved from /opt/airflow/dags/train_traffic_pred.py
[2025-07-21T12:33:30.161+0000] {logging_mixin.py:190} INFO - [2025-07-21T12:33:30.161+0000] {dag.py:3239} INFO - Sync 1 DAGs
[2025-07-21T12:33:30.182+0000] {logging_mixin.py:190} INFO - [2025-07-21T12:33:30.182+0000] {dag.py:4180} INFO - Setting next_dagrun for train_traffic_pred to 2025-07-21 00:00:00+00:00, run_after=2025-07-22 00:00:00+00:00
[2025-07-21T12:33:30.199+0000] {processor.py:208} INFO - Processing /opt/airflow/dags/train_traffic_pred.py took 4.320 seconds
[2025-07-21T12:34:01.683+0000] {processor.py:186} INFO - Started process (PID=4218) to work on /opt/airflow/dags/train_traffic_pred.py
[2025-07-21T12:34:01.684+0000] {processor.py:914} INFO - Processing file /opt/airflow/dags/train_traffic_pred.py for tasks to queue
[2025-07-21T12:34:01.688+0000] {logging_mixin.py:190} INFO - [2025-07-21T12:34:01.687+0000] {dagbag.py:588} INFO - Filling up the DagBag from /opt/airflow/dags/train_traffic_pred.py
[2025-07-21T12:34:05.604+0000] {processor.py:925} INFO - DAG(s) 'train_traffic_pred' retrieved from /opt/airflow/dags/train_traffic_pred.py
[2025-07-21T12:34:05.632+0000] {logging_mixin.py:190} INFO - [2025-07-21T12:34:05.631+0000] {dag.py:3239} INFO - Sync 1 DAGs
[2025-07-21T12:34:05.653+0000] {logging_mixin.py:190} INFO - [2025-07-21T12:34:05.653+0000] {dag.py:4180} INFO - Setting next_dagrun for train_traffic_pred to 2025-07-21 00:00:00+00:00, run_after=2025-07-22 00:00:00+00:00
[2025-07-21T12:34:05.671+0000] {processor.py:208} INFO - Processing /opt/airflow/dags/train_traffic_pred.py took 3.996 seconds
[2025-07-21T12:34:36.790+0000] {processor.py:186} INFO - Started process (PID=4316) to work on /opt/airflow/dags/train_traffic_pred.py
[2025-07-21T12:34:36.792+0000] {processor.py:914} INFO - Processing file /opt/airflow/dags/train_traffic_pred.py for tasks to queue
[2025-07-21T12:34:36.795+0000] {logging_mixin.py:190} INFO - [2025-07-21T12:34:36.794+0000] {dagbag.py:588} INFO - Filling up the DagBag from /opt/airflow/dags/train_traffic_pred.py
[2025-07-21T12:34:40.940+0000] {processor.py:925} INFO - DAG(s) 'train_traffic_pred' retrieved from /opt/airflow/dags/train_traffic_pred.py
[2025-07-21T12:34:40.963+0000] {logging_mixin.py:190} INFO - [2025-07-21T12:34:40.962+0000] {dag.py:3239} INFO - Sync 1 DAGs
[2025-07-21T12:34:40.982+0000] {logging_mixin.py:190} INFO - [2025-07-21T12:34:40.981+0000] {dag.py:4180} INFO - Setting next_dagrun for train_traffic_pred to 2025-07-21 00:00:00+00:00, run_after=2025-07-22 00:00:00+00:00
[2025-07-21T12:34:40.998+0000] {processor.py:208} INFO - Processing /opt/airflow/dags/train_traffic_pred.py took 4.216 seconds
[2025-07-21T12:35:12.894+0000] {processor.py:186} INFO - Started process (PID=4414) to work on /opt/airflow/dags/train_traffic_pred.py
[2025-07-21T12:35:12.895+0000] {processor.py:914} INFO - Processing file /opt/airflow/dags/train_traffic_pred.py for tasks to queue
[2025-07-21T12:35:12.898+0000] {logging_mixin.py:190} INFO - [2025-07-21T12:35:12.897+0000] {dagbag.py:588} INFO - Filling up the DagBag from /opt/airflow/dags/train_traffic_pred.py
[2025-07-21T12:35:16.687+0000] {processor.py:925} INFO - DAG(s) 'train_traffic_pred' retrieved from /opt/airflow/dags/train_traffic_pred.py
[2025-07-21T12:35:16.712+0000] {logging_mixin.py:190} INFO - [2025-07-21T12:35:16.711+0000] {dag.py:3239} INFO - Sync 1 DAGs
[2025-07-21T12:35:16.732+0000] {logging_mixin.py:190} INFO - [2025-07-21T12:35:16.732+0000] {dag.py:4180} INFO - Setting next_dagrun for train_traffic_pred to 2025-07-21 00:00:00+00:00, run_after=2025-07-22 00:00:00+00:00
[2025-07-21T12:35:16.747+0000] {processor.py:208} INFO - Processing /opt/airflow/dags/train_traffic_pred.py took 3.859 seconds
[2025-07-21T12:35:48.593+0000] {processor.py:186} INFO - Started process (PID=4518) to work on /opt/airflow/dags/train_traffic_pred.py
[2025-07-21T12:35:48.594+0000] {processor.py:914} INFO - Processing file /opt/airflow/dags/train_traffic_pred.py for tasks to queue
[2025-07-21T12:35:48.596+0000] {logging_mixin.py:190} INFO - [2025-07-21T12:35:48.595+0000] {dagbag.py:588} INFO - Filling up the DagBag from /opt/airflow/dags/train_traffic_pred.py
[2025-07-21T12:35:52.606+0000] {processor.py:925} INFO - DAG(s) 'train_traffic_pred' retrieved from /opt/airflow/dags/train_traffic_pred.py
[2025-07-21T12:35:52.630+0000] {logging_mixin.py:190} INFO - [2025-07-21T12:35:52.630+0000] {dag.py:3239} INFO - Sync 1 DAGs
[2025-07-21T12:35:52.653+0000] {logging_mixin.py:190} INFO - [2025-07-21T12:35:52.653+0000] {dag.py:4180} INFO - Setting next_dagrun for train_traffic_pred to 2025-07-21 00:00:00+00:00, run_after=2025-07-22 00:00:00+00:00
[2025-07-21T12:35:52.671+0000] {processor.py:208} INFO - Processing /opt/airflow/dags/train_traffic_pred.py took 4.083 seconds
[2025-07-21T12:36:24.601+0000] {processor.py:186} INFO - Started process (PID=4616) to work on /opt/airflow/dags/train_traffic_pred.py
[2025-07-21T12:36:24.603+0000] {processor.py:914} INFO - Processing file /opt/airflow/dags/train_traffic_pred.py for tasks to queue
[2025-07-21T12:36:24.607+0000] {logging_mixin.py:190} INFO - [2025-07-21T12:36:24.606+0000] {dagbag.py:588} INFO - Filling up the DagBag from /opt/airflow/dags/train_traffic_pred.py
[2025-07-21T12:36:28.883+0000] {processor.py:925} INFO - DAG(s) 'train_traffic_pred' retrieved from /opt/airflow/dags/train_traffic_pred.py
[2025-07-21T12:36:28.907+0000] {logging_mixin.py:190} INFO - [2025-07-21T12:36:28.907+0000] {dag.py:3239} INFO - Sync 1 DAGs
[2025-07-21T12:36:28.927+0000] {logging_mixin.py:190} INFO - [2025-07-21T12:36:28.927+0000] {dag.py:4180} INFO - Setting next_dagrun for train_traffic_pred to 2025-07-21 00:00:00+00:00, run_after=2025-07-22 00:00:00+00:00
[2025-07-21T12:36:28.944+0000] {processor.py:208} INFO - Processing /opt/airflow/dags/train_traffic_pred.py took 4.352 seconds
[2025-07-21T12:37:00.650+0000] {processor.py:186} INFO - Started process (PID=4714) to work on /opt/airflow/dags/train_traffic_pred.py
[2025-07-21T12:37:00.651+0000] {processor.py:914} INFO - Processing file /opt/airflow/dags/train_traffic_pred.py for tasks to queue
[2025-07-21T12:37:00.655+0000] {logging_mixin.py:190} INFO - [2025-07-21T12:37:00.654+0000] {dagbag.py:588} INFO - Filling up the DagBag from /opt/airflow/dags/train_traffic_pred.py
[2025-07-21T12:37:06.010+0000] {processor.py:925} INFO - DAG(s) 'train_traffic_pred' retrieved from /opt/airflow/dags/train_traffic_pred.py
[2025-07-21T12:37:06.042+0000] {logging_mixin.py:190} INFO - [2025-07-21T12:37:06.041+0000] {dag.py:3239} INFO - Sync 1 DAGs
[2025-07-21T12:37:06.067+0000] {logging_mixin.py:190} INFO - [2025-07-21T12:37:06.067+0000] {dag.py:4180} INFO - Setting next_dagrun for train_traffic_pred to 2025-07-21 00:00:00+00:00, run_after=2025-07-22 00:00:00+00:00
[2025-07-21T12:37:06.089+0000] {processor.py:208} INFO - Processing /opt/airflow/dags/train_traffic_pred.py took 5.447 seconds
[2025-07-21T12:37:37.153+0000] {processor.py:186} INFO - Started process (PID=4812) to work on /opt/airflow/dags/train_traffic_pred.py
[2025-07-21T12:37:37.154+0000] {processor.py:914} INFO - Processing file /opt/airflow/dags/train_traffic_pred.py for tasks to queue
[2025-07-21T12:37:37.156+0000] {logging_mixin.py:190} INFO - [2025-07-21T12:37:37.156+0000] {dagbag.py:588} INFO - Filling up the DagBag from /opt/airflow/dags/train_traffic_pred.py
[2025-07-21T12:37:42.727+0000] {processor.py:925} INFO - DAG(s) 'train_traffic_pred' retrieved from /opt/airflow/dags/train_traffic_pred.py
[2025-07-21T12:37:42.771+0000] {logging_mixin.py:190} INFO - [2025-07-21T12:37:42.770+0000] {dag.py:3239} INFO - Sync 1 DAGs
[2025-07-21T12:37:42.803+0000] {logging_mixin.py:190} INFO - [2025-07-21T12:37:42.803+0000] {dag.py:4180} INFO - Setting next_dagrun for train_traffic_pred to 2025-07-21 00:00:00+00:00, run_after=2025-07-22 00:00:00+00:00
[2025-07-21T12:37:42.827+0000] {processor.py:208} INFO - Processing /opt/airflow/dags/train_traffic_pred.py took 5.681 seconds
[2025-07-21T12:38:14.272+0000] {processor.py:186} INFO - Started process (PID=4910) to work on /opt/airflow/dags/train_traffic_pred.py
[2025-07-21T12:38:14.273+0000] {processor.py:914} INFO - Processing file /opt/airflow/dags/train_traffic_pred.py for tasks to queue
[2025-07-21T12:38:14.275+0000] {logging_mixin.py:190} INFO - [2025-07-21T12:38:14.275+0000] {dagbag.py:588} INFO - Filling up the DagBag from /opt/airflow/dags/train_traffic_pred.py
[2025-07-21T12:38:18.207+0000] {processor.py:925} INFO - DAG(s) 'train_traffic_pred' retrieved from /opt/airflow/dags/train_traffic_pred.py
[2025-07-21T12:38:18.230+0000] {logging_mixin.py:190} INFO - [2025-07-21T12:38:18.230+0000] {dag.py:3239} INFO - Sync 1 DAGs
[2025-07-21T12:38:18.250+0000] {logging_mixin.py:190} INFO - [2025-07-21T12:38:18.250+0000] {dag.py:4180} INFO - Setting next_dagrun for train_traffic_pred to 2025-07-21 00:00:00+00:00, run_after=2025-07-22 00:00:00+00:00
[2025-07-21T12:38:18.265+0000] {processor.py:208} INFO - Processing /opt/airflow/dags/train_traffic_pred.py took 3.998 seconds
[2025-07-21T12:38:49.561+0000] {processor.py:186} INFO - Started process (PID=5014) to work on /opt/airflow/dags/train_traffic_pred.py
[2025-07-21T12:38:49.562+0000] {processor.py:914} INFO - Processing file /opt/airflow/dags/train_traffic_pred.py for tasks to queue
[2025-07-21T12:38:49.565+0000] {logging_mixin.py:190} INFO - [2025-07-21T12:38:49.565+0000] {dagbag.py:588} INFO - Filling up the DagBag from /opt/airflow/dags/train_traffic_pred.py
[2025-07-21T12:38:54.497+0000] {processor.py:925} INFO - DAG(s) 'train_traffic_pred' retrieved from /opt/airflow/dags/train_traffic_pred.py
[2025-07-21T12:38:54.523+0000] {logging_mixin.py:190} INFO - [2025-07-21T12:38:54.523+0000] {dag.py:3239} INFO - Sync 1 DAGs
[2025-07-21T12:38:54.547+0000] {logging_mixin.py:190} INFO - [2025-07-21T12:38:54.547+0000] {dag.py:4180} INFO - Setting next_dagrun for train_traffic_pred to 2025-07-21 00:00:00+00:00, run_after=2025-07-22 00:00:00+00:00
[2025-07-21T12:38:54.691+0000] {processor.py:208} INFO - Processing /opt/airflow/dags/train_traffic_pred.py took 5.139 seconds
[2025-07-21T12:39:26.385+0000] {processor.py:186} INFO - Started process (PID=5112) to work on /opt/airflow/dags/train_traffic_pred.py
[2025-07-21T12:39:26.387+0000] {processor.py:914} INFO - Processing file /opt/airflow/dags/train_traffic_pred.py for tasks to queue
[2025-07-21T12:39:26.389+0000] {logging_mixin.py:190} INFO - [2025-07-21T12:39:26.389+0000] {dagbag.py:588} INFO - Filling up the DagBag from /opt/airflow/dags/train_traffic_pred.py
[2025-07-21T12:39:30.843+0000] {processor.py:925} INFO - DAG(s) 'train_traffic_pred' retrieved from /opt/airflow/dags/train_traffic_pred.py
[2025-07-21T12:39:30.865+0000] {logging_mixin.py:190} INFO - [2025-07-21T12:39:30.865+0000] {dag.py:3239} INFO - Sync 1 DAGs
[2025-07-21T12:39:30.886+0000] {logging_mixin.py:190} INFO - [2025-07-21T12:39:30.886+0000] {dag.py:4180} INFO - Setting next_dagrun for train_traffic_pred to 2025-07-21 00:00:00+00:00, run_after=2025-07-22 00:00:00+00:00
[2025-07-21T12:39:30.902+0000] {processor.py:208} INFO - Processing /opt/airflow/dags/train_traffic_pred.py took 4.524 seconds
[2025-07-21T12:40:02.927+0000] {processor.py:186} INFO - Started process (PID=5210) to work on /opt/airflow/dags/train_traffic_pred.py
[2025-07-21T12:40:02.928+0000] {processor.py:914} INFO - Processing file /opt/airflow/dags/train_traffic_pred.py for tasks to queue
[2025-07-21T12:40:02.931+0000] {logging_mixin.py:190} INFO - [2025-07-21T12:40:02.930+0000] {dagbag.py:588} INFO - Filling up the DagBag from /opt/airflow/dags/train_traffic_pred.py
[2025-07-21T12:40:06.988+0000] {processor.py:925} INFO - DAG(s) 'train_traffic_pred' retrieved from /opt/airflow/dags/train_traffic_pred.py
[2025-07-21T12:40:07.013+0000] {logging_mixin.py:190} INFO - [2025-07-21T12:40:07.012+0000] {dag.py:3239} INFO - Sync 1 DAGs
[2025-07-21T12:40:07.032+0000] {logging_mixin.py:190} INFO - [2025-07-21T12:40:07.031+0000] {dag.py:4180} INFO - Setting next_dagrun for train_traffic_pred to 2025-07-21 00:00:00+00:00, run_after=2025-07-22 00:00:00+00:00
[2025-07-21T12:40:07.047+0000] {processor.py:208} INFO - Processing /opt/airflow/dags/train_traffic_pred.py took 4.128 seconds
[2025-07-21T12:40:38.323+0000] {processor.py:186} INFO - Started process (PID=5308) to work on /opt/airflow/dags/train_traffic_pred.py
[2025-07-21T12:40:38.325+0000] {processor.py:914} INFO - Processing file /opt/airflow/dags/train_traffic_pred.py for tasks to queue
[2025-07-21T12:40:38.328+0000] {logging_mixin.py:190} INFO - [2025-07-21T12:40:38.327+0000] {dagbag.py:588} INFO - Filling up the DagBag from /opt/airflow/dags/train_traffic_pred.py
[2025-07-21T12:40:43.418+0000] {processor.py:925} INFO - DAG(s) 'train_traffic_pred' retrieved from /opt/airflow/dags/train_traffic_pred.py
[2025-07-21T12:40:43.449+0000] {logging_mixin.py:190} INFO - [2025-07-21T12:40:43.448+0000] {dag.py:3239} INFO - Sync 1 DAGs
[2025-07-21T12:40:43.476+0000] {logging_mixin.py:190} INFO - [2025-07-21T12:40:43.476+0000] {dag.py:4180} INFO - Setting next_dagrun for train_traffic_pred to 2025-07-21 00:00:00+00:00, run_after=2025-07-22 00:00:00+00:00
[2025-07-21T12:40:43.497+0000] {processor.py:208} INFO - Processing /opt/airflow/dags/train_traffic_pred.py took 5.181 seconds
[2025-07-21T12:41:14.577+0000] {processor.py:186} INFO - Started process (PID=5406) to work on /opt/airflow/dags/train_traffic_pred.py
[2025-07-21T12:41:14.578+0000] {processor.py:914} INFO - Processing file /opt/airflow/dags/train_traffic_pred.py for tasks to queue
[2025-07-21T12:41:14.581+0000] {logging_mixin.py:190} INFO - [2025-07-21T12:41:14.580+0000] {dagbag.py:588} INFO - Filling up the DagBag from /opt/airflow/dags/train_traffic_pred.py
[2025-07-21T12:41:20.532+0000] {processor.py:925} INFO - DAG(s) 'train_traffic_pred' retrieved from /opt/airflow/dags/train_traffic_pred.py
[2025-07-21T12:41:20.577+0000] {logging_mixin.py:190} INFO - [2025-07-21T12:41:20.576+0000] {dag.py:3239} INFO - Sync 1 DAGs
[2025-07-21T12:41:20.618+0000] {logging_mixin.py:190} INFO - [2025-07-21T12:41:20.617+0000] {dag.py:4180} INFO - Setting next_dagrun for train_traffic_pred to 2025-07-21 00:00:00+00:00, run_after=2025-07-22 00:00:00+00:00
[2025-07-21T12:41:20.647+0000] {processor.py:208} INFO - Processing /opt/airflow/dags/train_traffic_pred.py took 6.077 seconds
[2025-07-21T12:41:52.126+0000] {processor.py:186} INFO - Started process (PID=5510) to work on /opt/airflow/dags/train_traffic_pred.py
[2025-07-21T12:41:52.128+0000] {processor.py:914} INFO - Processing file /opt/airflow/dags/train_traffic_pred.py for tasks to queue
[2025-07-21T12:41:52.132+0000] {logging_mixin.py:190} INFO - [2025-07-21T12:41:52.131+0000] {dagbag.py:588} INFO - Filling up the DagBag from /opt/airflow/dags/train_traffic_pred.py
[2025-07-21T12:41:56.984+0000] {processor.py:925} INFO - DAG(s) 'train_traffic_pred' retrieved from /opt/airflow/dags/train_traffic_pred.py
[2025-07-21T12:41:57.013+0000] {logging_mixin.py:190} INFO - [2025-07-21T12:41:57.012+0000] {dag.py:3239} INFO - Sync 1 DAGs
[2025-07-21T12:41:57.038+0000] {logging_mixin.py:190} INFO - [2025-07-21T12:41:57.038+0000] {dag.py:4180} INFO - Setting next_dagrun for train_traffic_pred to 2025-07-21 00:00:00+00:00, run_after=2025-07-22 00:00:00+00:00
[2025-07-21T12:41:57.059+0000] {processor.py:208} INFO - Processing /opt/airflow/dags/train_traffic_pred.py took 4.943 seconds
[2025-07-21T12:42:28.532+0000] {processor.py:186} INFO - Started process (PID=5608) to work on /opt/airflow/dags/train_traffic_pred.py
[2025-07-21T12:42:28.533+0000] {processor.py:914} INFO - Processing file /opt/airflow/dags/train_traffic_pred.py for tasks to queue
[2025-07-21T12:42:28.536+0000] {logging_mixin.py:190} INFO - [2025-07-21T12:42:28.536+0000] {dagbag.py:588} INFO - Filling up the DagBag from /opt/airflow/dags/train_traffic_pred.py
[2025-07-21T12:42:35.094+0000] {processor.py:925} INFO - DAG(s) 'train_traffic_pred' retrieved from /opt/airflow/dags/train_traffic_pred.py
[2025-07-21T12:42:35.155+0000] {logging_mixin.py:190} INFO - [2025-07-21T12:42:35.153+0000] {dag.py:3239} INFO - Sync 1 DAGs
[2025-07-21T12:42:35.208+0000] {logging_mixin.py:190} INFO - [2025-07-21T12:42:35.208+0000] {dag.py:4180} INFO - Setting next_dagrun for train_traffic_pred to 2025-07-21 00:00:00+00:00, run_after=2025-07-22 00:00:00+00:00
[2025-07-21T12:42:35.240+0000] {processor.py:208} INFO - Processing /opt/airflow/dags/train_traffic_pred.py took 6.717 seconds
[2025-07-21T12:43:06.965+0000] {processor.py:186} INFO - Started process (PID=5706) to work on /opt/airflow/dags/train_traffic_pred.py
[2025-07-21T12:43:06.967+0000] {processor.py:914} INFO - Processing file /opt/airflow/dags/train_traffic_pred.py for tasks to queue
[2025-07-21T12:43:06.971+0000] {logging_mixin.py:190} INFO - [2025-07-21T12:43:06.970+0000] {dagbag.py:588} INFO - Filling up the DagBag from /opt/airflow/dags/train_traffic_pred.py
[2025-07-21T12:43:12.914+0000] {processor.py:925} INFO - DAG(s) 'train_traffic_pred' retrieved from /opt/airflow/dags/train_traffic_pred.py
[2025-07-21T12:43:12.944+0000] {logging_mixin.py:190} INFO - [2025-07-21T12:43:12.944+0000] {dag.py:3239} INFO - Sync 1 DAGs
[2025-07-21T12:43:12.970+0000] {logging_mixin.py:190} INFO - [2025-07-21T12:43:12.969+0000] {dag.py:4180} INFO - Setting next_dagrun for train_traffic_pred to 2025-07-21 00:00:00+00:00, run_after=2025-07-22 00:00:00+00:00
[2025-07-21T12:43:12.989+0000] {processor.py:208} INFO - Processing /opt/airflow/dags/train_traffic_pred.py took 6.036 seconds
[2025-07-21T12:43:44.156+0000] {processor.py:186} INFO - Started process (PID=5804) to work on /opt/airflow/dags/train_traffic_pred.py
[2025-07-21T12:43:44.157+0000] {processor.py:914} INFO - Processing file /opt/airflow/dags/train_traffic_pred.py for tasks to queue
[2025-07-21T12:43:44.159+0000] {logging_mixin.py:190} INFO - [2025-07-21T12:43:44.159+0000] {dagbag.py:588} INFO - Filling up the DagBag from /opt/airflow/dags/train_traffic_pred.py
[2025-07-21T12:43:49.319+0000] {processor.py:925} INFO - DAG(s) 'train_traffic_pred' retrieved from /opt/airflow/dags/train_traffic_pred.py
[2025-07-21T12:43:49.352+0000] {logging_mixin.py:190} INFO - [2025-07-21T12:43:49.351+0000] {dag.py:3239} INFO - Sync 1 DAGs
[2025-07-21T12:43:49.386+0000] {logging_mixin.py:190} INFO - [2025-07-21T12:43:49.386+0000] {dag.py:4180} INFO - Setting next_dagrun for train_traffic_pred to 2025-07-21 00:00:00+00:00, run_after=2025-07-22 00:00:00+00:00
[2025-07-21T12:43:49.668+0000] {processor.py:208} INFO - Processing /opt/airflow/dags/train_traffic_pred.py took 5.517 seconds
[2025-07-21T12:44:20.702+0000] {processor.py:186} INFO - Started process (PID=5909) to work on /opt/airflow/dags/train_traffic_pred.py
[2025-07-21T12:44:20.703+0000] {processor.py:914} INFO - Processing file /opt/airflow/dags/train_traffic_pred.py for tasks to queue
[2025-07-21T12:44:20.706+0000] {logging_mixin.py:190} INFO - [2025-07-21T12:44:20.706+0000] {dagbag.py:588} INFO - Filling up the DagBag from /opt/airflow/dags/train_traffic_pred.py
[2025-07-21T12:44:25.346+0000] {processor.py:925} INFO - DAG(s) 'train_traffic_pred' retrieved from /opt/airflow/dags/train_traffic_pred.py
[2025-07-21T12:44:25.377+0000] {logging_mixin.py:190} INFO - [2025-07-21T12:44:25.377+0000] {dag.py:3239} INFO - Sync 1 DAGs
[2025-07-21T12:44:25.403+0000] {logging_mixin.py:190} INFO - [2025-07-21T12:44:25.403+0000] {dag.py:4180} INFO - Setting next_dagrun for train_traffic_pred to 2025-07-21 00:00:00+00:00, run_after=2025-07-22 00:00:00+00:00
[2025-07-21T12:44:25.424+0000] {processor.py:208} INFO - Processing /opt/airflow/dags/train_traffic_pred.py took 4.728 seconds
[2025-07-21T12:44:57.206+0000] {processor.py:186} INFO - Started process (PID=6007) to work on /opt/airflow/dags/train_traffic_pred.py
[2025-07-21T12:44:57.207+0000] {processor.py:914} INFO - Processing file /opt/airflow/dags/train_traffic_pred.py for tasks to queue
[2025-07-21T12:44:57.209+0000] {logging_mixin.py:190} INFO - [2025-07-21T12:44:57.209+0000] {dagbag.py:588} INFO - Filling up the DagBag from /opt/airflow/dags/train_traffic_pred.py
[2025-07-21T12:45:01.225+0000] {processor.py:925} INFO - DAG(s) 'train_traffic_pred' retrieved from /opt/airflow/dags/train_traffic_pred.py
[2025-07-21T12:45:01.249+0000] {logging_mixin.py:190} INFO - [2025-07-21T12:45:01.249+0000] {dag.py:3239} INFO - Sync 1 DAGs
[2025-07-21T12:45:01.268+0000] {logging_mixin.py:190} INFO - [2025-07-21T12:45:01.268+0000] {dag.py:4180} INFO - Setting next_dagrun for train_traffic_pred to 2025-07-21 00:00:00+00:00, run_after=2025-07-22 00:00:00+00:00
[2025-07-21T12:45:01.283+0000] {processor.py:208} INFO - Processing /opt/airflow/dags/train_traffic_pred.py took 4.082 seconds
[2025-07-21T12:45:32.375+0000] {processor.py:186} INFO - Started process (PID=6105) to work on /opt/airflow/dags/train_traffic_pred.py
[2025-07-21T12:45:32.376+0000] {processor.py:914} INFO - Processing file /opt/airflow/dags/train_traffic_pred.py for tasks to queue
[2025-07-21T12:45:32.378+0000] {logging_mixin.py:190} INFO - [2025-07-21T12:45:32.378+0000] {dagbag.py:588} INFO - Filling up the DagBag from /opt/airflow/dags/train_traffic_pred.py
[2025-07-21T12:45:37.039+0000] {processor.py:925} INFO - DAG(s) 'train_traffic_pred' retrieved from /opt/airflow/dags/train_traffic_pred.py
[2025-07-21T12:45:37.064+0000] {logging_mixin.py:190} INFO - [2025-07-21T12:45:37.063+0000] {dag.py:3239} INFO - Sync 1 DAGs
[2025-07-21T12:45:37.088+0000] {logging_mixin.py:190} INFO - [2025-07-21T12:45:37.088+0000] {dag.py:4180} INFO - Setting next_dagrun for train_traffic_pred to 2025-07-21 00:00:00+00:00, run_after=2025-07-22 00:00:00+00:00
[2025-07-21T12:45:37.104+0000] {processor.py:208} INFO - Processing /opt/airflow/dags/train_traffic_pred.py took 4.735 seconds
[2025-07-21T12:46:08.745+0000] {processor.py:186} INFO - Started process (PID=6203) to work on /opt/airflow/dags/train_traffic_pred.py
[2025-07-21T12:46:08.746+0000] {processor.py:914} INFO - Processing file /opt/airflow/dags/train_traffic_pred.py for tasks to queue
[2025-07-21T12:46:08.748+0000] {logging_mixin.py:190} INFO - [2025-07-21T12:46:08.748+0000] {dagbag.py:588} INFO - Filling up the DagBag from /opt/airflow/dags/train_traffic_pred.py
[2025-07-21T12:46:13.137+0000] {processor.py:925} INFO - DAG(s) 'train_traffic_pred' retrieved from /opt/airflow/dags/train_traffic_pred.py
[2025-07-21T12:46:13.169+0000] {logging_mixin.py:190} INFO - [2025-07-21T12:46:13.169+0000] {dag.py:3239} INFO - Sync 1 DAGs
[2025-07-21T12:46:13.197+0000] {logging_mixin.py:190} INFO - [2025-07-21T12:46:13.196+0000] {dag.py:4180} INFO - Setting next_dagrun for train_traffic_pred to 2025-07-21 00:00:00+00:00, run_after=2025-07-22 00:00:00+00:00
[2025-07-21T12:46:13.216+0000] {processor.py:208} INFO - Processing /opt/airflow/dags/train_traffic_pred.py took 4.478 seconds
[2025-07-21T12:46:44.735+0000] {processor.py:186} INFO - Started process (PID=6301) to work on /opt/airflow/dags/train_traffic_pred.py
[2025-07-21T12:46:44.736+0000] {processor.py:914} INFO - Processing file /opt/airflow/dags/train_traffic_pred.py for tasks to queue
[2025-07-21T12:46:44.738+0000] {logging_mixin.py:190} INFO - [2025-07-21T12:46:44.738+0000] {dagbag.py:588} INFO - Filling up the DagBag from /opt/airflow/dags/train_traffic_pred.py
[2025-07-21T12:46:49.123+0000] {processor.py:925} INFO - DAG(s) 'train_traffic_pred' retrieved from /opt/airflow/dags/train_traffic_pred.py
[2025-07-21T12:46:49.147+0000] {logging_mixin.py:190} INFO - [2025-07-21T12:46:49.146+0000] {dag.py:3239} INFO - Sync 1 DAGs
[2025-07-21T12:46:49.167+0000] {logging_mixin.py:190} INFO - [2025-07-21T12:46:49.166+0000] {dag.py:4180} INFO - Setting next_dagrun for train_traffic_pred to 2025-07-21 00:00:00+00:00, run_after=2025-07-22 00:00:00+00:00
[2025-07-21T12:46:49.185+0000] {processor.py:208} INFO - Processing /opt/airflow/dags/train_traffic_pred.py took 4.455 seconds
[2025-07-21T12:47:21.474+0000] {processor.py:186} INFO - Started process (PID=6421) to work on /opt/airflow/dags/train_traffic_pred.py
[2025-07-21T12:47:21.475+0000] {processor.py:914} INFO - Processing file /opt/airflow/dags/train_traffic_pred.py for tasks to queue
[2025-07-21T12:47:21.478+0000] {logging_mixin.py:190} INFO - [2025-07-21T12:47:21.478+0000] {dagbag.py:588} INFO - Filling up the DagBag from /opt/airflow/dags/train_traffic_pred.py
[2025-07-21T12:47:26.293+0000] {processor.py:925} INFO - DAG(s) 'train_traffic_pred' retrieved from /opt/airflow/dags/train_traffic_pred.py
[2025-07-21T12:47:26.318+0000] {logging_mixin.py:190} INFO - [2025-07-21T12:47:26.318+0000] {dag.py:3239} INFO - Sync 1 DAGs
[2025-07-21T12:47:26.340+0000] {logging_mixin.py:190} INFO - [2025-07-21T12:47:26.340+0000] {dag.py:4180} INFO - Setting next_dagrun for train_traffic_pred to 2025-07-21 00:00:00+00:00, run_after=2025-07-22 00:00:00+00:00
[2025-07-21T12:47:26.357+0000] {processor.py:208} INFO - Processing /opt/airflow/dags/train_traffic_pred.py took 4.892 seconds
[2025-07-21T12:47:57.426+0000] {processor.py:186} INFO - Started process (PID=6503) to work on /opt/airflow/dags/train_traffic_pred.py
[2025-07-21T12:47:57.428+0000] {processor.py:914} INFO - Processing file /opt/airflow/dags/train_traffic_pred.py for tasks to queue
[2025-07-21T12:47:57.431+0000] {logging_mixin.py:190} INFO - [2025-07-21T12:47:57.430+0000] {dagbag.py:588} INFO - Filling up the DagBag from /opt/airflow/dags/train_traffic_pred.py
[2025-07-21T12:48:02.122+0000] {processor.py:925} INFO - DAG(s) 'train_traffic_pred' retrieved from /opt/airflow/dags/train_traffic_pred.py
[2025-07-21T12:48:02.148+0000] {logging_mixin.py:190} INFO - [2025-07-21T12:48:02.148+0000] {dag.py:3239} INFO - Sync 1 DAGs
[2025-07-21T12:48:02.170+0000] {logging_mixin.py:190} INFO - [2025-07-21T12:48:02.170+0000] {dag.py:4180} INFO - Setting next_dagrun for train_traffic_pred to 2025-07-21 00:00:00+00:00, run_after=2025-07-22 00:00:00+00:00
[2025-07-21T12:48:02.191+0000] {processor.py:208} INFO - Processing /opt/airflow/dags/train_traffic_pred.py took 4.773 seconds
[2025-07-21T12:48:33.639+0000] {processor.py:186} INFO - Started process (PID=6601) to work on /opt/airflow/dags/train_traffic_pred.py
[2025-07-21T12:48:33.640+0000] {processor.py:914} INFO - Processing file /opt/airflow/dags/train_traffic_pred.py for tasks to queue
[2025-07-21T12:48:33.643+0000] {logging_mixin.py:190} INFO - [2025-07-21T12:48:33.643+0000] {dagbag.py:588} INFO - Filling up the DagBag from /opt/airflow/dags/train_traffic_pred.py
[2025-07-21T12:48:39.213+0000] {processor.py:925} INFO - DAG(s) 'train_traffic_pred' retrieved from /opt/airflow/dags/train_traffic_pred.py
[2025-07-21T12:48:39.245+0000] {logging_mixin.py:190} INFO - [2025-07-21T12:48:39.244+0000] {dag.py:3239} INFO - Sync 1 DAGs
[2025-07-21T12:48:39.272+0000] {logging_mixin.py:190} INFO - [2025-07-21T12:48:39.272+0000] {dag.py:4180} INFO - Setting next_dagrun for train_traffic_pred to 2025-07-21 00:00:00+00:00, run_after=2025-07-22 00:00:00+00:00
[2025-07-21T12:48:39.294+0000] {processor.py:208} INFO - Processing /opt/airflow/dags/train_traffic_pred.py took 5.661 seconds
[2025-07-21T12:49:10.686+0000] {processor.py:186} INFO - Started process (PID=6699) to work on /opt/airflow/dags/train_traffic_pred.py
[2025-07-21T12:49:10.688+0000] {processor.py:914} INFO - Processing file /opt/airflow/dags/train_traffic_pred.py for tasks to queue
[2025-07-21T12:49:10.690+0000] {logging_mixin.py:190} INFO - [2025-07-21T12:49:10.690+0000] {dagbag.py:588} INFO - Filling up the DagBag from /opt/airflow/dags/train_traffic_pred.py
[2025-07-21T12:49:15.063+0000] {processor.py:925} INFO - DAG(s) 'train_traffic_pred' retrieved from /opt/airflow/dags/train_traffic_pred.py
[2025-07-21T12:49:15.085+0000] {logging_mixin.py:190} INFO - [2025-07-21T12:49:15.084+0000] {dag.py:3239} INFO - Sync 1 DAGs
[2025-07-21T12:49:15.103+0000] {logging_mixin.py:190} INFO - [2025-07-21T12:49:15.103+0000] {dag.py:4180} INFO - Setting next_dagrun for train_traffic_pred to 2025-07-21 00:00:00+00:00, run_after=2025-07-22 00:00:00+00:00
[2025-07-21T12:49:15.120+0000] {processor.py:208} INFO - Processing /opt/airflow/dags/train_traffic_pred.py took 4.441 seconds
[2025-07-21T12:49:46.730+0000] {processor.py:186} INFO - Started process (PID=6797) to work on /opt/airflow/dags/train_traffic_pred.py
[2025-07-21T12:49:46.732+0000] {processor.py:914} INFO - Processing file /opt/airflow/dags/train_traffic_pred.py for tasks to queue
[2025-07-21T12:49:46.735+0000] {logging_mixin.py:190} INFO - [2025-07-21T12:49:46.734+0000] {dagbag.py:588} INFO - Filling up the DagBag from /opt/airflow/dags/train_traffic_pred.py
[2025-07-21T12:49:51.021+0000] {processor.py:925} INFO - DAG(s) 'train_traffic_pred' retrieved from /opt/airflow/dags/train_traffic_pred.py
[2025-07-21T12:49:51.048+0000] {logging_mixin.py:190} INFO - [2025-07-21T12:49:51.047+0000] {dag.py:3239} INFO - Sync 1 DAGs
[2025-07-21T12:49:51.068+0000] {logging_mixin.py:190} INFO - [2025-07-21T12:49:51.068+0000] {dag.py:4180} INFO - Setting next_dagrun for train_traffic_pred to 2025-07-21 00:00:00+00:00, run_after=2025-07-22 00:00:00+00:00
[2025-07-21T12:49:51.085+0000] {processor.py:208} INFO - Processing /opt/airflow/dags/train_traffic_pred.py took 4.363 seconds
[2025-07-21T12:50:22.141+0000] {processor.py:186} INFO - Started process (PID=6901) to work on /opt/airflow/dags/train_traffic_pred.py
[2025-07-21T12:50:22.142+0000] {processor.py:914} INFO - Processing file /opt/airflow/dags/train_traffic_pred.py for tasks to queue
[2025-07-21T12:50:22.143+0000] {logging_mixin.py:190} INFO - [2025-07-21T12:50:22.143+0000] {dagbag.py:588} INFO - Filling up the DagBag from /opt/airflow/dags/train_traffic_pred.py
[2025-07-21T12:50:26.955+0000] {processor.py:925} INFO - DAG(s) 'train_traffic_pred' retrieved from /opt/airflow/dags/train_traffic_pred.py
[2025-07-21T12:50:26.985+0000] {logging_mixin.py:190} INFO - [2025-07-21T12:50:26.984+0000] {dag.py:3239} INFO - Sync 1 DAGs
[2025-07-21T12:50:27.009+0000] {logging_mixin.py:190} INFO - [2025-07-21T12:50:27.009+0000] {dag.py:4180} INFO - Setting next_dagrun for train_traffic_pred to 2025-07-21 00:00:00+00:00, run_after=2025-07-22 00:00:00+00:00
[2025-07-21T12:50:27.030+0000] {processor.py:208} INFO - Processing /opt/airflow/dags/train_traffic_pred.py took 4.894 seconds
[2025-07-21T12:50:58.789+0000] {processor.py:186} INFO - Started process (PID=6999) to work on /opt/airflow/dags/train_traffic_pred.py
[2025-07-21T12:50:58.790+0000] {processor.py:914} INFO - Processing file /opt/airflow/dags/train_traffic_pred.py for tasks to queue
[2025-07-21T12:50:58.792+0000] {logging_mixin.py:190} INFO - [2025-07-21T12:50:58.792+0000] {dagbag.py:588} INFO - Filling up the DagBag from /opt/airflow/dags/train_traffic_pred.py
[2025-07-21T12:51:03.427+0000] {processor.py:925} INFO - DAG(s) 'train_traffic_pred' retrieved from /opt/airflow/dags/train_traffic_pred.py
[2025-07-21T12:51:03.453+0000] {logging_mixin.py:190} INFO - [2025-07-21T12:51:03.452+0000] {dag.py:3239} INFO - Sync 1 DAGs
[2025-07-21T12:51:03.477+0000] {logging_mixin.py:190} INFO - [2025-07-21T12:51:03.476+0000] {dag.py:4180} INFO - Setting next_dagrun for train_traffic_pred to 2025-07-21 00:00:00+00:00, run_after=2025-07-22 00:00:00+00:00
[2025-07-21T12:51:03.493+0000] {processor.py:208} INFO - Processing /opt/airflow/dags/train_traffic_pred.py took 4.711 seconds
[2025-07-21T12:51:34.908+0000] {processor.py:186} INFO - Started process (PID=7097) to work on /opt/airflow/dags/train_traffic_pred.py
[2025-07-21T12:51:34.922+0000] {processor.py:914} INFO - Processing file /opt/airflow/dags/train_traffic_pred.py for tasks to queue
[2025-07-21T12:51:34.942+0000] {logging_mixin.py:190} INFO - [2025-07-21T12:51:34.941+0000] {dagbag.py:588} INFO - Filling up the DagBag from /opt/airflow/dags/train_traffic_pred.py
[2025-07-21T12:51:43.391+0000] {processor.py:925} INFO - DAG(s) 'train_traffic_pred' retrieved from /opt/airflow/dags/train_traffic_pred.py
[2025-07-21T12:51:43.423+0000] {logging_mixin.py:190} INFO - [2025-07-21T12:51:43.422+0000] {dag.py:3239} INFO - Sync 1 DAGs
[2025-07-21T12:51:43.456+0000] {logging_mixin.py:190} INFO - [2025-07-21T12:51:43.456+0000] {dag.py:4180} INFO - Setting next_dagrun for train_traffic_pred to 2025-07-21 00:00:00+00:00, run_after=2025-07-22 00:00:00+00:00
[2025-07-21T12:51:43.484+0000] {processor.py:208} INFO - Processing /opt/airflow/dags/train_traffic_pred.py took 8.606 seconds
[2025-07-21T12:52:14.555+0000] {processor.py:186} INFO - Started process (PID=7195) to work on /opt/airflow/dags/train_traffic_pred.py
[2025-07-21T12:52:14.557+0000] {processor.py:914} INFO - Processing file /opt/airflow/dags/train_traffic_pred.py for tasks to queue
[2025-07-21T12:52:14.559+0000] {logging_mixin.py:190} INFO - [2025-07-21T12:52:14.559+0000] {dagbag.py:588} INFO - Filling up the DagBag from /opt/airflow/dags/train_traffic_pred.py
[2025-07-21T12:52:19.443+0000] {processor.py:925} INFO - DAG(s) 'train_traffic_pred' retrieved from /opt/airflow/dags/train_traffic_pred.py
[2025-07-21T12:52:19.468+0000] {logging_mixin.py:190} INFO - [2025-07-21T12:52:19.468+0000] {dag.py:3239} INFO - Sync 1 DAGs
[2025-07-21T12:52:19.491+0000] {logging_mixin.py:190} INFO - [2025-07-21T12:52:19.491+0000] {dag.py:4180} INFO - Setting next_dagrun for train_traffic_pred to 2025-07-21 00:00:00+00:00, run_after=2025-07-22 00:00:00+00:00
[2025-07-21T12:52:19.510+0000] {processor.py:208} INFO - Processing /opt/airflow/dags/train_traffic_pred.py took 4.961 seconds
[2025-07-21T12:52:50.732+0000] {processor.py:186} INFO - Started process (PID=7299) to work on /opt/airflow/dags/train_traffic_pred.py
[2025-07-21T12:52:50.733+0000] {processor.py:914} INFO - Processing file /opt/airflow/dags/train_traffic_pred.py for tasks to queue
[2025-07-21T12:52:50.736+0000] {logging_mixin.py:190} INFO - [2025-07-21T12:52:50.736+0000] {dagbag.py:588} INFO - Filling up the DagBag from /opt/airflow/dags/train_traffic_pred.py
[2025-07-21T12:52:55.175+0000] {processor.py:925} INFO - DAG(s) 'train_traffic_pred' retrieved from /opt/airflow/dags/train_traffic_pred.py
[2025-07-21T12:52:55.201+0000] {logging_mixin.py:190} INFO - [2025-07-21T12:52:55.201+0000] {dag.py:3239} INFO - Sync 1 DAGs
[2025-07-21T12:52:55.226+0000] {logging_mixin.py:190} INFO - [2025-07-21T12:52:55.226+0000] {dag.py:4180} INFO - Setting next_dagrun for train_traffic_pred to 2025-07-21 00:00:00+00:00, run_after=2025-07-22 00:00:00+00:00
[2025-07-21T12:52:55.244+0000] {processor.py:208} INFO - Processing /opt/airflow/dags/train_traffic_pred.py took 4.520 seconds
[2025-07-21T12:53:27.093+0000] {processor.py:186} INFO - Started process (PID=7397) to work on /opt/airflow/dags/train_traffic_pred.py
[2025-07-21T12:53:27.094+0000] {processor.py:914} INFO - Processing file /opt/airflow/dags/train_traffic_pred.py for tasks to queue
[2025-07-21T12:53:27.097+0000] {logging_mixin.py:190} INFO - [2025-07-21T12:53:27.097+0000] {dagbag.py:588} INFO - Filling up the DagBag from /opt/airflow/dags/train_traffic_pred.py
[2025-07-21T12:53:32.153+0000] {processor.py:925} INFO - DAG(s) 'train_traffic_pred' retrieved from /opt/airflow/dags/train_traffic_pred.py
[2025-07-21T12:53:32.186+0000] {logging_mixin.py:190} INFO - [2025-07-21T12:53:32.186+0000] {dag.py:3239} INFO - Sync 1 DAGs
[2025-07-21T12:53:32.211+0000] {logging_mixin.py:190} INFO - [2025-07-21T12:53:32.210+0000] {dag.py:4180} INFO - Setting next_dagrun for train_traffic_pred to 2025-07-21 00:00:00+00:00, run_after=2025-07-22 00:00:00+00:00
[2025-07-21T12:53:32.232+0000] {processor.py:208} INFO - Processing /opt/airflow/dags/train_traffic_pred.py took 5.146 seconds
[2025-07-21T12:54:03.966+0000] {processor.py:186} INFO - Started process (PID=7495) to work on /opt/airflow/dags/train_traffic_pred.py
[2025-07-21T12:54:03.968+0000] {processor.py:914} INFO - Processing file /opt/airflow/dags/train_traffic_pred.py for tasks to queue
[2025-07-21T12:54:03.970+0000] {logging_mixin.py:190} INFO - [2025-07-21T12:54:03.970+0000] {dagbag.py:588} INFO - Filling up the DagBag from /opt/airflow/dags/train_traffic_pred.py
[2025-07-21T12:54:09.769+0000] {processor.py:925} INFO - DAG(s) 'train_traffic_pred' retrieved from /opt/airflow/dags/train_traffic_pred.py
[2025-07-21T12:54:09.814+0000] {logging_mixin.py:190} INFO - [2025-07-21T12:54:09.813+0000] {dag.py:3239} INFO - Sync 1 DAGs
[2025-07-21T12:54:09.851+0000] {logging_mixin.py:190} INFO - [2025-07-21T12:54:09.851+0000] {dag.py:4180} INFO - Setting next_dagrun for train_traffic_pred to 2025-07-21 00:00:00+00:00, run_after=2025-07-22 00:00:00+00:00
[2025-07-21T12:54:09.882+0000] {processor.py:208} INFO - Processing /opt/airflow/dags/train_traffic_pred.py took 5.933 seconds
[2025-07-21T12:54:41.958+0000] {processor.py:186} INFO - Started process (PID=7609) to work on /opt/airflow/dags/train_traffic_pred.py
[2025-07-21T12:54:41.960+0000] {processor.py:914} INFO - Processing file /opt/airflow/dags/train_traffic_pred.py for tasks to queue
[2025-07-21T12:54:41.965+0000] {logging_mixin.py:190} INFO - [2025-07-21T12:54:41.964+0000] {dagbag.py:588} INFO - Filling up the DagBag from /opt/airflow/dags/train_traffic_pred.py
[2025-07-21T12:54:48.115+0000] {processor.py:925} INFO - DAG(s) 'train_traffic_pred' retrieved from /opt/airflow/dags/train_traffic_pred.py
[2025-07-21T12:54:48.149+0000] {logging_mixin.py:190} INFO - [2025-07-21T12:54:48.148+0000] {dag.py:3239} INFO - Sync 1 DAGs
[2025-07-21T12:54:48.180+0000] {logging_mixin.py:190} INFO - [2025-07-21T12:54:48.180+0000] {dag.py:4180} INFO - Setting next_dagrun for train_traffic_pred to 2025-07-21 00:00:00+00:00, run_after=2025-07-22 00:00:00+00:00
[2025-07-21T12:54:48.204+0000] {processor.py:208} INFO - Processing /opt/airflow/dags/train_traffic_pred.py took 6.259 seconds
[2025-07-21T12:55:19.462+0000] {processor.py:186} INFO - Started process (PID=7713) to work on /opt/airflow/dags/train_traffic_pred.py
[2025-07-21T12:55:19.464+0000] {processor.py:914} INFO - Processing file /opt/airflow/dags/train_traffic_pred.py for tasks to queue
[2025-07-21T12:55:19.470+0000] {logging_mixin.py:190} INFO - [2025-07-21T12:55:19.469+0000] {dagbag.py:588} INFO - Filling up the DagBag from /opt/airflow/dags/train_traffic_pred.py
[2025-07-21T12:55:24.216+0000] {processor.py:925} INFO - DAG(s) 'train_traffic_pred' retrieved from /opt/airflow/dags/train_traffic_pred.py
[2025-07-21T12:55:24.238+0000] {logging_mixin.py:190} INFO - [2025-07-21T12:55:24.238+0000] {dag.py:3239} INFO - Sync 1 DAGs
[2025-07-21T12:55:24.258+0000] {logging_mixin.py:190} INFO - [2025-07-21T12:55:24.258+0000] {dag.py:4180} INFO - Setting next_dagrun for train_traffic_pred to 2025-07-21 00:00:00+00:00, run_after=2025-07-22 00:00:00+00:00
[2025-07-21T12:55:24.290+0000] {processor.py:208} INFO - Processing /opt/airflow/dags/train_traffic_pred.py took 4.843 seconds
[2025-07-21T12:55:55.342+0000] {processor.py:186} INFO - Started process (PID=7796) to work on /opt/airflow/dags/train_traffic_pred.py
[2025-07-21T12:55:55.344+0000] {processor.py:914} INFO - Processing file /opt/airflow/dags/train_traffic_pred.py for tasks to queue
[2025-07-21T12:55:55.347+0000] {logging_mixin.py:190} INFO - [2025-07-21T12:55:55.347+0000] {dagbag.py:588} INFO - Filling up the DagBag from /opt/airflow/dags/train_traffic_pred.py
[2025-07-21T12:56:00.717+0000] {processor.py:925} INFO - DAG(s) 'train_traffic_pred' retrieved from /opt/airflow/dags/train_traffic_pred.py
[2025-07-21T12:56:00.749+0000] {logging_mixin.py:190} INFO - [2025-07-21T12:56:00.748+0000] {dag.py:3239} INFO - Sync 1 DAGs
[2025-07-21T12:56:00.775+0000] {logging_mixin.py:190} INFO - [2025-07-21T12:56:00.775+0000] {dag.py:4180} INFO - Setting next_dagrun for train_traffic_pred to 2025-07-21 00:00:00+00:00, run_after=2025-07-22 00:00:00+00:00
[2025-07-21T12:56:00.795+0000] {processor.py:208} INFO - Processing /opt/airflow/dags/train_traffic_pred.py took 5.463 seconds
[2025-07-21T12:56:31.952+0000] {processor.py:186} INFO - Started process (PID=7894) to work on /opt/airflow/dags/train_traffic_pred.py
[2025-07-21T12:56:31.953+0000] {processor.py:914} INFO - Processing file /opt/airflow/dags/train_traffic_pred.py for tasks to queue
[2025-07-21T12:56:31.957+0000] {logging_mixin.py:190} INFO - [2025-07-21T12:56:31.956+0000] {dagbag.py:588} INFO - Filling up the DagBag from /opt/airflow/dags/train_traffic_pred.py
[2025-07-21T12:56:36.309+0000] {processor.py:925} INFO - DAG(s) 'train_traffic_pred' retrieved from /opt/airflow/dags/train_traffic_pred.py
[2025-07-21T12:56:36.330+0000] {logging_mixin.py:190} INFO - [2025-07-21T12:56:36.329+0000] {dag.py:3239} INFO - Sync 1 DAGs
[2025-07-21T12:56:36.348+0000] {logging_mixin.py:190} INFO - [2025-07-21T12:56:36.348+0000] {dag.py:4180} INFO - Setting next_dagrun for train_traffic_pred to 2025-07-21 00:00:00+00:00, run_after=2025-07-22 00:00:00+00:00
[2025-07-21T12:56:36.363+0000] {processor.py:208} INFO - Processing /opt/airflow/dags/train_traffic_pred.py took 4.420 seconds
[2025-07-21T12:57:08.091+0000] {processor.py:186} INFO - Started process (PID=7991) to work on /opt/airflow/dags/train_traffic_pred.py
[2025-07-21T12:57:08.092+0000] {processor.py:914} INFO - Processing file /opt/airflow/dags/train_traffic_pred.py for tasks to queue
[2025-07-21T12:57:08.094+0000] {logging_mixin.py:190} INFO - [2025-07-21T12:57:08.093+0000] {dagbag.py:588} INFO - Filling up the DagBag from /opt/airflow/dags/train_traffic_pred.py
[2025-07-21T12:57:12.205+0000] {processor.py:925} INFO - DAG(s) 'train_traffic_pred' retrieved from /opt/airflow/dags/train_traffic_pred.py
[2025-07-21T12:57:12.235+0000] {logging_mixin.py:190} INFO - [2025-07-21T12:57:12.235+0000] {dag.py:3239} INFO - Sync 1 DAGs
[2025-07-21T12:57:12.258+0000] {logging_mixin.py:190} INFO - [2025-07-21T12:57:12.258+0000] {dag.py:4180} INFO - Setting next_dagrun for train_traffic_pred to 2025-07-21 00:00:00+00:00, run_after=2025-07-22 00:00:00+00:00
[2025-07-21T12:57:12.284+0000] {processor.py:208} INFO - Processing /opt/airflow/dags/train_traffic_pred.py took 4.199 seconds
[2025-07-21T12:57:44.124+0000] {processor.py:186} INFO - Started process (PID=8089) to work on /opt/airflow/dags/train_traffic_pred.py
[2025-07-21T12:57:44.125+0000] {processor.py:914} INFO - Processing file /opt/airflow/dags/train_traffic_pred.py for tasks to queue
[2025-07-21T12:57:44.128+0000] {logging_mixin.py:190} INFO - [2025-07-21T12:57:44.128+0000] {dagbag.py:588} INFO - Filling up the DagBag from /opt/airflow/dags/train_traffic_pred.py
[2025-07-21T12:57:48.651+0000] {processor.py:925} INFO - DAG(s) 'train_traffic_pred' retrieved from /opt/airflow/dags/train_traffic_pred.py
[2025-07-21T12:57:48.682+0000] {logging_mixin.py:190} INFO - [2025-07-21T12:57:48.681+0000] {dag.py:3239} INFO - Sync 1 DAGs
[2025-07-21T12:57:48.713+0000] {logging_mixin.py:190} INFO - [2025-07-21T12:57:48.713+0000] {dag.py:4180} INFO - Setting next_dagrun for train_traffic_pred to 2025-07-21 00:00:00+00:00, run_after=2025-07-22 00:00:00+00:00
[2025-07-21T12:57:48.739+0000] {processor.py:208} INFO - Processing /opt/airflow/dags/train_traffic_pred.py took 4.622 seconds
[2025-07-21T12:58:20.387+0000] {processor.py:186} INFO - Started process (PID=8193) to work on /opt/airflow/dags/train_traffic_pred.py
[2025-07-21T12:58:20.388+0000] {processor.py:914} INFO - Processing file /opt/airflow/dags/train_traffic_pred.py for tasks to queue
[2025-07-21T12:58:20.390+0000] {logging_mixin.py:190} INFO - [2025-07-21T12:58:20.390+0000] {dagbag.py:588} INFO - Filling up the DagBag from /opt/airflow/dags/train_traffic_pred.py
[2025-07-21T12:58:24.034+0000] {processor.py:925} INFO - DAG(s) 'train_traffic_pred' retrieved from /opt/airflow/dags/train_traffic_pred.py
[2025-07-21T12:58:24.057+0000] {logging_mixin.py:190} INFO - [2025-07-21T12:58:24.056+0000] {dag.py:3239} INFO - Sync 1 DAGs
[2025-07-21T12:58:24.076+0000] {logging_mixin.py:190} INFO - [2025-07-21T12:58:24.076+0000] {dag.py:4180} INFO - Setting next_dagrun for train_traffic_pred to 2025-07-21 00:00:00+00:00, run_after=2025-07-22 00:00:00+00:00
[2025-07-21T12:58:24.092+0000] {processor.py:208} INFO - Processing /opt/airflow/dags/train_traffic_pred.py took 3.711 seconds
[2025-07-21T12:58:55.542+0000] {processor.py:186} INFO - Started process (PID=8291) to work on /opt/airflow/dags/train_traffic_pred.py
[2025-07-21T12:58:55.543+0000] {processor.py:914} INFO - Processing file /opt/airflow/dags/train_traffic_pred.py for tasks to queue
[2025-07-21T12:58:55.544+0000] {logging_mixin.py:190} INFO - [2025-07-21T12:58:55.544+0000] {dagbag.py:588} INFO - Filling up the DagBag from /opt/airflow/dags/train_traffic_pred.py
[2025-07-21T12:58:59.096+0000] {processor.py:925} INFO - DAG(s) 'train_traffic_pred' retrieved from /opt/airflow/dags/train_traffic_pred.py
[2025-07-21T12:58:59.120+0000] {logging_mixin.py:190} INFO - [2025-07-21T12:58:59.119+0000] {dag.py:3239} INFO - Sync 1 DAGs
[2025-07-21T12:58:59.139+0000] {logging_mixin.py:190} INFO - [2025-07-21T12:58:59.139+0000] {dag.py:4180} INFO - Setting next_dagrun for train_traffic_pred to 2025-07-21 00:00:00+00:00, run_after=2025-07-22 00:00:00+00:00
[2025-07-21T12:58:59.153+0000] {processor.py:208} INFO - Processing /opt/airflow/dags/train_traffic_pred.py took 3.616 seconds
[2025-07-21T12:59:30.805+0000] {processor.py:186} INFO - Started process (PID=8389) to work on /opt/airflow/dags/train_traffic_pred.py
[2025-07-21T12:59:30.806+0000] {processor.py:914} INFO - Processing file /opt/airflow/dags/train_traffic_pred.py for tasks to queue
[2025-07-21T12:59:30.809+0000] {logging_mixin.py:190} INFO - [2025-07-21T12:59:30.809+0000] {dagbag.py:588} INFO - Filling up the DagBag from /opt/airflow/dags/train_traffic_pred.py
[2025-07-21T12:59:34.317+0000] {processor.py:925} INFO - DAG(s) 'train_traffic_pred' retrieved from /opt/airflow/dags/train_traffic_pred.py
[2025-07-21T12:59:34.340+0000] {logging_mixin.py:190} INFO - [2025-07-21T12:59:34.340+0000] {dag.py:3239} INFO - Sync 1 DAGs
[2025-07-21T12:59:34.358+0000] {logging_mixin.py:190} INFO - [2025-07-21T12:59:34.357+0000] {dag.py:4180} INFO - Setting next_dagrun for train_traffic_pred to 2025-07-21 00:00:00+00:00, run_after=2025-07-22 00:00:00+00:00
[2025-07-21T12:59:34.373+0000] {processor.py:208} INFO - Processing /opt/airflow/dags/train_traffic_pred.py took 3.574 seconds
[2025-07-21T13:00:06.156+0000] {processor.py:186} INFO - Started process (PID=8487) to work on /opt/airflow/dags/train_traffic_pred.py
[2025-07-21T13:00:06.157+0000] {processor.py:914} INFO - Processing file /opt/airflow/dags/train_traffic_pred.py for tasks to queue
[2025-07-21T13:00:06.159+0000] {logging_mixin.py:190} INFO - [2025-07-21T13:00:06.158+0000] {dagbag.py:588} INFO - Filling up the DagBag from /opt/airflow/dags/train_traffic_pred.py
[2025-07-21T13:00:09.689+0000] {processor.py:925} INFO - DAG(s) 'train_traffic_pred' retrieved from /opt/airflow/dags/train_traffic_pred.py
[2025-07-21T13:00:09.711+0000] {logging_mixin.py:190} INFO - [2025-07-21T13:00:09.710+0000] {dag.py:3239} INFO - Sync 1 DAGs
[2025-07-21T13:00:09.727+0000] {logging_mixin.py:190} INFO - [2025-07-21T13:00:09.727+0000] {dag.py:4180} INFO - Setting next_dagrun for train_traffic_pred to 2025-07-21 00:00:00+00:00, run_after=2025-07-22 00:00:00+00:00
[2025-07-21T13:00:09.741+0000] {processor.py:208} INFO - Processing /opt/airflow/dags/train_traffic_pred.py took 3.591 seconds
[2025-07-21T13:00:41.756+0000] {processor.py:186} INFO - Started process (PID=8601) to work on /opt/airflow/dags/train_traffic_pred.py
[2025-07-21T13:00:41.757+0000] {processor.py:914} INFO - Processing file /opt/airflow/dags/train_traffic_pred.py for tasks to queue
[2025-07-21T13:00:41.759+0000] {logging_mixin.py:190} INFO - [2025-07-21T13:00:41.759+0000] {dagbag.py:588} INFO - Filling up the DagBag from /opt/airflow/dags/train_traffic_pred.py
[2025-07-21T13:00:45.155+0000] {processor.py:925} INFO - DAG(s) 'train_traffic_pred' retrieved from /opt/airflow/dags/train_traffic_pred.py
[2025-07-21T13:00:45.175+0000] {logging_mixin.py:190} INFO - [2025-07-21T13:00:45.175+0000] {dag.py:3239} INFO - Sync 1 DAGs
[2025-07-21T13:00:45.192+0000] {logging_mixin.py:190} INFO - [2025-07-21T13:00:45.191+0000] {dag.py:4180} INFO - Setting next_dagrun for train_traffic_pred to 2025-07-21 00:00:00+00:00, run_after=2025-07-22 00:00:00+00:00
[2025-07-21T13:00:45.205+0000] {processor.py:208} INFO - Processing /opt/airflow/dags/train_traffic_pred.py took 3.456 seconds
[2025-07-21T13:01:16.822+0000] {processor.py:186} INFO - Started process (PID=8699) to work on /opt/airflow/dags/train_traffic_pred.py
[2025-07-21T13:01:16.823+0000] {processor.py:914} INFO - Processing file /opt/airflow/dags/train_traffic_pred.py for tasks to queue
[2025-07-21T13:01:16.827+0000] {logging_mixin.py:190} INFO - [2025-07-21T13:01:16.826+0000] {dagbag.py:588} INFO - Filling up the DagBag from /opt/airflow/dags/train_traffic_pred.py
[2025-07-21T13:01:20.511+0000] {processor.py:925} INFO - DAG(s) 'train_traffic_pred' retrieved from /opt/airflow/dags/train_traffic_pred.py
[2025-07-21T13:01:20.532+0000] {logging_mixin.py:190} INFO - [2025-07-21T13:01:20.532+0000] {dag.py:3239} INFO - Sync 1 DAGs
[2025-07-21T13:01:20.551+0000] {logging_mixin.py:190} INFO - [2025-07-21T13:01:20.551+0000] {dag.py:4180} INFO - Setting next_dagrun for train_traffic_pred to 2025-07-21 00:00:00+00:00, run_after=2025-07-22 00:00:00+00:00
[2025-07-21T13:01:20.566+0000] {processor.py:208} INFO - Processing /opt/airflow/dags/train_traffic_pred.py took 3.751 seconds
[2025-07-21T13:01:52.267+0000] {processor.py:186} INFO - Started process (PID=8803) to work on /opt/airflow/dags/train_traffic_pred.py
[2025-07-21T13:01:52.268+0000] {processor.py:914} INFO - Processing file /opt/airflow/dags/train_traffic_pred.py for tasks to queue
[2025-07-21T13:01:52.272+0000] {logging_mixin.py:190} INFO - [2025-07-21T13:01:52.271+0000] {dagbag.py:588} INFO - Filling up the DagBag from /opt/airflow/dags/train_traffic_pred.py
[2025-07-21T13:01:55.709+0000] {processor.py:925} INFO - DAG(s) 'train_traffic_pred' retrieved from /opt/airflow/dags/train_traffic_pred.py
[2025-07-21T13:01:55.732+0000] {logging_mixin.py:190} INFO - [2025-07-21T13:01:55.731+0000] {dag.py:3239} INFO - Sync 1 DAGs
[2025-07-21T13:01:55.749+0000] {logging_mixin.py:190} INFO - [2025-07-21T13:01:55.749+0000] {dag.py:4180} INFO - Setting next_dagrun for train_traffic_pred to 2025-07-21 00:00:00+00:00, run_after=2025-07-22 00:00:00+00:00
[2025-07-21T13:01:55.764+0000] {processor.py:208} INFO - Processing /opt/airflow/dags/train_traffic_pred.py took 3.505 seconds
[2025-07-21T13:02:27.497+0000] {processor.py:186} INFO - Started process (PID=8901) to work on /opt/airflow/dags/train_traffic_pred.py
[2025-07-21T13:02:27.499+0000] {processor.py:914} INFO - Processing file /opt/airflow/dags/train_traffic_pred.py for tasks to queue
[2025-07-21T13:02:27.502+0000] {logging_mixin.py:190} INFO - [2025-07-21T13:02:27.502+0000] {dagbag.py:588} INFO - Filling up the DagBag from /opt/airflow/dags/train_traffic_pred.py
[2025-07-21T13:02:31.594+0000] {processor.py:925} INFO - DAG(s) 'train_traffic_pred' retrieved from /opt/airflow/dags/train_traffic_pred.py
[2025-07-21T13:02:31.615+0000] {logging_mixin.py:190} INFO - [2025-07-21T13:02:31.614+0000] {dag.py:3239} INFO - Sync 1 DAGs
[2025-07-21T13:02:31.632+0000] {logging_mixin.py:190} INFO - [2025-07-21T13:02:31.632+0000] {dag.py:4180} INFO - Setting next_dagrun for train_traffic_pred to 2025-07-21 00:00:00+00:00, run_after=2025-07-22 00:00:00+00:00
[2025-07-21T13:02:31.648+0000] {processor.py:208} INFO - Processing /opt/airflow/dags/train_traffic_pred.py took 4.159 seconds
[2025-07-21T13:03:03.138+0000] {processor.py:186} INFO - Started process (PID=8999) to work on /opt/airflow/dags/train_traffic_pred.py
[2025-07-21T13:03:03.141+0000] {processor.py:914} INFO - Processing file /opt/airflow/dags/train_traffic_pred.py for tasks to queue
[2025-07-21T13:03:03.146+0000] {logging_mixin.py:190} INFO - [2025-07-21T13:03:03.146+0000] {dagbag.py:588} INFO - Filling up the DagBag from /opt/airflow/dags/train_traffic_pred.py
[2025-07-21T13:03:08.589+0000] {processor.py:925} INFO - DAG(s) 'train_traffic_pred' retrieved from /opt/airflow/dags/train_traffic_pred.py
[2025-07-21T13:03:08.613+0000] {logging_mixin.py:190} INFO - [2025-07-21T13:03:08.613+0000] {dag.py:3239} INFO - Sync 1 DAGs
[2025-07-21T13:03:08.638+0000] {logging_mixin.py:190} INFO - [2025-07-21T13:03:08.637+0000] {dag.py:4180} INFO - Setting next_dagrun for train_traffic_pred to 2025-07-21 00:00:00+00:00, run_after=2025-07-22 00:00:00+00:00
[2025-07-21T13:03:08.657+0000] {processor.py:208} INFO - Processing /opt/airflow/dags/train_traffic_pred.py took 5.534 seconds
[2025-07-21T13:03:40.383+0000] {processor.py:186} INFO - Started process (PID=9097) to work on /opt/airflow/dags/train_traffic_pred.py
[2025-07-21T13:03:40.385+0000] {processor.py:914} INFO - Processing file /opt/airflow/dags/train_traffic_pred.py for tasks to queue
[2025-07-21T13:03:40.388+0000] {logging_mixin.py:190} INFO - [2025-07-21T13:03:40.388+0000] {dagbag.py:588} INFO - Filling up the DagBag from /opt/airflow/dags/train_traffic_pred.py
[2025-07-21T13:03:45.446+0000] {processor.py:925} INFO - DAG(s) 'train_traffic_pred' retrieved from /opt/airflow/dags/train_traffic_pred.py
[2025-07-21T13:03:45.473+0000] {logging_mixin.py:190} INFO - [2025-07-21T13:03:45.472+0000] {dag.py:3239} INFO - Sync 1 DAGs
[2025-07-21T13:03:45.494+0000] {logging_mixin.py:190} INFO - [2025-07-21T13:03:45.493+0000] {dag.py:4180} INFO - Setting next_dagrun for train_traffic_pred to 2025-07-21 00:00:00+00:00, run_after=2025-07-22 00:00:00+00:00
[2025-07-21T13:03:45.509+0000] {processor.py:208} INFO - Processing /opt/airflow/dags/train_traffic_pred.py took 5.135 seconds
[2025-07-21T13:04:17.065+0000] {processor.py:186} INFO - Started process (PID=9195) to work on /opt/airflow/dags/train_traffic_pred.py
[2025-07-21T13:04:17.066+0000] {processor.py:914} INFO - Processing file /opt/airflow/dags/train_traffic_pred.py for tasks to queue
[2025-07-21T13:04:17.070+0000] {logging_mixin.py:190} INFO - [2025-07-21T13:04:17.070+0000] {dagbag.py:588} INFO - Filling up the DagBag from /opt/airflow/dags/train_traffic_pred.py
[2025-07-21T13:04:21.689+0000] {processor.py:925} INFO - DAG(s) 'train_traffic_pred' retrieved from /opt/airflow/dags/train_traffic_pred.py
[2025-07-21T13:04:21.712+0000] {logging_mixin.py:190} INFO - [2025-07-21T13:04:21.711+0000] {dag.py:3239} INFO - Sync 1 DAGs
[2025-07-21T13:04:21.733+0000] {logging_mixin.py:190} INFO - [2025-07-21T13:04:21.733+0000] {dag.py:4180} INFO - Setting next_dagrun for train_traffic_pred to 2025-07-21 00:00:00+00:00, run_after=2025-07-22 00:00:00+00:00
[2025-07-21T13:04:21.750+0000] {processor.py:208} INFO - Processing /opt/airflow/dags/train_traffic_pred.py took 4.694 seconds
[2025-07-21T13:04:52.893+0000] {processor.py:186} INFO - Started process (PID=9283) to work on /opt/airflow/dags/train_traffic_pred.py
[2025-07-21T13:04:52.894+0000] {processor.py:914} INFO - Processing file /opt/airflow/dags/train_traffic_pred.py for tasks to queue
[2025-07-21T13:04:52.896+0000] {logging_mixin.py:190} INFO - [2025-07-21T13:04:52.896+0000] {dagbag.py:588} INFO - Filling up the DagBag from /opt/airflow/dags/train_traffic_pred.py
[2025-07-21T13:04:57.343+0000] {processor.py:925} INFO - DAG(s) 'train_traffic_pred' retrieved from /opt/airflow/dags/train_traffic_pred.py
[2025-07-21T13:04:57.369+0000] {logging_mixin.py:190} INFO - [2025-07-21T13:04:57.368+0000] {dag.py:3239} INFO - Sync 1 DAGs
[2025-07-21T13:04:57.390+0000] {logging_mixin.py:190} INFO - [2025-07-21T13:04:57.390+0000] {dag.py:4180} INFO - Setting next_dagrun for train_traffic_pred to 2025-07-21 00:00:00+00:00, run_after=2025-07-22 00:00:00+00:00
[2025-07-21T13:04:57.406+0000] {processor.py:208} INFO - Processing /opt/airflow/dags/train_traffic_pred.py took 4.519 seconds
[2025-07-21T13:05:28.529+0000] {processor.py:186} INFO - Started process (PID=9381) to work on /opt/airflow/dags/train_traffic_pred.py
[2025-07-21T13:05:28.530+0000] {processor.py:914} INFO - Processing file /opt/airflow/dags/train_traffic_pred.py for tasks to queue
[2025-07-21T13:05:28.532+0000] {logging_mixin.py:190} INFO - [2025-07-21T13:05:28.532+0000] {dagbag.py:588} INFO - Filling up the DagBag from /opt/airflow/dags/train_traffic_pred.py
[2025-07-21T13:05:33.177+0000] {processor.py:925} INFO - DAG(s) 'train_traffic_pred' retrieved from /opt/airflow/dags/train_traffic_pred.py
[2025-07-21T13:05:33.201+0000] {logging_mixin.py:190} INFO - [2025-07-21T13:05:33.201+0000] {dag.py:3239} INFO - Sync 1 DAGs
[2025-07-21T13:05:33.221+0000] {logging_mixin.py:190} INFO - [2025-07-21T13:05:33.220+0000] {dag.py:4180} INFO - Setting next_dagrun for train_traffic_pred to 2025-07-21 00:00:00+00:00, run_after=2025-07-22 00:00:00+00:00
[2025-07-21T13:05:33.236+0000] {processor.py:208} INFO - Processing /opt/airflow/dags/train_traffic_pred.py took 4.711 seconds
[2025-07-21T13:06:05.023+0000] {processor.py:186} INFO - Started process (PID=9479) to work on /opt/airflow/dags/train_traffic_pred.py
[2025-07-21T13:06:05.024+0000] {processor.py:914} INFO - Processing file /opt/airflow/dags/train_traffic_pred.py for tasks to queue
[2025-07-21T13:06:05.026+0000] {logging_mixin.py:190} INFO - [2025-07-21T13:06:05.026+0000] {dagbag.py:588} INFO - Filling up the DagBag from /opt/airflow/dags/train_traffic_pred.py
[2025-07-21T13:06:09.680+0000] {processor.py:925} INFO - DAG(s) 'train_traffic_pred' retrieved from /opt/airflow/dags/train_traffic_pred.py
[2025-07-21T13:06:09.707+0000] {logging_mixin.py:190} INFO - [2025-07-21T13:06:09.707+0000] {dag.py:3239} INFO - Sync 1 DAGs
[2025-07-21T13:06:09.730+0000] {logging_mixin.py:190} INFO - [2025-07-21T13:06:09.730+0000] {dag.py:4180} INFO - Setting next_dagrun for train_traffic_pred to 2025-07-21 00:00:00+00:00, run_after=2025-07-22 00:00:00+00:00
[2025-07-21T13:06:09.748+0000] {processor.py:208} INFO - Processing /opt/airflow/dags/train_traffic_pred.py took 4.731 seconds
[2025-07-21T13:06:40.966+0000] {processor.py:186} INFO - Started process (PID=9577) to work on /opt/airflow/dags/train_traffic_pred.py
[2025-07-21T13:06:40.968+0000] {processor.py:914} INFO - Processing file /opt/airflow/dags/train_traffic_pred.py for tasks to queue
[2025-07-21T13:06:40.974+0000] {logging_mixin.py:190} INFO - [2025-07-21T13:06:40.973+0000] {dagbag.py:588} INFO - Filling up the DagBag from /opt/airflow/dags/train_traffic_pred.py
[2025-07-21T13:06:45.772+0000] {processor.py:925} INFO - DAG(s) 'train_traffic_pred' retrieved from /opt/airflow/dags/train_traffic_pred.py
[2025-07-21T13:06:45.798+0000] {logging_mixin.py:190} INFO - [2025-07-21T13:06:45.798+0000] {dag.py:3239} INFO - Sync 1 DAGs
[2025-07-21T13:06:45.821+0000] {logging_mixin.py:190} INFO - [2025-07-21T13:06:45.821+0000] {dag.py:4180} INFO - Setting next_dagrun for train_traffic_pred to 2025-07-21 00:00:00+00:00, run_after=2025-07-22 00:00:00+00:00
[2025-07-21T13:06:45.843+0000] {processor.py:208} INFO - Processing /opt/airflow/dags/train_traffic_pred.py took 4.895 seconds
[2025-07-21T13:07:17.567+0000] {processor.py:186} INFO - Started process (PID=9675) to work on /opt/airflow/dags/train_traffic_pred.py
[2025-07-21T13:07:17.569+0000] {processor.py:914} INFO - Processing file /opt/airflow/dags/train_traffic_pred.py for tasks to queue
[2025-07-21T13:07:17.572+0000] {logging_mixin.py:190} INFO - [2025-07-21T13:07:17.571+0000] {dagbag.py:588} INFO - Filling up the DagBag from /opt/airflow/dags/train_traffic_pred.py
[2025-07-21T13:07:21.844+0000] {processor.py:925} INFO - DAG(s) 'train_traffic_pred' retrieved from /opt/airflow/dags/train_traffic_pred.py
[2025-07-21T13:07:21.868+0000] {logging_mixin.py:190} INFO - [2025-07-21T13:07:21.868+0000] {dag.py:3239} INFO - Sync 1 DAGs
[2025-07-21T13:07:21.889+0000] {logging_mixin.py:190} INFO - [2025-07-21T13:07:21.889+0000] {dag.py:4180} INFO - Setting next_dagrun for train_traffic_pred to 2025-07-21 00:00:00+00:00, run_after=2025-07-22 00:00:00+00:00
[2025-07-21T13:07:22.127+0000] {processor.py:208} INFO - Processing /opt/airflow/dags/train_traffic_pred.py took 4.568 seconds
[2025-07-21T13:07:53.535+0000] {processor.py:186} INFO - Started process (PID=9779) to work on /opt/airflow/dags/train_traffic_pred.py
[2025-07-21T13:07:53.536+0000] {processor.py:914} INFO - Processing file /opt/airflow/dags/train_traffic_pred.py for tasks to queue
[2025-07-21T13:07:53.538+0000] {logging_mixin.py:190} INFO - [2025-07-21T13:07:53.538+0000] {dagbag.py:588} INFO - Filling up the DagBag from /opt/airflow/dags/train_traffic_pred.py
[2025-07-21T13:07:58.015+0000] {processor.py:925} INFO - DAG(s) 'train_traffic_pred' retrieved from /opt/airflow/dags/train_traffic_pred.py
[2025-07-21T13:07:58.044+0000] {logging_mixin.py:190} INFO - [2025-07-21T13:07:58.043+0000] {dag.py:3239} INFO - Sync 1 DAGs
[2025-07-21T13:07:58.069+0000] {logging_mixin.py:190} INFO - [2025-07-21T13:07:58.069+0000] {dag.py:4180} INFO - Setting next_dagrun for train_traffic_pred to 2025-07-21 00:00:00+00:00, run_after=2025-07-22 00:00:00+00:00
[2025-07-21T13:07:58.147+0000] {processor.py:208} INFO - Processing /opt/airflow/dags/train_traffic_pred.py took 4.617 seconds
[2025-07-21T13:08:29.957+0000] {processor.py:186} INFO - Started process (PID=9877) to work on /opt/airflow/dags/train_traffic_pred.py
[2025-07-21T13:08:29.958+0000] {processor.py:914} INFO - Processing file /opt/airflow/dags/train_traffic_pred.py for tasks to queue
[2025-07-21T13:08:29.962+0000] {logging_mixin.py:190} INFO - [2025-07-21T13:08:29.961+0000] {dagbag.py:588} INFO - Filling up the DagBag from /opt/airflow/dags/train_traffic_pred.py
[2025-07-21T13:08:34.445+0000] {processor.py:925} INFO - DAG(s) 'train_traffic_pred' retrieved from /opt/airflow/dags/train_traffic_pred.py
[2025-07-21T13:08:34.469+0000] {logging_mixin.py:190} INFO - [2025-07-21T13:08:34.469+0000] {dag.py:3239} INFO - Sync 1 DAGs
[2025-07-21T13:08:34.491+0000] {logging_mixin.py:190} INFO - [2025-07-21T13:08:34.490+0000] {dag.py:4180} INFO - Setting next_dagrun for train_traffic_pred to 2025-07-21 00:00:00+00:00, run_after=2025-07-22 00:00:00+00:00
[2025-07-21T13:08:34.508+0000] {processor.py:208} INFO - Processing /opt/airflow/dags/train_traffic_pred.py took 4.561 seconds
[2025-07-21T13:09:06.268+0000] {processor.py:186} INFO - Started process (PID=9975) to work on /opt/airflow/dags/train_traffic_pred.py
[2025-07-21T13:09:06.269+0000] {processor.py:914} INFO - Processing file /opt/airflow/dags/train_traffic_pred.py for tasks to queue
[2025-07-21T13:09:06.272+0000] {logging_mixin.py:190} INFO - [2025-07-21T13:09:06.272+0000] {dagbag.py:588} INFO - Filling up the DagBag from /opt/airflow/dags/train_traffic_pred.py
[2025-07-21T13:09:10.402+0000] {processor.py:925} INFO - DAG(s) 'train_traffic_pred' retrieved from /opt/airflow/dags/train_traffic_pred.py
[2025-07-21T13:09:10.430+0000] {logging_mixin.py:190} INFO - [2025-07-21T13:09:10.429+0000] {dag.py:3239} INFO - Sync 1 DAGs
[2025-07-21T13:09:10.452+0000] {logging_mixin.py:190} INFO - [2025-07-21T13:09:10.452+0000] {dag.py:4180} INFO - Setting next_dagrun for train_traffic_pred to 2025-07-21 00:00:00+00:00, run_after=2025-07-22 00:00:00+00:00
[2025-07-21T13:09:10.469+0000] {processor.py:208} INFO - Processing /opt/airflow/dags/train_traffic_pred.py took 4.209 seconds
[2025-07-21T13:09:41.723+0000] {processor.py:186} INFO - Started process (PID=10073) to work on /opt/airflow/dags/train_traffic_pred.py
[2025-07-21T13:09:41.724+0000] {processor.py:914} INFO - Processing file /opt/airflow/dags/train_traffic_pred.py for tasks to queue
[2025-07-21T13:09:41.726+0000] {logging_mixin.py:190} INFO - [2025-07-21T13:09:41.726+0000] {dagbag.py:588} INFO - Filling up the DagBag from /opt/airflow/dags/train_traffic_pred.py
[2025-07-21T13:09:45.310+0000] {processor.py:925} INFO - DAG(s) 'train_traffic_pred' retrieved from /opt/airflow/dags/train_traffic_pred.py
[2025-07-21T13:09:45.334+0000] {logging_mixin.py:190} INFO - [2025-07-21T13:09:45.334+0000] {dag.py:3239} INFO - Sync 1 DAGs
[2025-07-21T13:09:45.354+0000] {logging_mixin.py:190} INFO - [2025-07-21T13:09:45.354+0000] {dag.py:4180} INFO - Setting next_dagrun for train_traffic_pred to 2025-07-21 00:00:00+00:00, run_after=2025-07-22 00:00:00+00:00
[2025-07-21T13:09:45.369+0000] {processor.py:208} INFO - Processing /opt/airflow/dags/train_traffic_pred.py took 3.651 seconds
[2025-07-21T13:10:16.707+0000] {processor.py:186} INFO - Started process (PID=10171) to work on /opt/airflow/dags/train_traffic_pred.py
[2025-07-21T13:10:16.707+0000] {processor.py:914} INFO - Processing file /opt/airflow/dags/train_traffic_pred.py for tasks to queue
[2025-07-21T13:10:16.709+0000] {logging_mixin.py:190} INFO - [2025-07-21T13:10:16.709+0000] {dagbag.py:588} INFO - Filling up the DagBag from /opt/airflow/dags/train_traffic_pred.py
[2025-07-21T13:10:20.305+0000] {processor.py:925} INFO - DAG(s) 'train_traffic_pred' retrieved from /opt/airflow/dags/train_traffic_pred.py
[2025-07-21T13:10:20.331+0000] {logging_mixin.py:190} INFO - [2025-07-21T13:10:20.330+0000] {dag.py:3239} INFO - Sync 1 DAGs
[2025-07-21T13:10:20.355+0000] {logging_mixin.py:190} INFO - [2025-07-21T13:10:20.354+0000] {dag.py:4180} INFO - Setting next_dagrun for train_traffic_pred to 2025-07-21 00:00:00+00:00, run_after=2025-07-22 00:00:00+00:00
[2025-07-21T13:10:20.371+0000] {processor.py:208} INFO - Processing /opt/airflow/dags/train_traffic_pred.py took 3.669 seconds
[2025-07-21T13:10:51.736+0000] {processor.py:186} INFO - Started process (PID=10275) to work on /opt/airflow/dags/train_traffic_pred.py
[2025-07-21T13:10:51.737+0000] {processor.py:914} INFO - Processing file /opt/airflow/dags/train_traffic_pred.py for tasks to queue
[2025-07-21T13:10:51.740+0000] {logging_mixin.py:190} INFO - [2025-07-21T13:10:51.739+0000] {dagbag.py:588} INFO - Filling up the DagBag from /opt/airflow/dags/train_traffic_pred.py
[2025-07-21T13:10:56.335+0000] {processor.py:925} INFO - DAG(s) 'train_traffic_pred' retrieved from /opt/airflow/dags/train_traffic_pred.py
[2025-07-21T13:10:56.361+0000] {logging_mixin.py:190} INFO - [2025-07-21T13:10:56.361+0000] {dag.py:3239} INFO - Sync 1 DAGs
[2025-07-21T13:10:56.381+0000] {logging_mixin.py:190} INFO - [2025-07-21T13:10:56.381+0000] {dag.py:4180} INFO - Setting next_dagrun for train_traffic_pred to 2025-07-21 00:00:00+00:00, run_after=2025-07-22 00:00:00+00:00
[2025-07-21T13:10:56.397+0000] {processor.py:208} INFO - Processing /opt/airflow/dags/train_traffic_pred.py took 4.667 seconds
[2025-07-21T13:11:27.711+0000] {processor.py:186} INFO - Started process (PID=10373) to work on /opt/airflow/dags/train_traffic_pred.py
[2025-07-21T13:11:27.712+0000] {processor.py:914} INFO - Processing file /opt/airflow/dags/train_traffic_pred.py for tasks to queue
[2025-07-21T13:11:27.715+0000] {logging_mixin.py:190} INFO - [2025-07-21T13:11:27.715+0000] {dagbag.py:588} INFO - Filling up the DagBag from /opt/airflow/dags/train_traffic_pred.py
[2025-07-21T13:11:31.385+0000] {processor.py:925} INFO - DAG(s) 'train_traffic_pred' retrieved from /opt/airflow/dags/train_traffic_pred.py
[2025-07-21T13:11:31.409+0000] {logging_mixin.py:190} INFO - [2025-07-21T13:11:31.408+0000] {dag.py:3239} INFO - Sync 1 DAGs
[2025-07-21T13:11:31.427+0000] {logging_mixin.py:190} INFO - [2025-07-21T13:11:31.427+0000] {dag.py:4180} INFO - Setting next_dagrun for train_traffic_pred to 2025-07-21 00:00:00+00:00, run_after=2025-07-22 00:00:00+00:00
[2025-07-21T13:11:31.443+0000] {processor.py:208} INFO - Processing /opt/airflow/dags/train_traffic_pred.py took 3.738 seconds
[2025-07-21T13:12:02.480+0000] {processor.py:186} INFO - Started process (PID=10468) to work on /opt/airflow/dags/train_traffic_pred.py
[2025-07-21T13:12:02.481+0000] {processor.py:914} INFO - Processing file /opt/airflow/dags/train_traffic_pred.py for tasks to queue
[2025-07-21T13:12:02.483+0000] {logging_mixin.py:190} INFO - [2025-07-21T13:12:02.483+0000] {dagbag.py:588} INFO - Filling up the DagBag from /opt/airflow/dags/train_traffic_pred.py
[2025-07-21T13:12:06.392+0000] {processor.py:925} INFO - DAG(s) 'train_traffic_pred' retrieved from /opt/airflow/dags/train_traffic_pred.py
[2025-07-21T13:12:06.417+0000] {logging_mixin.py:190} INFO - [2025-07-21T13:12:06.417+0000] {dag.py:3239} INFO - Sync 1 DAGs
[2025-07-21T13:12:06.437+0000] {logging_mixin.py:190} INFO - [2025-07-21T13:12:06.437+0000] {dag.py:4180} INFO - Setting next_dagrun for train_traffic_pred to 2025-07-21 00:00:00+00:00, run_after=2025-07-22 00:00:00+00:00
[2025-07-21T13:12:06.453+0000] {processor.py:208} INFO - Processing /opt/airflow/dags/train_traffic_pred.py took 3.978 seconds
[2025-07-21T13:12:37.976+0000] {processor.py:186} INFO - Started process (PID=10569) to work on /opt/airflow/dags/train_traffic_pred.py
[2025-07-21T13:12:37.977+0000] {processor.py:914} INFO - Processing file /opt/airflow/dags/train_traffic_pred.py for tasks to queue
[2025-07-21T13:12:37.980+0000] {logging_mixin.py:190} INFO - [2025-07-21T13:12:37.980+0000] {dagbag.py:588} INFO - Filling up the DagBag from /opt/airflow/dags/train_traffic_pred.py
[2025-07-21T13:12:41.546+0000] {processor.py:925} INFO - DAG(s) 'train_traffic_pred' retrieved from /opt/airflow/dags/train_traffic_pred.py
[2025-07-21T13:12:41.569+0000] {logging_mixin.py:190} INFO - [2025-07-21T13:12:41.569+0000] {dag.py:3239} INFO - Sync 1 DAGs
[2025-07-21T13:12:41.588+0000] {logging_mixin.py:190} INFO - [2025-07-21T13:12:41.588+0000] {dag.py:4180} INFO - Setting next_dagrun for train_traffic_pred to 2025-07-21 00:00:00+00:00, run_after=2025-07-22 00:00:00+00:00
[2025-07-21T13:12:41.603+0000] {processor.py:208} INFO - Processing /opt/airflow/dags/train_traffic_pred.py took 3.635 seconds
[2025-07-21T13:13:13.191+0000] {processor.py:186} INFO - Started process (PID=10667) to work on /opt/airflow/dags/train_traffic_pred.py
[2025-07-21T13:13:13.192+0000] {processor.py:914} INFO - Processing file /opt/airflow/dags/train_traffic_pred.py for tasks to queue
[2025-07-21T13:13:13.193+0000] {logging_mixin.py:190} INFO - [2025-07-21T13:13:13.193+0000] {dagbag.py:588} INFO - Filling up the DagBag from /opt/airflow/dags/train_traffic_pred.py
[2025-07-21T13:13:16.619+0000] {processor.py:925} INFO - DAG(s) 'train_traffic_pred' retrieved from /opt/airflow/dags/train_traffic_pred.py
[2025-07-21T13:13:16.641+0000] {logging_mixin.py:190} INFO - [2025-07-21T13:13:16.641+0000] {dag.py:3239} INFO - Sync 1 DAGs
[2025-07-21T13:13:16.660+0000] {logging_mixin.py:190} INFO - [2025-07-21T13:13:16.660+0000] {dag.py:4180} INFO - Setting next_dagrun for train_traffic_pred to 2025-07-21 00:00:00+00:00, run_after=2025-07-22 00:00:00+00:00
[2025-07-21T13:13:16.675+0000] {processor.py:208} INFO - Processing /opt/airflow/dags/train_traffic_pred.py took 3.490 seconds
[2025-07-21T13:13:48.654+0000] {processor.py:186} INFO - Started process (PID=10765) to work on /opt/airflow/dags/train_traffic_pred.py
[2025-07-21T13:13:48.655+0000] {processor.py:914} INFO - Processing file /opt/airflow/dags/train_traffic_pred.py for tasks to queue
[2025-07-21T13:13:48.657+0000] {logging_mixin.py:190} INFO - [2025-07-21T13:13:48.656+0000] {dagbag.py:588} INFO - Filling up the DagBag from /opt/airflow/dags/train_traffic_pred.py
[2025-07-21T13:13:52.237+0000] {processor.py:925} INFO - DAG(s) 'train_traffic_pred' retrieved from /opt/airflow/dags/train_traffic_pred.py
[2025-07-21T13:13:52.260+0000] {logging_mixin.py:190} INFO - [2025-07-21T13:13:52.260+0000] {dag.py:3239} INFO - Sync 1 DAGs
[2025-07-21T13:13:52.278+0000] {logging_mixin.py:190} INFO - [2025-07-21T13:13:52.278+0000] {dag.py:4180} INFO - Setting next_dagrun for train_traffic_pred to 2025-07-21 00:00:00+00:00, run_after=2025-07-22 00:00:00+00:00
[2025-07-21T13:13:52.293+0000] {processor.py:208} INFO - Processing /opt/airflow/dags/train_traffic_pred.py took 3.644 seconds
[2025-07-21T13:14:23.345+0000] {processor.py:186} INFO - Started process (PID=10866) to work on /opt/airflow/dags/train_traffic_pred.py
[2025-07-21T13:14:23.346+0000] {processor.py:914} INFO - Processing file /opt/airflow/dags/train_traffic_pred.py for tasks to queue
[2025-07-21T13:14:23.347+0000] {logging_mixin.py:190} INFO - [2025-07-21T13:14:23.347+0000] {dagbag.py:588} INFO - Filling up the DagBag from /opt/airflow/dags/train_traffic_pred.py
[2025-07-21T13:14:26.833+0000] {processor.py:925} INFO - DAG(s) 'train_traffic_pred' retrieved from /opt/airflow/dags/train_traffic_pred.py
[2025-07-21T13:14:26.854+0000] {logging_mixin.py:190} INFO - [2025-07-21T13:14:26.853+0000] {dag.py:3239} INFO - Sync 1 DAGs
[2025-07-21T13:14:26.871+0000] {logging_mixin.py:190} INFO - [2025-07-21T13:14:26.871+0000] {dag.py:4180} INFO - Setting next_dagrun for train_traffic_pred to 2025-07-21 00:00:00+00:00, run_after=2025-07-22 00:00:00+00:00
[2025-07-21T13:14:26.886+0000] {processor.py:208} INFO - Processing /opt/airflow/dags/train_traffic_pred.py took 3.546 seconds
[2025-07-21T13:14:58.058+0000] {processor.py:186} INFO - Started process (PID=10967) to work on /opt/airflow/dags/train_traffic_pred.py
[2025-07-21T13:14:58.059+0000] {processor.py:914} INFO - Processing file /opt/airflow/dags/train_traffic_pred.py for tasks to queue
[2025-07-21T13:14:58.062+0000] {logging_mixin.py:190} INFO - [2025-07-21T13:14:58.062+0000] {dagbag.py:588} INFO - Filling up the DagBag from /opt/airflow/dags/train_traffic_pred.py
[2025-07-21T13:15:01.873+0000] {processor.py:925} INFO - DAG(s) 'train_traffic_pred' retrieved from /opt/airflow/dags/train_traffic_pred.py
[2025-07-21T13:15:01.898+0000] {logging_mixin.py:190} INFO - [2025-07-21T13:15:01.897+0000] {dag.py:3239} INFO - Sync 1 DAGs
[2025-07-21T13:15:01.918+0000] {logging_mixin.py:190} INFO - [2025-07-21T13:15:01.918+0000] {dag.py:4180} INFO - Setting next_dagrun for train_traffic_pred to 2025-07-21 00:00:00+00:00, run_after=2025-07-22 00:00:00+00:00
[2025-07-21T13:15:01.933+0000] {processor.py:208} INFO - Processing /opt/airflow/dags/train_traffic_pred.py took 3.881 seconds
[2025-07-21T13:15:32.973+0000] {processor.py:186} INFO - Started process (PID=11062) to work on /opt/airflow/dags/train_traffic_pred.py
[2025-07-21T13:15:32.974+0000] {processor.py:914} INFO - Processing file /opt/airflow/dags/train_traffic_pred.py for tasks to queue
[2025-07-21T13:15:32.977+0000] {logging_mixin.py:190} INFO - [2025-07-21T13:15:32.977+0000] {dagbag.py:588} INFO - Filling up the DagBag from /opt/airflow/dags/train_traffic_pred.py
[2025-07-21T13:15:36.919+0000] {processor.py:925} INFO - DAG(s) 'train_traffic_pred' retrieved from /opt/airflow/dags/train_traffic_pred.py
[2025-07-21T13:15:36.946+0000] {logging_mixin.py:190} INFO - [2025-07-21T13:15:36.946+0000] {dag.py:3239} INFO - Sync 1 DAGs
[2025-07-21T13:15:36.968+0000] {logging_mixin.py:190} INFO - [2025-07-21T13:15:36.968+0000] {dag.py:4180} INFO - Setting next_dagrun for train_traffic_pred to 2025-07-21 00:00:00+00:00, run_after=2025-07-22 00:00:00+00:00
[2025-07-21T13:15:36.983+0000] {processor.py:208} INFO - Processing /opt/airflow/dags/train_traffic_pred.py took 4.017 seconds
[2025-07-21T13:16:08.771+0000] {processor.py:186} INFO - Started process (PID=11163) to work on /opt/airflow/dags/train_traffic_pred.py
[2025-07-21T13:16:08.772+0000] {processor.py:914} INFO - Processing file /opt/airflow/dags/train_traffic_pred.py for tasks to queue
[2025-07-21T13:16:08.774+0000] {logging_mixin.py:190} INFO - [2025-07-21T13:16:08.773+0000] {dagbag.py:588} INFO - Filling up the DagBag from /opt/airflow/dags/train_traffic_pred.py
[2025-07-21T13:16:12.298+0000] {processor.py:925} INFO - DAG(s) 'train_traffic_pred' retrieved from /opt/airflow/dags/train_traffic_pred.py
[2025-07-21T13:16:12.320+0000] {logging_mixin.py:190} INFO - [2025-07-21T13:16:12.320+0000] {dag.py:3239} INFO - Sync 1 DAGs
[2025-07-21T13:16:12.339+0000] {logging_mixin.py:190} INFO - [2025-07-21T13:16:12.339+0000] {dag.py:4180} INFO - Setting next_dagrun for train_traffic_pred to 2025-07-21 00:00:00+00:00, run_after=2025-07-22 00:00:00+00:00
[2025-07-21T13:16:12.353+0000] {processor.py:208} INFO - Processing /opt/airflow/dags/train_traffic_pred.py took 3.589 seconds
[2025-07-21T13:16:44.198+0000] {processor.py:186} INFO - Started process (PID=11261) to work on /opt/airflow/dags/train_traffic_pred.py
[2025-07-21T13:16:44.199+0000] {processor.py:914} INFO - Processing file /opt/airflow/dags/train_traffic_pred.py for tasks to queue
[2025-07-21T13:16:44.200+0000] {logging_mixin.py:190} INFO - [2025-07-21T13:16:44.200+0000] {dagbag.py:588} INFO - Filling up the DagBag from /opt/airflow/dags/train_traffic_pred.py
[2025-07-21T13:16:47.713+0000] {processor.py:925} INFO - DAG(s) 'train_traffic_pred' retrieved from /opt/airflow/dags/train_traffic_pred.py
[2025-07-21T13:16:47.735+0000] {logging_mixin.py:190} INFO - [2025-07-21T13:16:47.735+0000] {dag.py:3239} INFO - Sync 1 DAGs
[2025-07-21T13:16:47.752+0000] {logging_mixin.py:190} INFO - [2025-07-21T13:16:47.752+0000] {dag.py:4180} INFO - Setting next_dagrun for train_traffic_pred to 2025-07-21 00:00:00+00:00, run_after=2025-07-22 00:00:00+00:00
[2025-07-21T13:16:47.766+0000] {processor.py:208} INFO - Processing /opt/airflow/dags/train_traffic_pred.py took 3.574 seconds
[2025-07-21T13:17:18.810+0000] {processor.py:186} INFO - Started process (PID=11356) to work on /opt/airflow/dags/train_traffic_pred.py
[2025-07-21T13:17:18.811+0000] {processor.py:914} INFO - Processing file /opt/airflow/dags/train_traffic_pred.py for tasks to queue
[2025-07-21T13:17:18.813+0000] {logging_mixin.py:190} INFO - [2025-07-21T13:17:18.813+0000] {dagbag.py:588} INFO - Filling up the DagBag from /opt/airflow/dags/train_traffic_pred.py
[2025-07-21T13:17:22.464+0000] {processor.py:925} INFO - DAG(s) 'train_traffic_pred' retrieved from /opt/airflow/dags/train_traffic_pred.py
[2025-07-21T13:17:22.487+0000] {logging_mixin.py:190} INFO - [2025-07-21T13:17:22.486+0000] {dag.py:3239} INFO - Sync 1 DAGs
[2025-07-21T13:17:22.506+0000] {logging_mixin.py:190} INFO - [2025-07-21T13:17:22.506+0000] {dag.py:4180} INFO - Setting next_dagrun for train_traffic_pred to 2025-07-21 00:00:00+00:00, run_after=2025-07-22 00:00:00+00:00
[2025-07-21T13:17:22.520+0000] {processor.py:208} INFO - Processing /opt/airflow/dags/train_traffic_pred.py took 3.715 seconds
[2025-07-21T13:17:54.072+0000] {processor.py:186} INFO - Started process (PID=11460) to work on /opt/airflow/dags/train_traffic_pred.py
[2025-07-21T13:17:54.073+0000] {processor.py:914} INFO - Processing file /opt/airflow/dags/train_traffic_pred.py for tasks to queue
[2025-07-21T13:17:54.074+0000] {logging_mixin.py:190} INFO - [2025-07-21T13:17:54.074+0000] {dagbag.py:588} INFO - Filling up the DagBag from /opt/airflow/dags/train_traffic_pred.py
[2025-07-21T13:17:57.622+0000] {processor.py:925} INFO - DAG(s) 'train_traffic_pred' retrieved from /opt/airflow/dags/train_traffic_pred.py
[2025-07-21T13:17:57.644+0000] {logging_mixin.py:190} INFO - [2025-07-21T13:17:57.644+0000] {dag.py:3239} INFO - Sync 1 DAGs
[2025-07-21T13:17:57.663+0000] {logging_mixin.py:190} INFO - [2025-07-21T13:17:57.663+0000] {dag.py:4180} INFO - Setting next_dagrun for train_traffic_pred to 2025-07-21 00:00:00+00:00, run_after=2025-07-22 00:00:00+00:00
[2025-07-21T13:17:57.679+0000] {processor.py:208} INFO - Processing /opt/airflow/dags/train_traffic_pred.py took 3.612 seconds
[2025-07-21T13:19:21.843+0000] {processor.py:186} INFO - Started process (PID=11555) to work on /opt/airflow/dags/train_traffic_pred.py
[2025-07-21T13:19:21.844+0000] {processor.py:914} INFO - Processing file /opt/airflow/dags/train_traffic_pred.py for tasks to queue
[2025-07-21T13:19:21.846+0000] {logging_mixin.py:190} INFO - [2025-07-21T13:19:21.846+0000] {dagbag.py:588} INFO - Filling up the DagBag from /opt/airflow/dags/train_traffic_pred.py
[2025-07-21T13:19:25.738+0000] {processor.py:925} INFO - DAG(s) 'train_traffic_pred' retrieved from /opt/airflow/dags/train_traffic_pred.py
[2025-07-21T13:19:25.762+0000] {logging_mixin.py:190} INFO - [2025-07-21T13:19:25.761+0000] {dag.py:3239} INFO - Sync 1 DAGs
[2025-07-21T13:19:25.785+0000] {logging_mixin.py:190} INFO - [2025-07-21T13:19:25.785+0000] {dag.py:4180} INFO - Setting next_dagrun for train_traffic_pred to 2025-07-21 00:00:00+00:00, run_after=2025-07-22 00:00:00+00:00
[2025-07-21T13:19:25.803+0000] {processor.py:208} INFO - Processing /opt/airflow/dags/train_traffic_pred.py took 3.966 seconds
[2025-07-21T13:19:57.130+0000] {processor.py:186} INFO - Started process (PID=11660) to work on /opt/airflow/dags/train_traffic_pred.py
[2025-07-21T13:19:57.131+0000] {processor.py:914} INFO - Processing file /opt/airflow/dags/train_traffic_pred.py for tasks to queue
[2025-07-21T13:19:57.132+0000] {logging_mixin.py:190} INFO - [2025-07-21T13:19:57.132+0000] {dagbag.py:588} INFO - Filling up the DagBag from /opt/airflow/dags/train_traffic_pred.py
[2025-07-21T13:20:00.592+0000] {processor.py:925} INFO - DAG(s) 'train_traffic_pred' retrieved from /opt/airflow/dags/train_traffic_pred.py
[2025-07-21T13:20:00.614+0000] {logging_mixin.py:190} INFO - [2025-07-21T13:20:00.613+0000] {dag.py:3239} INFO - Sync 1 DAGs
[2025-07-21T13:20:00.632+0000] {logging_mixin.py:190} INFO - [2025-07-21T13:20:00.632+0000] {dag.py:4180} INFO - Setting next_dagrun for train_traffic_pred to 2025-07-21 00:00:00+00:00, run_after=2025-07-22 00:00:00+00:00
[2025-07-21T13:20:00.646+0000] {processor.py:208} INFO - Processing /opt/airflow/dags/train_traffic_pred.py took 3.522 seconds
[2025-07-21T13:20:32.661+0000] {processor.py:186} INFO - Started process (PID=11758) to work on /opt/airflow/dags/train_traffic_pred.py
[2025-07-21T13:20:32.662+0000] {processor.py:914} INFO - Processing file /opt/airflow/dags/train_traffic_pred.py for tasks to queue
[2025-07-21T13:20:32.665+0000] {logging_mixin.py:190} INFO - [2025-07-21T13:20:32.664+0000] {dagbag.py:588} INFO - Filling up the DagBag from /opt/airflow/dags/train_traffic_pred.py
[2025-07-21T13:20:36.053+0000] {processor.py:925} INFO - DAG(s) 'train_traffic_pred' retrieved from /opt/airflow/dags/train_traffic_pred.py
[2025-07-21T13:20:36.083+0000] {logging_mixin.py:190} INFO - [2025-07-21T13:20:36.082+0000] {dag.py:3239} INFO - Sync 1 DAGs
[2025-07-21T13:20:36.107+0000] {logging_mixin.py:190} INFO - [2025-07-21T13:20:36.107+0000] {dag.py:4180} INFO - Setting next_dagrun for train_traffic_pred to 2025-07-21 00:00:00+00:00, run_after=2025-07-22 00:00:00+00:00
[2025-07-21T13:20:36.137+0000] {processor.py:208} INFO - Processing /opt/airflow/dags/train_traffic_pred.py took 3.480 seconds
[2025-07-21T13:21:07.147+0000] {processor.py:186} INFO - Started process (PID=11853) to work on /opt/airflow/dags/train_traffic_pred.py
[2025-07-21T13:21:07.148+0000] {processor.py:914} INFO - Processing file /opt/airflow/dags/train_traffic_pred.py for tasks to queue
[2025-07-21T13:21:07.150+0000] {logging_mixin.py:190} INFO - [2025-07-21T13:21:07.150+0000] {dagbag.py:588} INFO - Filling up the DagBag from /opt/airflow/dags/train_traffic_pred.py
[2025-07-21T13:21:10.476+0000] {processor.py:925} INFO - DAG(s) 'train_traffic_pred' retrieved from /opt/airflow/dags/train_traffic_pred.py
[2025-07-21T13:21:10.498+0000] {logging_mixin.py:190} INFO - [2025-07-21T13:21:10.498+0000] {dag.py:3239} INFO - Sync 1 DAGs
[2025-07-21T13:21:10.518+0000] {logging_mixin.py:190} INFO - [2025-07-21T13:21:10.517+0000] {dag.py:4180} INFO - Setting next_dagrun for train_traffic_pred to 2025-07-21 00:00:00+00:00, run_after=2025-07-22 00:00:00+00:00
[2025-07-21T13:21:10.533+0000] {processor.py:208} INFO - Processing /opt/airflow/dags/train_traffic_pred.py took 3.391 seconds
[2025-07-21T13:21:42.303+0000] {processor.py:186} INFO - Started process (PID=11951) to work on /opt/airflow/dags/train_traffic_pred.py
[2025-07-21T13:21:42.304+0000] {processor.py:914} INFO - Processing file /opt/airflow/dags/train_traffic_pred.py for tasks to queue
[2025-07-21T13:21:42.306+0000] {logging_mixin.py:190} INFO - [2025-07-21T13:21:42.306+0000] {dagbag.py:588} INFO - Filling up the DagBag from /opt/airflow/dags/train_traffic_pred.py
[2025-07-21T13:21:45.623+0000] {processor.py:925} INFO - DAG(s) 'train_traffic_pred' retrieved from /opt/airflow/dags/train_traffic_pred.py
[2025-07-21T13:21:45.647+0000] {logging_mixin.py:190} INFO - [2025-07-21T13:21:45.646+0000] {dag.py:3239} INFO - Sync 1 DAGs
[2025-07-21T13:21:45.665+0000] {logging_mixin.py:190} INFO - [2025-07-21T13:21:45.665+0000] {dag.py:4180} INFO - Setting next_dagrun for train_traffic_pred to 2025-07-21 00:00:00+00:00, run_after=2025-07-22 00:00:00+00:00
[2025-07-21T13:21:45.681+0000] {processor.py:208} INFO - Processing /opt/airflow/dags/train_traffic_pred.py took 3.384 seconds
[2025-07-21T13:22:17.000+0000] {processor.py:186} INFO - Started process (PID=12049) to work on /opt/airflow/dags/train_traffic_pred.py
[2025-07-21T13:22:17.002+0000] {processor.py:914} INFO - Processing file /opt/airflow/dags/train_traffic_pred.py for tasks to queue
[2025-07-21T13:22:17.004+0000] {logging_mixin.py:190} INFO - [2025-07-21T13:22:17.004+0000] {dagbag.py:588} INFO - Filling up the DagBag from /opt/airflow/dags/train_traffic_pred.py
[2025-07-21T13:22:20.383+0000] {processor.py:925} INFO - DAG(s) 'train_traffic_pred' retrieved from /opt/airflow/dags/train_traffic_pred.py
[2025-07-21T13:22:20.407+0000] {logging_mixin.py:190} INFO - [2025-07-21T13:22:20.407+0000] {dag.py:3239} INFO - Sync 1 DAGs
[2025-07-21T13:22:20.427+0000] {logging_mixin.py:190} INFO - [2025-07-21T13:22:20.426+0000] {dag.py:4180} INFO - Setting next_dagrun for train_traffic_pred to 2025-07-21 00:00:00+00:00, run_after=2025-07-22 00:00:00+00:00
[2025-07-21T13:22:20.441+0000] {processor.py:208} INFO - Processing /opt/airflow/dags/train_traffic_pred.py took 3.447 seconds
[2025-07-21T13:22:51.566+0000] {processor.py:186} INFO - Started process (PID=12147) to work on /opt/airflow/dags/train_traffic_pred.py
[2025-07-21T13:22:51.567+0000] {processor.py:914} INFO - Processing file /opt/airflow/dags/train_traffic_pred.py for tasks to queue
[2025-07-21T13:22:51.569+0000] {logging_mixin.py:190} INFO - [2025-07-21T13:22:51.569+0000] {dagbag.py:588} INFO - Filling up the DagBag from /opt/airflow/dags/train_traffic_pred.py
[2025-07-21T13:22:54.872+0000] {processor.py:925} INFO - DAG(s) 'train_traffic_pred' retrieved from /opt/airflow/dags/train_traffic_pred.py
[2025-07-21T13:22:54.896+0000] {logging_mixin.py:190} INFO - [2025-07-21T13:22:54.895+0000] {dag.py:3239} INFO - Sync 1 DAGs
[2025-07-21T13:22:54.918+0000] {logging_mixin.py:190} INFO - [2025-07-21T13:22:54.917+0000] {dag.py:4180} INFO - Setting next_dagrun for train_traffic_pred to 2025-07-21 00:00:00+00:00, run_after=2025-07-22 00:00:00+00:00
[2025-07-21T13:22:54.934+0000] {processor.py:208} INFO - Processing /opt/airflow/dags/train_traffic_pred.py took 3.374 seconds
[2025-07-21T13:23:25.968+0000] {processor.py:186} INFO - Started process (PID=12251) to work on /opt/airflow/dags/train_traffic_pred.py
[2025-07-21T13:23:25.970+0000] {processor.py:914} INFO - Processing file /opt/airflow/dags/train_traffic_pred.py for tasks to queue
[2025-07-21T13:23:25.972+0000] {logging_mixin.py:190} INFO - [2025-07-21T13:23:25.972+0000] {dagbag.py:588} INFO - Filling up the DagBag from /opt/airflow/dags/train_traffic_pred.py
[2025-07-21T13:23:29.298+0000] {processor.py:925} INFO - DAG(s) 'train_traffic_pred' retrieved from /opt/airflow/dags/train_traffic_pred.py
[2025-07-21T13:23:29.319+0000] {logging_mixin.py:190} INFO - [2025-07-21T13:23:29.319+0000] {dag.py:3239} INFO - Sync 1 DAGs
[2025-07-21T13:23:29.338+0000] {logging_mixin.py:190} INFO - [2025-07-21T13:23:29.338+0000] {dag.py:4180} INFO - Setting next_dagrun for train_traffic_pred to 2025-07-21 00:00:00+00:00, run_after=2025-07-22 00:00:00+00:00
[2025-07-21T13:23:29.354+0000] {processor.py:208} INFO - Processing /opt/airflow/dags/train_traffic_pred.py took 3.392 seconds
[2025-07-21T13:24:01.170+0000] {processor.py:186} INFO - Started process (PID=12349) to work on /opt/airflow/dags/train_traffic_pred.py
[2025-07-21T13:24:01.171+0000] {processor.py:914} INFO - Processing file /opt/airflow/dags/train_traffic_pred.py for tasks to queue
[2025-07-21T13:24:01.173+0000] {logging_mixin.py:190} INFO - [2025-07-21T13:24:01.173+0000] {dagbag.py:588} INFO - Filling up the DagBag from /opt/airflow/dags/train_traffic_pred.py
[2025-07-21T13:24:04.468+0000] {processor.py:925} INFO - DAG(s) 'train_traffic_pred' retrieved from /opt/airflow/dags/train_traffic_pred.py
[2025-07-21T13:24:04.489+0000] {logging_mixin.py:190} INFO - [2025-07-21T13:24:04.488+0000] {dag.py:3239} INFO - Sync 1 DAGs
[2025-07-21T13:24:04.508+0000] {logging_mixin.py:190} INFO - [2025-07-21T13:24:04.508+0000] {dag.py:4180} INFO - Setting next_dagrun for train_traffic_pred to 2025-07-21 00:00:00+00:00, run_after=2025-07-22 00:00:00+00:00
[2025-07-21T13:24:04.524+0000] {processor.py:208} INFO - Processing /opt/airflow/dags/train_traffic_pred.py took 3.359 seconds
[2025-07-21T13:24:36.462+0000] {processor.py:186} INFO - Started process (PID=12447) to work on /opt/airflow/dags/train_traffic_pred.py
[2025-07-21T13:24:36.463+0000] {processor.py:914} INFO - Processing file /opt/airflow/dags/train_traffic_pred.py for tasks to queue
[2025-07-21T13:24:36.465+0000] {logging_mixin.py:190} INFO - [2025-07-21T13:24:36.465+0000] {dagbag.py:588} INFO - Filling up the DagBag from /opt/airflow/dags/train_traffic_pred.py
[2025-07-21T13:24:39.772+0000] {processor.py:925} INFO - DAG(s) 'train_traffic_pred' retrieved from /opt/airflow/dags/train_traffic_pred.py
[2025-07-21T13:24:39.793+0000] {logging_mixin.py:190} INFO - [2025-07-21T13:24:39.792+0000] {dag.py:3239} INFO - Sync 1 DAGs
[2025-07-21T13:24:39.811+0000] {logging_mixin.py:190} INFO - [2025-07-21T13:24:39.811+0000] {dag.py:4180} INFO - Setting next_dagrun for train_traffic_pred to 2025-07-21 00:00:00+00:00, run_after=2025-07-22 00:00:00+00:00
[2025-07-21T13:24:39.826+0000] {processor.py:208} INFO - Processing /opt/airflow/dags/train_traffic_pred.py took 3.371 seconds
[2025-07-21T13:25:11.566+0000] {processor.py:186} INFO - Started process (PID=12545) to work on /opt/airflow/dags/train_traffic_pred.py
[2025-07-21T13:25:11.567+0000] {processor.py:914} INFO - Processing file /opt/airflow/dags/train_traffic_pred.py for tasks to queue
[2025-07-21T13:25:11.569+0000] {logging_mixin.py:190} INFO - [2025-07-21T13:25:11.569+0000] {dagbag.py:588} INFO - Filling up the DagBag from /opt/airflow/dags/train_traffic_pred.py
[2025-07-21T13:25:15.089+0000] {processor.py:925} INFO - DAG(s) 'train_traffic_pred' retrieved from /opt/airflow/dags/train_traffic_pred.py
[2025-07-21T13:25:15.113+0000] {logging_mixin.py:190} INFO - [2025-07-21T13:25:15.112+0000] {dag.py:3239} INFO - Sync 1 DAGs
[2025-07-21T13:25:15.131+0000] {logging_mixin.py:190} INFO - [2025-07-21T13:25:15.131+0000] {dag.py:4180} INFO - Setting next_dagrun for train_traffic_pred to 2025-07-21 00:00:00+00:00, run_after=2025-07-22 00:00:00+00:00
[2025-07-21T13:25:15.148+0000] {processor.py:208} INFO - Processing /opt/airflow/dags/train_traffic_pred.py took 3.587 seconds
[2025-07-21T13:25:46.495+0000] {processor.py:186} INFO - Started process (PID=12643) to work on /opt/airflow/dags/train_traffic_pred.py
[2025-07-21T13:25:46.496+0000] {processor.py:914} INFO - Processing file /opt/airflow/dags/train_traffic_pred.py for tasks to queue
[2025-07-21T13:25:46.499+0000] {logging_mixin.py:190} INFO - [2025-07-21T13:25:46.498+0000] {dagbag.py:588} INFO - Filling up the DagBag from /opt/airflow/dags/train_traffic_pred.py
[2025-07-21T13:25:49.879+0000] {processor.py:925} INFO - DAG(s) 'train_traffic_pred' retrieved from /opt/airflow/dags/train_traffic_pred.py
[2025-07-21T13:25:49.900+0000] {logging_mixin.py:190} INFO - [2025-07-21T13:25:49.899+0000] {dag.py:3239} INFO - Sync 1 DAGs
[2025-07-21T13:25:49.919+0000] {logging_mixin.py:190} INFO - [2025-07-21T13:25:49.918+0000] {dag.py:4180} INFO - Setting next_dagrun for train_traffic_pred to 2025-07-21 00:00:00+00:00, run_after=2025-07-22 00:00:00+00:00
[2025-07-21T13:25:49.934+0000] {processor.py:208} INFO - Processing /opt/airflow/dags/train_traffic_pred.py took 3.444 seconds
[2025-07-21T13:26:21.426+0000] {processor.py:186} INFO - Started process (PID=12741) to work on /opt/airflow/dags/train_traffic_pred.py
[2025-07-21T13:26:21.427+0000] {processor.py:914} INFO - Processing file /opt/airflow/dags/train_traffic_pred.py for tasks to queue
[2025-07-21T13:26:21.429+0000] {logging_mixin.py:190} INFO - [2025-07-21T13:26:21.428+0000] {dagbag.py:588} INFO - Filling up the DagBag from /opt/airflow/dags/train_traffic_pred.py
[2025-07-21T13:26:24.830+0000] {processor.py:925} INFO - DAG(s) 'train_traffic_pred' retrieved from /opt/airflow/dags/train_traffic_pred.py
[2025-07-21T13:26:24.850+0000] {logging_mixin.py:190} INFO - [2025-07-21T13:26:24.849+0000] {dag.py:3239} INFO - Sync 1 DAGs
[2025-07-21T13:26:24.866+0000] {logging_mixin.py:190} INFO - [2025-07-21T13:26:24.866+0000] {dag.py:4180} INFO - Setting next_dagrun for train_traffic_pred to 2025-07-21 00:00:00+00:00, run_after=2025-07-22 00:00:00+00:00
[2025-07-21T13:26:24.880+0000] {processor.py:208} INFO - Processing /opt/airflow/dags/train_traffic_pred.py took 3.460 seconds
[2025-07-21T13:26:56.366+0000] {processor.py:186} INFO - Started process (PID=12845) to work on /opt/airflow/dags/train_traffic_pred.py
[2025-07-21T13:26:56.367+0000] {processor.py:914} INFO - Processing file /opt/airflow/dags/train_traffic_pred.py for tasks to queue
[2025-07-21T13:26:56.369+0000] {logging_mixin.py:190} INFO - [2025-07-21T13:26:56.369+0000] {dagbag.py:588} INFO - Filling up the DagBag from /opt/airflow/dags/train_traffic_pred.py
[2025-07-21T13:26:59.589+0000] {processor.py:925} INFO - DAG(s) 'train_traffic_pred' retrieved from /opt/airflow/dags/train_traffic_pred.py
[2025-07-21T13:26:59.609+0000] {logging_mixin.py:190} INFO - [2025-07-21T13:26:59.609+0000] {dag.py:3239} INFO - Sync 1 DAGs
[2025-07-21T13:26:59.628+0000] {logging_mixin.py:190} INFO - [2025-07-21T13:26:59.628+0000] {dag.py:4180} INFO - Setting next_dagrun for train_traffic_pred to 2025-07-21 00:00:00+00:00, run_after=2025-07-22 00:00:00+00:00
[2025-07-21T13:26:59.644+0000] {processor.py:208} INFO - Processing /opt/airflow/dags/train_traffic_pred.py took 3.284 seconds
[2025-07-21T13:27:31.597+0000] {processor.py:186} INFO - Started process (PID=12943) to work on /opt/airflow/dags/train_traffic_pred.py
[2025-07-21T13:27:31.598+0000] {processor.py:914} INFO - Processing file /opt/airflow/dags/train_traffic_pred.py for tasks to queue
[2025-07-21T13:27:31.600+0000] {logging_mixin.py:190} INFO - [2025-07-21T13:27:31.600+0000] {dagbag.py:588} INFO - Filling up the DagBag from /opt/airflow/dags/train_traffic_pred.py
[2025-07-21T13:27:34.759+0000] {processor.py:925} INFO - DAG(s) 'train_traffic_pred' retrieved from /opt/airflow/dags/train_traffic_pred.py
[2025-07-21T13:27:34.780+0000] {logging_mixin.py:190} INFO - [2025-07-21T13:27:34.779+0000] {dag.py:3239} INFO - Sync 1 DAGs
[2025-07-21T13:27:34.797+0000] {logging_mixin.py:190} INFO - [2025-07-21T13:27:34.797+0000] {dag.py:4180} INFO - Setting next_dagrun for train_traffic_pred to 2025-07-21 00:00:00+00:00, run_after=2025-07-22 00:00:00+00:00
[2025-07-21T13:27:34.813+0000] {processor.py:208} INFO - Processing /opt/airflow/dags/train_traffic_pred.py took 3.220 seconds
[2025-07-21T13:28:06.617+0000] {processor.py:186} INFO - Started process (PID=13041) to work on /opt/airflow/dags/train_traffic_pred.py
[2025-07-21T13:28:06.618+0000] {processor.py:914} INFO - Processing file /opt/airflow/dags/train_traffic_pred.py for tasks to queue
[2025-07-21T13:28:06.620+0000] {logging_mixin.py:190} INFO - [2025-07-21T13:28:06.620+0000] {dagbag.py:588} INFO - Filling up the DagBag from /opt/airflow/dags/train_traffic_pred.py
[2025-07-21T13:28:09.811+0000] {processor.py:925} INFO - DAG(s) 'train_traffic_pred' retrieved from /opt/airflow/dags/train_traffic_pred.py
[2025-07-21T13:28:09.832+0000] {logging_mixin.py:190} INFO - [2025-07-21T13:28:09.831+0000] {dag.py:3239} INFO - Sync 1 DAGs
[2025-07-21T13:28:10.065+0000] {logging_mixin.py:190} INFO - [2025-07-21T13:28:10.065+0000] {dag.py:4180} INFO - Setting next_dagrun for train_traffic_pred to 2025-07-21 00:00:00+00:00, run_after=2025-07-22 00:00:00+00:00
[2025-07-21T13:28:10.080+0000] {processor.py:208} INFO - Processing /opt/airflow/dags/train_traffic_pred.py took 3.467 seconds
[2025-07-21T13:28:41.152+0000] {processor.py:186} INFO - Started process (PID=13139) to work on /opt/airflow/dags/train_traffic_pred.py
[2025-07-21T13:28:41.153+0000] {processor.py:914} INFO - Processing file /opt/airflow/dags/train_traffic_pred.py for tasks to queue
[2025-07-21T13:28:41.155+0000] {logging_mixin.py:190} INFO - [2025-07-21T13:28:41.155+0000] {dagbag.py:588} INFO - Filling up the DagBag from /opt/airflow/dags/train_traffic_pred.py
[2025-07-21T13:28:44.300+0000] {processor.py:925} INFO - DAG(s) 'train_traffic_pred' retrieved from /opt/airflow/dags/train_traffic_pred.py
[2025-07-21T13:28:44.320+0000] {logging_mixin.py:190} INFO - [2025-07-21T13:28:44.319+0000] {dag.py:3239} INFO - Sync 1 DAGs
[2025-07-21T13:28:44.338+0000] {logging_mixin.py:190} INFO - [2025-07-21T13:28:44.337+0000] {dag.py:4180} INFO - Setting next_dagrun for train_traffic_pred to 2025-07-21 00:00:00+00:00, run_after=2025-07-22 00:00:00+00:00
[2025-07-21T13:28:44.351+0000] {processor.py:208} INFO - Processing /opt/airflow/dags/train_traffic_pred.py took 3.205 seconds
[2025-07-21T13:29:16.241+0000] {processor.py:186} INFO - Started process (PID=13237) to work on /opt/airflow/dags/train_traffic_pred.py
[2025-07-21T13:29:16.243+0000] {processor.py:914} INFO - Processing file /opt/airflow/dags/train_traffic_pred.py for tasks to queue
[2025-07-21T13:29:16.246+0000] {logging_mixin.py:190} INFO - [2025-07-21T13:29:16.246+0000] {dagbag.py:588} INFO - Filling up the DagBag from /opt/airflow/dags/train_traffic_pred.py
[2025-07-21T13:29:19.773+0000] {processor.py:925} INFO - DAG(s) 'train_traffic_pred' retrieved from /opt/airflow/dags/train_traffic_pred.py
[2025-07-21T13:29:19.796+0000] {logging_mixin.py:190} INFO - [2025-07-21T13:29:19.795+0000] {dag.py:3239} INFO - Sync 1 DAGs
[2025-07-21T13:29:19.812+0000] {logging_mixin.py:190} INFO - [2025-07-21T13:29:19.812+0000] {dag.py:4180} INFO - Setting next_dagrun for train_traffic_pred to 2025-07-21 00:00:00+00:00, run_after=2025-07-22 00:00:00+00:00
[2025-07-21T13:29:19.827+0000] {processor.py:208} INFO - Processing /opt/airflow/dags/train_traffic_pred.py took 3.593 seconds
[2025-07-21T13:29:51.060+0000] {processor.py:186} INFO - Started process (PID=13335) to work on /opt/airflow/dags/train_traffic_pred.py
[2025-07-21T13:29:51.061+0000] {processor.py:914} INFO - Processing file /opt/airflow/dags/train_traffic_pred.py for tasks to queue
[2025-07-21T13:29:51.063+0000] {logging_mixin.py:190} INFO - [2025-07-21T13:29:51.063+0000] {dagbag.py:588} INFO - Filling up the DagBag from /opt/airflow/dags/train_traffic_pred.py
[2025-07-21T13:29:54.222+0000] {processor.py:925} INFO - DAG(s) 'train_traffic_pred' retrieved from /opt/airflow/dags/train_traffic_pred.py
[2025-07-21T13:29:54.242+0000] {logging_mixin.py:190} INFO - [2025-07-21T13:29:54.241+0000] {dag.py:3239} INFO - Sync 1 DAGs
[2025-07-21T13:29:54.260+0000] {logging_mixin.py:190} INFO - [2025-07-21T13:29:54.260+0000] {dag.py:4180} INFO - Setting next_dagrun for train_traffic_pred to 2025-07-21 00:00:00+00:00, run_after=2025-07-22 00:00:00+00:00
[2025-07-21T13:29:54.482+0000] {processor.py:208} INFO - Processing /opt/airflow/dags/train_traffic_pred.py took 3.428 seconds
[2025-07-21T13:30:26.240+0000] {processor.py:186} INFO - Started process (PID=13439) to work on /opt/airflow/dags/train_traffic_pred.py
[2025-07-21T13:30:26.241+0000] {processor.py:914} INFO - Processing file /opt/airflow/dags/train_traffic_pred.py for tasks to queue
[2025-07-21T13:30:26.243+0000] {logging_mixin.py:190} INFO - [2025-07-21T13:30:26.243+0000] {dagbag.py:588} INFO - Filling up the DagBag from /opt/airflow/dags/train_traffic_pred.py
[2025-07-21T13:30:29.621+0000] {processor.py:925} INFO - DAG(s) 'train_traffic_pred' retrieved from /opt/airflow/dags/train_traffic_pred.py
[2025-07-21T13:30:29.643+0000] {logging_mixin.py:190} INFO - [2025-07-21T13:30:29.642+0000] {dag.py:3239} INFO - Sync 1 DAGs
[2025-07-21T13:30:29.659+0000] {logging_mixin.py:190} INFO - [2025-07-21T13:30:29.659+0000] {dag.py:4180} INFO - Setting next_dagrun for train_traffic_pred to 2025-07-21 00:00:00+00:00, run_after=2025-07-22 00:00:00+00:00
[2025-07-21T13:30:29.673+0000] {processor.py:208} INFO - Processing /opt/airflow/dags/train_traffic_pred.py took 3.439 seconds
[2025-07-21T13:31:01.617+0000] {processor.py:186} INFO - Started process (PID=13537) to work on /opt/airflow/dags/train_traffic_pred.py
[2025-07-21T13:31:01.618+0000] {processor.py:914} INFO - Processing file /opt/airflow/dags/train_traffic_pred.py for tasks to queue
[2025-07-21T13:31:01.620+0000] {logging_mixin.py:190} INFO - [2025-07-21T13:31:01.620+0000] {dagbag.py:588} INFO - Filling up the DagBag from /opt/airflow/dags/train_traffic_pred.py
[2025-07-21T13:31:04.789+0000] {processor.py:925} INFO - DAG(s) 'train_traffic_pred' retrieved from /opt/airflow/dags/train_traffic_pred.py
[2025-07-21T13:31:04.808+0000] {logging_mixin.py:190} INFO - [2025-07-21T13:31:04.808+0000] {dag.py:3239} INFO - Sync 1 DAGs
[2025-07-21T13:31:05.028+0000] {logging_mixin.py:190} INFO - [2025-07-21T13:31:05.028+0000] {dag.py:4180} INFO - Setting next_dagrun for train_traffic_pred to 2025-07-21 00:00:00+00:00, run_after=2025-07-22 00:00:00+00:00
[2025-07-21T13:31:05.043+0000] {processor.py:208} INFO - Processing /opt/airflow/dags/train_traffic_pred.py took 3.431 seconds
[2025-07-21T13:31:36.017+0000] {processor.py:186} INFO - Started process (PID=13635) to work on /opt/airflow/dags/train_traffic_pred.py
[2025-07-21T13:31:36.018+0000] {processor.py:914} INFO - Processing file /opt/airflow/dags/train_traffic_pred.py for tasks to queue
[2025-07-21T13:31:36.021+0000] {logging_mixin.py:190} INFO - [2025-07-21T13:31:36.020+0000] {dagbag.py:588} INFO - Filling up the DagBag from /opt/airflow/dags/train_traffic_pred.py
[2025-07-21T13:31:39.413+0000] {processor.py:925} INFO - DAG(s) 'train_traffic_pred' retrieved from /opt/airflow/dags/train_traffic_pred.py
[2025-07-21T13:31:39.436+0000] {logging_mixin.py:190} INFO - [2025-07-21T13:31:39.435+0000] {dag.py:3239} INFO - Sync 1 DAGs
[2025-07-21T13:31:39.452+0000] {logging_mixin.py:190} INFO - [2025-07-21T13:31:39.452+0000] {dag.py:4180} INFO - Setting next_dagrun for train_traffic_pred to 2025-07-21 00:00:00+00:00, run_after=2025-07-22 00:00:00+00:00
[2025-07-21T13:31:39.467+0000] {processor.py:208} INFO - Processing /opt/airflow/dags/train_traffic_pred.py took 3.455 seconds
[2025-07-21T13:32:11.076+0000] {processor.py:186} INFO - Started process (PID=13733) to work on /opt/airflow/dags/train_traffic_pred.py
[2025-07-21T13:32:11.077+0000] {processor.py:914} INFO - Processing file /opt/airflow/dags/train_traffic_pred.py for tasks to queue
[2025-07-21T13:32:11.079+0000] {logging_mixin.py:190} INFO - [2025-07-21T13:32:11.079+0000] {dagbag.py:588} INFO - Filling up the DagBag from /opt/airflow/dags/train_traffic_pred.py
[2025-07-21T13:32:14.204+0000] {processor.py:925} INFO - DAG(s) 'train_traffic_pred' retrieved from /opt/airflow/dags/train_traffic_pred.py
[2025-07-21T13:32:14.224+0000] {logging_mixin.py:190} INFO - [2025-07-21T13:32:14.223+0000] {dag.py:3239} INFO - Sync 1 DAGs
[2025-07-21T13:32:14.445+0000] {logging_mixin.py:190} INFO - [2025-07-21T13:32:14.445+0000] {dag.py:4180} INFO - Setting next_dagrun for train_traffic_pred to 2025-07-21 00:00:00+00:00, run_after=2025-07-22 00:00:00+00:00
[2025-07-21T13:32:14.459+0000] {processor.py:208} INFO - Processing /opt/airflow/dags/train_traffic_pred.py took 3.389 seconds
[2025-07-21T13:32:45.858+0000] {processor.py:186} INFO - Started process (PID=13831) to work on /opt/airflow/dags/train_traffic_pred.py
[2025-07-21T13:32:45.859+0000] {processor.py:914} INFO - Processing file /opt/airflow/dags/train_traffic_pred.py for tasks to queue
[2025-07-21T13:32:45.861+0000] {logging_mixin.py:190} INFO - [2025-07-21T13:32:45.860+0000] {dagbag.py:588} INFO - Filling up the DagBag from /opt/airflow/dags/train_traffic_pred.py
[2025-07-21T13:32:49.135+0000] {processor.py:925} INFO - DAG(s) 'train_traffic_pred' retrieved from /opt/airflow/dags/train_traffic_pred.py
[2025-07-21T13:32:49.159+0000] {logging_mixin.py:190} INFO - [2025-07-21T13:32:49.158+0000] {dag.py:3239} INFO - Sync 1 DAGs
[2025-07-21T13:32:49.180+0000] {logging_mixin.py:190} INFO - [2025-07-21T13:32:49.179+0000] {dag.py:4180} INFO - Setting next_dagrun for train_traffic_pred to 2025-07-21 00:00:00+00:00, run_after=2025-07-22 00:00:00+00:00
[2025-07-21T13:32:49.197+0000] {processor.py:208} INFO - Processing /opt/airflow/dags/train_traffic_pred.py took 3.344 seconds
[2025-07-21T13:33:20.256+0000] {processor.py:186} INFO - Started process (PID=13929) to work on /opt/airflow/dags/train_traffic_pred.py
[2025-07-21T13:33:20.257+0000] {processor.py:914} INFO - Processing file /opt/airflow/dags/train_traffic_pred.py for tasks to queue
[2025-07-21T13:33:20.260+0000] {logging_mixin.py:190} INFO - [2025-07-21T13:33:20.259+0000] {dagbag.py:588} INFO - Filling up the DagBag from /opt/airflow/dags/train_traffic_pred.py
[2025-07-21T13:33:23.532+0000] {processor.py:925} INFO - DAG(s) 'train_traffic_pred' retrieved from /opt/airflow/dags/train_traffic_pred.py
[2025-07-21T13:33:23.549+0000] {logging_mixin.py:190} INFO - [2025-07-21T13:33:23.549+0000] {dag.py:3239} INFO - Sync 1 DAGs
[2025-07-21T13:33:23.771+0000] {logging_mixin.py:190} INFO - [2025-07-21T13:33:23.771+0000] {dag.py:4180} INFO - Setting next_dagrun for train_traffic_pred to 2025-07-21 00:00:00+00:00, run_after=2025-07-22 00:00:00+00:00
[2025-07-21T13:33:23.785+0000] {processor.py:208} INFO - Processing /opt/airflow/dags/train_traffic_pred.py took 3.536 seconds
[2025-07-21T13:33:54.896+0000] {processor.py:186} INFO - Started process (PID=14027) to work on /opt/airflow/dags/train_traffic_pred.py
[2025-07-21T13:33:54.897+0000] {processor.py:914} INFO - Processing file /opt/airflow/dags/train_traffic_pred.py for tasks to queue
[2025-07-21T13:33:54.899+0000] {logging_mixin.py:190} INFO - [2025-07-21T13:33:54.899+0000] {dagbag.py:588} INFO - Filling up the DagBag from /opt/airflow/dags/train_traffic_pred.py
[2025-07-21T13:33:58.241+0000] {processor.py:925} INFO - DAG(s) 'train_traffic_pred' retrieved from /opt/airflow/dags/train_traffic_pred.py
[2025-07-21T13:33:58.260+0000] {logging_mixin.py:190} INFO - [2025-07-21T13:33:58.259+0000] {dag.py:3239} INFO - Sync 1 DAGs
[2025-07-21T13:33:58.276+0000] {logging_mixin.py:190} INFO - [2025-07-21T13:33:58.276+0000] {dag.py:4180} INFO - Setting next_dagrun for train_traffic_pred to 2025-07-21 00:00:00+00:00, run_after=2025-07-22 00:00:00+00:00
[2025-07-21T13:33:58.291+0000] {processor.py:208} INFO - Processing /opt/airflow/dags/train_traffic_pred.py took 3.400 seconds
[2025-07-21T13:34:30.399+0000] {processor.py:186} INFO - Started process (PID=14131) to work on /opt/airflow/dags/train_traffic_pred.py
[2025-07-21T13:34:30.400+0000] {processor.py:914} INFO - Processing file /opt/airflow/dags/train_traffic_pred.py for tasks to queue
[2025-07-21T13:34:30.402+0000] {logging_mixin.py:190} INFO - [2025-07-21T13:34:30.402+0000] {dagbag.py:588} INFO - Filling up the DagBag from /opt/airflow/dags/train_traffic_pred.py
[2025-07-21T13:34:33.721+0000] {processor.py:925} INFO - DAG(s) 'train_traffic_pred' retrieved from /opt/airflow/dags/train_traffic_pred.py
[2025-07-21T13:34:33.742+0000] {logging_mixin.py:190} INFO - [2025-07-21T13:34:33.742+0000] {dag.py:3239} INFO - Sync 1 DAGs
[2025-07-21T13:34:33.759+0000] {logging_mixin.py:190} INFO - [2025-07-21T13:34:33.759+0000] {dag.py:4180} INFO - Setting next_dagrun for train_traffic_pred to 2025-07-21 00:00:00+00:00, run_after=2025-07-22 00:00:00+00:00
[2025-07-21T13:34:33.773+0000] {processor.py:208} INFO - Processing /opt/airflow/dags/train_traffic_pred.py took 3.379 seconds
[2025-07-21T13:35:05.052+0000] {processor.py:186} INFO - Started process (PID=14229) to work on /opt/airflow/dags/train_traffic_pred.py
[2025-07-21T13:35:05.053+0000] {processor.py:914} INFO - Processing file /opt/airflow/dags/train_traffic_pred.py for tasks to queue
[2025-07-21T13:35:05.055+0000] {logging_mixin.py:190} INFO - [2025-07-21T13:35:05.055+0000] {dagbag.py:588} INFO - Filling up the DagBag from /opt/airflow/dags/train_traffic_pred.py
[2025-07-21T13:35:08.429+0000] {processor.py:925} INFO - DAG(s) 'train_traffic_pred' retrieved from /opt/airflow/dags/train_traffic_pred.py
[2025-07-21T13:35:08.449+0000] {logging_mixin.py:190} INFO - [2025-07-21T13:35:08.448+0000] {dag.py:3239} INFO - Sync 1 DAGs
[2025-07-21T13:35:08.466+0000] {logging_mixin.py:190} INFO - [2025-07-21T13:35:08.466+0000] {dag.py:4180} INFO - Setting next_dagrun for train_traffic_pred to 2025-07-21 00:00:00+00:00, run_after=2025-07-22 00:00:00+00:00
[2025-07-21T13:35:08.480+0000] {processor.py:208} INFO - Processing /opt/airflow/dags/train_traffic_pred.py took 3.433 seconds
[2025-07-21T13:35:39.763+0000] {processor.py:186} INFO - Started process (PID=14327) to work on /opt/airflow/dags/train_traffic_pred.py
[2025-07-21T13:35:39.764+0000] {processor.py:914} INFO - Processing file /opt/airflow/dags/train_traffic_pred.py for tasks to queue
[2025-07-21T13:35:39.766+0000] {logging_mixin.py:190} INFO - [2025-07-21T13:35:39.766+0000] {dagbag.py:588} INFO - Filling up the DagBag from /opt/airflow/dags/train_traffic_pred.py
[2025-07-21T13:35:43.080+0000] {processor.py:925} INFO - DAG(s) 'train_traffic_pred' retrieved from /opt/airflow/dags/train_traffic_pred.py
[2025-07-21T13:35:43.102+0000] {logging_mixin.py:190} INFO - [2025-07-21T13:35:43.102+0000] {dag.py:3239} INFO - Sync 1 DAGs
[2025-07-21T13:35:43.118+0000] {logging_mixin.py:190} INFO - [2025-07-21T13:35:43.118+0000] {dag.py:4180} INFO - Setting next_dagrun for train_traffic_pred to 2025-07-21 00:00:00+00:00, run_after=2025-07-22 00:00:00+00:00
[2025-07-21T13:35:43.134+0000] {processor.py:208} INFO - Processing /opt/airflow/dags/train_traffic_pred.py took 3.377 seconds
[2025-07-21T13:36:14.599+0000] {processor.py:186} INFO - Started process (PID=14425) to work on /opt/airflow/dags/train_traffic_pred.py
[2025-07-21T13:36:14.600+0000] {processor.py:914} INFO - Processing file /opt/airflow/dags/train_traffic_pred.py for tasks to queue
[2025-07-21T13:36:14.602+0000] {logging_mixin.py:190} INFO - [2025-07-21T13:36:14.602+0000] {dagbag.py:588} INFO - Filling up the DagBag from /opt/airflow/dags/train_traffic_pred.py
[2025-07-21T13:36:18.164+0000] {processor.py:925} INFO - DAG(s) 'train_traffic_pred' retrieved from /opt/airflow/dags/train_traffic_pred.py
[2025-07-21T13:36:18.186+0000] {logging_mixin.py:190} INFO - [2025-07-21T13:36:18.185+0000] {dag.py:3239} INFO - Sync 1 DAGs
[2025-07-21T13:36:18.203+0000] {logging_mixin.py:190} INFO - [2025-07-21T13:36:18.203+0000] {dag.py:4180} INFO - Setting next_dagrun for train_traffic_pred to 2025-07-21 00:00:00+00:00, run_after=2025-07-22 00:00:00+00:00
[2025-07-21T13:36:18.218+0000] {processor.py:208} INFO - Processing /opt/airflow/dags/train_traffic_pred.py took 3.624 seconds
[2025-07-21T13:36:49.417+0000] {processor.py:186} INFO - Started process (PID=14523) to work on /opt/airflow/dags/train_traffic_pred.py
[2025-07-21T13:36:49.419+0000] {processor.py:914} INFO - Processing file /opt/airflow/dags/train_traffic_pred.py for tasks to queue
[2025-07-21T13:36:49.421+0000] {logging_mixin.py:190} INFO - [2025-07-21T13:36:49.421+0000] {dagbag.py:588} INFO - Filling up the DagBag from /opt/airflow/dags/train_traffic_pred.py
[2025-07-21T13:36:52.777+0000] {processor.py:925} INFO - DAG(s) 'train_traffic_pred' retrieved from /opt/airflow/dags/train_traffic_pred.py
[2025-07-21T13:36:52.799+0000] {logging_mixin.py:190} INFO - [2025-07-21T13:36:52.798+0000] {dag.py:3239} INFO - Sync 1 DAGs
[2025-07-21T13:36:52.816+0000] {logging_mixin.py:190} INFO - [2025-07-21T13:36:52.815+0000] {dag.py:4180} INFO - Setting next_dagrun for train_traffic_pred to 2025-07-21 00:00:00+00:00, run_after=2025-07-22 00:00:00+00:00
[2025-07-21T13:36:52.829+0000] {processor.py:208} INFO - Processing /opt/airflow/dags/train_traffic_pred.py took 3.417 seconds
[2025-07-21T13:37:24.725+0000] {processor.py:186} INFO - Started process (PID=14621) to work on /opt/airflow/dags/train_traffic_pred.py
[2025-07-21T13:37:24.726+0000] {processor.py:914} INFO - Processing file /opt/airflow/dags/train_traffic_pred.py for tasks to queue
[2025-07-21T13:37:24.728+0000] {logging_mixin.py:190} INFO - [2025-07-21T13:37:24.728+0000] {dagbag.py:588} INFO - Filling up the DagBag from /opt/airflow/dags/train_traffic_pred.py
[2025-07-21T13:37:28.156+0000] {processor.py:925} INFO - DAG(s) 'train_traffic_pred' retrieved from /opt/airflow/dags/train_traffic_pred.py
[2025-07-21T13:37:28.177+0000] {logging_mixin.py:190} INFO - [2025-07-21T13:37:28.176+0000] {dag.py:3239} INFO - Sync 1 DAGs
[2025-07-21T13:37:28.195+0000] {logging_mixin.py:190} INFO - [2025-07-21T13:37:28.194+0000] {dag.py:4180} INFO - Setting next_dagrun for train_traffic_pred to 2025-07-21 00:00:00+00:00, run_after=2025-07-22 00:00:00+00:00
[2025-07-21T13:37:28.209+0000] {processor.py:208} INFO - Processing /opt/airflow/dags/train_traffic_pred.py took 3.490 seconds
[2025-07-21T13:37:59.356+0000] {processor.py:186} INFO - Started process (PID=14725) to work on /opt/airflow/dags/train_traffic_pred.py
[2025-07-21T13:37:59.357+0000] {processor.py:914} INFO - Processing file /opt/airflow/dags/train_traffic_pred.py for tasks to queue
[2025-07-21T13:37:59.359+0000] {logging_mixin.py:190} INFO - [2025-07-21T13:37:59.359+0000] {dagbag.py:588} INFO - Filling up the DagBag from /opt/airflow/dags/train_traffic_pred.py
[2025-07-21T13:38:02.687+0000] {processor.py:925} INFO - DAG(s) 'train_traffic_pred' retrieved from /opt/airflow/dags/train_traffic_pred.py
[2025-07-21T13:38:02.710+0000] {logging_mixin.py:190} INFO - [2025-07-21T13:38:02.710+0000] {dag.py:3239} INFO - Sync 1 DAGs
[2025-07-21T13:38:02.727+0000] {logging_mixin.py:190} INFO - [2025-07-21T13:38:02.727+0000] {dag.py:4180} INFO - Setting next_dagrun for train_traffic_pred to 2025-07-21 00:00:00+00:00, run_after=2025-07-22 00:00:00+00:00
[2025-07-21T13:38:02.741+0000] {processor.py:208} INFO - Processing /opt/airflow/dags/train_traffic_pred.py took 3.391 seconds
[2025-07-21T13:38:34.648+0000] {processor.py:186} INFO - Started process (PID=14823) to work on /opt/airflow/dags/train_traffic_pred.py
[2025-07-21T13:38:34.649+0000] {processor.py:914} INFO - Processing file /opt/airflow/dags/train_traffic_pred.py for tasks to queue
[2025-07-21T13:38:34.651+0000] {logging_mixin.py:190} INFO - [2025-07-21T13:38:34.651+0000] {dagbag.py:588} INFO - Filling up the DagBag from /opt/airflow/dags/train_traffic_pred.py
[2025-07-21T13:38:38.024+0000] {processor.py:925} INFO - DAG(s) 'train_traffic_pred' retrieved from /opt/airflow/dags/train_traffic_pred.py
[2025-07-21T13:38:38.045+0000] {logging_mixin.py:190} INFO - [2025-07-21T13:38:38.044+0000] {dag.py:3239} INFO - Sync 1 DAGs
[2025-07-21T13:38:38.062+0000] {logging_mixin.py:190} INFO - [2025-07-21T13:38:38.062+0000] {dag.py:4180} INFO - Setting next_dagrun for train_traffic_pred to 2025-07-21 00:00:00+00:00, run_after=2025-07-22 00:00:00+00:00
[2025-07-21T13:38:38.076+0000] {processor.py:208} INFO - Processing /opt/airflow/dags/train_traffic_pred.py took 3.433 seconds
[2025-07-21T13:39:09.335+0000] {processor.py:186} INFO - Started process (PID=14921) to work on /opt/airflow/dags/train_traffic_pred.py
[2025-07-21T13:39:09.336+0000] {processor.py:914} INFO - Processing file /opt/airflow/dags/train_traffic_pred.py for tasks to queue
[2025-07-21T13:39:09.339+0000] {logging_mixin.py:190} INFO - [2025-07-21T13:39:09.338+0000] {dagbag.py:588} INFO - Filling up the DagBag from /opt/airflow/dags/train_traffic_pred.py
[2025-07-21T13:39:12.654+0000] {processor.py:925} INFO - DAG(s) 'train_traffic_pred' retrieved from /opt/airflow/dags/train_traffic_pred.py
[2025-07-21T13:39:12.676+0000] {logging_mixin.py:190} INFO - [2025-07-21T13:39:12.676+0000] {dag.py:3239} INFO - Sync 1 DAGs
[2025-07-21T13:39:12.693+0000] {logging_mixin.py:190} INFO - [2025-07-21T13:39:12.693+0000] {dag.py:4180} INFO - Setting next_dagrun for train_traffic_pred to 2025-07-21 00:00:00+00:00, run_after=2025-07-22 00:00:00+00:00
[2025-07-21T13:39:12.707+0000] {processor.py:208} INFO - Processing /opt/airflow/dags/train_traffic_pred.py took 3.380 seconds
[2025-07-21T13:39:44.154+0000] {processor.py:186} INFO - Started process (PID=15019) to work on /opt/airflow/dags/train_traffic_pred.py
[2025-07-21T13:39:44.155+0000] {processor.py:914} INFO - Processing file /opt/airflow/dags/train_traffic_pred.py for tasks to queue
[2025-07-21T13:39:44.158+0000] {logging_mixin.py:190} INFO - [2025-07-21T13:39:44.158+0000] {dagbag.py:588} INFO - Filling up the DagBag from /opt/airflow/dags/train_traffic_pred.py
[2025-07-21T13:39:47.612+0000] {processor.py:925} INFO - DAG(s) 'train_traffic_pred' retrieved from /opt/airflow/dags/train_traffic_pred.py
[2025-07-21T13:39:47.634+0000] {logging_mixin.py:190} INFO - [2025-07-21T13:39:47.633+0000] {dag.py:3239} INFO - Sync 1 DAGs
[2025-07-21T13:39:47.653+0000] {logging_mixin.py:190} INFO - [2025-07-21T13:39:47.653+0000] {dag.py:4180} INFO - Setting next_dagrun for train_traffic_pred to 2025-07-21 00:00:00+00:00, run_after=2025-07-22 00:00:00+00:00
[2025-07-21T13:39:47.667+0000] {processor.py:208} INFO - Processing /opt/airflow/dags/train_traffic_pred.py took 3.519 seconds
[2025-07-21T13:40:18.838+0000] {processor.py:186} INFO - Started process (PID=15117) to work on /opt/airflow/dags/train_traffic_pred.py
[2025-07-21T13:40:18.839+0000] {processor.py:914} INFO - Processing file /opt/airflow/dags/train_traffic_pred.py for tasks to queue
[2025-07-21T13:40:18.842+0000] {logging_mixin.py:190} INFO - [2025-07-21T13:40:18.841+0000] {dagbag.py:588} INFO - Filling up the DagBag from /opt/airflow/dags/train_traffic_pred.py
[2025-07-21T13:40:22.254+0000] {processor.py:925} INFO - DAG(s) 'train_traffic_pred' retrieved from /opt/airflow/dags/train_traffic_pred.py
[2025-07-21T13:40:22.275+0000] {logging_mixin.py:190} INFO - [2025-07-21T13:40:22.274+0000] {dag.py:3239} INFO - Sync 1 DAGs
[2025-07-21T13:40:22.293+0000] {logging_mixin.py:190} INFO - [2025-07-21T13:40:22.293+0000] {dag.py:4180} INFO - Setting next_dagrun for train_traffic_pred to 2025-07-21 00:00:00+00:00, run_after=2025-07-22 00:00:00+00:00
[2025-07-21T13:40:22.308+0000] {processor.py:208} INFO - Processing /opt/airflow/dags/train_traffic_pred.py took 3.475 seconds
[2025-07-21T13:40:53.605+0000] {processor.py:186} INFO - Started process (PID=15215) to work on /opt/airflow/dags/train_traffic_pred.py
[2025-07-21T13:40:53.606+0000] {processor.py:914} INFO - Processing file /opt/airflow/dags/train_traffic_pred.py for tasks to queue
[2025-07-21T13:40:53.608+0000] {logging_mixin.py:190} INFO - [2025-07-21T13:40:53.608+0000] {dagbag.py:588} INFO - Filling up the DagBag from /opt/airflow/dags/train_traffic_pred.py
[2025-07-21T13:40:57.142+0000] {processor.py:925} INFO - DAG(s) 'train_traffic_pred' retrieved from /opt/airflow/dags/train_traffic_pred.py
[2025-07-21T13:40:57.161+0000] {logging_mixin.py:190} INFO - [2025-07-21T13:40:57.161+0000] {dag.py:3239} INFO - Sync 1 DAGs
[2025-07-21T13:40:57.178+0000] {logging_mixin.py:190} INFO - [2025-07-21T13:40:57.177+0000] {dag.py:4180} INFO - Setting next_dagrun for train_traffic_pred to 2025-07-21 00:00:00+00:00, run_after=2025-07-22 00:00:00+00:00
[2025-07-21T13:40:57.191+0000] {processor.py:208} INFO - Processing /opt/airflow/dags/train_traffic_pred.py took 3.592 seconds
[2025-07-21T13:41:28.631+0000] {processor.py:186} INFO - Started process (PID=15319) to work on /opt/airflow/dags/train_traffic_pred.py
[2025-07-21T13:41:28.632+0000] {processor.py:914} INFO - Processing file /opt/airflow/dags/train_traffic_pred.py for tasks to queue
[2025-07-21T13:41:28.634+0000] {logging_mixin.py:190} INFO - [2025-07-21T13:41:28.634+0000] {dagbag.py:588} INFO - Filling up the DagBag from /opt/airflow/dags/train_traffic_pred.py
[2025-07-21T13:41:31.960+0000] {processor.py:925} INFO - DAG(s) 'train_traffic_pred' retrieved from /opt/airflow/dags/train_traffic_pred.py
[2025-07-21T13:41:31.979+0000] {logging_mixin.py:190} INFO - [2025-07-21T13:41:31.979+0000] {dag.py:3239} INFO - Sync 1 DAGs
[2025-07-21T13:41:31.996+0000] {logging_mixin.py:190} INFO - [2025-07-21T13:41:31.996+0000] {dag.py:4180} INFO - Setting next_dagrun for train_traffic_pred to 2025-07-21 00:00:00+00:00, run_after=2025-07-22 00:00:00+00:00
[2025-07-21T13:41:32.011+0000] {processor.py:208} INFO - Processing /opt/airflow/dags/train_traffic_pred.py took 3.386 seconds
[2025-07-21T13:42:03.211+0000] {processor.py:186} INFO - Started process (PID=15417) to work on /opt/airflow/dags/train_traffic_pred.py
[2025-07-21T13:42:03.212+0000] {processor.py:914} INFO - Processing file /opt/airflow/dags/train_traffic_pred.py for tasks to queue
[2025-07-21T13:42:03.214+0000] {logging_mixin.py:190} INFO - [2025-07-21T13:42:03.214+0000] {dagbag.py:588} INFO - Filling up the DagBag from /opt/airflow/dags/train_traffic_pred.py
[2025-07-21T13:42:06.456+0000] {processor.py:925} INFO - DAG(s) 'train_traffic_pred' retrieved from /opt/airflow/dags/train_traffic_pred.py
[2025-07-21T13:42:06.476+0000] {logging_mixin.py:190} INFO - [2025-07-21T13:42:06.476+0000] {dag.py:3239} INFO - Sync 1 DAGs
[2025-07-21T13:42:06.492+0000] {logging_mixin.py:190} INFO - [2025-07-21T13:42:06.492+0000] {dag.py:4180} INFO - Setting next_dagrun for train_traffic_pred to 2025-07-21 00:00:00+00:00, run_after=2025-07-22 00:00:00+00:00
[2025-07-21T13:42:06.506+0000] {processor.py:208} INFO - Processing /opt/airflow/dags/train_traffic_pred.py took 3.299 seconds
[2025-07-21T13:42:37.647+0000] {processor.py:186} INFO - Started process (PID=15515) to work on /opt/airflow/dags/train_traffic_pred.py
[2025-07-21T13:42:37.648+0000] {processor.py:914} INFO - Processing file /opt/airflow/dags/train_traffic_pred.py for tasks to queue
[2025-07-21T13:42:37.650+0000] {logging_mixin.py:190} INFO - [2025-07-21T13:42:37.650+0000] {dagbag.py:588} INFO - Filling up the DagBag from /opt/airflow/dags/train_traffic_pred.py
[2025-07-21T13:42:40.962+0000] {processor.py:925} INFO - DAG(s) 'train_traffic_pred' retrieved from /opt/airflow/dags/train_traffic_pred.py
[2025-07-21T13:42:40.982+0000] {logging_mixin.py:190} INFO - [2025-07-21T13:42:40.982+0000] {dag.py:3239} INFO - Sync 1 DAGs
[2025-07-21T13:42:41.000+0000] {logging_mixin.py:190} INFO - [2025-07-21T13:42:41.000+0000] {dag.py:4180} INFO - Setting next_dagrun for train_traffic_pred to 2025-07-21 00:00:00+00:00, run_after=2025-07-22 00:00:00+00:00
[2025-07-21T13:42:41.013+0000] {processor.py:208} INFO - Processing /opt/airflow/dags/train_traffic_pred.py took 3.373 seconds
[2025-07-21T13:43:12.853+0000] {processor.py:186} INFO - Started process (PID=15613) to work on /opt/airflow/dags/train_traffic_pred.py
[2025-07-21T13:43:12.854+0000] {processor.py:914} INFO - Processing file /opt/airflow/dags/train_traffic_pred.py for tasks to queue
[2025-07-21T13:43:12.857+0000] {logging_mixin.py:190} INFO - [2025-07-21T13:43:12.857+0000] {dagbag.py:588} INFO - Filling up the DagBag from /opt/airflow/dags/train_traffic_pred.py
[2025-07-21T13:43:16.222+0000] {processor.py:925} INFO - DAG(s) 'train_traffic_pred' retrieved from /opt/airflow/dags/train_traffic_pred.py
[2025-07-21T13:43:16.243+0000] {logging_mixin.py:190} INFO - [2025-07-21T13:43:16.242+0000] {dag.py:3239} INFO - Sync 1 DAGs
[2025-07-21T13:43:16.262+0000] {logging_mixin.py:190} INFO - [2025-07-21T13:43:16.261+0000] {dag.py:4180} INFO - Setting next_dagrun for train_traffic_pred to 2025-07-21 00:00:00+00:00, run_after=2025-07-22 00:00:00+00:00
[2025-07-21T13:43:16.277+0000] {processor.py:208} INFO - Processing /opt/airflow/dags/train_traffic_pred.py took 3.429 seconds
[2025-07-21T13:43:48.050+0000] {processor.py:186} INFO - Started process (PID=15711) to work on /opt/airflow/dags/train_traffic_pred.py
[2025-07-21T13:43:48.051+0000] {processor.py:914} INFO - Processing file /opt/airflow/dags/train_traffic_pred.py for tasks to queue
[2025-07-21T13:43:48.053+0000] {logging_mixin.py:190} INFO - [2025-07-21T13:43:48.053+0000] {dagbag.py:588} INFO - Filling up the DagBag from /opt/airflow/dags/train_traffic_pred.py
[2025-07-21T13:43:51.376+0000] {processor.py:925} INFO - DAG(s) 'train_traffic_pred' retrieved from /opt/airflow/dags/train_traffic_pred.py
[2025-07-21T13:43:51.395+0000] {logging_mixin.py:190} INFO - [2025-07-21T13:43:51.395+0000] {dag.py:3239} INFO - Sync 1 DAGs
[2025-07-21T13:43:51.412+0000] {logging_mixin.py:190} INFO - [2025-07-21T13:43:51.412+0000] {dag.py:4180} INFO - Setting next_dagrun for train_traffic_pred to 2025-07-21 00:00:00+00:00, run_after=2025-07-22 00:00:00+00:00
[2025-07-21T13:43:51.426+0000] {processor.py:208} INFO - Processing /opt/airflow/dags/train_traffic_pred.py took 3.381 seconds
[2025-07-21T13:44:23.278+0000] {processor.py:186} INFO - Started process (PID=15809) to work on /opt/airflow/dags/train_traffic_pred.py
[2025-07-21T13:44:23.279+0000] {processor.py:914} INFO - Processing file /opt/airflow/dags/train_traffic_pred.py for tasks to queue
[2025-07-21T13:44:23.281+0000] {logging_mixin.py:190} INFO - [2025-07-21T13:44:23.281+0000] {dagbag.py:588} INFO - Filling up the DagBag from /opt/airflow/dags/train_traffic_pred.py
[2025-07-21T13:44:26.537+0000] {processor.py:925} INFO - DAG(s) 'train_traffic_pred' retrieved from /opt/airflow/dags/train_traffic_pred.py
[2025-07-21T13:44:26.556+0000] {logging_mixin.py:190} INFO - [2025-07-21T13:44:26.556+0000] {dag.py:3239} INFO - Sync 1 DAGs
[2025-07-21T13:44:26.572+0000] {logging_mixin.py:190} INFO - [2025-07-21T13:44:26.572+0000] {dag.py:4180} INFO - Setting next_dagrun for train_traffic_pred to 2025-07-21 00:00:00+00:00, run_after=2025-07-22 00:00:00+00:00
[2025-07-21T13:44:26.600+0000] {processor.py:208} INFO - Processing /opt/airflow/dags/train_traffic_pred.py took 3.327 seconds
[2025-07-21T13:44:58.470+0000] {processor.py:186} INFO - Started process (PID=15913) to work on /opt/airflow/dags/train_traffic_pred.py
[2025-07-21T13:44:58.471+0000] {processor.py:914} INFO - Processing file /opt/airflow/dags/train_traffic_pred.py for tasks to queue
[2025-07-21T13:44:58.474+0000] {logging_mixin.py:190} INFO - [2025-07-21T13:44:58.473+0000] {dagbag.py:588} INFO - Filling up the DagBag from /opt/airflow/dags/train_traffic_pred.py
[2025-07-21T13:45:01.792+0000] {processor.py:925} INFO - DAG(s) 'train_traffic_pred' retrieved from /opt/airflow/dags/train_traffic_pred.py
[2025-07-21T13:45:01.814+0000] {logging_mixin.py:190} INFO - [2025-07-21T13:45:01.812+0000] {dag.py:3239} INFO - Sync 1 DAGs
[2025-07-21T13:45:01.830+0000] {logging_mixin.py:190} INFO - [2025-07-21T13:45:01.830+0000] {dag.py:4180} INFO - Setting next_dagrun for train_traffic_pred to 2025-07-21 00:00:00+00:00, run_after=2025-07-22 00:00:00+00:00
[2025-07-21T13:45:01.844+0000] {processor.py:208} INFO - Processing /opt/airflow/dags/train_traffic_pred.py took 3.380 seconds
[2025-07-21T13:45:33.440+0000] {processor.py:186} INFO - Started process (PID=16011) to work on /opt/airflow/dags/train_traffic_pred.py
[2025-07-21T13:45:33.441+0000] {processor.py:914} INFO - Processing file /opt/airflow/dags/train_traffic_pred.py for tasks to queue
[2025-07-21T13:45:33.443+0000] {logging_mixin.py:190} INFO - [2025-07-21T13:45:33.443+0000] {dagbag.py:588} INFO - Filling up the DagBag from /opt/airflow/dags/train_traffic_pred.py
[2025-07-21T13:45:36.772+0000] {processor.py:925} INFO - DAG(s) 'train_traffic_pred' retrieved from /opt/airflow/dags/train_traffic_pred.py
[2025-07-21T13:45:36.795+0000] {logging_mixin.py:190} INFO - [2025-07-21T13:45:36.795+0000] {dag.py:3239} INFO - Sync 1 DAGs
[2025-07-21T13:45:36.814+0000] {logging_mixin.py:190} INFO - [2025-07-21T13:45:36.814+0000] {dag.py:4180} INFO - Setting next_dagrun for train_traffic_pred to 2025-07-21 00:00:00+00:00, run_after=2025-07-22 00:00:00+00:00
[2025-07-21T13:45:36.833+0000] {processor.py:208} INFO - Processing /opt/airflow/dags/train_traffic_pred.py took 3.398 seconds
[2025-07-21T13:46:08.057+0000] {processor.py:186} INFO - Started process (PID=16109) to work on /opt/airflow/dags/train_traffic_pred.py
[2025-07-21T13:46:08.058+0000] {processor.py:914} INFO - Processing file /opt/airflow/dags/train_traffic_pred.py for tasks to queue
[2025-07-21T13:46:08.061+0000] {logging_mixin.py:190} INFO - [2025-07-21T13:46:08.061+0000] {dagbag.py:588} INFO - Filling up the DagBag from /opt/airflow/dags/train_traffic_pred.py
[2025-07-21T13:46:11.421+0000] {processor.py:925} INFO - DAG(s) 'train_traffic_pred' retrieved from /opt/airflow/dags/train_traffic_pred.py
[2025-07-21T13:46:11.441+0000] {logging_mixin.py:190} INFO - [2025-07-21T13:46:11.441+0000] {dag.py:3239} INFO - Sync 1 DAGs
[2025-07-21T13:46:11.457+0000] {logging_mixin.py:190} INFO - [2025-07-21T13:46:11.457+0000] {dag.py:4180} INFO - Setting next_dagrun for train_traffic_pred to 2025-07-21 00:00:00+00:00, run_after=2025-07-22 00:00:00+00:00
[2025-07-21T13:46:11.472+0000] {processor.py:208} INFO - Processing /opt/airflow/dags/train_traffic_pred.py took 3.421 seconds
[2025-07-21T13:46:43.127+0000] {processor.py:186} INFO - Started process (PID=16207) to work on /opt/airflow/dags/train_traffic_pred.py
[2025-07-21T13:46:43.128+0000] {processor.py:914} INFO - Processing file /opt/airflow/dags/train_traffic_pred.py for tasks to queue
[2025-07-21T13:46:43.130+0000] {logging_mixin.py:190} INFO - [2025-07-21T13:46:43.130+0000] {dagbag.py:588} INFO - Filling up the DagBag from /opt/airflow/dags/train_traffic_pred.py
[2025-07-21T13:46:46.484+0000] {processor.py:925} INFO - DAG(s) 'train_traffic_pred' retrieved from /opt/airflow/dags/train_traffic_pred.py
[2025-07-21T13:46:46.504+0000] {logging_mixin.py:190} INFO - [2025-07-21T13:46:46.503+0000] {dag.py:3239} INFO - Sync 1 DAGs
[2025-07-21T13:46:46.521+0000] {logging_mixin.py:190} INFO - [2025-07-21T13:46:46.520+0000] {dag.py:4180} INFO - Setting next_dagrun for train_traffic_pred to 2025-07-21 00:00:00+00:00, run_after=2025-07-22 00:00:00+00:00
[2025-07-21T13:46:46.534+0000] {processor.py:208} INFO - Processing /opt/airflow/dags/train_traffic_pred.py took 3.413 seconds
[2025-07-21T13:47:18.245+0000] {processor.py:186} INFO - Started process (PID=16305) to work on /opt/airflow/dags/train_traffic_pred.py
[2025-07-21T13:47:18.246+0000] {processor.py:914} INFO - Processing file /opt/airflow/dags/train_traffic_pred.py for tasks to queue
[2025-07-21T13:47:18.248+0000] {logging_mixin.py:190} INFO - [2025-07-21T13:47:18.248+0000] {dagbag.py:588} INFO - Filling up the DagBag from /opt/airflow/dags/train_traffic_pred.py
[2025-07-21T13:47:21.651+0000] {processor.py:925} INFO - DAG(s) 'train_traffic_pred' retrieved from /opt/airflow/dags/train_traffic_pred.py
[2025-07-21T13:47:21.670+0000] {logging_mixin.py:190} INFO - [2025-07-21T13:47:21.670+0000] {dag.py:3239} INFO - Sync 1 DAGs
[2025-07-21T13:47:21.686+0000] {logging_mixin.py:190} INFO - [2025-07-21T13:47:21.686+0000] {dag.py:4180} INFO - Setting next_dagrun for train_traffic_pred to 2025-07-21 00:00:00+00:00, run_after=2025-07-22 00:00:00+00:00
[2025-07-21T13:47:21.700+0000] {processor.py:208} INFO - Processing /opt/airflow/dags/train_traffic_pred.py took 3.460 seconds
[2025-07-21T13:47:53.501+0000] {processor.py:186} INFO - Started process (PID=16403) to work on /opt/airflow/dags/train_traffic_pred.py
[2025-07-21T13:47:53.502+0000] {processor.py:914} INFO - Processing file /opt/airflow/dags/train_traffic_pred.py for tasks to queue
[2025-07-21T13:47:53.505+0000] {logging_mixin.py:190} INFO - [2025-07-21T13:47:53.505+0000] {dagbag.py:588} INFO - Filling up the DagBag from /opt/airflow/dags/train_traffic_pred.py
[2025-07-21T13:47:56.925+0000] {processor.py:925} INFO - DAG(s) 'train_traffic_pred' retrieved from /opt/airflow/dags/train_traffic_pred.py
[2025-07-21T13:47:56.946+0000] {logging_mixin.py:190} INFO - [2025-07-21T13:47:56.945+0000] {dag.py:3239} INFO - Sync 1 DAGs
[2025-07-21T13:47:56.965+0000] {logging_mixin.py:190} INFO - [2025-07-21T13:47:56.965+0000] {dag.py:4180} INFO - Setting next_dagrun for train_traffic_pred to 2025-07-21 00:00:00+00:00, run_after=2025-07-22 00:00:00+00:00
[2025-07-21T13:47:56.982+0000] {processor.py:208} INFO - Processing /opt/airflow/dags/train_traffic_pred.py took 3.487 seconds
[2025-07-21T13:48:28.544+0000] {processor.py:186} INFO - Started process (PID=16507) to work on /opt/airflow/dags/train_traffic_pred.py
[2025-07-21T13:48:28.545+0000] {processor.py:914} INFO - Processing file /opt/airflow/dags/train_traffic_pred.py for tasks to queue
[2025-07-21T13:48:28.548+0000] {logging_mixin.py:190} INFO - [2025-07-21T13:48:28.547+0000] {dagbag.py:588} INFO - Filling up the DagBag from /opt/airflow/dags/train_traffic_pred.py
[2025-07-21T13:48:31.890+0000] {processor.py:925} INFO - DAG(s) 'train_traffic_pred' retrieved from /opt/airflow/dags/train_traffic_pred.py
[2025-07-21T13:48:31.911+0000] {logging_mixin.py:190} INFO - [2025-07-21T13:48:31.910+0000] {dag.py:3239} INFO - Sync 1 DAGs
[2025-07-21T13:48:31.928+0000] {logging_mixin.py:190} INFO - [2025-07-21T13:48:31.927+0000] {dag.py:4180} INFO - Setting next_dagrun for train_traffic_pred to 2025-07-21 00:00:00+00:00, run_after=2025-07-22 00:00:00+00:00
[2025-07-21T13:48:31.942+0000] {processor.py:208} INFO - Processing /opt/airflow/dags/train_traffic_pred.py took 3.404 seconds
[2025-07-21T13:49:03.534+0000] {processor.py:186} INFO - Started process (PID=16605) to work on /opt/airflow/dags/train_traffic_pred.py
[2025-07-21T13:49:03.535+0000] {processor.py:914} INFO - Processing file /opt/airflow/dags/train_traffic_pred.py for tasks to queue
[2025-07-21T13:49:03.538+0000] {logging_mixin.py:190} INFO - [2025-07-21T13:49:03.537+0000] {dagbag.py:588} INFO - Filling up the DagBag from /opt/airflow/dags/train_traffic_pred.py
[2025-07-21T13:49:06.820+0000] {processor.py:925} INFO - DAG(s) 'train_traffic_pred' retrieved from /opt/airflow/dags/train_traffic_pred.py
[2025-07-21T13:49:06.842+0000] {logging_mixin.py:190} INFO - [2025-07-21T13:49:06.841+0000] {dag.py:3239} INFO - Sync 1 DAGs
[2025-07-21T13:49:06.863+0000] {logging_mixin.py:190} INFO - [2025-07-21T13:49:06.863+0000] {dag.py:4180} INFO - Setting next_dagrun for train_traffic_pred to 2025-07-21 00:00:00+00:00, run_after=2025-07-22 00:00:00+00:00
[2025-07-21T13:49:06.882+0000] {processor.py:208} INFO - Processing /opt/airflow/dags/train_traffic_pred.py took 3.354 seconds
[2025-07-21T13:49:37.929+0000] {processor.py:186} INFO - Started process (PID=16703) to work on /opt/airflow/dags/train_traffic_pred.py
[2025-07-21T13:49:37.929+0000] {processor.py:914} INFO - Processing file /opt/airflow/dags/train_traffic_pred.py for tasks to queue
[2025-07-21T13:49:37.931+0000] {logging_mixin.py:190} INFO - [2025-07-21T13:49:37.931+0000] {dagbag.py:588} INFO - Filling up the DagBag from /opt/airflow/dags/train_traffic_pred.py
[2025-07-21T13:49:41.286+0000] {processor.py:925} INFO - DAG(s) 'train_traffic_pred' retrieved from /opt/airflow/dags/train_traffic_pred.py
[2025-07-21T13:49:41.305+0000] {logging_mixin.py:190} INFO - [2025-07-21T13:49:41.305+0000] {dag.py:3239} INFO - Sync 1 DAGs
[2025-07-21T13:49:41.321+0000] {logging_mixin.py:190} INFO - [2025-07-21T13:49:41.321+0000] {dag.py:4180} INFO - Setting next_dagrun for train_traffic_pred to 2025-07-21 00:00:00+00:00, run_after=2025-07-22 00:00:00+00:00
[2025-07-21T13:49:41.335+0000] {processor.py:208} INFO - Processing /opt/airflow/dags/train_traffic_pred.py took 3.411 seconds
[2025-07-21T13:50:13.043+0000] {processor.py:186} INFO - Started process (PID=16801) to work on /opt/airflow/dags/train_traffic_pred.py
[2025-07-21T13:50:13.044+0000] {processor.py:914} INFO - Processing file /opt/airflow/dags/train_traffic_pred.py for tasks to queue
[2025-07-21T13:50:13.047+0000] {logging_mixin.py:190} INFO - [2025-07-21T13:50:13.047+0000] {dagbag.py:588} INFO - Filling up the DagBag from /opt/airflow/dags/train_traffic_pred.py
[2025-07-21T13:50:17.066+0000] {processor.py:925} INFO - DAG(s) 'train_traffic_pred' retrieved from /opt/airflow/dags/train_traffic_pred.py
[2025-07-21T13:50:17.092+0000] {logging_mixin.py:190} INFO - [2025-07-21T13:50:17.091+0000] {dag.py:3239} INFO - Sync 1 DAGs
[2025-07-21T13:50:17.119+0000] {logging_mixin.py:190} INFO - [2025-07-21T13:50:17.119+0000] {dag.py:4180} INFO - Setting next_dagrun for train_traffic_pred to 2025-07-21 00:00:00+00:00, run_after=2025-07-22 00:00:00+00:00
[2025-07-21T13:50:17.138+0000] {processor.py:208} INFO - Processing /opt/airflow/dags/train_traffic_pred.py took 4.101 seconds
[2025-07-21T13:50:49.119+0000] {processor.py:186} INFO - Started process (PID=16899) to work on /opt/airflow/dags/train_traffic_pred.py
[2025-07-21T13:50:49.121+0000] {processor.py:914} INFO - Processing file /opt/airflow/dags/train_traffic_pred.py for tasks to queue
[2025-07-21T13:50:49.123+0000] {logging_mixin.py:190} INFO - [2025-07-21T13:50:49.123+0000] {dagbag.py:588} INFO - Filling up the DagBag from /opt/airflow/dags/train_traffic_pred.py
[2025-07-21T13:50:52.942+0000] {processor.py:925} INFO - DAG(s) 'train_traffic_pred' retrieved from /opt/airflow/dags/train_traffic_pred.py
[2025-07-21T13:50:52.968+0000] {logging_mixin.py:190} INFO - [2025-07-21T13:50:52.967+0000] {dag.py:3239} INFO - Sync 1 DAGs
[2025-07-21T13:50:52.989+0000] {logging_mixin.py:190} INFO - [2025-07-21T13:50:52.988+0000] {dag.py:4180} INFO - Setting next_dagrun for train_traffic_pred to 2025-07-21 00:00:00+00:00, run_after=2025-07-22 00:00:00+00:00
[2025-07-21T13:50:53.008+0000] {processor.py:208} INFO - Processing /opt/airflow/dags/train_traffic_pred.py took 3.896 seconds
[2025-07-21T13:51:24.180+0000] {processor.py:186} INFO - Started process (PID=16997) to work on /opt/airflow/dags/train_traffic_pred.py
[2025-07-21T13:51:24.181+0000] {processor.py:914} INFO - Processing file /opt/airflow/dags/train_traffic_pred.py for tasks to queue
[2025-07-21T13:51:24.184+0000] {logging_mixin.py:190} INFO - [2025-07-21T13:51:24.184+0000] {dagbag.py:588} INFO - Filling up the DagBag from /opt/airflow/dags/train_traffic_pred.py
[2025-07-21T13:51:27.685+0000] {processor.py:925} INFO - DAG(s) 'train_traffic_pred' retrieved from /opt/airflow/dags/train_traffic_pred.py
[2025-07-21T13:51:27.709+0000] {logging_mixin.py:190} INFO - [2025-07-21T13:51:27.708+0000] {dag.py:3239} INFO - Sync 1 DAGs
[2025-07-21T13:51:27.727+0000] {logging_mixin.py:190} INFO - [2025-07-21T13:51:27.726+0000] {dag.py:4180} INFO - Setting next_dagrun for train_traffic_pred to 2025-07-21 00:00:00+00:00, run_after=2025-07-22 00:00:00+00:00
[2025-07-21T13:51:27.741+0000] {processor.py:208} INFO - Processing /opt/airflow/dags/train_traffic_pred.py took 3.568 seconds
[2025-07-21T13:51:59.299+0000] {processor.py:186} INFO - Started process (PID=17101) to work on /opt/airflow/dags/train_traffic_pred.py
[2025-07-21T13:51:59.300+0000] {processor.py:914} INFO - Processing file /opt/airflow/dags/train_traffic_pred.py for tasks to queue
[2025-07-21T13:51:59.302+0000] {logging_mixin.py:190} INFO - [2025-07-21T13:51:59.302+0000] {dagbag.py:588} INFO - Filling up the DagBag from /opt/airflow/dags/train_traffic_pred.py
[2025-07-21T13:52:02.740+0000] {processor.py:925} INFO - DAG(s) 'train_traffic_pred' retrieved from /opt/airflow/dags/train_traffic_pred.py
[2025-07-21T13:52:02.760+0000] {logging_mixin.py:190} INFO - [2025-07-21T13:52:02.760+0000] {dag.py:3239} INFO - Sync 1 DAGs
[2025-07-21T13:52:02.778+0000] {logging_mixin.py:190} INFO - [2025-07-21T13:52:02.778+0000] {dag.py:4180} INFO - Setting next_dagrun for train_traffic_pred to 2025-07-21 00:00:00+00:00, run_after=2025-07-22 00:00:00+00:00
[2025-07-21T13:52:02.791+0000] {processor.py:208} INFO - Processing /opt/airflow/dags/train_traffic_pred.py took 3.498 seconds
[2025-07-21T13:52:34.077+0000] {processor.py:186} INFO - Started process (PID=17199) to work on /opt/airflow/dags/train_traffic_pred.py
[2025-07-21T13:52:34.078+0000] {processor.py:914} INFO - Processing file /opt/airflow/dags/train_traffic_pred.py for tasks to queue
[2025-07-21T13:52:34.081+0000] {logging_mixin.py:190} INFO - [2025-07-21T13:52:34.081+0000] {dagbag.py:588} INFO - Filling up the DagBag from /opt/airflow/dags/train_traffic_pred.py
[2025-07-21T13:52:37.644+0000] {processor.py:925} INFO - DAG(s) 'train_traffic_pred' retrieved from /opt/airflow/dags/train_traffic_pred.py
[2025-07-21T13:52:37.666+0000] {logging_mixin.py:190} INFO - [2025-07-21T13:52:37.665+0000] {dag.py:3239} INFO - Sync 1 DAGs
[2025-07-21T13:52:37.684+0000] {logging_mixin.py:190} INFO - [2025-07-21T13:52:37.683+0000] {dag.py:4180} INFO - Setting next_dagrun for train_traffic_pred to 2025-07-21 00:00:00+00:00, run_after=2025-07-22 00:00:00+00:00
[2025-07-21T13:52:37.698+0000] {processor.py:208} INFO - Processing /opt/airflow/dags/train_traffic_pred.py took 3.627 seconds
[2025-07-21T13:53:08.852+0000] {processor.py:186} INFO - Started process (PID=17297) to work on /opt/airflow/dags/train_traffic_pred.py
[2025-07-21T13:53:08.853+0000] {processor.py:914} INFO - Processing file /opt/airflow/dags/train_traffic_pred.py for tasks to queue
[2025-07-21T13:53:08.855+0000] {logging_mixin.py:190} INFO - [2025-07-21T13:53:08.855+0000] {dagbag.py:588} INFO - Filling up the DagBag from /opt/airflow/dags/train_traffic_pred.py
[2025-07-21T13:53:12.272+0000] {processor.py:925} INFO - DAG(s) 'train_traffic_pred' retrieved from /opt/airflow/dags/train_traffic_pred.py
[2025-07-21T13:53:12.290+0000] {logging_mixin.py:190} INFO - [2025-07-21T13:53:12.290+0000] {dag.py:3239} INFO - Sync 1 DAGs
[2025-07-21T13:53:12.307+0000] {logging_mixin.py:190} INFO - [2025-07-21T13:53:12.307+0000] {dag.py:4180} INFO - Setting next_dagrun for train_traffic_pred to 2025-07-21 00:00:00+00:00, run_after=2025-07-22 00:00:00+00:00
[2025-07-21T13:53:12.320+0000] {processor.py:208} INFO - Processing /opt/airflow/dags/train_traffic_pred.py took 3.475 seconds
[2025-07-21T13:53:43.934+0000] {processor.py:186} INFO - Started process (PID=17395) to work on /opt/airflow/dags/train_traffic_pred.py
[2025-07-21T13:53:43.936+0000] {processor.py:914} INFO - Processing file /opt/airflow/dags/train_traffic_pred.py for tasks to queue
[2025-07-21T13:53:43.940+0000] {logging_mixin.py:190} INFO - [2025-07-21T13:53:43.940+0000] {dagbag.py:588} INFO - Filling up the DagBag from /opt/airflow/dags/train_traffic_pred.py
[2025-07-21T13:53:47.511+0000] {processor.py:925} INFO - DAG(s) 'train_traffic_pred' retrieved from /opt/airflow/dags/train_traffic_pred.py
[2025-07-21T13:53:47.534+0000] {logging_mixin.py:190} INFO - [2025-07-21T13:53:47.533+0000] {dag.py:3239} INFO - Sync 1 DAGs
[2025-07-21T13:53:47.551+0000] {logging_mixin.py:190} INFO - [2025-07-21T13:53:47.551+0000] {dag.py:4180} INFO - Setting next_dagrun for train_traffic_pred to 2025-07-21 00:00:00+00:00, run_after=2025-07-22 00:00:00+00:00
[2025-07-21T13:53:47.567+0000] {processor.py:208} INFO - Processing /opt/airflow/dags/train_traffic_pred.py took 3.641 seconds
[2025-07-21T13:54:18.734+0000] {processor.py:186} INFO - Started process (PID=17493) to work on /opt/airflow/dags/train_traffic_pred.py
[2025-07-21T13:54:18.736+0000] {processor.py:914} INFO - Processing file /opt/airflow/dags/train_traffic_pred.py for tasks to queue
[2025-07-21T13:54:18.738+0000] {logging_mixin.py:190} INFO - [2025-07-21T13:54:18.738+0000] {dagbag.py:588} INFO - Filling up the DagBag from /opt/airflow/dags/train_traffic_pred.py
[2025-07-21T13:54:22.571+0000] {processor.py:925} INFO - DAG(s) 'train_traffic_pred' retrieved from /opt/airflow/dags/train_traffic_pred.py
[2025-07-21T13:54:22.593+0000] {logging_mixin.py:190} INFO - [2025-07-21T13:54:22.592+0000] {dag.py:3239} INFO - Sync 1 DAGs
[2025-07-21T13:54:22.613+0000] {logging_mixin.py:190} INFO - [2025-07-21T13:54:22.612+0000] {dag.py:4180} INFO - Setting next_dagrun for train_traffic_pred to 2025-07-21 00:00:00+00:00, run_after=2025-07-22 00:00:00+00:00
[2025-07-21T13:54:22.628+0000] {processor.py:208} INFO - Processing /opt/airflow/dags/train_traffic_pred.py took 3.900 seconds
[2025-07-21T13:54:54.518+0000] {processor.py:186} INFO - Started process (PID=17591) to work on /opt/airflow/dags/train_traffic_pred.py
[2025-07-21T13:54:54.519+0000] {processor.py:914} INFO - Processing file /opt/airflow/dags/train_traffic_pred.py for tasks to queue
[2025-07-21T13:54:54.522+0000] {logging_mixin.py:190} INFO - [2025-07-21T13:54:54.521+0000] {dagbag.py:588} INFO - Filling up the DagBag from /opt/airflow/dags/train_traffic_pred.py
[2025-07-21T13:54:58.022+0000] {processor.py:925} INFO - DAG(s) 'train_traffic_pred' retrieved from /opt/airflow/dags/train_traffic_pred.py
[2025-07-21T13:54:58.044+0000] {logging_mixin.py:190} INFO - [2025-07-21T13:54:58.043+0000] {dag.py:3239} INFO - Sync 1 DAGs
[2025-07-21T13:54:58.064+0000] {logging_mixin.py:190} INFO - [2025-07-21T13:54:58.064+0000] {dag.py:4180} INFO - Setting next_dagrun for train_traffic_pred to 2025-07-21 00:00:00+00:00, run_after=2025-07-22 00:00:00+00:00
[2025-07-21T13:54:58.087+0000] {processor.py:208} INFO - Processing /opt/airflow/dags/train_traffic_pred.py took 3.576 seconds
[2025-07-21T13:55:29.998+0000] {processor.py:186} INFO - Started process (PID=17695) to work on /opt/airflow/dags/train_traffic_pred.py
[2025-07-21T13:55:29.999+0000] {processor.py:914} INFO - Processing file /opt/airflow/dags/train_traffic_pred.py for tasks to queue
[2025-07-21T13:55:30.002+0000] {logging_mixin.py:190} INFO - [2025-07-21T13:55:30.001+0000] {dagbag.py:588} INFO - Filling up the DagBag from /opt/airflow/dags/train_traffic_pred.py
[2025-07-21T13:55:33.425+0000] {processor.py:925} INFO - DAG(s) 'train_traffic_pred' retrieved from /opt/airflow/dags/train_traffic_pred.py
[2025-07-21T13:55:33.448+0000] {logging_mixin.py:190} INFO - [2025-07-21T13:55:33.448+0000] {dag.py:3239} INFO - Sync 1 DAGs
[2025-07-21T13:55:33.468+0000] {logging_mixin.py:190} INFO - [2025-07-21T13:55:33.468+0000] {dag.py:4180} INFO - Setting next_dagrun for train_traffic_pred to 2025-07-21 00:00:00+00:00, run_after=2025-07-22 00:00:00+00:00
[2025-07-21T13:55:33.483+0000] {processor.py:208} INFO - Processing /opt/airflow/dags/train_traffic_pred.py took 3.492 seconds
[2025-07-21T13:56:04.662+0000] {processor.py:186} INFO - Started process (PID=17793) to work on /opt/airflow/dags/train_traffic_pred.py
[2025-07-21T13:56:04.663+0000] {processor.py:914} INFO - Processing file /opt/airflow/dags/train_traffic_pred.py for tasks to queue
[2025-07-21T13:56:04.665+0000] {logging_mixin.py:190} INFO - [2025-07-21T13:56:04.665+0000] {dagbag.py:588} INFO - Filling up the DagBag from /opt/airflow/dags/train_traffic_pred.py
[2025-07-21T13:56:08.076+0000] {processor.py:925} INFO - DAG(s) 'train_traffic_pred' retrieved from /opt/airflow/dags/train_traffic_pred.py
[2025-07-21T13:56:08.096+0000] {logging_mixin.py:190} INFO - [2025-07-21T13:56:08.096+0000] {dag.py:3239} INFO - Sync 1 DAGs
[2025-07-21T13:56:08.112+0000] {logging_mixin.py:190} INFO - [2025-07-21T13:56:08.112+0000] {dag.py:4180} INFO - Setting next_dagrun for train_traffic_pred to 2025-07-21 00:00:00+00:00, run_after=2025-07-22 00:00:00+00:00
[2025-07-21T13:56:08.128+0000] {processor.py:208} INFO - Processing /opt/airflow/dags/train_traffic_pred.py took 3.472 seconds
[2025-07-21T13:56:39.916+0000] {processor.py:186} INFO - Started process (PID=17891) to work on /opt/airflow/dags/train_traffic_pred.py
[2025-07-21T13:56:39.917+0000] {processor.py:914} INFO - Processing file /opt/airflow/dags/train_traffic_pred.py for tasks to queue
[2025-07-21T13:56:39.919+0000] {logging_mixin.py:190} INFO - [2025-07-21T13:56:39.919+0000] {dagbag.py:588} INFO - Filling up the DagBag from /opt/airflow/dags/train_traffic_pred.py
[2025-07-21T13:56:43.316+0000] {processor.py:925} INFO - DAG(s) 'train_traffic_pred' retrieved from /opt/airflow/dags/train_traffic_pred.py
[2025-07-21T13:56:43.337+0000] {logging_mixin.py:190} INFO - [2025-07-21T13:56:43.337+0000] {dag.py:3239} INFO - Sync 1 DAGs
[2025-07-21T13:56:43.357+0000] {logging_mixin.py:190} INFO - [2025-07-21T13:56:43.356+0000] {dag.py:4180} INFO - Setting next_dagrun for train_traffic_pred to 2025-07-21 00:00:00+00:00, run_after=2025-07-22 00:00:00+00:00
[2025-07-21T13:56:43.372+0000] {processor.py:208} INFO - Processing /opt/airflow/dags/train_traffic_pred.py took 3.462 seconds
[2025-07-21T13:57:15.019+0000] {processor.py:186} INFO - Started process (PID=17989) to work on /opt/airflow/dags/train_traffic_pred.py
[2025-07-21T13:57:15.020+0000] {processor.py:914} INFO - Processing file /opt/airflow/dags/train_traffic_pred.py for tasks to queue
[2025-07-21T13:57:15.022+0000] {logging_mixin.py:190} INFO - [2025-07-21T13:57:15.022+0000] {dagbag.py:588} INFO - Filling up the DagBag from /opt/airflow/dags/train_traffic_pred.py
[2025-07-21T13:57:18.558+0000] {processor.py:925} INFO - DAG(s) 'train_traffic_pred' retrieved from /opt/airflow/dags/train_traffic_pred.py
[2025-07-21T13:57:18.578+0000] {logging_mixin.py:190} INFO - [2025-07-21T13:57:18.577+0000] {dag.py:3239} INFO - Sync 1 DAGs
[2025-07-21T13:57:18.594+0000] {logging_mixin.py:190} INFO - [2025-07-21T13:57:18.594+0000] {dag.py:4180} INFO - Setting next_dagrun for train_traffic_pred to 2025-07-21 00:00:00+00:00, run_after=2025-07-22 00:00:00+00:00
[2025-07-21T13:57:18.609+0000] {processor.py:208} INFO - Processing /opt/airflow/dags/train_traffic_pred.py took 3.594 seconds
[2025-07-21T13:57:50.277+0000] {processor.py:186} INFO - Started process (PID=18087) to work on /opt/airflow/dags/train_traffic_pred.py
[2025-07-21T13:57:50.278+0000] {processor.py:914} INFO - Processing file /opt/airflow/dags/train_traffic_pred.py for tasks to queue
[2025-07-21T13:57:50.279+0000] {logging_mixin.py:190} INFO - [2025-07-21T13:57:50.279+0000] {dagbag.py:588} INFO - Filling up the DagBag from /opt/airflow/dags/train_traffic_pred.py
[2025-07-21T13:57:54.040+0000] {processor.py:925} INFO - DAG(s) 'train_traffic_pred' retrieved from /opt/airflow/dags/train_traffic_pred.py
[2025-07-21T13:57:54.061+0000] {logging_mixin.py:190} INFO - [2025-07-21T13:57:54.061+0000] {dag.py:3239} INFO - Sync 1 DAGs
[2025-07-21T13:57:54.078+0000] {logging_mixin.py:190} INFO - [2025-07-21T13:57:54.077+0000] {dag.py:4180} INFO - Setting next_dagrun for train_traffic_pred to 2025-07-21 00:00:00+00:00, run_after=2025-07-22 00:00:00+00:00
[2025-07-21T13:57:54.093+0000] {processor.py:208} INFO - Processing /opt/airflow/dags/train_traffic_pred.py took 3.822 seconds
[2025-07-21T13:58:25.627+0000] {processor.py:186} INFO - Started process (PID=18185) to work on /opt/airflow/dags/train_traffic_pred.py
[2025-07-21T13:58:25.628+0000] {processor.py:914} INFO - Processing file /opt/airflow/dags/train_traffic_pred.py for tasks to queue
[2025-07-21T13:58:25.630+0000] {logging_mixin.py:190} INFO - [2025-07-21T13:58:25.630+0000] {dagbag.py:588} INFO - Filling up the DagBag from /opt/airflow/dags/train_traffic_pred.py
[2025-07-21T13:58:29.469+0000] {processor.py:925} INFO - DAG(s) 'train_traffic_pred' retrieved from /opt/airflow/dags/train_traffic_pred.py
[2025-07-21T13:58:29.489+0000] {logging_mixin.py:190} INFO - [2025-07-21T13:58:29.489+0000] {dag.py:3239} INFO - Sync 1 DAGs
[2025-07-21T13:58:29.507+0000] {logging_mixin.py:190} INFO - [2025-07-21T13:58:29.506+0000] {dag.py:4180} INFO - Setting next_dagrun for train_traffic_pred to 2025-07-21 00:00:00+00:00, run_after=2025-07-22 00:00:00+00:00
[2025-07-21T13:58:29.520+0000] {processor.py:208} INFO - Processing /opt/airflow/dags/train_traffic_pred.py took 3.899 seconds
[2025-07-21T13:59:01.316+0000] {processor.py:186} INFO - Started process (PID=18289) to work on /opt/airflow/dags/train_traffic_pred.py
[2025-07-21T13:59:01.317+0000] {processor.py:914} INFO - Processing file /opt/airflow/dags/train_traffic_pred.py for tasks to queue
[2025-07-21T13:59:01.319+0000] {logging_mixin.py:190} INFO - [2025-07-21T13:59:01.318+0000] {dagbag.py:588} INFO - Filling up the DagBag from /opt/airflow/dags/train_traffic_pred.py
[2025-07-21T13:59:04.889+0000] {processor.py:925} INFO - DAG(s) 'train_traffic_pred' retrieved from /opt/airflow/dags/train_traffic_pred.py
[2025-07-21T13:59:04.907+0000] {logging_mixin.py:190} INFO - [2025-07-21T13:59:04.907+0000] {dag.py:3239} INFO - Sync 1 DAGs
[2025-07-21T13:59:04.923+0000] {logging_mixin.py:190} INFO - [2025-07-21T13:59:04.923+0000] {dag.py:4180} INFO - Setting next_dagrun for train_traffic_pred to 2025-07-21 00:00:00+00:00, run_after=2025-07-22 00:00:00+00:00
[2025-07-21T13:59:04.937+0000] {processor.py:208} INFO - Processing /opt/airflow/dags/train_traffic_pred.py took 3.627 seconds
[2025-07-21T13:59:36.282+0000] {processor.py:186} INFO - Started process (PID=18387) to work on /opt/airflow/dags/train_traffic_pred.py
[2025-07-21T13:59:36.283+0000] {processor.py:914} INFO - Processing file /opt/airflow/dags/train_traffic_pred.py for tasks to queue
[2025-07-21T13:59:36.286+0000] {logging_mixin.py:190} INFO - [2025-07-21T13:59:36.286+0000] {dagbag.py:588} INFO - Filling up the DagBag from /opt/airflow/dags/train_traffic_pred.py
[2025-07-21T13:59:39.857+0000] {processor.py:925} INFO - DAG(s) 'train_traffic_pred' retrieved from /opt/airflow/dags/train_traffic_pred.py
[2025-07-21T13:59:39.880+0000] {logging_mixin.py:190} INFO - [2025-07-21T13:59:39.879+0000] {dag.py:3239} INFO - Sync 1 DAGs
[2025-07-21T13:59:39.902+0000] {logging_mixin.py:190} INFO - [2025-07-21T13:59:39.902+0000] {dag.py:4180} INFO - Setting next_dagrun for train_traffic_pred to 2025-07-21 00:00:00+00:00, run_after=2025-07-22 00:00:00+00:00
[2025-07-21T13:59:39.919+0000] {processor.py:208} INFO - Processing /opt/airflow/dags/train_traffic_pred.py took 3.643 seconds
[2025-07-21T14:00:11.266+0000] {processor.py:186} INFO - Started process (PID=18485) to work on /opt/airflow/dags/train_traffic_pred.py
[2025-07-21T14:00:11.267+0000] {processor.py:914} INFO - Processing file /opt/airflow/dags/train_traffic_pred.py for tasks to queue
[2025-07-21T14:00:11.271+0000] {logging_mixin.py:190} INFO - [2025-07-21T14:00:11.270+0000] {dagbag.py:588} INFO - Filling up the DagBag from /opt/airflow/dags/train_traffic_pred.py
[2025-07-21T14:00:14.602+0000] {processor.py:925} INFO - DAG(s) 'train_traffic_pred' retrieved from /opt/airflow/dags/train_traffic_pred.py
[2025-07-21T14:00:14.622+0000] {logging_mixin.py:190} INFO - [2025-07-21T14:00:14.621+0000] {dag.py:3239} INFO - Sync 1 DAGs
[2025-07-21T14:00:14.638+0000] {logging_mixin.py:190} INFO - [2025-07-21T14:00:14.638+0000] {dag.py:4180} INFO - Setting next_dagrun for train_traffic_pred to 2025-07-21 00:00:00+00:00, run_after=2025-07-22 00:00:00+00:00
[2025-07-21T14:00:14.652+0000] {processor.py:208} INFO - Processing /opt/airflow/dags/train_traffic_pred.py took 3.393 seconds
[2025-07-21T14:00:46.431+0000] {processor.py:186} INFO - Started process (PID=18583) to work on /opt/airflow/dags/train_traffic_pred.py
[2025-07-21T14:00:46.432+0000] {processor.py:914} INFO - Processing file /opt/airflow/dags/train_traffic_pred.py for tasks to queue
[2025-07-21T14:00:46.435+0000] {logging_mixin.py:190} INFO - [2025-07-21T14:00:46.434+0000] {dagbag.py:588} INFO - Filling up the DagBag from /opt/airflow/dags/train_traffic_pred.py
[2025-07-21T14:00:50.084+0000] {processor.py:925} INFO - DAG(s) 'train_traffic_pred' retrieved from /opt/airflow/dags/train_traffic_pred.py
[2025-07-21T14:00:50.105+0000] {logging_mixin.py:190} INFO - [2025-07-21T14:00:50.105+0000] {dag.py:3239} INFO - Sync 1 DAGs
[2025-07-21T14:00:50.124+0000] {logging_mixin.py:190} INFO - [2025-07-21T14:00:50.123+0000] {dag.py:4180} INFO - Setting next_dagrun for train_traffic_pred to 2025-07-21 00:00:00+00:00, run_after=2025-07-22 00:00:00+00:00
[2025-07-21T14:00:50.138+0000] {processor.py:208} INFO - Processing /opt/airflow/dags/train_traffic_pred.py took 3.713 seconds
[2025-07-21T14:01:21.276+0000] {processor.py:186} INFO - Started process (PID=18681) to work on /opt/airflow/dags/train_traffic_pred.py
[2025-07-21T14:01:21.278+0000] {processor.py:914} INFO - Processing file /opt/airflow/dags/train_traffic_pred.py for tasks to queue
[2025-07-21T14:01:21.280+0000] {logging_mixin.py:190} INFO - [2025-07-21T14:01:21.280+0000] {dagbag.py:588} INFO - Filling up the DagBag from /opt/airflow/dags/train_traffic_pred.py
[2025-07-21T14:01:24.727+0000] {processor.py:925} INFO - DAG(s) 'train_traffic_pred' retrieved from /opt/airflow/dags/train_traffic_pred.py
[2025-07-21T14:01:24.749+0000] {logging_mixin.py:190} INFO - [2025-07-21T14:01:24.748+0000] {dag.py:3239} INFO - Sync 1 DAGs
[2025-07-21T14:01:24.767+0000] {logging_mixin.py:190} INFO - [2025-07-21T14:01:24.767+0000] {dag.py:4180} INFO - Setting next_dagrun for train_traffic_pred to 2025-07-21 00:00:00+00:00, run_after=2025-07-22 00:00:00+00:00
[2025-07-21T14:01:24.782+0000] {processor.py:208} INFO - Processing /opt/airflow/dags/train_traffic_pred.py took 3.512 seconds
[2025-07-21T14:01:56.107+0000] {processor.py:186} INFO - Started process (PID=18779) to work on /opt/airflow/dags/train_traffic_pred.py
[2025-07-21T14:01:56.108+0000] {processor.py:914} INFO - Processing file /opt/airflow/dags/train_traffic_pred.py for tasks to queue
[2025-07-21T14:01:56.110+0000] {logging_mixin.py:190} INFO - [2025-07-21T14:01:56.110+0000] {dagbag.py:588} INFO - Filling up the DagBag from /opt/airflow/dags/train_traffic_pred.py
[2025-07-21T14:01:59.655+0000] {processor.py:925} INFO - DAG(s) 'train_traffic_pred' retrieved from /opt/airflow/dags/train_traffic_pred.py
[2025-07-21T14:01:59.674+0000] {logging_mixin.py:190} INFO - [2025-07-21T14:01:59.673+0000] {dag.py:3239} INFO - Sync 1 DAGs
[2025-07-21T14:01:59.692+0000] {logging_mixin.py:190} INFO - [2025-07-21T14:01:59.691+0000] {dag.py:4180} INFO - Setting next_dagrun for train_traffic_pred to 2025-07-21 00:00:00+00:00, run_after=2025-07-22 00:00:00+00:00
[2025-07-21T14:01:59.705+0000] {processor.py:208} INFO - Processing /opt/airflow/dags/train_traffic_pred.py took 3.604 seconds
[2025-07-21T14:02:30.960+0000] {processor.py:186} INFO - Started process (PID=18883) to work on /opt/airflow/dags/train_traffic_pred.py
[2025-07-21T14:02:30.961+0000] {processor.py:914} INFO - Processing file /opt/airflow/dags/train_traffic_pred.py for tasks to queue
[2025-07-21T14:02:30.964+0000] {logging_mixin.py:190} INFO - [2025-07-21T14:02:30.964+0000] {dagbag.py:588} INFO - Filling up the DagBag from /opt/airflow/dags/train_traffic_pred.py
[2025-07-21T14:02:34.736+0000] {processor.py:925} INFO - DAG(s) 'train_traffic_pred' retrieved from /opt/airflow/dags/train_traffic_pred.py
[2025-07-21T14:02:34.758+0000] {logging_mixin.py:190} INFO - [2025-07-21T14:02:34.758+0000] {dag.py:3239} INFO - Sync 1 DAGs
[2025-07-21T14:02:34.779+0000] {logging_mixin.py:190} INFO - [2025-07-21T14:02:34.779+0000] {dag.py:4180} INFO - Setting next_dagrun for train_traffic_pred to 2025-07-21 00:00:00+00:00, run_after=2025-07-22 00:00:00+00:00
[2025-07-21T14:02:34.798+0000] {processor.py:208} INFO - Processing /opt/airflow/dags/train_traffic_pred.py took 3.844 seconds
[2025-07-21T14:03:05.906+0000] {processor.py:186} INFO - Started process (PID=18981) to work on /opt/airflow/dags/train_traffic_pred.py
[2025-07-21T14:03:05.908+0000] {processor.py:914} INFO - Processing file /opt/airflow/dags/train_traffic_pred.py for tasks to queue
[2025-07-21T14:03:05.910+0000] {logging_mixin.py:190} INFO - [2025-07-21T14:03:05.910+0000] {dagbag.py:588} INFO - Filling up the DagBag from /opt/airflow/dags/train_traffic_pred.py
[2025-07-21T14:03:09.973+0000] {processor.py:925} INFO - DAG(s) 'train_traffic_pred' retrieved from /opt/airflow/dags/train_traffic_pred.py
[2025-07-21T14:03:09.995+0000] {logging_mixin.py:190} INFO - [2025-07-21T14:03:09.995+0000] {dag.py:3239} INFO - Sync 1 DAGs
[2025-07-21T14:03:10.013+0000] {logging_mixin.py:190} INFO - [2025-07-21T14:03:10.013+0000] {dag.py:4180} INFO - Setting next_dagrun for train_traffic_pred to 2025-07-21 00:00:00+00:00, run_after=2025-07-22 00:00:00+00:00
[2025-07-21T14:03:10.037+0000] {processor.py:208} INFO - Processing /opt/airflow/dags/train_traffic_pred.py took 4.139 seconds
[2025-07-21T14:03:53.082+0000] {processor.py:186} INFO - Started process (PID=19457) to work on /opt/airflow/dags/train_traffic_pred.py
[2025-07-21T14:03:53.117+0000] {processor.py:914} INFO - Processing file /opt/airflow/dags/train_traffic_pred.py for tasks to queue
[2025-07-21T14:03:53.120+0000] {logging_mixin.py:190} INFO - [2025-07-21T14:03:53.119+0000] {dagbag.py:588} INFO - Filling up the DagBag from /opt/airflow/dags/train_traffic_pred.py
[2025-07-21T14:03:57.613+0000] {processor.py:925} INFO - DAG(s) 'train_traffic_pred' retrieved from /opt/airflow/dags/train_traffic_pred.py
[2025-07-21T14:04:04.213+0000] {logging_mixin.py:190} INFO - [2025-07-21T14:04:04.212+0000] {dag.py:3239} INFO - Sync 1 DAGs
[2025-07-21T14:04:04.244+0000] {logging_mixin.py:190} INFO - [2025-07-21T14:04:04.244+0000] {dag.py:4180} INFO - Setting next_dagrun for train_traffic_pred to 2025-07-21 00:00:00+00:00, run_after=2025-07-22 00:00:00+00:00
[2025-07-21T14:04:04.952+0000] {processor.py:208} INFO - Processing /opt/airflow/dags/train_traffic_pred.py took 11.883 seconds
[2025-07-21T14:04:39.249+0000] {processor.py:186} INFO - Started process (PID=19578) to work on /opt/airflow/dags/train_traffic_pred.py
[2025-07-21T14:04:39.250+0000] {processor.py:914} INFO - Processing file /opt/airflow/dags/train_traffic_pred.py for tasks to queue
[2025-07-21T14:04:39.253+0000] {logging_mixin.py:190} INFO - [2025-07-21T14:04:39.252+0000] {dagbag.py:588} INFO - Filling up the DagBag from /opt/airflow/dags/train_traffic_pred.py
[2025-07-21T14:04:47.496+0000] {processor.py:925} INFO - DAG(s) 'train_traffic_pred' retrieved from /opt/airflow/dags/train_traffic_pred.py
[2025-07-21T14:04:48.384+0000] {logging_mixin.py:190} INFO - [2025-07-21T14:04:48.383+0000] {dag.py:3239} INFO - Sync 1 DAGs
[2025-07-21T14:04:48.561+0000] {logging_mixin.py:190} INFO - [2025-07-21T14:04:48.561+0000] {dag.py:4180} INFO - Setting next_dagrun for train_traffic_pred to 2025-07-21 00:00:00+00:00, run_after=2025-07-22 00:00:00+00:00
[2025-07-21T14:04:48.718+0000] {processor.py:208} INFO - Processing /opt/airflow/dags/train_traffic_pred.py took 9.477 seconds
[2025-07-21T14:05:19.803+0000] {processor.py:186} INFO - Started process (PID=19969) to work on /opt/airflow/dags/train_traffic_pred.py
[2025-07-21T14:05:19.803+0000] {processor.py:914} INFO - Processing file /opt/airflow/dags/train_traffic_pred.py for tasks to queue
[2025-07-21T14:05:19.806+0000] {logging_mixin.py:190} INFO - [2025-07-21T14:05:19.805+0000] {dagbag.py:588} INFO - Filling up the DagBag from /opt/airflow/dags/train_traffic_pred.py
[2025-07-21T14:05:24.191+0000] {processor.py:925} INFO - DAG(s) 'train_traffic_pred' retrieved from /opt/airflow/dags/train_traffic_pred.py
[2025-07-21T14:05:24.379+0000] {logging_mixin.py:190} INFO - [2025-07-21T14:05:24.379+0000] {dag.py:3239} INFO - Sync 1 DAGs
[2025-07-21T14:05:24.397+0000] {logging_mixin.py:190} INFO - [2025-07-21T14:05:24.397+0000] {dag.py:4180} INFO - Setting next_dagrun for train_traffic_pred to 2025-07-21 00:00:00+00:00, run_after=2025-07-22 00:00:00+00:00
[2025-07-21T14:05:24.451+0000] {processor.py:208} INFO - Processing /opt/airflow/dags/train_traffic_pred.py took 4.653 seconds
[2025-07-21T14:05:56.125+0000] {processor.py:186} INFO - Started process (PID=20067) to work on /opt/airflow/dags/train_traffic_pred.py
[2025-07-21T14:05:56.126+0000] {processor.py:914} INFO - Processing file /opt/airflow/dags/train_traffic_pred.py for tasks to queue
[2025-07-21T14:05:56.129+0000] {logging_mixin.py:190} INFO - [2025-07-21T14:05:56.128+0000] {dagbag.py:588} INFO - Filling up the DagBag from /opt/airflow/dags/train_traffic_pred.py
[2025-07-21T14:06:00.596+0000] {processor.py:925} INFO - DAG(s) 'train_traffic_pred' retrieved from /opt/airflow/dags/train_traffic_pred.py
[2025-07-21T14:06:00.629+0000] {logging_mixin.py:190} INFO - [2025-07-21T14:06:00.628+0000] {dag.py:3239} INFO - Sync 1 DAGs
[2025-07-21T14:06:00.651+0000] {logging_mixin.py:190} INFO - [2025-07-21T14:06:00.651+0000] {dag.py:4180} INFO - Setting next_dagrun for train_traffic_pred to 2025-07-21 00:00:00+00:00, run_after=2025-07-22 00:00:00+00:00
[2025-07-21T14:06:00.675+0000] {processor.py:208} INFO - Processing /opt/airflow/dags/train_traffic_pred.py took 4.557 seconds
[2025-07-21T14:06:32.388+0000] {processor.py:186} INFO - Started process (PID=20171) to work on /opt/airflow/dags/train_traffic_pred.py
[2025-07-21T14:06:32.389+0000] {processor.py:914} INFO - Processing file /opt/airflow/dags/train_traffic_pred.py for tasks to queue
[2025-07-21T14:06:32.391+0000] {logging_mixin.py:190} INFO - [2025-07-21T14:06:32.391+0000] {dagbag.py:588} INFO - Filling up the DagBag from /opt/airflow/dags/train_traffic_pred.py
[2025-07-21T14:06:35.941+0000] {processor.py:925} INFO - DAG(s) 'train_traffic_pred' retrieved from /opt/airflow/dags/train_traffic_pred.py
[2025-07-21T14:06:35.967+0000] {logging_mixin.py:190} INFO - [2025-07-21T14:06:35.967+0000] {dag.py:3239} INFO - Sync 1 DAGs
[2025-07-21T14:06:35.987+0000] {logging_mixin.py:190} INFO - [2025-07-21T14:06:35.987+0000] {dag.py:4180} INFO - Setting next_dagrun for train_traffic_pred to 2025-07-21 00:00:00+00:00, run_after=2025-07-22 00:00:00+00:00
[2025-07-21T14:06:36.004+0000] {processor.py:208} INFO - Processing /opt/airflow/dags/train_traffic_pred.py took 3.622 seconds
[2025-07-21T14:07:07.733+0000] {processor.py:186} INFO - Started process (PID=20269) to work on /opt/airflow/dags/train_traffic_pred.py
[2025-07-21T14:07:07.734+0000] {processor.py:914} INFO - Processing file /opt/airflow/dags/train_traffic_pred.py for tasks to queue
[2025-07-21T14:07:07.736+0000] {logging_mixin.py:190} INFO - [2025-07-21T14:07:07.736+0000] {dagbag.py:588} INFO - Filling up the DagBag from /opt/airflow/dags/train_traffic_pred.py
[2025-07-21T14:07:11.478+0000] {processor.py:925} INFO - DAG(s) 'train_traffic_pred' retrieved from /opt/airflow/dags/train_traffic_pred.py
[2025-07-21T14:07:11.501+0000] {logging_mixin.py:190} INFO - [2025-07-21T14:07:11.500+0000] {dag.py:3239} INFO - Sync 1 DAGs
[2025-07-21T14:07:11.522+0000] {logging_mixin.py:190} INFO - [2025-07-21T14:07:11.521+0000] {dag.py:4180} INFO - Setting next_dagrun for train_traffic_pred to 2025-07-21 00:00:00+00:00, run_after=2025-07-22 00:00:00+00:00
[2025-07-21T14:07:11.536+0000] {processor.py:208} INFO - Processing /opt/airflow/dags/train_traffic_pred.py took 3.808 seconds
[2025-07-21T14:07:42.806+0000] {processor.py:186} INFO - Started process (PID=20367) to work on /opt/airflow/dags/train_traffic_pred.py
[2025-07-21T14:07:42.807+0000] {processor.py:914} INFO - Processing file /opt/airflow/dags/train_traffic_pred.py for tasks to queue
[2025-07-21T14:07:42.809+0000] {logging_mixin.py:190} INFO - [2025-07-21T14:07:42.808+0000] {dagbag.py:588} INFO - Filling up the DagBag from /opt/airflow/dags/train_traffic_pred.py
[2025-07-21T14:07:46.570+0000] {processor.py:925} INFO - DAG(s) 'train_traffic_pred' retrieved from /opt/airflow/dags/train_traffic_pred.py
[2025-07-21T14:07:46.593+0000] {logging_mixin.py:190} INFO - [2025-07-21T14:07:46.592+0000] {dag.py:3239} INFO - Sync 1 DAGs
[2025-07-21T14:07:46.612+0000] {logging_mixin.py:190} INFO - [2025-07-21T14:07:46.612+0000] {dag.py:4180} INFO - Setting next_dagrun for train_traffic_pred to 2025-07-21 00:00:00+00:00, run_after=2025-07-22 00:00:00+00:00
[2025-07-21T14:07:46.630+0000] {processor.py:208} INFO - Processing /opt/airflow/dags/train_traffic_pred.py took 3.829 seconds
[2025-07-21T14:08:18.347+0000] {processor.py:186} INFO - Started process (PID=20465) to work on /opt/airflow/dags/train_traffic_pred.py
[2025-07-21T14:08:18.349+0000] {processor.py:914} INFO - Processing file /opt/airflow/dags/train_traffic_pred.py for tasks to queue
[2025-07-21T14:08:18.351+0000] {logging_mixin.py:190} INFO - [2025-07-21T14:08:18.351+0000] {dagbag.py:588} INFO - Filling up the DagBag from /opt/airflow/dags/train_traffic_pred.py
[2025-07-21T14:08:22.256+0000] {processor.py:925} INFO - DAG(s) 'train_traffic_pred' retrieved from /opt/airflow/dags/train_traffic_pred.py
[2025-07-21T14:08:22.280+0000] {logging_mixin.py:190} INFO - [2025-07-21T14:08:22.280+0000] {dag.py:3239} INFO - Sync 1 DAGs
[2025-07-21T14:08:22.300+0000] {logging_mixin.py:190} INFO - [2025-07-21T14:08:22.299+0000] {dag.py:4180} INFO - Setting next_dagrun for train_traffic_pred to 2025-07-21 00:00:00+00:00, run_after=2025-07-22 00:00:00+00:00
[2025-07-21T14:08:22.317+0000] {processor.py:208} INFO - Processing /opt/airflow/dags/train_traffic_pred.py took 3.977 seconds
[2025-07-21T14:08:54.296+0000] {processor.py:186} INFO - Started process (PID=20563) to work on /opt/airflow/dags/train_traffic_pred.py
[2025-07-21T14:08:54.297+0000] {processor.py:914} INFO - Processing file /opt/airflow/dags/train_traffic_pred.py for tasks to queue
[2025-07-21T14:08:54.300+0000] {logging_mixin.py:190} INFO - [2025-07-21T14:08:54.299+0000] {dagbag.py:588} INFO - Filling up the DagBag from /opt/airflow/dags/train_traffic_pred.py
[2025-07-21T14:08:58.112+0000] {processor.py:925} INFO - DAG(s) 'train_traffic_pred' retrieved from /opt/airflow/dags/train_traffic_pred.py
[2025-07-21T14:08:58.135+0000] {logging_mixin.py:190} INFO - [2025-07-21T14:08:58.135+0000] {dag.py:3239} INFO - Sync 1 DAGs
[2025-07-21T14:08:58.154+0000] {logging_mixin.py:190} INFO - [2025-07-21T14:08:58.154+0000] {dag.py:4180} INFO - Setting next_dagrun for train_traffic_pred to 2025-07-21 00:00:00+00:00, run_after=2025-07-22 00:00:00+00:00
[2025-07-21T14:08:58.170+0000] {processor.py:208} INFO - Processing /opt/airflow/dags/train_traffic_pred.py took 3.880 seconds
[2025-07-21T14:09:30.120+0000] {processor.py:186} INFO - Started process (PID=20661) to work on /opt/airflow/dags/train_traffic_pred.py
[2025-07-21T14:09:30.121+0000] {processor.py:914} INFO - Processing file /opt/airflow/dags/train_traffic_pred.py for tasks to queue
[2025-07-21T14:09:30.123+0000] {logging_mixin.py:190} INFO - [2025-07-21T14:09:30.123+0000] {dagbag.py:588} INFO - Filling up the DagBag from /opt/airflow/dags/train_traffic_pred.py
[2025-07-21T14:09:33.863+0000] {processor.py:925} INFO - DAG(s) 'train_traffic_pred' retrieved from /opt/airflow/dags/train_traffic_pred.py
[2025-07-21T14:09:33.888+0000] {logging_mixin.py:190} INFO - [2025-07-21T14:09:33.887+0000] {dag.py:3239} INFO - Sync 1 DAGs
[2025-07-21T14:09:33.907+0000] {logging_mixin.py:190} INFO - [2025-07-21T14:09:33.906+0000] {dag.py:4180} INFO - Setting next_dagrun for train_traffic_pred to 2025-07-21 00:00:00+00:00, run_after=2025-07-22 00:00:00+00:00
[2025-07-21T14:09:33.922+0000] {processor.py:208} INFO - Processing /opt/airflow/dags/train_traffic_pred.py took 3.808 seconds
[2025-07-21T14:10:05.838+0000] {processor.py:186} INFO - Started process (PID=20766) to work on /opt/airflow/dags/train_traffic_pred.py
[2025-07-21T14:10:05.838+0000] {processor.py:914} INFO - Processing file /opt/airflow/dags/train_traffic_pred.py for tasks to queue
[2025-07-21T14:10:05.840+0000] {logging_mixin.py:190} INFO - [2025-07-21T14:10:05.840+0000] {dagbag.py:588} INFO - Filling up the DagBag from /opt/airflow/dags/train_traffic_pred.py
[2025-07-21T14:10:09.624+0000] {processor.py:925} INFO - DAG(s) 'train_traffic_pred' retrieved from /opt/airflow/dags/train_traffic_pred.py
[2025-07-21T14:10:09.646+0000] {logging_mixin.py:190} INFO - [2025-07-21T14:10:09.645+0000] {dag.py:3239} INFO - Sync 1 DAGs
[2025-07-21T14:10:09.665+0000] {logging_mixin.py:190} INFO - [2025-07-21T14:10:09.664+0000] {dag.py:4180} INFO - Setting next_dagrun for train_traffic_pred to 2025-07-21 00:00:00+00:00, run_after=2025-07-22 00:00:00+00:00
[2025-07-21T14:10:09.681+0000] {processor.py:208} INFO - Processing /opt/airflow/dags/train_traffic_pred.py took 3.848 seconds
[2025-07-21T14:10:41.301+0000] {processor.py:186} INFO - Started process (PID=20864) to work on /opt/airflow/dags/train_traffic_pred.py
[2025-07-21T14:10:41.302+0000] {processor.py:914} INFO - Processing file /opt/airflow/dags/train_traffic_pred.py for tasks to queue
[2025-07-21T14:10:41.305+0000] {logging_mixin.py:190} INFO - [2025-07-21T14:10:41.305+0000] {dagbag.py:588} INFO - Filling up the DagBag from /opt/airflow/dags/train_traffic_pred.py
[2025-07-21T14:10:45.062+0000] {processor.py:925} INFO - DAG(s) 'train_traffic_pred' retrieved from /opt/airflow/dags/train_traffic_pred.py
[2025-07-21T14:10:45.090+0000] {logging_mixin.py:190} INFO - [2025-07-21T14:10:45.089+0000] {dag.py:3239} INFO - Sync 1 DAGs
[2025-07-21T14:10:45.109+0000] {logging_mixin.py:190} INFO - [2025-07-21T14:10:45.109+0000] {dag.py:4180} INFO - Setting next_dagrun for train_traffic_pred to 2025-07-21 00:00:00+00:00, run_after=2025-07-22 00:00:00+00:00
[2025-07-21T14:10:45.127+0000] {processor.py:208} INFO - Processing /opt/airflow/dags/train_traffic_pred.py took 3.835 seconds
[2025-07-21T14:11:16.927+0000] {processor.py:186} INFO - Started process (PID=20962) to work on /opt/airflow/dags/train_traffic_pred.py
[2025-07-21T14:11:16.928+0000] {processor.py:914} INFO - Processing file /opt/airflow/dags/train_traffic_pred.py for tasks to queue
[2025-07-21T14:11:16.932+0000] {logging_mixin.py:190} INFO - [2025-07-21T14:11:16.931+0000] {dagbag.py:588} INFO - Filling up the DagBag from /opt/airflow/dags/train_traffic_pred.py
[2025-07-21T14:11:21.021+0000] {processor.py:925} INFO - DAG(s) 'train_traffic_pred' retrieved from /opt/airflow/dags/train_traffic_pred.py
[2025-07-21T14:11:21.051+0000] {logging_mixin.py:190} INFO - [2025-07-21T14:11:21.050+0000] {dag.py:3239} INFO - Sync 1 DAGs
[2025-07-21T14:11:21.080+0000] {logging_mixin.py:190} INFO - [2025-07-21T14:11:21.080+0000] {dag.py:4180} INFO - Setting next_dagrun for train_traffic_pred to 2025-07-21 00:00:00+00:00, run_after=2025-07-22 00:00:00+00:00
[2025-07-21T14:11:21.101+0000] {processor.py:208} INFO - Processing /opt/airflow/dags/train_traffic_pred.py took 4.183 seconds
[2025-07-21T14:11:52.804+0000] {processor.py:186} INFO - Started process (PID=21060) to work on /opt/airflow/dags/train_traffic_pred.py
[2025-07-21T14:11:52.805+0000] {processor.py:914} INFO - Processing file /opt/airflow/dags/train_traffic_pred.py for tasks to queue
[2025-07-21T14:11:52.808+0000] {logging_mixin.py:190} INFO - [2025-07-21T14:11:52.807+0000] {dagbag.py:588} INFO - Filling up the DagBag from /opt/airflow/dags/train_traffic_pred.py
[2025-07-21T14:11:56.331+0000] {processor.py:925} INFO - DAG(s) 'train_traffic_pred' retrieved from /opt/airflow/dags/train_traffic_pred.py
[2025-07-21T14:11:56.355+0000] {logging_mixin.py:190} INFO - [2025-07-21T14:11:56.355+0000] {dag.py:3239} INFO - Sync 1 DAGs
[2025-07-21T14:11:56.380+0000] {logging_mixin.py:190} INFO - [2025-07-21T14:11:56.380+0000] {dag.py:4180} INFO - Setting next_dagrun for train_traffic_pred to 2025-07-21 00:00:00+00:00, run_after=2025-07-22 00:00:00+00:00
[2025-07-21T14:11:56.401+0000] {processor.py:208} INFO - Processing /opt/airflow/dags/train_traffic_pred.py took 3.605 seconds
[2025-07-21T14:12:27.948+0000] {processor.py:186} INFO - Started process (PID=21158) to work on /opt/airflow/dags/train_traffic_pred.py
[2025-07-21T14:12:27.949+0000] {processor.py:914} INFO - Processing file /opt/airflow/dags/train_traffic_pred.py for tasks to queue
[2025-07-21T14:12:27.951+0000] {logging_mixin.py:190} INFO - [2025-07-21T14:12:27.950+0000] {dagbag.py:588} INFO - Filling up the DagBag from /opt/airflow/dags/train_traffic_pred.py
[2025-07-21T14:12:32.113+0000] {processor.py:925} INFO - DAG(s) 'train_traffic_pred' retrieved from /opt/airflow/dags/train_traffic_pred.py
[2025-07-21T14:12:32.141+0000] {logging_mixin.py:190} INFO - [2025-07-21T14:12:32.140+0000] {dag.py:3239} INFO - Sync 1 DAGs
[2025-07-21T14:12:32.163+0000] {logging_mixin.py:190} INFO - [2025-07-21T14:12:32.162+0000] {dag.py:4180} INFO - Setting next_dagrun for train_traffic_pred to 2025-07-21 00:00:00+00:00, run_after=2025-07-22 00:00:00+00:00
[2025-07-21T14:12:32.180+0000] {processor.py:208} INFO - Processing /opt/airflow/dags/train_traffic_pred.py took 4.239 seconds
[2025-07-21T14:13:03.621+0000] {processor.py:186} INFO - Started process (PID=21262) to work on /opt/airflow/dags/train_traffic_pred.py
[2025-07-21T14:13:03.622+0000] {processor.py:914} INFO - Processing file /opt/airflow/dags/train_traffic_pred.py for tasks to queue
[2025-07-21T14:13:03.625+0000] {logging_mixin.py:190} INFO - [2025-07-21T14:13:03.625+0000] {dagbag.py:588} INFO - Filling up the DagBag from /opt/airflow/dags/train_traffic_pred.py
[2025-07-21T14:13:07.381+0000] {processor.py:925} INFO - DAG(s) 'train_traffic_pred' retrieved from /opt/airflow/dags/train_traffic_pred.py
[2025-07-21T14:13:07.404+0000] {logging_mixin.py:190} INFO - [2025-07-21T14:13:07.404+0000] {dag.py:3239} INFO - Sync 1 DAGs
[2025-07-21T14:13:07.424+0000] {logging_mixin.py:190} INFO - [2025-07-21T14:13:07.424+0000] {dag.py:4180} INFO - Setting next_dagrun for train_traffic_pred to 2025-07-21 00:00:00+00:00, run_after=2025-07-22 00:00:00+00:00
[2025-07-21T14:13:07.440+0000] {processor.py:208} INFO - Processing /opt/airflow/dags/train_traffic_pred.py took 3.827 seconds
[2025-07-21T14:13:38.968+0000] {processor.py:186} INFO - Started process (PID=21360) to work on /opt/airflow/dags/train_traffic_pred.py
[2025-07-21T14:13:38.969+0000] {processor.py:914} INFO - Processing file /opt/airflow/dags/train_traffic_pred.py for tasks to queue
[2025-07-21T14:13:38.971+0000] {logging_mixin.py:190} INFO - [2025-07-21T14:13:38.971+0000] {dagbag.py:588} INFO - Filling up the DagBag from /opt/airflow/dags/train_traffic_pred.py
[2025-07-21T14:13:42.778+0000] {processor.py:925} INFO - DAG(s) 'train_traffic_pred' retrieved from /opt/airflow/dags/train_traffic_pred.py
[2025-07-21T14:13:42.832+0000] {logging_mixin.py:190} INFO - [2025-07-21T14:13:42.832+0000] {dag.py:3239} INFO - Sync 1 DAGs
[2025-07-21T14:13:42.901+0000] {logging_mixin.py:190} INFO - [2025-07-21T14:13:42.901+0000] {dag.py:4180} INFO - Setting next_dagrun for train_traffic_pred to 2025-07-21 00:00:00+00:00, run_after=2025-07-22 00:00:00+00:00
[2025-07-21T14:13:42.933+0000] {processor.py:208} INFO - Processing /opt/airflow/dags/train_traffic_pred.py took 3.971 seconds
[2025-07-21T14:24:19.561+0000] {processor.py:186} INFO - Started process (PID=191) to work on /opt/airflow/dags/train_traffic_pred.py
[2025-07-21T14:24:19.562+0000] {processor.py:914} INFO - Processing file /opt/airflow/dags/train_traffic_pred.py for tasks to queue
[2025-07-21T14:24:19.565+0000] {logging_mixin.py:190} INFO - [2025-07-21T14:24:19.564+0000] {dagbag.py:588} INFO - Filling up the DagBag from /opt/airflow/dags/train_traffic_pred.py
[2025-07-21T14:24:25.650+0000] {logging_mixin.py:190} INFO - [2025-07-21T14:24:25.649+0000] {font_manager.py:1639} INFO - generated new fontManager
[2025-07-21T14:24:25.843+0000] {processor.py:925} INFO - DAG(s) 'train_traffic_pred' retrieved from /opt/airflow/dags/train_traffic_pred.py
[2025-07-21T14:24:26.031+0000] {logging_mixin.py:190} INFO - [2025-07-21T14:24:26.031+0000] {override.py:1912} INFO - Created Permission View: can edit on DAG:train_traffic_pred
[2025-07-21T14:24:26.040+0000] {logging_mixin.py:190} INFO - [2025-07-21T14:24:26.040+0000] {override.py:1912} INFO - Created Permission View: can delete on DAG:train_traffic_pred
[2025-07-21T14:24:26.046+0000] {logging_mixin.py:190} INFO - [2025-07-21T14:24:26.045+0000] {override.py:1912} INFO - Created Permission View: can read on DAG:train_traffic_pred
[2025-07-21T14:24:26.052+0000] {logging_mixin.py:190} INFO - [2025-07-21T14:24:26.052+0000] {override.py:1912} INFO - Created Permission View: can delete on DAG Run:train_traffic_pred
[2025-07-21T14:24:26.058+0000] {logging_mixin.py:190} INFO - [2025-07-21T14:24:26.057+0000] {override.py:1912} INFO - Created Permission View: menu access on DAG Run:train_traffic_pred
[2025-07-21T14:24:26.064+0000] {logging_mixin.py:190} INFO - [2025-07-21T14:24:26.064+0000] {override.py:1912} INFO - Created Permission View: can create on DAG Run:train_traffic_pred
[2025-07-21T14:24:26.070+0000] {logging_mixin.py:190} INFO - [2025-07-21T14:24:26.069+0000] {override.py:1912} INFO - Created Permission View: can read on DAG Run:train_traffic_pred
[2025-07-21T14:24:26.070+0000] {logging_mixin.py:190} INFO - [2025-07-21T14:24:26.070+0000] {dag.py:3239} INFO - Sync 1 DAGs
[2025-07-21T14:24:26.081+0000] {logging_mixin.py:190} INFO - [2025-07-21T14:24:26.080+0000] {dag.py:3262} INFO - Creating ORM DAG for train_traffic_pred
[2025-07-21T14:24:26.090+0000] {logging_mixin.py:190} INFO - [2025-07-21T14:24:26.089+0000] {dag.py:4180} INFO - Setting next_dagrun for train_traffic_pred to 2025-07-21 00:00:00+00:00, run_after=2025-07-22 00:00:00+00:00
[2025-07-21T14:24:26.106+0000] {processor.py:208} INFO - Processing /opt/airflow/dags/train_traffic_pred.py took 6.552 seconds
[2025-07-21T14:24:57.174+0000] {processor.py:186} INFO - Started process (PID=299) to work on /opt/airflow/dags/train_traffic_pred.py
[2025-07-21T14:24:57.176+0000] {processor.py:914} INFO - Processing file /opt/airflow/dags/train_traffic_pred.py for tasks to queue
[2025-07-21T14:24:57.179+0000] {logging_mixin.py:190} INFO - [2025-07-21T14:24:57.178+0000] {dagbag.py:588} INFO - Filling up the DagBag from /opt/airflow/dags/train_traffic_pred.py
[2025-07-21T14:25:00.751+0000] {processor.py:925} INFO - DAG(s) 'train_traffic_pred' retrieved from /opt/airflow/dags/train_traffic_pred.py
[2025-07-21T14:25:00.776+0000] {logging_mixin.py:190} INFO - [2025-07-21T14:25:00.776+0000] {dag.py:3239} INFO - Sync 1 DAGs
[2025-07-21T14:25:00.796+0000] {logging_mixin.py:190} INFO - [2025-07-21T14:25:00.796+0000] {dag.py:4180} INFO - Setting next_dagrun for train_traffic_pred to 2025-07-21 00:00:00+00:00, run_after=2025-07-22 00:00:00+00:00
[2025-07-21T14:25:00.813+0000] {processor.py:208} INFO - Processing /opt/airflow/dags/train_traffic_pred.py took 3.644 seconds
[2025-07-21T14:25:32.278+0000] {processor.py:186} INFO - Started process (PID=959) to work on /opt/airflow/dags/train_traffic_pred.py
[2025-07-21T14:25:32.279+0000] {processor.py:914} INFO - Processing file /opt/airflow/dags/train_traffic_pred.py for tasks to queue
[2025-07-21T14:25:32.282+0000] {logging_mixin.py:190} INFO - [2025-07-21T14:25:32.281+0000] {dagbag.py:588} INFO - Filling up the DagBag from /opt/airflow/dags/train_traffic_pred.py
[2025-07-21T14:25:36.079+0000] {processor.py:925} INFO - DAG(s) 'train_traffic_pred' retrieved from /opt/airflow/dags/train_traffic_pred.py
[2025-07-21T14:25:36.110+0000] {logging_mixin.py:190} INFO - [2025-07-21T14:25:36.109+0000] {dag.py:3239} INFO - Sync 1 DAGs
[2025-07-21T14:25:36.133+0000] {logging_mixin.py:190} INFO - [2025-07-21T14:25:36.133+0000] {dag.py:4180} INFO - Setting next_dagrun for train_traffic_pred to 2025-07-21 00:00:00+00:00, run_after=2025-07-22 00:00:00+00:00
[2025-07-21T14:25:36.154+0000] {processor.py:208} INFO - Processing /opt/airflow/dags/train_traffic_pred.py took 3.882 seconds
[2025-07-21T14:26:07.419+0000] {processor.py:186} INFO - Started process (PID=5189) to work on /opt/airflow/dags/train_traffic_pred.py
[2025-07-21T14:26:07.420+0000] {processor.py:914} INFO - Processing file /opt/airflow/dags/train_traffic_pred.py for tasks to queue
[2025-07-21T14:26:07.424+0000] {logging_mixin.py:190} INFO - [2025-07-21T14:26:07.423+0000] {dagbag.py:588} INFO - Filling up the DagBag from /opt/airflow/dags/train_traffic_pred.py
[2025-07-21T14:26:11.044+0000] {processor.py:925} INFO - DAG(s) 'train_traffic_pred' retrieved from /opt/airflow/dags/train_traffic_pred.py
[2025-07-21T14:26:11.069+0000] {logging_mixin.py:190} INFO - [2025-07-21T14:26:11.068+0000] {dag.py:3239} INFO - Sync 1 DAGs
[2025-07-21T14:26:11.088+0000] {logging_mixin.py:190} INFO - [2025-07-21T14:26:11.088+0000] {dag.py:4180} INFO - Setting next_dagrun for train_traffic_pred to 2025-07-21 00:00:00+00:00, run_after=2025-07-22 00:00:00+00:00
[2025-07-21T14:26:11.105+0000] {processor.py:208} INFO - Processing /opt/airflow/dags/train_traffic_pred.py took 3.693 seconds
[2025-07-21T14:26:42.823+0000] {processor.py:186} INFO - Started process (PID=5287) to work on /opt/airflow/dags/train_traffic_pred.py
[2025-07-21T14:26:42.825+0000] {processor.py:914} INFO - Processing file /opt/airflow/dags/train_traffic_pred.py for tasks to queue
[2025-07-21T14:26:42.828+0000] {logging_mixin.py:190} INFO - [2025-07-21T14:26:42.828+0000] {dagbag.py:588} INFO - Filling up the DagBag from /opt/airflow/dags/train_traffic_pred.py
[2025-07-21T14:26:46.236+0000] {processor.py:925} INFO - DAG(s) 'train_traffic_pred' retrieved from /opt/airflow/dags/train_traffic_pred.py
[2025-07-21T14:26:46.258+0000] {logging_mixin.py:190} INFO - [2025-07-21T14:26:46.258+0000] {dag.py:3239} INFO - Sync 1 DAGs
[2025-07-21T14:26:46.275+0000] {logging_mixin.py:190} INFO - [2025-07-21T14:26:46.275+0000] {dag.py:4180} INFO - Setting next_dagrun for train_traffic_pred to 2025-07-21 00:00:00+00:00, run_after=2025-07-22 00:00:00+00:00
[2025-07-21T14:26:46.291+0000] {processor.py:208} INFO - Processing /opt/airflow/dags/train_traffic_pred.py took 3.475 seconds
[2025-07-21T14:27:18.134+0000] {processor.py:186} INFO - Started process (PID=5385) to work on /opt/airflow/dags/train_traffic_pred.py
[2025-07-21T14:27:18.136+0000] {processor.py:914} INFO - Processing file /opt/airflow/dags/train_traffic_pred.py for tasks to queue
[2025-07-21T14:27:18.139+0000] {logging_mixin.py:190} INFO - [2025-07-21T14:27:18.138+0000] {dagbag.py:588} INFO - Filling up the DagBag from /opt/airflow/dags/train_traffic_pred.py
[2025-07-21T14:27:21.638+0000] {processor.py:925} INFO - DAG(s) 'train_traffic_pred' retrieved from /opt/airflow/dags/train_traffic_pred.py
[2025-07-21T14:27:21.663+0000] {logging_mixin.py:190} INFO - [2025-07-21T14:27:21.662+0000] {dag.py:3239} INFO - Sync 1 DAGs
[2025-07-21T14:27:21.682+0000] {logging_mixin.py:190} INFO - [2025-07-21T14:27:21.682+0000] {dag.py:4180} INFO - Setting next_dagrun for train_traffic_pred to 2025-07-21 00:00:00+00:00, run_after=2025-07-22 00:00:00+00:00
[2025-07-21T14:27:21.700+0000] {processor.py:208} INFO - Processing /opt/airflow/dags/train_traffic_pred.py took 3.570 seconds
[2025-07-21T14:27:53.259+0000] {processor.py:186} INFO - Started process (PID=5489) to work on /opt/airflow/dags/train_traffic_pred.py
[2025-07-21T14:27:53.260+0000] {processor.py:914} INFO - Processing file /opt/airflow/dags/train_traffic_pred.py for tasks to queue
[2025-07-21T14:27:53.262+0000] {logging_mixin.py:190} INFO - [2025-07-21T14:27:53.261+0000] {dagbag.py:588} INFO - Filling up the DagBag from /opt/airflow/dags/train_traffic_pred.py
[2025-07-21T14:27:56.984+0000] {processor.py:925} INFO - DAG(s) 'train_traffic_pred' retrieved from /opt/airflow/dags/train_traffic_pred.py
[2025-07-21T14:27:57.011+0000] {logging_mixin.py:190} INFO - [2025-07-21T14:27:57.010+0000] {dag.py:3239} INFO - Sync 1 DAGs
[2025-07-21T14:27:57.033+0000] {logging_mixin.py:190} INFO - [2025-07-21T14:27:57.033+0000] {dag.py:4180} INFO - Setting next_dagrun for train_traffic_pred to 2025-07-21 00:00:00+00:00, run_after=2025-07-22 00:00:00+00:00
[2025-07-21T14:27:57.051+0000] {processor.py:208} INFO - Processing /opt/airflow/dags/train_traffic_pred.py took 3.799 seconds
[2025-07-21T14:28:28.553+0000] {processor.py:186} INFO - Started process (PID=5587) to work on /opt/airflow/dags/train_traffic_pred.py
[2025-07-21T14:28:28.554+0000] {processor.py:914} INFO - Processing file /opt/airflow/dags/train_traffic_pred.py for tasks to queue
[2025-07-21T14:28:28.556+0000] {logging_mixin.py:190} INFO - [2025-07-21T14:28:28.556+0000] {dagbag.py:588} INFO - Filling up the DagBag from /opt/airflow/dags/train_traffic_pred.py
[2025-07-21T14:28:32.422+0000] {processor.py:925} INFO - DAG(s) 'train_traffic_pred' retrieved from /opt/airflow/dags/train_traffic_pred.py
[2025-07-21T14:28:32.447+0000] {logging_mixin.py:190} INFO - [2025-07-21T14:28:32.446+0000] {dag.py:3239} INFO - Sync 1 DAGs
[2025-07-21T14:28:32.468+0000] {logging_mixin.py:190} INFO - [2025-07-21T14:28:32.468+0000] {dag.py:4180} INFO - Setting next_dagrun for train_traffic_pred to 2025-07-21 00:00:00+00:00, run_after=2025-07-22 00:00:00+00:00
[2025-07-21T14:28:32.486+0000] {processor.py:208} INFO - Processing /opt/airflow/dags/train_traffic_pred.py took 3.940 seconds
[2025-07-21T14:29:04.157+0000] {processor.py:186} INFO - Started process (PID=8357) to work on /opt/airflow/dags/train_traffic_pred.py
[2025-07-21T14:29:04.158+0000] {processor.py:914} INFO - Processing file /opt/airflow/dags/train_traffic_pred.py for tasks to queue
[2025-07-21T14:29:04.161+0000] {logging_mixin.py:190} INFO - [2025-07-21T14:29:04.160+0000] {dagbag.py:588} INFO - Filling up the DagBag from /opt/airflow/dags/train_traffic_pred.py
[2025-07-21T14:29:07.841+0000] {processor.py:925} INFO - DAG(s) 'train_traffic_pred' retrieved from /opt/airflow/dags/train_traffic_pred.py
[2025-07-21T14:29:07.872+0000] {logging_mixin.py:190} INFO - [2025-07-21T14:29:07.871+0000] {dag.py:3239} INFO - Sync 1 DAGs
[2025-07-21T14:29:07.897+0000] {logging_mixin.py:190} INFO - [2025-07-21T14:29:07.897+0000] {dag.py:4180} INFO - Setting next_dagrun for train_traffic_pred to 2025-07-21 00:00:00+00:00, run_after=2025-07-22 00:00:00+00:00
[2025-07-21T14:29:07.917+0000] {processor.py:208} INFO - Processing /opt/airflow/dags/train_traffic_pred.py took 3.766 seconds
[2025-07-21T14:29:39.526+0000] {processor.py:186} INFO - Started process (PID=8455) to work on /opt/airflow/dags/train_traffic_pred.py
[2025-07-21T14:29:39.527+0000] {processor.py:914} INFO - Processing file /opt/airflow/dags/train_traffic_pred.py for tasks to queue
[2025-07-21T14:29:39.530+0000] {logging_mixin.py:190} INFO - [2025-07-21T14:29:39.530+0000] {dagbag.py:588} INFO - Filling up the DagBag from /opt/airflow/dags/train_traffic_pred.py
[2025-07-21T14:29:43.092+0000] {processor.py:925} INFO - DAG(s) 'train_traffic_pred' retrieved from /opt/airflow/dags/train_traffic_pred.py
[2025-07-21T14:29:43.114+0000] {logging_mixin.py:190} INFO - [2025-07-21T14:29:43.113+0000] {dag.py:3239} INFO - Sync 1 DAGs
[2025-07-21T14:29:43.132+0000] {logging_mixin.py:190} INFO - [2025-07-21T14:29:43.132+0000] {dag.py:4180} INFO - Setting next_dagrun for train_traffic_pred to 2025-07-21 00:00:00+00:00, run_after=2025-07-22 00:00:00+00:00
[2025-07-21T14:29:43.145+0000] {processor.py:208} INFO - Processing /opt/airflow/dags/train_traffic_pred.py took 3.626 seconds
[2025-07-21T14:30:14.765+0000] {processor.py:186} INFO - Started process (PID=8553) to work on /opt/airflow/dags/train_traffic_pred.py
[2025-07-21T14:30:14.766+0000] {processor.py:914} INFO - Processing file /opt/airflow/dags/train_traffic_pred.py for tasks to queue
[2025-07-21T14:30:14.768+0000] {logging_mixin.py:190} INFO - [2025-07-21T14:30:14.767+0000] {dagbag.py:588} INFO - Filling up the DagBag from /opt/airflow/dags/train_traffic_pred.py
[2025-07-21T14:30:18.468+0000] {processor.py:925} INFO - DAG(s) 'train_traffic_pred' retrieved from /opt/airflow/dags/train_traffic_pred.py
[2025-07-21T14:30:18.493+0000] {logging_mixin.py:190} INFO - [2025-07-21T14:30:18.492+0000] {dag.py:3239} INFO - Sync 1 DAGs
[2025-07-21T14:30:18.518+0000] {logging_mixin.py:190} INFO - [2025-07-21T14:30:18.518+0000] {dag.py:4180} INFO - Setting next_dagrun for train_traffic_pred to 2025-07-21 00:00:00+00:00, run_after=2025-07-22 00:00:00+00:00
[2025-07-21T14:30:18.535+0000] {processor.py:208} INFO - Processing /opt/airflow/dags/train_traffic_pred.py took 3.776 seconds
[2025-07-21T14:30:50.175+0000] {processor.py:186} INFO - Started process (PID=8651) to work on /opt/airflow/dags/train_traffic_pred.py
[2025-07-21T14:30:50.176+0000] {processor.py:914} INFO - Processing file /opt/airflow/dags/train_traffic_pred.py for tasks to queue
[2025-07-21T14:30:50.178+0000] {logging_mixin.py:190} INFO - [2025-07-21T14:30:50.178+0000] {dagbag.py:588} INFO - Filling up the DagBag from /opt/airflow/dags/train_traffic_pred.py
[2025-07-21T14:30:54.140+0000] {processor.py:925} INFO - DAG(s) 'train_traffic_pred' retrieved from /opt/airflow/dags/train_traffic_pred.py
[2025-07-21T14:30:54.160+0000] {logging_mixin.py:190} INFO - [2025-07-21T14:30:54.160+0000] {dag.py:3239} INFO - Sync 1 DAGs
[2025-07-21T14:30:54.177+0000] {logging_mixin.py:190} INFO - [2025-07-21T14:30:54.177+0000] {dag.py:4180} INFO - Setting next_dagrun for train_traffic_pred to 2025-07-21 00:00:00+00:00, run_after=2025-07-22 00:00:00+00:00
[2025-07-21T14:30:54.193+0000] {processor.py:208} INFO - Processing /opt/airflow/dags/train_traffic_pred.py took 4.024 seconds
[2025-07-21T14:31:25.828+0000] {processor.py:186} INFO - Started process (PID=8755) to work on /opt/airflow/dags/train_traffic_pred.py
[2025-07-21T14:31:25.829+0000] {processor.py:914} INFO - Processing file /opt/airflow/dags/train_traffic_pred.py for tasks to queue
[2025-07-21T14:31:25.832+0000] {logging_mixin.py:190} INFO - [2025-07-21T14:31:25.832+0000] {dagbag.py:588} INFO - Filling up the DagBag from /opt/airflow/dags/train_traffic_pred.py
[2025-07-21T14:31:29.362+0000] {processor.py:925} INFO - DAG(s) 'train_traffic_pred' retrieved from /opt/airflow/dags/train_traffic_pred.py
[2025-07-21T14:31:29.383+0000] {logging_mixin.py:190} INFO - [2025-07-21T14:31:29.383+0000] {dag.py:3239} INFO - Sync 1 DAGs
[2025-07-21T14:31:29.401+0000] {logging_mixin.py:190} INFO - [2025-07-21T14:31:29.401+0000] {dag.py:4180} INFO - Setting next_dagrun for train_traffic_pred to 2025-07-21 00:00:00+00:00, run_after=2025-07-22 00:00:00+00:00
[2025-07-21T14:31:29.416+0000] {processor.py:208} INFO - Processing /opt/airflow/dags/train_traffic_pred.py took 3.595 seconds
[2025-07-21T14:32:00.563+0000] {processor.py:186} INFO - Started process (PID=8853) to work on /opt/airflow/dags/train_traffic_pred.py
[2025-07-21T14:32:00.564+0000] {processor.py:914} INFO - Processing file /opt/airflow/dags/train_traffic_pred.py for tasks to queue
[2025-07-21T14:32:00.566+0000] {logging_mixin.py:190} INFO - [2025-07-21T14:32:00.565+0000] {dagbag.py:588} INFO - Filling up the DagBag from /opt/airflow/dags/train_traffic_pred.py
[2025-07-21T14:32:04.179+0000] {processor.py:925} INFO - DAG(s) 'train_traffic_pred' retrieved from /opt/airflow/dags/train_traffic_pred.py
[2025-07-21T14:32:04.201+0000] {logging_mixin.py:190} INFO - [2025-07-21T14:32:04.200+0000] {dag.py:3239} INFO - Sync 1 DAGs
[2025-07-21T14:32:04.218+0000] {logging_mixin.py:190} INFO - [2025-07-21T14:32:04.218+0000] {dag.py:4180} INFO - Setting next_dagrun for train_traffic_pred to 2025-07-21 00:00:00+00:00, run_after=2025-07-22 00:00:00+00:00
[2025-07-21T14:32:04.233+0000] {processor.py:208} INFO - Processing /opt/airflow/dags/train_traffic_pred.py took 3.675 seconds
[2025-07-21T14:32:36.102+0000] {processor.py:186} INFO - Started process (PID=8951) to work on /opt/airflow/dags/train_traffic_pred.py
[2025-07-21T14:32:36.104+0000] {processor.py:914} INFO - Processing file /opt/airflow/dags/train_traffic_pred.py for tasks to queue
[2025-07-21T14:32:36.107+0000] {logging_mixin.py:190} INFO - [2025-07-21T14:32:36.106+0000] {dagbag.py:588} INFO - Filling up the DagBag from /opt/airflow/dags/train_traffic_pred.py
[2025-07-21T14:32:39.438+0000] {processor.py:925} INFO - DAG(s) 'train_traffic_pred' retrieved from /opt/airflow/dags/train_traffic_pred.py
[2025-07-21T14:32:39.457+0000] {logging_mixin.py:190} INFO - [2025-07-21T14:32:39.457+0000] {dag.py:3239} INFO - Sync 1 DAGs
[2025-07-21T14:32:39.474+0000] {logging_mixin.py:190} INFO - [2025-07-21T14:32:39.474+0000] {dag.py:4180} INFO - Setting next_dagrun for train_traffic_pred to 2025-07-21 00:00:00+00:00, run_after=2025-07-22 00:00:00+00:00
[2025-07-21T14:32:39.491+0000] {processor.py:208} INFO - Processing /opt/airflow/dags/train_traffic_pred.py took 3.395 seconds
[2025-07-21T14:33:10.648+0000] {processor.py:186} INFO - Started process (PID=9049) to work on /opt/airflow/dags/train_traffic_pred.py
[2025-07-21T14:33:10.648+0000] {processor.py:914} INFO - Processing file /opt/airflow/dags/train_traffic_pred.py for tasks to queue
[2025-07-21T14:33:10.650+0000] {logging_mixin.py:190} INFO - [2025-07-21T14:33:10.650+0000] {dagbag.py:588} INFO - Filling up the DagBag from /opt/airflow/dags/train_traffic_pred.py
[2025-07-21T14:33:14.029+0000] {processor.py:925} INFO - DAG(s) 'train_traffic_pred' retrieved from /opt/airflow/dags/train_traffic_pred.py
[2025-07-21T14:33:14.050+0000] {logging_mixin.py:190} INFO - [2025-07-21T14:33:14.049+0000] {dag.py:3239} INFO - Sync 1 DAGs
[2025-07-21T14:33:14.068+0000] {logging_mixin.py:190} INFO - [2025-07-21T14:33:14.068+0000] {dag.py:4180} INFO - Setting next_dagrun for train_traffic_pred to 2025-07-21 00:00:00+00:00, run_after=2025-07-22 00:00:00+00:00
[2025-07-21T14:33:14.084+0000] {processor.py:208} INFO - Processing /opt/airflow/dags/train_traffic_pred.py took 3.442 seconds
[2025-07-21T14:33:46.058+0000] {processor.py:186} INFO - Started process (PID=9147) to work on /opt/airflow/dags/train_traffic_pred.py
[2025-07-21T14:33:46.059+0000] {processor.py:914} INFO - Processing file /opt/airflow/dags/train_traffic_pred.py for tasks to queue
[2025-07-21T14:33:46.062+0000] {logging_mixin.py:190} INFO - [2025-07-21T14:33:46.062+0000] {dagbag.py:588} INFO - Filling up the DagBag from /opt/airflow/dags/train_traffic_pred.py
[2025-07-21T14:33:49.355+0000] {processor.py:925} INFO - DAG(s) 'train_traffic_pred' retrieved from /opt/airflow/dags/train_traffic_pred.py
[2025-07-21T14:33:49.376+0000] {logging_mixin.py:190} INFO - [2025-07-21T14:33:49.375+0000] {dag.py:3239} INFO - Sync 1 DAGs
[2025-07-21T14:33:49.394+0000] {logging_mixin.py:190} INFO - [2025-07-21T14:33:49.394+0000] {dag.py:4180} INFO - Setting next_dagrun for train_traffic_pred to 2025-07-21 00:00:00+00:00, run_after=2025-07-22 00:00:00+00:00
[2025-07-21T14:33:49.407+0000] {processor.py:208} INFO - Processing /opt/airflow/dags/train_traffic_pred.py took 3.354 seconds
[2025-07-21T14:34:20.909+0000] {processor.py:186} INFO - Started process (PID=9245) to work on /opt/airflow/dags/train_traffic_pred.py
[2025-07-21T14:34:20.910+0000] {processor.py:914} INFO - Processing file /opt/airflow/dags/train_traffic_pred.py for tasks to queue
[2025-07-21T14:34:20.913+0000] {logging_mixin.py:190} INFO - [2025-07-21T14:34:20.913+0000] {dagbag.py:588} INFO - Filling up the DagBag from /opt/airflow/dags/train_traffic_pred.py
[2025-07-21T14:34:24.381+0000] {processor.py:925} INFO - DAG(s) 'train_traffic_pred' retrieved from /opt/airflow/dags/train_traffic_pred.py
[2025-07-21T14:34:24.403+0000] {logging_mixin.py:190} INFO - [2025-07-21T14:34:24.403+0000] {dag.py:3239} INFO - Sync 1 DAGs
[2025-07-21T14:34:24.420+0000] {logging_mixin.py:190} INFO - [2025-07-21T14:34:24.419+0000] {dag.py:4180} INFO - Setting next_dagrun for train_traffic_pred to 2025-07-21 00:00:00+00:00, run_after=2025-07-22 00:00:00+00:00
[2025-07-21T14:34:24.433+0000] {processor.py:208} INFO - Processing /opt/airflow/dags/train_traffic_pred.py took 3.532 seconds
[2025-07-21T14:34:56.425+0000] {processor.py:186} INFO - Started process (PID=9349) to work on /opt/airflow/dags/train_traffic_pred.py
[2025-07-21T14:34:56.426+0000] {processor.py:914} INFO - Processing file /opt/airflow/dags/train_traffic_pred.py for tasks to queue
[2025-07-21T14:34:56.429+0000] {logging_mixin.py:190} INFO - [2025-07-21T14:34:56.429+0000] {dagbag.py:588} INFO - Filling up the DagBag from /opt/airflow/dags/train_traffic_pred.py
[2025-07-21T14:34:59.960+0000] {processor.py:925} INFO - DAG(s) 'train_traffic_pred' retrieved from /opt/airflow/dags/train_traffic_pred.py
[2025-07-21T14:34:59.982+0000] {logging_mixin.py:190} INFO - [2025-07-21T14:34:59.981+0000] {dag.py:3239} INFO - Sync 1 DAGs
[2025-07-21T14:34:59.999+0000] {logging_mixin.py:190} INFO - [2025-07-21T14:34:59.999+0000] {dag.py:4180} INFO - Setting next_dagrun for train_traffic_pred to 2025-07-21 00:00:00+00:00, run_after=2025-07-22 00:00:00+00:00
[2025-07-21T14:35:00.016+0000] {processor.py:208} INFO - Processing /opt/airflow/dags/train_traffic_pred.py took 3.599 seconds
[2025-07-21T14:35:31.887+0000] {processor.py:186} INFO - Started process (PID=9447) to work on /opt/airflow/dags/train_traffic_pred.py
[2025-07-21T14:35:31.889+0000] {processor.py:914} INFO - Processing file /opt/airflow/dags/train_traffic_pred.py for tasks to queue
[2025-07-21T14:35:31.892+0000] {logging_mixin.py:190} INFO - [2025-07-21T14:35:31.891+0000] {dagbag.py:588} INFO - Filling up the DagBag from /opt/airflow/dags/train_traffic_pred.py
[2025-07-21T14:35:35.311+0000] {processor.py:925} INFO - DAG(s) 'train_traffic_pred' retrieved from /opt/airflow/dags/train_traffic_pred.py
[2025-07-21T14:35:35.333+0000] {logging_mixin.py:190} INFO - [2025-07-21T14:35:35.331+0000] {dag.py:3239} INFO - Sync 1 DAGs
[2025-07-21T14:35:35.352+0000] {logging_mixin.py:190} INFO - [2025-07-21T14:35:35.352+0000] {dag.py:4180} INFO - Setting next_dagrun for train_traffic_pred to 2025-07-21 00:00:00+00:00, run_after=2025-07-22 00:00:00+00:00
[2025-07-21T14:35:35.370+0000] {processor.py:208} INFO - Processing /opt/airflow/dags/train_traffic_pred.py took 3.489 seconds
[2025-07-21T14:36:06.906+0000] {processor.py:186} INFO - Started process (PID=9545) to work on /opt/airflow/dags/train_traffic_pred.py
[2025-07-21T14:36:06.907+0000] {processor.py:914} INFO - Processing file /opt/airflow/dags/train_traffic_pred.py for tasks to queue
[2025-07-21T14:36:06.909+0000] {logging_mixin.py:190} INFO - [2025-07-21T14:36:06.909+0000] {dagbag.py:588} INFO - Filling up the DagBag from /opt/airflow/dags/train_traffic_pred.py
[2025-07-21T14:36:10.544+0000] {processor.py:925} INFO - DAG(s) 'train_traffic_pred' retrieved from /opt/airflow/dags/train_traffic_pred.py
[2025-07-21T14:36:10.571+0000] {logging_mixin.py:190} INFO - [2025-07-21T14:36:10.571+0000] {dag.py:3239} INFO - Sync 1 DAGs
[2025-07-21T14:36:10.589+0000] {logging_mixin.py:190} INFO - [2025-07-21T14:36:10.589+0000] {dag.py:4180} INFO - Setting next_dagrun for train_traffic_pred to 2025-07-21 00:00:00+00:00, run_after=2025-07-22 00:00:00+00:00
[2025-07-21T14:36:10.605+0000] {processor.py:208} INFO - Processing /opt/airflow/dags/train_traffic_pred.py took 3.704 seconds
[2025-07-21T14:36:42.088+0000] {processor.py:186} INFO - Started process (PID=9643) to work on /opt/airflow/dags/train_traffic_pred.py
[2025-07-21T14:36:42.090+0000] {processor.py:914} INFO - Processing file /opt/airflow/dags/train_traffic_pred.py for tasks to queue
[2025-07-21T14:36:42.094+0000] {logging_mixin.py:190} INFO - [2025-07-21T14:36:42.093+0000] {dagbag.py:588} INFO - Filling up the DagBag from /opt/airflow/dags/train_traffic_pred.py
[2025-07-21T14:36:45.584+0000] {processor.py:925} INFO - DAG(s) 'train_traffic_pred' retrieved from /opt/airflow/dags/train_traffic_pred.py
[2025-07-21T14:36:45.609+0000] {logging_mixin.py:190} INFO - [2025-07-21T14:36:45.609+0000] {dag.py:3239} INFO - Sync 1 DAGs
[2025-07-21T14:36:45.627+0000] {logging_mixin.py:190} INFO - [2025-07-21T14:36:45.627+0000] {dag.py:4180} INFO - Setting next_dagrun for train_traffic_pred to 2025-07-21 00:00:00+00:00, run_after=2025-07-22 00:00:00+00:00
[2025-07-21T14:36:45.644+0000] {processor.py:208} INFO - Processing /opt/airflow/dags/train_traffic_pred.py took 3.565 seconds
[2025-07-21T14:37:17.576+0000] {processor.py:186} INFO - Started process (PID=9741) to work on /opt/airflow/dags/train_traffic_pred.py
[2025-07-21T14:37:17.577+0000] {processor.py:914} INFO - Processing file /opt/airflow/dags/train_traffic_pred.py for tasks to queue
[2025-07-21T14:37:17.579+0000] {logging_mixin.py:190} INFO - [2025-07-21T14:37:17.579+0000] {dagbag.py:588} INFO - Filling up the DagBag from /opt/airflow/dags/train_traffic_pred.py
[2025-07-21T14:37:21.029+0000] {processor.py:925} INFO - DAG(s) 'train_traffic_pred' retrieved from /opt/airflow/dags/train_traffic_pred.py
[2025-07-21T14:37:21.052+0000] {logging_mixin.py:190} INFO - [2025-07-21T14:37:21.051+0000] {dag.py:3239} INFO - Sync 1 DAGs
[2025-07-21T14:37:21.070+0000] {logging_mixin.py:190} INFO - [2025-07-21T14:37:21.070+0000] {dag.py:4180} INFO - Setting next_dagrun for train_traffic_pred to 2025-07-21 00:00:00+00:00, run_after=2025-07-22 00:00:00+00:00
[2025-07-21T14:37:21.086+0000] {processor.py:208} INFO - Processing /opt/airflow/dags/train_traffic_pred.py took 3.516 seconds
[2025-07-21T14:37:52.590+0000] {processor.py:186} INFO - Started process (PID=9839) to work on /opt/airflow/dags/train_traffic_pred.py
[2025-07-21T14:37:52.591+0000] {processor.py:914} INFO - Processing file /opt/airflow/dags/train_traffic_pred.py for tasks to queue
[2025-07-21T14:37:52.593+0000] {logging_mixin.py:190} INFO - [2025-07-21T14:37:52.593+0000] {dagbag.py:588} INFO - Filling up the DagBag from /opt/airflow/dags/train_traffic_pred.py
[2025-07-21T14:37:56.083+0000] {processor.py:925} INFO - DAG(s) 'train_traffic_pred' retrieved from /opt/airflow/dags/train_traffic_pred.py
[2025-07-21T14:37:56.103+0000] {logging_mixin.py:190} INFO - [2025-07-21T14:37:56.103+0000] {dag.py:3239} INFO - Sync 1 DAGs
[2025-07-21T14:37:56.118+0000] {logging_mixin.py:190} INFO - [2025-07-21T14:37:56.118+0000] {dag.py:4180} INFO - Setting next_dagrun for train_traffic_pred to 2025-07-21 00:00:00+00:00, run_after=2025-07-22 00:00:00+00:00
[2025-07-21T14:37:56.135+0000] {processor.py:208} INFO - Processing /opt/airflow/dags/train_traffic_pred.py took 3.555 seconds
[2025-07-21T14:38:28.014+0000] {processor.py:186} INFO - Started process (PID=9943) to work on /opt/airflow/dags/train_traffic_pred.py
[2025-07-21T14:38:28.015+0000] {processor.py:914} INFO - Processing file /opt/airflow/dags/train_traffic_pred.py for tasks to queue
[2025-07-21T14:38:28.017+0000] {logging_mixin.py:190} INFO - [2025-07-21T14:38:28.017+0000] {dagbag.py:588} INFO - Filling up the DagBag from /opt/airflow/dags/train_traffic_pred.py
[2025-07-21T14:38:31.286+0000] {processor.py:925} INFO - DAG(s) 'train_traffic_pred' retrieved from /opt/airflow/dags/train_traffic_pred.py
[2025-07-21T14:38:31.308+0000] {logging_mixin.py:190} INFO - [2025-07-21T14:38:31.307+0000] {dag.py:3239} INFO - Sync 1 DAGs
[2025-07-21T14:38:31.324+0000] {logging_mixin.py:190} INFO - [2025-07-21T14:38:31.324+0000] {dag.py:4180} INFO - Setting next_dagrun for train_traffic_pred to 2025-07-21 00:00:00+00:00, run_after=2025-07-22 00:00:00+00:00
[2025-07-21T14:38:31.339+0000] {processor.py:208} INFO - Processing /opt/airflow/dags/train_traffic_pred.py took 3.330 seconds
[2025-07-21T14:39:03.244+0000] {processor.py:186} INFO - Started process (PID=10041) to work on /opt/airflow/dags/train_traffic_pred.py
[2025-07-21T14:39:03.245+0000] {processor.py:914} INFO - Processing file /opt/airflow/dags/train_traffic_pred.py for tasks to queue
[2025-07-21T14:39:03.248+0000] {logging_mixin.py:190} INFO - [2025-07-21T14:39:03.247+0000] {dagbag.py:588} INFO - Filling up the DagBag from /opt/airflow/dags/train_traffic_pred.py
[2025-07-21T14:39:06.545+0000] {processor.py:925} INFO - DAG(s) 'train_traffic_pred' retrieved from /opt/airflow/dags/train_traffic_pred.py
[2025-07-21T14:39:06.565+0000] {logging_mixin.py:190} INFO - [2025-07-21T14:39:06.565+0000] {dag.py:3239} INFO - Sync 1 DAGs
[2025-07-21T14:39:06.581+0000] {logging_mixin.py:190} INFO - [2025-07-21T14:39:06.581+0000] {dag.py:4180} INFO - Setting next_dagrun for train_traffic_pred to 2025-07-21 00:00:00+00:00, run_after=2025-07-22 00:00:00+00:00
[2025-07-21T14:39:06.594+0000] {processor.py:208} INFO - Processing /opt/airflow/dags/train_traffic_pred.py took 3.354 seconds
[2025-07-21T14:39:38.515+0000] {processor.py:186} INFO - Started process (PID=10139) to work on /opt/airflow/dags/train_traffic_pred.py
[2025-07-21T14:39:38.517+0000] {processor.py:914} INFO - Processing file /opt/airflow/dags/train_traffic_pred.py for tasks to queue
[2025-07-21T14:39:38.520+0000] {logging_mixin.py:190} INFO - [2025-07-21T14:39:38.520+0000] {dagbag.py:588} INFO - Filling up the DagBag from /opt/airflow/dags/train_traffic_pred.py
[2025-07-21T14:39:41.994+0000] {processor.py:925} INFO - DAG(s) 'train_traffic_pred' retrieved from /opt/airflow/dags/train_traffic_pred.py
[2025-07-21T14:39:42.017+0000] {logging_mixin.py:190} INFO - [2025-07-21T14:39:42.017+0000] {dag.py:3239} INFO - Sync 1 DAGs
[2025-07-21T14:39:42.035+0000] {logging_mixin.py:190} INFO - [2025-07-21T14:39:42.035+0000] {dag.py:4180} INFO - Setting next_dagrun for train_traffic_pred to 2025-07-21 00:00:00+00:00, run_after=2025-07-22 00:00:00+00:00
[2025-07-21T14:39:42.052+0000] {processor.py:208} INFO - Processing /opt/airflow/dags/train_traffic_pred.py took 3.543 seconds
[2025-07-21T14:40:13.917+0000] {processor.py:186} INFO - Started process (PID=10237) to work on /opt/airflow/dags/train_traffic_pred.py
[2025-07-21T14:40:13.918+0000] {processor.py:914} INFO - Processing file /opt/airflow/dags/train_traffic_pred.py for tasks to queue
[2025-07-21T14:40:13.921+0000] {logging_mixin.py:190} INFO - [2025-07-21T14:40:13.920+0000] {dagbag.py:588} INFO - Filling up the DagBag from /opt/airflow/dags/train_traffic_pred.py
[2025-07-21T14:40:17.129+0000] {processor.py:925} INFO - DAG(s) 'train_traffic_pred' retrieved from /opt/airflow/dags/train_traffic_pred.py
[2025-07-21T14:40:17.152+0000] {logging_mixin.py:190} INFO - [2025-07-21T14:40:17.151+0000] {dag.py:3239} INFO - Sync 1 DAGs
[2025-07-21T14:40:17.168+0000] {logging_mixin.py:190} INFO - [2025-07-21T14:40:17.168+0000] {dag.py:4180} INFO - Setting next_dagrun for train_traffic_pred to 2025-07-21 00:00:00+00:00, run_after=2025-07-22 00:00:00+00:00
[2025-07-21T14:40:17.182+0000] {processor.py:208} INFO - Processing /opt/airflow/dags/train_traffic_pred.py took 3.271 seconds
[2025-07-21T14:40:48.915+0000] {processor.py:186} INFO - Started process (PID=10335) to work on /opt/airflow/dags/train_traffic_pred.py
[2025-07-21T14:40:48.916+0000] {processor.py:914} INFO - Processing file /opt/airflow/dags/train_traffic_pred.py for tasks to queue
[2025-07-21T14:40:48.918+0000] {logging_mixin.py:190} INFO - [2025-07-21T14:40:48.918+0000] {dagbag.py:588} INFO - Filling up the DagBag from /opt/airflow/dags/train_traffic_pred.py
[2025-07-21T14:40:52.267+0000] {processor.py:925} INFO - DAG(s) 'train_traffic_pred' retrieved from /opt/airflow/dags/train_traffic_pred.py
[2025-07-21T14:40:52.291+0000] {logging_mixin.py:190} INFO - [2025-07-21T14:40:52.290+0000] {dag.py:3239} INFO - Sync 1 DAGs
[2025-07-21T14:40:52.309+0000] {logging_mixin.py:190} INFO - [2025-07-21T14:40:52.308+0000] {dag.py:4180} INFO - Setting next_dagrun for train_traffic_pred to 2025-07-21 00:00:00+00:00, run_after=2025-07-22 00:00:00+00:00
[2025-07-21T14:40:52.324+0000] {processor.py:208} INFO - Processing /opt/airflow/dags/train_traffic_pred.py took 3.415 seconds
[2025-07-21T17:38:00.638+0000] {processor.py:186} INFO - Started process (PID=185) to work on /opt/airflow/dags/train_traffic_pred.py
[2025-07-21T17:38:00.640+0000] {processor.py:914} INFO - Processing file /opt/airflow/dags/train_traffic_pred.py for tasks to queue
[2025-07-21T17:38:00.643+0000] {logging_mixin.py:190} INFO - [2025-07-21T17:38:00.643+0000] {dagbag.py:588} INFO - Filling up the DagBag from /opt/airflow/dags/train_traffic_pred.py
[2025-07-21T17:38:08.197+0000] {processor.py:925} INFO - DAG(s) 'train_traffic_pred' retrieved from /opt/airflow/dags/train_traffic_pred.py
[2025-07-21T17:38:08.227+0000] {logging_mixin.py:190} INFO - [2025-07-21T17:38:08.226+0000] {dag.py:3239} INFO - Sync 1 DAGs
[2025-07-21T17:38:08.248+0000] {logging_mixin.py:190} INFO - [2025-07-21T17:38:08.248+0000] {dag.py:4180} INFO - Setting next_dagrun for train_traffic_pred to 2025-07-21 00:00:00+00:00, run_after=2025-07-22 00:00:00+00:00
[2025-07-21T17:38:08.268+0000] {processor.py:208} INFO - Processing /opt/airflow/dags/train_traffic_pred.py took 7.638 seconds
[2025-07-21T17:38:39.559+0000] {processor.py:186} INFO - Started process (PID=289) to work on /opt/airflow/dags/train_traffic_pred.py
[2025-07-21T17:38:39.560+0000] {processor.py:914} INFO - Processing file /opt/airflow/dags/train_traffic_pred.py for tasks to queue
[2025-07-21T17:38:39.562+0000] {logging_mixin.py:190} INFO - [2025-07-21T17:38:39.562+0000] {dagbag.py:588} INFO - Filling up the DagBag from /opt/airflow/dags/train_traffic_pred.py
[2025-07-21T17:38:43.396+0000] {processor.py:925} INFO - DAG(s) 'train_traffic_pred' retrieved from /opt/airflow/dags/train_traffic_pred.py
[2025-07-21T17:38:43.422+0000] {logging_mixin.py:190} INFO - [2025-07-21T17:38:43.421+0000] {dag.py:3239} INFO - Sync 1 DAGs
[2025-07-21T17:38:43.441+0000] {logging_mixin.py:190} INFO - [2025-07-21T17:38:43.440+0000] {dag.py:4180} INFO - Setting next_dagrun for train_traffic_pred to 2025-07-21 00:00:00+00:00, run_after=2025-07-22 00:00:00+00:00
[2025-07-21T17:38:43.457+0000] {processor.py:208} INFO - Processing /opt/airflow/dags/train_traffic_pred.py took 3.904 seconds
[2025-07-21T17:39:14.558+0000] {processor.py:186} INFO - Started process (PID=387) to work on /opt/airflow/dags/train_traffic_pred.py
[2025-07-21T17:39:14.560+0000] {processor.py:914} INFO - Processing file /opt/airflow/dags/train_traffic_pred.py for tasks to queue
[2025-07-21T17:39:14.563+0000] {logging_mixin.py:190} INFO - [2025-07-21T17:39:14.562+0000] {dagbag.py:588} INFO - Filling up the DagBag from /opt/airflow/dags/train_traffic_pred.py
[2025-07-21T17:39:18.256+0000] {processor.py:925} INFO - DAG(s) 'train_traffic_pred' retrieved from /opt/airflow/dags/train_traffic_pred.py
[2025-07-21T17:39:18.281+0000] {logging_mixin.py:190} INFO - [2025-07-21T17:39:18.281+0000] {dag.py:3239} INFO - Sync 1 DAGs
[2025-07-21T17:39:18.304+0000] {logging_mixin.py:190} INFO - [2025-07-21T17:39:18.304+0000] {dag.py:4180} INFO - Setting next_dagrun for train_traffic_pred to 2025-07-21 00:00:00+00:00, run_after=2025-07-22 00:00:00+00:00
[2025-07-21T17:39:18.320+0000] {processor.py:208} INFO - Processing /opt/airflow/dags/train_traffic_pred.py took 3.768 seconds
[2025-07-21T17:39:49.711+0000] {processor.py:186} INFO - Started process (PID=486) to work on /opt/airflow/dags/train_traffic_pred.py
[2025-07-21T17:39:50.028+0000] {processor.py:914} INFO - Processing file /opt/airflow/dags/train_traffic_pred.py for tasks to queue
[2025-07-21T17:39:50.348+0000] {logging_mixin.py:190} INFO - [2025-07-21T17:39:50.347+0000] {dagbag.py:588} INFO - Filling up the DagBag from /opt/airflow/dags/train_traffic_pred.py
[2025-07-21T17:39:54.388+0000] {processor.py:925} INFO - DAG(s) 'train_traffic_pred' retrieved from /opt/airflow/dags/train_traffic_pred.py
[2025-07-21T17:39:55.620+0000] {logging_mixin.py:190} INFO - [2025-07-21T17:39:55.619+0000] {dag.py:3239} INFO - Sync 1 DAGs
[2025-07-21T17:39:55.962+0000] {logging_mixin.py:190} INFO - [2025-07-21T17:39:55.962+0000] {dag.py:4180} INFO - Setting next_dagrun for train_traffic_pred to 2025-07-21 00:00:00+00:00, run_after=2025-07-22 00:00:00+00:00
[2025-07-21T17:39:56.297+0000] {processor.py:208} INFO - Processing /opt/airflow/dags/train_traffic_pred.py took 6.593 seconds
[2025-07-21T17:40:28.458+0000] {processor.py:186} INFO - Started process (PID=584) to work on /opt/airflow/dags/train_traffic_pred.py
[2025-07-21T17:40:28.459+0000] {processor.py:914} INFO - Processing file /opt/airflow/dags/train_traffic_pred.py for tasks to queue
[2025-07-21T17:40:28.461+0000] {logging_mixin.py:190} INFO - [2025-07-21T17:40:28.461+0000] {dagbag.py:588} INFO - Filling up the DagBag from /opt/airflow/dags/train_traffic_pred.py
[2025-07-21T17:40:32.393+0000] {processor.py:925} INFO - DAG(s) 'train_traffic_pred' retrieved from /opt/airflow/dags/train_traffic_pred.py
[2025-07-21T17:40:32.420+0000] {logging_mixin.py:190} INFO - [2025-07-21T17:40:32.419+0000] {dag.py:3239} INFO - Sync 1 DAGs
[2025-07-21T17:40:32.442+0000] {logging_mixin.py:190} INFO - [2025-07-21T17:40:32.442+0000] {dag.py:4180} INFO - Setting next_dagrun for train_traffic_pred to 2025-07-21 00:00:00+00:00, run_after=2025-07-22 00:00:00+00:00
[2025-07-21T17:40:32.460+0000] {processor.py:208} INFO - Processing /opt/airflow/dags/train_traffic_pred.py took 4.009 seconds
[2025-07-21T17:41:04.428+0000] {processor.py:186} INFO - Started process (PID=688) to work on /opt/airflow/dags/train_traffic_pred.py
[2025-07-21T17:41:04.429+0000] {processor.py:914} INFO - Processing file /opt/airflow/dags/train_traffic_pred.py for tasks to queue
[2025-07-21T17:41:04.431+0000] {logging_mixin.py:190} INFO - [2025-07-21T17:41:04.430+0000] {dagbag.py:588} INFO - Filling up the DagBag from /opt/airflow/dags/train_traffic_pred.py
[2025-07-21T17:41:07.831+0000] {processor.py:925} INFO - DAG(s) 'train_traffic_pred' retrieved from /opt/airflow/dags/train_traffic_pred.py
[2025-07-21T17:41:07.854+0000] {logging_mixin.py:190} INFO - [2025-07-21T17:41:07.853+0000] {dag.py:3239} INFO - Sync 1 DAGs
[2025-07-21T17:41:07.873+0000] {logging_mixin.py:190} INFO - [2025-07-21T17:41:07.872+0000] {dag.py:4180} INFO - Setting next_dagrun for train_traffic_pred to 2025-07-21 00:00:00+00:00, run_after=2025-07-22 00:00:00+00:00
[2025-07-21T17:41:07.887+0000] {processor.py:208} INFO - Processing /opt/airflow/dags/train_traffic_pred.py took 3.464 seconds
[2025-07-21T17:41:39.781+0000] {processor.py:186} INFO - Started process (PID=786) to work on /opt/airflow/dags/train_traffic_pred.py
[2025-07-21T17:41:39.782+0000] {processor.py:914} INFO - Processing file /opt/airflow/dags/train_traffic_pred.py for tasks to queue
[2025-07-21T17:41:39.784+0000] {logging_mixin.py:190} INFO - [2025-07-21T17:41:39.784+0000] {dagbag.py:588} INFO - Filling up the DagBag from /opt/airflow/dags/train_traffic_pred.py
[2025-07-21T17:41:43.087+0000] {processor.py:925} INFO - DAG(s) 'train_traffic_pred' retrieved from /opt/airflow/dags/train_traffic_pred.py
[2025-07-21T17:41:43.108+0000] {logging_mixin.py:190} INFO - [2025-07-21T17:41:43.108+0000] {dag.py:3239} INFO - Sync 1 DAGs
[2025-07-21T17:41:43.125+0000] {logging_mixin.py:190} INFO - [2025-07-21T17:41:43.125+0000] {dag.py:4180} INFO - Setting next_dagrun for train_traffic_pred to 2025-07-21 00:00:00+00:00, run_after=2025-07-22 00:00:00+00:00
[2025-07-21T17:41:43.139+0000] {processor.py:208} INFO - Processing /opt/airflow/dags/train_traffic_pred.py took 3.363 seconds
[2025-07-21T17:42:14.225+0000] {processor.py:186} INFO - Started process (PID=884) to work on /opt/airflow/dags/train_traffic_pred.py
[2025-07-21T17:42:14.226+0000] {processor.py:914} INFO - Processing file /opt/airflow/dags/train_traffic_pred.py for tasks to queue
[2025-07-21T17:42:14.228+0000] {logging_mixin.py:190} INFO - [2025-07-21T17:42:14.228+0000] {dagbag.py:588} INFO - Filling up the DagBag from /opt/airflow/dags/train_traffic_pred.py
[2025-07-21T17:42:17.543+0000] {processor.py:925} INFO - DAG(s) 'train_traffic_pred' retrieved from /opt/airflow/dags/train_traffic_pred.py
[2025-07-21T17:42:17.565+0000] {logging_mixin.py:190} INFO - [2025-07-21T17:42:17.565+0000] {dag.py:3239} INFO - Sync 1 DAGs
[2025-07-21T17:42:17.582+0000] {logging_mixin.py:190} INFO - [2025-07-21T17:42:17.582+0000] {dag.py:4180} INFO - Setting next_dagrun for train_traffic_pred to 2025-07-21 00:00:00+00:00, run_after=2025-07-22 00:00:00+00:00
[2025-07-21T17:42:17.598+0000] {processor.py:208} INFO - Processing /opt/airflow/dags/train_traffic_pred.py took 3.378 seconds
[2025-07-21T17:42:48.968+0000] {processor.py:186} INFO - Started process (PID=982) to work on /opt/airflow/dags/train_traffic_pred.py
[2025-07-21T17:42:48.969+0000] {processor.py:914} INFO - Processing file /opt/airflow/dags/train_traffic_pred.py for tasks to queue
[2025-07-21T17:42:48.972+0000] {logging_mixin.py:190} INFO - [2025-07-21T17:42:48.972+0000] {dagbag.py:588} INFO - Filling up the DagBag from /opt/airflow/dags/train_traffic_pred.py
[2025-07-21T17:42:52.396+0000] {processor.py:925} INFO - DAG(s) 'train_traffic_pred' retrieved from /opt/airflow/dags/train_traffic_pred.py
[2025-07-21T17:42:52.425+0000] {logging_mixin.py:190} INFO - [2025-07-21T17:42:52.425+0000] {dag.py:3239} INFO - Sync 1 DAGs
[2025-07-21T17:42:52.448+0000] {logging_mixin.py:190} INFO - [2025-07-21T17:42:52.448+0000] {dag.py:4180} INFO - Setting next_dagrun for train_traffic_pred to 2025-07-21 00:00:00+00:00, run_after=2025-07-22 00:00:00+00:00
[2025-07-21T17:42:52.466+0000] {processor.py:208} INFO - Processing /opt/airflow/dags/train_traffic_pred.py took 3.503 seconds
[2025-07-21T17:43:24.035+0000] {processor.py:186} INFO - Started process (PID=1080) to work on /opt/airflow/dags/train_traffic_pred.py
[2025-07-21T17:43:24.037+0000] {processor.py:914} INFO - Processing file /opt/airflow/dags/train_traffic_pred.py for tasks to queue
[2025-07-21T17:43:24.039+0000] {logging_mixin.py:190} INFO - [2025-07-21T17:43:24.038+0000] {dagbag.py:588} INFO - Filling up the DagBag from /opt/airflow/dags/train_traffic_pred.py
[2025-07-21T17:43:27.631+0000] {processor.py:925} INFO - DAG(s) 'train_traffic_pred' retrieved from /opt/airflow/dags/train_traffic_pred.py
[2025-07-21T17:43:27.652+0000] {logging_mixin.py:190} INFO - [2025-07-21T17:43:27.651+0000] {dag.py:3239} INFO - Sync 1 DAGs
[2025-07-21T17:43:27.669+0000] {logging_mixin.py:190} INFO - [2025-07-21T17:43:27.669+0000] {dag.py:4180} INFO - Setting next_dagrun for train_traffic_pred to 2025-07-21 00:00:00+00:00, run_after=2025-07-22 00:00:00+00:00
[2025-07-21T17:43:27.683+0000] {processor.py:208} INFO - Processing /opt/airflow/dags/train_traffic_pred.py took 3.654 seconds
[2025-07-21T17:43:58.875+0000] {processor.py:186} INFO - Started process (PID=1178) to work on /opt/airflow/dags/train_traffic_pred.py
[2025-07-21T17:43:58.876+0000] {processor.py:914} INFO - Processing file /opt/airflow/dags/train_traffic_pred.py for tasks to queue
[2025-07-21T17:43:58.879+0000] {logging_mixin.py:190} INFO - [2025-07-21T17:43:58.878+0000] {dagbag.py:588} INFO - Filling up the DagBag from /opt/airflow/dags/train_traffic_pred.py
[2025-07-21T17:44:02.438+0000] {processor.py:925} INFO - DAG(s) 'train_traffic_pred' retrieved from /opt/airflow/dags/train_traffic_pred.py
[2025-07-21T17:44:02.459+0000] {logging_mixin.py:190} INFO - [2025-07-21T17:44:02.459+0000] {dag.py:3239} INFO - Sync 1 DAGs
[2025-07-21T17:44:02.478+0000] {logging_mixin.py:190} INFO - [2025-07-21T17:44:02.478+0000] {dag.py:4180} INFO - Setting next_dagrun for train_traffic_pred to 2025-07-21 00:00:00+00:00, run_after=2025-07-22 00:00:00+00:00
[2025-07-21T17:44:02.492+0000] {processor.py:208} INFO - Processing /opt/airflow/dags/train_traffic_pred.py took 3.625 seconds
[2025-07-21T17:44:33.952+0000] {processor.py:186} INFO - Started process (PID=1282) to work on /opt/airflow/dags/train_traffic_pred.py
[2025-07-21T17:44:33.953+0000] {processor.py:914} INFO - Processing file /opt/airflow/dags/train_traffic_pred.py for tasks to queue
[2025-07-21T17:44:33.955+0000] {logging_mixin.py:190} INFO - [2025-07-21T17:44:33.954+0000] {dagbag.py:588} INFO - Filling up the DagBag from /opt/airflow/dags/train_traffic_pred.py
[2025-07-21T17:44:37.392+0000] {processor.py:925} INFO - DAG(s) 'train_traffic_pred' retrieved from /opt/airflow/dags/train_traffic_pred.py
[2025-07-21T17:44:37.415+0000] {logging_mixin.py:190} INFO - [2025-07-21T17:44:37.414+0000] {dag.py:3239} INFO - Sync 1 DAGs
[2025-07-21T17:44:37.433+0000] {logging_mixin.py:190} INFO - [2025-07-21T17:44:37.432+0000] {dag.py:4180} INFO - Setting next_dagrun for train_traffic_pred to 2025-07-21 00:00:00+00:00, run_after=2025-07-22 00:00:00+00:00
[2025-07-21T17:44:37.448+0000] {processor.py:208} INFO - Processing /opt/airflow/dags/train_traffic_pred.py took 3.502 seconds
[2025-07-21T17:45:08.813+0000] {processor.py:186} INFO - Started process (PID=1380) to work on /opt/airflow/dags/train_traffic_pred.py
[2025-07-21T17:45:08.814+0000] {processor.py:914} INFO - Processing file /opt/airflow/dags/train_traffic_pred.py for tasks to queue
[2025-07-21T17:45:08.816+0000] {logging_mixin.py:190} INFO - [2025-07-21T17:45:08.816+0000] {dagbag.py:588} INFO - Filling up the DagBag from /opt/airflow/dags/train_traffic_pred.py
[2025-07-21T17:45:12.140+0000] {processor.py:925} INFO - DAG(s) 'train_traffic_pred' retrieved from /opt/airflow/dags/train_traffic_pred.py
[2025-07-21T17:45:12.163+0000] {logging_mixin.py:190} INFO - [2025-07-21T17:45:12.162+0000] {dag.py:3239} INFO - Sync 1 DAGs
[2025-07-21T17:45:12.181+0000] {logging_mixin.py:190} INFO - [2025-07-21T17:45:12.181+0000] {dag.py:4180} INFO - Setting next_dagrun for train_traffic_pred to 2025-07-21 00:00:00+00:00, run_after=2025-07-22 00:00:00+00:00
[2025-07-21T17:45:12.197+0000] {processor.py:208} INFO - Processing /opt/airflow/dags/train_traffic_pred.py took 3.389 seconds
[2025-07-21T17:45:43.404+0000] {processor.py:186} INFO - Started process (PID=1478) to work on /opt/airflow/dags/train_traffic_pred.py
[2025-07-21T17:45:43.405+0000] {processor.py:914} INFO - Processing file /opt/airflow/dags/train_traffic_pred.py for tasks to queue
[2025-07-21T17:45:43.407+0000] {logging_mixin.py:190} INFO - [2025-07-21T17:45:43.406+0000] {dagbag.py:588} INFO - Filling up the DagBag from /opt/airflow/dags/train_traffic_pred.py
[2025-07-21T17:45:46.970+0000] {processor.py:925} INFO - DAG(s) 'train_traffic_pred' retrieved from /opt/airflow/dags/train_traffic_pred.py
[2025-07-21T17:45:46.991+0000] {logging_mixin.py:190} INFO - [2025-07-21T17:45:46.991+0000] {dag.py:3239} INFO - Sync 1 DAGs
[2025-07-21T17:45:47.010+0000] {logging_mixin.py:190} INFO - [2025-07-21T17:45:47.010+0000] {dag.py:4180} INFO - Setting next_dagrun for train_traffic_pred to 2025-07-21 00:00:00+00:00, run_after=2025-07-22 00:00:00+00:00
[2025-07-21T17:45:47.024+0000] {processor.py:208} INFO - Processing /opt/airflow/dags/train_traffic_pred.py took 3.625 seconds
[2025-07-21T17:46:18.414+0000] {processor.py:186} INFO - Started process (PID=1576) to work on /opt/airflow/dags/train_traffic_pred.py
[2025-07-21T17:46:18.415+0000] {processor.py:914} INFO - Processing file /opt/airflow/dags/train_traffic_pred.py for tasks to queue
[2025-07-21T17:46:18.417+0000] {logging_mixin.py:190} INFO - [2025-07-21T17:46:18.417+0000] {dagbag.py:588} INFO - Filling up the DagBag from /opt/airflow/dags/train_traffic_pred.py
[2025-07-21T17:46:21.762+0000] {processor.py:925} INFO - DAG(s) 'train_traffic_pred' retrieved from /opt/airflow/dags/train_traffic_pred.py
[2025-07-21T17:46:21.782+0000] {logging_mixin.py:190} INFO - [2025-07-21T17:46:21.782+0000] {dag.py:3239} INFO - Sync 1 DAGs
[2025-07-21T17:46:21.800+0000] {logging_mixin.py:190} INFO - [2025-07-21T17:46:21.800+0000] {dag.py:4180} INFO - Setting next_dagrun for train_traffic_pred to 2025-07-21 00:00:00+00:00, run_after=2025-07-22 00:00:00+00:00
[2025-07-21T17:46:21.817+0000] {processor.py:208} INFO - Processing /opt/airflow/dags/train_traffic_pred.py took 3.408 seconds
[2025-07-21T17:46:52.957+0000] {processor.py:186} INFO - Started process (PID=1674) to work on /opt/airflow/dags/train_traffic_pred.py
[2025-07-21T17:46:52.958+0000] {processor.py:914} INFO - Processing file /opt/airflow/dags/train_traffic_pred.py for tasks to queue
[2025-07-21T17:46:52.960+0000] {logging_mixin.py:190} INFO - [2025-07-21T17:46:52.960+0000] {dagbag.py:588} INFO - Filling up the DagBag from /opt/airflow/dags/train_traffic_pred.py
[2025-07-21T17:46:56.702+0000] {processor.py:925} INFO - DAG(s) 'train_traffic_pred' retrieved from /opt/airflow/dags/train_traffic_pred.py
[2025-07-21T17:46:56.727+0000] {logging_mixin.py:190} INFO - [2025-07-21T17:46:56.726+0000] {dag.py:3239} INFO - Sync 1 DAGs
[2025-07-21T17:46:56.747+0000] {logging_mixin.py:190} INFO - [2025-07-21T17:46:56.747+0000] {dag.py:4180} INFO - Setting next_dagrun for train_traffic_pred to 2025-07-21 00:00:00+00:00, run_after=2025-07-22 00:00:00+00:00
[2025-07-21T17:46:56.764+0000] {processor.py:208} INFO - Processing /opt/airflow/dags/train_traffic_pred.py took 3.812 seconds
[2025-07-21T17:47:28.296+0000] {processor.py:186} INFO - Started process (PID=1772) to work on /opt/airflow/dags/train_traffic_pred.py
[2025-07-21T17:47:28.297+0000] {processor.py:914} INFO - Processing file /opt/airflow/dags/train_traffic_pred.py for tasks to queue
[2025-07-21T17:47:28.299+0000] {logging_mixin.py:190} INFO - [2025-07-21T17:47:28.299+0000] {dagbag.py:588} INFO - Filling up the DagBag from /opt/airflow/dags/train_traffic_pred.py
[2025-07-21T17:47:31.652+0000] {processor.py:925} INFO - DAG(s) 'train_traffic_pred' retrieved from /opt/airflow/dags/train_traffic_pred.py
[2025-07-21T17:47:31.676+0000] {logging_mixin.py:190} INFO - [2025-07-21T17:47:31.675+0000] {dag.py:3239} INFO - Sync 1 DAGs
[2025-07-21T17:47:31.697+0000] {logging_mixin.py:190} INFO - [2025-07-21T17:47:31.696+0000] {dag.py:4180} INFO - Setting next_dagrun for train_traffic_pred to 2025-07-21 00:00:00+00:00, run_after=2025-07-22 00:00:00+00:00
[2025-07-21T17:47:31.711+0000] {processor.py:208} INFO - Processing /opt/airflow/dags/train_traffic_pred.py took 3.423 seconds
[2025-07-21T17:48:03.252+0000] {processor.py:186} INFO - Started process (PID=1876) to work on /opt/airflow/dags/train_traffic_pred.py
[2025-07-21T17:48:03.253+0000] {processor.py:914} INFO - Processing file /opt/airflow/dags/train_traffic_pred.py for tasks to queue
[2025-07-21T17:48:03.256+0000] {logging_mixin.py:190} INFO - [2025-07-21T17:48:03.255+0000] {dagbag.py:588} INFO - Filling up the DagBag from /opt/airflow/dags/train_traffic_pred.py
[2025-07-21T17:48:06.774+0000] {processor.py:925} INFO - DAG(s) 'train_traffic_pred' retrieved from /opt/airflow/dags/train_traffic_pred.py
[2025-07-21T17:48:06.796+0000] {logging_mixin.py:190} INFO - [2025-07-21T17:48:06.796+0000] {dag.py:3239} INFO - Sync 1 DAGs
[2025-07-21T17:48:06.813+0000] {logging_mixin.py:190} INFO - [2025-07-21T17:48:06.813+0000] {dag.py:4180} INFO - Setting next_dagrun for train_traffic_pred to 2025-07-21 00:00:00+00:00, run_after=2025-07-22 00:00:00+00:00
[2025-07-21T17:48:06.828+0000] {processor.py:208} INFO - Processing /opt/airflow/dags/train_traffic_pred.py took 3.581 seconds
[2025-07-21T17:48:38.150+0000] {processor.py:186} INFO - Started process (PID=1974) to work on /opt/airflow/dags/train_traffic_pred.py
[2025-07-21T17:48:38.151+0000] {processor.py:914} INFO - Processing file /opt/airflow/dags/train_traffic_pred.py for tasks to queue
[2025-07-21T17:48:38.154+0000] {logging_mixin.py:190} INFO - [2025-07-21T17:48:38.153+0000] {dagbag.py:588} INFO - Filling up the DagBag from /opt/airflow/dags/train_traffic_pred.py
[2025-07-21T17:48:41.540+0000] {processor.py:925} INFO - DAG(s) 'train_traffic_pred' retrieved from /opt/airflow/dags/train_traffic_pred.py
[2025-07-21T17:48:41.562+0000] {logging_mixin.py:190} INFO - [2025-07-21T17:48:41.561+0000] {dag.py:3239} INFO - Sync 1 DAGs
[2025-07-21T17:48:41.578+0000] {logging_mixin.py:190} INFO - [2025-07-21T17:48:41.578+0000] {dag.py:4180} INFO - Setting next_dagrun for train_traffic_pred to 2025-07-21 00:00:00+00:00, run_after=2025-07-22 00:00:00+00:00
[2025-07-21T17:48:41.593+0000] {processor.py:208} INFO - Processing /opt/airflow/dags/train_traffic_pred.py took 3.449 seconds
[2025-07-21T17:49:13.014+0000] {processor.py:186} INFO - Started process (PID=2072) to work on /opt/airflow/dags/train_traffic_pred.py
[2025-07-21T17:49:13.015+0000] {processor.py:914} INFO - Processing file /opt/airflow/dags/train_traffic_pred.py for tasks to queue
[2025-07-21T17:49:13.017+0000] {logging_mixin.py:190} INFO - [2025-07-21T17:49:13.017+0000] {dagbag.py:588} INFO - Filling up the DagBag from /opt/airflow/dags/train_traffic_pred.py
[2025-07-21T17:49:16.439+0000] {processor.py:925} INFO - DAG(s) 'train_traffic_pred' retrieved from /opt/airflow/dags/train_traffic_pred.py
[2025-07-21T17:49:16.462+0000] {logging_mixin.py:190} INFO - [2025-07-21T17:49:16.461+0000] {dag.py:3239} INFO - Sync 1 DAGs
[2025-07-21T17:49:16.479+0000] {logging_mixin.py:190} INFO - [2025-07-21T17:49:16.479+0000] {dag.py:4180} INFO - Setting next_dagrun for train_traffic_pred to 2025-07-21 00:00:00+00:00, run_after=2025-07-22 00:00:00+00:00
[2025-07-21T17:49:16.497+0000] {processor.py:208} INFO - Processing /opt/airflow/dags/train_traffic_pred.py took 3.488 seconds
[2025-07-21T17:49:48.286+0000] {processor.py:186} INFO - Started process (PID=2170) to work on /opt/airflow/dags/train_traffic_pred.py
[2025-07-21T17:49:48.287+0000] {processor.py:914} INFO - Processing file /opt/airflow/dags/train_traffic_pred.py for tasks to queue
[2025-07-21T17:49:48.288+0000] {logging_mixin.py:190} INFO - [2025-07-21T17:49:48.288+0000] {dagbag.py:588} INFO - Filling up the DagBag from /opt/airflow/dags/train_traffic_pred.py
[2025-07-21T17:49:51.771+0000] {processor.py:925} INFO - DAG(s) 'train_traffic_pred' retrieved from /opt/airflow/dags/train_traffic_pred.py
[2025-07-21T17:49:51.794+0000] {logging_mixin.py:190} INFO - [2025-07-21T17:49:51.793+0000] {dag.py:3239} INFO - Sync 1 DAGs
[2025-07-21T17:49:51.811+0000] {logging_mixin.py:190} INFO - [2025-07-21T17:49:51.811+0000] {dag.py:4180} INFO - Setting next_dagrun for train_traffic_pred to 2025-07-21 00:00:00+00:00, run_after=2025-07-22 00:00:00+00:00
[2025-07-21T17:49:51.827+0000] {processor.py:208} INFO - Processing /opt/airflow/dags/train_traffic_pred.py took 3.546 seconds
[2025-07-21T17:50:23.532+0000] {processor.py:186} INFO - Started process (PID=2268) to work on /opt/airflow/dags/train_traffic_pred.py
[2025-07-21T17:50:23.533+0000] {processor.py:914} INFO - Processing file /opt/airflow/dags/train_traffic_pred.py for tasks to queue
[2025-07-21T17:50:23.535+0000] {logging_mixin.py:190} INFO - [2025-07-21T17:50:23.535+0000] {dagbag.py:588} INFO - Filling up the DagBag from /opt/airflow/dags/train_traffic_pred.py
[2025-07-21T17:50:27.121+0000] {processor.py:925} INFO - DAG(s) 'train_traffic_pred' retrieved from /opt/airflow/dags/train_traffic_pred.py
[2025-07-21T17:50:27.144+0000] {logging_mixin.py:190} INFO - [2025-07-21T17:50:27.143+0000] {dag.py:3239} INFO - Sync 1 DAGs
[2025-07-21T17:50:27.162+0000] {logging_mixin.py:190} INFO - [2025-07-21T17:50:27.162+0000] {dag.py:4180} INFO - Setting next_dagrun for train_traffic_pred to 2025-07-21 00:00:00+00:00, run_after=2025-07-22 00:00:00+00:00
[2025-07-21T17:50:27.176+0000] {processor.py:208} INFO - Processing /opt/airflow/dags/train_traffic_pred.py took 3.650 seconds
[2025-07-21T17:50:58.365+0000] {processor.py:186} INFO - Started process (PID=2366) to work on /opt/airflow/dags/train_traffic_pred.py
[2025-07-21T17:50:58.366+0000] {processor.py:914} INFO - Processing file /opt/airflow/dags/train_traffic_pred.py for tasks to queue
[2025-07-21T17:50:58.369+0000] {logging_mixin.py:190} INFO - [2025-07-21T17:50:58.368+0000] {dagbag.py:588} INFO - Filling up the DagBag from /opt/airflow/dags/train_traffic_pred.py
[2025-07-21T17:51:01.774+0000] {processor.py:925} INFO - DAG(s) 'train_traffic_pred' retrieved from /opt/airflow/dags/train_traffic_pred.py
[2025-07-21T17:51:01.797+0000] {logging_mixin.py:190} INFO - [2025-07-21T17:51:01.796+0000] {dag.py:3239} INFO - Sync 1 DAGs
[2025-07-21T17:51:01.815+0000] {logging_mixin.py:190} INFO - [2025-07-21T17:51:01.815+0000] {dag.py:4180} INFO - Setting next_dagrun for train_traffic_pred to 2025-07-21 00:00:00+00:00, run_after=2025-07-22 00:00:00+00:00
[2025-07-21T17:51:01.832+0000] {processor.py:208} INFO - Processing /opt/airflow/dags/train_traffic_pred.py took 3.474 seconds
[2025-07-21T17:51:33.053+0000] {processor.py:186} INFO - Started process (PID=2470) to work on /opt/airflow/dags/train_traffic_pred.py
[2025-07-21T17:51:33.054+0000] {processor.py:914} INFO - Processing file /opt/airflow/dags/train_traffic_pred.py for tasks to queue
[2025-07-21T17:51:33.056+0000] {logging_mixin.py:190} INFO - [2025-07-21T17:51:33.056+0000] {dagbag.py:588} INFO - Filling up the DagBag from /opt/airflow/dags/train_traffic_pred.py
[2025-07-21T17:51:36.472+0000] {processor.py:925} INFO - DAG(s) 'train_traffic_pred' retrieved from /opt/airflow/dags/train_traffic_pred.py
[2025-07-21T17:51:36.497+0000] {logging_mixin.py:190} INFO - [2025-07-21T17:51:36.497+0000] {dag.py:3239} INFO - Sync 1 DAGs
[2025-07-21T17:51:36.519+0000] {logging_mixin.py:190} INFO - [2025-07-21T17:51:36.519+0000] {dag.py:4180} INFO - Setting next_dagrun for train_traffic_pred to 2025-07-21 00:00:00+00:00, run_after=2025-07-22 00:00:00+00:00
[2025-07-21T17:51:36.538+0000] {processor.py:208} INFO - Processing /opt/airflow/dags/train_traffic_pred.py took 3.490 seconds
[2025-07-21T17:52:07.815+0000] {processor.py:186} INFO - Started process (PID=2568) to work on /opt/airflow/dags/train_traffic_pred.py
[2025-07-21T17:52:07.816+0000] {processor.py:914} INFO - Processing file /opt/airflow/dags/train_traffic_pred.py for tasks to queue
[2025-07-21T17:52:07.818+0000] {logging_mixin.py:190} INFO - [2025-07-21T17:52:07.818+0000] {dagbag.py:588} INFO - Filling up the DagBag from /opt/airflow/dags/train_traffic_pred.py
[2025-07-21T17:52:12.480+0000] {processor.py:925} INFO - DAG(s) 'train_traffic_pred' retrieved from /opt/airflow/dags/train_traffic_pred.py
[2025-07-21T17:52:12.529+0000] {logging_mixin.py:190} INFO - [2025-07-21T17:52:12.524+0000] {dag.py:3239} INFO - Sync 1 DAGs
[2025-07-21T17:52:12.564+0000] {logging_mixin.py:190} INFO - [2025-07-21T17:52:12.563+0000] {dag.py:4180} INFO - Setting next_dagrun for train_traffic_pred to 2025-07-21 00:00:00+00:00, run_after=2025-07-22 00:00:00+00:00
[2025-07-21T17:52:12.599+0000] {processor.py:208} INFO - Processing /opt/airflow/dags/train_traffic_pred.py took 4.790 seconds
[2025-07-21T17:52:43.964+0000] {processor.py:186} INFO - Started process (PID=2666) to work on /opt/airflow/dags/train_traffic_pred.py
[2025-07-21T17:52:43.965+0000] {processor.py:914} INFO - Processing file /opt/airflow/dags/train_traffic_pred.py for tasks to queue
[2025-07-21T17:52:43.968+0000] {logging_mixin.py:190} INFO - [2025-07-21T17:52:43.968+0000] {dagbag.py:588} INFO - Filling up the DagBag from /opt/airflow/dags/train_traffic_pred.py
[2025-07-21T17:52:47.340+0000] {processor.py:925} INFO - DAG(s) 'train_traffic_pred' retrieved from /opt/airflow/dags/train_traffic_pred.py
[2025-07-21T17:52:47.361+0000] {logging_mixin.py:190} INFO - [2025-07-21T17:52:47.361+0000] {dag.py:3239} INFO - Sync 1 DAGs
[2025-07-21T17:52:47.378+0000] {logging_mixin.py:190} INFO - [2025-07-21T17:52:47.378+0000] {dag.py:4180} INFO - Setting next_dagrun for train_traffic_pred to 2025-07-21 00:00:00+00:00, run_after=2025-07-22 00:00:00+00:00
[2025-07-21T17:52:47.395+0000] {processor.py:208} INFO - Processing /opt/airflow/dags/train_traffic_pred.py took 3.437 seconds
[2025-07-21T17:53:19.066+0000] {processor.py:186} INFO - Started process (PID=2764) to work on /opt/airflow/dags/train_traffic_pred.py
[2025-07-21T17:53:19.067+0000] {processor.py:914} INFO - Processing file /opt/airflow/dags/train_traffic_pred.py for tasks to queue
[2025-07-21T17:53:19.069+0000] {logging_mixin.py:190} INFO - [2025-07-21T17:53:19.069+0000] {dagbag.py:588} INFO - Filling up the DagBag from /opt/airflow/dags/train_traffic_pred.py
[2025-07-21T17:53:22.425+0000] {processor.py:925} INFO - DAG(s) 'train_traffic_pred' retrieved from /opt/airflow/dags/train_traffic_pred.py
[2025-07-21T17:53:22.447+0000] {logging_mixin.py:190} INFO - [2025-07-21T17:53:22.447+0000] {dag.py:3239} INFO - Sync 1 DAGs
[2025-07-21T17:53:22.464+0000] {logging_mixin.py:190} INFO - [2025-07-21T17:53:22.464+0000] {dag.py:4180} INFO - Setting next_dagrun for train_traffic_pred to 2025-07-21 00:00:00+00:00, run_after=2025-07-22 00:00:00+00:00
[2025-07-21T17:53:22.477+0000] {processor.py:208} INFO - Processing /opt/airflow/dags/train_traffic_pred.py took 3.415 seconds
[2025-07-21T17:53:54.399+0000] {processor.py:186} INFO - Started process (PID=2862) to work on /opt/airflow/dags/train_traffic_pred.py
[2025-07-21T17:53:54.400+0000] {processor.py:914} INFO - Processing file /opt/airflow/dags/train_traffic_pred.py for tasks to queue
[2025-07-21T17:53:54.402+0000] {logging_mixin.py:190} INFO - [2025-07-21T17:53:54.402+0000] {dagbag.py:588} INFO - Filling up the DagBag from /opt/airflow/dags/train_traffic_pred.py
[2025-07-21T17:53:57.733+0000] {processor.py:925} INFO - DAG(s) 'train_traffic_pred' retrieved from /opt/airflow/dags/train_traffic_pred.py
[2025-07-21T17:53:57.753+0000] {logging_mixin.py:190} INFO - [2025-07-21T17:53:57.752+0000] {dag.py:3239} INFO - Sync 1 DAGs
[2025-07-21T17:53:57.769+0000] {logging_mixin.py:190} INFO - [2025-07-21T17:53:57.769+0000] {dag.py:4180} INFO - Setting next_dagrun for train_traffic_pred to 2025-07-21 00:00:00+00:00, run_after=2025-07-22 00:00:00+00:00
[2025-07-21T17:53:57.781+0000] {processor.py:208} INFO - Processing /opt/airflow/dags/train_traffic_pred.py took 3.387 seconds
[2025-07-21T17:54:28.851+0000] {processor.py:186} INFO - Started process (PID=2960) to work on /opt/airflow/dags/train_traffic_pred.py
[2025-07-21T17:54:28.852+0000] {processor.py:914} INFO - Processing file /opt/airflow/dags/train_traffic_pred.py for tasks to queue
[2025-07-21T17:54:28.854+0000] {logging_mixin.py:190} INFO - [2025-07-21T17:54:28.854+0000] {dagbag.py:588} INFO - Filling up the DagBag from /opt/airflow/dags/train_traffic_pred.py
[2025-07-21T17:54:32.299+0000] {processor.py:925} INFO - DAG(s) 'train_traffic_pred' retrieved from /opt/airflow/dags/train_traffic_pred.py
[2025-07-21T17:54:32.320+0000] {logging_mixin.py:190} INFO - [2025-07-21T17:54:32.320+0000] {dag.py:3239} INFO - Sync 1 DAGs
[2025-07-21T17:54:32.339+0000] {logging_mixin.py:190} INFO - [2025-07-21T17:54:32.338+0000] {dag.py:4180} INFO - Setting next_dagrun for train_traffic_pred to 2025-07-21 00:00:00+00:00, run_after=2025-07-22 00:00:00+00:00
[2025-07-21T17:54:32.354+0000] {processor.py:208} INFO - Processing /opt/airflow/dags/train_traffic_pred.py took 3.511 seconds
[2025-07-21T17:55:03.532+0000] {processor.py:186} INFO - Started process (PID=3064) to work on /opt/airflow/dags/train_traffic_pred.py
[2025-07-21T17:55:03.533+0000] {processor.py:914} INFO - Processing file /opt/airflow/dags/train_traffic_pred.py for tasks to queue
[2025-07-21T17:55:03.535+0000] {logging_mixin.py:190} INFO - [2025-07-21T17:55:03.535+0000] {dagbag.py:588} INFO - Filling up the DagBag from /opt/airflow/dags/train_traffic_pred.py
[2025-07-21T17:55:07.028+0000] {processor.py:925} INFO - DAG(s) 'train_traffic_pred' retrieved from /opt/airflow/dags/train_traffic_pred.py
[2025-07-21T17:55:07.050+0000] {logging_mixin.py:190} INFO - [2025-07-21T17:55:07.049+0000] {dag.py:3239} INFO - Sync 1 DAGs
[2025-07-21T17:55:07.067+0000] {logging_mixin.py:190} INFO - [2025-07-21T17:55:07.067+0000] {dag.py:4180} INFO - Setting next_dagrun for train_traffic_pred to 2025-07-21 00:00:00+00:00, run_after=2025-07-22 00:00:00+00:00
[2025-07-21T17:55:07.083+0000] {processor.py:208} INFO - Processing /opt/airflow/dags/train_traffic_pred.py took 3.556 seconds
[2025-07-21T17:55:38.308+0000] {processor.py:186} INFO - Started process (PID=3162) to work on /opt/airflow/dags/train_traffic_pred.py
[2025-07-21T17:55:38.308+0000] {processor.py:914} INFO - Processing file /opt/airflow/dags/train_traffic_pred.py for tasks to queue
[2025-07-21T17:55:38.311+0000] {logging_mixin.py:190} INFO - [2025-07-21T17:55:38.310+0000] {dagbag.py:588} INFO - Filling up the DagBag from /opt/airflow/dags/train_traffic_pred.py
[2025-07-21T17:55:41.575+0000] {processor.py:925} INFO - DAG(s) 'train_traffic_pred' retrieved from /opt/airflow/dags/train_traffic_pred.py
[2025-07-21T17:55:41.596+0000] {logging_mixin.py:190} INFO - [2025-07-21T17:55:41.595+0000] {dag.py:3239} INFO - Sync 1 DAGs
[2025-07-21T17:55:41.613+0000] {logging_mixin.py:190} INFO - [2025-07-21T17:55:41.613+0000] {dag.py:4180} INFO - Setting next_dagrun for train_traffic_pred to 2025-07-21 00:00:00+00:00, run_after=2025-07-22 00:00:00+00:00
[2025-07-21T17:55:41.628+0000] {processor.py:208} INFO - Processing /opt/airflow/dags/train_traffic_pred.py took 3.326 seconds
[2025-07-21T17:56:12.969+0000] {processor.py:186} INFO - Started process (PID=3260) to work on /opt/airflow/dags/train_traffic_pred.py
[2025-07-21T17:56:12.970+0000] {processor.py:914} INFO - Processing file /opt/airflow/dags/train_traffic_pred.py for tasks to queue
[2025-07-21T17:56:12.972+0000] {logging_mixin.py:190} INFO - [2025-07-21T17:56:12.972+0000] {dagbag.py:588} INFO - Filling up the DagBag from /opt/airflow/dags/train_traffic_pred.py
[2025-07-21T17:56:16.382+0000] {processor.py:925} INFO - DAG(s) 'train_traffic_pred' retrieved from /opt/airflow/dags/train_traffic_pred.py
[2025-07-21T17:56:16.405+0000] {logging_mixin.py:190} INFO - [2025-07-21T17:56:16.405+0000] {dag.py:3239} INFO - Sync 1 DAGs
[2025-07-21T17:56:16.423+0000] {logging_mixin.py:190} INFO - [2025-07-21T17:56:16.422+0000] {dag.py:4180} INFO - Setting next_dagrun for train_traffic_pred to 2025-07-21 00:00:00+00:00, run_after=2025-07-22 00:00:00+00:00
[2025-07-21T17:56:16.440+0000] {processor.py:208} INFO - Processing /opt/airflow/dags/train_traffic_pred.py took 3.477 seconds
[2025-07-21T17:56:48.408+0000] {processor.py:186} INFO - Started process (PID=3358) to work on /opt/airflow/dags/train_traffic_pred.py
[2025-07-21T17:56:48.409+0000] {processor.py:914} INFO - Processing file /opt/airflow/dags/train_traffic_pred.py for tasks to queue
[2025-07-21T17:56:48.410+0000] {logging_mixin.py:190} INFO - [2025-07-21T17:56:48.410+0000] {dagbag.py:588} INFO - Filling up the DagBag from /opt/airflow/dags/train_traffic_pred.py
[2025-07-21T17:56:51.745+0000] {processor.py:925} INFO - DAG(s) 'train_traffic_pred' retrieved from /opt/airflow/dags/train_traffic_pred.py
[2025-07-21T17:56:51.765+0000] {logging_mixin.py:190} INFO - [2025-07-21T17:56:51.764+0000] {dag.py:3239} INFO - Sync 1 DAGs
[2025-07-21T17:56:51.782+0000] {logging_mixin.py:190} INFO - [2025-07-21T17:56:51.782+0000] {dag.py:4180} INFO - Setting next_dagrun for train_traffic_pred to 2025-07-21 00:00:00+00:00, run_after=2025-07-22 00:00:00+00:00
[2025-07-21T17:56:51.797+0000] {processor.py:208} INFO - Processing /opt/airflow/dags/train_traffic_pred.py took 3.394 seconds
[2025-07-21T17:57:23.714+0000] {processor.py:186} INFO - Started process (PID=3456) to work on /opt/airflow/dags/train_traffic_pred.py
[2025-07-21T17:57:23.715+0000] {processor.py:914} INFO - Processing file /opt/airflow/dags/train_traffic_pred.py for tasks to queue
[2025-07-21T17:57:23.717+0000] {logging_mixin.py:190} INFO - [2025-07-21T17:57:23.716+0000] {dagbag.py:588} INFO - Filling up the DagBag from /opt/airflow/dags/train_traffic_pred.py
[2025-07-21T17:57:26.984+0000] {processor.py:925} INFO - DAG(s) 'train_traffic_pred' retrieved from /opt/airflow/dags/train_traffic_pred.py
[2025-07-21T17:57:27.007+0000] {logging_mixin.py:190} INFO - [2025-07-21T17:57:27.005+0000] {dag.py:3239} INFO - Sync 1 DAGs
[2025-07-21T17:57:27.025+0000] {logging_mixin.py:190} INFO - [2025-07-21T17:57:27.025+0000] {dag.py:4180} INFO - Setting next_dagrun for train_traffic_pred to 2025-07-21 00:00:00+00:00, run_after=2025-07-22 00:00:00+00:00
[2025-07-21T17:57:27.040+0000] {processor.py:208} INFO - Processing /opt/airflow/dags/train_traffic_pred.py took 3.331 seconds
[2025-07-21T17:57:58.718+0000] {processor.py:186} INFO - Started process (PID=3554) to work on /opt/airflow/dags/train_traffic_pred.py
[2025-07-21T17:57:58.719+0000] {processor.py:914} INFO - Processing file /opt/airflow/dags/train_traffic_pred.py for tasks to queue
[2025-07-21T17:57:58.721+0000] {logging_mixin.py:190} INFO - [2025-07-21T17:57:58.721+0000] {dagbag.py:588} INFO - Filling up the DagBag from /opt/airflow/dags/train_traffic_pred.py
[2025-07-21T17:58:02.113+0000] {processor.py:925} INFO - DAG(s) 'train_traffic_pred' retrieved from /opt/airflow/dags/train_traffic_pred.py
[2025-07-21T17:58:02.135+0000] {logging_mixin.py:190} INFO - [2025-07-21T17:58:02.135+0000] {dag.py:3239} INFO - Sync 1 DAGs
[2025-07-21T17:58:02.152+0000] {logging_mixin.py:190} INFO - [2025-07-21T17:58:02.152+0000] {dag.py:4180} INFO - Setting next_dagrun for train_traffic_pred to 2025-07-21 00:00:00+00:00, run_after=2025-07-22 00:00:00+00:00
[2025-07-21T17:58:02.167+0000] {processor.py:208} INFO - Processing /opt/airflow/dags/train_traffic_pred.py took 3.455 seconds
[2025-07-21T17:58:33.678+0000] {processor.py:186} INFO - Started process (PID=3652) to work on /opt/airflow/dags/train_traffic_pred.py
[2025-07-21T17:58:33.679+0000] {processor.py:914} INFO - Processing file /opt/airflow/dags/train_traffic_pred.py for tasks to queue
[2025-07-21T17:58:33.681+0000] {logging_mixin.py:190} INFO - [2025-07-21T17:58:33.681+0000] {dagbag.py:588} INFO - Filling up the DagBag from /opt/airflow/dags/train_traffic_pred.py
[2025-07-21T17:58:37.212+0000] {processor.py:925} INFO - DAG(s) 'train_traffic_pred' retrieved from /opt/airflow/dags/train_traffic_pred.py
[2025-07-21T17:58:37.240+0000] {logging_mixin.py:190} INFO - [2025-07-21T17:58:37.239+0000] {dag.py:3239} INFO - Sync 1 DAGs
[2025-07-21T17:58:37.265+0000] {logging_mixin.py:190} INFO - [2025-07-21T17:58:37.264+0000] {dag.py:4180} INFO - Setting next_dagrun for train_traffic_pred to 2025-07-21 00:00:00+00:00, run_after=2025-07-22 00:00:00+00:00
[2025-07-21T17:58:37.292+0000] {processor.py:208} INFO - Processing /opt/airflow/dags/train_traffic_pred.py took 3.619 seconds
[2025-07-21T17:59:08.590+0000] {processor.py:186} INFO - Started process (PID=3756) to work on /opt/airflow/dags/train_traffic_pred.py
[2025-07-21T17:59:08.591+0000] {processor.py:914} INFO - Processing file /opt/airflow/dags/train_traffic_pred.py for tasks to queue
[2025-07-21T17:59:08.594+0000] {logging_mixin.py:190} INFO - [2025-07-21T17:59:08.594+0000] {dagbag.py:588} INFO - Filling up the DagBag from /opt/airflow/dags/train_traffic_pred.py
[2025-07-21T17:59:11.843+0000] {processor.py:925} INFO - DAG(s) 'train_traffic_pred' retrieved from /opt/airflow/dags/train_traffic_pred.py
[2025-07-21T17:59:11.864+0000] {logging_mixin.py:190} INFO - [2025-07-21T17:59:11.863+0000] {dag.py:3239} INFO - Sync 1 DAGs
[2025-07-21T17:59:11.882+0000] {logging_mixin.py:190} INFO - [2025-07-21T17:59:11.882+0000] {dag.py:4180} INFO - Setting next_dagrun for train_traffic_pred to 2025-07-21 00:00:00+00:00, run_after=2025-07-22 00:00:00+00:00
[2025-07-21T17:59:11.895+0000] {processor.py:208} INFO - Processing /opt/airflow/dags/train_traffic_pred.py took 3.312 seconds
[2025-07-21T17:59:43.560+0000] {processor.py:186} INFO - Started process (PID=3854) to work on /opt/airflow/dags/train_traffic_pred.py
[2025-07-21T17:59:43.561+0000] {processor.py:914} INFO - Processing file /opt/airflow/dags/train_traffic_pred.py for tasks to queue
[2025-07-21T17:59:43.564+0000] {logging_mixin.py:190} INFO - [2025-07-21T17:59:43.563+0000] {dagbag.py:588} INFO - Filling up the DagBag from /opt/airflow/dags/train_traffic_pred.py
[2025-07-21T17:59:46.961+0000] {processor.py:925} INFO - DAG(s) 'train_traffic_pred' retrieved from /opt/airflow/dags/train_traffic_pred.py
[2025-07-21T17:59:46.989+0000] {logging_mixin.py:190} INFO - [2025-07-21T17:59:46.988+0000] {dag.py:3239} INFO - Sync 1 DAGs
[2025-07-21T17:59:47.012+0000] {logging_mixin.py:190} INFO - [2025-07-21T17:59:47.011+0000] {dag.py:4180} INFO - Setting next_dagrun for train_traffic_pred to 2025-07-21 00:00:00+00:00, run_after=2025-07-22 00:00:00+00:00
[2025-07-21T17:59:47.029+0000] {processor.py:208} INFO - Processing /opt/airflow/dags/train_traffic_pred.py took 3.474 seconds
[2025-07-21T18:00:18.983+0000] {processor.py:186} INFO - Started process (PID=3952) to work on /opt/airflow/dags/train_traffic_pred.py
[2025-07-21T18:00:18.984+0000] {processor.py:914} INFO - Processing file /opt/airflow/dags/train_traffic_pred.py for tasks to queue
[2025-07-21T18:00:18.985+0000] {logging_mixin.py:190} INFO - [2025-07-21T18:00:18.985+0000] {dagbag.py:588} INFO - Filling up the DagBag from /opt/airflow/dags/train_traffic_pred.py
[2025-07-21T18:00:22.308+0000] {processor.py:925} INFO - DAG(s) 'train_traffic_pred' retrieved from /opt/airflow/dags/train_traffic_pred.py
[2025-07-21T18:00:22.332+0000] {logging_mixin.py:190} INFO - [2025-07-21T18:00:22.331+0000] {dag.py:3239} INFO - Sync 1 DAGs
[2025-07-21T18:00:22.352+0000] {logging_mixin.py:190} INFO - [2025-07-21T18:00:22.352+0000] {dag.py:4180} INFO - Setting next_dagrun for train_traffic_pred to 2025-07-21 00:00:00+00:00, run_after=2025-07-22 00:00:00+00:00
[2025-07-21T18:00:22.371+0000] {processor.py:208} INFO - Processing /opt/airflow/dags/train_traffic_pred.py took 3.393 seconds
[2025-07-21T18:00:54.020+0000] {processor.py:186} INFO - Started process (PID=4050) to work on /opt/airflow/dags/train_traffic_pred.py
[2025-07-21T18:00:54.021+0000] {processor.py:914} INFO - Processing file /opt/airflow/dags/train_traffic_pred.py for tasks to queue
[2025-07-21T18:00:54.023+0000] {logging_mixin.py:190} INFO - [2025-07-21T18:00:54.022+0000] {dagbag.py:588} INFO - Filling up the DagBag from /opt/airflow/dags/train_traffic_pred.py
[2025-07-21T18:00:57.471+0000] {processor.py:925} INFO - DAG(s) 'train_traffic_pred' retrieved from /opt/airflow/dags/train_traffic_pred.py
[2025-07-21T18:00:57.492+0000] {logging_mixin.py:190} INFO - [2025-07-21T18:00:57.491+0000] {dag.py:3239} INFO - Sync 1 DAGs
[2025-07-21T18:00:57.513+0000] {logging_mixin.py:190} INFO - [2025-07-21T18:00:57.513+0000] {dag.py:4180} INFO - Setting next_dagrun for train_traffic_pred to 2025-07-21 00:00:00+00:00, run_after=2025-07-22 00:00:00+00:00
[2025-07-21T18:00:57.531+0000] {processor.py:208} INFO - Processing /opt/airflow/dags/train_traffic_pred.py took 3.516 seconds
[2025-07-21T18:01:29.397+0000] {processor.py:186} INFO - Started process (PID=4148) to work on /opt/airflow/dags/train_traffic_pred.py
[2025-07-21T18:01:29.397+0000] {processor.py:914} INFO - Processing file /opt/airflow/dags/train_traffic_pred.py for tasks to queue
[2025-07-21T18:01:29.399+0000] {logging_mixin.py:190} INFO - [2025-07-21T18:01:29.399+0000] {dagbag.py:588} INFO - Filling up the DagBag from /opt/airflow/dags/train_traffic_pred.py
[2025-07-21T18:01:32.852+0000] {processor.py:925} INFO - DAG(s) 'train_traffic_pred' retrieved from /opt/airflow/dags/train_traffic_pred.py
[2025-07-21T18:01:32.880+0000] {logging_mixin.py:190} INFO - [2025-07-21T18:01:32.879+0000] {dag.py:3239} INFO - Sync 1 DAGs
[2025-07-21T18:01:32.902+0000] {logging_mixin.py:190} INFO - [2025-07-21T18:01:32.902+0000] {dag.py:4180} INFO - Setting next_dagrun for train_traffic_pred to 2025-07-21 00:00:00+00:00, run_after=2025-07-22 00:00:00+00:00
[2025-07-21T18:01:32.921+0000] {processor.py:208} INFO - Processing /opt/airflow/dags/train_traffic_pred.py took 3.531 seconds
[2025-07-21T18:02:04.177+0000] {processor.py:186} INFO - Started process (PID=4246) to work on /opt/airflow/dags/train_traffic_pred.py
[2025-07-21T18:02:04.178+0000] {processor.py:914} INFO - Processing file /opt/airflow/dags/train_traffic_pred.py for tasks to queue
[2025-07-21T18:02:04.180+0000] {logging_mixin.py:190} INFO - [2025-07-21T18:02:04.180+0000] {dagbag.py:588} INFO - Filling up the DagBag from /opt/airflow/dags/train_traffic_pred.py
[2025-07-21T18:02:07.775+0000] {processor.py:925} INFO - DAG(s) 'train_traffic_pred' retrieved from /opt/airflow/dags/train_traffic_pred.py
[2025-07-21T18:02:07.798+0000] {logging_mixin.py:190} INFO - [2025-07-21T18:02:07.798+0000] {dag.py:3239} INFO - Sync 1 DAGs
[2025-07-21T18:02:07.817+0000] {logging_mixin.py:190} INFO - [2025-07-21T18:02:07.817+0000] {dag.py:4180} INFO - Setting next_dagrun for train_traffic_pred to 2025-07-21 00:00:00+00:00, run_after=2025-07-22 00:00:00+00:00
[2025-07-21T18:02:07.832+0000] {processor.py:208} INFO - Processing /opt/airflow/dags/train_traffic_pred.py took 3.662 seconds
[2025-07-21T18:02:39.038+0000] {processor.py:186} INFO - Started process (PID=4350) to work on /opt/airflow/dags/train_traffic_pred.py
[2025-07-21T18:02:39.039+0000] {processor.py:914} INFO - Processing file /opt/airflow/dags/train_traffic_pred.py for tasks to queue
[2025-07-21T18:02:39.040+0000] {logging_mixin.py:190} INFO - [2025-07-21T18:02:39.040+0000] {dagbag.py:588} INFO - Filling up the DagBag from /opt/airflow/dags/train_traffic_pred.py
[2025-07-21T18:02:42.503+0000] {processor.py:925} INFO - DAG(s) 'train_traffic_pred' retrieved from /opt/airflow/dags/train_traffic_pred.py
[2025-07-21T18:02:42.524+0000] {logging_mixin.py:190} INFO - [2025-07-21T18:02:42.523+0000] {dag.py:3239} INFO - Sync 1 DAGs
[2025-07-21T18:02:42.539+0000] {logging_mixin.py:190} INFO - [2025-07-21T18:02:42.539+0000] {dag.py:4180} INFO - Setting next_dagrun for train_traffic_pred to 2025-07-21 00:00:00+00:00, run_after=2025-07-22 00:00:00+00:00
[2025-07-21T18:02:42.554+0000] {processor.py:208} INFO - Processing /opt/airflow/dags/train_traffic_pred.py took 3.521 seconds
[2025-07-21T18:03:13.919+0000] {processor.py:186} INFO - Started process (PID=4448) to work on /opt/airflow/dags/train_traffic_pred.py
[2025-07-21T18:03:13.921+0000] {processor.py:914} INFO - Processing file /opt/airflow/dags/train_traffic_pred.py for tasks to queue
[2025-07-21T18:03:13.924+0000] {logging_mixin.py:190} INFO - [2025-07-21T18:03:13.923+0000] {dagbag.py:588} INFO - Filling up the DagBag from /opt/airflow/dags/train_traffic_pred.py
[2025-07-21T18:03:17.471+0000] {processor.py:925} INFO - DAG(s) 'train_traffic_pred' retrieved from /opt/airflow/dags/train_traffic_pred.py
[2025-07-21T18:03:17.493+0000] {logging_mixin.py:190} INFO - [2025-07-21T18:03:17.492+0000] {dag.py:3239} INFO - Sync 1 DAGs
[2025-07-21T18:03:17.510+0000] {logging_mixin.py:190} INFO - [2025-07-21T18:03:17.510+0000] {dag.py:4180} INFO - Setting next_dagrun for train_traffic_pred to 2025-07-21 00:00:00+00:00, run_after=2025-07-22 00:00:00+00:00
[2025-07-21T18:03:17.525+0000] {processor.py:208} INFO - Processing /opt/airflow/dags/train_traffic_pred.py took 3.613 seconds
[2025-07-21T18:03:49.543+0000] {processor.py:186} INFO - Started process (PID=4546) to work on /opt/airflow/dags/train_traffic_pred.py
[2025-07-21T18:03:49.544+0000] {processor.py:914} INFO - Processing file /opt/airflow/dags/train_traffic_pred.py for tasks to queue
[2025-07-21T18:03:49.546+0000] {logging_mixin.py:190} INFO - [2025-07-21T18:03:49.546+0000] {dagbag.py:588} INFO - Filling up the DagBag from /opt/airflow/dags/train_traffic_pred.py
[2025-07-21T18:03:53.316+0000] {processor.py:925} INFO - DAG(s) 'train_traffic_pred' retrieved from /opt/airflow/dags/train_traffic_pred.py
[2025-07-21T18:03:53.336+0000] {logging_mixin.py:190} INFO - [2025-07-21T18:03:53.336+0000] {dag.py:3239} INFO - Sync 1 DAGs
[2025-07-21T18:03:53.354+0000] {logging_mixin.py:190} INFO - [2025-07-21T18:03:53.354+0000] {dag.py:4180} INFO - Setting next_dagrun for train_traffic_pred to 2025-07-21 00:00:00+00:00, run_after=2025-07-22 00:00:00+00:00
[2025-07-21T18:03:53.371+0000] {processor.py:208} INFO - Processing /opt/airflow/dags/train_traffic_pred.py took 3.833 seconds
[2025-07-21T18:04:24.846+0000] {processor.py:186} INFO - Started process (PID=4644) to work on /opt/airflow/dags/train_traffic_pred.py
[2025-07-21T18:04:24.847+0000] {processor.py:914} INFO - Processing file /opt/airflow/dags/train_traffic_pred.py for tasks to queue
[2025-07-21T18:04:24.849+0000] {logging_mixin.py:190} INFO - [2025-07-21T18:04:24.849+0000] {dagbag.py:588} INFO - Filling up the DagBag from /opt/airflow/dags/train_traffic_pred.py
[2025-07-21T18:04:28.312+0000] {processor.py:925} INFO - DAG(s) 'train_traffic_pred' retrieved from /opt/airflow/dags/train_traffic_pred.py
[2025-07-21T18:04:28.336+0000] {logging_mixin.py:190} INFO - [2025-07-21T18:04:28.336+0000] {dag.py:3239} INFO - Sync 1 DAGs
[2025-07-21T18:04:28.354+0000] {logging_mixin.py:190} INFO - [2025-07-21T18:04:28.354+0000] {dag.py:4180} INFO - Setting next_dagrun for train_traffic_pred to 2025-07-21 00:00:00+00:00, run_after=2025-07-22 00:00:00+00:00
[2025-07-21T18:04:28.369+0000] {processor.py:208} INFO - Processing /opt/airflow/dags/train_traffic_pred.py took 3.528 seconds
[2025-07-21T18:04:59.852+0000] {processor.py:186} INFO - Started process (PID=4743) to work on /opt/airflow/dags/train_traffic_pred.py
[2025-07-21T18:04:59.853+0000] {processor.py:914} INFO - Processing file /opt/airflow/dags/train_traffic_pred.py for tasks to queue
[2025-07-21T18:04:59.855+0000] {logging_mixin.py:190} INFO - [2025-07-21T18:04:59.855+0000] {dagbag.py:588} INFO - Filling up the DagBag from /opt/airflow/dags/train_traffic_pred.py
[2025-07-21T18:05:03.590+0000] {processor.py:925} INFO - DAG(s) 'train_traffic_pred' retrieved from /opt/airflow/dags/train_traffic_pred.py
[2025-07-21T18:05:03.616+0000] {logging_mixin.py:190} INFO - [2025-07-21T18:05:03.614+0000] {dag.py:3239} INFO - Sync 1 DAGs
[2025-07-21T18:05:03.636+0000] {logging_mixin.py:190} INFO - [2025-07-21T18:05:03.635+0000] {dag.py:4180} INFO - Setting next_dagrun for train_traffic_pred to 2025-07-21 00:00:00+00:00, run_after=2025-07-22 00:00:00+00:00
[2025-07-21T18:05:03.651+0000] {processor.py:208} INFO - Processing /opt/airflow/dags/train_traffic_pred.py took 3.805 seconds
[2025-07-21T18:05:35.223+0000] {processor.py:186} INFO - Started process (PID=4847) to work on /opt/airflow/dags/train_traffic_pred.py
[2025-07-21T18:05:35.224+0000] {processor.py:914} INFO - Processing file /opt/airflow/dags/train_traffic_pred.py for tasks to queue
[2025-07-21T18:05:35.227+0000] {logging_mixin.py:190} INFO - [2025-07-21T18:05:35.227+0000] {dagbag.py:588} INFO - Filling up the DagBag from /opt/airflow/dags/train_traffic_pred.py
[2025-07-21T18:05:38.954+0000] {processor.py:925} INFO - DAG(s) 'train_traffic_pred' retrieved from /opt/airflow/dags/train_traffic_pred.py
[2025-07-21T18:05:38.982+0000] {logging_mixin.py:190} INFO - [2025-07-21T18:05:38.982+0000] {dag.py:3239} INFO - Sync 1 DAGs
[2025-07-21T18:05:39.004+0000] {logging_mixin.py:190} INFO - [2025-07-21T18:05:39.003+0000] {dag.py:4180} INFO - Setting next_dagrun for train_traffic_pred to 2025-07-21 00:00:00+00:00, run_after=2025-07-22 00:00:00+00:00
[2025-07-21T18:05:39.022+0000] {processor.py:208} INFO - Processing /opt/airflow/dags/train_traffic_pred.py took 3.807 seconds
[2025-07-21T18:06:10.502+0000] {processor.py:186} INFO - Started process (PID=4945) to work on /opt/airflow/dags/train_traffic_pred.py
[2025-07-21T18:06:10.504+0000] {processor.py:914} INFO - Processing file /opt/airflow/dags/train_traffic_pred.py for tasks to queue
[2025-07-21T18:06:10.507+0000] {logging_mixin.py:190} INFO - [2025-07-21T18:06:10.507+0000] {dagbag.py:588} INFO - Filling up the DagBag from /opt/airflow/dags/train_traffic_pred.py
[2025-07-21T18:06:13.989+0000] {processor.py:925} INFO - DAG(s) 'train_traffic_pred' retrieved from /opt/airflow/dags/train_traffic_pred.py
[2025-07-21T18:06:14.012+0000] {logging_mixin.py:190} INFO - [2025-07-21T18:06:14.012+0000] {dag.py:3239} INFO - Sync 1 DAGs
[2025-07-21T18:06:14.030+0000] {logging_mixin.py:190} INFO - [2025-07-21T18:06:14.030+0000] {dag.py:4180} INFO - Setting next_dagrun for train_traffic_pred to 2025-07-21 00:00:00+00:00, run_after=2025-07-22 00:00:00+00:00
[2025-07-21T18:06:14.044+0000] {processor.py:208} INFO - Processing /opt/airflow/dags/train_traffic_pred.py took 3.548 seconds
[2025-07-21T18:06:45.711+0000] {processor.py:186} INFO - Started process (PID=5043) to work on /opt/airflow/dags/train_traffic_pred.py
[2025-07-21T18:06:45.712+0000] {processor.py:914} INFO - Processing file /opt/airflow/dags/train_traffic_pred.py for tasks to queue
[2025-07-21T18:06:45.714+0000] {logging_mixin.py:190} INFO - [2025-07-21T18:06:45.714+0000] {dagbag.py:588} INFO - Filling up the DagBag from /opt/airflow/dags/train_traffic_pred.py
[2025-07-21T18:06:49.226+0000] {processor.py:925} INFO - DAG(s) 'train_traffic_pred' retrieved from /opt/airflow/dags/train_traffic_pred.py
[2025-07-21T18:06:49.248+0000] {logging_mixin.py:190} INFO - [2025-07-21T18:06:49.248+0000] {dag.py:3239} INFO - Sync 1 DAGs
[2025-07-21T18:06:49.266+0000] {logging_mixin.py:190} INFO - [2025-07-21T18:06:49.265+0000] {dag.py:4180} INFO - Setting next_dagrun for train_traffic_pred to 2025-07-21 00:00:00+00:00, run_after=2025-07-22 00:00:00+00:00
[2025-07-21T18:06:49.281+0000] {processor.py:208} INFO - Processing /opt/airflow/dags/train_traffic_pred.py took 3.575 seconds
[2025-07-21T18:07:21.608+0000] {processor.py:186} INFO - Started process (PID=5141) to work on /opt/airflow/dags/train_traffic_pred.py
[2025-07-21T18:07:21.611+0000] {processor.py:914} INFO - Processing file /opt/airflow/dags/train_traffic_pred.py for tasks to queue
[2025-07-21T18:07:21.615+0000] {logging_mixin.py:190} INFO - [2025-07-21T18:07:21.614+0000] {dagbag.py:588} INFO - Filling up the DagBag from /opt/airflow/dags/train_traffic_pred.py
[2025-07-21T18:07:25.698+0000] {processor.py:925} INFO - DAG(s) 'train_traffic_pred' retrieved from /opt/airflow/dags/train_traffic_pred.py
[2025-07-21T18:07:25.719+0000] {logging_mixin.py:190} INFO - [2025-07-21T18:07:25.718+0000] {dag.py:3239} INFO - Sync 1 DAGs
[2025-07-21T18:07:25.736+0000] {logging_mixin.py:190} INFO - [2025-07-21T18:07:25.736+0000] {dag.py:4180} INFO - Setting next_dagrun for train_traffic_pred to 2025-07-21 00:00:00+00:00, run_after=2025-07-22 00:00:00+00:00
[2025-07-21T18:07:25.753+0000] {processor.py:208} INFO - Processing /opt/airflow/dags/train_traffic_pred.py took 4.158 seconds
[2025-07-21T18:07:57.070+0000] {processor.py:186} INFO - Started process (PID=5239) to work on /opt/airflow/dags/train_traffic_pred.py
[2025-07-21T18:07:57.071+0000] {processor.py:914} INFO - Processing file /opt/airflow/dags/train_traffic_pred.py for tasks to queue
[2025-07-21T18:07:57.073+0000] {logging_mixin.py:190} INFO - [2025-07-21T18:07:57.073+0000] {dagbag.py:588} INFO - Filling up the DagBag from /opt/airflow/dags/train_traffic_pred.py
[2025-07-21T18:08:00.463+0000] {processor.py:925} INFO - DAG(s) 'train_traffic_pred' retrieved from /opt/airflow/dags/train_traffic_pred.py
[2025-07-21T18:08:00.488+0000] {logging_mixin.py:190} INFO - [2025-07-21T18:08:00.488+0000] {dag.py:3239} INFO - Sync 1 DAGs
[2025-07-21T18:08:00.505+0000] {logging_mixin.py:190} INFO - [2025-07-21T18:08:00.505+0000] {dag.py:4180} INFO - Setting next_dagrun for train_traffic_pred to 2025-07-21 00:00:00+00:00, run_after=2025-07-22 00:00:00+00:00
[2025-07-21T18:08:00.519+0000] {processor.py:208} INFO - Processing /opt/airflow/dags/train_traffic_pred.py took 3.454 seconds
[2025-07-21T18:08:31.786+0000] {processor.py:186} INFO - Started process (PID=5338) to work on /opt/airflow/dags/train_traffic_pred.py
[2025-07-21T18:08:31.787+0000] {processor.py:914} INFO - Processing file /opt/airflow/dags/train_traffic_pred.py for tasks to queue
[2025-07-21T18:08:31.789+0000] {logging_mixin.py:190} INFO - [2025-07-21T18:08:31.789+0000] {dagbag.py:588} INFO - Filling up the DagBag from /opt/airflow/dags/train_traffic_pred.py
[2025-07-21T18:08:35.291+0000] {processor.py:925} INFO - DAG(s) 'train_traffic_pred' retrieved from /opt/airflow/dags/train_traffic_pred.py
[2025-07-21T18:08:35.312+0000] {logging_mixin.py:190} INFO - [2025-07-21T18:08:35.312+0000] {dag.py:3239} INFO - Sync 1 DAGs
[2025-07-21T18:08:35.330+0000] {logging_mixin.py:190} INFO - [2025-07-21T18:08:35.330+0000] {dag.py:4180} INFO - Setting next_dagrun for train_traffic_pred to 2025-07-21 00:00:00+00:00, run_after=2025-07-22 00:00:00+00:00
[2025-07-21T18:08:35.344+0000] {processor.py:208} INFO - Processing /opt/airflow/dags/train_traffic_pred.py took 3.564 seconds
[2025-07-21T18:09:06.530+0000] {processor.py:186} INFO - Started process (PID=5442) to work on /opt/airflow/dags/train_traffic_pred.py
[2025-07-21T18:09:06.531+0000] {processor.py:914} INFO - Processing file /opt/airflow/dags/train_traffic_pred.py for tasks to queue
[2025-07-21T18:09:06.533+0000] {logging_mixin.py:190} INFO - [2025-07-21T18:09:06.533+0000] {dagbag.py:588} INFO - Filling up the DagBag from /opt/airflow/dags/train_traffic_pred.py
[2025-07-21T18:09:09.903+0000] {processor.py:925} INFO - DAG(s) 'train_traffic_pred' retrieved from /opt/airflow/dags/train_traffic_pred.py
[2025-07-21T18:09:09.925+0000] {logging_mixin.py:190} INFO - [2025-07-21T18:09:09.924+0000] {dag.py:3239} INFO - Sync 1 DAGs
[2025-07-21T18:09:09.942+0000] {logging_mixin.py:190} INFO - [2025-07-21T18:09:09.942+0000] {dag.py:4180} INFO - Setting next_dagrun for train_traffic_pred to 2025-07-21 00:00:00+00:00, run_after=2025-07-22 00:00:00+00:00
[2025-07-21T18:09:09.958+0000] {processor.py:208} INFO - Processing /opt/airflow/dags/train_traffic_pred.py took 3.433 seconds
[2025-07-21T18:09:41.964+0000] {processor.py:186} INFO - Started process (PID=5556) to work on /opt/airflow/dags/train_traffic_pred.py
[2025-07-21T18:09:41.965+0000] {processor.py:914} INFO - Processing file /opt/airflow/dags/train_traffic_pred.py for tasks to queue
[2025-07-21T18:09:41.968+0000] {logging_mixin.py:190} INFO - [2025-07-21T18:09:41.968+0000] {dagbag.py:588} INFO - Filling up the DagBag from /opt/airflow/dags/train_traffic_pred.py
[2025-07-21T18:09:45.397+0000] {processor.py:925} INFO - DAG(s) 'train_traffic_pred' retrieved from /opt/airflow/dags/train_traffic_pred.py
[2025-07-21T18:09:45.418+0000] {logging_mixin.py:190} INFO - [2025-07-21T18:09:45.417+0000] {dag.py:3239} INFO - Sync 1 DAGs
[2025-07-21T18:09:45.433+0000] {logging_mixin.py:190} INFO - [2025-07-21T18:09:45.433+0000] {dag.py:4180} INFO - Setting next_dagrun for train_traffic_pred to 2025-07-21 00:00:00+00:00, run_after=2025-07-22 00:00:00+00:00
[2025-07-21T18:09:45.449+0000] {processor.py:208} INFO - Processing /opt/airflow/dags/train_traffic_pred.py took 3.492 seconds
[2025-07-21T18:10:17.600+0000] {processor.py:186} INFO - Started process (PID=5654) to work on /opt/airflow/dags/train_traffic_pred.py
[2025-07-21T18:10:17.602+0000] {processor.py:914} INFO - Processing file /opt/airflow/dags/train_traffic_pred.py for tasks to queue
[2025-07-21T18:10:17.605+0000] {logging_mixin.py:190} INFO - [2025-07-21T18:10:17.604+0000] {dagbag.py:588} INFO - Filling up the DagBag from /opt/airflow/dags/train_traffic_pred.py
[2025-07-21T18:10:20.996+0000] {processor.py:925} INFO - DAG(s) 'train_traffic_pred' retrieved from /opt/airflow/dags/train_traffic_pred.py
[2025-07-21T18:10:21.016+0000] {logging_mixin.py:190} INFO - [2025-07-21T18:10:21.015+0000] {dag.py:3239} INFO - Sync 1 DAGs
[2025-07-21T18:10:21.037+0000] {logging_mixin.py:190} INFO - [2025-07-21T18:10:21.037+0000] {dag.py:4180} INFO - Setting next_dagrun for train_traffic_pred to 2025-07-21 00:00:00+00:00, run_after=2025-07-22 00:00:00+00:00
[2025-07-21T18:10:21.055+0000] {processor.py:208} INFO - Processing /opt/airflow/dags/train_traffic_pred.py took 3.462 seconds
[2025-07-21T18:10:52.298+0000] {processor.py:186} INFO - Started process (PID=5752) to work on /opt/airflow/dags/train_traffic_pred.py
[2025-07-21T18:10:52.300+0000] {processor.py:914} INFO - Processing file /opt/airflow/dags/train_traffic_pred.py for tasks to queue
[2025-07-21T18:10:52.303+0000] {logging_mixin.py:190} INFO - [2025-07-21T18:10:52.303+0000] {dagbag.py:588} INFO - Filling up the DagBag from /opt/airflow/dags/train_traffic_pred.py
[2025-07-21T18:10:55.606+0000] {processor.py:925} INFO - DAG(s) 'train_traffic_pred' retrieved from /opt/airflow/dags/train_traffic_pred.py
[2025-07-21T18:10:55.627+0000] {logging_mixin.py:190} INFO - [2025-07-21T18:10:55.626+0000] {dag.py:3239} INFO - Sync 1 DAGs
[2025-07-21T18:10:55.644+0000] {logging_mixin.py:190} INFO - [2025-07-21T18:10:55.644+0000] {dag.py:4180} INFO - Setting next_dagrun for train_traffic_pred to 2025-07-21 00:00:00+00:00, run_after=2025-07-22 00:00:00+00:00
[2025-07-21T18:10:55.658+0000] {processor.py:208} INFO - Processing /opt/airflow/dags/train_traffic_pred.py took 3.368 seconds
[2025-07-21T18:11:27.390+0000] {processor.py:186} INFO - Started process (PID=5850) to work on /opt/airflow/dags/train_traffic_pred.py
[2025-07-21T18:11:27.391+0000] {processor.py:914} INFO - Processing file /opt/airflow/dags/train_traffic_pred.py for tasks to queue
[2025-07-21T18:11:27.395+0000] {logging_mixin.py:190} INFO - [2025-07-21T18:11:27.394+0000] {dagbag.py:588} INFO - Filling up the DagBag from /opt/airflow/dags/train_traffic_pred.py
[2025-07-21T18:11:30.723+0000] {processor.py:925} INFO - DAG(s) 'train_traffic_pred' retrieved from /opt/airflow/dags/train_traffic_pred.py
[2025-07-21T18:11:30.743+0000] {logging_mixin.py:190} INFO - [2025-07-21T18:11:30.743+0000] {dag.py:3239} INFO - Sync 1 DAGs
[2025-07-21T18:11:30.761+0000] {logging_mixin.py:190} INFO - [2025-07-21T18:11:30.761+0000] {dag.py:4180} INFO - Setting next_dagrun for train_traffic_pred to 2025-07-21 00:00:00+00:00, run_after=2025-07-22 00:00:00+00:00
[2025-07-21T18:11:30.775+0000] {processor.py:208} INFO - Processing /opt/airflow/dags/train_traffic_pred.py took 3.392 seconds
[2025-07-21T18:12:01.970+0000] {processor.py:186} INFO - Started process (PID=5948) to work on /opt/airflow/dags/train_traffic_pred.py
[2025-07-21T18:12:01.971+0000] {processor.py:914} INFO - Processing file /opt/airflow/dags/train_traffic_pred.py for tasks to queue
[2025-07-21T18:12:01.974+0000] {logging_mixin.py:190} INFO - [2025-07-21T18:12:01.973+0000] {dagbag.py:588} INFO - Filling up the DagBag from /opt/airflow/dags/train_traffic_pred.py
[2025-07-21T18:12:05.197+0000] {processor.py:925} INFO - DAG(s) 'train_traffic_pred' retrieved from /opt/airflow/dags/train_traffic_pred.py
[2025-07-21T18:12:05.217+0000] {logging_mixin.py:190} INFO - [2025-07-21T18:12:05.216+0000] {dag.py:3239} INFO - Sync 1 DAGs
[2025-07-21T18:12:05.233+0000] {logging_mixin.py:190} INFO - [2025-07-21T18:12:05.233+0000] {dag.py:4180} INFO - Setting next_dagrun for train_traffic_pred to 2025-07-21 00:00:00+00:00, run_after=2025-07-22 00:00:00+00:00
[2025-07-21T18:12:05.246+0000] {processor.py:208} INFO - Processing /opt/airflow/dags/train_traffic_pred.py took 3.282 seconds
[2025-07-21T18:12:37.111+0000] {processor.py:186} INFO - Started process (PID=6052) to work on /opt/airflow/dags/train_traffic_pred.py
[2025-07-21T18:12:37.112+0000] {processor.py:914} INFO - Processing file /opt/airflow/dags/train_traffic_pred.py for tasks to queue
[2025-07-21T18:12:37.115+0000] {logging_mixin.py:190} INFO - [2025-07-21T18:12:37.115+0000] {dagbag.py:588} INFO - Filling up the DagBag from /opt/airflow/dags/train_traffic_pred.py
[2025-07-21T18:12:40.337+0000] {processor.py:925} INFO - DAG(s) 'train_traffic_pred' retrieved from /opt/airflow/dags/train_traffic_pred.py
[2025-07-21T18:12:40.359+0000] {logging_mixin.py:190} INFO - [2025-07-21T18:12:40.359+0000] {dag.py:3239} INFO - Sync 1 DAGs
[2025-07-21T18:12:40.378+0000] {logging_mixin.py:190} INFO - [2025-07-21T18:12:40.377+0000] {dag.py:4180} INFO - Setting next_dagrun for train_traffic_pred to 2025-07-21 00:00:00+00:00, run_after=2025-07-22 00:00:00+00:00
[2025-07-21T18:12:40.391+0000] {processor.py:208} INFO - Processing /opt/airflow/dags/train_traffic_pred.py took 3.287 seconds
[2025-07-21T18:13:12.048+0000] {processor.py:186} INFO - Started process (PID=6150) to work on /opt/airflow/dags/train_traffic_pred.py
[2025-07-21T18:13:12.050+0000] {processor.py:914} INFO - Processing file /opt/airflow/dags/train_traffic_pred.py for tasks to queue
[2025-07-21T18:13:12.052+0000] {logging_mixin.py:190} INFO - [2025-07-21T18:13:12.052+0000] {dagbag.py:588} INFO - Filling up the DagBag from /opt/airflow/dags/train_traffic_pred.py
[2025-07-21T18:13:15.395+0000] {processor.py:925} INFO - DAG(s) 'train_traffic_pred' retrieved from /opt/airflow/dags/train_traffic_pred.py
[2025-07-21T18:13:15.414+0000] {logging_mixin.py:190} INFO - [2025-07-21T18:13:15.413+0000] {dag.py:3239} INFO - Sync 1 DAGs
[2025-07-21T18:13:15.430+0000] {logging_mixin.py:190} INFO - [2025-07-21T18:13:15.430+0000] {dag.py:4180} INFO - Setting next_dagrun for train_traffic_pred to 2025-07-21 00:00:00+00:00, run_after=2025-07-22 00:00:00+00:00
[2025-07-21T18:13:15.444+0000] {processor.py:208} INFO - Processing /opt/airflow/dags/train_traffic_pred.py took 3.402 seconds
[2025-07-21T18:13:47.300+0000] {processor.py:186} INFO - Started process (PID=6248) to work on /opt/airflow/dags/train_traffic_pred.py
[2025-07-21T18:13:47.302+0000] {processor.py:914} INFO - Processing file /opt/airflow/dags/train_traffic_pred.py for tasks to queue
[2025-07-21T18:13:47.305+0000] {logging_mixin.py:190} INFO - [2025-07-21T18:13:47.305+0000] {dagbag.py:588} INFO - Filling up the DagBag from /opt/airflow/dags/train_traffic_pred.py
[2025-07-21T18:13:50.494+0000] {processor.py:925} INFO - DAG(s) 'train_traffic_pred' retrieved from /opt/airflow/dags/train_traffic_pred.py
[2025-07-21T18:13:50.517+0000] {logging_mixin.py:190} INFO - [2025-07-21T18:13:50.517+0000] {dag.py:3239} INFO - Sync 1 DAGs
[2025-07-21T18:13:50.535+0000] {logging_mixin.py:190} INFO - [2025-07-21T18:13:50.535+0000] {dag.py:4180} INFO - Setting next_dagrun for train_traffic_pred to 2025-07-21 00:00:00+00:00, run_after=2025-07-22 00:00:00+00:00
[2025-07-21T18:13:50.551+0000] {processor.py:208} INFO - Processing /opt/airflow/dags/train_traffic_pred.py took 3.260 seconds
[2025-07-21T18:14:22.234+0000] {processor.py:186} INFO - Started process (PID=6346) to work on /opt/airflow/dags/train_traffic_pred.py
[2025-07-21T18:14:22.235+0000] {processor.py:914} INFO - Processing file /opt/airflow/dags/train_traffic_pred.py for tasks to queue
[2025-07-21T18:14:22.238+0000] {logging_mixin.py:190} INFO - [2025-07-21T18:14:22.237+0000] {dagbag.py:588} INFO - Filling up the DagBag from /opt/airflow/dags/train_traffic_pred.py
[2025-07-21T18:14:25.493+0000] {processor.py:925} INFO - DAG(s) 'train_traffic_pred' retrieved from /opt/airflow/dags/train_traffic_pred.py
[2025-07-21T18:14:25.513+0000] {logging_mixin.py:190} INFO - [2025-07-21T18:14:25.513+0000] {dag.py:3239} INFO - Sync 1 DAGs
[2025-07-21T18:14:25.531+0000] {logging_mixin.py:190} INFO - [2025-07-21T18:14:25.530+0000] {dag.py:4180} INFO - Setting next_dagrun for train_traffic_pred to 2025-07-21 00:00:00+00:00, run_after=2025-07-22 00:00:00+00:00
[2025-07-21T18:14:25.544+0000] {processor.py:208} INFO - Processing /opt/airflow/dags/train_traffic_pred.py took 3.317 seconds
[2025-07-21T18:14:57.394+0000] {processor.py:186} INFO - Started process (PID=6444) to work on /opt/airflow/dags/train_traffic_pred.py
[2025-07-21T18:14:57.396+0000] {processor.py:914} INFO - Processing file /opt/airflow/dags/train_traffic_pred.py for tasks to queue
[2025-07-21T18:14:57.399+0000] {logging_mixin.py:190} INFO - [2025-07-21T18:14:57.398+0000] {dagbag.py:588} INFO - Filling up the DagBag from /opt/airflow/dags/train_traffic_pred.py
[2025-07-21T18:15:00.685+0000] {processor.py:925} INFO - DAG(s) 'train_traffic_pred' retrieved from /opt/airflow/dags/train_traffic_pred.py
[2025-07-21T18:15:00.704+0000] {logging_mixin.py:190} INFO - [2025-07-21T18:15:00.704+0000] {dag.py:3239} INFO - Sync 1 DAGs
[2025-07-21T18:15:00.722+0000] {logging_mixin.py:190} INFO - [2025-07-21T18:15:00.722+0000] {dag.py:4180} INFO - Setting next_dagrun for train_traffic_pred to 2025-07-21 00:00:00+00:00, run_after=2025-07-22 00:00:00+00:00
[2025-07-21T18:15:00.737+0000] {processor.py:208} INFO - Processing /opt/airflow/dags/train_traffic_pred.py took 3.350 seconds
[2025-07-21T18:15:32.076+0000] {processor.py:186} INFO - Started process (PID=6542) to work on /opt/airflow/dags/train_traffic_pred.py
[2025-07-21T18:15:32.077+0000] {processor.py:914} INFO - Processing file /opt/airflow/dags/train_traffic_pred.py for tasks to queue
[2025-07-21T18:15:32.080+0000] {logging_mixin.py:190} INFO - [2025-07-21T18:15:32.080+0000] {dagbag.py:588} INFO - Filling up the DagBag from /opt/airflow/dags/train_traffic_pred.py
[2025-07-21T18:15:35.362+0000] {processor.py:925} INFO - DAG(s) 'train_traffic_pred' retrieved from /opt/airflow/dags/train_traffic_pred.py
[2025-07-21T18:15:35.383+0000] {logging_mixin.py:190} INFO - [2025-07-21T18:15:35.383+0000] {dag.py:3239} INFO - Sync 1 DAGs
[2025-07-21T18:15:35.400+0000] {logging_mixin.py:190} INFO - [2025-07-21T18:15:35.400+0000] {dag.py:4180} INFO - Setting next_dagrun for train_traffic_pred to 2025-07-21 00:00:00+00:00, run_after=2025-07-22 00:00:00+00:00
[2025-07-21T18:15:35.415+0000] {processor.py:208} INFO - Processing /opt/airflow/dags/train_traffic_pred.py took 3.346 seconds
[2025-07-21T18:16:07.094+0000] {processor.py:186} INFO - Started process (PID=6646) to work on /opt/airflow/dags/train_traffic_pred.py
[2025-07-21T18:16:07.095+0000] {processor.py:914} INFO - Processing file /opt/airflow/dags/train_traffic_pred.py for tasks to queue
[2025-07-21T18:16:07.097+0000] {logging_mixin.py:190} INFO - [2025-07-21T18:16:07.097+0000] {dagbag.py:588} INFO - Filling up the DagBag from /opt/airflow/dags/train_traffic_pred.py
[2025-07-21T18:16:10.498+0000] {processor.py:925} INFO - DAG(s) 'train_traffic_pred' retrieved from /opt/airflow/dags/train_traffic_pred.py
[2025-07-21T18:16:10.520+0000] {logging_mixin.py:190} INFO - [2025-07-21T18:16:10.520+0000] {dag.py:3239} INFO - Sync 1 DAGs
[2025-07-21T18:16:10.536+0000] {logging_mixin.py:190} INFO - [2025-07-21T18:16:10.536+0000] {dag.py:4180} INFO - Setting next_dagrun for train_traffic_pred to 2025-07-21 00:00:00+00:00, run_after=2025-07-22 00:00:00+00:00
[2025-07-21T18:16:10.565+0000] {processor.py:208} INFO - Processing /opt/airflow/dags/train_traffic_pred.py took 3.477 seconds
[2025-07-21T18:16:41.938+0000] {processor.py:186} INFO - Started process (PID=6744) to work on /opt/airflow/dags/train_traffic_pred.py
[2025-07-21T18:16:41.939+0000] {processor.py:914} INFO - Processing file /opt/airflow/dags/train_traffic_pred.py for tasks to queue
[2025-07-21T18:16:41.942+0000] {logging_mixin.py:190} INFO - [2025-07-21T18:16:41.942+0000] {dagbag.py:588} INFO - Filling up the DagBag from /opt/airflow/dags/train_traffic_pred.py
[2025-07-21T18:16:45.409+0000] {processor.py:925} INFO - DAG(s) 'train_traffic_pred' retrieved from /opt/airflow/dags/train_traffic_pred.py
[2025-07-21T18:16:45.428+0000] {logging_mixin.py:190} INFO - [2025-07-21T18:16:45.428+0000] {dag.py:3239} INFO - Sync 1 DAGs
[2025-07-21T18:16:45.446+0000] {logging_mixin.py:190} INFO - [2025-07-21T18:16:45.446+0000] {dag.py:4180} INFO - Setting next_dagrun for train_traffic_pred to 2025-07-21 00:00:00+00:00, run_after=2025-07-22 00:00:00+00:00
[2025-07-21T18:16:45.462+0000] {processor.py:208} INFO - Processing /opt/airflow/dags/train_traffic_pred.py took 3.533 seconds
[2025-07-21T18:17:17.029+0000] {processor.py:186} INFO - Started process (PID=6842) to work on /opt/airflow/dags/train_traffic_pred.py
[2025-07-21T18:17:17.030+0000] {processor.py:914} INFO - Processing file /opt/airflow/dags/train_traffic_pred.py for tasks to queue
[2025-07-21T18:17:17.034+0000] {logging_mixin.py:190} INFO - [2025-07-21T18:17:17.033+0000] {dagbag.py:588} INFO - Filling up the DagBag from /opt/airflow/dags/train_traffic_pred.py
[2025-07-21T18:17:20.313+0000] {processor.py:925} INFO - DAG(s) 'train_traffic_pred' retrieved from /opt/airflow/dags/train_traffic_pred.py
[2025-07-21T18:17:20.336+0000] {logging_mixin.py:190} INFO - [2025-07-21T18:17:20.335+0000] {dag.py:3239} INFO - Sync 1 DAGs
[2025-07-21T18:17:20.352+0000] {logging_mixin.py:190} INFO - [2025-07-21T18:17:20.352+0000] {dag.py:4180} INFO - Setting next_dagrun for train_traffic_pred to 2025-07-21 00:00:00+00:00, run_after=2025-07-22 00:00:00+00:00
[2025-07-21T18:17:20.367+0000] {processor.py:208} INFO - Processing /opt/airflow/dags/train_traffic_pred.py took 3.345 seconds
[2025-07-21T18:17:51.936+0000] {processor.py:186} INFO - Started process (PID=6940) to work on /opt/airflow/dags/train_traffic_pred.py
[2025-07-21T18:17:51.937+0000] {processor.py:914} INFO - Processing file /opt/airflow/dags/train_traffic_pred.py for tasks to queue
[2025-07-21T18:17:51.940+0000] {logging_mixin.py:190} INFO - [2025-07-21T18:17:51.940+0000] {dagbag.py:588} INFO - Filling up the DagBag from /opt/airflow/dags/train_traffic_pred.py
[2025-07-21T18:17:55.464+0000] {processor.py:925} INFO - DAG(s) 'train_traffic_pred' retrieved from /opt/airflow/dags/train_traffic_pred.py
[2025-07-21T18:17:55.485+0000] {logging_mixin.py:190} INFO - [2025-07-21T18:17:55.485+0000] {dag.py:3239} INFO - Sync 1 DAGs
[2025-07-21T18:17:55.502+0000] {logging_mixin.py:190} INFO - [2025-07-21T18:17:55.502+0000] {dag.py:4180} INFO - Setting next_dagrun for train_traffic_pred to 2025-07-21 00:00:00+00:00, run_after=2025-07-22 00:00:00+00:00
[2025-07-21T18:17:55.516+0000] {processor.py:208} INFO - Processing /opt/airflow/dags/train_traffic_pred.py took 3.588 seconds
[2025-07-21T18:18:27.394+0000] {processor.py:186} INFO - Started process (PID=7038) to work on /opt/airflow/dags/train_traffic_pred.py
[2025-07-21T18:18:27.396+0000] {processor.py:914} INFO - Processing file /opt/airflow/dags/train_traffic_pred.py for tasks to queue
[2025-07-21T18:18:27.400+0000] {logging_mixin.py:190} INFO - [2025-07-21T18:18:27.400+0000] {dagbag.py:588} INFO - Filling up the DagBag from /opt/airflow/dags/train_traffic_pred.py
[2025-07-21T18:18:31.065+0000] {processor.py:925} INFO - DAG(s) 'train_traffic_pred' retrieved from /opt/airflow/dags/train_traffic_pred.py
[2025-07-21T18:18:31.088+0000] {logging_mixin.py:190} INFO - [2025-07-21T18:18:31.087+0000] {dag.py:3239} INFO - Sync 1 DAGs
[2025-07-21T18:18:31.105+0000] {logging_mixin.py:190} INFO - [2025-07-21T18:18:31.105+0000] {dag.py:4180} INFO - Setting next_dagrun for train_traffic_pred to 2025-07-21 00:00:00+00:00, run_after=2025-07-22 00:00:00+00:00
[2025-07-21T18:18:31.122+0000] {processor.py:208} INFO - Processing /opt/airflow/dags/train_traffic_pred.py took 3.737 seconds
[2025-07-21T18:19:02.707+0000] {processor.py:186} INFO - Started process (PID=7136) to work on /opt/airflow/dags/train_traffic_pred.py
[2025-07-21T18:19:02.708+0000] {processor.py:914} INFO - Processing file /opt/airflow/dags/train_traffic_pred.py for tasks to queue
[2025-07-21T18:19:02.711+0000] {logging_mixin.py:190} INFO - [2025-07-21T18:19:02.711+0000] {dagbag.py:588} INFO - Filling up the DagBag from /opt/airflow/dags/train_traffic_pred.py
[2025-07-21T18:19:06.017+0000] {processor.py:925} INFO - DAG(s) 'train_traffic_pred' retrieved from /opt/airflow/dags/train_traffic_pred.py
[2025-07-21T18:19:06.038+0000] {logging_mixin.py:190} INFO - [2025-07-21T18:19:06.037+0000] {dag.py:3239} INFO - Sync 1 DAGs
[2025-07-21T18:19:06.054+0000] {logging_mixin.py:190} INFO - [2025-07-21T18:19:06.054+0000] {dag.py:4180} INFO - Setting next_dagrun for train_traffic_pred to 2025-07-21 00:00:00+00:00, run_after=2025-07-22 00:00:00+00:00
[2025-07-21T18:19:06.071+0000] {processor.py:208} INFO - Processing /opt/airflow/dags/train_traffic_pred.py took 3.370 seconds
[2025-07-21T18:19:38.033+0000] {processor.py:186} INFO - Started process (PID=7240) to work on /opt/airflow/dags/train_traffic_pred.py
[2025-07-21T18:19:38.035+0000] {processor.py:914} INFO - Processing file /opt/airflow/dags/train_traffic_pred.py for tasks to queue
[2025-07-21T18:19:38.038+0000] {logging_mixin.py:190} INFO - [2025-07-21T18:19:38.037+0000] {dagbag.py:588} INFO - Filling up the DagBag from /opt/airflow/dags/train_traffic_pred.py
[2025-07-21T18:19:41.275+0000] {processor.py:925} INFO - DAG(s) 'train_traffic_pred' retrieved from /opt/airflow/dags/train_traffic_pred.py
[2025-07-21T18:19:41.295+0000] {logging_mixin.py:190} INFO - [2025-07-21T18:19:41.295+0000] {dag.py:3239} INFO - Sync 1 DAGs
[2025-07-21T18:19:41.312+0000] {logging_mixin.py:190} INFO - [2025-07-21T18:19:41.312+0000] {dag.py:4180} INFO - Setting next_dagrun for train_traffic_pred to 2025-07-21 00:00:00+00:00, run_after=2025-07-22 00:00:00+00:00
[2025-07-21T18:19:41.328+0000] {processor.py:208} INFO - Processing /opt/airflow/dags/train_traffic_pred.py took 3.301 seconds
[2025-07-21T18:20:13.299+0000] {processor.py:186} INFO - Started process (PID=7338) to work on /opt/airflow/dags/train_traffic_pred.py
[2025-07-21T18:20:13.300+0000] {processor.py:914} INFO - Processing file /opt/airflow/dags/train_traffic_pred.py for tasks to queue
[2025-07-21T18:20:13.303+0000] {logging_mixin.py:190} INFO - [2025-07-21T18:20:13.302+0000] {dagbag.py:588} INFO - Filling up the DagBag from /opt/airflow/dags/train_traffic_pred.py
[2025-07-21T18:20:16.656+0000] {processor.py:925} INFO - DAG(s) 'train_traffic_pred' retrieved from /opt/airflow/dags/train_traffic_pred.py
[2025-07-21T18:20:16.679+0000] {logging_mixin.py:190} INFO - [2025-07-21T18:20:16.678+0000] {dag.py:3239} INFO - Sync 1 DAGs
[2025-07-21T18:20:16.697+0000] {logging_mixin.py:190} INFO - [2025-07-21T18:20:16.697+0000] {dag.py:4180} INFO - Setting next_dagrun for train_traffic_pred to 2025-07-21 00:00:00+00:00, run_after=2025-07-22 00:00:00+00:00
[2025-07-21T18:20:16.715+0000] {processor.py:208} INFO - Processing /opt/airflow/dags/train_traffic_pred.py took 3.423 seconds
[2025-07-21T18:20:47.891+0000] {processor.py:186} INFO - Started process (PID=7436) to work on /opt/airflow/dags/train_traffic_pred.py
[2025-07-21T18:20:47.893+0000] {processor.py:914} INFO - Processing file /opt/airflow/dags/train_traffic_pred.py for tasks to queue
[2025-07-21T18:20:47.896+0000] {logging_mixin.py:190} INFO - [2025-07-21T18:20:47.895+0000] {dagbag.py:588} INFO - Filling up the DagBag from /opt/airflow/dags/train_traffic_pred.py
[2025-07-21T18:20:51.425+0000] {processor.py:925} INFO - DAG(s) 'train_traffic_pred' retrieved from /opt/airflow/dags/train_traffic_pred.py
[2025-07-21T18:20:51.449+0000] {logging_mixin.py:190} INFO - [2025-07-21T18:20:51.448+0000] {dag.py:3239} INFO - Sync 1 DAGs
[2025-07-21T18:20:51.469+0000] {logging_mixin.py:190} INFO - [2025-07-21T18:20:51.469+0000] {dag.py:4180} INFO - Setting next_dagrun for train_traffic_pred to 2025-07-21 00:00:00+00:00, run_after=2025-07-22 00:00:00+00:00
[2025-07-21T18:20:51.490+0000] {processor.py:208} INFO - Processing /opt/airflow/dags/train_traffic_pred.py took 3.608 seconds
[2025-07-21T18:21:22.658+0000] {processor.py:186} INFO - Started process (PID=7534) to work on /opt/airflow/dags/train_traffic_pred.py
[2025-07-21T18:21:22.659+0000] {processor.py:914} INFO - Processing file /opt/airflow/dags/train_traffic_pred.py for tasks to queue
[2025-07-21T18:21:22.663+0000] {logging_mixin.py:190} INFO - [2025-07-21T18:21:22.662+0000] {dagbag.py:588} INFO - Filling up the DagBag from /opt/airflow/dags/train_traffic_pred.py
[2025-07-21T18:21:26.082+0000] {processor.py:925} INFO - DAG(s) 'train_traffic_pred' retrieved from /opt/airflow/dags/train_traffic_pred.py
[2025-07-21T18:21:26.103+0000] {logging_mixin.py:190} INFO - [2025-07-21T18:21:26.102+0000] {dag.py:3239} INFO - Sync 1 DAGs
[2025-07-21T18:21:26.121+0000] {logging_mixin.py:190} INFO - [2025-07-21T18:21:26.121+0000] {dag.py:4180} INFO - Setting next_dagrun for train_traffic_pred to 2025-07-21 00:00:00+00:00, run_after=2025-07-22 00:00:00+00:00
[2025-07-21T18:21:26.137+0000] {processor.py:208} INFO - Processing /opt/airflow/dags/train_traffic_pred.py took 3.487 seconds
[2025-07-21T18:21:57.731+0000] {processor.py:186} INFO - Started process (PID=7632) to work on /opt/airflow/dags/train_traffic_pred.py
[2025-07-21T18:21:57.734+0000] {processor.py:914} INFO - Processing file /opt/airflow/dags/train_traffic_pred.py for tasks to queue
[2025-07-21T18:21:57.739+0000] {logging_mixin.py:190} INFO - [2025-07-21T18:21:57.738+0000] {dagbag.py:588} INFO - Filling up the DagBag from /opt/airflow/dags/train_traffic_pred.py
[2025-07-21T18:22:02.697+0000] {processor.py:925} INFO - DAG(s) 'train_traffic_pred' retrieved from /opt/airflow/dags/train_traffic_pred.py
[2025-07-21T18:22:02.719+0000] {logging_mixin.py:190} INFO - [2025-07-21T18:22:02.719+0000] {dag.py:3239} INFO - Sync 1 DAGs
[2025-07-21T18:22:02.738+0000] {logging_mixin.py:190} INFO - [2025-07-21T18:22:02.737+0000] {dag.py:4180} INFO - Setting next_dagrun for train_traffic_pred to 2025-07-21 00:00:00+00:00, run_after=2025-07-22 00:00:00+00:00
[2025-07-21T18:22:02.753+0000] {processor.py:208} INFO - Processing /opt/airflow/dags/train_traffic_pred.py took 5.035 seconds
[2025-07-21T18:22:34.039+0000] {processor.py:186} INFO - Started process (PID=7714) to work on /opt/airflow/dags/train_traffic_pred.py
[2025-07-21T18:22:34.040+0000] {processor.py:914} INFO - Processing file /opt/airflow/dags/train_traffic_pred.py for tasks to queue
[2025-07-21T18:22:34.042+0000] {logging_mixin.py:190} INFO - [2025-07-21T18:22:34.042+0000] {dagbag.py:588} INFO - Filling up the DagBag from /opt/airflow/dags/train_traffic_pred.py
[2025-07-21T18:22:37.589+0000] {processor.py:925} INFO - DAG(s) 'train_traffic_pred' retrieved from /opt/airflow/dags/train_traffic_pred.py
[2025-07-21T18:22:37.614+0000] {logging_mixin.py:190} INFO - [2025-07-21T18:22:37.613+0000] {dag.py:3239} INFO - Sync 1 DAGs
[2025-07-21T18:22:37.632+0000] {logging_mixin.py:190} INFO - [2025-07-21T18:22:37.632+0000] {dag.py:4180} INFO - Setting next_dagrun for train_traffic_pred to 2025-07-21 00:00:00+00:00, run_after=2025-07-22 00:00:00+00:00
[2025-07-21T18:22:37.648+0000] {processor.py:208} INFO - Processing /opt/airflow/dags/train_traffic_pred.py took 3.614 seconds
[2025-07-21T18:23:09.638+0000] {processor.py:186} INFO - Started process (PID=7818) to work on /opt/airflow/dags/train_traffic_pred.py
[2025-07-21T18:23:09.639+0000] {processor.py:914} INFO - Processing file /opt/airflow/dags/train_traffic_pred.py for tasks to queue
[2025-07-21T18:23:09.641+0000] {logging_mixin.py:190} INFO - [2025-07-21T18:23:09.641+0000] {dagbag.py:588} INFO - Filling up the DagBag from /opt/airflow/dags/train_traffic_pred.py
[2025-07-21T18:23:12.882+0000] {processor.py:925} INFO - DAG(s) 'train_traffic_pred' retrieved from /opt/airflow/dags/train_traffic_pred.py
[2025-07-21T18:23:12.902+0000] {logging_mixin.py:190} INFO - [2025-07-21T18:23:12.902+0000] {dag.py:3239} INFO - Sync 1 DAGs
[2025-07-21T18:23:12.919+0000] {logging_mixin.py:190} INFO - [2025-07-21T18:23:12.919+0000] {dag.py:4180} INFO - Setting next_dagrun for train_traffic_pred to 2025-07-21 00:00:00+00:00, run_after=2025-07-22 00:00:00+00:00
[2025-07-21T18:23:12.934+0000] {processor.py:208} INFO - Processing /opt/airflow/dags/train_traffic_pred.py took 3.300 seconds
[2025-07-21T18:23:44.833+0000] {processor.py:186} INFO - Started process (PID=7916) to work on /opt/airflow/dags/train_traffic_pred.py
[2025-07-21T18:23:44.834+0000] {processor.py:914} INFO - Processing file /opt/airflow/dags/train_traffic_pred.py for tasks to queue
[2025-07-21T18:23:44.836+0000] {logging_mixin.py:190} INFO - [2025-07-21T18:23:44.836+0000] {dagbag.py:588} INFO - Filling up the DagBag from /opt/airflow/dags/train_traffic_pred.py
[2025-07-21T18:23:48.155+0000] {processor.py:925} INFO - DAG(s) 'train_traffic_pred' retrieved from /opt/airflow/dags/train_traffic_pred.py
[2025-07-21T18:23:48.174+0000] {logging_mixin.py:190} INFO - [2025-07-21T18:23:48.174+0000] {dag.py:3239} INFO - Sync 1 DAGs
[2025-07-21T18:23:48.191+0000] {logging_mixin.py:190} INFO - [2025-07-21T18:23:48.191+0000] {dag.py:4180} INFO - Setting next_dagrun for train_traffic_pred to 2025-07-21 00:00:00+00:00, run_after=2025-07-22 00:00:00+00:00
[2025-07-21T18:23:48.205+0000] {processor.py:208} INFO - Processing /opt/airflow/dags/train_traffic_pred.py took 3.377 seconds
[2025-07-21T18:24:20.150+0000] {processor.py:186} INFO - Started process (PID=8014) to work on /opt/airflow/dags/train_traffic_pred.py
[2025-07-21T18:24:20.151+0000] {processor.py:914} INFO - Processing file /opt/airflow/dags/train_traffic_pred.py for tasks to queue
[2025-07-21T18:24:20.154+0000] {logging_mixin.py:190} INFO - [2025-07-21T18:24:20.153+0000] {dagbag.py:588} INFO - Filling up the DagBag from /opt/airflow/dags/train_traffic_pred.py
[2025-07-21T18:24:23.787+0000] {processor.py:925} INFO - DAG(s) 'train_traffic_pred' retrieved from /opt/airflow/dags/train_traffic_pred.py
[2025-07-21T18:24:23.809+0000] {logging_mixin.py:190} INFO - [2025-07-21T18:24:23.808+0000] {dag.py:3239} INFO - Sync 1 DAGs
[2025-07-21T18:24:23.826+0000] {logging_mixin.py:190} INFO - [2025-07-21T18:24:23.826+0000] {dag.py:4180} INFO - Setting next_dagrun for train_traffic_pred to 2025-07-21 00:00:00+00:00, run_after=2025-07-22 00:00:00+00:00
[2025-07-21T18:24:23.842+0000] {processor.py:208} INFO - Processing /opt/airflow/dags/train_traffic_pred.py took 3.697 seconds
[2025-07-21T18:24:55.213+0000] {processor.py:186} INFO - Started process (PID=8112) to work on /opt/airflow/dags/train_traffic_pred.py
[2025-07-21T18:24:55.214+0000] {processor.py:914} INFO - Processing file /opt/airflow/dags/train_traffic_pred.py for tasks to queue
[2025-07-21T18:24:55.216+0000] {logging_mixin.py:190} INFO - [2025-07-21T18:24:55.215+0000] {dagbag.py:588} INFO - Filling up the DagBag from /opt/airflow/dags/train_traffic_pred.py
[2025-07-21T18:24:58.565+0000] {processor.py:925} INFO - DAG(s) 'train_traffic_pred' retrieved from /opt/airflow/dags/train_traffic_pred.py
[2025-07-21T18:24:58.586+0000] {logging_mixin.py:190} INFO - [2025-07-21T18:24:58.586+0000] {dag.py:3239} INFO - Sync 1 DAGs
[2025-07-21T18:24:58.604+0000] {logging_mixin.py:190} INFO - [2025-07-21T18:24:58.604+0000] {dag.py:4180} INFO - Setting next_dagrun for train_traffic_pred to 2025-07-21 00:00:00+00:00, run_after=2025-07-22 00:00:00+00:00
[2025-07-21T18:24:58.621+0000] {processor.py:208} INFO - Processing /opt/airflow/dags/train_traffic_pred.py took 3.414 seconds
[2025-07-21T18:25:30.477+0000] {processor.py:186} INFO - Started process (PID=8210) to work on /opt/airflow/dags/train_traffic_pred.py
[2025-07-21T18:25:30.478+0000] {processor.py:914} INFO - Processing file /opt/airflow/dags/train_traffic_pred.py for tasks to queue
[2025-07-21T18:25:30.479+0000] {logging_mixin.py:190} INFO - [2025-07-21T18:25:30.479+0000] {dagbag.py:588} INFO - Filling up the DagBag from /opt/airflow/dags/train_traffic_pred.py
[2025-07-21T18:25:33.806+0000] {processor.py:925} INFO - DAG(s) 'train_traffic_pred' retrieved from /opt/airflow/dags/train_traffic_pred.py
[2025-07-21T18:25:33.829+0000] {logging_mixin.py:190} INFO - [2025-07-21T18:25:33.829+0000] {dag.py:3239} INFO - Sync 1 DAGs
[2025-07-21T18:25:33.846+0000] {logging_mixin.py:190} INFO - [2025-07-21T18:25:33.846+0000] {dag.py:4180} INFO - Setting next_dagrun for train_traffic_pred to 2025-07-21 00:00:00+00:00, run_after=2025-07-22 00:00:00+00:00
[2025-07-21T18:25:33.860+0000] {processor.py:208} INFO - Processing /opt/airflow/dags/train_traffic_pred.py took 3.390 seconds
[2025-07-21T18:26:04.932+0000] {processor.py:186} INFO - Started process (PID=8305) to work on /opt/airflow/dags/train_traffic_pred.py
[2025-07-21T18:26:04.933+0000] {processor.py:914} INFO - Processing file /opt/airflow/dags/train_traffic_pred.py for tasks to queue
[2025-07-21T18:26:04.936+0000] {logging_mixin.py:190} INFO - [2025-07-21T18:26:04.936+0000] {dagbag.py:588} INFO - Filling up the DagBag from /opt/airflow/dags/train_traffic_pred.py
[2025-07-21T18:26:08.309+0000] {processor.py:925} INFO - DAG(s) 'train_traffic_pred' retrieved from /opt/airflow/dags/train_traffic_pred.py
[2025-07-21T18:26:08.331+0000] {logging_mixin.py:190} INFO - [2025-07-21T18:26:08.330+0000] {dag.py:3239} INFO - Sync 1 DAGs
[2025-07-21T18:26:08.349+0000] {logging_mixin.py:190} INFO - [2025-07-21T18:26:08.348+0000] {dag.py:4180} INFO - Setting next_dagrun for train_traffic_pred to 2025-07-21 00:00:00+00:00, run_after=2025-07-22 00:00:00+00:00
[2025-07-21T18:26:08.362+0000] {processor.py:208} INFO - Processing /opt/airflow/dags/train_traffic_pred.py took 3.440 seconds
[2025-07-21T18:26:40.223+0000] {processor.py:186} INFO - Started process (PID=8412) to work on /opt/airflow/dags/train_traffic_pred.py
[2025-07-21T18:26:40.224+0000] {processor.py:914} INFO - Processing file /opt/airflow/dags/train_traffic_pred.py for tasks to queue
[2025-07-21T18:26:40.226+0000] {logging_mixin.py:190} INFO - [2025-07-21T18:26:40.226+0000] {dagbag.py:588} INFO - Filling up the DagBag from /opt/airflow/dags/train_traffic_pred.py
[2025-07-21T18:26:43.665+0000] {processor.py:925} INFO - DAG(s) 'train_traffic_pred' retrieved from /opt/airflow/dags/train_traffic_pred.py
[2025-07-21T18:26:43.686+0000] {logging_mixin.py:190} INFO - [2025-07-21T18:26:43.685+0000] {dag.py:3239} INFO - Sync 1 DAGs
[2025-07-21T18:26:43.704+0000] {logging_mixin.py:190} INFO - [2025-07-21T18:26:43.704+0000] {dag.py:4180} INFO - Setting next_dagrun for train_traffic_pred to 2025-07-21 00:00:00+00:00, run_after=2025-07-22 00:00:00+00:00
[2025-07-21T18:26:43.719+0000] {processor.py:208} INFO - Processing /opt/airflow/dags/train_traffic_pred.py took 3.503 seconds
[2025-07-21T18:27:15.169+0000] {processor.py:186} INFO - Started process (PID=8510) to work on /opt/airflow/dags/train_traffic_pred.py
[2025-07-21T18:27:15.170+0000] {processor.py:914} INFO - Processing file /opt/airflow/dags/train_traffic_pred.py for tasks to queue
[2025-07-21T18:27:15.172+0000] {logging_mixin.py:190} INFO - [2025-07-21T18:27:15.172+0000] {dagbag.py:588} INFO - Filling up the DagBag from /opt/airflow/dags/train_traffic_pred.py
[2025-07-21T18:27:18.616+0000] {processor.py:925} INFO - DAG(s) 'train_traffic_pred' retrieved from /opt/airflow/dags/train_traffic_pred.py
[2025-07-21T18:27:18.639+0000] {logging_mixin.py:190} INFO - [2025-07-21T18:27:18.639+0000] {dag.py:3239} INFO - Sync 1 DAGs
[2025-07-21T18:27:18.657+0000] {logging_mixin.py:190} INFO - [2025-07-21T18:27:18.657+0000] {dag.py:4180} INFO - Setting next_dagrun for train_traffic_pred to 2025-07-21 00:00:00+00:00, run_after=2025-07-22 00:00:00+00:00
[2025-07-21T18:27:18.671+0000] {processor.py:208} INFO - Processing /opt/airflow/dags/train_traffic_pred.py took 3.508 seconds
[2025-07-21T18:27:50.375+0000] {processor.py:186} INFO - Started process (PID=8608) to work on /opt/airflow/dags/train_traffic_pred.py
[2025-07-21T18:27:50.376+0000] {processor.py:914} INFO - Processing file /opt/airflow/dags/train_traffic_pred.py for tasks to queue
[2025-07-21T18:27:50.378+0000] {logging_mixin.py:190} INFO - [2025-07-21T18:27:50.378+0000] {dagbag.py:588} INFO - Filling up the DagBag from /opt/airflow/dags/train_traffic_pred.py
[2025-07-21T18:27:53.862+0000] {processor.py:925} INFO - DAG(s) 'train_traffic_pred' retrieved from /opt/airflow/dags/train_traffic_pred.py
[2025-07-21T18:27:53.886+0000] {logging_mixin.py:190} INFO - [2025-07-21T18:27:53.884+0000] {dag.py:3239} INFO - Sync 1 DAGs
[2025-07-21T18:27:53.906+0000] {logging_mixin.py:190} INFO - [2025-07-21T18:27:53.905+0000] {dag.py:4180} INFO - Setting next_dagrun for train_traffic_pred to 2025-07-21 00:00:00+00:00, run_after=2025-07-22 00:00:00+00:00
[2025-07-21T18:27:53.920+0000] {processor.py:208} INFO - Processing /opt/airflow/dags/train_traffic_pred.py took 3.551 seconds
[2025-07-21T18:28:25.823+0000] {processor.py:186} INFO - Started process (PID=8706) to work on /opt/airflow/dags/train_traffic_pred.py
[2025-07-21T18:28:25.825+0000] {processor.py:914} INFO - Processing file /opt/airflow/dags/train_traffic_pred.py for tasks to queue
[2025-07-21T18:28:25.828+0000] {logging_mixin.py:190} INFO - [2025-07-21T18:28:25.828+0000] {dagbag.py:588} INFO - Filling up the DagBag from /opt/airflow/dags/train_traffic_pred.py
[2025-07-21T18:28:29.170+0000] {processor.py:925} INFO - DAG(s) 'train_traffic_pred' retrieved from /opt/airflow/dags/train_traffic_pred.py
[2025-07-21T18:28:29.191+0000] {logging_mixin.py:190} INFO - [2025-07-21T18:28:29.191+0000] {dag.py:3239} INFO - Sync 1 DAGs
[2025-07-21T18:28:29.208+0000] {logging_mixin.py:190} INFO - [2025-07-21T18:28:29.208+0000] {dag.py:4180} INFO - Setting next_dagrun for train_traffic_pred to 2025-07-21 00:00:00+00:00, run_after=2025-07-22 00:00:00+00:00
[2025-07-21T18:28:29.223+0000] {processor.py:208} INFO - Processing /opt/airflow/dags/train_traffic_pred.py took 3.409 seconds
[2025-07-21T18:29:00.775+0000] {processor.py:186} INFO - Started process (PID=8804) to work on /opt/airflow/dags/train_traffic_pred.py
[2025-07-21T18:29:00.776+0000] {processor.py:914} INFO - Processing file /opt/airflow/dags/train_traffic_pred.py for tasks to queue
[2025-07-21T18:29:00.777+0000] {logging_mixin.py:190} INFO - [2025-07-21T18:29:00.777+0000] {dagbag.py:588} INFO - Filling up the DagBag from /opt/airflow/dags/train_traffic_pred.py
[2025-07-21T18:29:04.252+0000] {processor.py:925} INFO - DAG(s) 'train_traffic_pred' retrieved from /opt/airflow/dags/train_traffic_pred.py
[2025-07-21T18:29:04.276+0000] {logging_mixin.py:190} INFO - [2025-07-21T18:29:04.275+0000] {dag.py:3239} INFO - Sync 1 DAGs
[2025-07-21T18:29:04.296+0000] {logging_mixin.py:190} INFO - [2025-07-21T18:29:04.295+0000] {dag.py:4180} INFO - Setting next_dagrun for train_traffic_pred to 2025-07-21 00:00:00+00:00, run_after=2025-07-22 00:00:00+00:00
[2025-07-21T18:29:04.311+0000] {processor.py:208} INFO - Processing /opt/airflow/dags/train_traffic_pred.py took 3.543 seconds
[2025-07-21T18:29:36.282+0000] {processor.py:186} INFO - Started process (PID=8902) to work on /opt/airflow/dags/train_traffic_pred.py
[2025-07-21T18:29:36.283+0000] {processor.py:914} INFO - Processing file /opt/airflow/dags/train_traffic_pred.py for tasks to queue
[2025-07-21T18:29:36.285+0000] {logging_mixin.py:190} INFO - [2025-07-21T18:29:36.285+0000] {dagbag.py:588} INFO - Filling up the DagBag from /opt/airflow/dags/train_traffic_pred.py
[2025-07-21T18:29:39.876+0000] {processor.py:925} INFO - DAG(s) 'train_traffic_pred' retrieved from /opt/airflow/dags/train_traffic_pred.py
[2025-07-21T18:29:39.901+0000] {logging_mixin.py:190} INFO - [2025-07-21T18:29:39.900+0000] {dag.py:3239} INFO - Sync 1 DAGs
[2025-07-21T18:29:39.918+0000] {logging_mixin.py:190} INFO - [2025-07-21T18:29:39.918+0000] {dag.py:4180} INFO - Setting next_dagrun for train_traffic_pred to 2025-07-21 00:00:00+00:00, run_after=2025-07-22 00:00:00+00:00
[2025-07-21T18:29:39.933+0000] {processor.py:208} INFO - Processing /opt/airflow/dags/train_traffic_pred.py took 3.657 seconds
[2025-07-21T18:30:11.129+0000] {processor.py:186} INFO - Started process (PID=9006) to work on /opt/airflow/dags/train_traffic_pred.py
[2025-07-21T18:30:11.130+0000] {processor.py:914} INFO - Processing file /opt/airflow/dags/train_traffic_pred.py for tasks to queue
[2025-07-21T18:30:11.132+0000] {logging_mixin.py:190} INFO - [2025-07-21T18:30:11.132+0000] {dagbag.py:588} INFO - Filling up the DagBag from /opt/airflow/dags/train_traffic_pred.py
[2025-07-21T18:30:14.466+0000] {processor.py:925} INFO - DAG(s) 'train_traffic_pred' retrieved from /opt/airflow/dags/train_traffic_pred.py
[2025-07-21T18:30:14.486+0000] {logging_mixin.py:190} INFO - [2025-07-21T18:30:14.486+0000] {dag.py:3239} INFO - Sync 1 DAGs
[2025-07-21T18:30:14.503+0000] {logging_mixin.py:190} INFO - [2025-07-21T18:30:14.503+0000] {dag.py:4180} INFO - Setting next_dagrun for train_traffic_pred to 2025-07-21 00:00:00+00:00, run_after=2025-07-22 00:00:00+00:00
[2025-07-21T18:30:14.517+0000] {processor.py:208} INFO - Processing /opt/airflow/dags/train_traffic_pred.py took 3.393 seconds
[2025-07-21T18:30:46.329+0000] {processor.py:186} INFO - Started process (PID=9104) to work on /opt/airflow/dags/train_traffic_pred.py
[2025-07-21T18:30:46.330+0000] {processor.py:914} INFO - Processing file /opt/airflow/dags/train_traffic_pred.py for tasks to queue
[2025-07-21T18:30:46.333+0000] {logging_mixin.py:190} INFO - [2025-07-21T18:30:46.332+0000] {dagbag.py:588} INFO - Filling up the DagBag from /opt/airflow/dags/train_traffic_pred.py
[2025-07-21T18:30:49.604+0000] {processor.py:925} INFO - DAG(s) 'train_traffic_pred' retrieved from /opt/airflow/dags/train_traffic_pred.py
[2025-07-21T18:30:49.626+0000] {logging_mixin.py:190} INFO - [2025-07-21T18:30:49.625+0000] {dag.py:3239} INFO - Sync 1 DAGs
[2025-07-21T18:30:49.642+0000] {logging_mixin.py:190} INFO - [2025-07-21T18:30:49.642+0000] {dag.py:4180} INFO - Setting next_dagrun for train_traffic_pred to 2025-07-21 00:00:00+00:00, run_after=2025-07-22 00:00:00+00:00
[2025-07-21T18:30:49.657+0000] {processor.py:208} INFO - Processing /opt/airflow/dags/train_traffic_pred.py took 3.333 seconds
[2025-07-21T18:31:21.623+0000] {processor.py:186} INFO - Started process (PID=9202) to work on /opt/airflow/dags/train_traffic_pred.py
[2025-07-21T18:31:21.624+0000] {processor.py:914} INFO - Processing file /opt/airflow/dags/train_traffic_pred.py for tasks to queue
[2025-07-21T18:31:21.625+0000] {logging_mixin.py:190} INFO - [2025-07-21T18:31:21.625+0000] {dagbag.py:588} INFO - Filling up the DagBag from /opt/airflow/dags/train_traffic_pred.py
[2025-07-21T18:31:25.104+0000] {processor.py:925} INFO - DAG(s) 'train_traffic_pred' retrieved from /opt/airflow/dags/train_traffic_pred.py
[2025-07-21T18:31:25.128+0000] {logging_mixin.py:190} INFO - [2025-07-21T18:31:25.127+0000] {dag.py:3239} INFO - Sync 1 DAGs
[2025-07-21T18:31:25.153+0000] {logging_mixin.py:190} INFO - [2025-07-21T18:31:25.152+0000] {dag.py:4180} INFO - Setting next_dagrun for train_traffic_pred to 2025-07-21 00:00:00+00:00, run_after=2025-07-22 00:00:00+00:00
[2025-07-21T18:31:25.174+0000] {processor.py:208} INFO - Processing /opt/airflow/dags/train_traffic_pred.py took 3.556 seconds
[2025-07-21T18:31:56.275+0000] {processor.py:186} INFO - Started process (PID=9300) to work on /opt/airflow/dags/train_traffic_pred.py
[2025-07-21T18:31:56.276+0000] {processor.py:914} INFO - Processing file /opt/airflow/dags/train_traffic_pred.py for tasks to queue
[2025-07-21T18:31:56.278+0000] {logging_mixin.py:190} INFO - [2025-07-21T18:31:56.278+0000] {dagbag.py:588} INFO - Filling up the DagBag from /opt/airflow/dags/train_traffic_pred.py
[2025-07-21T18:31:59.724+0000] {processor.py:925} INFO - DAG(s) 'train_traffic_pred' retrieved from /opt/airflow/dags/train_traffic_pred.py
[2025-07-21T18:31:59.745+0000] {logging_mixin.py:190} INFO - [2025-07-21T18:31:59.744+0000] {dag.py:3239} INFO - Sync 1 DAGs
[2025-07-21T18:31:59.762+0000] {logging_mixin.py:190} INFO - [2025-07-21T18:31:59.762+0000] {dag.py:4180} INFO - Setting next_dagrun for train_traffic_pred to 2025-07-21 00:00:00+00:00, run_after=2025-07-22 00:00:00+00:00
[2025-07-21T18:31:59.777+0000] {processor.py:208} INFO - Processing /opt/airflow/dags/train_traffic_pred.py took 3.508 seconds
[2025-07-21T18:32:31.679+0000] {processor.py:186} INFO - Started process (PID=9398) to work on /opt/airflow/dags/train_traffic_pred.py
[2025-07-21T18:32:31.680+0000] {processor.py:914} INFO - Processing file /opt/airflow/dags/train_traffic_pred.py for tasks to queue
[2025-07-21T18:32:31.682+0000] {logging_mixin.py:190} INFO - [2025-07-21T18:32:31.682+0000] {dagbag.py:588} INFO - Filling up the DagBag from /opt/airflow/dags/train_traffic_pred.py
[2025-07-21T18:32:35.265+0000] {processor.py:925} INFO - DAG(s) 'train_traffic_pred' retrieved from /opt/airflow/dags/train_traffic_pred.py
[2025-07-21T18:32:35.289+0000] {logging_mixin.py:190} INFO - [2025-07-21T18:32:35.288+0000] {dag.py:3239} INFO - Sync 1 DAGs
[2025-07-21T18:32:35.309+0000] {logging_mixin.py:190} INFO - [2025-07-21T18:32:35.309+0000] {dag.py:4180} INFO - Setting next_dagrun for train_traffic_pred to 2025-07-21 00:00:00+00:00, run_after=2025-07-22 00:00:00+00:00
[2025-07-21T18:32:35.325+0000] {processor.py:208} INFO - Processing /opt/airflow/dags/train_traffic_pred.py took 3.651 seconds
[2025-07-21T18:33:06.372+0000] {processor.py:186} INFO - Started process (PID=9496) to work on /opt/airflow/dags/train_traffic_pred.py
[2025-07-21T18:33:06.373+0000] {processor.py:914} INFO - Processing file /opt/airflow/dags/train_traffic_pred.py for tasks to queue
[2025-07-21T18:33:06.375+0000] {logging_mixin.py:190} INFO - [2025-07-21T18:33:06.375+0000] {dagbag.py:588} INFO - Filling up the DagBag from /opt/airflow/dags/train_traffic_pred.py
[2025-07-21T18:33:09.639+0000] {processor.py:925} INFO - DAG(s) 'train_traffic_pred' retrieved from /opt/airflow/dags/train_traffic_pred.py
[2025-07-21T18:33:09.660+0000] {logging_mixin.py:190} INFO - [2025-07-21T18:33:09.658+0000] {dag.py:3239} INFO - Sync 1 DAGs
[2025-07-21T18:33:09.675+0000] {logging_mixin.py:190} INFO - [2025-07-21T18:33:09.674+0000] {dag.py:4180} INFO - Setting next_dagrun for train_traffic_pred to 2025-07-21 00:00:00+00:00, run_after=2025-07-22 00:00:00+00:00
[2025-07-21T18:33:09.687+0000] {processor.py:208} INFO - Processing /opt/airflow/dags/train_traffic_pred.py took 3.321 seconds
[2025-07-21T18:33:41.534+0000] {processor.py:186} INFO - Started process (PID=9600) to work on /opt/airflow/dags/train_traffic_pred.py
[2025-07-21T18:33:41.535+0000] {processor.py:914} INFO - Processing file /opt/airflow/dags/train_traffic_pred.py for tasks to queue
[2025-07-21T18:33:41.537+0000] {logging_mixin.py:190} INFO - [2025-07-21T18:33:41.537+0000] {dagbag.py:588} INFO - Filling up the DagBag from /opt/airflow/dags/train_traffic_pred.py
[2025-07-21T18:33:44.868+0000] {processor.py:925} INFO - DAG(s) 'train_traffic_pred' retrieved from /opt/airflow/dags/train_traffic_pred.py
[2025-07-21T18:33:44.888+0000] {logging_mixin.py:190} INFO - [2025-07-21T18:33:44.888+0000] {dag.py:3239} INFO - Sync 1 DAGs
[2025-07-21T18:33:44.906+0000] {logging_mixin.py:190} INFO - [2025-07-21T18:33:44.905+0000] {dag.py:4180} INFO - Setting next_dagrun for train_traffic_pred to 2025-07-21 00:00:00+00:00, run_after=2025-07-22 00:00:00+00:00
[2025-07-21T18:33:44.921+0000] {processor.py:208} INFO - Processing /opt/airflow/dags/train_traffic_pred.py took 3.392 seconds
[2025-07-21T18:34:16.022+0000] {processor.py:186} INFO - Started process (PID=9698) to work on /opt/airflow/dags/train_traffic_pred.py
[2025-07-21T18:34:16.023+0000] {processor.py:914} INFO - Processing file /opt/airflow/dags/train_traffic_pred.py for tasks to queue
[2025-07-21T18:34:16.026+0000] {logging_mixin.py:190} INFO - [2025-07-21T18:34:16.025+0000] {dagbag.py:588} INFO - Filling up the DagBag from /opt/airflow/dags/train_traffic_pred.py
[2025-07-21T18:34:19.286+0000] {processor.py:925} INFO - DAG(s) 'train_traffic_pred' retrieved from /opt/airflow/dags/train_traffic_pred.py
[2025-07-21T18:34:19.309+0000] {logging_mixin.py:190} INFO - [2025-07-21T18:34:19.309+0000] {dag.py:3239} INFO - Sync 1 DAGs
[2025-07-21T18:34:19.326+0000] {logging_mixin.py:190} INFO - [2025-07-21T18:34:19.326+0000] {dag.py:4180} INFO - Setting next_dagrun for train_traffic_pred to 2025-07-21 00:00:00+00:00, run_after=2025-07-22 00:00:00+00:00
[2025-07-21T18:34:19.342+0000] {processor.py:208} INFO - Processing /opt/airflow/dags/train_traffic_pred.py took 3.325 seconds
[2025-07-21T18:34:51.054+0000] {processor.py:186} INFO - Started process (PID=9796) to work on /opt/airflow/dags/train_traffic_pred.py
[2025-07-21T18:34:51.055+0000] {processor.py:914} INFO - Processing file /opt/airflow/dags/train_traffic_pred.py for tasks to queue
[2025-07-21T18:34:51.057+0000] {logging_mixin.py:190} INFO - [2025-07-21T18:34:51.057+0000] {dagbag.py:588} INFO - Filling up the DagBag from /opt/airflow/dags/train_traffic_pred.py
[2025-07-21T18:34:54.310+0000] {processor.py:925} INFO - DAG(s) 'train_traffic_pred' retrieved from /opt/airflow/dags/train_traffic_pred.py
[2025-07-21T18:34:54.331+0000] {logging_mixin.py:190} INFO - [2025-07-21T18:34:54.329+0000] {dag.py:3239} INFO - Sync 1 DAGs
[2025-07-21T18:34:54.349+0000] {logging_mixin.py:190} INFO - [2025-07-21T18:34:54.348+0000] {dag.py:4180} INFO - Setting next_dagrun for train_traffic_pred to 2025-07-21 00:00:00+00:00, run_after=2025-07-22 00:00:00+00:00
[2025-07-21T18:34:54.362+0000] {processor.py:208} INFO - Processing /opt/airflow/dags/train_traffic_pred.py took 3.314 seconds
[2025-07-21T18:35:26.057+0000] {processor.py:186} INFO - Started process (PID=9894) to work on /opt/airflow/dags/train_traffic_pred.py
[2025-07-21T18:35:26.058+0000] {processor.py:914} INFO - Processing file /opt/airflow/dags/train_traffic_pred.py for tasks to queue
[2025-07-21T18:35:26.061+0000] {logging_mixin.py:190} INFO - [2025-07-21T18:35:26.060+0000] {dagbag.py:588} INFO - Filling up the DagBag from /opt/airflow/dags/train_traffic_pred.py
[2025-07-21T18:35:29.378+0000] {processor.py:925} INFO - DAG(s) 'train_traffic_pred' retrieved from /opt/airflow/dags/train_traffic_pred.py
[2025-07-21T18:35:29.399+0000] {logging_mixin.py:190} INFO - [2025-07-21T18:35:29.398+0000] {dag.py:3239} INFO - Sync 1 DAGs
[2025-07-21T18:35:29.417+0000] {logging_mixin.py:190} INFO - [2025-07-21T18:35:29.416+0000] {dag.py:4180} INFO - Setting next_dagrun for train_traffic_pred to 2025-07-21 00:00:00+00:00, run_after=2025-07-22 00:00:00+00:00
[2025-07-21T18:35:29.432+0000] {processor.py:208} INFO - Processing /opt/airflow/dags/train_traffic_pred.py took 3.380 seconds
[2025-07-21T18:36:01.390+0000] {processor.py:186} INFO - Started process (PID=9992) to work on /opt/airflow/dags/train_traffic_pred.py
[2025-07-21T18:36:01.391+0000] {processor.py:914} INFO - Processing file /opt/airflow/dags/train_traffic_pred.py for tasks to queue
[2025-07-21T18:36:01.394+0000] {logging_mixin.py:190} INFO - [2025-07-21T18:36:01.393+0000] {dagbag.py:588} INFO - Filling up the DagBag from /opt/airflow/dags/train_traffic_pred.py
[2025-07-21T18:36:04.798+0000] {processor.py:925} INFO - DAG(s) 'train_traffic_pred' retrieved from /opt/airflow/dags/train_traffic_pred.py
[2025-07-21T18:36:04.821+0000] {logging_mixin.py:190} INFO - [2025-07-21T18:36:04.821+0000] {dag.py:3239} INFO - Sync 1 DAGs
[2025-07-21T18:36:04.840+0000] {logging_mixin.py:190} INFO - [2025-07-21T18:36:04.840+0000] {dag.py:4180} INFO - Setting next_dagrun for train_traffic_pred to 2025-07-21 00:00:00+00:00, run_after=2025-07-22 00:00:00+00:00
[2025-07-21T18:36:04.856+0000] {processor.py:208} INFO - Processing /opt/airflow/dags/train_traffic_pred.py took 3.474 seconds
[2025-07-21T18:36:36.504+0000] {processor.py:186} INFO - Started process (PID=10090) to work on /opt/airflow/dags/train_traffic_pred.py
[2025-07-21T18:36:36.505+0000] {processor.py:914} INFO - Processing file /opt/airflow/dags/train_traffic_pred.py for tasks to queue
[2025-07-21T18:36:36.507+0000] {logging_mixin.py:190} INFO - [2025-07-21T18:36:36.507+0000] {dagbag.py:588} INFO - Filling up the DagBag from /opt/airflow/dags/train_traffic_pred.py
[2025-07-21T18:36:39.710+0000] {processor.py:925} INFO - DAG(s) 'train_traffic_pred' retrieved from /opt/airflow/dags/train_traffic_pred.py
[2025-07-21T18:36:39.732+0000] {logging_mixin.py:190} INFO - [2025-07-21T18:36:39.732+0000] {dag.py:3239} INFO - Sync 1 DAGs
[2025-07-21T18:36:39.752+0000] {logging_mixin.py:190} INFO - [2025-07-21T18:36:39.751+0000] {dag.py:4180} INFO - Setting next_dagrun for train_traffic_pred to 2025-07-21 00:00:00+00:00, run_after=2025-07-22 00:00:00+00:00
[2025-07-21T18:36:39.765+0000] {processor.py:208} INFO - Processing /opt/airflow/dags/train_traffic_pred.py took 3.265 seconds
[2025-07-21T18:37:11.696+0000] {processor.py:186} INFO - Started process (PID=10194) to work on /opt/airflow/dags/train_traffic_pred.py
[2025-07-21T18:37:11.697+0000] {processor.py:914} INFO - Processing file /opt/airflow/dags/train_traffic_pred.py for tasks to queue
[2025-07-21T18:37:11.699+0000] {logging_mixin.py:190} INFO - [2025-07-21T18:37:11.699+0000] {dagbag.py:588} INFO - Filling up the DagBag from /opt/airflow/dags/train_traffic_pred.py
[2025-07-21T18:37:15.079+0000] {processor.py:925} INFO - DAG(s) 'train_traffic_pred' retrieved from /opt/airflow/dags/train_traffic_pred.py
[2025-07-21T18:37:15.099+0000] {logging_mixin.py:190} INFO - [2025-07-21T18:37:15.098+0000] {dag.py:3239} INFO - Sync 1 DAGs
[2025-07-21T18:37:15.115+0000] {logging_mixin.py:190} INFO - [2025-07-21T18:37:15.115+0000] {dag.py:4180} INFO - Setting next_dagrun for train_traffic_pred to 2025-07-21 00:00:00+00:00, run_after=2025-07-22 00:00:00+00:00
[2025-07-21T18:37:15.129+0000] {processor.py:208} INFO - Processing /opt/airflow/dags/train_traffic_pred.py took 3.439 seconds
[2025-07-21T18:37:46.856+0000] {processor.py:186} INFO - Started process (PID=10292) to work on /opt/airflow/dags/train_traffic_pred.py
[2025-07-21T18:37:46.857+0000] {processor.py:914} INFO - Processing file /opt/airflow/dags/train_traffic_pred.py for tasks to queue
[2025-07-21T18:37:46.859+0000] {logging_mixin.py:190} INFO - [2025-07-21T18:37:46.858+0000] {dagbag.py:588} INFO - Filling up the DagBag from /opt/airflow/dags/train_traffic_pred.py
[2025-07-21T18:37:50.244+0000] {processor.py:925} INFO - DAG(s) 'train_traffic_pred' retrieved from /opt/airflow/dags/train_traffic_pred.py
[2025-07-21T18:37:50.267+0000] {logging_mixin.py:190} INFO - [2025-07-21T18:37:50.266+0000] {dag.py:3239} INFO - Sync 1 DAGs
[2025-07-21T18:37:50.283+0000] {logging_mixin.py:190} INFO - [2025-07-21T18:37:50.283+0000] {dag.py:4180} INFO - Setting next_dagrun for train_traffic_pred to 2025-07-21 00:00:00+00:00, run_after=2025-07-22 00:00:00+00:00
[2025-07-21T18:37:50.297+0000] {processor.py:208} INFO - Processing /opt/airflow/dags/train_traffic_pred.py took 3.447 seconds
[2025-07-21T18:38:22.007+0000] {processor.py:186} INFO - Started process (PID=10390) to work on /opt/airflow/dags/train_traffic_pred.py
[2025-07-21T18:38:22.008+0000] {processor.py:914} INFO - Processing file /opt/airflow/dags/train_traffic_pred.py for tasks to queue
[2025-07-21T18:38:22.011+0000] {logging_mixin.py:190} INFO - [2025-07-21T18:38:22.010+0000] {dagbag.py:588} INFO - Filling up the DagBag from /opt/airflow/dags/train_traffic_pred.py
[2025-07-21T18:38:25.342+0000] {processor.py:925} INFO - DAG(s) 'train_traffic_pred' retrieved from /opt/airflow/dags/train_traffic_pred.py
[2025-07-21T18:38:25.363+0000] {logging_mixin.py:190} INFO - [2025-07-21T18:38:25.362+0000] {dag.py:3239} INFO - Sync 1 DAGs
[2025-07-21T18:38:25.384+0000] {logging_mixin.py:190} INFO - [2025-07-21T18:38:25.384+0000] {dag.py:4180} INFO - Setting next_dagrun for train_traffic_pred to 2025-07-21 00:00:00+00:00, run_after=2025-07-22 00:00:00+00:00
[2025-07-21T18:38:25.400+0000] {processor.py:208} INFO - Processing /opt/airflow/dags/train_traffic_pred.py took 3.399 seconds
[2025-07-21T18:38:57.344+0000] {processor.py:186} INFO - Started process (PID=10488) to work on /opt/airflow/dags/train_traffic_pred.py
[2025-07-21T18:38:57.345+0000] {processor.py:914} INFO - Processing file /opt/airflow/dags/train_traffic_pred.py for tasks to queue
[2025-07-21T18:38:57.346+0000] {logging_mixin.py:190} INFO - [2025-07-21T18:38:57.346+0000] {dagbag.py:588} INFO - Filling up the DagBag from /opt/airflow/dags/train_traffic_pred.py
[2025-07-21T18:39:00.647+0000] {processor.py:925} INFO - DAG(s) 'train_traffic_pred' retrieved from /opt/airflow/dags/train_traffic_pred.py
[2025-07-21T18:39:00.669+0000] {logging_mixin.py:190} INFO - [2025-07-21T18:39:00.668+0000] {dag.py:3239} INFO - Sync 1 DAGs
[2025-07-21T18:39:00.687+0000] {logging_mixin.py:190} INFO - [2025-07-21T18:39:00.686+0000] {dag.py:4180} INFO - Setting next_dagrun for train_traffic_pred to 2025-07-21 00:00:00+00:00, run_after=2025-07-22 00:00:00+00:00
[2025-07-21T18:39:00.702+0000] {processor.py:208} INFO - Processing /opt/airflow/dags/train_traffic_pred.py took 3.363 seconds
[2025-07-21T18:39:32.373+0000] {processor.py:186} INFO - Started process (PID=10586) to work on /opt/airflow/dags/train_traffic_pred.py
[2025-07-21T18:39:32.373+0000] {processor.py:914} INFO - Processing file /opt/airflow/dags/train_traffic_pred.py for tasks to queue
[2025-07-21T18:39:32.375+0000] {logging_mixin.py:190} INFO - [2025-07-21T18:39:32.375+0000] {dagbag.py:588} INFO - Filling up the DagBag from /opt/airflow/dags/train_traffic_pred.py
[2025-07-21T18:39:35.750+0000] {processor.py:925} INFO - DAG(s) 'train_traffic_pred' retrieved from /opt/airflow/dags/train_traffic_pred.py
[2025-07-21T18:39:35.773+0000] {logging_mixin.py:190} INFO - [2025-07-21T18:39:35.773+0000] {dag.py:3239} INFO - Sync 1 DAGs
[2025-07-21T18:39:35.791+0000] {logging_mixin.py:190} INFO - [2025-07-21T18:39:35.791+0000] {dag.py:4180} INFO - Setting next_dagrun for train_traffic_pred to 2025-07-21 00:00:00+00:00, run_after=2025-07-22 00:00:00+00:00
[2025-07-21T18:39:35.804+0000] {processor.py:208} INFO - Processing /opt/airflow/dags/train_traffic_pred.py took 3.437 seconds
[2025-07-21T18:40:06.933+0000] {processor.py:186} INFO - Started process (PID=10684) to work on /opt/airflow/dags/train_traffic_pred.py
[2025-07-21T18:40:06.934+0000] {processor.py:914} INFO - Processing file /opt/airflow/dags/train_traffic_pred.py for tasks to queue
[2025-07-21T18:40:06.936+0000] {logging_mixin.py:190} INFO - [2025-07-21T18:40:06.935+0000] {dagbag.py:588} INFO - Filling up the DagBag from /opt/airflow/dags/train_traffic_pred.py
[2025-07-21T18:40:10.204+0000] {processor.py:925} INFO - DAG(s) 'train_traffic_pred' retrieved from /opt/airflow/dags/train_traffic_pred.py
[2025-07-21T18:40:10.226+0000] {logging_mixin.py:190} INFO - [2025-07-21T18:40:10.225+0000] {dag.py:3239} INFO - Sync 1 DAGs
[2025-07-21T18:40:10.245+0000] {logging_mixin.py:190} INFO - [2025-07-21T18:40:10.244+0000] {dag.py:4180} INFO - Setting next_dagrun for train_traffic_pred to 2025-07-21 00:00:00+00:00, run_after=2025-07-22 00:00:00+00:00
[2025-07-21T18:40:10.261+0000] {processor.py:208} INFO - Processing /opt/airflow/dags/train_traffic_pred.py took 3.333 seconds
[2025-07-21T18:40:42.120+0000] {processor.py:186} INFO - Started process (PID=10788) to work on /opt/airflow/dags/train_traffic_pred.py
[2025-07-21T18:40:42.121+0000] {processor.py:914} INFO - Processing file /opt/airflow/dags/train_traffic_pred.py for tasks to queue
[2025-07-21T18:40:42.122+0000] {logging_mixin.py:190} INFO - [2025-07-21T18:40:42.122+0000] {dagbag.py:588} INFO - Filling up the DagBag from /opt/airflow/dags/train_traffic_pred.py
[2025-07-21T18:40:45.567+0000] {processor.py:925} INFO - DAG(s) 'train_traffic_pred' retrieved from /opt/airflow/dags/train_traffic_pred.py
[2025-07-21T18:40:45.589+0000] {logging_mixin.py:190} INFO - [2025-07-21T18:40:45.588+0000] {dag.py:3239} INFO - Sync 1 DAGs
[2025-07-21T18:40:45.608+0000] {logging_mixin.py:190} INFO - [2025-07-21T18:40:45.607+0000] {dag.py:4180} INFO - Setting next_dagrun for train_traffic_pred to 2025-07-21 00:00:00+00:00, run_after=2025-07-22 00:00:00+00:00
[2025-07-21T18:40:45.622+0000] {processor.py:208} INFO - Processing /opt/airflow/dags/train_traffic_pred.py took 3.507 seconds
[2025-07-21T18:41:17.269+0000] {processor.py:186} INFO - Started process (PID=10886) to work on /opt/airflow/dags/train_traffic_pred.py
[2025-07-21T18:41:17.270+0000] {processor.py:914} INFO - Processing file /opt/airflow/dags/train_traffic_pred.py for tasks to queue
[2025-07-21T18:41:17.272+0000] {logging_mixin.py:190} INFO - [2025-07-21T18:41:17.272+0000] {dagbag.py:588} INFO - Filling up the DagBag from /opt/airflow/dags/train_traffic_pred.py
[2025-07-21T18:41:20.652+0000] {processor.py:925} INFO - DAG(s) 'train_traffic_pred' retrieved from /opt/airflow/dags/train_traffic_pred.py
[2025-07-21T18:41:20.675+0000] {logging_mixin.py:190} INFO - [2025-07-21T18:41:20.674+0000] {dag.py:3239} INFO - Sync 1 DAGs
[2025-07-21T18:41:20.693+0000] {logging_mixin.py:190} INFO - [2025-07-21T18:41:20.693+0000] {dag.py:4180} INFO - Setting next_dagrun for train_traffic_pred to 2025-07-21 00:00:00+00:00, run_after=2025-07-22 00:00:00+00:00
[2025-07-21T18:41:20.709+0000] {processor.py:208} INFO - Processing /opt/airflow/dags/train_traffic_pred.py took 3.445 seconds
[2025-07-21T18:41:52.598+0000] {processor.py:186} INFO - Started process (PID=10984) to work on /opt/airflow/dags/train_traffic_pred.py
[2025-07-21T18:41:52.599+0000] {processor.py:914} INFO - Processing file /opt/airflow/dags/train_traffic_pred.py for tasks to queue
[2025-07-21T18:41:52.601+0000] {logging_mixin.py:190} INFO - [2025-07-21T18:41:52.601+0000] {dagbag.py:588} INFO - Filling up the DagBag from /opt/airflow/dags/train_traffic_pred.py
[2025-07-21T18:41:55.904+0000] {processor.py:925} INFO - DAG(s) 'train_traffic_pred' retrieved from /opt/airflow/dags/train_traffic_pred.py
[2025-07-21T18:41:55.925+0000] {logging_mixin.py:190} INFO - [2025-07-21T18:41:55.924+0000] {dag.py:3239} INFO - Sync 1 DAGs
[2025-07-21T18:41:55.943+0000] {logging_mixin.py:190} INFO - [2025-07-21T18:41:55.943+0000] {dag.py:4180} INFO - Setting next_dagrun for train_traffic_pred to 2025-07-21 00:00:00+00:00, run_after=2025-07-22 00:00:00+00:00
[2025-07-21T18:41:55.959+0000] {processor.py:208} INFO - Processing /opt/airflow/dags/train_traffic_pred.py took 3.366 seconds
[2025-07-21T18:42:27.618+0000] {processor.py:186} INFO - Started process (PID=11082) to work on /opt/airflow/dags/train_traffic_pred.py
[2025-07-21T18:42:27.619+0000] {processor.py:914} INFO - Processing file /opt/airflow/dags/train_traffic_pred.py for tasks to queue
[2025-07-21T18:42:27.622+0000] {logging_mixin.py:190} INFO - [2025-07-21T18:42:27.621+0000] {dagbag.py:588} INFO - Filling up the DagBag from /opt/airflow/dags/train_traffic_pred.py
[2025-07-21T18:42:30.901+0000] {processor.py:925} INFO - DAG(s) 'train_traffic_pred' retrieved from /opt/airflow/dags/train_traffic_pred.py
[2025-07-21T18:42:30.924+0000] {logging_mixin.py:190} INFO - [2025-07-21T18:42:30.924+0000] {dag.py:3239} INFO - Sync 1 DAGs
[2025-07-21T18:42:30.943+0000] {logging_mixin.py:190} INFO - [2025-07-21T18:42:30.943+0000] {dag.py:4180} INFO - Setting next_dagrun for train_traffic_pred to 2025-07-21 00:00:00+00:00, run_after=2025-07-22 00:00:00+00:00
[2025-07-21T18:42:30.962+0000] {processor.py:208} INFO - Processing /opt/airflow/dags/train_traffic_pred.py took 3.348 seconds
[2025-07-21T18:43:02.846+0000] {processor.py:186} INFO - Started process (PID=11180) to work on /opt/airflow/dags/train_traffic_pred.py
[2025-07-21T18:43:02.848+0000] {processor.py:914} INFO - Processing file /opt/airflow/dags/train_traffic_pred.py for tasks to queue
[2025-07-21T18:43:02.851+0000] {logging_mixin.py:190} INFO - [2025-07-21T18:43:02.850+0000] {dagbag.py:588} INFO - Filling up the DagBag from /opt/airflow/dags/train_traffic_pred.py
[2025-07-21T18:43:06.338+0000] {processor.py:925} INFO - DAG(s) 'train_traffic_pred' retrieved from /opt/airflow/dags/train_traffic_pred.py
[2025-07-21T18:43:06.359+0000] {logging_mixin.py:190} INFO - [2025-07-21T18:43:06.359+0000] {dag.py:3239} INFO - Sync 1 DAGs
[2025-07-21T18:43:06.376+0000] {logging_mixin.py:190} INFO - [2025-07-21T18:43:06.376+0000] {dag.py:4180} INFO - Setting next_dagrun for train_traffic_pred to 2025-07-21 00:00:00+00:00, run_after=2025-07-22 00:00:00+00:00
[2025-07-21T18:43:06.389+0000] {processor.py:208} INFO - Processing /opt/airflow/dags/train_traffic_pred.py took 3.549 seconds
[2025-07-21T18:43:37.694+0000] {processor.py:186} INFO - Started process (PID=11278) to work on /opt/airflow/dags/train_traffic_pred.py
[2025-07-21T18:43:37.695+0000] {processor.py:914} INFO - Processing file /opt/airflow/dags/train_traffic_pred.py for tasks to queue
[2025-07-21T18:43:37.697+0000] {logging_mixin.py:190} INFO - [2025-07-21T18:43:37.697+0000] {dagbag.py:588} INFO - Filling up the DagBag from /opt/airflow/dags/train_traffic_pred.py
[2025-07-21T18:43:41.106+0000] {processor.py:925} INFO - DAG(s) 'train_traffic_pred' retrieved from /opt/airflow/dags/train_traffic_pred.py
[2025-07-21T18:43:41.129+0000] {logging_mixin.py:190} INFO - [2025-07-21T18:43:41.128+0000] {dag.py:3239} INFO - Sync 1 DAGs
[2025-07-21T18:43:41.149+0000] {logging_mixin.py:190} INFO - [2025-07-21T18:43:41.148+0000] {dag.py:4180} INFO - Setting next_dagrun for train_traffic_pred to 2025-07-21 00:00:00+00:00, run_after=2025-07-22 00:00:00+00:00
[2025-07-21T18:43:41.164+0000] {processor.py:208} INFO - Processing /opt/airflow/dags/train_traffic_pred.py took 3.475 seconds
[2025-07-21T18:44:12.916+0000] {processor.py:186} INFO - Started process (PID=11382) to work on /opt/airflow/dags/train_traffic_pred.py
[2025-07-21T18:44:12.917+0000] {processor.py:914} INFO - Processing file /opt/airflow/dags/train_traffic_pred.py for tasks to queue
[2025-07-21T18:44:12.918+0000] {logging_mixin.py:190} INFO - [2025-07-21T18:44:12.918+0000] {dagbag.py:588} INFO - Filling up the DagBag from /opt/airflow/dags/train_traffic_pred.py
[2025-07-21T18:44:16.307+0000] {processor.py:925} INFO - DAG(s) 'train_traffic_pred' retrieved from /opt/airflow/dags/train_traffic_pred.py
[2025-07-21T18:44:16.332+0000] {logging_mixin.py:190} INFO - [2025-07-21T18:44:16.331+0000] {dag.py:3239} INFO - Sync 1 DAGs
[2025-07-21T18:44:16.352+0000] {logging_mixin.py:190} INFO - [2025-07-21T18:44:16.352+0000] {dag.py:4180} INFO - Setting next_dagrun for train_traffic_pred to 2025-07-21 00:00:00+00:00, run_after=2025-07-22 00:00:00+00:00
[2025-07-21T18:44:16.380+0000] {processor.py:208} INFO - Processing /opt/airflow/dags/train_traffic_pred.py took 3.470 seconds
[2025-07-21T18:44:47.480+0000] {processor.py:186} INFO - Started process (PID=11480) to work on /opt/airflow/dags/train_traffic_pred.py
[2025-07-21T18:44:47.482+0000] {processor.py:914} INFO - Processing file /opt/airflow/dags/train_traffic_pred.py for tasks to queue
[2025-07-21T18:44:47.486+0000] {logging_mixin.py:190} INFO - [2025-07-21T18:44:47.485+0000] {dagbag.py:588} INFO - Filling up the DagBag from /opt/airflow/dags/train_traffic_pred.py
[2025-07-21T18:44:51.941+0000] {processor.py:925} INFO - DAG(s) 'train_traffic_pred' retrieved from /opt/airflow/dags/train_traffic_pred.py
[2025-07-21T18:44:51.964+0000] {logging_mixin.py:190} INFO - [2025-07-21T18:44:51.963+0000] {dag.py:3239} INFO - Sync 1 DAGs
[2025-07-21T18:44:51.981+0000] {logging_mixin.py:190} INFO - [2025-07-21T18:44:51.981+0000] {dag.py:4180} INFO - Setting next_dagrun for train_traffic_pred to 2025-07-21 00:00:00+00:00, run_after=2025-07-22 00:00:00+00:00
[2025-07-21T18:44:51.996+0000] {processor.py:208} INFO - Processing /opt/airflow/dags/train_traffic_pred.py took 4.525 seconds
[2025-07-21T18:45:23.615+0000] {processor.py:186} INFO - Started process (PID=11578) to work on /opt/airflow/dags/train_traffic_pred.py
[2025-07-21T18:45:23.616+0000] {processor.py:914} INFO - Processing file /opt/airflow/dags/train_traffic_pred.py for tasks to queue
[2025-07-21T18:45:23.618+0000] {logging_mixin.py:190} INFO - [2025-07-21T18:45:23.618+0000] {dagbag.py:588} INFO - Filling up the DagBag from /opt/airflow/dags/train_traffic_pred.py
[2025-07-21T18:45:27.132+0000] {processor.py:925} INFO - DAG(s) 'train_traffic_pred' retrieved from /opt/airflow/dags/train_traffic_pred.py
[2025-07-21T18:45:27.153+0000] {logging_mixin.py:190} INFO - [2025-07-21T18:45:27.152+0000] {dag.py:3239} INFO - Sync 1 DAGs
[2025-07-21T18:45:27.170+0000] {logging_mixin.py:190} INFO - [2025-07-21T18:45:27.170+0000] {dag.py:4180} INFO - Setting next_dagrun for train_traffic_pred to 2025-07-21 00:00:00+00:00, run_after=2025-07-22 00:00:00+00:00
[2025-07-21T18:45:27.185+0000] {processor.py:208} INFO - Processing /opt/airflow/dags/train_traffic_pred.py took 3.576 seconds
[2025-07-21T18:45:59.089+0000] {processor.py:186} INFO - Started process (PID=11676) to work on /opt/airflow/dags/train_traffic_pred.py
[2025-07-21T18:45:59.090+0000] {processor.py:914} INFO - Processing file /opt/airflow/dags/train_traffic_pred.py for tasks to queue
[2025-07-21T18:45:59.092+0000] {logging_mixin.py:190} INFO - [2025-07-21T18:45:59.092+0000] {dagbag.py:588} INFO - Filling up the DagBag from /opt/airflow/dags/train_traffic_pred.py
[2025-07-21T18:46:02.429+0000] {processor.py:925} INFO - DAG(s) 'train_traffic_pred' retrieved from /opt/airflow/dags/train_traffic_pred.py
[2025-07-21T18:46:02.451+0000] {logging_mixin.py:190} INFO - [2025-07-21T18:46:02.450+0000] {dag.py:3239} INFO - Sync 1 DAGs
[2025-07-21T18:46:02.469+0000] {logging_mixin.py:190} INFO - [2025-07-21T18:46:02.469+0000] {dag.py:4180} INFO - Setting next_dagrun for train_traffic_pred to 2025-07-21 00:00:00+00:00, run_after=2025-07-22 00:00:00+00:00
[2025-07-21T18:46:02.484+0000] {processor.py:208} INFO - Processing /opt/airflow/dags/train_traffic_pred.py took 3.402 seconds
[2025-07-21T18:46:34.280+0000] {processor.py:186} INFO - Started process (PID=11774) to work on /opt/airflow/dags/train_traffic_pred.py
[2025-07-21T18:46:34.281+0000] {processor.py:914} INFO - Processing file /opt/airflow/dags/train_traffic_pred.py for tasks to queue
[2025-07-21T18:46:34.283+0000] {logging_mixin.py:190} INFO - [2025-07-21T18:46:34.283+0000] {dagbag.py:588} INFO - Filling up the DagBag from /opt/airflow/dags/train_traffic_pred.py
[2025-07-21T18:46:37.656+0000] {processor.py:925} INFO - DAG(s) 'train_traffic_pred' retrieved from /opt/airflow/dags/train_traffic_pred.py
[2025-07-21T18:46:37.682+0000] {logging_mixin.py:190} INFO - [2025-07-21T18:46:37.682+0000] {dag.py:3239} INFO - Sync 1 DAGs
[2025-07-21T18:46:37.700+0000] {logging_mixin.py:190} INFO - [2025-07-21T18:46:37.700+0000] {dag.py:4180} INFO - Setting next_dagrun for train_traffic_pred to 2025-07-21 00:00:00+00:00, run_after=2025-07-22 00:00:00+00:00
[2025-07-21T18:46:37.713+0000] {processor.py:208} INFO - Processing /opt/airflow/dags/train_traffic_pred.py took 3.438 seconds
[2025-07-21T18:47:09.548+0000] {processor.py:186} INFO - Started process (PID=11872) to work on /opt/airflow/dags/train_traffic_pred.py
[2025-07-21T18:47:09.549+0000] {processor.py:914} INFO - Processing file /opt/airflow/dags/train_traffic_pred.py for tasks to queue
[2025-07-21T18:47:09.550+0000] {logging_mixin.py:190} INFO - [2025-07-21T18:47:09.550+0000] {dagbag.py:588} INFO - Filling up the DagBag from /opt/airflow/dags/train_traffic_pred.py
[2025-07-21T18:47:12.765+0000] {processor.py:925} INFO - DAG(s) 'train_traffic_pred' retrieved from /opt/airflow/dags/train_traffic_pred.py
[2025-07-21T18:47:12.787+0000] {logging_mixin.py:190} INFO - [2025-07-21T18:47:12.787+0000] {dag.py:3239} INFO - Sync 1 DAGs
[2025-07-21T18:47:12.806+0000] {logging_mixin.py:190} INFO - [2025-07-21T18:47:12.806+0000] {dag.py:4180} INFO - Setting next_dagrun for train_traffic_pred to 2025-07-21 00:00:00+00:00, run_after=2025-07-22 00:00:00+00:00
[2025-07-21T18:47:12.823+0000] {processor.py:208} INFO - Processing /opt/airflow/dags/train_traffic_pred.py took 3.280 seconds
[2025-07-21T18:47:44.055+0000] {processor.py:186} INFO - Started process (PID=11976) to work on /opt/airflow/dags/train_traffic_pred.py
[2025-07-21T18:47:44.055+0000] {processor.py:914} INFO - Processing file /opt/airflow/dags/train_traffic_pred.py for tasks to queue
[2025-07-21T18:47:44.057+0000] {logging_mixin.py:190} INFO - [2025-07-21T18:47:44.057+0000] {dagbag.py:588} INFO - Filling up the DagBag from /opt/airflow/dags/train_traffic_pred.py
[2025-07-21T18:47:47.404+0000] {processor.py:925} INFO - DAG(s) 'train_traffic_pred' retrieved from /opt/airflow/dags/train_traffic_pred.py
[2025-07-21T18:47:47.425+0000] {logging_mixin.py:190} INFO - [2025-07-21T18:47:47.424+0000] {dag.py:3239} INFO - Sync 1 DAGs
[2025-07-21T18:47:47.442+0000] {logging_mixin.py:190} INFO - [2025-07-21T18:47:47.442+0000] {dag.py:4180} INFO - Setting next_dagrun for train_traffic_pred to 2025-07-21 00:00:00+00:00, run_after=2025-07-22 00:00:00+00:00
[2025-07-21T18:47:47.455+0000] {processor.py:208} INFO - Processing /opt/airflow/dags/train_traffic_pred.py took 3.405 seconds
[2025-07-21T18:48:18.678+0000] {processor.py:186} INFO - Started process (PID=12074) to work on /opt/airflow/dags/train_traffic_pred.py
[2025-07-21T18:48:18.679+0000] {processor.py:914} INFO - Processing file /opt/airflow/dags/train_traffic_pred.py for tasks to queue
[2025-07-21T18:48:18.682+0000] {logging_mixin.py:190} INFO - [2025-07-21T18:48:18.682+0000] {dagbag.py:588} INFO - Filling up the DagBag from /opt/airflow/dags/train_traffic_pred.py
[2025-07-21T18:48:22.135+0000] {processor.py:925} INFO - DAG(s) 'train_traffic_pred' retrieved from /opt/airflow/dags/train_traffic_pred.py
[2025-07-21T18:48:22.159+0000] {logging_mixin.py:190} INFO - [2025-07-21T18:48:22.158+0000] {dag.py:3239} INFO - Sync 1 DAGs
[2025-07-21T18:48:22.178+0000] {logging_mixin.py:190} INFO - [2025-07-21T18:48:22.178+0000] {dag.py:4180} INFO - Setting next_dagrun for train_traffic_pred to 2025-07-21 00:00:00+00:00, run_after=2025-07-22 00:00:00+00:00
[2025-07-21T18:48:22.195+0000] {processor.py:208} INFO - Processing /opt/airflow/dags/train_traffic_pred.py took 3.526 seconds
[2025-07-21T18:48:53.907+0000] {processor.py:186} INFO - Started process (PID=12172) to work on /opt/airflow/dags/train_traffic_pred.py
[2025-07-21T18:48:53.908+0000] {processor.py:914} INFO - Processing file /opt/airflow/dags/train_traffic_pred.py for tasks to queue
[2025-07-21T18:48:53.910+0000] {logging_mixin.py:190} INFO - [2025-07-21T18:48:53.910+0000] {dagbag.py:588} INFO - Filling up the DagBag from /opt/airflow/dags/train_traffic_pred.py
[2025-07-21T18:48:57.523+0000] {processor.py:925} INFO - DAG(s) 'train_traffic_pred' retrieved from /opt/airflow/dags/train_traffic_pred.py
[2025-07-21T18:48:57.545+0000] {logging_mixin.py:190} INFO - [2025-07-21T18:48:57.544+0000] {dag.py:3239} INFO - Sync 1 DAGs
[2025-07-21T18:48:57.563+0000] {logging_mixin.py:190} INFO - [2025-07-21T18:48:57.563+0000] {dag.py:4180} INFO - Setting next_dagrun for train_traffic_pred to 2025-07-21 00:00:00+00:00, run_after=2025-07-22 00:00:00+00:00
[2025-07-21T18:48:57.579+0000] {processor.py:208} INFO - Processing /opt/airflow/dags/train_traffic_pred.py took 3.678 seconds
[2025-07-21T18:49:28.852+0000] {processor.py:186} INFO - Started process (PID=12270) to work on /opt/airflow/dags/train_traffic_pred.py
[2025-07-21T18:49:28.853+0000] {processor.py:914} INFO - Processing file /opt/airflow/dags/train_traffic_pred.py for tasks to queue
[2025-07-21T18:49:28.855+0000] {logging_mixin.py:190} INFO - [2025-07-21T18:49:28.855+0000] {dagbag.py:588} INFO - Filling up the DagBag from /opt/airflow/dags/train_traffic_pred.py
[2025-07-21T18:49:32.372+0000] {processor.py:925} INFO - DAG(s) 'train_traffic_pred' retrieved from /opt/airflow/dags/train_traffic_pred.py
[2025-07-21T18:49:32.393+0000] {logging_mixin.py:190} INFO - [2025-07-21T18:49:32.392+0000] {dag.py:3239} INFO - Sync 1 DAGs
[2025-07-21T18:49:32.410+0000] {logging_mixin.py:190} INFO - [2025-07-21T18:49:32.410+0000] {dag.py:4180} INFO - Setting next_dagrun for train_traffic_pred to 2025-07-21 00:00:00+00:00, run_after=2025-07-22 00:00:00+00:00
[2025-07-21T18:49:32.425+0000] {processor.py:208} INFO - Processing /opt/airflow/dags/train_traffic_pred.py took 3.580 seconds
[2025-07-21T18:50:04.386+0000] {processor.py:186} INFO - Started process (PID=12384) to work on /opt/airflow/dags/train_traffic_pred.py
[2025-07-21T18:50:04.387+0000] {processor.py:914} INFO - Processing file /opt/airflow/dags/train_traffic_pred.py for tasks to queue
[2025-07-21T18:50:04.390+0000] {logging_mixin.py:190} INFO - [2025-07-21T18:50:04.389+0000] {dagbag.py:588} INFO - Filling up the DagBag from /opt/airflow/dags/train_traffic_pred.py
[2025-07-21T18:50:07.749+0000] {processor.py:925} INFO - DAG(s) 'train_traffic_pred' retrieved from /opt/airflow/dags/train_traffic_pred.py
[2025-07-21T18:50:07.777+0000] {logging_mixin.py:190} INFO - [2025-07-21T18:50:07.776+0000] {dag.py:3239} INFO - Sync 1 DAGs
[2025-07-21T18:50:07.795+0000] {logging_mixin.py:190} INFO - [2025-07-21T18:50:07.794+0000] {dag.py:4180} INFO - Setting next_dagrun for train_traffic_pred to 2025-07-21 00:00:00+00:00, run_after=2025-07-22 00:00:00+00:00
[2025-07-21T18:50:07.810+0000] {processor.py:208} INFO - Processing /opt/airflow/dags/train_traffic_pred.py took 3.431 seconds
[2025-07-21T18:50:39.807+0000] {processor.py:186} INFO - Started process (PID=12482) to work on /opt/airflow/dags/train_traffic_pred.py
[2025-07-21T18:50:39.808+0000] {processor.py:914} INFO - Processing file /opt/airflow/dags/train_traffic_pred.py for tasks to queue
[2025-07-21T18:50:39.810+0000] {logging_mixin.py:190} INFO - [2025-07-21T18:50:39.810+0000] {dagbag.py:588} INFO - Filling up the DagBag from /opt/airflow/dags/train_traffic_pred.py
[2025-07-21T18:50:43.122+0000] {processor.py:925} INFO - DAG(s) 'train_traffic_pred' retrieved from /opt/airflow/dags/train_traffic_pred.py
[2025-07-21T18:50:43.140+0000] {logging_mixin.py:190} INFO - [2025-07-21T18:50:43.139+0000] {dag.py:3239} INFO - Sync 1 DAGs
[2025-07-21T18:50:43.156+0000] {logging_mixin.py:190} INFO - [2025-07-21T18:50:43.156+0000] {dag.py:4180} INFO - Setting next_dagrun for train_traffic_pred to 2025-07-21 00:00:00+00:00, run_after=2025-07-22 00:00:00+00:00
[2025-07-21T18:50:43.169+0000] {processor.py:208} INFO - Processing /opt/airflow/dags/train_traffic_pred.py took 3.369 seconds
[2025-07-21T18:51:14.228+0000] {processor.py:186} INFO - Started process (PID=12586) to work on /opt/airflow/dags/train_traffic_pred.py
[2025-07-21T18:51:14.229+0000] {processor.py:914} INFO - Processing file /opt/airflow/dags/train_traffic_pred.py for tasks to queue
[2025-07-21T18:51:14.232+0000] {logging_mixin.py:190} INFO - [2025-07-21T18:51:14.232+0000] {dagbag.py:588} INFO - Filling up the DagBag from /opt/airflow/dags/train_traffic_pred.py
[2025-07-21T18:51:17.550+0000] {processor.py:925} INFO - DAG(s) 'train_traffic_pred' retrieved from /opt/airflow/dags/train_traffic_pred.py
[2025-07-21T18:51:17.568+0000] {logging_mixin.py:190} INFO - [2025-07-21T18:51:17.568+0000] {dag.py:3239} INFO - Sync 1 DAGs
[2025-07-21T18:51:17.583+0000] {logging_mixin.py:190} INFO - [2025-07-21T18:51:17.583+0000] {dag.py:4180} INFO - Setting next_dagrun for train_traffic_pred to 2025-07-21 00:00:00+00:00, run_after=2025-07-22 00:00:00+00:00
[2025-07-21T18:51:17.595+0000] {processor.py:208} INFO - Processing /opt/airflow/dags/train_traffic_pred.py took 3.372 seconds
[2025-07-21T18:51:49.431+0000] {processor.py:186} INFO - Started process (PID=12684) to work on /opt/airflow/dags/train_traffic_pred.py
[2025-07-21T18:51:49.432+0000] {processor.py:914} INFO - Processing file /opt/airflow/dags/train_traffic_pred.py for tasks to queue
[2025-07-21T18:51:49.435+0000] {logging_mixin.py:190} INFO - [2025-07-21T18:51:49.435+0000] {dagbag.py:588} INFO - Filling up the DagBag from /opt/airflow/dags/train_traffic_pred.py
[2025-07-21T18:51:52.670+0000] {processor.py:925} INFO - DAG(s) 'train_traffic_pred' retrieved from /opt/airflow/dags/train_traffic_pred.py
[2025-07-21T18:51:52.690+0000] {logging_mixin.py:190} INFO - [2025-07-21T18:51:52.689+0000] {dag.py:3239} INFO - Sync 1 DAGs
[2025-07-21T18:51:52.705+0000] {logging_mixin.py:190} INFO - [2025-07-21T18:51:52.705+0000] {dag.py:4180} INFO - Setting next_dagrun for train_traffic_pred to 2025-07-21 00:00:00+00:00, run_after=2025-07-22 00:00:00+00:00
[2025-07-21T18:51:52.718+0000] {processor.py:208} INFO - Processing /opt/airflow/dags/train_traffic_pred.py took 3.293 seconds
[2025-07-21T18:52:23.822+0000] {processor.py:186} INFO - Started process (PID=12782) to work on /opt/airflow/dags/train_traffic_pred.py
[2025-07-21T18:52:23.823+0000] {processor.py:914} INFO - Processing file /opt/airflow/dags/train_traffic_pred.py for tasks to queue
[2025-07-21T18:52:23.826+0000] {logging_mixin.py:190} INFO - [2025-07-21T18:52:23.826+0000] {dagbag.py:588} INFO - Filling up the DagBag from /opt/airflow/dags/train_traffic_pred.py
[2025-07-21T18:52:27.317+0000] {processor.py:925} INFO - DAG(s) 'train_traffic_pred' retrieved from /opt/airflow/dags/train_traffic_pred.py
[2025-07-21T18:52:27.338+0000] {logging_mixin.py:190} INFO - [2025-07-21T18:52:27.337+0000] {dag.py:3239} INFO - Sync 1 DAGs
[2025-07-21T18:52:27.358+0000] {logging_mixin.py:190} INFO - [2025-07-21T18:52:27.358+0000] {dag.py:4180} INFO - Setting next_dagrun for train_traffic_pred to 2025-07-21 00:00:00+00:00, run_after=2025-07-22 00:00:00+00:00
[2025-07-21T18:52:27.374+0000] {processor.py:208} INFO - Processing /opt/airflow/dags/train_traffic_pred.py took 3.559 seconds
[2025-07-21T18:52:58.738+0000] {processor.py:186} INFO - Started process (PID=12880) to work on /opt/airflow/dags/train_traffic_pred.py
[2025-07-21T18:52:58.739+0000] {processor.py:914} INFO - Processing file /opt/airflow/dags/train_traffic_pred.py for tasks to queue
[2025-07-21T18:52:58.742+0000] {logging_mixin.py:190} INFO - [2025-07-21T18:52:58.742+0000] {dagbag.py:588} INFO - Filling up the DagBag from /opt/airflow/dags/train_traffic_pred.py
[2025-07-21T18:53:02.025+0000] {processor.py:925} INFO - DAG(s) 'train_traffic_pred' retrieved from /opt/airflow/dags/train_traffic_pred.py
[2025-07-21T18:53:02.044+0000] {logging_mixin.py:190} INFO - [2025-07-21T18:53:02.043+0000] {dag.py:3239} INFO - Sync 1 DAGs
[2025-07-21T18:53:02.060+0000] {logging_mixin.py:190} INFO - [2025-07-21T18:53:02.060+0000] {dag.py:4180} INFO - Setting next_dagrun for train_traffic_pred to 2025-07-21 00:00:00+00:00, run_after=2025-07-22 00:00:00+00:00
[2025-07-21T18:53:02.075+0000] {processor.py:208} INFO - Processing /opt/airflow/dags/train_traffic_pred.py took 3.346 seconds
[2025-07-21T18:53:33.850+0000] {processor.py:186} INFO - Started process (PID=12978) to work on /opt/airflow/dags/train_traffic_pred.py
[2025-07-21T18:53:33.851+0000] {processor.py:914} INFO - Processing file /opt/airflow/dags/train_traffic_pred.py for tasks to queue
[2025-07-21T18:53:33.854+0000] {logging_mixin.py:190} INFO - [2025-07-21T18:53:33.854+0000] {dagbag.py:588} INFO - Filling up the DagBag from /opt/airflow/dags/train_traffic_pred.py
[2025-07-21T18:53:37.151+0000] {processor.py:925} INFO - DAG(s) 'train_traffic_pred' retrieved from /opt/airflow/dags/train_traffic_pred.py
[2025-07-21T18:53:37.171+0000] {logging_mixin.py:190} INFO - [2025-07-21T18:53:37.171+0000] {dag.py:3239} INFO - Sync 1 DAGs
[2025-07-21T18:53:37.186+0000] {logging_mixin.py:190} INFO - [2025-07-21T18:53:37.186+0000] {dag.py:4180} INFO - Setting next_dagrun for train_traffic_pred to 2025-07-21 00:00:00+00:00, run_after=2025-07-22 00:00:00+00:00
[2025-07-21T18:53:37.200+0000] {processor.py:208} INFO - Processing /opt/airflow/dags/train_traffic_pred.py took 3.356 seconds
[2025-07-21T18:54:08.529+0000] {processor.py:186} INFO - Started process (PID=13076) to work on /opt/airflow/dags/train_traffic_pred.py
[2025-07-21T18:54:08.530+0000] {processor.py:914} INFO - Processing file /opt/airflow/dags/train_traffic_pred.py for tasks to queue
[2025-07-21T18:54:08.533+0000] {logging_mixin.py:190} INFO - [2025-07-21T18:54:08.532+0000] {dagbag.py:588} INFO - Filling up the DagBag from /opt/airflow/dags/train_traffic_pred.py
[2025-07-21T18:54:11.865+0000] {processor.py:925} INFO - DAG(s) 'train_traffic_pred' retrieved from /opt/airflow/dags/train_traffic_pred.py
[2025-07-21T18:54:11.887+0000] {logging_mixin.py:190} INFO - [2025-07-21T18:54:11.886+0000] {dag.py:3239} INFO - Sync 1 DAGs
[2025-07-21T18:54:11.904+0000] {logging_mixin.py:190} INFO - [2025-07-21T18:54:11.904+0000] {dag.py:4180} INFO - Setting next_dagrun for train_traffic_pred to 2025-07-21 00:00:00+00:00, run_after=2025-07-22 00:00:00+00:00
[2025-07-21T18:54:11.917+0000] {processor.py:208} INFO - Processing /opt/airflow/dags/train_traffic_pred.py took 3.395 seconds
[2025-07-21T18:54:43.785+0000] {processor.py:186} INFO - Started process (PID=13181) to work on /opt/airflow/dags/train_traffic_pred.py
[2025-07-21T18:54:43.786+0000] {processor.py:914} INFO - Processing file /opt/airflow/dags/train_traffic_pred.py for tasks to queue
[2025-07-21T18:54:43.788+0000] {logging_mixin.py:190} INFO - [2025-07-21T18:54:43.788+0000] {dagbag.py:588} INFO - Filling up the DagBag from /opt/airflow/dags/train_traffic_pred.py
[2025-07-21T18:54:47.116+0000] {processor.py:925} INFO - DAG(s) 'train_traffic_pred' retrieved from /opt/airflow/dags/train_traffic_pred.py
[2025-07-21T18:54:47.136+0000] {logging_mixin.py:190} INFO - [2025-07-21T18:54:47.135+0000] {dag.py:3239} INFO - Sync 1 DAGs
[2025-07-21T18:54:47.152+0000] {logging_mixin.py:190} INFO - [2025-07-21T18:54:47.151+0000] {dag.py:4180} INFO - Setting next_dagrun for train_traffic_pred to 2025-07-21 00:00:00+00:00, run_after=2025-07-22 00:00:00+00:00
[2025-07-21T18:54:47.165+0000] {processor.py:208} INFO - Processing /opt/airflow/dags/train_traffic_pred.py took 3.387 seconds
[2025-07-21T18:55:19.254+0000] {processor.py:186} INFO - Started process (PID=13279) to work on /opt/airflow/dags/train_traffic_pred.py
[2025-07-21T18:55:19.255+0000] {processor.py:914} INFO - Processing file /opt/airflow/dags/train_traffic_pred.py for tasks to queue
[2025-07-21T18:55:19.258+0000] {logging_mixin.py:190} INFO - [2025-07-21T18:55:19.258+0000] {dagbag.py:588} INFO - Filling up the DagBag from /opt/airflow/dags/train_traffic_pred.py
[2025-07-21T18:55:22.354+0000] {processor.py:925} INFO - DAG(s) 'train_traffic_pred' retrieved from /opt/airflow/dags/train_traffic_pred.py
[2025-07-21T18:55:22.375+0000] {logging_mixin.py:190} INFO - [2025-07-21T18:55:22.375+0000] {dag.py:3239} INFO - Sync 1 DAGs
[2025-07-21T18:55:22.390+0000] {logging_mixin.py:190} INFO - [2025-07-21T18:55:22.390+0000] {dag.py:4180} INFO - Setting next_dagrun for train_traffic_pred to 2025-07-21 00:00:00+00:00, run_after=2025-07-22 00:00:00+00:00
[2025-07-21T18:55:22.403+0000] {processor.py:208} INFO - Processing /opt/airflow/dags/train_traffic_pred.py took 3.155 seconds
[2025-07-21T18:55:54.187+0000] {processor.py:186} INFO - Started process (PID=13377) to work on /opt/airflow/dags/train_traffic_pred.py
[2025-07-21T18:55:54.188+0000] {processor.py:914} INFO - Processing file /opt/airflow/dags/train_traffic_pred.py for tasks to queue
[2025-07-21T18:55:54.191+0000] {logging_mixin.py:190} INFO - [2025-07-21T18:55:54.191+0000] {dagbag.py:588} INFO - Filling up the DagBag from /opt/airflow/dags/train_traffic_pred.py
[2025-07-21T18:55:57.712+0000] {processor.py:925} INFO - DAG(s) 'train_traffic_pred' retrieved from /opt/airflow/dags/train_traffic_pred.py
[2025-07-21T18:55:57.733+0000] {logging_mixin.py:190} INFO - [2025-07-21T18:55:57.732+0000] {dag.py:3239} INFO - Sync 1 DAGs
[2025-07-21T18:55:57.749+0000] {logging_mixin.py:190} INFO - [2025-07-21T18:55:57.749+0000] {dag.py:4180} INFO - Setting next_dagrun for train_traffic_pred to 2025-07-21 00:00:00+00:00, run_after=2025-07-22 00:00:00+00:00
[2025-07-21T18:55:57.764+0000] {processor.py:208} INFO - Processing /opt/airflow/dags/train_traffic_pred.py took 3.585 seconds
[2025-07-21T18:56:29.641+0000] {processor.py:186} INFO - Started process (PID=13475) to work on /opt/airflow/dags/train_traffic_pred.py
[2025-07-21T18:56:29.642+0000] {processor.py:914} INFO - Processing file /opt/airflow/dags/train_traffic_pred.py for tasks to queue
[2025-07-21T18:56:29.645+0000] {logging_mixin.py:190} INFO - [2025-07-21T18:56:29.645+0000] {dagbag.py:588} INFO - Filling up the DagBag from /opt/airflow/dags/train_traffic_pred.py
[2025-07-21T18:56:34.675+0000] {logging_mixin.py:190} INFO - [2025-07-21T18:56:34.674+0000] {process_utils.py:266} INFO - Waiting up to 5 seconds for processes to exit...
