[2025-07-21T12:23:20.014+0000] {processor.py:186} INFO - Started process (PID=244) to work on /opt/airflow/dags/train_crowd_pred.py
[2025-07-21T12:23:20.015+0000] {processor.py:914} INFO - Processing file /opt/airflow/dags/train_crowd_pred.py for tasks to queue
[2025-07-21T12:23:20.019+0000] {logging_mixin.py:190} INFO - [2025-07-21T12:23:20.018+0000] {dagbag.py:588} INFO - Filling up the DagBag from /opt/airflow/dags/train_crowd_pred.py
[2025-07-21T12:23:24.041+0000] {processor.py:925} INFO - DAG(s) 'train_crowd_pred' retrieved from /opt/airflow/dags/train_crowd_pred.py
[2025-07-21T12:23:24.142+0000] {logging_mixin.py:190} INFO - [2025-07-21T12:23:24.141+0000] {override.py:1912} INFO - Created Permission View: can read on DAG:train_crowd_pred
[2025-07-21T12:23:24.152+0000] {logging_mixin.py:190} INFO - [2025-07-21T12:23:24.152+0000] {override.py:1912} INFO - Created Permission View: can delete on DAG:train_crowd_pred
[2025-07-21T12:23:24.159+0000] {logging_mixin.py:190} INFO - [2025-07-21T12:23:24.159+0000] {override.py:1912} INFO - Created Permission View: can edit on DAG:train_crowd_pred
[2025-07-21T12:23:24.167+0000] {logging_mixin.py:190} INFO - [2025-07-21T12:23:24.167+0000] {override.py:1912} INFO - Created Permission View: can read on DAG Run:train_crowd_pred
[2025-07-21T12:23:24.173+0000] {logging_mixin.py:190} INFO - [2025-07-21T12:23:24.173+0000] {override.py:1912} INFO - Created Permission View: can delete on DAG Run:train_crowd_pred
[2025-07-21T12:23:24.179+0000] {logging_mixin.py:190} INFO - [2025-07-21T12:23:24.179+0000] {override.py:1912} INFO - Created Permission View: can create on DAG Run:train_crowd_pred
[2025-07-21T12:23:24.185+0000] {logging_mixin.py:190} INFO - [2025-07-21T12:23:24.185+0000] {override.py:1912} INFO - Created Permission View: menu access on DAG Run:train_crowd_pred
[2025-07-21T12:23:24.186+0000] {logging_mixin.py:190} INFO - [2025-07-21T12:23:24.186+0000] {dag.py:3239} INFO - Sync 1 DAGs
[2025-07-21T12:23:24.199+0000] {logging_mixin.py:190} INFO - [2025-07-21T12:23:24.199+0000] {dag.py:3262} INFO - Creating ORM DAG for train_crowd_pred
[2025-07-21T12:23:24.209+0000] {logging_mixin.py:190} INFO - [2025-07-21T12:23:24.209+0000] {dag.py:4180} INFO - Setting next_dagrun for train_crowd_pred to 2025-07-21 00:00:00+00:00, run_after=2025-07-22 00:00:00+00:00
[2025-07-21T12:23:24.225+0000] {processor.py:208} INFO - Processing /opt/airflow/dags/train_crowd_pred.py took 4.219 seconds
[2025-07-21T12:23:55.424+0000] {processor.py:186} INFO - Started process (PID=342) to work on /opt/airflow/dags/train_crowd_pred.py
[2025-07-21T12:23:55.426+0000] {processor.py:914} INFO - Processing file /opt/airflow/dags/train_crowd_pred.py for tasks to queue
[2025-07-21T12:23:55.428+0000] {logging_mixin.py:190} INFO - [2025-07-21T12:23:55.428+0000] {dagbag.py:588} INFO - Filling up the DagBag from /opt/airflow/dags/train_crowd_pred.py
[2025-07-21T12:23:59.876+0000] {processor.py:925} INFO - DAG(s) 'train_crowd_pred' retrieved from /opt/airflow/dags/train_crowd_pred.py
[2025-07-21T12:23:59.905+0000] {logging_mixin.py:190} INFO - [2025-07-21T12:23:59.904+0000] {dag.py:3239} INFO - Sync 1 DAGs
[2025-07-21T12:23:59.926+0000] {logging_mixin.py:190} INFO - [2025-07-21T12:23:59.926+0000] {dag.py:4180} INFO - Setting next_dagrun for train_crowd_pred to 2025-07-21 00:00:00+00:00, run_after=2025-07-22 00:00:00+00:00
[2025-07-21T12:23:59.945+0000] {processor.py:208} INFO - Processing /opt/airflow/dags/train_crowd_pred.py took 4.528 seconds
[2025-07-21T12:24:31.107+0000] {processor.py:186} INFO - Started process (PID=695) to work on /opt/airflow/dags/train_crowd_pred.py
[2025-07-21T12:24:31.108+0000] {processor.py:914} INFO - Processing file /opt/airflow/dags/train_crowd_pred.py for tasks to queue
[2025-07-21T12:24:31.110+0000] {logging_mixin.py:190} INFO - [2025-07-21T12:24:31.110+0000] {dagbag.py:588} INFO - Filling up the DagBag from /opt/airflow/dags/train_crowd_pred.py
[2025-07-21T12:24:35.806+0000] {processor.py:925} INFO - DAG(s) 'train_crowd_pred' retrieved from /opt/airflow/dags/train_crowd_pred.py
[2025-07-21T12:24:35.841+0000] {logging_mixin.py:190} INFO - [2025-07-21T12:24:35.840+0000] {dag.py:3239} INFO - Sync 1 DAGs
[2025-07-21T12:24:35.870+0000] {logging_mixin.py:190} INFO - [2025-07-21T12:24:35.870+0000] {dag.py:4180} INFO - Setting next_dagrun for train_crowd_pred to 2025-07-21 00:00:00+00:00, run_after=2025-07-22 00:00:00+00:00
[2025-07-21T12:24:35.893+0000] {processor.py:208} INFO - Processing /opt/airflow/dags/train_crowd_pred.py took 4.793 seconds
[2025-07-21T12:25:07.140+0000] {processor.py:186} INFO - Started process (PID=2773) to work on /opt/airflow/dags/train_crowd_pred.py
[2025-07-21T12:25:07.141+0000] {processor.py:914} INFO - Processing file /opt/airflow/dags/train_crowd_pred.py for tasks to queue
[2025-07-21T12:25:07.143+0000] {logging_mixin.py:190} INFO - [2025-07-21T12:25:07.143+0000] {dagbag.py:588} INFO - Filling up the DagBag from /opt/airflow/dags/train_crowd_pred.py
[2025-07-21T12:25:11.149+0000] {processor.py:925} INFO - DAG(s) 'train_crowd_pred' retrieved from /opt/airflow/dags/train_crowd_pred.py
[2025-07-21T12:25:11.175+0000] {logging_mixin.py:190} INFO - [2025-07-21T12:25:11.174+0000] {dag.py:3239} INFO - Sync 1 DAGs
[2025-07-21T12:25:11.197+0000] {logging_mixin.py:190} INFO - [2025-07-21T12:25:11.197+0000] {dag.py:4180} INFO - Setting next_dagrun for train_crowd_pred to 2025-07-21 00:00:00+00:00, run_after=2025-07-22 00:00:00+00:00
[2025-07-21T12:25:11.214+0000] {processor.py:208} INFO - Processing /opt/airflow/dags/train_crowd_pred.py took 4.080 seconds
[2025-07-21T12:25:42.896+0000] {processor.py:186} INFO - Started process (PID=2871) to work on /opt/airflow/dags/train_crowd_pred.py
[2025-07-21T12:25:42.897+0000] {processor.py:914} INFO - Processing file /opt/airflow/dags/train_crowd_pred.py for tasks to queue
[2025-07-21T12:25:42.899+0000] {logging_mixin.py:190} INFO - [2025-07-21T12:25:42.899+0000] {dagbag.py:588} INFO - Filling up the DagBag from /opt/airflow/dags/train_crowd_pred.py
[2025-07-21T12:25:46.777+0000] {processor.py:925} INFO - DAG(s) 'train_crowd_pred' retrieved from /opt/airflow/dags/train_crowd_pred.py
[2025-07-21T12:25:46.801+0000] {logging_mixin.py:190} INFO - [2025-07-21T12:25:46.801+0000] {dag.py:3239} INFO - Sync 1 DAGs
[2025-07-21T12:25:46.821+0000] {logging_mixin.py:190} INFO - [2025-07-21T12:25:46.821+0000] {dag.py:4180} INFO - Setting next_dagrun for train_crowd_pred to 2025-07-21 00:00:00+00:00, run_after=2025-07-22 00:00:00+00:00
[2025-07-21T12:25:46.841+0000] {processor.py:208} INFO - Processing /opt/airflow/dags/train_crowd_pred.py took 3.952 seconds
[2025-07-21T12:26:18.406+0000] {processor.py:186} INFO - Started process (PID=2974) to work on /opt/airflow/dags/train_crowd_pred.py
[2025-07-21T12:26:18.407+0000] {processor.py:914} INFO - Processing file /opt/airflow/dags/train_crowd_pred.py for tasks to queue
[2025-07-21T12:26:18.409+0000] {logging_mixin.py:190} INFO - [2025-07-21T12:26:18.409+0000] {dagbag.py:588} INFO - Filling up the DagBag from /opt/airflow/dags/train_crowd_pred.py
[2025-07-21T12:26:22.410+0000] {processor.py:925} INFO - DAG(s) 'train_crowd_pred' retrieved from /opt/airflow/dags/train_crowd_pred.py
[2025-07-21T12:26:22.435+0000] {logging_mixin.py:190} INFO - [2025-07-21T12:26:22.434+0000] {dag.py:3239} INFO - Sync 1 DAGs
[2025-07-21T12:26:22.455+0000] {logging_mixin.py:190} INFO - [2025-07-21T12:26:22.455+0000] {dag.py:4180} INFO - Setting next_dagrun for train_crowd_pred to 2025-07-21 00:00:00+00:00, run_after=2025-07-22 00:00:00+00:00
[2025-07-21T12:26:22.471+0000] {processor.py:208} INFO - Processing /opt/airflow/dags/train_crowd_pred.py took 4.072 seconds
[2025-07-21T12:26:53.866+0000] {processor.py:186} INFO - Started process (PID=3072) to work on /opt/airflow/dags/train_crowd_pred.py
[2025-07-21T12:26:53.867+0000] {processor.py:914} INFO - Processing file /opt/airflow/dags/train_crowd_pred.py for tasks to queue
[2025-07-21T12:26:53.870+0000] {logging_mixin.py:190} INFO - [2025-07-21T12:26:53.869+0000] {dagbag.py:588} INFO - Filling up the DagBag from /opt/airflow/dags/train_crowd_pred.py
[2025-07-21T12:26:57.659+0000] {processor.py:925} INFO - DAG(s) 'train_crowd_pred' retrieved from /opt/airflow/dags/train_crowd_pred.py
[2025-07-21T12:26:57.680+0000] {logging_mixin.py:190} INFO - [2025-07-21T12:26:57.680+0000] {dag.py:3239} INFO - Sync 1 DAGs
[2025-07-21T12:26:57.702+0000] {logging_mixin.py:190} INFO - [2025-07-21T12:26:57.701+0000] {dag.py:4180} INFO - Setting next_dagrun for train_crowd_pred to 2025-07-21 00:00:00+00:00, run_after=2025-07-22 00:00:00+00:00
[2025-07-21T12:26:57.718+0000] {processor.py:208} INFO - Processing /opt/airflow/dags/train_crowd_pred.py took 3.858 seconds
[2025-07-21T12:27:29.045+0000] {processor.py:186} INFO - Started process (PID=3170) to work on /opt/airflow/dags/train_crowd_pred.py
[2025-07-21T12:27:29.047+0000] {processor.py:914} INFO - Processing file /opt/airflow/dags/train_crowd_pred.py for tasks to queue
[2025-07-21T12:27:29.051+0000] {logging_mixin.py:190} INFO - [2025-07-21T12:27:29.051+0000] {dagbag.py:588} INFO - Filling up the DagBag from /opt/airflow/dags/train_crowd_pred.py
[2025-07-21T12:27:33.923+0000] {processor.py:925} INFO - DAG(s) 'train_crowd_pred' retrieved from /opt/airflow/dags/train_crowd_pred.py
[2025-07-21T12:27:33.955+0000] {logging_mixin.py:190} INFO - [2025-07-21T12:27:33.954+0000] {dag.py:3239} INFO - Sync 1 DAGs
[2025-07-21T12:27:33.982+0000] {logging_mixin.py:190} INFO - [2025-07-21T12:27:33.982+0000] {dag.py:4180} INFO - Setting next_dagrun for train_crowd_pred to 2025-07-21 00:00:00+00:00, run_after=2025-07-22 00:00:00+00:00
[2025-07-21T12:27:34.008+0000] {processor.py:208} INFO - Processing /opt/airflow/dags/train_crowd_pred.py took 4.971 seconds
[2025-07-21T12:28:05.631+0000] {processor.py:186} INFO - Started process (PID=3268) to work on /opt/airflow/dags/train_crowd_pred.py
[2025-07-21T12:28:05.632+0000] {processor.py:914} INFO - Processing file /opt/airflow/dags/train_crowd_pred.py for tasks to queue
[2025-07-21T12:28:05.635+0000] {logging_mixin.py:190} INFO - [2025-07-21T12:28:05.635+0000] {dagbag.py:588} INFO - Filling up the DagBag from /opt/airflow/dags/train_crowd_pred.py
[2025-07-21T12:28:09.917+0000] {processor.py:925} INFO - DAG(s) 'train_crowd_pred' retrieved from /opt/airflow/dags/train_crowd_pred.py
[2025-07-21T12:28:09.943+0000] {logging_mixin.py:190} INFO - [2025-07-21T12:28:09.943+0000] {dag.py:3239} INFO - Sync 1 DAGs
[2025-07-21T12:28:09.963+0000] {logging_mixin.py:190} INFO - [2025-07-21T12:28:09.963+0000] {dag.py:4180} INFO - Setting next_dagrun for train_crowd_pred to 2025-07-21 00:00:00+00:00, run_after=2025-07-22 00:00:00+00:00
[2025-07-21T12:28:09.981+0000] {processor.py:208} INFO - Processing /opt/airflow/dags/train_crowd_pred.py took 4.358 seconds
[2025-07-21T12:28:43.240+0000] {processor.py:186} INFO - Started process (PID=3366) to work on /opt/airflow/dags/train_crowd_pred.py
[2025-07-21T12:28:43.242+0000] {processor.py:914} INFO - Processing file /opt/airflow/dags/train_crowd_pred.py for tasks to queue
[2025-07-21T12:28:43.245+0000] {logging_mixin.py:190} INFO - [2025-07-21T12:28:43.245+0000] {dagbag.py:588} INFO - Filling up the DagBag from /opt/airflow/dags/train_crowd_pred.py
[2025-07-21T12:28:50.404+0000] {processor.py:925} INFO - DAG(s) 'train_crowd_pred' retrieved from /opt/airflow/dags/train_crowd_pred.py
[2025-07-21T12:28:50.442+0000] {logging_mixin.py:190} INFO - [2025-07-21T12:28:50.441+0000] {dag.py:3239} INFO - Sync 1 DAGs
[2025-07-21T12:28:50.474+0000] {logging_mixin.py:190} INFO - [2025-07-21T12:28:50.473+0000] {dag.py:4180} INFO - Setting next_dagrun for train_crowd_pred to 2025-07-21 00:00:00+00:00, run_after=2025-07-22 00:00:00+00:00
[2025-07-21T12:28:50.495+0000] {processor.py:208} INFO - Processing /opt/airflow/dags/train_crowd_pred.py took 7.263 seconds
[2025-07-21T12:29:21.668+0000] {processor.py:186} INFO - Started process (PID=3471) to work on /opt/airflow/dags/train_crowd_pred.py
[2025-07-21T12:29:21.669+0000] {processor.py:914} INFO - Processing file /opt/airflow/dags/train_crowd_pred.py for tasks to queue
[2025-07-21T12:29:21.672+0000] {logging_mixin.py:190} INFO - [2025-07-21T12:29:21.672+0000] {dagbag.py:588} INFO - Filling up the DagBag from /opt/airflow/dags/train_crowd_pred.py
[2025-07-21T12:29:26.181+0000] {processor.py:925} INFO - DAG(s) 'train_crowd_pred' retrieved from /opt/airflow/dags/train_crowd_pred.py
[2025-07-21T12:29:26.204+0000] {logging_mixin.py:190} INFO - [2025-07-21T12:29:26.204+0000] {dag.py:3239} INFO - Sync 1 DAGs
[2025-07-21T12:29:26.225+0000] {logging_mixin.py:190} INFO - [2025-07-21T12:29:26.225+0000] {dag.py:4180} INFO - Setting next_dagrun for train_crowd_pred to 2025-07-21 00:00:00+00:00, run_after=2025-07-22 00:00:00+00:00
[2025-07-21T12:29:26.243+0000] {processor.py:208} INFO - Processing /opt/airflow/dags/train_crowd_pred.py took 4.584 seconds
[2025-07-21T12:29:58.138+0000] {processor.py:186} INFO - Started process (PID=3569) to work on /opt/airflow/dags/train_crowd_pred.py
[2025-07-21T12:29:58.139+0000] {processor.py:914} INFO - Processing file /opt/airflow/dags/train_crowd_pred.py for tasks to queue
[2025-07-21T12:29:58.141+0000] {logging_mixin.py:190} INFO - [2025-07-21T12:29:58.141+0000] {dagbag.py:588} INFO - Filling up the DagBag from /opt/airflow/dags/train_crowd_pred.py
[2025-07-21T12:30:02.827+0000] {processor.py:925} INFO - DAG(s) 'train_crowd_pred' retrieved from /opt/airflow/dags/train_crowd_pred.py
[2025-07-21T12:30:02.855+0000] {logging_mixin.py:190} INFO - [2025-07-21T12:30:02.854+0000] {dag.py:3239} INFO - Sync 1 DAGs
[2025-07-21T12:30:02.879+0000] {logging_mixin.py:190} INFO - [2025-07-21T12:30:02.879+0000] {dag.py:4180} INFO - Setting next_dagrun for train_crowd_pred to 2025-07-21 00:00:00+00:00, run_after=2025-07-22 00:00:00+00:00
[2025-07-21T12:30:03.191+0000] {processor.py:208} INFO - Processing /opt/airflow/dags/train_crowd_pred.py took 5.059 seconds
[2025-07-21T12:30:35.036+0000] {processor.py:186} INFO - Started process (PID=3667) to work on /opt/airflow/dags/train_crowd_pred.py
[2025-07-21T12:30:35.037+0000] {processor.py:914} INFO - Processing file /opt/airflow/dags/train_crowd_pred.py for tasks to queue
[2025-07-21T12:30:35.041+0000] {logging_mixin.py:190} INFO - [2025-07-21T12:30:35.040+0000] {dagbag.py:588} INFO - Filling up the DagBag from /opt/airflow/dags/train_crowd_pred.py
[2025-07-21T12:30:39.308+0000] {processor.py:925} INFO - DAG(s) 'train_crowd_pred' retrieved from /opt/airflow/dags/train_crowd_pred.py
[2025-07-21T12:30:39.332+0000] {logging_mixin.py:190} INFO - [2025-07-21T12:30:39.332+0000] {dag.py:3239} INFO - Sync 1 DAGs
[2025-07-21T12:30:39.352+0000] {logging_mixin.py:190} INFO - [2025-07-21T12:30:39.352+0000] {dag.py:4180} INFO - Setting next_dagrun for train_crowd_pred to 2025-07-21 00:00:00+00:00, run_after=2025-07-22 00:00:00+00:00
[2025-07-21T12:30:39.368+0000] {processor.py:208} INFO - Processing /opt/airflow/dags/train_crowd_pred.py took 4.342 seconds
[2025-07-21T12:31:11.271+0000] {processor.py:186} INFO - Started process (PID=3765) to work on /opt/airflow/dags/train_crowd_pred.py
[2025-07-21T12:31:11.272+0000] {processor.py:914} INFO - Processing file /opt/airflow/dags/train_crowd_pred.py for tasks to queue
[2025-07-21T12:31:11.275+0000] {logging_mixin.py:190} INFO - [2025-07-21T12:31:11.275+0000] {dagbag.py:588} INFO - Filling up the DagBag from /opt/airflow/dags/train_crowd_pred.py
[2025-07-21T12:31:15.433+0000] {processor.py:925} INFO - DAG(s) 'train_crowd_pred' retrieved from /opt/airflow/dags/train_crowd_pred.py
[2025-07-21T12:31:15.459+0000] {logging_mixin.py:190} INFO - [2025-07-21T12:31:15.459+0000] {dag.py:3239} INFO - Sync 1 DAGs
[2025-07-21T12:31:15.481+0000] {logging_mixin.py:190} INFO - [2025-07-21T12:31:15.481+0000] {dag.py:4180} INFO - Setting next_dagrun for train_crowd_pred to 2025-07-21 00:00:00+00:00, run_after=2025-07-22 00:00:00+00:00
[2025-07-21T12:31:15.499+0000] {processor.py:208} INFO - Processing /opt/airflow/dags/train_crowd_pred.py took 4.235 seconds
[2025-07-21T12:31:47.246+0000] {processor.py:186} INFO - Started process (PID=3869) to work on /opt/airflow/dags/train_crowd_pred.py
[2025-07-21T12:31:47.247+0000] {processor.py:914} INFO - Processing file /opt/airflow/dags/train_crowd_pred.py for tasks to queue
[2025-07-21T12:31:47.250+0000] {logging_mixin.py:190} INFO - [2025-07-21T12:31:47.250+0000] {dagbag.py:588} INFO - Filling up the DagBag from /opt/airflow/dags/train_crowd_pred.py
[2025-07-21T12:31:51.539+0000] {processor.py:925} INFO - DAG(s) 'train_crowd_pred' retrieved from /opt/airflow/dags/train_crowd_pred.py
[2025-07-21T12:31:51.567+0000] {logging_mixin.py:190} INFO - [2025-07-21T12:31:51.566+0000] {dag.py:3239} INFO - Sync 1 DAGs
[2025-07-21T12:31:51.588+0000] {logging_mixin.py:190} INFO - [2025-07-21T12:31:51.587+0000] {dag.py:4180} INFO - Setting next_dagrun for train_crowd_pred to 2025-07-21 00:00:00+00:00, run_after=2025-07-22 00:00:00+00:00
[2025-07-21T12:31:51.605+0000] {processor.py:208} INFO - Processing /opt/airflow/dags/train_crowd_pred.py took 4.365 seconds
[2025-07-21T12:32:22.675+0000] {processor.py:186} INFO - Started process (PID=3967) to work on /opt/airflow/dags/train_crowd_pred.py
[2025-07-21T12:32:22.676+0000] {processor.py:914} INFO - Processing file /opt/airflow/dags/train_crowd_pred.py for tasks to queue
[2025-07-21T12:32:22.679+0000] {logging_mixin.py:190} INFO - [2025-07-21T12:32:22.679+0000] {dagbag.py:588} INFO - Filling up the DagBag from /opt/airflow/dags/train_crowd_pred.py
[2025-07-21T12:32:27.094+0000] {processor.py:925} INFO - DAG(s) 'train_crowd_pred' retrieved from /opt/airflow/dags/train_crowd_pred.py
[2025-07-21T12:32:27.118+0000] {logging_mixin.py:190} INFO - [2025-07-21T12:32:27.117+0000] {dag.py:3239} INFO - Sync 1 DAGs
[2025-07-21T12:32:27.137+0000] {logging_mixin.py:190} INFO - [2025-07-21T12:32:27.136+0000] {dag.py:4180} INFO - Setting next_dagrun for train_crowd_pred to 2025-07-21 00:00:00+00:00, run_after=2025-07-22 00:00:00+00:00
[2025-07-21T12:32:27.153+0000] {processor.py:208} INFO - Processing /opt/airflow/dags/train_crowd_pred.py took 4.486 seconds
[2025-07-21T12:32:58.350+0000] {processor.py:186} INFO - Started process (PID=4065) to work on /opt/airflow/dags/train_crowd_pred.py
[2025-07-21T12:32:58.351+0000] {processor.py:914} INFO - Processing file /opt/airflow/dags/train_crowd_pred.py for tasks to queue
[2025-07-21T12:32:58.353+0000] {logging_mixin.py:190} INFO - [2025-07-21T12:32:58.353+0000] {dagbag.py:588} INFO - Filling up the DagBag from /opt/airflow/dags/train_crowd_pred.py
[2025-07-21T12:33:02.265+0000] {processor.py:925} INFO - DAG(s) 'train_crowd_pred' retrieved from /opt/airflow/dags/train_crowd_pred.py
[2025-07-21T12:33:02.289+0000] {logging_mixin.py:190} INFO - [2025-07-21T12:33:02.288+0000] {dag.py:3239} INFO - Sync 1 DAGs
[2025-07-21T12:33:02.309+0000] {logging_mixin.py:190} INFO - [2025-07-21T12:33:02.309+0000] {dag.py:4180} INFO - Setting next_dagrun for train_crowd_pred to 2025-07-21 00:00:00+00:00, run_after=2025-07-22 00:00:00+00:00
[2025-07-21T12:33:02.325+0000] {processor.py:208} INFO - Processing /opt/airflow/dags/train_crowd_pred.py took 3.980 seconds
[2025-07-21T12:33:34.226+0000] {processor.py:186} INFO - Started process (PID=4163) to work on /opt/airflow/dags/train_crowd_pred.py
[2025-07-21T12:33:34.227+0000] {processor.py:914} INFO - Processing file /opt/airflow/dags/train_crowd_pred.py for tasks to queue
[2025-07-21T12:33:34.229+0000] {logging_mixin.py:190} INFO - [2025-07-21T12:33:34.229+0000] {dagbag.py:588} INFO - Filling up the DagBag from /opt/airflow/dags/train_crowd_pred.py
[2025-07-21T12:33:38.939+0000] {processor.py:925} INFO - DAG(s) 'train_crowd_pred' retrieved from /opt/airflow/dags/train_crowd_pred.py
[2025-07-21T12:33:38.983+0000] {logging_mixin.py:190} INFO - [2025-07-21T12:33:38.982+0000] {dag.py:3239} INFO - Sync 1 DAGs
[2025-07-21T12:33:39.023+0000] {logging_mixin.py:190} INFO - [2025-07-21T12:33:39.023+0000] {dag.py:4180} INFO - Setting next_dagrun for train_crowd_pred to 2025-07-21 00:00:00+00:00, run_after=2025-07-22 00:00:00+00:00
[2025-07-21T12:33:39.066+0000] {processor.py:208} INFO - Processing /opt/airflow/dags/train_crowd_pred.py took 4.848 seconds
[2025-07-21T12:34:10.922+0000] {processor.py:186} INFO - Started process (PID=4261) to work on /opt/airflow/dags/train_crowd_pred.py
[2025-07-21T12:34:10.923+0000] {processor.py:914} INFO - Processing file /opt/airflow/dags/train_crowd_pred.py for tasks to queue
[2025-07-21T12:34:10.926+0000] {logging_mixin.py:190} INFO - [2025-07-21T12:34:10.926+0000] {dagbag.py:588} INFO - Filling up the DagBag from /opt/airflow/dags/train_crowd_pred.py
[2025-07-21T12:34:15.756+0000] {processor.py:925} INFO - DAG(s) 'train_crowd_pred' retrieved from /opt/airflow/dags/train_crowd_pred.py
[2025-07-21T12:34:15.779+0000] {logging_mixin.py:190} INFO - [2025-07-21T12:34:15.779+0000] {dag.py:3239} INFO - Sync 1 DAGs
[2025-07-21T12:34:15.798+0000] {logging_mixin.py:190} INFO - [2025-07-21T12:34:15.798+0000] {dag.py:4180} INFO - Setting next_dagrun for train_crowd_pred to 2025-07-21 00:00:00+00:00, run_after=2025-07-22 00:00:00+00:00
[2025-07-21T12:34:15.816+0000] {processor.py:208} INFO - Processing /opt/airflow/dags/train_crowd_pred.py took 4.901 seconds
[2025-07-21T12:34:47.091+0000] {processor.py:186} INFO - Started process (PID=4365) to work on /opt/airflow/dags/train_crowd_pred.py
[2025-07-21T12:34:47.092+0000] {processor.py:914} INFO - Processing file /opt/airflow/dags/train_crowd_pred.py for tasks to queue
[2025-07-21T12:34:47.097+0000] {logging_mixin.py:190} INFO - [2025-07-21T12:34:47.096+0000] {dagbag.py:588} INFO - Filling up the DagBag from /opt/airflow/dags/train_crowd_pred.py
[2025-07-21T12:34:51.310+0000] {processor.py:925} INFO - DAG(s) 'train_crowd_pred' retrieved from /opt/airflow/dags/train_crowd_pred.py
[2025-07-21T12:34:51.339+0000] {logging_mixin.py:190} INFO - [2025-07-21T12:34:51.338+0000] {dag.py:3239} INFO - Sync 1 DAGs
[2025-07-21T12:34:51.364+0000] {logging_mixin.py:190} INFO - [2025-07-21T12:34:51.364+0000] {dag.py:4180} INFO - Setting next_dagrun for train_crowd_pred to 2025-07-21 00:00:00+00:00, run_after=2025-07-22 00:00:00+00:00
[2025-07-21T12:34:51.383+0000] {processor.py:208} INFO - Processing /opt/airflow/dags/train_crowd_pred.py took 4.301 seconds
[2025-07-21T12:35:23.018+0000] {processor.py:186} INFO - Started process (PID=4463) to work on /opt/airflow/dags/train_crowd_pred.py
[2025-07-21T12:35:23.019+0000] {processor.py:914} INFO - Processing file /opt/airflow/dags/train_crowd_pred.py for tasks to queue
[2025-07-21T12:35:23.022+0000] {logging_mixin.py:190} INFO - [2025-07-21T12:35:23.021+0000] {dagbag.py:588} INFO - Filling up the DagBag from /opt/airflow/dags/train_crowd_pred.py
[2025-07-21T12:35:26.953+0000] {processor.py:925} INFO - DAG(s) 'train_crowd_pred' retrieved from /opt/airflow/dags/train_crowd_pred.py
[2025-07-21T12:35:26.976+0000] {logging_mixin.py:190} INFO - [2025-07-21T12:35:26.976+0000] {dag.py:3239} INFO - Sync 1 DAGs
[2025-07-21T12:35:26.996+0000] {logging_mixin.py:190} INFO - [2025-07-21T12:35:26.996+0000] {dag.py:4180} INFO - Setting next_dagrun for train_crowd_pred to 2025-07-21 00:00:00+00:00, run_after=2025-07-22 00:00:00+00:00
[2025-07-21T12:35:27.015+0000] {processor.py:208} INFO - Processing /opt/airflow/dags/train_crowd_pred.py took 4.004 seconds
[2025-07-21T12:35:58.845+0000] {processor.py:186} INFO - Started process (PID=4561) to work on /opt/airflow/dags/train_crowd_pred.py
[2025-07-21T12:35:58.846+0000] {processor.py:914} INFO - Processing file /opt/airflow/dags/train_crowd_pred.py for tasks to queue
[2025-07-21T12:35:58.849+0000] {logging_mixin.py:190} INFO - [2025-07-21T12:35:58.848+0000] {dagbag.py:588} INFO - Filling up the DagBag from /opt/airflow/dags/train_crowd_pred.py
[2025-07-21T12:36:02.919+0000] {processor.py:925} INFO - DAG(s) 'train_crowd_pred' retrieved from /opt/airflow/dags/train_crowd_pred.py
[2025-07-21T12:36:02.944+0000] {logging_mixin.py:190} INFO - [2025-07-21T12:36:02.943+0000] {dag.py:3239} INFO - Sync 1 DAGs
[2025-07-21T12:36:02.964+0000] {logging_mixin.py:190} INFO - [2025-07-21T12:36:02.964+0000] {dag.py:4180} INFO - Setting next_dagrun for train_crowd_pred to 2025-07-21 00:00:00+00:00, run_after=2025-07-22 00:00:00+00:00
[2025-07-21T12:36:02.981+0000] {processor.py:208} INFO - Processing /opt/airflow/dags/train_crowd_pred.py took 4.141 seconds
[2025-07-21T12:36:35.265+0000] {processor.py:186} INFO - Started process (PID=4659) to work on /opt/airflow/dags/train_crowd_pred.py
[2025-07-21T12:36:35.266+0000] {processor.py:914} INFO - Processing file /opt/airflow/dags/train_crowd_pred.py for tasks to queue
[2025-07-21T12:36:35.270+0000] {logging_mixin.py:190} INFO - [2025-07-21T12:36:35.269+0000] {dagbag.py:588} INFO - Filling up the DagBag from /opt/airflow/dags/train_crowd_pred.py
[2025-07-21T12:36:43.581+0000] {processor.py:925} INFO - DAG(s) 'train_crowd_pred' retrieved from /opt/airflow/dags/train_crowd_pred.py
[2025-07-21T12:36:43.628+0000] {logging_mixin.py:190} INFO - [2025-07-21T12:36:43.627+0000] {dag.py:3239} INFO - Sync 1 DAGs
[2025-07-21T12:36:43.676+0000] {logging_mixin.py:190} INFO - [2025-07-21T12:36:43.676+0000] {dag.py:4180} INFO - Setting next_dagrun for train_crowd_pred to 2025-07-21 00:00:00+00:00, run_after=2025-07-22 00:00:00+00:00
[2025-07-21T12:36:43.713+0000] {processor.py:208} INFO - Processing /opt/airflow/dags/train_crowd_pred.py took 8.459 seconds
[2025-07-21T12:37:15.169+0000] {processor.py:186} INFO - Started process (PID=4757) to work on /opt/airflow/dags/train_crowd_pred.py
[2025-07-21T12:37:15.171+0000] {processor.py:914} INFO - Processing file /opt/airflow/dags/train_crowd_pred.py for tasks to queue
[2025-07-21T12:37:15.176+0000] {logging_mixin.py:190} INFO - [2025-07-21T12:37:15.175+0000] {dagbag.py:588} INFO - Filling up the DagBag from /opt/airflow/dags/train_crowd_pred.py
[2025-07-21T12:37:22.497+0000] {processor.py:925} INFO - DAG(s) 'train_crowd_pred' retrieved from /opt/airflow/dags/train_crowd_pred.py
[2025-07-21T12:37:22.531+0000] {logging_mixin.py:190} INFO - [2025-07-21T12:37:22.530+0000] {dag.py:3239} INFO - Sync 1 DAGs
[2025-07-21T12:37:22.557+0000] {logging_mixin.py:190} INFO - [2025-07-21T12:37:22.557+0000] {dag.py:4180} INFO - Setting next_dagrun for train_crowd_pred to 2025-07-21 00:00:00+00:00, run_after=2025-07-22 00:00:00+00:00
[2025-07-21T12:37:22.578+0000] {processor.py:208} INFO - Processing /opt/airflow/dags/train_crowd_pred.py took 7.421 seconds
[2025-07-21T12:37:54.097+0000] {processor.py:186} INFO - Started process (PID=4861) to work on /opt/airflow/dags/train_crowd_pred.py
[2025-07-21T12:37:54.098+0000] {processor.py:914} INFO - Processing file /opt/airflow/dags/train_crowd_pred.py for tasks to queue
[2025-07-21T12:37:54.102+0000] {logging_mixin.py:190} INFO - [2025-07-21T12:37:54.101+0000] {dagbag.py:588} INFO - Filling up the DagBag from /opt/airflow/dags/train_crowd_pred.py
[2025-07-21T12:37:59.829+0000] {processor.py:925} INFO - DAG(s) 'train_crowd_pred' retrieved from /opt/airflow/dags/train_crowd_pred.py
[2025-07-21T12:37:59.882+0000] {logging_mixin.py:190} INFO - [2025-07-21T12:37:59.881+0000] {dag.py:3239} INFO - Sync 1 DAGs
[2025-07-21T12:37:59.922+0000] {logging_mixin.py:190} INFO - [2025-07-21T12:37:59.922+0000] {dag.py:4180} INFO - Setting next_dagrun for train_crowd_pred to 2025-07-21 00:00:00+00:00, run_after=2025-07-22 00:00:00+00:00
[2025-07-21T12:37:59.956+0000] {processor.py:208} INFO - Processing /opt/airflow/dags/train_crowd_pred.py took 5.867 seconds
[2025-07-21T12:38:31.865+0000] {processor.py:186} INFO - Started process (PID=4959) to work on /opt/airflow/dags/train_crowd_pred.py
[2025-07-21T12:38:31.867+0000] {processor.py:914} INFO - Processing file /opt/airflow/dags/train_crowd_pred.py for tasks to queue
[2025-07-21T12:38:31.871+0000] {logging_mixin.py:190} INFO - [2025-07-21T12:38:31.870+0000] {dagbag.py:588} INFO - Filling up the DagBag from /opt/airflow/dags/train_crowd_pred.py
[2025-07-21T12:38:38.100+0000] {processor.py:925} INFO - DAG(s) 'train_crowd_pred' retrieved from /opt/airflow/dags/train_crowd_pred.py
[2025-07-21T12:38:38.133+0000] {logging_mixin.py:190} INFO - [2025-07-21T12:38:38.132+0000] {dag.py:3239} INFO - Sync 1 DAGs
[2025-07-21T12:38:38.166+0000] {logging_mixin.py:190} INFO - [2025-07-21T12:38:38.166+0000] {dag.py:4180} INFO - Setting next_dagrun for train_crowd_pred to 2025-07-21 00:00:00+00:00, run_after=2025-07-22 00:00:00+00:00
[2025-07-21T12:38:38.262+0000] {processor.py:208} INFO - Processing /opt/airflow/dags/train_crowd_pred.py took 6.410 seconds
[2025-07-21T12:39:09.885+0000] {processor.py:186} INFO - Started process (PID=5057) to work on /opt/airflow/dags/train_crowd_pred.py
[2025-07-21T12:39:09.886+0000] {processor.py:914} INFO - Processing file /opt/airflow/dags/train_crowd_pred.py for tasks to queue
[2025-07-21T12:39:09.888+0000] {logging_mixin.py:190} INFO - [2025-07-21T12:39:09.888+0000] {dagbag.py:588} INFO - Filling up the DagBag from /opt/airflow/dags/train_crowd_pred.py
[2025-07-21T12:39:15.930+0000] {processor.py:925} INFO - DAG(s) 'train_crowd_pred' retrieved from /opt/airflow/dags/train_crowd_pred.py
[2025-07-21T12:39:15.959+0000] {logging_mixin.py:190} INFO - [2025-07-21T12:39:15.959+0000] {dag.py:3239} INFO - Sync 1 DAGs
[2025-07-21T12:39:15.982+0000] {logging_mixin.py:190} INFO - [2025-07-21T12:39:15.981+0000] {dag.py:4180} INFO - Setting next_dagrun for train_crowd_pred to 2025-07-21 00:00:00+00:00, run_after=2025-07-22 00:00:00+00:00
[2025-07-21T12:39:16.001+0000] {processor.py:208} INFO - Processing /opt/airflow/dags/train_crowd_pred.py took 6.122 seconds
[2025-07-21T12:39:47.414+0000] {processor.py:186} INFO - Started process (PID=5161) to work on /opt/airflow/dags/train_crowd_pred.py
[2025-07-21T12:39:47.415+0000] {processor.py:914} INFO - Processing file /opt/airflow/dags/train_crowd_pred.py for tasks to queue
[2025-07-21T12:39:47.417+0000] {logging_mixin.py:190} INFO - [2025-07-21T12:39:47.417+0000] {dagbag.py:588} INFO - Filling up the DagBag from /opt/airflow/dags/train_crowd_pred.py
[2025-07-21T12:39:51.543+0000] {processor.py:925} INFO - DAG(s) 'train_crowd_pred' retrieved from /opt/airflow/dags/train_crowd_pred.py
[2025-07-21T12:39:51.574+0000] {logging_mixin.py:190} INFO - [2025-07-21T12:39:51.573+0000] {dag.py:3239} INFO - Sync 1 DAGs
[2025-07-21T12:39:51.599+0000] {logging_mixin.py:190} INFO - [2025-07-21T12:39:51.598+0000] {dag.py:4180} INFO - Setting next_dagrun for train_crowd_pred to 2025-07-21 00:00:00+00:00, run_after=2025-07-22 00:00:00+00:00
[2025-07-21T12:39:51.617+0000] {processor.py:208} INFO - Processing /opt/airflow/dags/train_crowd_pred.py took 4.209 seconds
[2025-07-21T12:40:23.379+0000] {processor.py:186} INFO - Started process (PID=5259) to work on /opt/airflow/dags/train_crowd_pred.py
[2025-07-21T12:40:23.380+0000] {processor.py:914} INFO - Processing file /opt/airflow/dags/train_crowd_pred.py for tasks to queue
[2025-07-21T12:40:23.382+0000] {logging_mixin.py:190} INFO - [2025-07-21T12:40:23.382+0000] {dagbag.py:588} INFO - Filling up the DagBag from /opt/airflow/dags/train_crowd_pred.py
[2025-07-21T12:40:27.726+0000] {processor.py:925} INFO - DAG(s) 'train_crowd_pred' retrieved from /opt/airflow/dags/train_crowd_pred.py
[2025-07-21T12:40:27.754+0000] {logging_mixin.py:190} INFO - [2025-07-21T12:40:27.754+0000] {dag.py:3239} INFO - Sync 1 DAGs
[2025-07-21T12:40:27.779+0000] {logging_mixin.py:190} INFO - [2025-07-21T12:40:27.778+0000] {dag.py:4180} INFO - Setting next_dagrun for train_crowd_pred to 2025-07-21 00:00:00+00:00, run_after=2025-07-22 00:00:00+00:00
[2025-07-21T12:40:27.798+0000] {processor.py:208} INFO - Processing /opt/airflow/dags/train_crowd_pred.py took 4.425 seconds
[2025-07-21T12:40:59.154+0000] {processor.py:186} INFO - Started process (PID=5357) to work on /opt/airflow/dags/train_crowd_pred.py
[2025-07-21T12:40:59.156+0000] {processor.py:914} INFO - Processing file /opt/airflow/dags/train_crowd_pred.py for tasks to queue
[2025-07-21T12:40:59.161+0000] {logging_mixin.py:190} INFO - [2025-07-21T12:40:59.160+0000] {dagbag.py:588} INFO - Filling up the DagBag from /opt/airflow/dags/train_crowd_pred.py
[2025-07-21T12:41:05.376+0000] {processor.py:925} INFO - DAG(s) 'train_crowd_pred' retrieved from /opt/airflow/dags/train_crowd_pred.py
[2025-07-21T12:41:05.421+0000] {logging_mixin.py:190} INFO - [2025-07-21T12:41:05.420+0000] {dag.py:3239} INFO - Sync 1 DAGs
[2025-07-21T12:41:05.456+0000] {logging_mixin.py:190} INFO - [2025-07-21T12:41:05.456+0000] {dag.py:4180} INFO - Setting next_dagrun for train_crowd_pred to 2025-07-21 00:00:00+00:00, run_after=2025-07-22 00:00:00+00:00
[2025-07-21T12:41:05.642+0000] {processor.py:208} INFO - Processing /opt/airflow/dags/train_crowd_pred.py took 6.500 seconds
[2025-07-21T12:41:37.290+0000] {processor.py:186} INFO - Started process (PID=5455) to work on /opt/airflow/dags/train_crowd_pred.py
[2025-07-21T12:41:37.291+0000] {processor.py:914} INFO - Processing file /opt/airflow/dags/train_crowd_pred.py for tasks to queue
[2025-07-21T12:41:37.296+0000] {logging_mixin.py:190} INFO - [2025-07-21T12:41:37.295+0000] {dagbag.py:588} INFO - Filling up the DagBag from /opt/airflow/dags/train_crowd_pred.py
[2025-07-21T12:41:42.722+0000] {processor.py:925} INFO - DAG(s) 'train_crowd_pred' retrieved from /opt/airflow/dags/train_crowd_pred.py
[2025-07-21T12:41:42.752+0000] {logging_mixin.py:190} INFO - [2025-07-21T12:41:42.751+0000] {dag.py:3239} INFO - Sync 1 DAGs
[2025-07-21T12:41:42.779+0000] {logging_mixin.py:190} INFO - [2025-07-21T12:41:42.779+0000] {dag.py:4180} INFO - Setting next_dagrun for train_crowd_pred to 2025-07-21 00:00:00+00:00, run_after=2025-07-22 00:00:00+00:00
[2025-07-21T12:41:42.799+0000] {processor.py:208} INFO - Processing /opt/airflow/dags/train_crowd_pred.py took 5.521 seconds
[2025-07-21T12:42:14.614+0000] {processor.py:186} INFO - Started process (PID=5553) to work on /opt/airflow/dags/train_crowd_pred.py
[2025-07-21T12:42:14.615+0000] {processor.py:914} INFO - Processing file /opt/airflow/dags/train_crowd_pred.py for tasks to queue
[2025-07-21T12:42:14.617+0000] {logging_mixin.py:190} INFO - [2025-07-21T12:42:14.617+0000] {dagbag.py:588} INFO - Filling up the DagBag from /opt/airflow/dags/train_crowd_pred.py
[2025-07-21T12:42:20.350+0000] {processor.py:925} INFO - DAG(s) 'train_crowd_pred' retrieved from /opt/airflow/dags/train_crowd_pred.py
[2025-07-21T12:42:20.385+0000] {logging_mixin.py:190} INFO - [2025-07-21T12:42:20.384+0000] {dag.py:3239} INFO - Sync 1 DAGs
[2025-07-21T12:42:20.414+0000] {logging_mixin.py:190} INFO - [2025-07-21T12:42:20.414+0000] {dag.py:4180} INFO - Setting next_dagrun for train_crowd_pred to 2025-07-21 00:00:00+00:00, run_after=2025-07-22 00:00:00+00:00
[2025-07-21T12:42:20.437+0000] {processor.py:208} INFO - Processing /opt/airflow/dags/train_crowd_pred.py took 5.830 seconds
[2025-07-21T12:42:51.762+0000] {processor.py:186} INFO - Started process (PID=5657) to work on /opt/airflow/dags/train_crowd_pred.py
[2025-07-21T12:42:51.763+0000] {processor.py:914} INFO - Processing file /opt/airflow/dags/train_crowd_pred.py for tasks to queue
[2025-07-21T12:42:51.765+0000] {logging_mixin.py:190} INFO - [2025-07-21T12:42:51.765+0000] {dagbag.py:588} INFO - Filling up the DagBag from /opt/airflow/dags/train_crowd_pred.py
[2025-07-21T12:42:57.506+0000] {processor.py:925} INFO - DAG(s) 'train_crowd_pred' retrieved from /opt/airflow/dags/train_crowd_pred.py
[2025-07-21T12:42:57.536+0000] {logging_mixin.py:190} INFO - [2025-07-21T12:42:57.536+0000] {dag.py:3239} INFO - Sync 1 DAGs
[2025-07-21T12:42:57.562+0000] {logging_mixin.py:190} INFO - [2025-07-21T12:42:57.562+0000] {dag.py:4180} INFO - Setting next_dagrun for train_crowd_pred to 2025-07-21 00:00:00+00:00, run_after=2025-07-22 00:00:00+00:00
[2025-07-21T12:42:57.584+0000] {processor.py:208} INFO - Processing /opt/airflow/dags/train_crowd_pred.py took 5.829 seconds
[2025-07-21T12:43:29.497+0000] {processor.py:186} INFO - Started process (PID=5755) to work on /opt/airflow/dags/train_crowd_pred.py
[2025-07-21T12:43:29.499+0000] {processor.py:914} INFO - Processing file /opt/airflow/dags/train_crowd_pred.py for tasks to queue
[2025-07-21T12:43:29.502+0000] {logging_mixin.py:190} INFO - [2025-07-21T12:43:29.501+0000] {dagbag.py:588} INFO - Filling up the DagBag from /opt/airflow/dags/train_crowd_pred.py
[2025-07-21T12:43:33.792+0000] {processor.py:925} INFO - DAG(s) 'train_crowd_pred' retrieved from /opt/airflow/dags/train_crowd_pred.py
[2025-07-21T12:43:39.743+0000] {logging_mixin.py:190} INFO - [2025-07-21T12:43:39.742+0000] {dag.py:3239} INFO - Sync 1 DAGs
[2025-07-21T12:43:39.788+0000] {logging_mixin.py:190} INFO - [2025-07-21T12:43:39.787+0000] {dag.py:4180} INFO - Setting next_dagrun for train_crowd_pred to 2025-07-21 00:00:00+00:00, run_after=2025-07-22 00:00:00+00:00
[2025-07-21T12:43:39.925+0000] {processor.py:208} INFO - Processing /opt/airflow/dags/train_crowd_pred.py took 10.440 seconds
[2025-07-21T12:44:10.939+0000] {processor.py:186} INFO - Started process (PID=5853) to work on /opt/airflow/dags/train_crowd_pred.py
[2025-07-21T12:44:10.941+0000] {processor.py:914} INFO - Processing file /opt/airflow/dags/train_crowd_pred.py for tasks to queue
[2025-07-21T12:44:10.945+0000] {logging_mixin.py:190} INFO - [2025-07-21T12:44:10.945+0000] {dagbag.py:588} INFO - Filling up the DagBag from /opt/airflow/dags/train_crowd_pred.py
[2025-07-21T12:44:17.605+0000] {processor.py:925} INFO - DAG(s) 'train_crowd_pred' retrieved from /opt/airflow/dags/train_crowd_pred.py
[2025-07-21T12:44:17.642+0000] {logging_mixin.py:190} INFO - [2025-07-21T12:44:17.641+0000] {dag.py:3239} INFO - Sync 1 DAGs
[2025-07-21T12:44:17.672+0000] {logging_mixin.py:190} INFO - [2025-07-21T12:44:17.672+0000] {dag.py:4180} INFO - Setting next_dagrun for train_crowd_pred to 2025-07-21 00:00:00+00:00, run_after=2025-07-22 00:00:00+00:00
[2025-07-21T12:44:17.697+0000] {processor.py:208} INFO - Processing /opt/airflow/dags/train_crowd_pred.py took 6.770 seconds
[2025-07-21T12:44:48.930+0000] {processor.py:186} INFO - Started process (PID=5958) to work on /opt/airflow/dags/train_crowd_pred.py
[2025-07-21T12:44:48.931+0000] {processor.py:914} INFO - Processing file /opt/airflow/dags/train_crowd_pred.py for tasks to queue
[2025-07-21T12:44:48.934+0000] {logging_mixin.py:190} INFO - [2025-07-21T12:44:48.934+0000] {dagbag.py:588} INFO - Filling up the DagBag from /opt/airflow/dags/train_crowd_pred.py
[2025-07-21T12:44:53.292+0000] {processor.py:925} INFO - DAG(s) 'train_crowd_pred' retrieved from /opt/airflow/dags/train_crowd_pred.py
[2025-07-21T12:44:53.316+0000] {logging_mixin.py:190} INFO - [2025-07-21T12:44:53.315+0000] {dag.py:3239} INFO - Sync 1 DAGs
[2025-07-21T12:44:53.337+0000] {logging_mixin.py:190} INFO - [2025-07-21T12:44:53.337+0000] {dag.py:4180} INFO - Setting next_dagrun for train_crowd_pred to 2025-07-21 00:00:00+00:00, run_after=2025-07-22 00:00:00+00:00
[2025-07-21T12:44:53.355+0000] {processor.py:208} INFO - Processing /opt/airflow/dags/train_crowd_pred.py took 4.433 seconds
[2025-07-21T12:45:24.988+0000] {processor.py:186} INFO - Started process (PID=6056) to work on /opt/airflow/dags/train_crowd_pred.py
[2025-07-21T12:45:24.991+0000] {processor.py:914} INFO - Processing file /opt/airflow/dags/train_crowd_pred.py for tasks to queue
[2025-07-21T12:45:24.993+0000] {logging_mixin.py:190} INFO - [2025-07-21T12:45:24.993+0000] {dagbag.py:588} INFO - Filling up the DagBag from /opt/airflow/dags/train_crowd_pred.py
[2025-07-21T12:45:29.223+0000] {processor.py:925} INFO - DAG(s) 'train_crowd_pred' retrieved from /opt/airflow/dags/train_crowd_pred.py
[2025-07-21T12:45:29.247+0000] {logging_mixin.py:190} INFO - [2025-07-21T12:45:29.246+0000] {dag.py:3239} INFO - Sync 1 DAGs
[2025-07-21T12:45:29.267+0000] {logging_mixin.py:190} INFO - [2025-07-21T12:45:29.267+0000] {dag.py:4180} INFO - Setting next_dagrun for train_crowd_pred to 2025-07-21 00:00:00+00:00, run_after=2025-07-22 00:00:00+00:00
[2025-07-21T12:45:29.285+0000] {processor.py:208} INFO - Processing /opt/airflow/dags/train_crowd_pred.py took 4.302 seconds
[2025-07-21T12:46:00.601+0000] {processor.py:186} INFO - Started process (PID=6154) to work on /opt/airflow/dags/train_crowd_pred.py
[2025-07-21T12:46:00.602+0000] {processor.py:914} INFO - Processing file /opt/airflow/dags/train_crowd_pred.py for tasks to queue
[2025-07-21T12:46:00.604+0000] {logging_mixin.py:190} INFO - [2025-07-21T12:46:00.604+0000] {dagbag.py:588} INFO - Filling up the DagBag from /opt/airflow/dags/train_crowd_pred.py
[2025-07-21T12:46:04.346+0000] {processor.py:925} INFO - DAG(s) 'train_crowd_pred' retrieved from /opt/airflow/dags/train_crowd_pred.py
[2025-07-21T12:46:04.371+0000] {logging_mixin.py:190} INFO - [2025-07-21T12:46:04.371+0000] {dag.py:3239} INFO - Sync 1 DAGs
[2025-07-21T12:46:04.395+0000] {logging_mixin.py:190} INFO - [2025-07-21T12:46:04.395+0000] {dag.py:4180} INFO - Setting next_dagrun for train_crowd_pred to 2025-07-21 00:00:00+00:00, run_after=2025-07-22 00:00:00+00:00
[2025-07-21T12:46:04.412+0000] {processor.py:208} INFO - Processing /opt/airflow/dags/train_crowd_pred.py took 3.817 seconds
[2025-07-21T12:46:35.793+0000] {processor.py:186} INFO - Started process (PID=6252) to work on /opt/airflow/dags/train_crowd_pred.py
[2025-07-21T12:46:35.794+0000] {processor.py:914} INFO - Processing file /opt/airflow/dags/train_crowd_pred.py for tasks to queue
[2025-07-21T12:46:35.797+0000] {logging_mixin.py:190} INFO - [2025-07-21T12:46:35.796+0000] {dagbag.py:588} INFO - Filling up the DagBag from /opt/airflow/dags/train_crowd_pred.py
[2025-07-21T12:46:39.641+0000] {processor.py:925} INFO - DAG(s) 'train_crowd_pred' retrieved from /opt/airflow/dags/train_crowd_pred.py
[2025-07-21T12:46:39.669+0000] {logging_mixin.py:190} INFO - [2025-07-21T12:46:39.668+0000] {dag.py:3239} INFO - Sync 1 DAGs
[2025-07-21T12:46:39.696+0000] {logging_mixin.py:190} INFO - [2025-07-21T12:46:39.696+0000] {dag.py:4180} INFO - Setting next_dagrun for train_crowd_pred to 2025-07-21 00:00:00+00:00, run_after=2025-07-22 00:00:00+00:00
[2025-07-21T12:46:39.716+0000] {processor.py:208} INFO - Processing /opt/airflow/dags/train_crowd_pred.py took 3.931 seconds
[2025-07-21T12:47:10.912+0000] {processor.py:186} INFO - Started process (PID=6350) to work on /opt/airflow/dags/train_crowd_pred.py
[2025-07-21T12:47:10.913+0000] {processor.py:914} INFO - Processing file /opt/airflow/dags/train_crowd_pred.py for tasks to queue
[2025-07-21T12:47:10.917+0000] {logging_mixin.py:190} INFO - [2025-07-21T12:47:10.917+0000] {dagbag.py:588} INFO - Filling up the DagBag from /opt/airflow/dags/train_crowd_pred.py
[2025-07-21T12:47:15.869+0000] {processor.py:925} INFO - DAG(s) 'train_crowd_pred' retrieved from /opt/airflow/dags/train_crowd_pred.py
[2025-07-21T12:47:15.908+0000] {logging_mixin.py:190} INFO - [2025-07-21T12:47:15.907+0000] {dag.py:3239} INFO - Sync 1 DAGs
[2025-07-21T12:47:15.940+0000] {logging_mixin.py:190} INFO - [2025-07-21T12:47:15.940+0000] {dag.py:4180} INFO - Setting next_dagrun for train_crowd_pred to 2025-07-21 00:00:00+00:00, run_after=2025-07-22 00:00:00+00:00
[2025-07-21T12:47:15.969+0000] {processor.py:208} INFO - Processing /opt/airflow/dags/train_crowd_pred.py took 5.063 seconds
[2025-07-21T12:47:47.979+0000] {processor.py:186} INFO - Started process (PID=6454) to work on /opt/airflow/dags/train_crowd_pred.py
[2025-07-21T12:47:47.981+0000] {processor.py:914} INFO - Processing file /opt/airflow/dags/train_crowd_pred.py for tasks to queue
[2025-07-21T12:47:47.984+0000] {logging_mixin.py:190} INFO - [2025-07-21T12:47:47.984+0000] {dagbag.py:588} INFO - Filling up the DagBag from /opt/airflow/dags/train_crowd_pred.py
[2025-07-21T12:47:52.088+0000] {processor.py:925} INFO - DAG(s) 'train_crowd_pred' retrieved from /opt/airflow/dags/train_crowd_pred.py
[2025-07-21T12:47:52.112+0000] {logging_mixin.py:190} INFO - [2025-07-21T12:47:52.111+0000] {dag.py:3239} INFO - Sync 1 DAGs
[2025-07-21T12:47:52.133+0000] {logging_mixin.py:190} INFO - [2025-07-21T12:47:52.133+0000] {dag.py:4180} INFO - Setting next_dagrun for train_crowd_pred to 2025-07-21 00:00:00+00:00, run_after=2025-07-22 00:00:00+00:00
[2025-07-21T12:47:52.152+0000] {processor.py:208} INFO - Processing /opt/airflow/dags/train_crowd_pred.py took 4.181 seconds
[2025-07-21T12:48:23.475+0000] {processor.py:186} INFO - Started process (PID=6552) to work on /opt/airflow/dags/train_crowd_pred.py
[2025-07-21T12:48:23.476+0000] {processor.py:914} INFO - Processing file /opt/airflow/dags/train_crowd_pred.py for tasks to queue
[2025-07-21T12:48:23.478+0000] {logging_mixin.py:190} INFO - [2025-07-21T12:48:23.478+0000] {dagbag.py:588} INFO - Filling up the DagBag from /opt/airflow/dags/train_crowd_pred.py
[2025-07-21T12:48:27.345+0000] {processor.py:925} INFO - DAG(s) 'train_crowd_pred' retrieved from /opt/airflow/dags/train_crowd_pred.py
[2025-07-21T12:48:27.370+0000] {logging_mixin.py:190} INFO - [2025-07-21T12:48:27.369+0000] {dag.py:3239} INFO - Sync 1 DAGs
[2025-07-21T12:48:27.393+0000] {logging_mixin.py:190} INFO - [2025-07-21T12:48:27.393+0000] {dag.py:4180} INFO - Setting next_dagrun for train_crowd_pred to 2025-07-21 00:00:00+00:00, run_after=2025-07-22 00:00:00+00:00
[2025-07-21T12:48:27.411+0000] {processor.py:208} INFO - Processing /opt/airflow/dags/train_crowd_pred.py took 3.943 seconds
[2025-07-21T12:48:58.792+0000] {processor.py:186} INFO - Started process (PID=6650) to work on /opt/airflow/dags/train_crowd_pred.py
[2025-07-21T12:48:58.793+0000] {processor.py:914} INFO - Processing file /opt/airflow/dags/train_crowd_pred.py for tasks to queue
[2025-07-21T12:48:58.795+0000] {logging_mixin.py:190} INFO - [2025-07-21T12:48:58.795+0000] {dagbag.py:588} INFO - Filling up the DagBag from /opt/airflow/dags/train_crowd_pred.py
[2025-07-21T12:49:02.485+0000] {processor.py:925} INFO - DAG(s) 'train_crowd_pred' retrieved from /opt/airflow/dags/train_crowd_pred.py
[2025-07-21T12:49:02.509+0000] {logging_mixin.py:190} INFO - [2025-07-21T12:49:02.508+0000] {dag.py:3239} INFO - Sync 1 DAGs
[2025-07-21T12:49:02.525+0000] {logging_mixin.py:190} INFO - [2025-07-21T12:49:02.525+0000] {dag.py:4180} INFO - Setting next_dagrun for train_crowd_pred to 2025-07-21 00:00:00+00:00, run_after=2025-07-22 00:00:00+00:00
[2025-07-21T12:49:02.539+0000] {processor.py:208} INFO - Processing /opt/airflow/dags/train_crowd_pred.py took 3.752 seconds
[2025-07-21T12:49:34.611+0000] {processor.py:186} INFO - Started process (PID=6748) to work on /opt/airflow/dags/train_crowd_pred.py
[2025-07-21T12:49:34.613+0000] {processor.py:914} INFO - Processing file /opt/airflow/dags/train_crowd_pred.py for tasks to queue
[2025-07-21T12:49:34.617+0000] {logging_mixin.py:190} INFO - [2025-07-21T12:49:34.617+0000] {dagbag.py:588} INFO - Filling up the DagBag from /opt/airflow/dags/train_crowd_pred.py
[2025-07-21T12:49:38.517+0000] {processor.py:925} INFO - DAG(s) 'train_crowd_pred' retrieved from /opt/airflow/dags/train_crowd_pred.py
[2025-07-21T12:49:38.536+0000] {logging_mixin.py:190} INFO - [2025-07-21T12:49:38.536+0000] {dag.py:3239} INFO - Sync 1 DAGs
[2025-07-21T12:49:38.553+0000] {logging_mixin.py:190} INFO - [2025-07-21T12:49:38.553+0000] {dag.py:4180} INFO - Setting next_dagrun for train_crowd_pred to 2025-07-21 00:00:00+00:00, run_after=2025-07-22 00:00:00+00:00
[2025-07-21T12:49:38.569+0000] {processor.py:208} INFO - Processing /opt/airflow/dags/train_crowd_pred.py took 3.969 seconds
[2025-07-21T12:50:10.591+0000] {processor.py:186} INFO - Started process (PID=6846) to work on /opt/airflow/dags/train_crowd_pred.py
[2025-07-21T12:50:10.592+0000] {processor.py:914} INFO - Processing file /opt/airflow/dags/train_crowd_pred.py for tasks to queue
[2025-07-21T12:50:10.594+0000] {logging_mixin.py:190} INFO - [2025-07-21T12:50:10.594+0000] {dagbag.py:588} INFO - Filling up the DagBag from /opt/airflow/dags/train_crowd_pred.py
[2025-07-21T12:50:14.971+0000] {processor.py:925} INFO - DAG(s) 'train_crowd_pred' retrieved from /opt/airflow/dags/train_crowd_pred.py
[2025-07-21T12:50:14.998+0000] {logging_mixin.py:190} INFO - [2025-07-21T12:50:14.997+0000] {dag.py:3239} INFO - Sync 1 DAGs
[2025-07-21T12:50:15.022+0000] {logging_mixin.py:190} INFO - [2025-07-21T12:50:15.022+0000] {dag.py:4180} INFO - Setting next_dagrun for train_crowd_pred to 2025-07-21 00:00:00+00:00, run_after=2025-07-22 00:00:00+00:00
[2025-07-21T12:50:15.041+0000] {processor.py:208} INFO - Processing /opt/airflow/dags/train_crowd_pred.py took 4.455 seconds
[2025-07-21T12:50:46.381+0000] {processor.py:186} INFO - Started process (PID=6944) to work on /opt/airflow/dags/train_crowd_pred.py
[2025-07-21T12:50:46.382+0000] {processor.py:914} INFO - Processing file /opt/airflow/dags/train_crowd_pred.py for tasks to queue
[2025-07-21T12:50:46.385+0000] {logging_mixin.py:190} INFO - [2025-07-21T12:50:46.385+0000] {dagbag.py:588} INFO - Filling up the DagBag from /opt/airflow/dags/train_crowd_pred.py
[2025-07-21T12:50:50.281+0000] {processor.py:925} INFO - DAG(s) 'train_crowd_pred' retrieved from /opt/airflow/dags/train_crowd_pred.py
[2025-07-21T12:50:50.307+0000] {logging_mixin.py:190} INFO - [2025-07-21T12:50:50.306+0000] {dag.py:3239} INFO - Sync 1 DAGs
[2025-07-21T12:50:50.328+0000] {logging_mixin.py:190} INFO - [2025-07-21T12:50:50.327+0000] {dag.py:4180} INFO - Setting next_dagrun for train_crowd_pred to 2025-07-21 00:00:00+00:00, run_after=2025-07-22 00:00:00+00:00
[2025-07-21T12:50:50.346+0000] {processor.py:208} INFO - Processing /opt/airflow/dags/train_crowd_pred.py took 3.972 seconds
[2025-07-21T12:51:22.061+0000] {processor.py:186} INFO - Started process (PID=7048) to work on /opt/airflow/dags/train_crowd_pred.py
[2025-07-21T12:51:22.063+0000] {processor.py:914} INFO - Processing file /opt/airflow/dags/train_crowd_pred.py for tasks to queue
[2025-07-21T12:51:22.065+0000] {logging_mixin.py:190} INFO - [2025-07-21T12:51:22.065+0000] {dagbag.py:588} INFO - Filling up the DagBag from /opt/airflow/dags/train_crowd_pred.py
[2025-07-21T12:51:27.033+0000] {processor.py:925} INFO - DAG(s) 'train_crowd_pred' retrieved from /opt/airflow/dags/train_crowd_pred.py
[2025-07-21T12:51:27.058+0000] {logging_mixin.py:190} INFO - [2025-07-21T12:51:27.057+0000] {dag.py:3239} INFO - Sync 1 DAGs
[2025-07-21T12:51:27.077+0000] {logging_mixin.py:190} INFO - [2025-07-21T12:51:27.077+0000] {dag.py:4180} INFO - Setting next_dagrun for train_crowd_pred to 2025-07-21 00:00:00+00:00, run_after=2025-07-22 00:00:00+00:00
[2025-07-21T12:51:27.094+0000] {processor.py:208} INFO - Processing /opt/airflow/dags/train_crowd_pred.py took 5.039 seconds
[2025-07-21T12:51:58.430+0000] {processor.py:186} INFO - Started process (PID=7146) to work on /opt/airflow/dags/train_crowd_pred.py
[2025-07-21T12:51:58.432+0000] {processor.py:914} INFO - Processing file /opt/airflow/dags/train_crowd_pred.py for tasks to queue
[2025-07-21T12:51:58.437+0000] {logging_mixin.py:190} INFO - [2025-07-21T12:51:58.436+0000] {dagbag.py:588} INFO - Filling up the DagBag from /opt/airflow/dags/train_crowd_pred.py
[2025-07-21T12:52:03.342+0000] {processor.py:925} INFO - DAG(s) 'train_crowd_pred' retrieved from /opt/airflow/dags/train_crowd_pred.py
[2025-07-21T12:52:03.373+0000] {logging_mixin.py:190} INFO - [2025-07-21T12:52:03.373+0000] {dag.py:3239} INFO - Sync 1 DAGs
[2025-07-21T12:52:03.400+0000] {logging_mixin.py:190} INFO - [2025-07-21T12:52:03.399+0000] {dag.py:4180} INFO - Setting next_dagrun for train_crowd_pred to 2025-07-21 00:00:00+00:00, run_after=2025-07-22 00:00:00+00:00
[2025-07-21T12:52:03.421+0000] {processor.py:208} INFO - Processing /opt/airflow/dags/train_crowd_pred.py took 5.003 seconds
[2025-07-21T12:52:34.962+0000] {processor.py:186} INFO - Started process (PID=7244) to work on /opt/airflow/dags/train_crowd_pred.py
[2025-07-21T12:52:34.965+0000] {processor.py:914} INFO - Processing file /opt/airflow/dags/train_crowd_pred.py for tasks to queue
[2025-07-21T12:52:34.973+0000] {logging_mixin.py:190} INFO - [2025-07-21T12:52:34.972+0000] {dagbag.py:588} INFO - Filling up the DagBag from /opt/airflow/dags/train_crowd_pred.py
[2025-07-21T12:52:40.617+0000] {processor.py:925} INFO - DAG(s) 'train_crowd_pred' retrieved from /opt/airflow/dags/train_crowd_pred.py
[2025-07-21T12:52:40.667+0000] {logging_mixin.py:190} INFO - [2025-07-21T12:52:40.666+0000] {dag.py:3239} INFO - Sync 1 DAGs
[2025-07-21T12:52:40.713+0000] {logging_mixin.py:190} INFO - [2025-07-21T12:52:40.712+0000] {dag.py:4180} INFO - Setting next_dagrun for train_crowd_pred to 2025-07-21 00:00:00+00:00, run_after=2025-07-22 00:00:00+00:00
[2025-07-21T12:52:40.743+0000] {processor.py:208} INFO - Processing /opt/airflow/dags/train_crowd_pred.py took 5.798 seconds
[2025-07-21T12:53:11.949+0000] {processor.py:186} INFO - Started process (PID=7342) to work on /opt/airflow/dags/train_crowd_pred.py
[2025-07-21T12:53:11.950+0000] {processor.py:914} INFO - Processing file /opt/airflow/dags/train_crowd_pred.py for tasks to queue
[2025-07-21T12:53:11.953+0000] {logging_mixin.py:190} INFO - [2025-07-21T12:53:11.952+0000] {dagbag.py:588} INFO - Filling up the DagBag from /opt/airflow/dags/train_crowd_pred.py
[2025-07-21T12:53:16.608+0000] {processor.py:925} INFO - DAG(s) 'train_crowd_pred' retrieved from /opt/airflow/dags/train_crowd_pred.py
[2025-07-21T12:53:16.641+0000] {logging_mixin.py:190} INFO - [2025-07-21T12:53:16.640+0000] {dag.py:3239} INFO - Sync 1 DAGs
[2025-07-21T12:53:16.671+0000] {logging_mixin.py:190} INFO - [2025-07-21T12:53:16.671+0000] {dag.py:4180} INFO - Setting next_dagrun for train_crowd_pred to 2025-07-21 00:00:00+00:00, run_after=2025-07-22 00:00:00+00:00
[2025-07-21T12:53:16.693+0000] {processor.py:208} INFO - Processing /opt/airflow/dags/train_crowd_pred.py took 4.751 seconds
[2025-07-21T12:53:48.587+0000] {processor.py:186} INFO - Started process (PID=7446) to work on /opt/airflow/dags/train_crowd_pred.py
[2025-07-21T12:53:48.588+0000] {processor.py:914} INFO - Processing file /opt/airflow/dags/train_crowd_pred.py for tasks to queue
[2025-07-21T12:53:48.591+0000] {logging_mixin.py:190} INFO - [2025-07-21T12:53:48.590+0000] {dagbag.py:588} INFO - Filling up the DagBag from /opt/airflow/dags/train_crowd_pred.py
[2025-07-21T12:53:53.466+0000] {processor.py:925} INFO - DAG(s) 'train_crowd_pred' retrieved from /opt/airflow/dags/train_crowd_pred.py
[2025-07-21T12:53:53.495+0000] {logging_mixin.py:190} INFO - [2025-07-21T12:53:53.494+0000] {dag.py:3239} INFO - Sync 1 DAGs
[2025-07-21T12:53:53.520+0000] {logging_mixin.py:190} INFO - [2025-07-21T12:53:53.520+0000] {dag.py:4180} INFO - Setting next_dagrun for train_crowd_pred to 2025-07-21 00:00:00+00:00, run_after=2025-07-22 00:00:00+00:00
[2025-07-21T12:53:53.541+0000] {processor.py:208} INFO - Processing /opt/airflow/dags/train_crowd_pred.py took 4.961 seconds
[2025-07-21T12:54:25.410+0000] {processor.py:186} INFO - Started process (PID=7544) to work on /opt/airflow/dags/train_crowd_pred.py
[2025-07-21T12:54:25.412+0000] {processor.py:914} INFO - Processing file /opt/airflow/dags/train_crowd_pred.py for tasks to queue
[2025-07-21T12:54:25.416+0000] {logging_mixin.py:190} INFO - [2025-07-21T12:54:25.415+0000] {dagbag.py:588} INFO - Filling up the DagBag from /opt/airflow/dags/train_crowd_pred.py
[2025-07-21T12:54:31.479+0000] {processor.py:925} INFO - DAG(s) 'train_crowd_pred' retrieved from /opt/airflow/dags/train_crowd_pred.py
[2025-07-21T12:54:31.515+0000] {logging_mixin.py:190} INFO - [2025-07-21T12:54:31.514+0000] {dag.py:3239} INFO - Sync 1 DAGs
[2025-07-21T12:54:31.549+0000] {logging_mixin.py:190} INFO - [2025-07-21T12:54:31.549+0000] {dag.py:4180} INFO - Setting next_dagrun for train_crowd_pred to 2025-07-21 00:00:00+00:00, run_after=2025-07-22 00:00:00+00:00
[2025-07-21T12:54:31.585+0000] {processor.py:208} INFO - Processing /opt/airflow/dags/train_crowd_pred.py took 6.184 seconds
[2025-07-21T12:55:02.791+0000] {processor.py:186} INFO - Started process (PID=7642) to work on /opt/airflow/dags/train_crowd_pred.py
[2025-07-21T12:55:02.793+0000] {processor.py:914} INFO - Processing file /opt/airflow/dags/train_crowd_pred.py for tasks to queue
[2025-07-21T12:55:02.800+0000] {logging_mixin.py:190} INFO - [2025-07-21T12:55:02.799+0000] {dagbag.py:588} INFO - Filling up the DagBag from /opt/airflow/dags/train_crowd_pred.py
[2025-07-21T12:55:08.553+0000] {processor.py:925} INFO - DAG(s) 'train_crowd_pred' retrieved from /opt/airflow/dags/train_crowd_pred.py
[2025-07-21T12:55:08.589+0000] {logging_mixin.py:190} INFO - [2025-07-21T12:55:08.588+0000] {dag.py:3239} INFO - Sync 1 DAGs
[2025-07-21T12:55:08.619+0000] {logging_mixin.py:190} INFO - [2025-07-21T12:55:08.619+0000] {dag.py:4180} INFO - Setting next_dagrun for train_crowd_pred to 2025-07-21 00:00:00+00:00, run_after=2025-07-22 00:00:00+00:00
[2025-07-21T12:55:08.737+0000] {processor.py:208} INFO - Processing /opt/airflow/dags/train_crowd_pred.py took 5.959 seconds
[2025-07-21T12:55:40.050+0000] {processor.py:186} INFO - Started process (PID=7740) to work on /opt/airflow/dags/train_crowd_pred.py
[2025-07-21T12:55:40.052+0000] {processor.py:914} INFO - Processing file /opt/airflow/dags/train_crowd_pred.py for tasks to queue
[2025-07-21T12:55:40.055+0000] {logging_mixin.py:190} INFO - [2025-07-21T12:55:40.055+0000] {dagbag.py:588} INFO - Filling up the DagBag from /opt/airflow/dags/train_crowd_pred.py
[2025-07-21T12:55:45.569+0000] {processor.py:925} INFO - DAG(s) 'train_crowd_pred' retrieved from /opt/airflow/dags/train_crowd_pred.py
[2025-07-21T12:55:45.614+0000] {logging_mixin.py:190} INFO - [2025-07-21T12:55:45.613+0000] {dag.py:3239} INFO - Sync 1 DAGs
[2025-07-21T12:55:45.658+0000] {logging_mixin.py:190} INFO - [2025-07-21T12:55:45.657+0000] {dag.py:4180} INFO - Setting next_dagrun for train_crowd_pred to 2025-07-21 00:00:00+00:00, run_after=2025-07-22 00:00:00+00:00
[2025-07-21T12:55:45.691+0000] {processor.py:208} INFO - Processing /opt/airflow/dags/train_crowd_pred.py took 5.650 seconds
[2025-07-21T12:56:16.881+0000] {processor.py:186} INFO - Started process (PID=7838) to work on /opt/airflow/dags/train_crowd_pred.py
[2025-07-21T12:56:16.882+0000] {processor.py:914} INFO - Processing file /opt/airflow/dags/train_crowd_pred.py for tasks to queue
[2025-07-21T12:56:16.884+0000] {logging_mixin.py:190} INFO - [2025-07-21T12:56:16.884+0000] {dagbag.py:588} INFO - Filling up the DagBag from /opt/airflow/dags/train_crowd_pred.py
[2025-07-21T12:56:20.595+0000] {processor.py:925} INFO - DAG(s) 'train_crowd_pred' retrieved from /opt/airflow/dags/train_crowd_pred.py
[2025-07-21T12:56:20.622+0000] {logging_mixin.py:190} INFO - [2025-07-21T12:56:20.622+0000] {dag.py:3239} INFO - Sync 1 DAGs
[2025-07-21T12:56:20.646+0000] {logging_mixin.py:190} INFO - [2025-07-21T12:56:20.645+0000] {dag.py:4180} INFO - Setting next_dagrun for train_crowd_pred to 2025-07-21 00:00:00+00:00, run_after=2025-07-22 00:00:00+00:00
[2025-07-21T12:56:20.665+0000] {processor.py:208} INFO - Processing /opt/airflow/dags/train_crowd_pred.py took 3.791 seconds
[2025-07-21T12:56:52.504+0000] {processor.py:186} INFO - Started process (PID=7942) to work on /opt/airflow/dags/train_crowd_pred.py
[2025-07-21T12:56:52.505+0000] {processor.py:914} INFO - Processing file /opt/airflow/dags/train_crowd_pred.py for tasks to queue
[2025-07-21T12:56:52.507+0000] {logging_mixin.py:190} INFO - [2025-07-21T12:56:52.507+0000] {dagbag.py:588} INFO - Filling up the DagBag from /opt/airflow/dags/train_crowd_pred.py
[2025-07-21T12:56:56.297+0000] {processor.py:925} INFO - DAG(s) 'train_crowd_pred' retrieved from /opt/airflow/dags/train_crowd_pred.py
[2025-07-21T12:56:56.322+0000] {logging_mixin.py:190} INFO - [2025-07-21T12:56:56.321+0000] {dag.py:3239} INFO - Sync 1 DAGs
[2025-07-21T12:56:56.347+0000] {logging_mixin.py:190} INFO - [2025-07-21T12:56:56.346+0000] {dag.py:4180} INFO - Setting next_dagrun for train_crowd_pred to 2025-07-21 00:00:00+00:00, run_after=2025-07-22 00:00:00+00:00
[2025-07-21T12:56:56.365+0000] {processor.py:208} INFO - Processing /opt/airflow/dags/train_crowd_pred.py took 3.866 seconds
[2025-07-21T12:57:27.752+0000] {processor.py:186} INFO - Started process (PID=8040) to work on /opt/airflow/dags/train_crowd_pred.py
[2025-07-21T12:57:27.753+0000] {processor.py:914} INFO - Processing file /opt/airflow/dags/train_crowd_pred.py for tasks to queue
[2025-07-21T12:57:27.755+0000] {logging_mixin.py:190} INFO - [2025-07-21T12:57:27.755+0000] {dagbag.py:588} INFO - Filling up the DagBag from /opt/airflow/dags/train_crowd_pred.py
[2025-07-21T12:57:31.571+0000] {processor.py:925} INFO - DAG(s) 'train_crowd_pred' retrieved from /opt/airflow/dags/train_crowd_pred.py
[2025-07-21T12:57:31.596+0000] {logging_mixin.py:190} INFO - [2025-07-21T12:57:31.595+0000] {dag.py:3239} INFO - Sync 1 DAGs
[2025-07-21T12:57:31.619+0000] {logging_mixin.py:190} INFO - [2025-07-21T12:57:31.618+0000] {dag.py:4180} INFO - Setting next_dagrun for train_crowd_pred to 2025-07-21 00:00:00+00:00, run_after=2025-07-22 00:00:00+00:00
[2025-07-21T12:57:31.638+0000] {processor.py:208} INFO - Processing /opt/airflow/dags/train_crowd_pred.py took 3.891 seconds
[2025-07-21T12:58:03.015+0000] {processor.py:186} INFO - Started process (PID=8138) to work on /opt/airflow/dags/train_crowd_pred.py
[2025-07-21T12:58:03.017+0000] {processor.py:914} INFO - Processing file /opt/airflow/dags/train_crowd_pred.py for tasks to queue
[2025-07-21T12:58:03.019+0000] {logging_mixin.py:190} INFO - [2025-07-21T12:58:03.019+0000] {dagbag.py:588} INFO - Filling up the DagBag from /opt/airflow/dags/train_crowd_pred.py
[2025-07-21T12:58:06.832+0000] {processor.py:925} INFO - DAG(s) 'train_crowd_pred' retrieved from /opt/airflow/dags/train_crowd_pred.py
[2025-07-21T12:58:06.852+0000] {logging_mixin.py:190} INFO - [2025-07-21T12:58:06.851+0000] {dag.py:3239} INFO - Sync 1 DAGs
[2025-07-21T12:58:06.869+0000] {logging_mixin.py:190} INFO - [2025-07-21T12:58:06.869+0000] {dag.py:4180} INFO - Setting next_dagrun for train_crowd_pred to 2025-07-21 00:00:00+00:00, run_after=2025-07-22 00:00:00+00:00
[2025-07-21T12:58:06.882+0000] {processor.py:208} INFO - Processing /opt/airflow/dags/train_crowd_pred.py took 3.872 seconds
[2025-07-21T12:58:38.232+0000] {processor.py:186} INFO - Started process (PID=8236) to work on /opt/airflow/dags/train_crowd_pred.py
[2025-07-21T12:58:38.233+0000] {processor.py:914} INFO - Processing file /opt/airflow/dags/train_crowd_pred.py for tasks to queue
[2025-07-21T12:58:38.236+0000] {logging_mixin.py:190} INFO - [2025-07-21T12:58:38.235+0000] {dagbag.py:588} INFO - Filling up the DagBag from /opt/airflow/dags/train_crowd_pred.py
[2025-07-21T12:58:41.648+0000] {processor.py:925} INFO - DAG(s) 'train_crowd_pred' retrieved from /opt/airflow/dags/train_crowd_pred.py
[2025-07-21T12:58:41.668+0000] {logging_mixin.py:190} INFO - [2025-07-21T12:58:41.667+0000] {dag.py:3239} INFO - Sync 1 DAGs
[2025-07-21T12:58:41.684+0000] {logging_mixin.py:190} INFO - [2025-07-21T12:58:41.684+0000] {dag.py:4180} INFO - Setting next_dagrun for train_crowd_pred to 2025-07-21 00:00:00+00:00, run_after=2025-07-22 00:00:00+00:00
[2025-07-21T12:58:41.696+0000] {processor.py:208} INFO - Processing /opt/airflow/dags/train_crowd_pred.py took 3.471 seconds
[2025-07-21T12:59:13.048+0000] {processor.py:186} INFO - Started process (PID=8334) to work on /opt/airflow/dags/train_crowd_pred.py
[2025-07-21T12:59:13.049+0000] {processor.py:914} INFO - Processing file /opt/airflow/dags/train_crowd_pred.py for tasks to queue
[2025-07-21T12:59:13.051+0000] {logging_mixin.py:190} INFO - [2025-07-21T12:59:13.051+0000] {dagbag.py:588} INFO - Filling up the DagBag from /opt/airflow/dags/train_crowd_pred.py
[2025-07-21T12:59:16.299+0000] {processor.py:925} INFO - DAG(s) 'train_crowd_pred' retrieved from /opt/airflow/dags/train_crowd_pred.py
[2025-07-21T12:59:16.322+0000] {logging_mixin.py:190} INFO - [2025-07-21T12:59:16.321+0000] {dag.py:3239} INFO - Sync 1 DAGs
[2025-07-21T12:59:16.340+0000] {logging_mixin.py:190} INFO - [2025-07-21T12:59:16.340+0000] {dag.py:4180} INFO - Setting next_dagrun for train_crowd_pred to 2025-07-21 00:00:00+00:00, run_after=2025-07-22 00:00:00+00:00
[2025-07-21T12:59:16.355+0000] {processor.py:208} INFO - Processing /opt/airflow/dags/train_crowd_pred.py took 3.313 seconds
[2025-07-21T12:59:47.670+0000] {processor.py:186} INFO - Started process (PID=8432) to work on /opt/airflow/dags/train_crowd_pred.py
[2025-07-21T12:59:47.671+0000] {processor.py:914} INFO - Processing file /opt/airflow/dags/train_crowd_pred.py for tasks to queue
[2025-07-21T12:59:47.673+0000] {logging_mixin.py:190} INFO - [2025-07-21T12:59:47.673+0000] {dagbag.py:588} INFO - Filling up the DagBag from /opt/airflow/dags/train_crowd_pred.py
[2025-07-21T12:59:51.013+0000] {processor.py:925} INFO - DAG(s) 'train_crowd_pred' retrieved from /opt/airflow/dags/train_crowd_pred.py
[2025-07-21T12:59:51.035+0000] {logging_mixin.py:190} INFO - [2025-07-21T12:59:51.034+0000] {dag.py:3239} INFO - Sync 1 DAGs
[2025-07-21T12:59:51.054+0000] {logging_mixin.py:190} INFO - [2025-07-21T12:59:51.053+0000] {dag.py:4180} INFO - Setting next_dagrun for train_crowd_pred to 2025-07-21 00:00:00+00:00, run_after=2025-07-22 00:00:00+00:00
[2025-07-21T12:59:51.067+0000] {processor.py:208} INFO - Processing /opt/airflow/dags/train_crowd_pred.py took 3.402 seconds
[2025-07-21T13:00:23.131+0000] {processor.py:186} INFO - Started process (PID=8536) to work on /opt/airflow/dags/train_crowd_pred.py
[2025-07-21T13:00:23.132+0000] {processor.py:914} INFO - Processing file /opt/airflow/dags/train_crowd_pred.py for tasks to queue
[2025-07-21T13:00:23.134+0000] {logging_mixin.py:190} INFO - [2025-07-21T13:00:23.134+0000] {dagbag.py:588} INFO - Filling up the DagBag from /opt/airflow/dags/train_crowd_pred.py
[2025-07-21T13:00:26.392+0000] {processor.py:925} INFO - DAG(s) 'train_crowd_pred' retrieved from /opt/airflow/dags/train_crowd_pred.py
[2025-07-21T13:00:26.414+0000] {logging_mixin.py:190} INFO - [2025-07-21T13:00:26.413+0000] {dag.py:3239} INFO - Sync 1 DAGs
[2025-07-21T13:00:26.433+0000] {logging_mixin.py:190} INFO - [2025-07-21T13:00:26.433+0000] {dag.py:4180} INFO - Setting next_dagrun for train_crowd_pred to 2025-07-21 00:00:00+00:00, run_after=2025-07-22 00:00:00+00:00
[2025-07-21T13:00:26.448+0000] {processor.py:208} INFO - Processing /opt/airflow/dags/train_crowd_pred.py took 3.322 seconds
[2025-07-21T13:00:58.216+0000] {processor.py:186} INFO - Started process (PID=8634) to work on /opt/airflow/dags/train_crowd_pred.py
[2025-07-21T13:00:58.217+0000] {processor.py:914} INFO - Processing file /opt/airflow/dags/train_crowd_pred.py for tasks to queue
[2025-07-21T13:00:58.220+0000] {logging_mixin.py:190} INFO - [2025-07-21T13:00:58.219+0000] {dagbag.py:588} INFO - Filling up the DagBag from /opt/airflow/dags/train_crowd_pred.py
[2025-07-21T13:01:01.666+0000] {processor.py:925} INFO - DAG(s) 'train_crowd_pred' retrieved from /opt/airflow/dags/train_crowd_pred.py
[2025-07-21T13:01:01.690+0000] {logging_mixin.py:190} INFO - [2025-07-21T13:01:01.689+0000] {dag.py:3239} INFO - Sync 1 DAGs
[2025-07-21T13:01:01.711+0000] {logging_mixin.py:190} INFO - [2025-07-21T13:01:01.711+0000] {dag.py:4180} INFO - Setting next_dagrun for train_crowd_pred to 2025-07-21 00:00:00+00:00, run_after=2025-07-22 00:00:00+00:00
[2025-07-21T13:01:01.726+0000] {processor.py:208} INFO - Processing /opt/airflow/dags/train_crowd_pred.py took 3.516 seconds
[2025-07-21T13:01:33.707+0000] {processor.py:186} INFO - Started process (PID=8732) to work on /opt/airflow/dags/train_crowd_pred.py
[2025-07-21T13:01:33.708+0000] {processor.py:914} INFO - Processing file /opt/airflow/dags/train_crowd_pred.py for tasks to queue
[2025-07-21T13:01:33.710+0000] {logging_mixin.py:190} INFO - [2025-07-21T13:01:33.709+0000] {dagbag.py:588} INFO - Filling up the DagBag from /opt/airflow/dags/train_crowd_pred.py
[2025-07-21T13:01:37.325+0000] {processor.py:925} INFO - DAG(s) 'train_crowd_pred' retrieved from /opt/airflow/dags/train_crowd_pred.py
[2025-07-21T13:01:37.348+0000] {logging_mixin.py:190} INFO - [2025-07-21T13:01:37.348+0000] {dag.py:3239} INFO - Sync 1 DAGs
[2025-07-21T13:01:37.368+0000] {logging_mixin.py:190} INFO - [2025-07-21T13:01:37.367+0000] {dag.py:4180} INFO - Setting next_dagrun for train_crowd_pred to 2025-07-21 00:00:00+00:00, run_after=2025-07-22 00:00:00+00:00
[2025-07-21T13:01:37.385+0000] {processor.py:208} INFO - Processing /opt/airflow/dags/train_crowd_pred.py took 3.682 seconds
[2025-07-21T13:02:08.930+0000] {processor.py:186} INFO - Started process (PID=8830) to work on /opt/airflow/dags/train_crowd_pred.py
[2025-07-21T13:02:08.931+0000] {processor.py:914} INFO - Processing file /opt/airflow/dags/train_crowd_pred.py for tasks to queue
[2025-07-21T13:02:08.934+0000] {logging_mixin.py:190} INFO - [2025-07-21T13:02:08.933+0000] {dagbag.py:588} INFO - Filling up the DagBag from /opt/airflow/dags/train_crowd_pred.py
[2025-07-21T13:02:12.513+0000] {processor.py:925} INFO - DAG(s) 'train_crowd_pred' retrieved from /opt/airflow/dags/train_crowd_pred.py
[2025-07-21T13:02:12.537+0000] {logging_mixin.py:190} INFO - [2025-07-21T13:02:12.537+0000] {dag.py:3239} INFO - Sync 1 DAGs
[2025-07-21T13:02:12.558+0000] {logging_mixin.py:190} INFO - [2025-07-21T13:02:12.558+0000] {dag.py:4180} INFO - Setting next_dagrun for train_crowd_pred to 2025-07-21 00:00:00+00:00, run_after=2025-07-22 00:00:00+00:00
[2025-07-21T13:02:12.574+0000] {processor.py:208} INFO - Processing /opt/airflow/dags/train_crowd_pred.py took 3.651 seconds
[2025-07-21T13:02:43.702+0000] {processor.py:186} INFO - Started process (PID=8928) to work on /opt/airflow/dags/train_crowd_pred.py
[2025-07-21T13:02:43.703+0000] {processor.py:914} INFO - Processing file /opt/airflow/dags/train_crowd_pred.py for tasks to queue
[2025-07-21T13:02:43.706+0000] {logging_mixin.py:190} INFO - [2025-07-21T13:02:43.705+0000] {dagbag.py:588} INFO - Filling up the DagBag from /opt/airflow/dags/train_crowd_pred.py
[2025-07-21T13:02:48.457+0000] {processor.py:925} INFO - DAG(s) 'train_crowd_pred' retrieved from /opt/airflow/dags/train_crowd_pred.py
[2025-07-21T13:02:48.489+0000] {logging_mixin.py:190} INFO - [2025-07-21T13:02:48.488+0000] {dag.py:3239} INFO - Sync 1 DAGs
[2025-07-21T13:02:48.516+0000] {logging_mixin.py:190} INFO - [2025-07-21T13:02:48.516+0000] {dag.py:4180} INFO - Setting next_dagrun for train_crowd_pred to 2025-07-21 00:00:00+00:00, run_after=2025-07-22 00:00:00+00:00
[2025-07-21T13:02:48.538+0000] {processor.py:208} INFO - Processing /opt/airflow/dags/train_crowd_pred.py took 4.843 seconds
[2025-07-21T13:03:19.756+0000] {processor.py:186} INFO - Started process (PID=9032) to work on /opt/airflow/dags/train_crowd_pred.py
[2025-07-21T13:03:19.757+0000] {processor.py:914} INFO - Processing file /opt/airflow/dags/train_crowd_pred.py for tasks to queue
[2025-07-21T13:03:19.760+0000] {logging_mixin.py:190} INFO - [2025-07-21T13:03:19.759+0000] {dagbag.py:588} INFO - Filling up the DagBag from /opt/airflow/dags/train_crowd_pred.py
[2025-07-21T13:03:24.659+0000] {processor.py:925} INFO - DAG(s) 'train_crowd_pred' retrieved from /opt/airflow/dags/train_crowd_pred.py
[2025-07-21T13:03:24.691+0000] {logging_mixin.py:190} INFO - [2025-07-21T13:03:24.690+0000] {dag.py:3239} INFO - Sync 1 DAGs
[2025-07-21T13:03:24.720+0000] {logging_mixin.py:190} INFO - [2025-07-21T13:03:24.720+0000] {dag.py:4180} INFO - Setting next_dagrun for train_crowd_pred to 2025-07-21 00:00:00+00:00, run_after=2025-07-22 00:00:00+00:00
[2025-07-21T13:03:24.742+0000] {processor.py:208} INFO - Processing /opt/airflow/dags/train_crowd_pred.py took 4.995 seconds
[2025-07-21T13:03:56.748+0000] {processor.py:186} INFO - Started process (PID=9130) to work on /opt/airflow/dags/train_crowd_pred.py
[2025-07-21T13:03:56.749+0000] {processor.py:914} INFO - Processing file /opt/airflow/dags/train_crowd_pred.py for tasks to queue
[2025-07-21T13:03:56.751+0000] {logging_mixin.py:190} INFO - [2025-07-21T13:03:56.751+0000] {dagbag.py:588} INFO - Filling up the DagBag from /opt/airflow/dags/train_crowd_pred.py
[2025-07-21T13:04:01.552+0000] {processor.py:925} INFO - DAG(s) 'train_crowd_pred' retrieved from /opt/airflow/dags/train_crowd_pred.py
[2025-07-21T13:04:01.581+0000] {logging_mixin.py:190} INFO - [2025-07-21T13:04:01.581+0000] {dag.py:3239} INFO - Sync 1 DAGs
[2025-07-21T13:04:01.606+0000] {logging_mixin.py:190} INFO - [2025-07-21T13:04:01.606+0000] {dag.py:4180} INFO - Setting next_dagrun for train_crowd_pred to 2025-07-21 00:00:00+00:00, run_after=2025-07-22 00:00:00+00:00
[2025-07-21T13:04:01.627+0000] {processor.py:208} INFO - Processing /opt/airflow/dags/train_crowd_pred.py took 4.885 seconds
[2025-07-21T13:04:33.021+0000] {processor.py:186} INFO - Started process (PID=9228) to work on /opt/airflow/dags/train_crowd_pred.py
[2025-07-21T13:04:33.022+0000] {processor.py:914} INFO - Processing file /opt/airflow/dags/train_crowd_pred.py for tasks to queue
[2025-07-21T13:04:33.024+0000] {logging_mixin.py:190} INFO - [2025-07-21T13:04:33.024+0000] {dagbag.py:588} INFO - Filling up the DagBag from /opt/airflow/dags/train_crowd_pred.py
[2025-07-21T13:04:38.080+0000] {processor.py:925} INFO - DAG(s) 'train_crowd_pred' retrieved from /opt/airflow/dags/train_crowd_pred.py
[2025-07-21T13:04:38.111+0000] {logging_mixin.py:190} INFO - [2025-07-21T13:04:38.111+0000] {dag.py:3239} INFO - Sync 1 DAGs
[2025-07-21T13:04:38.137+0000] {logging_mixin.py:190} INFO - [2025-07-21T13:04:38.137+0000] {dag.py:4180} INFO - Setting next_dagrun for train_crowd_pred to 2025-07-21 00:00:00+00:00, run_after=2025-07-22 00:00:00+00:00
[2025-07-21T13:04:38.157+0000] {processor.py:208} INFO - Processing /opt/airflow/dags/train_crowd_pred.py took 5.141 seconds
[2025-07-21T13:05:09.216+0000] {processor.py:186} INFO - Started process (PID=9326) to work on /opt/airflow/dags/train_crowd_pred.py
[2025-07-21T13:05:09.217+0000] {processor.py:914} INFO - Processing file /opt/airflow/dags/train_crowd_pred.py for tasks to queue
[2025-07-21T13:05:09.219+0000] {logging_mixin.py:190} INFO - [2025-07-21T13:05:09.219+0000] {dagbag.py:588} INFO - Filling up the DagBag from /opt/airflow/dags/train_crowd_pred.py
[2025-07-21T13:05:14.134+0000] {processor.py:925} INFO - DAG(s) 'train_crowd_pred' retrieved from /opt/airflow/dags/train_crowd_pred.py
[2025-07-21T13:05:14.163+0000] {logging_mixin.py:190} INFO - [2025-07-21T13:05:14.163+0000] {dag.py:3239} INFO - Sync 1 DAGs
[2025-07-21T13:05:14.184+0000] {logging_mixin.py:190} INFO - [2025-07-21T13:05:14.184+0000] {dag.py:4180} INFO - Setting next_dagrun for train_crowd_pred to 2025-07-21 00:00:00+00:00, run_after=2025-07-22 00:00:00+00:00
[2025-07-21T13:05:14.201+0000] {processor.py:208} INFO - Processing /opt/airflow/dags/train_crowd_pred.py took 4.991 seconds
[2025-07-21T13:05:45.451+0000] {processor.py:186} INFO - Started process (PID=9424) to work on /opt/airflow/dags/train_crowd_pred.py
[2025-07-21T13:05:45.452+0000] {processor.py:914} INFO - Processing file /opt/airflow/dags/train_crowd_pred.py for tasks to queue
[2025-07-21T13:05:45.456+0000] {logging_mixin.py:190} INFO - [2025-07-21T13:05:45.455+0000] {dagbag.py:588} INFO - Filling up the DagBag from /opt/airflow/dags/train_crowd_pred.py
[2025-07-21T13:05:50.004+0000] {processor.py:925} INFO - DAG(s) 'train_crowd_pred' retrieved from /opt/airflow/dags/train_crowd_pred.py
[2025-07-21T13:05:50.032+0000] {logging_mixin.py:190} INFO - [2025-07-21T13:05:50.032+0000] {dag.py:3239} INFO - Sync 1 DAGs
[2025-07-21T13:05:50.060+0000] {logging_mixin.py:190} INFO - [2025-07-21T13:05:50.060+0000] {dag.py:4180} INFO - Setting next_dagrun for train_crowd_pred to 2025-07-21 00:00:00+00:00, run_after=2025-07-22 00:00:00+00:00
[2025-07-21T13:05:50.079+0000] {processor.py:208} INFO - Processing /opt/airflow/dags/train_crowd_pred.py took 4.636 seconds
[2025-07-21T13:06:22.069+0000] {processor.py:186} INFO - Started process (PID=9528) to work on /opt/airflow/dags/train_crowd_pred.py
[2025-07-21T13:06:22.070+0000] {processor.py:914} INFO - Processing file /opt/airflow/dags/train_crowd_pred.py for tasks to queue
[2025-07-21T13:06:22.073+0000] {logging_mixin.py:190} INFO - [2025-07-21T13:06:22.073+0000] {dagbag.py:588} INFO - Filling up the DagBag from /opt/airflow/dags/train_crowd_pred.py
[2025-07-21T13:06:26.594+0000] {processor.py:925} INFO - DAG(s) 'train_crowd_pred' retrieved from /opt/airflow/dags/train_crowd_pred.py
[2025-07-21T13:06:26.625+0000] {logging_mixin.py:190} INFO - [2025-07-21T13:06:26.625+0000] {dag.py:3239} INFO - Sync 1 DAGs
[2025-07-21T13:06:26.644+0000] {logging_mixin.py:190} INFO - [2025-07-21T13:06:26.644+0000] {dag.py:4180} INFO - Setting next_dagrun for train_crowd_pred to 2025-07-21 00:00:00+00:00, run_after=2025-07-22 00:00:00+00:00
[2025-07-21T13:06:26.659+0000] {processor.py:208} INFO - Processing /opt/airflow/dags/train_crowd_pred.py took 4.598 seconds
[2025-07-21T13:06:58.263+0000] {processor.py:186} INFO - Started process (PID=9626) to work on /opt/airflow/dags/train_crowd_pred.py
[2025-07-21T13:06:58.265+0000] {processor.py:914} INFO - Processing file /opt/airflow/dags/train_crowd_pred.py for tasks to queue
[2025-07-21T13:06:58.268+0000] {logging_mixin.py:190} INFO - [2025-07-21T13:06:58.268+0000] {dagbag.py:588} INFO - Filling up the DagBag from /opt/airflow/dags/train_crowd_pred.py
[2025-07-21T13:07:03.048+0000] {processor.py:925} INFO - DAG(s) 'train_crowd_pred' retrieved from /opt/airflow/dags/train_crowd_pred.py
[2025-07-21T13:07:03.071+0000] {logging_mixin.py:190} INFO - [2025-07-21T13:07:03.070+0000] {dag.py:3239} INFO - Sync 1 DAGs
[2025-07-21T13:07:03.093+0000] {logging_mixin.py:190} INFO - [2025-07-21T13:07:03.093+0000] {dag.py:4180} INFO - Setting next_dagrun for train_crowd_pred to 2025-07-21 00:00:00+00:00, run_after=2025-07-22 00:00:00+00:00
[2025-07-21T13:07:03.109+0000] {processor.py:208} INFO - Processing /opt/airflow/dags/train_crowd_pred.py took 4.854 seconds
[2025-07-21T13:07:34.216+0000] {processor.py:186} INFO - Started process (PID=9724) to work on /opt/airflow/dags/train_crowd_pred.py
[2025-07-21T13:07:34.217+0000] {processor.py:914} INFO - Processing file /opt/airflow/dags/train_crowd_pred.py for tasks to queue
[2025-07-21T13:07:34.219+0000] {logging_mixin.py:190} INFO - [2025-07-21T13:07:34.219+0000] {dagbag.py:588} INFO - Filling up the DagBag from /opt/airflow/dags/train_crowd_pred.py
[2025-07-21T13:07:39.167+0000] {processor.py:925} INFO - DAG(s) 'train_crowd_pred' retrieved from /opt/airflow/dags/train_crowd_pred.py
[2025-07-21T13:07:39.192+0000] {logging_mixin.py:190} INFO - [2025-07-21T13:07:39.192+0000] {dag.py:3239} INFO - Sync 1 DAGs
[2025-07-21T13:07:39.214+0000] {logging_mixin.py:190} INFO - [2025-07-21T13:07:39.213+0000] {dag.py:4180} INFO - Setting next_dagrun for train_crowd_pred to 2025-07-21 00:00:00+00:00, run_after=2025-07-22 00:00:00+00:00
[2025-07-21T13:07:39.230+0000] {processor.py:208} INFO - Processing /opt/airflow/dags/train_crowd_pred.py took 5.022 seconds
[2025-07-21T13:08:10.361+0000] {processor.py:186} INFO - Started process (PID=9822) to work on /opt/airflow/dags/train_crowd_pred.py
[2025-07-21T13:08:10.362+0000] {processor.py:914} INFO - Processing file /opt/airflow/dags/train_crowd_pred.py for tasks to queue
[2025-07-21T13:08:10.365+0000] {logging_mixin.py:190} INFO - [2025-07-21T13:08:10.365+0000] {dagbag.py:588} INFO - Filling up the DagBag from /opt/airflow/dags/train_crowd_pred.py
[2025-07-21T13:08:14.647+0000] {processor.py:925} INFO - DAG(s) 'train_crowd_pred' retrieved from /opt/airflow/dags/train_crowd_pred.py
[2025-07-21T13:08:14.672+0000] {logging_mixin.py:190} INFO - [2025-07-21T13:08:14.671+0000] {dag.py:3239} INFO - Sync 1 DAGs
[2025-07-21T13:08:14.695+0000] {logging_mixin.py:190} INFO - [2025-07-21T13:08:14.695+0000] {dag.py:4180} INFO - Setting next_dagrun for train_crowd_pred to 2025-07-21 00:00:00+00:00, run_after=2025-07-22 00:00:00+00:00
[2025-07-21T13:08:14.715+0000] {processor.py:208} INFO - Processing /opt/airflow/dags/train_crowd_pred.py took 4.360 seconds
[2025-07-21T13:08:45.797+0000] {processor.py:186} INFO - Started process (PID=9920) to work on /opt/airflow/dags/train_crowd_pred.py
[2025-07-21T13:08:45.798+0000] {processor.py:914} INFO - Processing file /opt/airflow/dags/train_crowd_pred.py for tasks to queue
[2025-07-21T13:08:45.800+0000] {logging_mixin.py:190} INFO - [2025-07-21T13:08:45.800+0000] {dagbag.py:588} INFO - Filling up the DagBag from /opt/airflow/dags/train_crowd_pred.py
[2025-07-21T13:08:49.885+0000] {processor.py:925} INFO - DAG(s) 'train_crowd_pred' retrieved from /opt/airflow/dags/train_crowd_pred.py
[2025-07-21T13:08:49.910+0000] {logging_mixin.py:190} INFO - [2025-07-21T13:08:49.910+0000] {dag.py:3239} INFO - Sync 1 DAGs
[2025-07-21T13:08:49.933+0000] {logging_mixin.py:190} INFO - [2025-07-21T13:08:49.933+0000] {dag.py:4180} INFO - Setting next_dagrun for train_crowd_pred to 2025-07-21 00:00:00+00:00, run_after=2025-07-22 00:00:00+00:00
[2025-07-21T13:08:49.951+0000] {processor.py:208} INFO - Processing /opt/airflow/dags/train_crowd_pred.py took 4.158 seconds
[2025-07-21T13:09:21.735+0000] {processor.py:186} INFO - Started process (PID=10024) to work on /opt/airflow/dags/train_crowd_pred.py
[2025-07-21T13:09:21.736+0000] {processor.py:914} INFO - Processing file /opt/airflow/dags/train_crowd_pred.py for tasks to queue
[2025-07-21T13:09:21.738+0000] {logging_mixin.py:190} INFO - [2025-07-21T13:09:21.738+0000] {dagbag.py:588} INFO - Filling up the DagBag from /opt/airflow/dags/train_crowd_pred.py
[2025-07-21T13:09:25.355+0000] {processor.py:925} INFO - DAG(s) 'train_crowd_pred' retrieved from /opt/airflow/dags/train_crowd_pred.py
[2025-07-21T13:09:25.379+0000] {logging_mixin.py:190} INFO - [2025-07-21T13:09:25.378+0000] {dag.py:3239} INFO - Sync 1 DAGs
[2025-07-21T13:09:25.399+0000] {logging_mixin.py:190} INFO - [2025-07-21T13:09:25.399+0000] {dag.py:4180} INFO - Setting next_dagrun for train_crowd_pred to 2025-07-21 00:00:00+00:00, run_after=2025-07-22 00:00:00+00:00
[2025-07-21T13:09:25.414+0000] {processor.py:208} INFO - Processing /opt/airflow/dags/train_crowd_pred.py took 3.684 seconds
[2025-07-21T13:09:56.628+0000] {processor.py:186} INFO - Started process (PID=10122) to work on /opt/airflow/dags/train_crowd_pred.py
[2025-07-21T13:09:56.629+0000] {processor.py:914} INFO - Processing file /opt/airflow/dags/train_crowd_pred.py for tasks to queue
[2025-07-21T13:09:56.632+0000] {logging_mixin.py:190} INFO - [2025-07-21T13:09:56.632+0000] {dagbag.py:588} INFO - Filling up the DagBag from /opt/airflow/dags/train_crowd_pred.py
[2025-07-21T13:10:00.161+0000] {processor.py:925} INFO - DAG(s) 'train_crowd_pred' retrieved from /opt/airflow/dags/train_crowd_pred.py
[2025-07-21T13:10:00.188+0000] {logging_mixin.py:190} INFO - [2025-07-21T13:10:00.187+0000] {dag.py:3239} INFO - Sync 1 DAGs
[2025-07-21T13:10:00.212+0000] {logging_mixin.py:190} INFO - [2025-07-21T13:10:00.211+0000] {dag.py:4180} INFO - Setting next_dagrun for train_crowd_pred to 2025-07-21 00:00:00+00:00, run_after=2025-07-22 00:00:00+00:00
[2025-07-21T13:10:00.232+0000] {processor.py:208} INFO - Processing /opt/airflow/dags/train_crowd_pred.py took 3.610 seconds
[2025-07-21T13:10:31.474+0000] {processor.py:186} INFO - Started process (PID=10220) to work on /opt/airflow/dags/train_crowd_pred.py
[2025-07-21T13:10:31.475+0000] {processor.py:914} INFO - Processing file /opt/airflow/dags/train_crowd_pred.py for tasks to queue
[2025-07-21T13:10:31.478+0000] {logging_mixin.py:190} INFO - [2025-07-21T13:10:31.477+0000] {dagbag.py:588} INFO - Filling up the DagBag from /opt/airflow/dags/train_crowd_pred.py
[2025-07-21T13:10:35.311+0000] {processor.py:925} INFO - DAG(s) 'train_crowd_pred' retrieved from /opt/airflow/dags/train_crowd_pred.py
[2025-07-21T13:10:35.337+0000] {logging_mixin.py:190} INFO - [2025-07-21T13:10:35.337+0000] {dag.py:3239} INFO - Sync 1 DAGs
[2025-07-21T13:10:35.361+0000] {logging_mixin.py:190} INFO - [2025-07-21T13:10:35.361+0000] {dag.py:4180} INFO - Setting next_dagrun for train_crowd_pred to 2025-07-21 00:00:00+00:00, run_after=2025-07-22 00:00:00+00:00
[2025-07-21T13:10:35.378+0000] {processor.py:208} INFO - Processing /opt/airflow/dags/train_crowd_pred.py took 3.909 seconds
[2025-07-21T13:11:06.508+0000] {processor.py:186} INFO - Started process (PID=10318) to work on /opt/airflow/dags/train_crowd_pred.py
[2025-07-21T13:11:06.509+0000] {processor.py:914} INFO - Processing file /opt/airflow/dags/train_crowd_pred.py for tasks to queue
[2025-07-21T13:11:06.511+0000] {logging_mixin.py:190} INFO - [2025-07-21T13:11:06.511+0000] {dagbag.py:588} INFO - Filling up the DagBag from /opt/airflow/dags/train_crowd_pred.py
[2025-07-21T13:11:10.182+0000] {processor.py:925} INFO - DAG(s) 'train_crowd_pred' retrieved from /opt/airflow/dags/train_crowd_pred.py
[2025-07-21T13:11:10.206+0000] {logging_mixin.py:190} INFO - [2025-07-21T13:11:10.206+0000] {dag.py:3239} INFO - Sync 1 DAGs
[2025-07-21T13:11:10.228+0000] {logging_mixin.py:190} INFO - [2025-07-21T13:11:10.227+0000] {dag.py:4180} INFO - Setting next_dagrun for train_crowd_pred to 2025-07-21 00:00:00+00:00, run_after=2025-07-22 00:00:00+00:00
[2025-07-21T13:11:10.248+0000] {processor.py:208} INFO - Processing /opt/airflow/dags/train_crowd_pred.py took 3.746 seconds
[2025-07-21T13:11:41.551+0000] {processor.py:186} INFO - Started process (PID=10416) to work on /opt/airflow/dags/train_crowd_pred.py
[2025-07-21T13:11:41.552+0000] {processor.py:914} INFO - Processing file /opt/airflow/dags/train_crowd_pred.py for tasks to queue
[2025-07-21T13:11:41.554+0000] {logging_mixin.py:190} INFO - [2025-07-21T13:11:41.554+0000] {dagbag.py:588} INFO - Filling up the DagBag from /opt/airflow/dags/train_crowd_pred.py
[2025-07-21T13:11:45.094+0000] {processor.py:925} INFO - DAG(s) 'train_crowd_pred' retrieved from /opt/airflow/dags/train_crowd_pred.py
[2025-07-21T13:11:45.122+0000] {logging_mixin.py:190} INFO - [2025-07-21T13:11:45.121+0000] {dag.py:3239} INFO - Sync 1 DAGs
[2025-07-21T13:11:45.147+0000] {logging_mixin.py:190} INFO - [2025-07-21T13:11:45.147+0000] {dag.py:4180} INFO - Setting next_dagrun for train_crowd_pred to 2025-07-21 00:00:00+00:00, run_after=2025-07-22 00:00:00+00:00
[2025-07-21T13:11:45.165+0000] {processor.py:208} INFO - Processing /opt/airflow/dags/train_crowd_pred.py took 3.619 seconds
[2025-07-21T13:12:16.798+0000] {processor.py:186} INFO - Started process (PID=10514) to work on /opt/airflow/dags/train_crowd_pred.py
[2025-07-21T13:12:16.798+0000] {processor.py:914} INFO - Processing file /opt/airflow/dags/train_crowd_pred.py for tasks to queue
[2025-07-21T13:12:16.800+0000] {logging_mixin.py:190} INFO - [2025-07-21T13:12:16.800+0000] {dagbag.py:588} INFO - Filling up the DagBag from /opt/airflow/dags/train_crowd_pred.py
[2025-07-21T13:12:20.563+0000] {processor.py:925} INFO - DAG(s) 'train_crowd_pred' retrieved from /opt/airflow/dags/train_crowd_pred.py
[2025-07-21T13:12:20.586+0000] {logging_mixin.py:190} INFO - [2025-07-21T13:12:20.585+0000] {dag.py:3239} INFO - Sync 1 DAGs
[2025-07-21T13:12:20.606+0000] {logging_mixin.py:190} INFO - [2025-07-21T13:12:20.606+0000] {dag.py:4180} INFO - Setting next_dagrun for train_crowd_pred to 2025-07-21 00:00:00+00:00, run_after=2025-07-22 00:00:00+00:00
[2025-07-21T13:12:20.624+0000] {processor.py:208} INFO - Processing /opt/airflow/dags/train_crowd_pred.py took 3.831 seconds
[2025-07-21T13:12:51.724+0000] {processor.py:186} INFO - Started process (PID=10618) to work on /opt/airflow/dags/train_crowd_pred.py
[2025-07-21T13:12:51.725+0000] {processor.py:914} INFO - Processing file /opt/airflow/dags/train_crowd_pred.py for tasks to queue
[2025-07-21T13:12:51.727+0000] {logging_mixin.py:190} INFO - [2025-07-21T13:12:51.727+0000] {dagbag.py:588} INFO - Filling up the DagBag from /opt/airflow/dags/train_crowd_pred.py
[2025-07-21T13:12:55.054+0000] {processor.py:925} INFO - DAG(s) 'train_crowd_pred' retrieved from /opt/airflow/dags/train_crowd_pred.py
[2025-07-21T13:12:55.076+0000] {logging_mixin.py:190} INFO - [2025-07-21T13:12:55.076+0000] {dag.py:3239} INFO - Sync 1 DAGs
[2025-07-21T13:12:55.094+0000] {logging_mixin.py:190} INFO - [2025-07-21T13:12:55.094+0000] {dag.py:4180} INFO - Setting next_dagrun for train_crowd_pred to 2025-07-21 00:00:00+00:00, run_after=2025-07-22 00:00:00+00:00
[2025-07-21T13:12:55.108+0000] {processor.py:208} INFO - Processing /opt/airflow/dags/train_crowd_pred.py took 3.390 seconds
[2025-07-21T13:13:26.960+0000] {processor.py:186} INFO - Started process (PID=10716) to work on /opt/airflow/dags/train_crowd_pred.py
[2025-07-21T13:13:26.961+0000] {processor.py:914} INFO - Processing file /opt/airflow/dags/train_crowd_pred.py for tasks to queue
[2025-07-21T13:13:26.963+0000] {logging_mixin.py:190} INFO - [2025-07-21T13:13:26.963+0000] {dagbag.py:588} INFO - Filling up the DagBag from /opt/airflow/dags/train_crowd_pred.py
[2025-07-21T13:13:30.260+0000] {processor.py:925} INFO - DAG(s) 'train_crowd_pred' retrieved from /opt/airflow/dags/train_crowd_pred.py
[2025-07-21T13:13:30.284+0000] {logging_mixin.py:190} INFO - [2025-07-21T13:13:30.284+0000] {dag.py:3239} INFO - Sync 1 DAGs
[2025-07-21T13:13:30.306+0000] {logging_mixin.py:190} INFO - [2025-07-21T13:13:30.305+0000] {dag.py:4180} INFO - Setting next_dagrun for train_crowd_pred to 2025-07-21 00:00:00+00:00, run_after=2025-07-22 00:00:00+00:00
[2025-07-21T13:13:30.321+0000] {processor.py:208} INFO - Processing /opt/airflow/dags/train_crowd_pred.py took 3.366 seconds
[2025-07-21T13:14:01.400+0000] {processor.py:186} INFO - Started process (PID=10814) to work on /opt/airflow/dags/train_crowd_pred.py
[2025-07-21T13:14:01.401+0000] {processor.py:914} INFO - Processing file /opt/airflow/dags/train_crowd_pred.py for tasks to queue
[2025-07-21T13:14:01.403+0000] {logging_mixin.py:190} INFO - [2025-07-21T13:14:01.402+0000] {dagbag.py:588} INFO - Filling up the DagBag from /opt/airflow/dags/train_crowd_pred.py
[2025-07-21T13:14:04.812+0000] {processor.py:925} INFO - DAG(s) 'train_crowd_pred' retrieved from /opt/airflow/dags/train_crowd_pred.py
[2025-07-21T13:14:04.836+0000] {logging_mixin.py:190} INFO - [2025-07-21T13:14:04.836+0000] {dag.py:3239} INFO - Sync 1 DAGs
[2025-07-21T13:14:04.856+0000] {logging_mixin.py:190} INFO - [2025-07-21T13:14:04.856+0000] {dag.py:4180} INFO - Setting next_dagrun for train_crowd_pred to 2025-07-21 00:00:00+00:00, run_after=2025-07-22 00:00:00+00:00
[2025-07-21T13:14:04.870+0000] {processor.py:208} INFO - Processing /opt/airflow/dags/train_crowd_pred.py took 3.476 seconds
[2025-07-21T13:14:36.155+0000] {processor.py:186} INFO - Started process (PID=10912) to work on /opt/airflow/dags/train_crowd_pred.py
[2025-07-21T13:14:36.157+0000] {processor.py:914} INFO - Processing file /opt/airflow/dags/train_crowd_pred.py for tasks to queue
[2025-07-21T13:14:36.161+0000] {logging_mixin.py:190} INFO - [2025-07-21T13:14:36.160+0000] {dagbag.py:588} INFO - Filling up the DagBag from /opt/airflow/dags/train_crowd_pred.py
[2025-07-21T13:14:39.476+0000] {processor.py:925} INFO - DAG(s) 'train_crowd_pred' retrieved from /opt/airflow/dags/train_crowd_pred.py
[2025-07-21T13:14:39.496+0000] {logging_mixin.py:190} INFO - [2025-07-21T13:14:39.495+0000] {dag.py:3239} INFO - Sync 1 DAGs
[2025-07-21T13:14:39.513+0000] {logging_mixin.py:190} INFO - [2025-07-21T13:14:39.513+0000] {dag.py:4180} INFO - Setting next_dagrun for train_crowd_pred to 2025-07-21 00:00:00+00:00, run_after=2025-07-22 00:00:00+00:00
[2025-07-21T13:14:39.527+0000] {processor.py:208} INFO - Processing /opt/airflow/dags/train_crowd_pred.py took 3.380 seconds
[2025-07-21T13:15:11.259+0000] {processor.py:186} INFO - Started process (PID=11010) to work on /opt/airflow/dags/train_crowd_pred.py
[2025-07-21T13:15:11.260+0000] {processor.py:914} INFO - Processing file /opt/airflow/dags/train_crowd_pred.py for tasks to queue
[2025-07-21T13:15:11.262+0000] {logging_mixin.py:190} INFO - [2025-07-21T13:15:11.261+0000] {dagbag.py:588} INFO - Filling up the DagBag from /opt/airflow/dags/train_crowd_pred.py
[2025-07-21T13:15:14.589+0000] {processor.py:925} INFO - DAG(s) 'train_crowd_pred' retrieved from /opt/airflow/dags/train_crowd_pred.py
[2025-07-21T13:15:14.611+0000] {logging_mixin.py:190} INFO - [2025-07-21T13:15:14.610+0000] {dag.py:3239} INFO - Sync 1 DAGs
[2025-07-21T13:15:14.631+0000] {logging_mixin.py:190} INFO - [2025-07-21T13:15:14.630+0000] {dag.py:4180} INFO - Setting next_dagrun for train_crowd_pred to 2025-07-21 00:00:00+00:00, run_after=2025-07-22 00:00:00+00:00
[2025-07-21T13:15:14.645+0000] {processor.py:208} INFO - Processing /opt/airflow/dags/train_crowd_pred.py took 3.392 seconds
[2025-07-21T13:15:46.229+0000] {processor.py:186} INFO - Started process (PID=11108) to work on /opt/airflow/dags/train_crowd_pred.py
[2025-07-21T13:15:46.230+0000] {processor.py:914} INFO - Processing file /opt/airflow/dags/train_crowd_pred.py for tasks to queue
[2025-07-21T13:15:46.233+0000] {logging_mixin.py:190} INFO - [2025-07-21T13:15:46.233+0000] {dagbag.py:588} INFO - Filling up the DagBag from /opt/airflow/dags/train_crowd_pred.py
[2025-07-21T13:15:49.577+0000] {processor.py:925} INFO - DAG(s) 'train_crowd_pred' retrieved from /opt/airflow/dags/train_crowd_pred.py
[2025-07-21T13:15:49.599+0000] {logging_mixin.py:190} INFO - [2025-07-21T13:15:49.598+0000] {dag.py:3239} INFO - Sync 1 DAGs
[2025-07-21T13:15:49.617+0000] {logging_mixin.py:190} INFO - [2025-07-21T13:15:49.617+0000] {dag.py:4180} INFO - Setting next_dagrun for train_crowd_pred to 2025-07-21 00:00:00+00:00, run_after=2025-07-22 00:00:00+00:00
[2025-07-21T13:15:49.632+0000] {processor.py:208} INFO - Processing /opt/airflow/dags/train_crowd_pred.py took 3.409 seconds
[2025-07-21T13:16:21.604+0000] {processor.py:186} INFO - Started process (PID=11212) to work on /opt/airflow/dags/train_crowd_pred.py
[2025-07-21T13:16:21.605+0000] {processor.py:914} INFO - Processing file /opt/airflow/dags/train_crowd_pred.py for tasks to queue
[2025-07-21T13:16:21.607+0000] {logging_mixin.py:190} INFO - [2025-07-21T13:16:21.607+0000] {dagbag.py:588} INFO - Filling up the DagBag from /opt/airflow/dags/train_crowd_pred.py
[2025-07-21T13:16:24.964+0000] {processor.py:925} INFO - DAG(s) 'train_crowd_pred' retrieved from /opt/airflow/dags/train_crowd_pred.py
[2025-07-21T13:16:24.989+0000] {logging_mixin.py:190} INFO - [2025-07-21T13:16:24.989+0000] {dag.py:3239} INFO - Sync 1 DAGs
[2025-07-21T13:16:25.008+0000] {logging_mixin.py:190} INFO - [2025-07-21T13:16:25.008+0000] {dag.py:4180} INFO - Setting next_dagrun for train_crowd_pred to 2025-07-21 00:00:00+00:00, run_after=2025-07-22 00:00:00+00:00
[2025-07-21T13:16:25.025+0000] {processor.py:208} INFO - Processing /opt/airflow/dags/train_crowd_pred.py took 3.427 seconds
[2025-07-21T13:16:56.873+0000] {processor.py:186} INFO - Started process (PID=11310) to work on /opt/airflow/dags/train_crowd_pred.py
[2025-07-21T13:16:56.874+0000] {processor.py:914} INFO - Processing file /opt/airflow/dags/train_crowd_pred.py for tasks to queue
[2025-07-21T13:16:56.876+0000] {logging_mixin.py:190} INFO - [2025-07-21T13:16:56.875+0000] {dagbag.py:588} INFO - Filling up the DagBag from /opt/airflow/dags/train_crowd_pred.py
[2025-07-21T13:17:00.276+0000] {processor.py:925} INFO - DAG(s) 'train_crowd_pred' retrieved from /opt/airflow/dags/train_crowd_pred.py
[2025-07-21T13:17:00.300+0000] {logging_mixin.py:190} INFO - [2025-07-21T13:17:00.300+0000] {dag.py:3239} INFO - Sync 1 DAGs
[2025-07-21T13:17:00.321+0000] {logging_mixin.py:190} INFO - [2025-07-21T13:17:00.321+0000] {dag.py:4180} INFO - Setting next_dagrun for train_crowd_pred to 2025-07-21 00:00:00+00:00, run_after=2025-07-22 00:00:00+00:00
[2025-07-21T13:17:00.336+0000] {processor.py:208} INFO - Processing /opt/airflow/dags/train_crowd_pred.py took 3.468 seconds
[2025-07-21T13:17:31.564+0000] {processor.py:186} INFO - Started process (PID=11408) to work on /opt/airflow/dags/train_crowd_pred.py
[2025-07-21T13:17:31.565+0000] {processor.py:914} INFO - Processing file /opt/airflow/dags/train_crowd_pred.py for tasks to queue
[2025-07-21T13:17:31.567+0000] {logging_mixin.py:190} INFO - [2025-07-21T13:17:31.567+0000] {dagbag.py:588} INFO - Filling up the DagBag from /opt/airflow/dags/train_crowd_pred.py
[2025-07-21T13:17:35.019+0000] {processor.py:925} INFO - DAG(s) 'train_crowd_pred' retrieved from /opt/airflow/dags/train_crowd_pred.py
[2025-07-21T13:17:35.059+0000] {logging_mixin.py:190} INFO - [2025-07-21T13:17:35.058+0000] {dag.py:3239} INFO - Sync 1 DAGs
[2025-07-21T13:17:35.097+0000] {logging_mixin.py:190} INFO - [2025-07-21T13:17:35.097+0000] {dag.py:4180} INFO - Setting next_dagrun for train_crowd_pred to 2025-07-21 00:00:00+00:00, run_after=2025-07-22 00:00:00+00:00
[2025-07-21T13:17:35.121+0000] {processor.py:208} INFO - Processing /opt/airflow/dags/train_crowd_pred.py took 3.562 seconds
[2025-07-21T13:18:06.925+0000] {processor.py:186} INFO - Started process (PID=11506) to work on /opt/airflow/dags/train_crowd_pred.py
[2025-07-21T13:18:06.926+0000] {processor.py:914} INFO - Processing file /opt/airflow/dags/train_crowd_pred.py for tasks to queue
[2025-07-21T13:18:06.928+0000] {logging_mixin.py:190} INFO - [2025-07-21T13:18:06.928+0000] {dagbag.py:588} INFO - Filling up the DagBag from /opt/airflow/dags/train_crowd_pred.py
[2025-07-21T13:18:10.587+0000] {processor.py:925} INFO - DAG(s) 'train_crowd_pred' retrieved from /opt/airflow/dags/train_crowd_pred.py
[2025-07-21T13:18:10.616+0000] {logging_mixin.py:190} INFO - [2025-07-21T13:18:10.615+0000] {dag.py:3239} INFO - Sync 1 DAGs
[2025-07-21T13:18:10.642+0000] {logging_mixin.py:190} INFO - [2025-07-21T13:18:10.642+0000] {dag.py:4180} INFO - Setting next_dagrun for train_crowd_pred to 2025-07-21 00:00:00+00:00, run_after=2025-07-22 00:00:00+00:00
[2025-07-21T13:18:10.667+0000] {processor.py:208} INFO - Processing /opt/airflow/dags/train_crowd_pred.py took 3.748 seconds
[2025-07-21T13:19:26.841+0000] {processor.py:186} INFO - Started process (PID=11605) to work on /opt/airflow/dags/train_crowd_pred.py
[2025-07-21T13:19:26.842+0000] {processor.py:914} INFO - Processing file /opt/airflow/dags/train_crowd_pred.py for tasks to queue
[2025-07-21T13:19:26.845+0000] {logging_mixin.py:190} INFO - [2025-07-21T13:19:26.844+0000] {dagbag.py:588} INFO - Filling up the DagBag from /opt/airflow/dags/train_crowd_pred.py
[2025-07-21T13:19:30.357+0000] {processor.py:925} INFO - DAG(s) 'train_crowd_pred' retrieved from /opt/airflow/dags/train_crowd_pred.py
[2025-07-21T13:19:30.378+0000] {logging_mixin.py:190} INFO - [2025-07-21T13:19:30.378+0000] {dag.py:3239} INFO - Sync 1 DAGs
[2025-07-21T13:19:30.398+0000] {logging_mixin.py:190} INFO - [2025-07-21T13:19:30.397+0000] {dag.py:4180} INFO - Setting next_dagrun for train_crowd_pred to 2025-07-21 00:00:00+00:00, run_after=2025-07-22 00:00:00+00:00
[2025-07-21T13:19:30.429+0000] {processor.py:208} INFO - Processing /opt/airflow/dags/train_crowd_pred.py took 3.594 seconds
[2025-07-21T13:20:01.662+0000] {processor.py:186} INFO - Started process (PID=11703) to work on /opt/airflow/dags/train_crowd_pred.py
[2025-07-21T13:20:01.663+0000] {processor.py:914} INFO - Processing file /opt/airflow/dags/train_crowd_pred.py for tasks to queue
[2025-07-21T13:20:01.666+0000] {logging_mixin.py:190} INFO - [2025-07-21T13:20:01.665+0000] {dagbag.py:588} INFO - Filling up the DagBag from /opt/airflow/dags/train_crowd_pred.py
[2025-07-21T13:20:05.030+0000] {processor.py:925} INFO - DAG(s) 'train_crowd_pred' retrieved from /opt/airflow/dags/train_crowd_pred.py
[2025-07-21T13:20:05.051+0000] {logging_mixin.py:190} INFO - [2025-07-21T13:20:05.051+0000] {dag.py:3239} INFO - Sync 1 DAGs
[2025-07-21T13:20:05.071+0000] {logging_mixin.py:190} INFO - [2025-07-21T13:20:05.070+0000] {dag.py:4180} INFO - Setting next_dagrun for train_crowd_pred to 2025-07-21 00:00:00+00:00, run_after=2025-07-22 00:00:00+00:00
[2025-07-21T13:20:05.101+0000] {processor.py:208} INFO - Processing /opt/airflow/dags/train_crowd_pred.py took 3.445 seconds
[2025-07-21T13:20:37.148+0000] {processor.py:186} INFO - Started process (PID=11801) to work on /opt/airflow/dags/train_crowd_pred.py
[2025-07-21T13:20:37.149+0000] {processor.py:914} INFO - Processing file /opt/airflow/dags/train_crowd_pred.py for tasks to queue
[2025-07-21T13:20:37.152+0000] {logging_mixin.py:190} INFO - [2025-07-21T13:20:37.151+0000] {dagbag.py:588} INFO - Filling up the DagBag from /opt/airflow/dags/train_crowd_pred.py
[2025-07-21T13:20:40.551+0000] {processor.py:925} INFO - DAG(s) 'train_crowd_pred' retrieved from /opt/airflow/dags/train_crowd_pred.py
[2025-07-21T13:20:40.572+0000] {logging_mixin.py:190} INFO - [2025-07-21T13:20:40.572+0000] {dag.py:3239} INFO - Sync 1 DAGs
[2025-07-21T13:20:40.590+0000] {logging_mixin.py:190} INFO - [2025-07-21T13:20:40.590+0000] {dag.py:4180} INFO - Setting next_dagrun for train_crowd_pred to 2025-07-21 00:00:00+00:00, run_after=2025-07-22 00:00:00+00:00
[2025-07-21T13:20:40.605+0000] {processor.py:208} INFO - Processing /opt/airflow/dags/train_crowd_pred.py took 3.466 seconds
[2025-07-21T13:21:12.220+0000] {processor.py:186} INFO - Started process (PID=11899) to work on /opt/airflow/dags/train_crowd_pred.py
[2025-07-21T13:21:12.221+0000] {processor.py:914} INFO - Processing file /opt/airflow/dags/train_crowd_pred.py for tasks to queue
[2025-07-21T13:21:12.223+0000] {logging_mixin.py:190} INFO - [2025-07-21T13:21:12.223+0000] {dagbag.py:588} INFO - Filling up the DagBag from /opt/airflow/dags/train_crowd_pred.py
[2025-07-21T13:21:15.538+0000] {processor.py:925} INFO - DAG(s) 'train_crowd_pred' retrieved from /opt/airflow/dags/train_crowd_pred.py
[2025-07-21T13:21:15.561+0000] {logging_mixin.py:190} INFO - [2025-07-21T13:21:15.560+0000] {dag.py:3239} INFO - Sync 1 DAGs
[2025-07-21T13:21:15.580+0000] {logging_mixin.py:190} INFO - [2025-07-21T13:21:15.580+0000] {dag.py:4180} INFO - Setting next_dagrun for train_crowd_pred to 2025-07-21 00:00:00+00:00, run_after=2025-07-22 00:00:00+00:00
[2025-07-21T13:21:15.593+0000] {processor.py:208} INFO - Processing /opt/airflow/dags/train_crowd_pred.py took 3.379 seconds
[2025-07-21T13:21:46.723+0000] {processor.py:186} INFO - Started process (PID=11994) to work on /opt/airflow/dags/train_crowd_pred.py
[2025-07-21T13:21:46.724+0000] {processor.py:914} INFO - Processing file /opt/airflow/dags/train_crowd_pred.py for tasks to queue
[2025-07-21T13:21:46.727+0000] {logging_mixin.py:190} INFO - [2025-07-21T13:21:46.727+0000] {dagbag.py:588} INFO - Filling up the DagBag from /opt/airflow/dags/train_crowd_pred.py
[2025-07-21T13:21:50.094+0000] {processor.py:925} INFO - DAG(s) 'train_crowd_pred' retrieved from /opt/airflow/dags/train_crowd_pred.py
[2025-07-21T13:21:50.115+0000] {logging_mixin.py:190} INFO - [2025-07-21T13:21:50.115+0000] {dag.py:3239} INFO - Sync 1 DAGs
[2025-07-21T13:21:50.134+0000] {logging_mixin.py:190} INFO - [2025-07-21T13:21:50.134+0000] {dag.py:4180} INFO - Setting next_dagrun for train_crowd_pred to 2025-07-21 00:00:00+00:00, run_after=2025-07-22 00:00:00+00:00
[2025-07-21T13:21:50.149+0000] {processor.py:208} INFO - Processing /opt/airflow/dags/train_crowd_pred.py took 3.433 seconds
[2025-07-21T13:22:21.472+0000] {processor.py:186} INFO - Started process (PID=12095) to work on /opt/airflow/dags/train_crowd_pred.py
[2025-07-21T13:22:21.473+0000] {processor.py:914} INFO - Processing file /opt/airflow/dags/train_crowd_pred.py for tasks to queue
[2025-07-21T13:22:21.475+0000] {logging_mixin.py:190} INFO - [2025-07-21T13:22:21.475+0000] {dagbag.py:588} INFO - Filling up the DagBag from /opt/airflow/dags/train_crowd_pred.py
[2025-07-21T13:22:24.814+0000] {processor.py:925} INFO - DAG(s) 'train_crowd_pred' retrieved from /opt/airflow/dags/train_crowd_pred.py
[2025-07-21T13:22:24.836+0000] {logging_mixin.py:190} INFO - [2025-07-21T13:22:24.835+0000] {dag.py:3239} INFO - Sync 1 DAGs
[2025-07-21T13:22:24.855+0000] {logging_mixin.py:190} INFO - [2025-07-21T13:22:24.854+0000] {dag.py:4180} INFO - Setting next_dagrun for train_crowd_pred to 2025-07-21 00:00:00+00:00, run_after=2025-07-22 00:00:00+00:00
[2025-07-21T13:22:24.870+0000] {processor.py:208} INFO - Processing /opt/airflow/dags/train_crowd_pred.py took 3.404 seconds
[2025-07-21T13:22:55.968+0000] {processor.py:186} INFO - Started process (PID=12197) to work on /opt/airflow/dags/train_crowd_pred.py
[2025-07-21T13:22:55.970+0000] {processor.py:914} INFO - Processing file /opt/airflow/dags/train_crowd_pred.py for tasks to queue
[2025-07-21T13:22:55.972+0000] {logging_mixin.py:190} INFO - [2025-07-21T13:22:55.972+0000] {dagbag.py:588} INFO - Filling up the DagBag from /opt/airflow/dags/train_crowd_pred.py
[2025-07-21T13:22:59.346+0000] {processor.py:925} INFO - DAG(s) 'train_crowd_pred' retrieved from /opt/airflow/dags/train_crowd_pred.py
[2025-07-21T13:22:59.369+0000] {logging_mixin.py:190} INFO - [2025-07-21T13:22:59.368+0000] {dag.py:3239} INFO - Sync 1 DAGs
[2025-07-21T13:22:59.388+0000] {logging_mixin.py:190} INFO - [2025-07-21T13:22:59.388+0000] {dag.py:4180} INFO - Setting next_dagrun for train_crowd_pred to 2025-07-21 00:00:00+00:00, run_after=2025-07-22 00:00:00+00:00
[2025-07-21T13:22:59.404+0000] {processor.py:208} INFO - Processing /opt/airflow/dags/train_crowd_pred.py took 3.442 seconds
[2025-07-21T13:23:31.187+0000] {processor.py:186} INFO - Started process (PID=12294) to work on /opt/airflow/dags/train_crowd_pred.py
[2025-07-21T13:23:31.188+0000] {processor.py:914} INFO - Processing file /opt/airflow/dags/train_crowd_pred.py for tasks to queue
[2025-07-21T13:23:31.191+0000] {logging_mixin.py:190} INFO - [2025-07-21T13:23:31.190+0000] {dagbag.py:588} INFO - Filling up the DagBag from /opt/airflow/dags/train_crowd_pred.py
[2025-07-21T13:23:34.441+0000] {processor.py:925} INFO - DAG(s) 'train_crowd_pred' retrieved from /opt/airflow/dags/train_crowd_pred.py
[2025-07-21T13:23:34.465+0000] {logging_mixin.py:190} INFO - [2025-07-21T13:23:34.464+0000] {dag.py:3239} INFO - Sync 1 DAGs
[2025-07-21T13:23:34.486+0000] {logging_mixin.py:190} INFO - [2025-07-21T13:23:34.486+0000] {dag.py:4180} INFO - Setting next_dagrun for train_crowd_pred to 2025-07-21 00:00:00+00:00, run_after=2025-07-22 00:00:00+00:00
[2025-07-21T13:23:34.503+0000] {processor.py:208} INFO - Processing /opt/airflow/dags/train_crowd_pred.py took 3.322 seconds
[2025-07-21T13:24:05.567+0000] {processor.py:186} INFO - Started process (PID=12391) to work on /opt/airflow/dags/train_crowd_pred.py
[2025-07-21T13:24:05.568+0000] {processor.py:914} INFO - Processing file /opt/airflow/dags/train_crowd_pred.py for tasks to queue
[2025-07-21T13:24:05.570+0000] {logging_mixin.py:190} INFO - [2025-07-21T13:24:05.570+0000] {dagbag.py:588} INFO - Filling up the DagBag from /opt/airflow/dags/train_crowd_pred.py
[2025-07-21T13:24:08.851+0000] {processor.py:925} INFO - DAG(s) 'train_crowd_pred' retrieved from /opt/airflow/dags/train_crowd_pred.py
[2025-07-21T13:24:08.878+0000] {logging_mixin.py:190} INFO - [2025-07-21T13:24:08.878+0000] {dag.py:3239} INFO - Sync 1 DAGs
[2025-07-21T13:24:08.897+0000] {logging_mixin.py:190} INFO - [2025-07-21T13:24:08.897+0000] {dag.py:4180} INFO - Setting next_dagrun for train_crowd_pred to 2025-07-21 00:00:00+00:00, run_after=2025-07-22 00:00:00+00:00
[2025-07-21T13:24:08.914+0000] {processor.py:208} INFO - Processing /opt/airflow/dags/train_crowd_pred.py took 3.353 seconds
[2025-07-21T13:24:40.864+0000] {processor.py:186} INFO - Started process (PID=12489) to work on /opt/airflow/dags/train_crowd_pred.py
[2025-07-21T13:24:40.865+0000] {processor.py:914} INFO - Processing file /opt/airflow/dags/train_crowd_pred.py for tasks to queue
[2025-07-21T13:24:40.867+0000] {logging_mixin.py:190} INFO - [2025-07-21T13:24:40.867+0000] {dagbag.py:588} INFO - Filling up the DagBag from /opt/airflow/dags/train_crowd_pred.py
[2025-07-21T13:24:44.318+0000] {processor.py:925} INFO - DAG(s) 'train_crowd_pred' retrieved from /opt/airflow/dags/train_crowd_pred.py
[2025-07-21T13:24:44.342+0000] {logging_mixin.py:190} INFO - [2025-07-21T13:24:44.341+0000] {dag.py:3239} INFO - Sync 1 DAGs
[2025-07-21T13:24:44.361+0000] {logging_mixin.py:190} INFO - [2025-07-21T13:24:44.361+0000] {dag.py:4180} INFO - Setting next_dagrun for train_crowd_pred to 2025-07-21 00:00:00+00:00, run_after=2025-07-22 00:00:00+00:00
[2025-07-21T13:24:44.376+0000] {processor.py:208} INFO - Processing /opt/airflow/dags/train_crowd_pred.py took 3.518 seconds
[2025-07-21T13:25:16.231+0000] {processor.py:186} INFO - Started process (PID=12587) to work on /opt/airflow/dags/train_crowd_pred.py
[2025-07-21T13:25:16.233+0000] {processor.py:914} INFO - Processing file /opt/airflow/dags/train_crowd_pred.py for tasks to queue
[2025-07-21T13:25:16.237+0000] {logging_mixin.py:190} INFO - [2025-07-21T13:25:16.236+0000] {dagbag.py:588} INFO - Filling up the DagBag from /opt/airflow/dags/train_crowd_pred.py
[2025-07-21T13:25:19.869+0000] {processor.py:925} INFO - DAG(s) 'train_crowd_pred' retrieved from /opt/airflow/dags/train_crowd_pred.py
[2025-07-21T13:25:19.889+0000] {logging_mixin.py:190} INFO - [2025-07-21T13:25:19.888+0000] {dag.py:3239} INFO - Sync 1 DAGs
[2025-07-21T13:25:19.905+0000] {logging_mixin.py:190} INFO - [2025-07-21T13:25:19.905+0000] {dag.py:4180} INFO - Setting next_dagrun for train_crowd_pred to 2025-07-21 00:00:00+00:00, run_after=2025-07-22 00:00:00+00:00
[2025-07-21T13:25:19.921+0000] {processor.py:208} INFO - Processing /opt/airflow/dags/train_crowd_pred.py took 3.699 seconds
[2025-07-21T13:25:50.985+0000] {processor.py:186} INFO - Started process (PID=12685) to work on /opt/airflow/dags/train_crowd_pred.py
[2025-07-21T13:25:50.986+0000] {processor.py:914} INFO - Processing file /opt/airflow/dags/train_crowd_pred.py for tasks to queue
[2025-07-21T13:25:50.988+0000] {logging_mixin.py:190} INFO - [2025-07-21T13:25:50.988+0000] {dagbag.py:588} INFO - Filling up the DagBag from /opt/airflow/dags/train_crowd_pred.py
[2025-07-21T13:25:54.239+0000] {processor.py:925} INFO - DAG(s) 'train_crowd_pred' retrieved from /opt/airflow/dags/train_crowd_pred.py
[2025-07-21T13:25:54.258+0000] {logging_mixin.py:190} INFO - [2025-07-21T13:25:54.258+0000] {dag.py:3239} INFO - Sync 1 DAGs
[2025-07-21T13:25:54.489+0000] {logging_mixin.py:190} INFO - [2025-07-21T13:25:54.489+0000] {dag.py:4180} INFO - Setting next_dagrun for train_crowd_pred to 2025-07-21 00:00:00+00:00, run_after=2025-07-22 00:00:00+00:00
[2025-07-21T13:25:54.504+0000] {processor.py:208} INFO - Processing /opt/airflow/dags/train_crowd_pred.py took 3.524 seconds
[2025-07-21T13:26:25.932+0000] {processor.py:186} INFO - Started process (PID=12789) to work on /opt/airflow/dags/train_crowd_pred.py
[2025-07-21T13:26:25.933+0000] {processor.py:914} INFO - Processing file /opt/airflow/dags/train_crowd_pred.py for tasks to queue
[2025-07-21T13:26:25.935+0000] {logging_mixin.py:190} INFO - [2025-07-21T13:26:25.935+0000] {dagbag.py:588} INFO - Filling up the DagBag from /opt/airflow/dags/train_crowd_pred.py
[2025-07-21T13:26:29.266+0000] {processor.py:925} INFO - DAG(s) 'train_crowd_pred' retrieved from /opt/airflow/dags/train_crowd_pred.py
[2025-07-21T13:26:29.288+0000] {logging_mixin.py:190} INFO - [2025-07-21T13:26:29.287+0000] {dag.py:3239} INFO - Sync 1 DAGs
[2025-07-21T13:26:29.307+0000] {logging_mixin.py:190} INFO - [2025-07-21T13:26:29.307+0000] {dag.py:4180} INFO - Setting next_dagrun for train_crowd_pred to 2025-07-21 00:00:00+00:00, run_after=2025-07-22 00:00:00+00:00
[2025-07-21T13:26:29.323+0000] {processor.py:208} INFO - Processing /opt/airflow/dags/train_crowd_pred.py took 3.397 seconds
[2025-07-21T13:27:00.688+0000] {processor.py:186} INFO - Started process (PID=12887) to work on /opt/airflow/dags/train_crowd_pred.py
[2025-07-21T13:27:00.689+0000] {processor.py:914} INFO - Processing file /opt/airflow/dags/train_crowd_pred.py for tasks to queue
[2025-07-21T13:27:00.691+0000] {logging_mixin.py:190} INFO - [2025-07-21T13:27:00.691+0000] {dagbag.py:588} INFO - Filling up the DagBag from /opt/airflow/dags/train_crowd_pred.py
[2025-07-21T13:27:03.942+0000] {processor.py:925} INFO - DAG(s) 'train_crowd_pred' retrieved from /opt/airflow/dags/train_crowd_pred.py
[2025-07-21T13:27:03.962+0000] {logging_mixin.py:190} INFO - [2025-07-21T13:27:03.961+0000] {dag.py:3239} INFO - Sync 1 DAGs
[2025-07-21T13:27:04.192+0000] {logging_mixin.py:190} INFO - [2025-07-21T13:27:04.191+0000] {dag.py:4180} INFO - Setting next_dagrun for train_crowd_pred to 2025-07-21 00:00:00+00:00, run_after=2025-07-22 00:00:00+00:00
[2025-07-21T13:27:04.206+0000] {processor.py:208} INFO - Processing /opt/airflow/dags/train_crowd_pred.py took 3.524 seconds
[2025-07-21T13:27:35.856+0000] {processor.py:186} INFO - Started process (PID=12985) to work on /opt/airflow/dags/train_crowd_pred.py
[2025-07-21T13:27:35.857+0000] {processor.py:914} INFO - Processing file /opt/airflow/dags/train_crowd_pred.py for tasks to queue
[2025-07-21T13:27:35.859+0000] {logging_mixin.py:190} INFO - [2025-07-21T13:27:35.859+0000] {dagbag.py:588} INFO - Filling up the DagBag from /opt/airflow/dags/train_crowd_pred.py
[2025-07-21T13:27:39.196+0000] {processor.py:925} INFO - DAG(s) 'train_crowd_pred' retrieved from /opt/airflow/dags/train_crowd_pred.py
[2025-07-21T13:27:39.216+0000] {logging_mixin.py:190} INFO - [2025-07-21T13:27:39.216+0000] {dag.py:3239} INFO - Sync 1 DAGs
[2025-07-21T13:27:39.245+0000] {logging_mixin.py:190} INFO - [2025-07-21T13:27:39.245+0000] {dag.py:4180} INFO - Setting next_dagrun for train_crowd_pred to 2025-07-21 00:00:00+00:00, run_after=2025-07-22 00:00:00+00:00
[2025-07-21T13:27:39.259+0000] {processor.py:208} INFO - Processing /opt/airflow/dags/train_crowd_pred.py took 3.409 seconds
[2025-07-21T13:28:10.910+0000] {processor.py:186} INFO - Started process (PID=13083) to work on /opt/airflow/dags/train_crowd_pred.py
[2025-07-21T13:28:10.911+0000] {processor.py:914} INFO - Processing file /opt/airflow/dags/train_crowd_pred.py for tasks to queue
[2025-07-21T13:28:10.913+0000] {logging_mixin.py:190} INFO - [2025-07-21T13:28:10.913+0000] {dagbag.py:588} INFO - Filling up the DagBag from /opt/airflow/dags/train_crowd_pred.py
[2025-07-21T13:28:14.415+0000] {processor.py:925} INFO - DAG(s) 'train_crowd_pred' retrieved from /opt/airflow/dags/train_crowd_pred.py
[2025-07-21T13:28:14.439+0000] {logging_mixin.py:190} INFO - [2025-07-21T13:28:14.438+0000] {dag.py:3239} INFO - Sync 1 DAGs
[2025-07-21T13:28:14.459+0000] {logging_mixin.py:190} INFO - [2025-07-21T13:28:14.459+0000] {dag.py:4180} INFO - Setting next_dagrun for train_crowd_pred to 2025-07-21 00:00:00+00:00, run_after=2025-07-22 00:00:00+00:00
[2025-07-21T13:28:14.475+0000] {processor.py:208} INFO - Processing /opt/airflow/dags/train_crowd_pred.py took 3.573 seconds
[2025-07-21T13:28:46.235+0000] {processor.py:186} INFO - Started process (PID=13181) to work on /opt/airflow/dags/train_crowd_pred.py
[2025-07-21T13:28:46.236+0000] {processor.py:914} INFO - Processing file /opt/airflow/dags/train_crowd_pred.py for tasks to queue
[2025-07-21T13:28:46.238+0000] {logging_mixin.py:190} INFO - [2025-07-21T13:28:46.238+0000] {dagbag.py:588} INFO - Filling up the DagBag from /opt/airflow/dags/train_crowd_pred.py
[2025-07-21T13:28:49.645+0000] {processor.py:925} INFO - DAG(s) 'train_crowd_pred' retrieved from /opt/airflow/dags/train_crowd_pred.py
[2025-07-21T13:28:49.664+0000] {logging_mixin.py:190} INFO - [2025-07-21T13:28:49.664+0000] {dag.py:3239} INFO - Sync 1 DAGs
[2025-07-21T13:28:49.682+0000] {logging_mixin.py:190} INFO - [2025-07-21T13:28:49.682+0000] {dag.py:4180} INFO - Setting next_dagrun for train_crowd_pred to 2025-07-21 00:00:00+00:00, run_after=2025-07-22 00:00:00+00:00
[2025-07-21T13:28:49.926+0000] {processor.py:208} INFO - Processing /opt/airflow/dags/train_crowd_pred.py took 3.698 seconds
[2025-07-21T13:29:20.877+0000] {processor.py:186} INFO - Started process (PID=13264) to work on /opt/airflow/dags/train_crowd_pred.py
[2025-07-21T13:29:20.878+0000] {processor.py:914} INFO - Processing file /opt/airflow/dags/train_crowd_pred.py for tasks to queue
[2025-07-21T13:29:20.881+0000] {logging_mixin.py:190} INFO - [2025-07-21T13:29:20.881+0000] {dagbag.py:588} INFO - Filling up the DagBag from /opt/airflow/dags/train_crowd_pred.py
[2025-07-21T13:29:24.419+0000] {processor.py:925} INFO - DAG(s) 'train_crowd_pred' retrieved from /opt/airflow/dags/train_crowd_pred.py
[2025-07-21T13:29:24.441+0000] {logging_mixin.py:190} INFO - [2025-07-21T13:29:24.441+0000] {dag.py:3239} INFO - Sync 1 DAGs
[2025-07-21T13:29:24.459+0000] {logging_mixin.py:190} INFO - [2025-07-21T13:29:24.459+0000] {dag.py:4180} INFO - Setting next_dagrun for train_crowd_pred to 2025-07-21 00:00:00+00:00, run_after=2025-07-22 00:00:00+00:00
[2025-07-21T13:29:24.474+0000] {processor.py:208} INFO - Processing /opt/airflow/dags/train_crowd_pred.py took 3.602 seconds
[2025-07-21T13:29:56.316+0000] {processor.py:186} INFO - Started process (PID=13383) to work on /opt/airflow/dags/train_crowd_pred.py
[2025-07-21T13:29:56.317+0000] {processor.py:914} INFO - Processing file /opt/airflow/dags/train_crowd_pred.py for tasks to queue
[2025-07-21T13:29:56.319+0000] {logging_mixin.py:190} INFO - [2025-07-21T13:29:56.319+0000] {dagbag.py:588} INFO - Filling up the DagBag from /opt/airflow/dags/train_crowd_pred.py
[2025-07-21T13:29:59.619+0000] {processor.py:925} INFO - DAG(s) 'train_crowd_pred' retrieved from /opt/airflow/dags/train_crowd_pred.py
[2025-07-21T13:29:59.640+0000] {logging_mixin.py:190} INFO - [2025-07-21T13:29:59.639+0000] {dag.py:3239} INFO - Sync 1 DAGs
[2025-07-21T13:29:59.893+0000] {logging_mixin.py:190} INFO - [2025-07-21T13:29:59.892+0000] {dag.py:4180} INFO - Setting next_dagrun for train_crowd_pred to 2025-07-21 00:00:00+00:00, run_after=2025-07-22 00:00:00+00:00
[2025-07-21T13:29:59.907+0000] {processor.py:208} INFO - Processing /opt/airflow/dags/train_crowd_pred.py took 3.597 seconds
[2025-07-21T13:30:30.727+0000] {processor.py:186} INFO - Started process (PID=13466) to work on /opt/airflow/dags/train_crowd_pred.py
[2025-07-21T13:30:30.728+0000] {processor.py:914} INFO - Processing file /opt/airflow/dags/train_crowd_pred.py for tasks to queue
[2025-07-21T13:30:30.731+0000] {logging_mixin.py:190} INFO - [2025-07-21T13:30:30.730+0000] {dagbag.py:588} INFO - Filling up the DagBag from /opt/airflow/dags/train_crowd_pred.py
[2025-07-21T13:30:33.999+0000] {processor.py:925} INFO - DAG(s) 'train_crowd_pred' retrieved from /opt/airflow/dags/train_crowd_pred.py
[2025-07-21T13:30:34.019+0000] {logging_mixin.py:190} INFO - [2025-07-21T13:30:34.018+0000] {dag.py:3239} INFO - Sync 1 DAGs
[2025-07-21T13:30:34.036+0000] {logging_mixin.py:190} INFO - [2025-07-21T13:30:34.036+0000] {dag.py:4180} INFO - Setting next_dagrun for train_crowd_pred to 2025-07-21 00:00:00+00:00, run_after=2025-07-22 00:00:00+00:00
[2025-07-21T13:30:34.049+0000] {processor.py:208} INFO - Processing /opt/airflow/dags/train_crowd_pred.py took 3.328 seconds
[2025-07-21T13:31:05.890+0000] {processor.py:186} INFO - Started process (PID=13563) to work on /opt/airflow/dags/train_crowd_pred.py
[2025-07-21T13:31:05.891+0000] {processor.py:914} INFO - Processing file /opt/airflow/dags/train_crowd_pred.py for tasks to queue
[2025-07-21T13:31:05.894+0000] {logging_mixin.py:190} INFO - [2025-07-21T13:31:05.894+0000] {dagbag.py:588} INFO - Filling up the DagBag from /opt/airflow/dags/train_crowd_pred.py
[2025-07-21T13:31:09.329+0000] {processor.py:925} INFO - DAG(s) 'train_crowd_pred' retrieved from /opt/airflow/dags/train_crowd_pred.py
[2025-07-21T13:31:09.353+0000] {logging_mixin.py:190} INFO - [2025-07-21T13:31:09.353+0000] {dag.py:3239} INFO - Sync 1 DAGs
[2025-07-21T13:31:09.580+0000] {logging_mixin.py:190} INFO - [2025-07-21T13:31:09.580+0000] {dag.py:4180} INFO - Setting next_dagrun for train_crowd_pred to 2025-07-21 00:00:00+00:00, run_after=2025-07-22 00:00:00+00:00
[2025-07-21T13:31:09.593+0000] {processor.py:208} INFO - Processing /opt/airflow/dags/train_crowd_pred.py took 3.709 seconds
[2025-07-21T13:31:40.527+0000] {processor.py:186} INFO - Started process (PID=13661) to work on /opt/airflow/dags/train_crowd_pred.py
[2025-07-21T13:31:40.528+0000] {processor.py:914} INFO - Processing file /opt/airflow/dags/train_crowd_pred.py for tasks to queue
[2025-07-21T13:31:40.530+0000] {logging_mixin.py:190} INFO - [2025-07-21T13:31:40.530+0000] {dagbag.py:588} INFO - Filling up the DagBag from /opt/airflow/dags/train_crowd_pred.py
[2025-07-21T13:31:43.855+0000] {processor.py:925} INFO - DAG(s) 'train_crowd_pred' retrieved from /opt/airflow/dags/train_crowd_pred.py
[2025-07-21T13:31:43.878+0000] {logging_mixin.py:190} INFO - [2025-07-21T13:31:43.878+0000] {dag.py:3239} INFO - Sync 1 DAGs
[2025-07-21T13:31:43.896+0000] {logging_mixin.py:190} INFO - [2025-07-21T13:31:43.896+0000] {dag.py:4180} INFO - Setting next_dagrun for train_crowd_pred to 2025-07-21 00:00:00+00:00, run_after=2025-07-22 00:00:00+00:00
[2025-07-21T13:31:43.912+0000] {processor.py:208} INFO - Processing /opt/airflow/dags/train_crowd_pred.py took 3.391 seconds
[2025-07-21T13:32:15.311+0000] {processor.py:186} INFO - Started process (PID=13759) to work on /opt/airflow/dags/train_crowd_pred.py
[2025-07-21T13:32:15.312+0000] {processor.py:914} INFO - Processing file /opt/airflow/dags/train_crowd_pred.py for tasks to queue
[2025-07-21T13:32:15.314+0000] {logging_mixin.py:190} INFO - [2025-07-21T13:32:15.314+0000] {dagbag.py:588} INFO - Filling up the DagBag from /opt/airflow/dags/train_crowd_pred.py
[2025-07-21T13:32:19.213+0000] {processor.py:925} INFO - DAG(s) 'train_crowd_pred' retrieved from /opt/airflow/dags/train_crowd_pred.py
[2025-07-21T13:32:19.235+0000] {logging_mixin.py:190} INFO - [2025-07-21T13:32:19.234+0000] {dag.py:3239} INFO - Sync 1 DAGs
[2025-07-21T13:32:19.255+0000] {logging_mixin.py:190} INFO - [2025-07-21T13:32:19.255+0000] {dag.py:4180} INFO - Setting next_dagrun for train_crowd_pred to 2025-07-21 00:00:00+00:00, run_after=2025-07-22 00:00:00+00:00
[2025-07-21T13:32:19.272+0000] {processor.py:208} INFO - Processing /opt/airflow/dags/train_crowd_pred.py took 3.966 seconds
[2025-07-21T13:32:51.091+0000] {processor.py:186} INFO - Started process (PID=13873) to work on /opt/airflow/dags/train_crowd_pred.py
[2025-07-21T13:32:51.092+0000] {processor.py:914} INFO - Processing file /opt/airflow/dags/train_crowd_pred.py for tasks to queue
[2025-07-21T13:32:51.095+0000] {logging_mixin.py:190} INFO - [2025-07-21T13:32:51.095+0000] {dagbag.py:588} INFO - Filling up the DagBag from /opt/airflow/dags/train_crowd_pred.py
[2025-07-21T13:32:54.546+0000] {processor.py:925} INFO - DAG(s) 'train_crowd_pred' retrieved from /opt/airflow/dags/train_crowd_pred.py
[2025-07-21T13:32:54.564+0000] {logging_mixin.py:190} INFO - [2025-07-21T13:32:54.564+0000] {dag.py:3239} INFO - Sync 1 DAGs
[2025-07-21T13:32:54.581+0000] {logging_mixin.py:190} INFO - [2025-07-21T13:32:54.581+0000] {dag.py:4180} INFO - Setting next_dagrun for train_crowd_pred to 2025-07-21 00:00:00+00:00, run_after=2025-07-22 00:00:00+00:00
[2025-07-21T13:32:54.597+0000] {processor.py:208} INFO - Processing /opt/airflow/dags/train_crowd_pred.py took 3.511 seconds
[2025-07-21T13:33:25.655+0000] {processor.py:186} INFO - Started process (PID=13971) to work on /opt/airflow/dags/train_crowd_pred.py
[2025-07-21T13:33:25.656+0000] {processor.py:914} INFO - Processing file /opt/airflow/dags/train_crowd_pred.py for tasks to queue
[2025-07-21T13:33:25.658+0000] {logging_mixin.py:190} INFO - [2025-07-21T13:33:25.658+0000] {dagbag.py:588} INFO - Filling up the DagBag from /opt/airflow/dags/train_crowd_pred.py
[2025-07-21T13:33:29.316+0000] {processor.py:925} INFO - DAG(s) 'train_crowd_pred' retrieved from /opt/airflow/dags/train_crowd_pred.py
[2025-07-21T13:33:29.344+0000] {logging_mixin.py:190} INFO - [2025-07-21T13:33:29.344+0000] {dag.py:3239} INFO - Sync 1 DAGs
[2025-07-21T13:33:29.365+0000] {logging_mixin.py:190} INFO - [2025-07-21T13:33:29.365+0000] {dag.py:4180} INFO - Setting next_dagrun for train_crowd_pred to 2025-07-21 00:00:00+00:00, run_after=2025-07-22 00:00:00+00:00
[2025-07-21T13:33:29.382+0000] {processor.py:208} INFO - Processing /opt/airflow/dags/train_crowd_pred.py took 3.733 seconds
[2025-07-21T13:34:01.169+0000] {processor.py:186} INFO - Started process (PID=14075) to work on /opt/airflow/dags/train_crowd_pred.py
[2025-07-21T13:34:01.170+0000] {processor.py:914} INFO - Processing file /opt/airflow/dags/train_crowd_pred.py for tasks to queue
[2025-07-21T13:34:01.172+0000] {logging_mixin.py:190} INFO - [2025-07-21T13:34:01.172+0000] {dagbag.py:588} INFO - Filling up the DagBag from /opt/airflow/dags/train_crowd_pred.py
[2025-07-21T13:34:04.642+0000] {processor.py:925} INFO - DAG(s) 'train_crowd_pred' retrieved from /opt/airflow/dags/train_crowd_pred.py
[2025-07-21T13:34:04.688+0000] {logging_mixin.py:190} INFO - [2025-07-21T13:34:04.688+0000] {dag.py:3239} INFO - Sync 1 DAGs
[2025-07-21T13:34:04.712+0000] {logging_mixin.py:190} INFO - [2025-07-21T13:34:04.712+0000] {dag.py:4180} INFO - Setting next_dagrun for train_crowd_pred to 2025-07-21 00:00:00+00:00, run_after=2025-07-22 00:00:00+00:00
[2025-07-21T13:34:04.729+0000] {processor.py:208} INFO - Processing /opt/airflow/dags/train_crowd_pred.py took 3.565 seconds
[2025-07-21T13:34:35.832+0000] {processor.py:186} INFO - Started process (PID=14173) to work on /opt/airflow/dags/train_crowd_pred.py
[2025-07-21T13:34:35.833+0000] {processor.py:914} INFO - Processing file /opt/airflow/dags/train_crowd_pred.py for tasks to queue
[2025-07-21T13:34:35.835+0000] {logging_mixin.py:190} INFO - [2025-07-21T13:34:35.835+0000] {dagbag.py:588} INFO - Filling up the DagBag from /opt/airflow/dags/train_crowd_pred.py
[2025-07-21T13:34:39.423+0000] {processor.py:925} INFO - DAG(s) 'train_crowd_pred' retrieved from /opt/airflow/dags/train_crowd_pred.py
[2025-07-21T13:34:39.444+0000] {logging_mixin.py:190} INFO - [2025-07-21T13:34:39.443+0000] {dag.py:3239} INFO - Sync 1 DAGs
[2025-07-21T13:34:39.460+0000] {logging_mixin.py:190} INFO - [2025-07-21T13:34:39.460+0000] {dag.py:4180} INFO - Setting next_dagrun for train_crowd_pred to 2025-07-21 00:00:00+00:00, run_after=2025-07-22 00:00:00+00:00
[2025-07-21T13:34:39.474+0000] {processor.py:208} INFO - Processing /opt/airflow/dags/train_crowd_pred.py took 3.648 seconds
[2025-07-21T13:35:10.540+0000] {processor.py:186} INFO - Started process (PID=14271) to work on /opt/airflow/dags/train_crowd_pred.py
[2025-07-21T13:35:10.541+0000] {processor.py:914} INFO - Processing file /opt/airflow/dags/train_crowd_pred.py for tasks to queue
[2025-07-21T13:35:10.543+0000] {logging_mixin.py:190} INFO - [2025-07-21T13:35:10.543+0000] {dagbag.py:588} INFO - Filling up the DagBag from /opt/airflow/dags/train_crowd_pred.py
[2025-07-21T13:35:14.032+0000] {processor.py:925} INFO - DAG(s) 'train_crowd_pred' retrieved from /opt/airflow/dags/train_crowd_pred.py
[2025-07-21T13:35:14.051+0000] {logging_mixin.py:190} INFO - [2025-07-21T13:35:14.050+0000] {dag.py:3239} INFO - Sync 1 DAGs
[2025-07-21T13:35:14.067+0000] {logging_mixin.py:190} INFO - [2025-07-21T13:35:14.067+0000] {dag.py:4180} INFO - Setting next_dagrun for train_crowd_pred to 2025-07-21 00:00:00+00:00, run_after=2025-07-22 00:00:00+00:00
[2025-07-21T13:35:14.083+0000] {processor.py:208} INFO - Processing /opt/airflow/dags/train_crowd_pred.py took 3.550 seconds
[2025-07-21T13:35:45.198+0000] {processor.py:186} INFO - Started process (PID=14369) to work on /opt/airflow/dags/train_crowd_pred.py
[2025-07-21T13:35:45.199+0000] {processor.py:914} INFO - Processing file /opt/airflow/dags/train_crowd_pred.py for tasks to queue
[2025-07-21T13:35:45.201+0000] {logging_mixin.py:190} INFO - [2025-07-21T13:35:45.201+0000] {dagbag.py:588} INFO - Filling up the DagBag from /opt/airflow/dags/train_crowd_pred.py
[2025-07-21T13:35:48.834+0000] {processor.py:925} INFO - DAG(s) 'train_crowd_pred' retrieved from /opt/airflow/dags/train_crowd_pred.py
[2025-07-21T13:35:48.857+0000] {logging_mixin.py:190} INFO - [2025-07-21T13:35:48.857+0000] {dag.py:3239} INFO - Sync 1 DAGs
[2025-07-21T13:35:48.875+0000] {logging_mixin.py:190} INFO - [2025-07-21T13:35:48.874+0000] {dag.py:4180} INFO - Setting next_dagrun for train_crowd_pred to 2025-07-21 00:00:00+00:00, run_after=2025-07-22 00:00:00+00:00
[2025-07-21T13:35:48.890+0000] {processor.py:208} INFO - Processing /opt/airflow/dags/train_crowd_pred.py took 3.698 seconds
[2025-07-21T13:36:20.294+0000] {processor.py:186} INFO - Started process (PID=14467) to work on /opt/airflow/dags/train_crowd_pred.py
[2025-07-21T13:36:20.295+0000] {processor.py:914} INFO - Processing file /opt/airflow/dags/train_crowd_pred.py for tasks to queue
[2025-07-21T13:36:20.298+0000] {logging_mixin.py:190} INFO - [2025-07-21T13:36:20.297+0000] {dagbag.py:588} INFO - Filling up the DagBag from /opt/airflow/dags/train_crowd_pred.py
[2025-07-21T13:36:23.844+0000] {processor.py:925} INFO - DAG(s) 'train_crowd_pred' retrieved from /opt/airflow/dags/train_crowd_pred.py
[2025-07-21T13:36:23.866+0000] {logging_mixin.py:190} INFO - [2025-07-21T13:36:23.866+0000] {dag.py:3239} INFO - Sync 1 DAGs
[2025-07-21T13:36:23.885+0000] {logging_mixin.py:190} INFO - [2025-07-21T13:36:23.885+0000] {dag.py:4180} INFO - Setting next_dagrun for train_crowd_pred to 2025-07-21 00:00:00+00:00, run_after=2025-07-22 00:00:00+00:00
[2025-07-21T13:36:23.899+0000] {processor.py:208} INFO - Processing /opt/airflow/dags/train_crowd_pred.py took 3.610 seconds
[2025-07-21T13:36:55.695+0000] {processor.py:186} INFO - Started process (PID=14565) to work on /opt/airflow/dags/train_crowd_pred.py
[2025-07-21T13:36:55.697+0000] {processor.py:914} INFO - Processing file /opt/airflow/dags/train_crowd_pred.py for tasks to queue
[2025-07-21T13:36:55.699+0000] {logging_mixin.py:190} INFO - [2025-07-21T13:36:55.699+0000] {dagbag.py:588} INFO - Filling up the DagBag from /opt/airflow/dags/train_crowd_pred.py
[2025-07-21T13:36:58.992+0000] {processor.py:925} INFO - DAG(s) 'train_crowd_pred' retrieved from /opt/airflow/dags/train_crowd_pred.py
[2025-07-21T13:36:59.010+0000] {logging_mixin.py:190} INFO - [2025-07-21T13:36:59.009+0000] {dag.py:3239} INFO - Sync 1 DAGs
[2025-07-21T13:36:59.025+0000] {logging_mixin.py:190} INFO - [2025-07-21T13:36:59.025+0000] {dag.py:4180} INFO - Setting next_dagrun for train_crowd_pred to 2025-07-21 00:00:00+00:00, run_after=2025-07-22 00:00:00+00:00
[2025-07-21T13:36:59.039+0000] {processor.py:208} INFO - Processing /opt/airflow/dags/train_crowd_pred.py took 3.349 seconds
[2025-07-21T13:37:30.272+0000] {processor.py:186} INFO - Started process (PID=14669) to work on /opt/airflow/dags/train_crowd_pred.py
[2025-07-21T13:37:30.273+0000] {processor.py:914} INFO - Processing file /opt/airflow/dags/train_crowd_pred.py for tasks to queue
[2025-07-21T13:37:30.276+0000] {logging_mixin.py:190} INFO - [2025-07-21T13:37:30.276+0000] {dagbag.py:588} INFO - Filling up the DagBag from /opt/airflow/dags/train_crowd_pred.py
[2025-07-21T13:37:33.720+0000] {processor.py:925} INFO - DAG(s) 'train_crowd_pred' retrieved from /opt/airflow/dags/train_crowd_pred.py
[2025-07-21T13:37:33.738+0000] {logging_mixin.py:190} INFO - [2025-07-21T13:37:33.738+0000] {dag.py:3239} INFO - Sync 1 DAGs
[2025-07-21T13:37:33.755+0000] {logging_mixin.py:190} INFO - [2025-07-21T13:37:33.755+0000] {dag.py:4180} INFO - Setting next_dagrun for train_crowd_pred to 2025-07-21 00:00:00+00:00, run_after=2025-07-22 00:00:00+00:00
[2025-07-21T13:37:33.767+0000] {processor.py:208} INFO - Processing /opt/airflow/dags/train_crowd_pred.py took 3.501 seconds
[2025-07-21T13:38:05.773+0000] {processor.py:186} INFO - Started process (PID=14767) to work on /opt/airflow/dags/train_crowd_pred.py
[2025-07-21T13:38:05.774+0000] {processor.py:914} INFO - Processing file /opt/airflow/dags/train_crowd_pred.py for tasks to queue
[2025-07-21T13:38:05.776+0000] {logging_mixin.py:190} INFO - [2025-07-21T13:38:05.776+0000] {dagbag.py:588} INFO - Filling up the DagBag from /opt/airflow/dags/train_crowd_pred.py
[2025-07-21T13:38:08.997+0000] {processor.py:925} INFO - DAG(s) 'train_crowd_pred' retrieved from /opt/airflow/dags/train_crowd_pred.py
[2025-07-21T13:38:09.017+0000] {logging_mixin.py:190} INFO - [2025-07-21T13:38:09.016+0000] {dag.py:3239} INFO - Sync 1 DAGs
[2025-07-21T13:38:09.033+0000] {logging_mixin.py:190} INFO - [2025-07-21T13:38:09.033+0000] {dag.py:4180} INFO - Setting next_dagrun for train_crowd_pred to 2025-07-21 00:00:00+00:00, run_after=2025-07-22 00:00:00+00:00
[2025-07-21T13:38:09.047+0000] {processor.py:208} INFO - Processing /opt/airflow/dags/train_crowd_pred.py took 3.279 seconds
[2025-07-21T13:38:40.137+0000] {processor.py:186} INFO - Started process (PID=14865) to work on /opt/airflow/dags/train_crowd_pred.py
[2025-07-21T13:38:40.138+0000] {processor.py:914} INFO - Processing file /opt/airflow/dags/train_crowd_pred.py for tasks to queue
[2025-07-21T13:38:40.140+0000] {logging_mixin.py:190} INFO - [2025-07-21T13:38:40.140+0000] {dagbag.py:588} INFO - Filling up the DagBag from /opt/airflow/dags/train_crowd_pred.py
[2025-07-21T13:38:43.689+0000] {processor.py:925} INFO - DAG(s) 'train_crowd_pred' retrieved from /opt/airflow/dags/train_crowd_pred.py
[2025-07-21T13:38:43.711+0000] {logging_mixin.py:190} INFO - [2025-07-21T13:38:43.710+0000] {dag.py:3239} INFO - Sync 1 DAGs
[2025-07-21T13:38:43.731+0000] {logging_mixin.py:190} INFO - [2025-07-21T13:38:43.731+0000] {dag.py:4180} INFO - Setting next_dagrun for train_crowd_pred to 2025-07-21 00:00:00+00:00, run_after=2025-07-22 00:00:00+00:00
[2025-07-21T13:38:43.749+0000] {processor.py:208} INFO - Processing /opt/airflow/dags/train_crowd_pred.py took 3.619 seconds
[2025-07-21T13:39:15.663+0000] {processor.py:186} INFO - Started process (PID=14963) to work on /opt/airflow/dags/train_crowd_pred.py
[2025-07-21T13:39:15.664+0000] {processor.py:914} INFO - Processing file /opt/airflow/dags/train_crowd_pred.py for tasks to queue
[2025-07-21T13:39:15.666+0000] {logging_mixin.py:190} INFO - [2025-07-21T13:39:15.666+0000] {dagbag.py:588} INFO - Filling up the DagBag from /opt/airflow/dags/train_crowd_pred.py
[2025-07-21T13:39:19.233+0000] {processor.py:925} INFO - DAG(s) 'train_crowd_pred' retrieved from /opt/airflow/dags/train_crowd_pred.py
[2025-07-21T13:39:19.253+0000] {logging_mixin.py:190} INFO - [2025-07-21T13:39:19.252+0000] {dag.py:3239} INFO - Sync 1 DAGs
[2025-07-21T13:39:19.270+0000] {logging_mixin.py:190} INFO - [2025-07-21T13:39:19.270+0000] {dag.py:4180} INFO - Setting next_dagrun for train_crowd_pred to 2025-07-21 00:00:00+00:00, run_after=2025-07-22 00:00:00+00:00
[2025-07-21T13:39:19.288+0000] {processor.py:208} INFO - Processing /opt/airflow/dags/train_crowd_pred.py took 3.630 seconds
[2025-07-21T13:39:50.559+0000] {processor.py:186} INFO - Started process (PID=15061) to work on /opt/airflow/dags/train_crowd_pred.py
[2025-07-21T13:39:50.561+0000] {processor.py:914} INFO - Processing file /opt/airflow/dags/train_crowd_pred.py for tasks to queue
[2025-07-21T13:39:50.563+0000] {logging_mixin.py:190} INFO - [2025-07-21T13:39:50.563+0000] {dagbag.py:588} INFO - Filling up the DagBag from /opt/airflow/dags/train_crowd_pred.py
[2025-07-21T13:39:53.981+0000] {processor.py:925} INFO - DAG(s) 'train_crowd_pred' retrieved from /opt/airflow/dags/train_crowd_pred.py
[2025-07-21T13:39:54.024+0000] {logging_mixin.py:190} INFO - [2025-07-21T13:39:54.024+0000] {dag.py:3239} INFO - Sync 1 DAGs
[2025-07-21T13:39:54.056+0000] {logging_mixin.py:190} INFO - [2025-07-21T13:39:54.056+0000] {dag.py:4180} INFO - Setting next_dagrun for train_crowd_pred to 2025-07-21 00:00:00+00:00, run_after=2025-07-22 00:00:00+00:00
[2025-07-21T13:39:54.070+0000] {processor.py:208} INFO - Processing /opt/airflow/dags/train_crowd_pred.py took 3.516 seconds
[2025-07-21T13:40:25.333+0000] {processor.py:186} INFO - Started process (PID=15159) to work on /opt/airflow/dags/train_crowd_pred.py
[2025-07-21T13:40:25.334+0000] {processor.py:914} INFO - Processing file /opt/airflow/dags/train_crowd_pred.py for tasks to queue
[2025-07-21T13:40:25.336+0000] {logging_mixin.py:190} INFO - [2025-07-21T13:40:25.336+0000] {dagbag.py:588} INFO - Filling up the DagBag from /opt/airflow/dags/train_crowd_pred.py
[2025-07-21T13:40:28.857+0000] {processor.py:925} INFO - DAG(s) 'train_crowd_pred' retrieved from /opt/airflow/dags/train_crowd_pred.py
[2025-07-21T13:40:28.875+0000] {logging_mixin.py:190} INFO - [2025-07-21T13:40:28.875+0000] {dag.py:3239} INFO - Sync 1 DAGs
[2025-07-21T13:40:28.891+0000] {logging_mixin.py:190} INFO - [2025-07-21T13:40:28.891+0000] {dag.py:4180} INFO - Setting next_dagrun for train_crowd_pred to 2025-07-21 00:00:00+00:00, run_after=2025-07-22 00:00:00+00:00
[2025-07-21T13:40:28.906+0000] {processor.py:208} INFO - Processing /opt/airflow/dags/train_crowd_pred.py took 3.578 seconds
[2025-07-21T13:41:00.463+0000] {processor.py:186} INFO - Started process (PID=15263) to work on /opt/airflow/dags/train_crowd_pred.py
[2025-07-21T13:41:00.464+0000] {processor.py:914} INFO - Processing file /opt/airflow/dags/train_crowd_pred.py for tasks to queue
[2025-07-21T13:41:00.466+0000] {logging_mixin.py:190} INFO - [2025-07-21T13:41:00.466+0000] {dagbag.py:588} INFO - Filling up the DagBag from /opt/airflow/dags/train_crowd_pred.py
[2025-07-21T13:41:04.051+0000] {processor.py:925} INFO - DAG(s) 'train_crowd_pred' retrieved from /opt/airflow/dags/train_crowd_pred.py
[2025-07-21T13:41:04.072+0000] {logging_mixin.py:190} INFO - [2025-07-21T13:41:04.071+0000] {dag.py:3239} INFO - Sync 1 DAGs
[2025-07-21T13:41:04.088+0000] {logging_mixin.py:190} INFO - [2025-07-21T13:41:04.088+0000] {dag.py:4180} INFO - Setting next_dagrun for train_crowd_pred to 2025-07-21 00:00:00+00:00, run_after=2025-07-22 00:00:00+00:00
[2025-07-21T13:41:04.103+0000] {processor.py:208} INFO - Processing /opt/airflow/dags/train_crowd_pred.py took 3.646 seconds
[2025-07-21T13:41:35.884+0000] {processor.py:186} INFO - Started process (PID=15362) to work on /opt/airflow/dags/train_crowd_pred.py
[2025-07-21T13:41:35.885+0000] {processor.py:914} INFO - Processing file /opt/airflow/dags/train_crowd_pred.py for tasks to queue
[2025-07-21T13:41:35.888+0000] {logging_mixin.py:190} INFO - [2025-07-21T13:41:35.887+0000] {dagbag.py:588} INFO - Filling up the DagBag from /opt/airflow/dags/train_crowd_pred.py
[2025-07-21T13:41:39.550+0000] {processor.py:925} INFO - DAG(s) 'train_crowd_pred' retrieved from /opt/airflow/dags/train_crowd_pred.py
[2025-07-21T13:41:39.572+0000] {logging_mixin.py:190} INFO - [2025-07-21T13:41:39.571+0000] {dag.py:3239} INFO - Sync 1 DAGs
[2025-07-21T13:41:39.591+0000] {logging_mixin.py:190} INFO - [2025-07-21T13:41:39.591+0000] {dag.py:4180} INFO - Setting next_dagrun for train_crowd_pred to 2025-07-21 00:00:00+00:00, run_after=2025-07-22 00:00:00+00:00
[2025-07-21T13:41:39.606+0000] {processor.py:208} INFO - Processing /opt/airflow/dags/train_crowd_pred.py took 3.727 seconds
[2025-07-21T13:42:11.290+0000] {processor.py:186} INFO - Started process (PID=15463) to work on /opt/airflow/dags/train_crowd_pred.py
[2025-07-21T13:42:11.291+0000] {processor.py:914} INFO - Processing file /opt/airflow/dags/train_crowd_pred.py for tasks to queue
[2025-07-21T13:42:11.293+0000] {logging_mixin.py:190} INFO - [2025-07-21T13:42:11.292+0000] {dagbag.py:588} INFO - Filling up the DagBag from /opt/airflow/dags/train_crowd_pred.py
[2025-07-21T13:42:14.589+0000] {processor.py:925} INFO - DAG(s) 'train_crowd_pred' retrieved from /opt/airflow/dags/train_crowd_pred.py
[2025-07-21T13:42:14.610+0000] {logging_mixin.py:190} INFO - [2025-07-21T13:42:14.609+0000] {dag.py:3239} INFO - Sync 1 DAGs
[2025-07-21T13:42:14.632+0000] {logging_mixin.py:190} INFO - [2025-07-21T13:42:14.632+0000] {dag.py:4180} INFO - Setting next_dagrun for train_crowd_pred to 2025-07-21 00:00:00+00:00, run_after=2025-07-22 00:00:00+00:00
[2025-07-21T13:42:14.647+0000] {processor.py:208} INFO - Processing /opt/airflow/dags/train_crowd_pred.py took 3.365 seconds
[2025-07-21T13:42:45.875+0000] {processor.py:186} INFO - Started process (PID=15561) to work on /opt/airflow/dags/train_crowd_pred.py
[2025-07-21T13:42:45.876+0000] {processor.py:914} INFO - Processing file /opt/airflow/dags/train_crowd_pred.py for tasks to queue
[2025-07-21T13:42:45.878+0000] {logging_mixin.py:190} INFO - [2025-07-21T13:42:45.878+0000] {dagbag.py:588} INFO - Filling up the DagBag from /opt/airflow/dags/train_crowd_pred.py
[2025-07-21T13:42:49.278+0000] {processor.py:925} INFO - DAG(s) 'train_crowd_pred' retrieved from /opt/airflow/dags/train_crowd_pred.py
[2025-07-21T13:42:49.308+0000] {logging_mixin.py:190} INFO - [2025-07-21T13:42:49.306+0000] {dag.py:3239} INFO - Sync 1 DAGs
[2025-07-21T13:42:49.324+0000] {logging_mixin.py:190} INFO - [2025-07-21T13:42:49.323+0000] {dag.py:4180} INFO - Setting next_dagrun for train_crowd_pred to 2025-07-21 00:00:00+00:00, run_after=2025-07-22 00:00:00+00:00
[2025-07-21T13:42:49.341+0000] {processor.py:208} INFO - Processing /opt/airflow/dags/train_crowd_pred.py took 3.472 seconds
[2025-07-21T13:43:21.114+0000] {processor.py:186} INFO - Started process (PID=15659) to work on /opt/airflow/dags/train_crowd_pred.py
[2025-07-21T13:43:21.116+0000] {processor.py:914} INFO - Processing file /opt/airflow/dags/train_crowd_pred.py for tasks to queue
[2025-07-21T13:43:21.118+0000] {logging_mixin.py:190} INFO - [2025-07-21T13:43:21.118+0000] {dagbag.py:588} INFO - Filling up the DagBag from /opt/airflow/dags/train_crowd_pred.py
[2025-07-21T13:43:24.367+0000] {processor.py:925} INFO - DAG(s) 'train_crowd_pred' retrieved from /opt/airflow/dags/train_crowd_pred.py
[2025-07-21T13:43:24.386+0000] {logging_mixin.py:190} INFO - [2025-07-21T13:43:24.385+0000] {dag.py:3239} INFO - Sync 1 DAGs
[2025-07-21T13:43:24.402+0000] {logging_mixin.py:190} INFO - [2025-07-21T13:43:24.402+0000] {dag.py:4180} INFO - Setting next_dagrun for train_crowd_pred to 2025-07-21 00:00:00+00:00, run_after=2025-07-22 00:00:00+00:00
[2025-07-21T13:43:24.418+0000] {processor.py:208} INFO - Processing /opt/airflow/dags/train_crowd_pred.py took 3.311 seconds
[2025-07-21T13:43:56.297+0000] {processor.py:186} INFO - Started process (PID=15757) to work on /opt/airflow/dags/train_crowd_pred.py
[2025-07-21T13:43:56.298+0000] {processor.py:914} INFO - Processing file /opt/airflow/dags/train_crowd_pred.py for tasks to queue
[2025-07-21T13:43:56.301+0000] {logging_mixin.py:190} INFO - [2025-07-21T13:43:56.300+0000] {dagbag.py:588} INFO - Filling up the DagBag from /opt/airflow/dags/train_crowd_pred.py
[2025-07-21T13:43:59.646+0000] {processor.py:925} INFO - DAG(s) 'train_crowd_pred' retrieved from /opt/airflow/dags/train_crowd_pred.py
[2025-07-21T13:43:59.667+0000] {logging_mixin.py:190} INFO - [2025-07-21T13:43:59.667+0000] {dag.py:3239} INFO - Sync 1 DAGs
[2025-07-21T13:43:59.685+0000] {logging_mixin.py:190} INFO - [2025-07-21T13:43:59.685+0000] {dag.py:4180} INFO - Setting next_dagrun for train_crowd_pred to 2025-07-21 00:00:00+00:00, run_after=2025-07-22 00:00:00+00:00
[2025-07-21T13:43:59.702+0000] {processor.py:208} INFO - Processing /opt/airflow/dags/train_crowd_pred.py took 3.410 seconds
[2025-07-21T13:44:31.519+0000] {processor.py:186} INFO - Started process (PID=15861) to work on /opt/airflow/dags/train_crowd_pred.py
[2025-07-21T13:44:31.520+0000] {processor.py:914} INFO - Processing file /opt/airflow/dags/train_crowd_pred.py for tasks to queue
[2025-07-21T13:44:31.522+0000] {logging_mixin.py:190} INFO - [2025-07-21T13:44:31.522+0000] {dagbag.py:588} INFO - Filling up the DagBag from /opt/airflow/dags/train_crowd_pred.py
[2025-07-21T13:44:34.814+0000] {processor.py:925} INFO - DAG(s) 'train_crowd_pred' retrieved from /opt/airflow/dags/train_crowd_pred.py
[2025-07-21T13:44:34.835+0000] {logging_mixin.py:190} INFO - [2025-07-21T13:44:34.834+0000] {dag.py:3239} INFO - Sync 1 DAGs
[2025-07-21T13:44:34.854+0000] {logging_mixin.py:190} INFO - [2025-07-21T13:44:34.854+0000] {dag.py:4180} INFO - Setting next_dagrun for train_crowd_pred to 2025-07-21 00:00:00+00:00, run_after=2025-07-22 00:00:00+00:00
[2025-07-21T13:44:34.868+0000] {processor.py:208} INFO - Processing /opt/airflow/dags/train_crowd_pred.py took 3.356 seconds
[2025-07-21T13:45:05.918+0000] {processor.py:186} INFO - Started process (PID=15959) to work on /opt/airflow/dags/train_crowd_pred.py
[2025-07-21T13:45:05.919+0000] {processor.py:914} INFO - Processing file /opt/airflow/dags/train_crowd_pred.py for tasks to queue
[2025-07-21T13:45:05.922+0000] {logging_mixin.py:190} INFO - [2025-07-21T13:45:05.922+0000] {dagbag.py:588} INFO - Filling up the DagBag from /opt/airflow/dags/train_crowd_pred.py
[2025-07-21T13:45:09.282+0000] {processor.py:925} INFO - DAG(s) 'train_crowd_pred' retrieved from /opt/airflow/dags/train_crowd_pred.py
[2025-07-21T13:45:09.306+0000] {logging_mixin.py:190} INFO - [2025-07-21T13:45:09.305+0000] {dag.py:3239} INFO - Sync 1 DAGs
[2025-07-21T13:45:09.324+0000] {logging_mixin.py:190} INFO - [2025-07-21T13:45:09.324+0000] {dag.py:4180} INFO - Setting next_dagrun for train_crowd_pred to 2025-07-21 00:00:00+00:00, run_after=2025-07-22 00:00:00+00:00
[2025-07-21T13:45:09.338+0000] {processor.py:208} INFO - Processing /opt/airflow/dags/train_crowd_pred.py took 3.428 seconds
[2025-07-21T13:45:40.725+0000] {processor.py:186} INFO - Started process (PID=16054) to work on /opt/airflow/dags/train_crowd_pred.py
[2025-07-21T13:45:40.726+0000] {processor.py:914} INFO - Processing file /opt/airflow/dags/train_crowd_pred.py for tasks to queue
[2025-07-21T13:45:40.729+0000] {logging_mixin.py:190} INFO - [2025-07-21T13:45:40.729+0000] {dagbag.py:588} INFO - Filling up the DagBag from /opt/airflow/dags/train_crowd_pred.py
[2025-07-21T13:45:44.092+0000] {processor.py:925} INFO - DAG(s) 'train_crowd_pred' retrieved from /opt/airflow/dags/train_crowd_pred.py
[2025-07-21T13:45:44.113+0000] {logging_mixin.py:190} INFO - [2025-07-21T13:45:44.113+0000] {dag.py:3239} INFO - Sync 1 DAGs
[2025-07-21T13:45:44.133+0000] {logging_mixin.py:190} INFO - [2025-07-21T13:45:44.133+0000] {dag.py:4180} INFO - Setting next_dagrun for train_crowd_pred to 2025-07-21 00:00:00+00:00, run_after=2025-07-22 00:00:00+00:00
[2025-07-21T13:45:44.148+0000] {processor.py:208} INFO - Processing /opt/airflow/dags/train_crowd_pred.py took 3.432 seconds
[2025-07-21T13:46:15.421+0000] {processor.py:186} INFO - Started process (PID=16152) to work on /opt/airflow/dags/train_crowd_pred.py
[2025-07-21T13:46:15.423+0000] {processor.py:914} INFO - Processing file /opt/airflow/dags/train_crowd_pred.py for tasks to queue
[2025-07-21T13:46:15.426+0000] {logging_mixin.py:190} INFO - [2025-07-21T13:46:15.426+0000] {dagbag.py:588} INFO - Filling up the DagBag from /opt/airflow/dags/train_crowd_pred.py
[2025-07-21T13:46:19.163+0000] {processor.py:925} INFO - DAG(s) 'train_crowd_pred' retrieved from /opt/airflow/dags/train_crowd_pred.py
[2025-07-21T13:46:19.186+0000] {logging_mixin.py:190} INFO - [2025-07-21T13:46:19.185+0000] {dag.py:3239} INFO - Sync 1 DAGs
[2025-07-21T13:46:19.206+0000] {logging_mixin.py:190} INFO - [2025-07-21T13:46:19.206+0000] {dag.py:4180} INFO - Setting next_dagrun for train_crowd_pred to 2025-07-21 00:00:00+00:00, run_after=2025-07-22 00:00:00+00:00
[2025-07-21T13:46:19.223+0000] {processor.py:208} INFO - Processing /opt/airflow/dags/train_crowd_pred.py took 3.809 seconds
[2025-07-21T13:46:50.301+0000] {processor.py:186} INFO - Started process (PID=16250) to work on /opt/airflow/dags/train_crowd_pred.py
[2025-07-21T13:46:50.303+0000] {processor.py:914} INFO - Processing file /opt/airflow/dags/train_crowd_pred.py for tasks to queue
[2025-07-21T13:46:50.305+0000] {logging_mixin.py:190} INFO - [2025-07-21T13:46:50.305+0000] {dagbag.py:588} INFO - Filling up the DagBag from /opt/airflow/dags/train_crowd_pred.py
[2025-07-21T13:46:53.666+0000] {processor.py:925} INFO - DAG(s) 'train_crowd_pred' retrieved from /opt/airflow/dags/train_crowd_pred.py
[2025-07-21T13:46:53.687+0000] {logging_mixin.py:190} INFO - [2025-07-21T13:46:53.686+0000] {dag.py:3239} INFO - Sync 1 DAGs
[2025-07-21T13:46:53.707+0000] {logging_mixin.py:190} INFO - [2025-07-21T13:46:53.707+0000] {dag.py:4180} INFO - Setting next_dagrun for train_crowd_pred to 2025-07-21 00:00:00+00:00, run_after=2025-07-22 00:00:00+00:00
[2025-07-21T13:46:53.721+0000] {processor.py:208} INFO - Processing /opt/airflow/dags/train_crowd_pred.py took 3.428 seconds
[2025-07-21T13:47:24.773+0000] {processor.py:186} INFO - Started process (PID=16347) to work on /opt/airflow/dags/train_crowd_pred.py
[2025-07-21T13:47:24.774+0000] {processor.py:914} INFO - Processing file /opt/airflow/dags/train_crowd_pred.py for tasks to queue
[2025-07-21T13:47:24.777+0000] {logging_mixin.py:190} INFO - [2025-07-21T13:47:24.776+0000] {dagbag.py:588} INFO - Filling up the DagBag from /opt/airflow/dags/train_crowd_pred.py
[2025-07-21T13:47:28.358+0000] {processor.py:925} INFO - DAG(s) 'train_crowd_pred' retrieved from /opt/airflow/dags/train_crowd_pred.py
[2025-07-21T13:47:28.379+0000] {logging_mixin.py:190} INFO - [2025-07-21T13:47:28.379+0000] {dag.py:3239} INFO - Sync 1 DAGs
[2025-07-21T13:47:28.398+0000] {logging_mixin.py:190} INFO - [2025-07-21T13:47:28.397+0000] {dag.py:4180} INFO - Setting next_dagrun for train_crowd_pred to 2025-07-21 00:00:00+00:00, run_after=2025-07-22 00:00:00+00:00
[2025-07-21T13:47:28.412+0000] {processor.py:208} INFO - Processing /opt/airflow/dags/train_crowd_pred.py took 3.644 seconds
[2025-07-21T13:47:59.584+0000] {processor.py:186} INFO - Started process (PID=16451) to work on /opt/airflow/dags/train_crowd_pred.py
[2025-07-21T13:47:59.585+0000] {processor.py:914} INFO - Processing file /opt/airflow/dags/train_crowd_pred.py for tasks to queue
[2025-07-21T13:47:59.588+0000] {logging_mixin.py:190} INFO - [2025-07-21T13:47:59.588+0000] {dagbag.py:588} INFO - Filling up the DagBag from /opt/airflow/dags/train_crowd_pred.py
[2025-07-21T13:48:02.932+0000] {processor.py:925} INFO - DAG(s) 'train_crowd_pred' retrieved from /opt/airflow/dags/train_crowd_pred.py
[2025-07-21T13:48:02.952+0000] {logging_mixin.py:190} INFO - [2025-07-21T13:48:02.952+0000] {dag.py:3239} INFO - Sync 1 DAGs
[2025-07-21T13:48:02.969+0000] {logging_mixin.py:190} INFO - [2025-07-21T13:48:02.969+0000] {dag.py:4180} INFO - Setting next_dagrun for train_crowd_pred to 2025-07-21 00:00:00+00:00, run_after=2025-07-22 00:00:00+00:00
[2025-07-21T13:48:02.983+0000] {processor.py:208} INFO - Processing /opt/airflow/dags/train_crowd_pred.py took 3.406 seconds
[2025-07-21T13:48:34.785+0000] {processor.py:186} INFO - Started process (PID=16549) to work on /opt/airflow/dags/train_crowd_pred.py
[2025-07-21T13:48:34.787+0000] {processor.py:914} INFO - Processing file /opt/airflow/dags/train_crowd_pred.py for tasks to queue
[2025-07-21T13:48:34.790+0000] {logging_mixin.py:190} INFO - [2025-07-21T13:48:34.790+0000] {dagbag.py:588} INFO - Filling up the DagBag from /opt/airflow/dags/train_crowd_pred.py
[2025-07-21T13:48:38.279+0000] {processor.py:925} INFO - DAG(s) 'train_crowd_pred' retrieved from /opt/airflow/dags/train_crowd_pred.py
[2025-07-21T13:48:38.299+0000] {logging_mixin.py:190} INFO - [2025-07-21T13:48:38.299+0000] {dag.py:3239} INFO - Sync 1 DAGs
[2025-07-21T13:48:38.317+0000] {logging_mixin.py:190} INFO - [2025-07-21T13:48:38.317+0000] {dag.py:4180} INFO - Setting next_dagrun for train_crowd_pred to 2025-07-21 00:00:00+00:00, run_after=2025-07-22 00:00:00+00:00
[2025-07-21T13:48:38.331+0000] {processor.py:208} INFO - Processing /opt/airflow/dags/train_crowd_pred.py took 3.553 seconds
[2025-07-21T13:49:09.770+0000] {processor.py:186} INFO - Started process (PID=16647) to work on /opt/airflow/dags/train_crowd_pred.py
[2025-07-21T13:49:09.771+0000] {processor.py:914} INFO - Processing file /opt/airflow/dags/train_crowd_pred.py for tasks to queue
[2025-07-21T13:49:09.773+0000] {logging_mixin.py:190} INFO - [2025-07-21T13:49:09.773+0000] {dagbag.py:588} INFO - Filling up the DagBag from /opt/airflow/dags/train_crowd_pred.py
[2025-07-21T13:49:13.072+0000] {processor.py:925} INFO - DAG(s) 'train_crowd_pred' retrieved from /opt/airflow/dags/train_crowd_pred.py
[2025-07-21T13:49:13.092+0000] {logging_mixin.py:190} INFO - [2025-07-21T13:49:13.090+0000] {dag.py:3239} INFO - Sync 1 DAGs
[2025-07-21T13:49:13.107+0000] {logging_mixin.py:190} INFO - [2025-07-21T13:49:13.107+0000] {dag.py:4180} INFO - Setting next_dagrun for train_crowd_pred to 2025-07-21 00:00:00+00:00, run_after=2025-07-22 00:00:00+00:00
[2025-07-21T13:49:13.120+0000] {processor.py:208} INFO - Processing /opt/airflow/dags/train_crowd_pred.py took 3.357 seconds
[2025-07-21T13:49:44.418+0000] {processor.py:186} INFO - Started process (PID=16745) to work on /opt/airflow/dags/train_crowd_pred.py
[2025-07-21T13:49:44.420+0000] {processor.py:914} INFO - Processing file /opt/airflow/dags/train_crowd_pred.py for tasks to queue
[2025-07-21T13:49:44.423+0000] {logging_mixin.py:190} INFO - [2025-07-21T13:49:44.423+0000] {dagbag.py:588} INFO - Filling up the DagBag from /opt/airflow/dags/train_crowd_pred.py
[2025-07-21T13:49:48.037+0000] {processor.py:925} INFO - DAG(s) 'train_crowd_pred' retrieved from /opt/airflow/dags/train_crowd_pred.py
[2025-07-21T13:49:48.061+0000] {logging_mixin.py:190} INFO - [2025-07-21T13:49:48.061+0000] {dag.py:3239} INFO - Sync 1 DAGs
[2025-07-21T13:49:48.080+0000] {logging_mixin.py:190} INFO - [2025-07-21T13:49:48.080+0000] {dag.py:4180} INFO - Setting next_dagrun for train_crowd_pred to 2025-07-21 00:00:00+00:00, run_after=2025-07-22 00:00:00+00:00
[2025-07-21T13:49:48.101+0000] {processor.py:208} INFO - Processing /opt/airflow/dags/train_crowd_pred.py took 3.692 seconds
[2025-07-21T13:50:19.300+0000] {processor.py:186} INFO - Started process (PID=16843) to work on /opt/airflow/dags/train_crowd_pred.py
[2025-07-21T13:50:19.301+0000] {processor.py:914} INFO - Processing file /opt/airflow/dags/train_crowd_pred.py for tasks to queue
[2025-07-21T13:50:19.303+0000] {logging_mixin.py:190} INFO - [2025-07-21T13:50:19.303+0000] {dagbag.py:588} INFO - Filling up the DagBag from /opt/airflow/dags/train_crowd_pred.py
[2025-07-21T13:50:22.936+0000] {processor.py:925} INFO - DAG(s) 'train_crowd_pred' retrieved from /opt/airflow/dags/train_crowd_pred.py
[2025-07-21T13:50:22.958+0000] {logging_mixin.py:190} INFO - [2025-07-21T13:50:22.957+0000] {dag.py:3239} INFO - Sync 1 DAGs
[2025-07-21T13:50:22.974+0000] {logging_mixin.py:190} INFO - [2025-07-21T13:50:22.974+0000] {dag.py:4180} INFO - Setting next_dagrun for train_crowd_pred to 2025-07-21 00:00:00+00:00, run_after=2025-07-22 00:00:00+00:00
[2025-07-21T13:50:22.989+0000] {processor.py:208} INFO - Processing /opt/airflow/dags/train_crowd_pred.py took 3.695 seconds
[2025-07-21T13:50:54.272+0000] {processor.py:186} INFO - Started process (PID=16941) to work on /opt/airflow/dags/train_crowd_pred.py
[2025-07-21T13:50:54.273+0000] {processor.py:914} INFO - Processing file /opt/airflow/dags/train_crowd_pred.py for tasks to queue
[2025-07-21T13:50:54.276+0000] {logging_mixin.py:190} INFO - [2025-07-21T13:50:54.276+0000] {dagbag.py:588} INFO - Filling up the DagBag from /opt/airflow/dags/train_crowd_pred.py
[2025-07-21T13:50:58.013+0000] {processor.py:925} INFO - DAG(s) 'train_crowd_pred' retrieved from /opt/airflow/dags/train_crowd_pred.py
[2025-07-21T13:50:58.037+0000] {logging_mixin.py:190} INFO - [2025-07-21T13:50:58.037+0000] {dag.py:3239} INFO - Sync 1 DAGs
[2025-07-21T13:50:58.058+0000] {logging_mixin.py:190} INFO - [2025-07-21T13:50:58.058+0000] {dag.py:4180} INFO - Setting next_dagrun for train_crowd_pred to 2025-07-21 00:00:00+00:00, run_after=2025-07-22 00:00:00+00:00
[2025-07-21T13:50:58.074+0000] {processor.py:208} INFO - Processing /opt/airflow/dags/train_crowd_pred.py took 3.810 seconds
[2025-07-21T13:51:29.979+0000] {processor.py:186} INFO - Started process (PID=17045) to work on /opt/airflow/dags/train_crowd_pred.py
[2025-07-21T13:51:29.980+0000] {processor.py:914} INFO - Processing file /opt/airflow/dags/train_crowd_pred.py for tasks to queue
[2025-07-21T13:51:29.983+0000] {logging_mixin.py:190} INFO - [2025-07-21T13:51:29.982+0000] {dagbag.py:588} INFO - Filling up the DagBag from /opt/airflow/dags/train_crowd_pred.py
[2025-07-21T13:51:33.476+0000] {processor.py:925} INFO - DAG(s) 'train_crowd_pred' retrieved from /opt/airflow/dags/train_crowd_pred.py
[2025-07-21T13:51:33.496+0000] {logging_mixin.py:190} INFO - [2025-07-21T13:51:33.495+0000] {dag.py:3239} INFO - Sync 1 DAGs
[2025-07-21T13:51:33.512+0000] {logging_mixin.py:190} INFO - [2025-07-21T13:51:33.512+0000] {dag.py:4180} INFO - Setting next_dagrun for train_crowd_pred to 2025-07-21 00:00:00+00:00, run_after=2025-07-22 00:00:00+00:00
[2025-07-21T13:51:33.526+0000] {processor.py:208} INFO - Processing /opt/airflow/dags/train_crowd_pred.py took 3.553 seconds
[2025-07-21T13:52:04.850+0000] {processor.py:186} INFO - Started process (PID=17143) to work on /opt/airflow/dags/train_crowd_pred.py
[2025-07-21T13:52:04.851+0000] {processor.py:914} INFO - Processing file /opt/airflow/dags/train_crowd_pred.py for tasks to queue
[2025-07-21T13:52:04.854+0000] {logging_mixin.py:190} INFO - [2025-07-21T13:52:04.853+0000] {dagbag.py:588} INFO - Filling up the DagBag from /opt/airflow/dags/train_crowd_pred.py
[2025-07-21T13:52:08.434+0000] {processor.py:925} INFO - DAG(s) 'train_crowd_pred' retrieved from /opt/airflow/dags/train_crowd_pred.py
[2025-07-21T13:52:08.453+0000] {logging_mixin.py:190} INFO - [2025-07-21T13:52:08.453+0000] {dag.py:3239} INFO - Sync 1 DAGs
[2025-07-21T13:52:08.471+0000] {logging_mixin.py:190} INFO - [2025-07-21T13:52:08.471+0000] {dag.py:4180} INFO - Setting next_dagrun for train_crowd_pred to 2025-07-21 00:00:00+00:00, run_after=2025-07-22 00:00:00+00:00
[2025-07-21T13:52:08.485+0000] {processor.py:208} INFO - Processing /opt/airflow/dags/train_crowd_pred.py took 3.641 seconds
[2025-07-21T13:52:39.587+0000] {processor.py:186} INFO - Started process (PID=17241) to work on /opt/airflow/dags/train_crowd_pred.py
[2025-07-21T13:52:39.588+0000] {processor.py:914} INFO - Processing file /opt/airflow/dags/train_crowd_pred.py for tasks to queue
[2025-07-21T13:52:39.589+0000] {logging_mixin.py:190} INFO - [2025-07-21T13:52:39.589+0000] {dagbag.py:588} INFO - Filling up the DagBag from /opt/airflow/dags/train_crowd_pred.py
[2025-07-21T13:52:43.244+0000] {processor.py:925} INFO - DAG(s) 'train_crowd_pred' retrieved from /opt/airflow/dags/train_crowd_pred.py
[2025-07-21T13:52:43.264+0000] {logging_mixin.py:190} INFO - [2025-07-21T13:52:43.264+0000] {dag.py:3239} INFO - Sync 1 DAGs
[2025-07-21T13:52:43.280+0000] {logging_mixin.py:190} INFO - [2025-07-21T13:52:43.280+0000] {dag.py:4180} INFO - Setting next_dagrun for train_crowd_pred to 2025-07-21 00:00:00+00:00, run_after=2025-07-22 00:00:00+00:00
[2025-07-21T13:52:43.295+0000] {processor.py:208} INFO - Processing /opt/airflow/dags/train_crowd_pred.py took 3.715 seconds
[2025-07-21T13:53:14.400+0000] {processor.py:186} INFO - Started process (PID=17339) to work on /opt/airflow/dags/train_crowd_pred.py
[2025-07-21T13:53:14.402+0000] {processor.py:914} INFO - Processing file /opt/airflow/dags/train_crowd_pred.py for tasks to queue
[2025-07-21T13:53:14.404+0000] {logging_mixin.py:190} INFO - [2025-07-21T13:53:14.404+0000] {dagbag.py:588} INFO - Filling up the DagBag from /opt/airflow/dags/train_crowd_pred.py
[2025-07-21T13:53:18.308+0000] {processor.py:925} INFO - DAG(s) 'train_crowd_pred' retrieved from /opt/airflow/dags/train_crowd_pred.py
[2025-07-21T13:53:18.335+0000] {logging_mixin.py:190} INFO - [2025-07-21T13:53:18.334+0000] {dag.py:3239} INFO - Sync 1 DAGs
[2025-07-21T13:53:18.360+0000] {logging_mixin.py:190} INFO - [2025-07-21T13:53:18.360+0000] {dag.py:4180} INFO - Setting next_dagrun for train_crowd_pred to 2025-07-21 00:00:00+00:00, run_after=2025-07-22 00:00:00+00:00
[2025-07-21T13:53:18.382+0000] {processor.py:208} INFO - Processing /opt/airflow/dags/train_crowd_pred.py took 3.989 seconds
[2025-07-21T13:53:49.624+0000] {processor.py:186} INFO - Started process (PID=17437) to work on /opt/airflow/dags/train_crowd_pred.py
[2025-07-21T13:53:49.625+0000] {processor.py:914} INFO - Processing file /opt/airflow/dags/train_crowd_pred.py for tasks to queue
[2025-07-21T13:53:49.627+0000] {logging_mixin.py:190} INFO - [2025-07-21T13:53:49.627+0000] {dagbag.py:588} INFO - Filling up the DagBag from /opt/airflow/dags/train_crowd_pred.py
[2025-07-21T13:53:53.158+0000] {processor.py:925} INFO - DAG(s) 'train_crowd_pred' retrieved from /opt/airflow/dags/train_crowd_pred.py
[2025-07-21T13:53:53.180+0000] {logging_mixin.py:190} INFO - [2025-07-21T13:53:53.180+0000] {dag.py:3239} INFO - Sync 1 DAGs
[2025-07-21T13:53:53.199+0000] {logging_mixin.py:190} INFO - [2025-07-21T13:53:53.199+0000] {dag.py:4180} INFO - Setting next_dagrun for train_crowd_pred to 2025-07-21 00:00:00+00:00, run_after=2025-07-22 00:00:00+00:00
[2025-07-21T13:53:53.219+0000] {processor.py:208} INFO - Processing /opt/airflow/dags/train_crowd_pred.py took 3.601 seconds
[2025-07-21T13:54:24.892+0000] {processor.py:186} INFO - Started process (PID=17535) to work on /opt/airflow/dags/train_crowd_pred.py
[2025-07-21T13:54:24.893+0000] {processor.py:914} INFO - Processing file /opt/airflow/dags/train_crowd_pred.py for tasks to queue
[2025-07-21T13:54:24.896+0000] {logging_mixin.py:190} INFO - [2025-07-21T13:54:24.896+0000] {dagbag.py:588} INFO - Filling up the DagBag from /opt/airflow/dags/train_crowd_pred.py
[2025-07-21T13:54:28.611+0000] {processor.py:925} INFO - DAG(s) 'train_crowd_pred' retrieved from /opt/airflow/dags/train_crowd_pred.py
[2025-07-21T13:54:28.635+0000] {logging_mixin.py:190} INFO - [2025-07-21T13:54:28.635+0000] {dag.py:3239} INFO - Sync 1 DAGs
[2025-07-21T13:54:28.657+0000] {logging_mixin.py:190} INFO - [2025-07-21T13:54:28.657+0000] {dag.py:4180} INFO - Setting next_dagrun for train_crowd_pred to 2025-07-21 00:00:00+00:00, run_after=2025-07-22 00:00:00+00:00
[2025-07-21T13:54:28.674+0000] {processor.py:208} INFO - Processing /opt/airflow/dags/train_crowd_pred.py took 3.789 seconds
[2025-07-21T13:54:59.763+0000] {processor.py:186} INFO - Started process (PID=17639) to work on /opt/airflow/dags/train_crowd_pred.py
[2025-07-21T13:54:59.764+0000] {processor.py:914} INFO - Processing file /opt/airflow/dags/train_crowd_pred.py for tasks to queue
[2025-07-21T13:54:59.766+0000] {logging_mixin.py:190} INFO - [2025-07-21T13:54:59.766+0000] {dagbag.py:588} INFO - Filling up the DagBag from /opt/airflow/dags/train_crowd_pred.py
[2025-07-21T13:55:03.202+0000] {processor.py:925} INFO - DAG(s) 'train_crowd_pred' retrieved from /opt/airflow/dags/train_crowd_pred.py
[2025-07-21T13:55:03.224+0000] {logging_mixin.py:190} INFO - [2025-07-21T13:55:03.223+0000] {dag.py:3239} INFO - Sync 1 DAGs
[2025-07-21T13:55:03.241+0000] {logging_mixin.py:190} INFO - [2025-07-21T13:55:03.241+0000] {dag.py:4180} INFO - Setting next_dagrun for train_crowd_pred to 2025-07-21 00:00:00+00:00, run_after=2025-07-22 00:00:00+00:00
[2025-07-21T13:55:03.257+0000] {processor.py:208} INFO - Processing /opt/airflow/dags/train_crowd_pred.py took 3.500 seconds
[2025-07-21T13:55:34.553+0000] {processor.py:186} INFO - Started process (PID=17737) to work on /opt/airflow/dags/train_crowd_pred.py
[2025-07-21T13:55:34.555+0000] {processor.py:914} INFO - Processing file /opt/airflow/dags/train_crowd_pred.py for tasks to queue
[2025-07-21T13:55:34.557+0000] {logging_mixin.py:190} INFO - [2025-07-21T13:55:34.557+0000] {dagbag.py:588} INFO - Filling up the DagBag from /opt/airflow/dags/train_crowd_pred.py
[2025-07-21T13:55:38.089+0000] {processor.py:925} INFO - DAG(s) 'train_crowd_pred' retrieved from /opt/airflow/dags/train_crowd_pred.py
[2025-07-21T13:55:38.110+0000] {logging_mixin.py:190} INFO - [2025-07-21T13:55:38.110+0000] {dag.py:3239} INFO - Sync 1 DAGs
[2025-07-21T13:55:38.130+0000] {logging_mixin.py:190} INFO - [2025-07-21T13:55:38.130+0000] {dag.py:4180} INFO - Setting next_dagrun for train_crowd_pred to 2025-07-21 00:00:00+00:00, run_after=2025-07-22 00:00:00+00:00
[2025-07-21T13:55:38.147+0000] {processor.py:208} INFO - Processing /opt/airflow/dags/train_crowd_pred.py took 3.600 seconds
[2025-07-21T13:56:09.986+0000] {processor.py:186} INFO - Started process (PID=17835) to work on /opt/airflow/dags/train_crowd_pred.py
[2025-07-21T13:56:09.987+0000] {processor.py:914} INFO - Processing file /opt/airflow/dags/train_crowd_pred.py for tasks to queue
[2025-07-21T13:56:09.990+0000] {logging_mixin.py:190} INFO - [2025-07-21T13:56:09.989+0000] {dagbag.py:588} INFO - Filling up the DagBag from /opt/airflow/dags/train_crowd_pred.py
[2025-07-21T13:56:13.445+0000] {processor.py:925} INFO - DAG(s) 'train_crowd_pred' retrieved from /opt/airflow/dags/train_crowd_pred.py
[2025-07-21T13:56:13.466+0000] {logging_mixin.py:190} INFO - [2025-07-21T13:56:13.465+0000] {dag.py:3239} INFO - Sync 1 DAGs
[2025-07-21T13:56:13.484+0000] {logging_mixin.py:190} INFO - [2025-07-21T13:56:13.484+0000] {dag.py:4180} INFO - Setting next_dagrun for train_crowd_pred to 2025-07-21 00:00:00+00:00, run_after=2025-07-22 00:00:00+00:00
[2025-07-21T13:56:13.501+0000] {processor.py:208} INFO - Processing /opt/airflow/dags/train_crowd_pred.py took 3.522 seconds
[2025-07-21T13:56:44.996+0000] {processor.py:186} INFO - Started process (PID=17933) to work on /opt/airflow/dags/train_crowd_pred.py
[2025-07-21T13:56:44.997+0000] {processor.py:914} INFO - Processing file /opt/airflow/dags/train_crowd_pred.py for tasks to queue
[2025-07-21T13:56:44.999+0000] {logging_mixin.py:190} INFO - [2025-07-21T13:56:44.999+0000] {dagbag.py:588} INFO - Filling up the DagBag from /opt/airflow/dags/train_crowd_pred.py
[2025-07-21T13:56:48.720+0000] {processor.py:925} INFO - DAG(s) 'train_crowd_pred' retrieved from /opt/airflow/dags/train_crowd_pred.py
[2025-07-21T13:56:48.743+0000] {logging_mixin.py:190} INFO - [2025-07-21T13:56:48.742+0000] {dag.py:3239} INFO - Sync 1 DAGs
[2025-07-21T13:56:48.764+0000] {logging_mixin.py:190} INFO - [2025-07-21T13:56:48.763+0000] {dag.py:4180} INFO - Setting next_dagrun for train_crowd_pred to 2025-07-21 00:00:00+00:00, run_after=2025-07-22 00:00:00+00:00
[2025-07-21T13:56:48.780+0000] {processor.py:208} INFO - Processing /opt/airflow/dags/train_crowd_pred.py took 3.790 seconds
[2025-07-21T13:57:20.260+0000] {processor.py:186} INFO - Started process (PID=18031) to work on /opt/airflow/dags/train_crowd_pred.py
[2025-07-21T13:57:20.261+0000] {processor.py:914} INFO - Processing file /opt/airflow/dags/train_crowd_pred.py for tasks to queue
[2025-07-21T13:57:20.264+0000] {logging_mixin.py:190} INFO - [2025-07-21T13:57:20.263+0000] {dagbag.py:588} INFO - Filling up the DagBag from /opt/airflow/dags/train_crowd_pred.py
[2025-07-21T13:57:23.915+0000] {processor.py:925} INFO - DAG(s) 'train_crowd_pred' retrieved from /opt/airflow/dags/train_crowd_pred.py
[2025-07-21T13:57:23.935+0000] {logging_mixin.py:190} INFO - [2025-07-21T13:57:23.935+0000] {dag.py:3239} INFO - Sync 1 DAGs
[2025-07-21T13:57:23.955+0000] {logging_mixin.py:190} INFO - [2025-07-21T13:57:23.955+0000] {dag.py:4180} INFO - Setting next_dagrun for train_crowd_pred to 2025-07-21 00:00:00+00:00, run_after=2025-07-22 00:00:00+00:00
[2025-07-21T13:57:23.970+0000] {processor.py:208} INFO - Processing /opt/airflow/dags/train_crowd_pred.py took 3.716 seconds
[2025-07-21T13:57:55.161+0000] {processor.py:186} INFO - Started process (PID=18114) to work on /opt/airflow/dags/train_crowd_pred.py
[2025-07-21T13:57:55.162+0000] {processor.py:914} INFO - Processing file /opt/airflow/dags/train_crowd_pred.py for tasks to queue
[2025-07-21T13:57:55.165+0000] {logging_mixin.py:190} INFO - [2025-07-21T13:57:55.164+0000] {dagbag.py:588} INFO - Filling up the DagBag from /opt/airflow/dags/train_crowd_pred.py
[2025-07-21T13:57:58.954+0000] {processor.py:925} INFO - DAG(s) 'train_crowd_pred' retrieved from /opt/airflow/dags/train_crowd_pred.py
[2025-07-21T13:57:58.976+0000] {logging_mixin.py:190} INFO - [2025-07-21T13:57:58.976+0000] {dag.py:3239} INFO - Sync 1 DAGs
[2025-07-21T13:57:58.995+0000] {logging_mixin.py:190} INFO - [2025-07-21T13:57:58.995+0000] {dag.py:4180} INFO - Setting next_dagrun for train_crowd_pred to 2025-07-21 00:00:00+00:00, run_after=2025-07-22 00:00:00+00:00
[2025-07-21T13:57:59.011+0000] {processor.py:208} INFO - Processing /opt/airflow/dags/train_crowd_pred.py took 3.858 seconds
[2025-07-21T13:58:30.580+0000] {processor.py:186} INFO - Started process (PID=18233) to work on /opt/airflow/dags/train_crowd_pred.py
[2025-07-21T13:58:30.581+0000] {processor.py:914} INFO - Processing file /opt/airflow/dags/train_crowd_pred.py for tasks to queue
[2025-07-21T13:58:30.583+0000] {logging_mixin.py:190} INFO - [2025-07-21T13:58:30.583+0000] {dagbag.py:588} INFO - Filling up the DagBag from /opt/airflow/dags/train_crowd_pred.py
[2025-07-21T13:58:34.327+0000] {processor.py:925} INFO - DAG(s) 'train_crowd_pred' retrieved from /opt/airflow/dags/train_crowd_pred.py
[2025-07-21T13:58:34.349+0000] {logging_mixin.py:190} INFO - [2025-07-21T13:58:34.349+0000] {dag.py:3239} INFO - Sync 1 DAGs
[2025-07-21T13:58:34.368+0000] {logging_mixin.py:190} INFO - [2025-07-21T13:58:34.368+0000] {dag.py:4180} INFO - Setting next_dagrun for train_crowd_pred to 2025-07-21 00:00:00+00:00, run_after=2025-07-22 00:00:00+00:00
[2025-07-21T13:58:34.381+0000] {processor.py:208} INFO - Processing /opt/airflow/dags/train_crowd_pred.py took 3.809 seconds
[2025-07-21T13:59:05.992+0000] {processor.py:186} INFO - Started process (PID=18316) to work on /opt/airflow/dags/train_crowd_pred.py
[2025-07-21T13:59:05.993+0000] {processor.py:914} INFO - Processing file /opt/airflow/dags/train_crowd_pred.py for tasks to queue
[2025-07-21T13:59:05.996+0000] {logging_mixin.py:190} INFO - [2025-07-21T13:59:05.996+0000] {dagbag.py:588} INFO - Filling up the DagBag from /opt/airflow/dags/train_crowd_pred.py
[2025-07-21T13:59:09.674+0000] {processor.py:925} INFO - DAG(s) 'train_crowd_pred' retrieved from /opt/airflow/dags/train_crowd_pred.py
[2025-07-21T13:59:09.697+0000] {logging_mixin.py:190} INFO - [2025-07-21T13:59:09.697+0000] {dag.py:3239} INFO - Sync 1 DAGs
[2025-07-21T13:59:09.716+0000] {logging_mixin.py:190} INFO - [2025-07-21T13:59:09.716+0000] {dag.py:4180} INFO - Setting next_dagrun for train_crowd_pred to 2025-07-21 00:00:00+00:00, run_after=2025-07-22 00:00:00+00:00
[2025-07-21T13:59:09.734+0000] {processor.py:208} INFO - Processing /opt/airflow/dags/train_crowd_pred.py took 3.748 seconds
[2025-07-21T13:59:40.971+0000] {processor.py:186} INFO - Started process (PID=18429) to work on /opt/airflow/dags/train_crowd_pred.py
[2025-07-21T13:59:40.972+0000] {processor.py:914} INFO - Processing file /opt/airflow/dags/train_crowd_pred.py for tasks to queue
[2025-07-21T13:59:40.975+0000] {logging_mixin.py:190} INFO - [2025-07-21T13:59:40.975+0000] {dagbag.py:588} INFO - Filling up the DagBag from /opt/airflow/dags/train_crowd_pred.py
[2025-07-21T13:59:44.637+0000] {processor.py:925} INFO - DAG(s) 'train_crowd_pred' retrieved from /opt/airflow/dags/train_crowd_pred.py
[2025-07-21T13:59:44.660+0000] {logging_mixin.py:190} INFO - [2025-07-21T13:59:44.659+0000] {dag.py:3239} INFO - Sync 1 DAGs
[2025-07-21T13:59:44.679+0000] {logging_mixin.py:190} INFO - [2025-07-21T13:59:44.678+0000] {dag.py:4180} INFO - Setting next_dagrun for train_crowd_pred to 2025-07-21 00:00:00+00:00, run_after=2025-07-22 00:00:00+00:00
[2025-07-21T13:59:44.695+0000] {processor.py:208} INFO - Processing /opt/airflow/dags/train_crowd_pred.py took 3.731 seconds
[2025-07-21T14:00:16.496+0000] {processor.py:186} INFO - Started process (PID=18527) to work on /opt/airflow/dags/train_crowd_pred.py
[2025-07-21T14:00:16.499+0000] {processor.py:914} INFO - Processing file /opt/airflow/dags/train_crowd_pred.py for tasks to queue
[2025-07-21T14:00:16.502+0000] {logging_mixin.py:190} INFO - [2025-07-21T14:00:16.501+0000] {dagbag.py:588} INFO - Filling up the DagBag from /opt/airflow/dags/train_crowd_pred.py
[2025-07-21T14:00:20.219+0000] {processor.py:925} INFO - DAG(s) 'train_crowd_pred' retrieved from /opt/airflow/dags/train_crowd_pred.py
[2025-07-21T14:00:20.241+0000] {logging_mixin.py:190} INFO - [2025-07-21T14:00:20.240+0000] {dag.py:3239} INFO - Sync 1 DAGs
[2025-07-21T14:00:20.258+0000] {logging_mixin.py:190} INFO - [2025-07-21T14:00:20.258+0000] {dag.py:4180} INFO - Setting next_dagrun for train_crowd_pred to 2025-07-21 00:00:00+00:00, run_after=2025-07-22 00:00:00+00:00
[2025-07-21T14:00:20.274+0000] {processor.py:208} INFO - Processing /opt/airflow/dags/train_crowd_pred.py took 3.784 seconds
[2025-07-21T14:00:51.505+0000] {processor.py:186} INFO - Started process (PID=18625) to work on /opt/airflow/dags/train_crowd_pred.py
[2025-07-21T14:00:51.506+0000] {processor.py:914} INFO - Processing file /opt/airflow/dags/train_crowd_pred.py for tasks to queue
[2025-07-21T14:00:51.508+0000] {logging_mixin.py:190} INFO - [2025-07-21T14:00:51.508+0000] {dagbag.py:588} INFO - Filling up the DagBag from /opt/airflow/dags/train_crowd_pred.py
[2025-07-21T14:00:54.990+0000] {processor.py:925} INFO - DAG(s) 'train_crowd_pred' retrieved from /opt/airflow/dags/train_crowd_pred.py
[2025-07-21T14:00:55.010+0000] {logging_mixin.py:190} INFO - [2025-07-21T14:00:55.010+0000] {dag.py:3239} INFO - Sync 1 DAGs
[2025-07-21T14:00:55.030+0000] {logging_mixin.py:190} INFO - [2025-07-21T14:00:55.030+0000] {dag.py:4180} INFO - Setting next_dagrun for train_crowd_pred to 2025-07-21 00:00:00+00:00, run_after=2025-07-22 00:00:00+00:00
[2025-07-21T14:00:55.045+0000] {processor.py:208} INFO - Processing /opt/airflow/dags/train_crowd_pred.py took 3.546 seconds
[2025-07-21T14:01:26.326+0000] {processor.py:186} INFO - Started process (PID=18723) to work on /opt/airflow/dags/train_crowd_pred.py
[2025-07-21T14:01:26.327+0000] {processor.py:914} INFO - Processing file /opt/airflow/dags/train_crowd_pred.py for tasks to queue
[2025-07-21T14:01:26.330+0000] {logging_mixin.py:190} INFO - [2025-07-21T14:01:26.330+0000] {dagbag.py:588} INFO - Filling up the DagBag from /opt/airflow/dags/train_crowd_pred.py
[2025-07-21T14:01:30.166+0000] {processor.py:925} INFO - DAG(s) 'train_crowd_pred' retrieved from /opt/airflow/dags/train_crowd_pred.py
[2025-07-21T14:01:30.187+0000] {logging_mixin.py:190} INFO - [2025-07-21T14:01:30.187+0000] {dag.py:3239} INFO - Sync 1 DAGs
[2025-07-21T14:01:30.204+0000] {logging_mixin.py:190} INFO - [2025-07-21T14:01:30.203+0000] {dag.py:4180} INFO - Setting next_dagrun for train_crowd_pred to 2025-07-21 00:00:00+00:00, run_after=2025-07-22 00:00:00+00:00
[2025-07-21T14:01:30.219+0000] {processor.py:208} INFO - Processing /opt/airflow/dags/train_crowd_pred.py took 3.899 seconds
[2025-07-21T14:02:01.504+0000] {processor.py:186} INFO - Started process (PID=18827) to work on /opt/airflow/dags/train_crowd_pred.py
[2025-07-21T14:02:01.505+0000] {processor.py:914} INFO - Processing file /opt/airflow/dags/train_crowd_pred.py for tasks to queue
[2025-07-21T14:02:01.507+0000] {logging_mixin.py:190} INFO - [2025-07-21T14:02:01.507+0000] {dagbag.py:588} INFO - Filling up the DagBag from /opt/airflow/dags/train_crowd_pred.py
[2025-07-21T14:02:05.120+0000] {processor.py:925} INFO - DAG(s) 'train_crowd_pred' retrieved from /opt/airflow/dags/train_crowd_pred.py
[2025-07-21T14:02:05.144+0000] {logging_mixin.py:190} INFO - [2025-07-21T14:02:05.144+0000] {dag.py:3239} INFO - Sync 1 DAGs
[2025-07-21T14:02:05.169+0000] {logging_mixin.py:190} INFO - [2025-07-21T14:02:05.168+0000] {dag.py:4180} INFO - Setting next_dagrun for train_crowd_pred to 2025-07-21 00:00:00+00:00, run_after=2025-07-22 00:00:00+00:00
[2025-07-21T14:02:05.200+0000] {processor.py:208} INFO - Processing /opt/airflow/dags/train_crowd_pred.py took 3.703 seconds
[2025-07-21T14:02:36.870+0000] {processor.py:186} INFO - Started process (PID=18925) to work on /opt/airflow/dags/train_crowd_pred.py
[2025-07-21T14:02:36.872+0000] {processor.py:914} INFO - Processing file /opt/airflow/dags/train_crowd_pred.py for tasks to queue
[2025-07-21T14:02:36.875+0000] {logging_mixin.py:190} INFO - [2025-07-21T14:02:36.875+0000] {dagbag.py:588} INFO - Filling up the DagBag from /opt/airflow/dags/train_crowd_pred.py
[2025-07-21T14:02:40.812+0000] {processor.py:925} INFO - DAG(s) 'train_crowd_pred' retrieved from /opt/airflow/dags/train_crowd_pred.py
[2025-07-21T14:02:40.834+0000] {logging_mixin.py:190} INFO - [2025-07-21T14:02:40.834+0000] {dag.py:3239} INFO - Sync 1 DAGs
[2025-07-21T14:02:40.852+0000] {logging_mixin.py:190} INFO - [2025-07-21T14:02:40.852+0000] {dag.py:4180} INFO - Setting next_dagrun for train_crowd_pred to 2025-07-21 00:00:00+00:00, run_after=2025-07-22 00:00:00+00:00
[2025-07-21T14:02:40.872+0000] {processor.py:208} INFO - Processing /opt/airflow/dags/train_crowd_pred.py took 4.011 seconds
[2025-07-21T14:03:11.997+0000] {processor.py:186} INFO - Started process (PID=19024) to work on /opt/airflow/dags/train_crowd_pred.py
[2025-07-21T14:03:11.999+0000] {processor.py:914} INFO - Processing file /opt/airflow/dags/train_crowd_pred.py for tasks to queue
[2025-07-21T14:03:12.001+0000] {logging_mixin.py:190} INFO - [2025-07-21T14:03:12.001+0000] {dagbag.py:588} INFO - Filling up the DagBag from /opt/airflow/dags/train_crowd_pred.py
[2025-07-21T14:03:17.526+0000] {processor.py:925} INFO - DAG(s) 'train_crowd_pred' retrieved from /opt/airflow/dags/train_crowd_pred.py
[2025-07-21T14:03:17.611+0000] {logging_mixin.py:190} INFO - [2025-07-21T14:03:17.610+0000] {dag.py:3239} INFO - Sync 1 DAGs
[2025-07-21T14:03:17.629+0000] {logging_mixin.py:190} INFO - [2025-07-21T14:03:17.629+0000] {dag.py:4180} INFO - Setting next_dagrun for train_crowd_pred to 2025-07-21 00:00:00+00:00, run_after=2025-07-22 00:00:00+00:00
[2025-07-21T14:03:17.649+0000] {processor.py:208} INFO - Processing /opt/airflow/dags/train_crowd_pred.py took 5.658 seconds
[2025-07-21T14:04:08.897+0000] {processor.py:186} INFO - Started process (PID=19507) to work on /opt/airflow/dags/train_crowd_pred.py
[2025-07-21T14:04:08.898+0000] {processor.py:914} INFO - Processing file /opt/airflow/dags/train_crowd_pred.py for tasks to queue
[2025-07-21T14:04:08.901+0000] {logging_mixin.py:190} INFO - [2025-07-21T14:04:08.900+0000] {dagbag.py:588} INFO - Filling up the DagBag from /opt/airflow/dags/train_crowd_pred.py
[2025-07-21T14:04:12.489+0000] {processor.py:925} INFO - DAG(s) 'train_crowd_pred' retrieved from /opt/airflow/dags/train_crowd_pred.py
[2025-07-21T14:04:12.511+0000] {logging_mixin.py:190} INFO - [2025-07-21T14:04:12.511+0000] {dag.py:3239} INFO - Sync 1 DAGs
[2025-07-21T14:04:12.537+0000] {logging_mixin.py:190} INFO - [2025-07-21T14:04:12.537+0000] {dag.py:4180} INFO - Setting next_dagrun for train_crowd_pred to 2025-07-21 00:00:00+00:00, run_after=2025-07-22 00:00:00+00:00
[2025-07-21T14:04:13.133+0000] {processor.py:208} INFO - Processing /opt/airflow/dags/train_crowd_pred.py took 4.242 seconds
[2025-07-21T14:04:49.276+0000] {processor.py:186} INFO - Started process (PID=19659) to work on /opt/airflow/dags/train_crowd_pred.py
[2025-07-21T14:04:49.277+0000] {processor.py:914} INFO - Processing file /opt/airflow/dags/train_crowd_pred.py for tasks to queue
[2025-07-21T14:04:49.299+0000] {logging_mixin.py:190} INFO - [2025-07-21T14:04:49.298+0000] {dagbag.py:588} INFO - Filling up the DagBag from /opt/airflow/dags/train_crowd_pred.py
[2025-07-21T14:04:56.599+0000] {processor.py:925} INFO - DAG(s) 'train_crowd_pred' retrieved from /opt/airflow/dags/train_crowd_pred.py
[2025-07-21T14:04:56.672+0000] {logging_mixin.py:190} INFO - [2025-07-21T14:04:56.671+0000] {dag.py:3239} INFO - Sync 1 DAGs
[2025-07-21T14:04:56.692+0000] {logging_mixin.py:190} INFO - [2025-07-21T14:04:56.692+0000] {dag.py:4180} INFO - Setting next_dagrun for train_crowd_pred to 2025-07-21 00:00:00+00:00, run_after=2025-07-22 00:00:00+00:00
[2025-07-21T14:04:56.721+0000] {processor.py:208} INFO - Processing /opt/airflow/dags/train_crowd_pred.py took 7.457 seconds
[2025-07-21T14:05:27.864+0000] {processor.py:186} INFO - Started process (PID=20012) to work on /opt/airflow/dags/train_crowd_pred.py
[2025-07-21T14:05:27.865+0000] {processor.py:914} INFO - Processing file /opt/airflow/dags/train_crowd_pred.py for tasks to queue
[2025-07-21T14:05:27.868+0000] {logging_mixin.py:190} INFO - [2025-07-21T14:05:27.867+0000] {dagbag.py:588} INFO - Filling up the DagBag from /opt/airflow/dags/train_crowd_pred.py
[2025-07-21T14:05:31.696+0000] {processor.py:925} INFO - DAG(s) 'train_crowd_pred' retrieved from /opt/airflow/dags/train_crowd_pred.py
[2025-07-21T14:05:31.719+0000] {logging_mixin.py:190} INFO - [2025-07-21T14:05:31.719+0000] {dag.py:3239} INFO - Sync 1 DAGs
[2025-07-21T14:05:31.736+0000] {logging_mixin.py:190} INFO - [2025-07-21T14:05:31.736+0000] {dag.py:4180} INFO - Setting next_dagrun for train_crowd_pred to 2025-07-21 00:00:00+00:00, run_after=2025-07-22 00:00:00+00:00
[2025-07-21T14:05:31.812+0000] {processor.py:208} INFO - Processing /opt/airflow/dags/train_crowd_pred.py took 3.954 seconds
[2025-07-21T14:06:03.453+0000] {processor.py:186} INFO - Started process (PID=20116) to work on /opt/airflow/dags/train_crowd_pred.py
[2025-07-21T14:06:03.455+0000] {processor.py:914} INFO - Processing file /opt/airflow/dags/train_crowd_pred.py for tasks to queue
[2025-07-21T14:06:03.459+0000] {logging_mixin.py:190} INFO - [2025-07-21T14:06:03.459+0000] {dagbag.py:588} INFO - Filling up the DagBag from /opt/airflow/dags/train_crowd_pred.py
[2025-07-21T14:06:07.464+0000] {processor.py:925} INFO - DAG(s) 'train_crowd_pred' retrieved from /opt/airflow/dags/train_crowd_pred.py
[2025-07-21T14:06:07.489+0000] {logging_mixin.py:190} INFO - [2025-07-21T14:06:07.488+0000] {dag.py:3239} INFO - Sync 1 DAGs
[2025-07-21T14:06:07.511+0000] {logging_mixin.py:190} INFO - [2025-07-21T14:06:07.510+0000] {dag.py:4180} INFO - Setting next_dagrun for train_crowd_pred to 2025-07-21 00:00:00+00:00, run_after=2025-07-22 00:00:00+00:00
[2025-07-21T14:06:07.534+0000] {processor.py:208} INFO - Processing /opt/airflow/dags/train_crowd_pred.py took 4.093 seconds
[2025-07-21T14:06:39.287+0000] {processor.py:186} INFO - Started process (PID=20214) to work on /opt/airflow/dags/train_crowd_pred.py
[2025-07-21T14:06:39.288+0000] {processor.py:914} INFO - Processing file /opt/airflow/dags/train_crowd_pred.py for tasks to queue
[2025-07-21T14:06:39.291+0000] {logging_mixin.py:190} INFO - [2025-07-21T14:06:39.290+0000] {dagbag.py:588} INFO - Filling up the DagBag from /opt/airflow/dags/train_crowd_pred.py
[2025-07-21T14:06:42.942+0000] {processor.py:925} INFO - DAG(s) 'train_crowd_pred' retrieved from /opt/airflow/dags/train_crowd_pred.py
[2025-07-21T14:06:42.966+0000] {logging_mixin.py:190} INFO - [2025-07-21T14:06:42.965+0000] {dag.py:3239} INFO - Sync 1 DAGs
[2025-07-21T14:06:42.988+0000] {logging_mixin.py:190} INFO - [2025-07-21T14:06:42.987+0000] {dag.py:4180} INFO - Setting next_dagrun for train_crowd_pred to 2025-07-21 00:00:00+00:00, run_after=2025-07-22 00:00:00+00:00
[2025-07-21T14:06:43.007+0000] {processor.py:208} INFO - Processing /opt/airflow/dags/train_crowd_pred.py took 3.726 seconds
[2025-07-21T14:07:14.579+0000] {processor.py:186} INFO - Started process (PID=20312) to work on /opt/airflow/dags/train_crowd_pred.py
[2025-07-21T14:07:14.580+0000] {processor.py:914} INFO - Processing file /opt/airflow/dags/train_crowd_pred.py for tasks to queue
[2025-07-21T14:07:14.582+0000] {logging_mixin.py:190} INFO - [2025-07-21T14:07:14.582+0000] {dagbag.py:588} INFO - Filling up the DagBag from /opt/airflow/dags/train_crowd_pred.py
[2025-07-21T14:07:19.123+0000] {processor.py:925} INFO - DAG(s) 'train_crowd_pred' retrieved from /opt/airflow/dags/train_crowd_pred.py
[2025-07-21T14:07:19.157+0000] {logging_mixin.py:190} INFO - [2025-07-21T14:07:19.156+0000] {dag.py:3239} INFO - Sync 1 DAGs
[2025-07-21T14:07:19.186+0000] {logging_mixin.py:190} INFO - [2025-07-21T14:07:19.186+0000] {dag.py:4180} INFO - Setting next_dagrun for train_crowd_pred to 2025-07-21 00:00:00+00:00, run_after=2025-07-22 00:00:00+00:00
[2025-07-21T14:07:19.207+0000] {processor.py:208} INFO - Processing /opt/airflow/dags/train_crowd_pred.py took 4.635 seconds
[2025-07-21T14:07:50.902+0000] {processor.py:186} INFO - Started process (PID=20410) to work on /opt/airflow/dags/train_crowd_pred.py
[2025-07-21T14:07:50.903+0000] {processor.py:914} INFO - Processing file /opt/airflow/dags/train_crowd_pred.py for tasks to queue
[2025-07-21T14:07:50.905+0000] {logging_mixin.py:190} INFO - [2025-07-21T14:07:50.905+0000] {dagbag.py:588} INFO - Filling up the DagBag from /opt/airflow/dags/train_crowd_pred.py
[2025-07-21T14:07:54.634+0000] {processor.py:925} INFO - DAG(s) 'train_crowd_pred' retrieved from /opt/airflow/dags/train_crowd_pred.py
[2025-07-21T14:07:54.659+0000] {logging_mixin.py:190} INFO - [2025-07-21T14:07:54.658+0000] {dag.py:3239} INFO - Sync 1 DAGs
[2025-07-21T14:07:54.678+0000] {logging_mixin.py:190} INFO - [2025-07-21T14:07:54.678+0000] {dag.py:4180} INFO - Setting next_dagrun for train_crowd_pred to 2025-07-21 00:00:00+00:00, run_after=2025-07-22 00:00:00+00:00
[2025-07-21T14:07:54.694+0000] {processor.py:208} INFO - Processing /opt/airflow/dags/train_crowd_pred.py took 3.800 seconds
[2025-07-21T14:08:26.389+0000] {processor.py:186} INFO - Started process (PID=20508) to work on /opt/airflow/dags/train_crowd_pred.py
[2025-07-21T14:08:26.390+0000] {processor.py:914} INFO - Processing file /opt/airflow/dags/train_crowd_pred.py for tasks to queue
[2025-07-21T14:08:26.393+0000] {logging_mixin.py:190} INFO - [2025-07-21T14:08:26.392+0000] {dagbag.py:588} INFO - Filling up the DagBag from /opt/airflow/dags/train_crowd_pred.py
[2025-07-21T14:08:30.377+0000] {processor.py:925} INFO - DAG(s) 'train_crowd_pred' retrieved from /opt/airflow/dags/train_crowd_pred.py
[2025-07-21T14:08:30.406+0000] {logging_mixin.py:190} INFO - [2025-07-21T14:08:30.405+0000] {dag.py:3239} INFO - Sync 1 DAGs
[2025-07-21T14:08:30.433+0000] {logging_mixin.py:190} INFO - [2025-07-21T14:08:30.433+0000] {dag.py:4180} INFO - Setting next_dagrun for train_crowd_pred to 2025-07-21 00:00:00+00:00, run_after=2025-07-22 00:00:00+00:00
[2025-07-21T14:08:30.451+0000] {processor.py:208} INFO - Processing /opt/airflow/dags/train_crowd_pred.py took 4.069 seconds
[2025-07-21T14:09:02.504+0000] {processor.py:186} INFO - Started process (PID=20612) to work on /opt/airflow/dags/train_crowd_pred.py
[2025-07-21T14:09:02.505+0000] {processor.py:914} INFO - Processing file /opt/airflow/dags/train_crowd_pred.py for tasks to queue
[2025-07-21T14:09:02.508+0000] {logging_mixin.py:190} INFO - [2025-07-21T14:09:02.508+0000] {dagbag.py:588} INFO - Filling up the DagBag from /opt/airflow/dags/train_crowd_pred.py
[2025-07-21T14:09:06.430+0000] {processor.py:925} INFO - DAG(s) 'train_crowd_pred' retrieved from /opt/airflow/dags/train_crowd_pred.py
[2025-07-21T14:09:06.457+0000] {logging_mixin.py:190} INFO - [2025-07-21T14:09:06.456+0000] {dag.py:3239} INFO - Sync 1 DAGs
[2025-07-21T14:09:06.486+0000] {logging_mixin.py:190} INFO - [2025-07-21T14:09:06.486+0000] {dag.py:4180} INFO - Setting next_dagrun for train_crowd_pred to 2025-07-21 00:00:00+00:00, run_after=2025-07-22 00:00:00+00:00
[2025-07-21T14:09:06.503+0000] {processor.py:208} INFO - Processing /opt/airflow/dags/train_crowd_pred.py took 4.007 seconds
[2025-07-21T14:09:37.970+0000] {processor.py:186} INFO - Started process (PID=20710) to work on /opt/airflow/dags/train_crowd_pred.py
[2025-07-21T14:09:37.972+0000] {processor.py:914} INFO - Processing file /opt/airflow/dags/train_crowd_pred.py for tasks to queue
[2025-07-21T14:09:37.975+0000] {logging_mixin.py:190} INFO - [2025-07-21T14:09:37.974+0000] {dagbag.py:588} INFO - Filling up the DagBag from /opt/airflow/dags/train_crowd_pred.py
[2025-07-21T14:09:41.905+0000] {processor.py:925} INFO - DAG(s) 'train_crowd_pred' retrieved from /opt/airflow/dags/train_crowd_pred.py
[2025-07-21T14:09:41.930+0000] {logging_mixin.py:190} INFO - [2025-07-21T14:09:41.929+0000] {dag.py:3239} INFO - Sync 1 DAGs
[2025-07-21T14:09:41.949+0000] {logging_mixin.py:190} INFO - [2025-07-21T14:09:41.948+0000] {dag.py:4180} INFO - Setting next_dagrun for train_crowd_pred to 2025-07-21 00:00:00+00:00, run_after=2025-07-22 00:00:00+00:00
[2025-07-21T14:09:41.966+0000] {processor.py:208} INFO - Processing /opt/airflow/dags/train_crowd_pred.py took 4.002 seconds
[2025-07-21T14:10:13.738+0000] {processor.py:186} INFO - Started process (PID=20809) to work on /opt/airflow/dags/train_crowd_pred.py
[2025-07-21T14:10:13.739+0000] {processor.py:914} INFO - Processing file /opt/airflow/dags/train_crowd_pred.py for tasks to queue
[2025-07-21T14:10:13.742+0000] {logging_mixin.py:190} INFO - [2025-07-21T14:10:13.741+0000] {dagbag.py:588} INFO - Filling up the DagBag from /opt/airflow/dags/train_crowd_pred.py
[2025-07-21T14:10:17.620+0000] {processor.py:925} INFO - DAG(s) 'train_crowd_pred' retrieved from /opt/airflow/dags/train_crowd_pred.py
[2025-07-21T14:10:17.645+0000] {logging_mixin.py:190} INFO - [2025-07-21T14:10:17.644+0000] {dag.py:3239} INFO - Sync 1 DAGs
[2025-07-21T14:10:17.667+0000] {logging_mixin.py:190} INFO - [2025-07-21T14:10:17.666+0000] {dag.py:4180} INFO - Setting next_dagrun for train_crowd_pred to 2025-07-21 00:00:00+00:00, run_after=2025-07-22 00:00:00+00:00
[2025-07-21T14:10:17.684+0000] {processor.py:208} INFO - Processing /opt/airflow/dags/train_crowd_pred.py took 3.952 seconds
[2025-07-21T14:10:49.190+0000] {processor.py:186} INFO - Started process (PID=20907) to work on /opt/airflow/dags/train_crowd_pred.py
[2025-07-21T14:10:49.192+0000] {processor.py:914} INFO - Processing file /opt/airflow/dags/train_crowd_pred.py for tasks to queue
[2025-07-21T14:10:49.194+0000] {logging_mixin.py:190} INFO - [2025-07-21T14:10:49.194+0000] {dagbag.py:588} INFO - Filling up the DagBag from /opt/airflow/dags/train_crowd_pred.py
[2025-07-21T14:10:53.081+0000] {processor.py:925} INFO - DAG(s) 'train_crowd_pred' retrieved from /opt/airflow/dags/train_crowd_pred.py
[2025-07-21T14:10:53.109+0000] {logging_mixin.py:190} INFO - [2025-07-21T14:10:53.108+0000] {dag.py:3239} INFO - Sync 1 DAGs
[2025-07-21T14:10:53.135+0000] {logging_mixin.py:190} INFO - [2025-07-21T14:10:53.135+0000] {dag.py:4180} INFO - Setting next_dagrun for train_crowd_pred to 2025-07-21 00:00:00+00:00, run_after=2025-07-22 00:00:00+00:00
[2025-07-21T14:10:53.153+0000] {processor.py:208} INFO - Processing /opt/airflow/dags/train_crowd_pred.py took 3.969 seconds
[2025-07-21T14:11:25.129+0000] {processor.py:186} INFO - Started process (PID=21005) to work on /opt/airflow/dags/train_crowd_pred.py
[2025-07-21T14:11:25.131+0000] {processor.py:914} INFO - Processing file /opt/airflow/dags/train_crowd_pred.py for tasks to queue
[2025-07-21T14:11:25.134+0000] {logging_mixin.py:190} INFO - [2025-07-21T14:11:25.134+0000] {dagbag.py:588} INFO - Filling up the DagBag from /opt/airflow/dags/train_crowd_pred.py
[2025-07-21T14:11:29.126+0000] {processor.py:925} INFO - DAG(s) 'train_crowd_pred' retrieved from /opt/airflow/dags/train_crowd_pred.py
[2025-07-21T14:11:29.157+0000] {logging_mixin.py:190} INFO - [2025-07-21T14:11:29.156+0000] {dag.py:3239} INFO - Sync 1 DAGs
[2025-07-21T14:11:29.180+0000] {logging_mixin.py:190} INFO - [2025-07-21T14:11:29.180+0000] {dag.py:4180} INFO - Setting next_dagrun for train_crowd_pred to 2025-07-21 00:00:00+00:00, run_after=2025-07-22 00:00:00+00:00
[2025-07-21T14:11:29.203+0000] {processor.py:208} INFO - Processing /opt/airflow/dags/train_crowd_pred.py took 4.084 seconds
[2025-07-21T14:12:00.682+0000] {processor.py:186} INFO - Started process (PID=21103) to work on /opt/airflow/dags/train_crowd_pred.py
[2025-07-21T14:12:00.683+0000] {processor.py:914} INFO - Processing file /opt/airflow/dags/train_crowd_pred.py for tasks to queue
[2025-07-21T14:12:00.686+0000] {logging_mixin.py:190} INFO - [2025-07-21T14:12:00.685+0000] {dagbag.py:588} INFO - Filling up the DagBag from /opt/airflow/dags/train_crowd_pred.py
[2025-07-21T14:12:04.253+0000] {processor.py:925} INFO - DAG(s) 'train_crowd_pred' retrieved from /opt/airflow/dags/train_crowd_pred.py
[2025-07-21T14:12:04.276+0000] {logging_mixin.py:190} INFO - [2025-07-21T14:12:04.276+0000] {dag.py:3239} INFO - Sync 1 DAGs
[2025-07-21T14:12:04.296+0000] {logging_mixin.py:190} INFO - [2025-07-21T14:12:04.296+0000] {dag.py:4180} INFO - Setting next_dagrun for train_crowd_pred to 2025-07-21 00:00:00+00:00, run_after=2025-07-22 00:00:00+00:00
[2025-07-21T14:12:04.311+0000] {processor.py:208} INFO - Processing /opt/airflow/dags/train_crowd_pred.py took 3.636 seconds
[2025-07-21T14:12:36.254+0000] {processor.py:186} INFO - Started process (PID=21207) to work on /opt/airflow/dags/train_crowd_pred.py
[2025-07-21T14:12:36.256+0000] {processor.py:914} INFO - Processing file /opt/airflow/dags/train_crowd_pred.py for tasks to queue
[2025-07-21T14:12:36.259+0000] {logging_mixin.py:190} INFO - [2025-07-21T14:12:36.259+0000] {dagbag.py:588} INFO - Filling up the DagBag from /opt/airflow/dags/train_crowd_pred.py
[2025-07-21T14:12:39.953+0000] {processor.py:925} INFO - DAG(s) 'train_crowd_pred' retrieved from /opt/airflow/dags/train_crowd_pred.py
[2025-07-21T14:12:39.977+0000] {logging_mixin.py:190} INFO - [2025-07-21T14:12:39.976+0000] {dag.py:3239} INFO - Sync 1 DAGs
[2025-07-21T14:12:39.995+0000] {logging_mixin.py:190} INFO - [2025-07-21T14:12:39.995+0000] {dag.py:4180} INFO - Setting next_dagrun for train_crowd_pred to 2025-07-21 00:00:00+00:00, run_after=2025-07-22 00:00:00+00:00
[2025-07-21T14:12:40.013+0000] {processor.py:208} INFO - Processing /opt/airflow/dags/train_crowd_pred.py took 3.767 seconds
[2025-07-21T14:13:11.703+0000] {processor.py:186} INFO - Started process (PID=21305) to work on /opt/airflow/dags/train_crowd_pred.py
[2025-07-21T14:13:11.704+0000] {processor.py:914} INFO - Processing file /opt/airflow/dags/train_crowd_pred.py for tasks to queue
[2025-07-21T14:13:11.707+0000] {logging_mixin.py:190} INFO - [2025-07-21T14:13:11.707+0000] {dagbag.py:588} INFO - Filling up the DagBag from /opt/airflow/dags/train_crowd_pred.py
[2025-07-21T14:13:15.281+0000] {processor.py:925} INFO - DAG(s) 'train_crowd_pred' retrieved from /opt/airflow/dags/train_crowd_pred.py
[2025-07-21T14:13:15.305+0000] {logging_mixin.py:190} INFO - [2025-07-21T14:13:15.304+0000] {dag.py:3239} INFO - Sync 1 DAGs
[2025-07-21T14:13:15.323+0000] {logging_mixin.py:190} INFO - [2025-07-21T14:13:15.323+0000] {dag.py:4180} INFO - Setting next_dagrun for train_crowd_pred to 2025-07-21 00:00:00+00:00, run_after=2025-07-22 00:00:00+00:00
[2025-07-21T14:13:15.338+0000] {processor.py:208} INFO - Processing /opt/airflow/dags/train_crowd_pred.py took 3.641 seconds
[2025-07-21T14:24:26.942+0000] {processor.py:186} INFO - Started process (PID=244) to work on /opt/airflow/dags/train_crowd_pred.py
[2025-07-21T14:24:26.944+0000] {processor.py:914} INFO - Processing file /opt/airflow/dags/train_crowd_pred.py for tasks to queue
[2025-07-21T14:24:26.947+0000] {logging_mixin.py:190} INFO - [2025-07-21T14:24:26.947+0000] {dagbag.py:588} INFO - Filling up the DagBag from /opt/airflow/dags/train_crowd_pred.py
[2025-07-21T14:24:30.603+0000] {processor.py:925} INFO - DAG(s) 'train_crowd_pred' retrieved from /opt/airflow/dags/train_crowd_pred.py
[2025-07-21T14:24:30.697+0000] {logging_mixin.py:190} INFO - [2025-07-21T14:24:30.696+0000] {override.py:1912} INFO - Created Permission View: can edit on DAG:train_crowd_pred
[2025-07-21T14:24:30.706+0000] {logging_mixin.py:190} INFO - [2025-07-21T14:24:30.705+0000] {override.py:1912} INFO - Created Permission View: can delete on DAG:train_crowd_pred
[2025-07-21T14:24:30.712+0000] {logging_mixin.py:190} INFO - [2025-07-21T14:24:30.712+0000] {override.py:1912} INFO - Created Permission View: can read on DAG:train_crowd_pred
[2025-07-21T14:24:30.720+0000] {logging_mixin.py:190} INFO - [2025-07-21T14:24:30.720+0000] {override.py:1912} INFO - Created Permission View: can delete on DAG Run:train_crowd_pred
[2025-07-21T14:24:30.726+0000] {logging_mixin.py:190} INFO - [2025-07-21T14:24:30.726+0000] {override.py:1912} INFO - Created Permission View: menu access on DAG Run:train_crowd_pred
[2025-07-21T14:24:30.733+0000] {logging_mixin.py:190} INFO - [2025-07-21T14:24:30.732+0000] {override.py:1912} INFO - Created Permission View: can create on DAG Run:train_crowd_pred
[2025-07-21T14:24:30.739+0000] {logging_mixin.py:190} INFO - [2025-07-21T14:24:30.738+0000] {override.py:1912} INFO - Created Permission View: can read on DAG Run:train_crowd_pred
[2025-07-21T14:24:30.740+0000] {logging_mixin.py:190} INFO - [2025-07-21T14:24:30.739+0000] {dag.py:3239} INFO - Sync 1 DAGs
[2025-07-21T14:24:30.751+0000] {logging_mixin.py:190} INFO - [2025-07-21T14:24:30.750+0000] {dag.py:3262} INFO - Creating ORM DAG for train_crowd_pred
[2025-07-21T14:24:30.760+0000] {logging_mixin.py:190} INFO - [2025-07-21T14:24:30.760+0000] {dag.py:4180} INFO - Setting next_dagrun for train_crowd_pred to 2025-07-21 00:00:00+00:00, run_after=2025-07-22 00:00:00+00:00
[2025-07-21T14:24:30.781+0000] {processor.py:208} INFO - Processing /opt/airflow/dags/train_crowd_pred.py took 3.845 seconds
[2025-07-21T14:25:01.856+0000] {processor.py:186} INFO - Started process (PID=342) to work on /opt/airflow/dags/train_crowd_pred.py
[2025-07-21T14:25:01.857+0000] {processor.py:914} INFO - Processing file /opt/airflow/dags/train_crowd_pred.py for tasks to queue
[2025-07-21T14:25:01.859+0000] {logging_mixin.py:190} INFO - [2025-07-21T14:25:01.859+0000] {dagbag.py:588} INFO - Filling up the DagBag from /opt/airflow/dags/train_crowd_pred.py
[2025-07-21T14:25:05.655+0000] {processor.py:925} INFO - DAG(s) 'train_crowd_pred' retrieved from /opt/airflow/dags/train_crowd_pred.py
[2025-07-21T14:25:05.683+0000] {logging_mixin.py:190} INFO - [2025-07-21T14:25:05.682+0000] {dag.py:3239} INFO - Sync 1 DAGs
[2025-07-21T14:25:05.703+0000] {logging_mixin.py:190} INFO - [2025-07-21T14:25:05.703+0000] {dag.py:4180} INFO - Setting next_dagrun for train_crowd_pred to 2025-07-21 00:00:00+00:00, run_after=2025-07-22 00:00:00+00:00
[2025-07-21T14:25:05.719+0000] {processor.py:208} INFO - Processing /opt/airflow/dags/train_crowd_pred.py took 3.869 seconds
[2025-07-21T14:25:37.180+0000] {processor.py:186} INFO - Started process (PID=1002) to work on /opt/airflow/dags/train_crowd_pred.py
[2025-07-21T14:25:37.181+0000] {processor.py:914} INFO - Processing file /opt/airflow/dags/train_crowd_pred.py for tasks to queue
[2025-07-21T14:25:37.184+0000] {logging_mixin.py:190} INFO - [2025-07-21T14:25:37.184+0000] {dagbag.py:588} INFO - Filling up the DagBag from /opt/airflow/dags/train_crowd_pred.py
[2025-07-21T14:25:40.643+0000] {processor.py:925} INFO - DAG(s) 'train_crowd_pred' retrieved from /opt/airflow/dags/train_crowd_pred.py
[2025-07-21T14:25:40.666+0000] {logging_mixin.py:190} INFO - [2025-07-21T14:25:40.665+0000] {dag.py:3239} INFO - Sync 1 DAGs
[2025-07-21T14:25:40.686+0000] {logging_mixin.py:190} INFO - [2025-07-21T14:25:40.686+0000] {dag.py:4180} INFO - Setting next_dagrun for train_crowd_pred to 2025-07-21 00:00:00+00:00, run_after=2025-07-22 00:00:00+00:00
[2025-07-21T14:25:40.702+0000] {processor.py:208} INFO - Processing /opt/airflow/dags/train_crowd_pred.py took 3.530 seconds
[2025-07-21T14:26:12.164+0000] {processor.py:186} INFO - Started process (PID=5232) to work on /opt/airflow/dags/train_crowd_pred.py
[2025-07-21T14:26:12.166+0000] {processor.py:914} INFO - Processing file /opt/airflow/dags/train_crowd_pred.py for tasks to queue
[2025-07-21T14:26:12.170+0000] {logging_mixin.py:190} INFO - [2025-07-21T14:26:12.169+0000] {dagbag.py:588} INFO - Filling up the DagBag from /opt/airflow/dags/train_crowd_pred.py
[2025-07-21T14:26:15.747+0000] {processor.py:925} INFO - DAG(s) 'train_crowd_pred' retrieved from /opt/airflow/dags/train_crowd_pred.py
[2025-07-21T14:26:15.773+0000] {logging_mixin.py:190} INFO - [2025-07-21T14:26:15.773+0000] {dag.py:3239} INFO - Sync 1 DAGs
[2025-07-21T14:26:15.795+0000] {logging_mixin.py:190} INFO - [2025-07-21T14:26:15.794+0000] {dag.py:4180} INFO - Setting next_dagrun for train_crowd_pred to 2025-07-21 00:00:00+00:00, run_after=2025-07-22 00:00:00+00:00
[2025-07-21T14:26:15.813+0000] {processor.py:208} INFO - Processing /opt/airflow/dags/train_crowd_pred.py took 3.656 seconds
[2025-07-21T14:26:47.338+0000] {processor.py:186} INFO - Started process (PID=5330) to work on /opt/airflow/dags/train_crowd_pred.py
[2025-07-21T14:26:47.339+0000] {processor.py:914} INFO - Processing file /opt/airflow/dags/train_crowd_pred.py for tasks to queue
[2025-07-21T14:26:47.341+0000] {logging_mixin.py:190} INFO - [2025-07-21T14:26:47.341+0000] {dagbag.py:588} INFO - Filling up the DagBag from /opt/airflow/dags/train_crowd_pred.py
[2025-07-21T14:26:50.771+0000] {processor.py:925} INFO - DAG(s) 'train_crowd_pred' retrieved from /opt/airflow/dags/train_crowd_pred.py
[2025-07-21T14:26:50.796+0000] {logging_mixin.py:190} INFO - [2025-07-21T14:26:50.796+0000] {dag.py:3239} INFO - Sync 1 DAGs
[2025-07-21T14:26:50.817+0000] {logging_mixin.py:190} INFO - [2025-07-21T14:26:50.816+0000] {dag.py:4180} INFO - Setting next_dagrun for train_crowd_pred to 2025-07-21 00:00:00+00:00, run_after=2025-07-22 00:00:00+00:00
[2025-07-21T14:26:50.832+0000] {processor.py:208} INFO - Processing /opt/airflow/dags/train_crowd_pred.py took 3.500 seconds
[2025-07-21T14:27:22.742+0000] {processor.py:186} INFO - Started process (PID=5434) to work on /opt/airflow/dags/train_crowd_pred.py
[2025-07-21T14:27:22.743+0000] {processor.py:914} INFO - Processing file /opt/airflow/dags/train_crowd_pred.py for tasks to queue
[2025-07-21T14:27:22.746+0000] {logging_mixin.py:190} INFO - [2025-07-21T14:27:22.745+0000] {dagbag.py:588} INFO - Filling up the DagBag from /opt/airflow/dags/train_crowd_pred.py
[2025-07-21T14:27:26.639+0000] {processor.py:925} INFO - DAG(s) 'train_crowd_pred' retrieved from /opt/airflow/dags/train_crowd_pred.py
[2025-07-21T14:27:26.661+0000] {logging_mixin.py:190} INFO - [2025-07-21T14:27:26.660+0000] {dag.py:3239} INFO - Sync 1 DAGs
[2025-07-21T14:27:26.683+0000] {logging_mixin.py:190} INFO - [2025-07-21T14:27:26.682+0000] {dag.py:4180} INFO - Setting next_dagrun for train_crowd_pred to 2025-07-21 00:00:00+00:00, run_after=2025-07-22 00:00:00+00:00
[2025-07-21T14:27:26.699+0000] {processor.py:208} INFO - Processing /opt/airflow/dags/train_crowd_pred.py took 3.963 seconds
[2025-07-21T14:27:58.078+0000] {processor.py:186} INFO - Started process (PID=5532) to work on /opt/airflow/dags/train_crowd_pred.py
[2025-07-21T14:27:58.079+0000] {processor.py:914} INFO - Processing file /opt/airflow/dags/train_crowd_pred.py for tasks to queue
[2025-07-21T14:27:58.081+0000] {logging_mixin.py:190} INFO - [2025-07-21T14:27:58.081+0000] {dagbag.py:588} INFO - Filling up the DagBag from /opt/airflow/dags/train_crowd_pred.py
[2025-07-21T14:28:01.735+0000] {processor.py:925} INFO - DAG(s) 'train_crowd_pred' retrieved from /opt/airflow/dags/train_crowd_pred.py
[2025-07-21T14:28:01.759+0000] {logging_mixin.py:190} INFO - [2025-07-21T14:28:01.759+0000] {dag.py:3239} INFO - Sync 1 DAGs
[2025-07-21T14:28:01.780+0000] {logging_mixin.py:190} INFO - [2025-07-21T14:28:01.780+0000] {dag.py:4180} INFO - Setting next_dagrun for train_crowd_pred to 2025-07-21 00:00:00+00:00, run_after=2025-07-22 00:00:00+00:00
[2025-07-21T14:28:01.796+0000] {processor.py:208} INFO - Processing /opt/airflow/dags/train_crowd_pred.py took 3.724 seconds
[2025-07-21T14:28:33.571+0000] {processor.py:186} INFO - Started process (PID=5647) to work on /opt/airflow/dags/train_crowd_pred.py
[2025-07-21T14:28:33.573+0000] {processor.py:914} INFO - Processing file /opt/airflow/dags/train_crowd_pred.py for tasks to queue
[2025-07-21T14:28:33.575+0000] {logging_mixin.py:190} INFO - [2025-07-21T14:28:33.575+0000] {dagbag.py:588} INFO - Filling up the DagBag from /opt/airflow/dags/train_crowd_pred.py
[2025-07-21T14:28:37.477+0000] {processor.py:925} INFO - DAG(s) 'train_crowd_pred' retrieved from /opt/airflow/dags/train_crowd_pred.py
[2025-07-21T14:28:37.507+0000] {logging_mixin.py:190} INFO - [2025-07-21T14:28:37.507+0000] {dag.py:3239} INFO - Sync 1 DAGs
[2025-07-21T14:28:37.527+0000] {logging_mixin.py:190} INFO - [2025-07-21T14:28:37.527+0000] {dag.py:4180} INFO - Setting next_dagrun for train_crowd_pred to 2025-07-21 00:00:00+00:00, run_after=2025-07-22 00:00:00+00:00
[2025-07-21T14:28:37.546+0000] {processor.py:208} INFO - Processing /opt/airflow/dags/train_crowd_pred.py took 3.980 seconds
[2025-07-21T14:29:08.920+0000] {processor.py:186} INFO - Started process (PID=8400) to work on /opt/airflow/dags/train_crowd_pred.py
[2025-07-21T14:29:08.921+0000] {processor.py:914} INFO - Processing file /opt/airflow/dags/train_crowd_pred.py for tasks to queue
[2025-07-21T14:29:08.923+0000] {logging_mixin.py:190} INFO - [2025-07-21T14:29:08.923+0000] {dagbag.py:588} INFO - Filling up the DagBag from /opt/airflow/dags/train_crowd_pred.py
[2025-07-21T14:29:12.607+0000] {processor.py:925} INFO - DAG(s) 'train_crowd_pred' retrieved from /opt/airflow/dags/train_crowd_pred.py
[2025-07-21T14:29:12.634+0000] {logging_mixin.py:190} INFO - [2025-07-21T14:29:12.634+0000] {dag.py:3239} INFO - Sync 1 DAGs
[2025-07-21T14:29:12.655+0000] {logging_mixin.py:190} INFO - [2025-07-21T14:29:12.654+0000] {dag.py:4180} INFO - Setting next_dagrun for train_crowd_pred to 2025-07-21 00:00:00+00:00, run_after=2025-07-22 00:00:00+00:00
[2025-07-21T14:29:12.671+0000] {processor.py:208} INFO - Processing /opt/airflow/dags/train_crowd_pred.py took 3.757 seconds
[2025-07-21T14:29:44.137+0000] {processor.py:186} INFO - Started process (PID=8498) to work on /opt/airflow/dags/train_crowd_pred.py
[2025-07-21T14:29:44.138+0000] {processor.py:914} INFO - Processing file /opt/airflow/dags/train_crowd_pred.py for tasks to queue
[2025-07-21T14:29:44.140+0000] {logging_mixin.py:190} INFO - [2025-07-21T14:29:44.140+0000] {dagbag.py:588} INFO - Filling up the DagBag from /opt/airflow/dags/train_crowd_pred.py
[2025-07-21T14:29:47.850+0000] {processor.py:925} INFO - DAG(s) 'train_crowd_pred' retrieved from /opt/airflow/dags/train_crowd_pred.py
[2025-07-21T14:29:47.872+0000] {logging_mixin.py:190} INFO - [2025-07-21T14:29:47.871+0000] {dag.py:3239} INFO - Sync 1 DAGs
[2025-07-21T14:29:47.890+0000] {logging_mixin.py:190} INFO - [2025-07-21T14:29:47.890+0000] {dag.py:4180} INFO - Setting next_dagrun for train_crowd_pred to 2025-07-21 00:00:00+00:00, run_after=2025-07-22 00:00:00+00:00
[2025-07-21T14:29:47.907+0000] {processor.py:208} INFO - Processing /opt/airflow/dags/train_crowd_pred.py took 3.776 seconds
[2025-07-21T14:30:19.545+0000] {processor.py:186} INFO - Started process (PID=8596) to work on /opt/airflow/dags/train_crowd_pred.py
[2025-07-21T14:30:19.546+0000] {processor.py:914} INFO - Processing file /opt/airflow/dags/train_crowd_pred.py for tasks to queue
[2025-07-21T14:30:19.549+0000] {logging_mixin.py:190} INFO - [2025-07-21T14:30:19.548+0000] {dagbag.py:588} INFO - Filling up the DagBag from /opt/airflow/dags/train_crowd_pred.py
[2025-07-21T14:30:23.438+0000] {processor.py:925} INFO - DAG(s) 'train_crowd_pred' retrieved from /opt/airflow/dags/train_crowd_pred.py
[2025-07-21T14:30:23.459+0000] {logging_mixin.py:190} INFO - [2025-07-21T14:30:23.459+0000] {dag.py:3239} INFO - Sync 1 DAGs
[2025-07-21T14:30:23.480+0000] {logging_mixin.py:190} INFO - [2025-07-21T14:30:23.479+0000] {dag.py:4180} INFO - Setting next_dagrun for train_crowd_pred to 2025-07-21 00:00:00+00:00, run_after=2025-07-22 00:00:00+00:00
[2025-07-21T14:30:23.497+0000] {processor.py:208} INFO - Processing /opt/airflow/dags/train_crowd_pred.py took 3.959 seconds
[2025-07-21T14:30:55.237+0000] {processor.py:186} INFO - Started process (PID=8700) to work on /opt/airflow/dags/train_crowd_pred.py
[2025-07-21T14:30:55.238+0000] {processor.py:914} INFO - Processing file /opt/airflow/dags/train_crowd_pred.py for tasks to queue
[2025-07-21T14:30:55.241+0000] {logging_mixin.py:190} INFO - [2025-07-21T14:30:55.241+0000] {dagbag.py:588} INFO - Filling up the DagBag from /opt/airflow/dags/train_crowd_pred.py
[2025-07-21T14:30:58.813+0000] {processor.py:925} INFO - DAG(s) 'train_crowd_pred' retrieved from /opt/airflow/dags/train_crowd_pred.py
[2025-07-21T14:30:58.835+0000] {logging_mixin.py:190} INFO - [2025-07-21T14:30:58.835+0000] {dag.py:3239} INFO - Sync 1 DAGs
[2025-07-21T14:30:58.853+0000] {logging_mixin.py:190} INFO - [2025-07-21T14:30:58.853+0000] {dag.py:4180} INFO - Setting next_dagrun for train_crowd_pred to 2025-07-21 00:00:00+00:00, run_after=2025-07-22 00:00:00+00:00
[2025-07-21T14:30:58.869+0000] {processor.py:208} INFO - Processing /opt/airflow/dags/train_crowd_pred.py took 3.638 seconds
[2025-07-21T14:31:30.406+0000] {processor.py:186} INFO - Started process (PID=8798) to work on /opt/airflow/dags/train_crowd_pred.py
[2025-07-21T14:31:30.407+0000] {processor.py:914} INFO - Processing file /opt/airflow/dags/train_crowd_pred.py for tasks to queue
[2025-07-21T14:31:30.410+0000] {logging_mixin.py:190} INFO - [2025-07-21T14:31:30.409+0000] {dagbag.py:588} INFO - Filling up the DagBag from /opt/airflow/dags/train_crowd_pred.py
[2025-07-21T14:31:33.871+0000] {processor.py:925} INFO - DAG(s) 'train_crowd_pred' retrieved from /opt/airflow/dags/train_crowd_pred.py
[2025-07-21T14:31:33.895+0000] {logging_mixin.py:190} INFO - [2025-07-21T14:31:33.894+0000] {dag.py:3239} INFO - Sync 1 DAGs
[2025-07-21T14:31:33.913+0000] {logging_mixin.py:190} INFO - [2025-07-21T14:31:33.913+0000] {dag.py:4180} INFO - Setting next_dagrun for train_crowd_pred to 2025-07-21 00:00:00+00:00, run_after=2025-07-22 00:00:00+00:00
[2025-07-21T14:31:33.929+0000] {processor.py:208} INFO - Processing /opt/airflow/dags/train_crowd_pred.py took 3.530 seconds
[2025-07-21T14:32:05.279+0000] {processor.py:186} INFO - Started process (PID=8896) to work on /opt/airflow/dags/train_crowd_pred.py
[2025-07-21T14:32:05.280+0000] {processor.py:914} INFO - Processing file /opt/airflow/dags/train_crowd_pred.py for tasks to queue
[2025-07-21T14:32:05.282+0000] {logging_mixin.py:190} INFO - [2025-07-21T14:32:05.282+0000] {dagbag.py:588} INFO - Filling up the DagBag from /opt/airflow/dags/train_crowd_pred.py
[2025-07-21T14:32:08.595+0000] {processor.py:925} INFO - DAG(s) 'train_crowd_pred' retrieved from /opt/airflow/dags/train_crowd_pred.py
[2025-07-21T14:32:08.616+0000] {logging_mixin.py:190} INFO - [2025-07-21T14:32:08.615+0000] {dag.py:3239} INFO - Sync 1 DAGs
[2025-07-21T14:32:08.635+0000] {logging_mixin.py:190} INFO - [2025-07-21T14:32:08.635+0000] {dag.py:4180} INFO - Setting next_dagrun for train_crowd_pred to 2025-07-21 00:00:00+00:00, run_after=2025-07-22 00:00:00+00:00
[2025-07-21T14:32:08.650+0000] {processor.py:208} INFO - Processing /opt/airflow/dags/train_crowd_pred.py took 3.377 seconds
[2025-07-21T14:32:40.532+0000] {processor.py:186} INFO - Started process (PID=8994) to work on /opt/airflow/dags/train_crowd_pred.py
[2025-07-21T14:32:40.533+0000] {processor.py:914} INFO - Processing file /opt/airflow/dags/train_crowd_pred.py for tasks to queue
[2025-07-21T14:32:40.535+0000] {logging_mixin.py:190} INFO - [2025-07-21T14:32:40.535+0000] {dagbag.py:588} INFO - Filling up the DagBag from /opt/airflow/dags/train_crowd_pred.py
[2025-07-21T14:32:43.810+0000] {processor.py:925} INFO - DAG(s) 'train_crowd_pred' retrieved from /opt/airflow/dags/train_crowd_pred.py
[2025-07-21T14:32:43.832+0000] {logging_mixin.py:190} INFO - [2025-07-21T14:32:43.831+0000] {dag.py:3239} INFO - Sync 1 DAGs
[2025-07-21T14:32:43.848+0000] {logging_mixin.py:190} INFO - [2025-07-21T14:32:43.848+0000] {dag.py:4180} INFO - Setting next_dagrun for train_crowd_pred to 2025-07-21 00:00:00+00:00, run_after=2025-07-22 00:00:00+00:00
[2025-07-21T14:32:43.863+0000] {processor.py:208} INFO - Processing /opt/airflow/dags/train_crowd_pred.py took 3.337 seconds
[2025-07-21T14:33:15.120+0000] {processor.py:186} INFO - Started process (PID=9092) to work on /opt/airflow/dags/train_crowd_pred.py
[2025-07-21T14:33:15.121+0000] {processor.py:914} INFO - Processing file /opt/airflow/dags/train_crowd_pred.py for tasks to queue
[2025-07-21T14:33:15.123+0000] {logging_mixin.py:190} INFO - [2025-07-21T14:33:15.123+0000] {dagbag.py:588} INFO - Filling up the DagBag from /opt/airflow/dags/train_crowd_pred.py
[2025-07-21T14:33:18.355+0000] {processor.py:925} INFO - DAG(s) 'train_crowd_pred' retrieved from /opt/airflow/dags/train_crowd_pred.py
[2025-07-21T14:33:18.378+0000] {logging_mixin.py:190} INFO - [2025-07-21T14:33:18.378+0000] {dag.py:3239} INFO - Sync 1 DAGs
[2025-07-21T14:33:18.398+0000] {logging_mixin.py:190} INFO - [2025-07-21T14:33:18.397+0000] {dag.py:4180} INFO - Setting next_dagrun for train_crowd_pred to 2025-07-21 00:00:00+00:00, run_after=2025-07-22 00:00:00+00:00
[2025-07-21T14:33:18.413+0000] {processor.py:208} INFO - Processing /opt/airflow/dags/train_crowd_pred.py took 3.299 seconds
[2025-07-21T14:33:50.463+0000] {processor.py:186} INFO - Started process (PID=9190) to work on /opt/airflow/dags/train_crowd_pred.py
[2025-07-21T14:33:50.464+0000] {processor.py:914} INFO - Processing file /opt/airflow/dags/train_crowd_pred.py for tasks to queue
[2025-07-21T14:33:50.467+0000] {logging_mixin.py:190} INFO - [2025-07-21T14:33:50.466+0000] {dagbag.py:588} INFO - Filling up the DagBag from /opt/airflow/dags/train_crowd_pred.py
[2025-07-21T14:33:54.159+0000] {processor.py:925} INFO - DAG(s) 'train_crowd_pred' retrieved from /opt/airflow/dags/train_crowd_pred.py
[2025-07-21T14:33:54.181+0000] {logging_mixin.py:190} INFO - [2025-07-21T14:33:54.180+0000] {dag.py:3239} INFO - Sync 1 DAGs
[2025-07-21T14:33:54.198+0000] {logging_mixin.py:190} INFO - [2025-07-21T14:33:54.198+0000] {dag.py:4180} INFO - Setting next_dagrun for train_crowd_pred to 2025-07-21 00:00:00+00:00, run_after=2025-07-22 00:00:00+00:00
[2025-07-21T14:33:54.213+0000] {processor.py:208} INFO - Processing /opt/airflow/dags/train_crowd_pred.py took 3.758 seconds
[2025-07-21T14:34:25.473+0000] {processor.py:186} INFO - Started process (PID=9294) to work on /opt/airflow/dags/train_crowd_pred.py
[2025-07-21T14:34:25.474+0000] {processor.py:914} INFO - Processing file /opt/airflow/dags/train_crowd_pred.py for tasks to queue
[2025-07-21T14:34:25.477+0000] {logging_mixin.py:190} INFO - [2025-07-21T14:34:25.476+0000] {dagbag.py:588} INFO - Filling up the DagBag from /opt/airflow/dags/train_crowd_pred.py
[2025-07-21T14:34:28.715+0000] {processor.py:925} INFO - DAG(s) 'train_crowd_pred' retrieved from /opt/airflow/dags/train_crowd_pred.py
[2025-07-21T14:34:28.736+0000] {logging_mixin.py:190} INFO - [2025-07-21T14:34:28.735+0000] {dag.py:3239} INFO - Sync 1 DAGs
[2025-07-21T14:34:28.753+0000] {logging_mixin.py:190} INFO - [2025-07-21T14:34:28.753+0000] {dag.py:4180} INFO - Setting next_dagrun for train_crowd_pred to 2025-07-21 00:00:00+00:00, run_after=2025-07-22 00:00:00+00:00
[2025-07-21T14:34:28.769+0000] {processor.py:208} INFO - Processing /opt/airflow/dags/train_crowd_pred.py took 3.302 seconds
[2025-07-21T14:35:01.055+0000] {processor.py:186} INFO - Started process (PID=9392) to work on /opt/airflow/dags/train_crowd_pred.py
[2025-07-21T14:35:01.056+0000] {processor.py:914} INFO - Processing file /opt/airflow/dags/train_crowd_pred.py for tasks to queue
[2025-07-21T14:35:01.060+0000] {logging_mixin.py:190} INFO - [2025-07-21T14:35:01.059+0000] {dagbag.py:588} INFO - Filling up the DagBag from /opt/airflow/dags/train_crowd_pred.py
[2025-07-21T14:35:04.453+0000] {processor.py:925} INFO - DAG(s) 'train_crowd_pred' retrieved from /opt/airflow/dags/train_crowd_pred.py
[2025-07-21T14:35:04.485+0000] {logging_mixin.py:190} INFO - [2025-07-21T14:35:04.484+0000] {dag.py:3239} INFO - Sync 1 DAGs
[2025-07-21T14:35:04.514+0000] {logging_mixin.py:190} INFO - [2025-07-21T14:35:04.514+0000] {dag.py:4180} INFO - Setting next_dagrun for train_crowd_pred to 2025-07-21 00:00:00+00:00, run_after=2025-07-22 00:00:00+00:00
[2025-07-21T14:35:04.533+0000] {processor.py:208} INFO - Processing /opt/airflow/dags/train_crowd_pred.py took 3.483 seconds
[2025-07-21T14:35:36.428+0000] {processor.py:186} INFO - Started process (PID=9490) to work on /opt/airflow/dags/train_crowd_pred.py
[2025-07-21T14:35:36.430+0000] {processor.py:914} INFO - Processing file /opt/airflow/dags/train_crowd_pred.py for tasks to queue
[2025-07-21T14:35:36.436+0000] {logging_mixin.py:190} INFO - [2025-07-21T14:35:36.435+0000] {dagbag.py:588} INFO - Filling up the DagBag from /opt/airflow/dags/train_crowd_pred.py
[2025-07-21T14:35:39.982+0000] {processor.py:925} INFO - DAG(s) 'train_crowd_pred' retrieved from /opt/airflow/dags/train_crowd_pred.py
[2025-07-21T14:35:40.005+0000] {logging_mixin.py:190} INFO - [2025-07-21T14:35:40.004+0000] {dag.py:3239} INFO - Sync 1 DAGs
[2025-07-21T14:35:40.022+0000] {logging_mixin.py:190} INFO - [2025-07-21T14:35:40.022+0000] {dag.py:4180} INFO - Setting next_dagrun for train_crowd_pred to 2025-07-21 00:00:00+00:00, run_after=2025-07-22 00:00:00+00:00
[2025-07-21T14:35:40.036+0000] {processor.py:208} INFO - Processing /opt/airflow/dags/train_crowd_pred.py took 3.620 seconds
[2025-07-21T14:36:11.637+0000] {processor.py:186} INFO - Started process (PID=9588) to work on /opt/airflow/dags/train_crowd_pred.py
[2025-07-21T14:36:11.638+0000] {processor.py:914} INFO - Processing file /opt/airflow/dags/train_crowd_pred.py for tasks to queue
[2025-07-21T14:36:11.641+0000] {logging_mixin.py:190} INFO - [2025-07-21T14:36:11.641+0000] {dagbag.py:588} INFO - Filling up the DagBag from /opt/airflow/dags/train_crowd_pred.py
[2025-07-21T14:36:15.376+0000] {processor.py:925} INFO - DAG(s) 'train_crowd_pred' retrieved from /opt/airflow/dags/train_crowd_pred.py
[2025-07-21T14:36:15.398+0000] {logging_mixin.py:190} INFO - [2025-07-21T14:36:15.397+0000] {dag.py:3239} INFO - Sync 1 DAGs
[2025-07-21T14:36:15.419+0000] {logging_mixin.py:190} INFO - [2025-07-21T14:36:15.419+0000] {dag.py:4180} INFO - Setting next_dagrun for train_crowd_pred to 2025-07-21 00:00:00+00:00, run_after=2025-07-22 00:00:00+00:00
[2025-07-21T14:36:15.436+0000] {processor.py:208} INFO - Processing /opt/airflow/dags/train_crowd_pred.py took 3.806 seconds
[2025-07-21T14:36:46.685+0000] {processor.py:186} INFO - Started process (PID=9686) to work on /opt/airflow/dags/train_crowd_pred.py
[2025-07-21T14:36:46.686+0000] {processor.py:914} INFO - Processing file /opt/airflow/dags/train_crowd_pred.py for tasks to queue
[2025-07-21T14:36:46.689+0000] {logging_mixin.py:190} INFO - [2025-07-21T14:36:46.688+0000] {dagbag.py:588} INFO - Filling up the DagBag from /opt/airflow/dags/train_crowd_pred.py
[2025-07-21T14:36:50.170+0000] {processor.py:925} INFO - DAG(s) 'train_crowd_pred' retrieved from /opt/airflow/dags/train_crowd_pred.py
[2025-07-21T14:36:50.197+0000] {logging_mixin.py:190} INFO - [2025-07-21T14:36:50.196+0000] {dag.py:3239} INFO - Sync 1 DAGs
[2025-07-21T14:36:50.219+0000] {logging_mixin.py:190} INFO - [2025-07-21T14:36:50.219+0000] {dag.py:4180} INFO - Setting next_dagrun for train_crowd_pred to 2025-07-21 00:00:00+00:00, run_after=2025-07-22 00:00:00+00:00
[2025-07-21T14:36:50.239+0000] {processor.py:208} INFO - Processing /opt/airflow/dags/train_crowd_pred.py took 3.560 seconds
[2025-07-21T14:37:22.125+0000] {processor.py:186} INFO - Started process (PID=9784) to work on /opt/airflow/dags/train_crowd_pred.py
[2025-07-21T14:37:22.126+0000] {processor.py:914} INFO - Processing file /opt/airflow/dags/train_crowd_pred.py for tasks to queue
[2025-07-21T14:37:22.129+0000] {logging_mixin.py:190} INFO - [2025-07-21T14:37:22.128+0000] {dagbag.py:588} INFO - Filling up the DagBag from /opt/airflow/dags/train_crowd_pred.py
[2025-07-21T14:37:25.395+0000] {processor.py:925} INFO - DAG(s) 'train_crowd_pred' retrieved from /opt/airflow/dags/train_crowd_pred.py
[2025-07-21T14:37:25.417+0000] {logging_mixin.py:190} INFO - [2025-07-21T14:37:25.417+0000] {dag.py:3239} INFO - Sync 1 DAGs
[2025-07-21T14:37:25.434+0000] {logging_mixin.py:190} INFO - [2025-07-21T14:37:25.434+0000] {dag.py:4180} INFO - Setting next_dagrun for train_crowd_pred to 2025-07-21 00:00:00+00:00, run_after=2025-07-22 00:00:00+00:00
[2025-07-21T14:37:25.448+0000] {processor.py:208} INFO - Processing /opt/airflow/dags/train_crowd_pred.py took 3.330 seconds
[2025-07-21T14:37:57.178+0000] {processor.py:186} INFO - Started process (PID=9888) to work on /opt/airflow/dags/train_crowd_pred.py
[2025-07-21T14:37:57.179+0000] {processor.py:914} INFO - Processing file /opt/airflow/dags/train_crowd_pred.py for tasks to queue
[2025-07-21T14:37:57.181+0000] {logging_mixin.py:190} INFO - [2025-07-21T14:37:57.181+0000] {dagbag.py:588} INFO - Filling up the DagBag from /opt/airflow/dags/train_crowd_pred.py
[2025-07-21T14:38:00.419+0000] {processor.py:925} INFO - DAG(s) 'train_crowd_pred' retrieved from /opt/airflow/dags/train_crowd_pred.py
[2025-07-21T14:38:00.438+0000] {logging_mixin.py:190} INFO - [2025-07-21T14:38:00.438+0000] {dag.py:3239} INFO - Sync 1 DAGs
[2025-07-21T14:38:00.455+0000] {logging_mixin.py:190} INFO - [2025-07-21T14:38:00.455+0000] {dag.py:4180} INFO - Setting next_dagrun for train_crowd_pred to 2025-07-21 00:00:00+00:00, run_after=2025-07-22 00:00:00+00:00
[2025-07-21T14:38:00.470+0000] {processor.py:208} INFO - Processing /opt/airflow/dags/train_crowd_pred.py took 3.297 seconds
[2025-07-21T14:38:32.381+0000] {processor.py:186} INFO - Started process (PID=9986) to work on /opt/airflow/dags/train_crowd_pred.py
[2025-07-21T14:38:32.383+0000] {processor.py:914} INFO - Processing file /opt/airflow/dags/train_crowd_pred.py for tasks to queue
[2025-07-21T14:38:32.385+0000] {logging_mixin.py:190} INFO - [2025-07-21T14:38:32.385+0000] {dagbag.py:588} INFO - Filling up the DagBag from /opt/airflow/dags/train_crowd_pred.py
[2025-07-21T14:38:35.699+0000] {processor.py:925} INFO - DAG(s) 'train_crowd_pred' retrieved from /opt/airflow/dags/train_crowd_pred.py
[2025-07-21T14:38:35.720+0000] {logging_mixin.py:190} INFO - [2025-07-21T14:38:35.719+0000] {dag.py:3239} INFO - Sync 1 DAGs
[2025-07-21T14:38:35.737+0000] {logging_mixin.py:190} INFO - [2025-07-21T14:38:35.737+0000] {dag.py:4180} INFO - Setting next_dagrun for train_crowd_pred to 2025-07-21 00:00:00+00:00, run_after=2025-07-22 00:00:00+00:00
[2025-07-21T14:38:35.756+0000] {processor.py:208} INFO - Processing /opt/airflow/dags/train_crowd_pred.py took 3.380 seconds
[2025-07-21T14:39:07.583+0000] {processor.py:186} INFO - Started process (PID=10084) to work on /opt/airflow/dags/train_crowd_pred.py
[2025-07-21T14:39:07.584+0000] {processor.py:914} INFO - Processing file /opt/airflow/dags/train_crowd_pred.py for tasks to queue
[2025-07-21T14:39:07.587+0000] {logging_mixin.py:190} INFO - [2025-07-21T14:39:07.587+0000] {dagbag.py:588} INFO - Filling up the DagBag from /opt/airflow/dags/train_crowd_pred.py
[2025-07-21T14:39:10.780+0000] {processor.py:925} INFO - DAG(s) 'train_crowd_pred' retrieved from /opt/airflow/dags/train_crowd_pred.py
[2025-07-21T14:39:10.801+0000] {logging_mixin.py:190} INFO - [2025-07-21T14:39:10.801+0000] {dag.py:3239} INFO - Sync 1 DAGs
[2025-07-21T14:39:10.818+0000] {logging_mixin.py:190} INFO - [2025-07-21T14:39:10.818+0000] {dag.py:4180} INFO - Setting next_dagrun for train_crowd_pred to 2025-07-21 00:00:00+00:00, run_after=2025-07-22 00:00:00+00:00
[2025-07-21T14:39:10.833+0000] {processor.py:208} INFO - Processing /opt/airflow/dags/train_crowd_pred.py took 3.255 seconds
[2025-07-21T14:39:43.094+0000] {processor.py:186} INFO - Started process (PID=10182) to work on /opt/airflow/dags/train_crowd_pred.py
[2025-07-21T14:39:43.095+0000] {processor.py:914} INFO - Processing file /opt/airflow/dags/train_crowd_pred.py for tasks to queue
[2025-07-21T14:39:43.098+0000] {logging_mixin.py:190} INFO - [2025-07-21T14:39:43.098+0000] {dagbag.py:588} INFO - Filling up the DagBag from /opt/airflow/dags/train_crowd_pred.py
[2025-07-21T14:39:46.456+0000] {processor.py:925} INFO - DAG(s) 'train_crowd_pred' retrieved from /opt/airflow/dags/train_crowd_pred.py
[2025-07-21T14:39:46.479+0000] {logging_mixin.py:190} INFO - [2025-07-21T14:39:46.478+0000] {dag.py:3239} INFO - Sync 1 DAGs
[2025-07-21T14:39:46.500+0000] {logging_mixin.py:190} INFO - [2025-07-21T14:39:46.500+0000] {dag.py:4180} INFO - Setting next_dagrun for train_crowd_pred to 2025-07-21 00:00:00+00:00, run_after=2025-07-22 00:00:00+00:00
[2025-07-21T14:39:46.517+0000] {processor.py:208} INFO - Processing /opt/airflow/dags/train_crowd_pred.py took 3.430 seconds
[2025-07-21T14:40:18.230+0000] {processor.py:186} INFO - Started process (PID=10280) to work on /opt/airflow/dags/train_crowd_pred.py
[2025-07-21T14:40:18.232+0000] {processor.py:914} INFO - Processing file /opt/airflow/dags/train_crowd_pred.py for tasks to queue
[2025-07-21T14:40:18.234+0000] {logging_mixin.py:190} INFO - [2025-07-21T14:40:18.234+0000] {dagbag.py:588} INFO - Filling up the DagBag from /opt/airflow/dags/train_crowd_pred.py
[2025-07-21T14:40:21.511+0000] {processor.py:925} INFO - DAG(s) 'train_crowd_pred' retrieved from /opt/airflow/dags/train_crowd_pred.py
[2025-07-21T14:40:21.537+0000] {logging_mixin.py:190} INFO - [2025-07-21T14:40:21.536+0000] {dag.py:3239} INFO - Sync 1 DAGs
[2025-07-21T14:40:21.557+0000] {logging_mixin.py:190} INFO - [2025-07-21T14:40:21.557+0000] {dag.py:4180} INFO - Setting next_dagrun for train_crowd_pred to 2025-07-21 00:00:00+00:00, run_after=2025-07-22 00:00:00+00:00
[2025-07-21T14:40:21.573+0000] {processor.py:208} INFO - Processing /opt/airflow/dags/train_crowd_pred.py took 3.349 seconds
[2025-07-21T14:40:53.368+0000] {processor.py:186} INFO - Started process (PID=10378) to work on /opt/airflow/dags/train_crowd_pred.py
[2025-07-21T14:40:53.369+0000] {processor.py:914} INFO - Processing file /opt/airflow/dags/train_crowd_pred.py for tasks to queue
[2025-07-21T14:40:53.371+0000] {logging_mixin.py:190} INFO - [2025-07-21T14:40:53.371+0000] {dagbag.py:588} INFO - Filling up the DagBag from /opt/airflow/dags/train_crowd_pred.py
[2025-07-21T14:40:56.635+0000] {processor.py:925} INFO - DAG(s) 'train_crowd_pred' retrieved from /opt/airflow/dags/train_crowd_pred.py
[2025-07-21T14:40:56.656+0000] {logging_mixin.py:190} INFO - [2025-07-21T14:40:56.656+0000] {dag.py:3239} INFO - Sync 1 DAGs
[2025-07-21T14:40:56.673+0000] {logging_mixin.py:190} INFO - [2025-07-21T14:40:56.672+0000] {dag.py:4180} INFO - Setting next_dagrun for train_crowd_pred to 2025-07-21 00:00:00+00:00, run_after=2025-07-22 00:00:00+00:00
[2025-07-21T14:40:56.687+0000] {processor.py:208} INFO - Processing /opt/airflow/dags/train_crowd_pred.py took 3.325 seconds
[2025-07-21T17:38:09.308+0000] {processor.py:186} INFO - Started process (PID=234) to work on /opt/airflow/dags/train_crowd_pred.py
[2025-07-21T17:38:09.309+0000] {processor.py:914} INFO - Processing file /opt/airflow/dags/train_crowd_pred.py for tasks to queue
[2025-07-21T17:38:09.312+0000] {logging_mixin.py:190} INFO - [2025-07-21T17:38:09.311+0000] {dagbag.py:588} INFO - Filling up the DagBag from /opt/airflow/dags/train_crowd_pred.py
[2025-07-21T17:38:12.806+0000] {processor.py:925} INFO - DAG(s) 'train_crowd_pred' retrieved from /opt/airflow/dags/train_crowd_pred.py
[2025-07-21T17:38:12.829+0000] {logging_mixin.py:190} INFO - [2025-07-21T17:38:12.829+0000] {dag.py:3239} INFO - Sync 1 DAGs
[2025-07-21T17:38:12.848+0000] {logging_mixin.py:190} INFO - [2025-07-21T17:38:12.848+0000] {dag.py:4180} INFO - Setting next_dagrun for train_crowd_pred to 2025-07-21 00:00:00+00:00, run_after=2025-07-22 00:00:00+00:00
[2025-07-21T17:38:12.872+0000] {processor.py:208} INFO - Processing /opt/airflow/dags/train_crowd_pred.py took 3.571 seconds
[2025-07-21T17:38:44.497+0000] {processor.py:186} INFO - Started process (PID=332) to work on /opt/airflow/dags/train_crowd_pred.py
[2025-07-21T17:38:44.499+0000] {processor.py:914} INFO - Processing file /opt/airflow/dags/train_crowd_pred.py for tasks to queue
[2025-07-21T17:38:44.501+0000] {logging_mixin.py:190} INFO - [2025-07-21T17:38:44.501+0000] {dagbag.py:588} INFO - Filling up the DagBag from /opt/airflow/dags/train_crowd_pred.py
[2025-07-21T17:38:48.167+0000] {processor.py:925} INFO - DAG(s) 'train_crowd_pred' retrieved from /opt/airflow/dags/train_crowd_pred.py
[2025-07-21T17:38:48.193+0000] {logging_mixin.py:190} INFO - [2025-07-21T17:38:48.192+0000] {dag.py:3239} INFO - Sync 1 DAGs
[2025-07-21T17:38:48.214+0000] {logging_mixin.py:190} INFO - [2025-07-21T17:38:48.214+0000] {dag.py:4180} INFO - Setting next_dagrun for train_crowd_pred to 2025-07-21 00:00:00+00:00, run_after=2025-07-22 00:00:00+00:00
[2025-07-21T17:38:48.232+0000] {processor.py:208} INFO - Processing /opt/airflow/dags/train_crowd_pred.py took 3.741 seconds
[2025-07-21T17:39:19.358+0000] {processor.py:186} INFO - Started process (PID=430) to work on /opt/airflow/dags/train_crowd_pred.py
[2025-07-21T17:39:19.359+0000] {processor.py:914} INFO - Processing file /opt/airflow/dags/train_crowd_pred.py for tasks to queue
[2025-07-21T17:39:19.362+0000] {logging_mixin.py:190} INFO - [2025-07-21T17:39:19.361+0000] {dagbag.py:588} INFO - Filling up the DagBag from /opt/airflow/dags/train_crowd_pred.py
[2025-07-21T17:39:23.036+0000] {processor.py:925} INFO - DAG(s) 'train_crowd_pred' retrieved from /opt/airflow/dags/train_crowd_pred.py
[2025-07-21T17:39:23.065+0000] {logging_mixin.py:190} INFO - [2025-07-21T17:39:23.063+0000] {dag.py:3239} INFO - Sync 1 DAGs
[2025-07-21T17:39:23.086+0000] {logging_mixin.py:190} INFO - [2025-07-21T17:39:23.086+0000] {dag.py:4180} INFO - Setting next_dagrun for train_crowd_pred to 2025-07-21 00:00:00+00:00, run_after=2025-07-22 00:00:00+00:00
[2025-07-21T17:39:23.103+0000] {processor.py:208} INFO - Processing /opt/airflow/dags/train_crowd_pred.py took 3.752 seconds
[2025-07-21T17:39:57.449+0000] {processor.py:186} INFO - Started process (PID=529) to work on /opt/airflow/dags/train_crowd_pred.py
[2025-07-21T17:39:57.724+0000] {processor.py:914} INFO - Processing file /opt/airflow/dags/train_crowd_pred.py for tasks to queue
[2025-07-21T17:39:57.727+0000] {logging_mixin.py:190} INFO - [2025-07-21T17:39:57.727+0000] {dagbag.py:588} INFO - Filling up the DagBag from /opt/airflow/dags/train_crowd_pred.py
[2025-07-21T17:40:01.299+0000] {processor.py:925} INFO - DAG(s) 'train_crowd_pred' retrieved from /opt/airflow/dags/train_crowd_pred.py
[2025-07-21T17:40:01.852+0000] {logging_mixin.py:190} INFO - [2025-07-21T17:40:01.851+0000] {dag.py:3239} INFO - Sync 1 DAGs
[2025-07-21T17:40:02.183+0000] {logging_mixin.py:190} INFO - [2025-07-21T17:40:02.182+0000] {dag.py:4180} INFO - Setting next_dagrun for train_crowd_pred to 2025-07-21 00:00:00+00:00, run_after=2025-07-22 00:00:00+00:00
[2025-07-21T17:40:02.860+0000] {processor.py:208} INFO - Processing /opt/airflow/dags/train_crowd_pred.py took 5.419 seconds
[2025-07-21T17:40:33.525+0000] {processor.py:186} INFO - Started process (PID=633) to work on /opt/airflow/dags/train_crowd_pred.py
[2025-07-21T17:40:33.527+0000] {processor.py:914} INFO - Processing file /opt/airflow/dags/train_crowd_pred.py for tasks to queue
[2025-07-21T17:40:33.532+0000] {logging_mixin.py:190} INFO - [2025-07-21T17:40:33.531+0000] {dagbag.py:588} INFO - Filling up the DagBag from /opt/airflow/dags/train_crowd_pred.py
[2025-07-21T17:40:37.379+0000] {processor.py:925} INFO - DAG(s) 'train_crowd_pred' retrieved from /opt/airflow/dags/train_crowd_pred.py
[2025-07-21T17:40:37.413+0000] {logging_mixin.py:190} INFO - [2025-07-21T17:40:37.412+0000] {dag.py:3239} INFO - Sync 1 DAGs
[2025-07-21T17:40:37.430+0000] {logging_mixin.py:190} INFO - [2025-07-21T17:40:37.430+0000] {dag.py:4180} INFO - Setting next_dagrun for train_crowd_pred to 2025-07-21 00:00:00+00:00, run_after=2025-07-22 00:00:00+00:00
[2025-07-21T17:40:37.446+0000] {processor.py:208} INFO - Processing /opt/airflow/dags/train_crowd_pred.py took 3.931 seconds
[2025-07-21T17:41:08.960+0000] {processor.py:186} INFO - Started process (PID=731) to work on /opt/airflow/dags/train_crowd_pred.py
[2025-07-21T17:41:08.961+0000] {processor.py:914} INFO - Processing file /opt/airflow/dags/train_crowd_pred.py for tasks to queue
[2025-07-21T17:41:08.965+0000] {logging_mixin.py:190} INFO - [2025-07-21T17:41:08.964+0000] {dagbag.py:588} INFO - Filling up the DagBag from /opt/airflow/dags/train_crowd_pred.py
[2025-07-21T17:41:12.520+0000] {processor.py:925} INFO - DAG(s) 'train_crowd_pred' retrieved from /opt/airflow/dags/train_crowd_pred.py
[2025-07-21T17:41:12.547+0000] {logging_mixin.py:190} INFO - [2025-07-21T17:41:12.546+0000] {dag.py:3239} INFO - Sync 1 DAGs
[2025-07-21T17:41:12.565+0000] {logging_mixin.py:190} INFO - [2025-07-21T17:41:12.565+0000] {dag.py:4180} INFO - Setting next_dagrun for train_crowd_pred to 2025-07-21 00:00:00+00:00, run_after=2025-07-22 00:00:00+00:00
[2025-07-21T17:41:12.579+0000] {processor.py:208} INFO - Processing /opt/airflow/dags/train_crowd_pred.py took 3.628 seconds
[2025-07-21T17:41:44.164+0000] {processor.py:186} INFO - Started process (PID=829) to work on /opt/airflow/dags/train_crowd_pred.py
[2025-07-21T17:41:44.165+0000] {processor.py:914} INFO - Processing file /opt/airflow/dags/train_crowd_pred.py for tasks to queue
[2025-07-21T17:41:44.167+0000] {logging_mixin.py:190} INFO - [2025-07-21T17:41:44.166+0000] {dagbag.py:588} INFO - Filling up the DagBag from /opt/airflow/dags/train_crowd_pred.py
[2025-07-21T17:41:47.567+0000] {processor.py:925} INFO - DAG(s) 'train_crowd_pred' retrieved from /opt/airflow/dags/train_crowd_pred.py
[2025-07-21T17:41:47.591+0000] {logging_mixin.py:190} INFO - [2025-07-21T17:41:47.590+0000] {dag.py:3239} INFO - Sync 1 DAGs
[2025-07-21T17:41:47.611+0000] {logging_mixin.py:190} INFO - [2025-07-21T17:41:47.610+0000] {dag.py:4180} INFO - Setting next_dagrun for train_crowd_pred to 2025-07-21 00:00:00+00:00, run_after=2025-07-22 00:00:00+00:00
[2025-07-21T17:41:47.624+0000] {processor.py:208} INFO - Processing /opt/airflow/dags/train_crowd_pred.py took 3.466 seconds
[2025-07-21T17:42:19.890+0000] {processor.py:186} INFO - Started process (PID=927) to work on /opt/airflow/dags/train_crowd_pred.py
[2025-07-21T17:42:19.892+0000] {processor.py:914} INFO - Processing file /opt/airflow/dags/train_crowd_pred.py for tasks to queue
[2025-07-21T17:42:19.894+0000] {logging_mixin.py:190} INFO - [2025-07-21T17:42:19.894+0000] {dagbag.py:588} INFO - Filling up the DagBag from /opt/airflow/dags/train_crowd_pred.py
[2025-07-21T17:42:23.297+0000] {processor.py:925} INFO - DAG(s) 'train_crowd_pred' retrieved from /opt/airflow/dags/train_crowd_pred.py
[2025-07-21T17:42:23.319+0000] {logging_mixin.py:190} INFO - [2025-07-21T17:42:23.318+0000] {dag.py:3239} INFO - Sync 1 DAGs
[2025-07-21T17:42:23.335+0000] {logging_mixin.py:190} INFO - [2025-07-21T17:42:23.335+0000] {dag.py:4180} INFO - Setting next_dagrun for train_crowd_pred to 2025-07-21 00:00:00+00:00, run_after=2025-07-22 00:00:00+00:00
[2025-07-21T17:42:23.351+0000] {processor.py:208} INFO - Processing /opt/airflow/dags/train_crowd_pred.py took 3.468 seconds
[2025-07-21T17:42:54.520+0000] {processor.py:186} INFO - Started process (PID=1025) to work on /opt/airflow/dags/train_crowd_pred.py
[2025-07-21T17:42:54.521+0000] {processor.py:914} INFO - Processing file /opt/airflow/dags/train_crowd_pred.py for tasks to queue
[2025-07-21T17:42:54.524+0000] {logging_mixin.py:190} INFO - [2025-07-21T17:42:54.523+0000] {dagbag.py:588} INFO - Filling up the DagBag from /opt/airflow/dags/train_crowd_pred.py
[2025-07-21T17:42:58.184+0000] {processor.py:925} INFO - DAG(s) 'train_crowd_pred' retrieved from /opt/airflow/dags/train_crowd_pred.py
[2025-07-21T17:42:58.208+0000] {logging_mixin.py:190} INFO - [2025-07-21T17:42:58.207+0000] {dag.py:3239} INFO - Sync 1 DAGs
[2025-07-21T17:42:58.227+0000] {logging_mixin.py:190} INFO - [2025-07-21T17:42:58.227+0000] {dag.py:4180} INFO - Setting next_dagrun for train_crowd_pred to 2025-07-21 00:00:00+00:00, run_after=2025-07-22 00:00:00+00:00
[2025-07-21T17:42:58.242+0000] {processor.py:208} INFO - Processing /opt/airflow/dags/train_crowd_pred.py took 3.730 seconds
[2025-07-21T17:43:29.747+0000] {processor.py:186} INFO - Started process (PID=1123) to work on /opt/airflow/dags/train_crowd_pred.py
[2025-07-21T17:43:29.748+0000] {processor.py:914} INFO - Processing file /opt/airflow/dags/train_crowd_pred.py for tasks to queue
[2025-07-21T17:43:29.751+0000] {logging_mixin.py:190} INFO - [2025-07-21T17:43:29.750+0000] {dagbag.py:588} INFO - Filling up the DagBag from /opt/airflow/dags/train_crowd_pred.py
[2025-07-21T17:43:33.193+0000] {processor.py:925} INFO - DAG(s) 'train_crowd_pred' retrieved from /opt/airflow/dags/train_crowd_pred.py
[2025-07-21T17:43:33.217+0000] {logging_mixin.py:190} INFO - [2025-07-21T17:43:33.217+0000] {dag.py:3239} INFO - Sync 1 DAGs
[2025-07-21T17:43:33.236+0000] {logging_mixin.py:190} INFO - [2025-07-21T17:43:33.235+0000] {dag.py:4180} INFO - Setting next_dagrun for train_crowd_pred to 2025-07-21 00:00:00+00:00, run_after=2025-07-22 00:00:00+00:00
[2025-07-21T17:43:33.251+0000] {processor.py:208} INFO - Processing /opt/airflow/dags/train_crowd_pred.py took 3.512 seconds
[2025-07-21T17:44:04.553+0000] {processor.py:186} INFO - Started process (PID=1227) to work on /opt/airflow/dags/train_crowd_pred.py
[2025-07-21T17:44:04.554+0000] {processor.py:914} INFO - Processing file /opt/airflow/dags/train_crowd_pred.py for tasks to queue
[2025-07-21T17:44:04.557+0000] {logging_mixin.py:190} INFO - [2025-07-21T17:44:04.556+0000] {dagbag.py:588} INFO - Filling up the DagBag from /opt/airflow/dags/train_crowd_pred.py
[2025-07-21T17:44:08.063+0000] {processor.py:925} INFO - DAG(s) 'train_crowd_pred' retrieved from /opt/airflow/dags/train_crowd_pred.py
[2025-07-21T17:44:08.085+0000] {logging_mixin.py:190} INFO - [2025-07-21T17:44:08.084+0000] {dag.py:3239} INFO - Sync 1 DAGs
[2025-07-21T17:44:08.102+0000] {logging_mixin.py:190} INFO - [2025-07-21T17:44:08.101+0000] {dag.py:4180} INFO - Setting next_dagrun for train_crowd_pred to 2025-07-21 00:00:00+00:00, run_after=2025-07-22 00:00:00+00:00
[2025-07-21T17:44:08.115+0000] {processor.py:208} INFO - Processing /opt/airflow/dags/train_crowd_pred.py took 3.570 seconds
[2025-07-21T17:44:39.501+0000] {processor.py:186} INFO - Started process (PID=1325) to work on /opt/airflow/dags/train_crowd_pred.py
[2025-07-21T17:44:39.502+0000] {processor.py:914} INFO - Processing file /opt/airflow/dags/train_crowd_pred.py for tasks to queue
[2025-07-21T17:44:39.504+0000] {logging_mixin.py:190} INFO - [2025-07-21T17:44:39.504+0000] {dagbag.py:588} INFO - Filling up the DagBag from /opt/airflow/dags/train_crowd_pred.py
[2025-07-21T17:44:42.953+0000] {processor.py:925} INFO - DAG(s) 'train_crowd_pred' retrieved from /opt/airflow/dags/train_crowd_pred.py
[2025-07-21T17:44:42.976+0000] {logging_mixin.py:190} INFO - [2025-07-21T17:44:42.976+0000] {dag.py:3239} INFO - Sync 1 DAGs
[2025-07-21T17:44:42.996+0000] {logging_mixin.py:190} INFO - [2025-07-21T17:44:42.996+0000] {dag.py:4180} INFO - Setting next_dagrun for train_crowd_pred to 2025-07-21 00:00:00+00:00, run_after=2025-07-22 00:00:00+00:00
[2025-07-21T17:44:43.012+0000] {processor.py:208} INFO - Processing /opt/airflow/dags/train_crowd_pred.py took 3.517 seconds
[2025-07-21T17:45:14.247+0000] {processor.py:186} INFO - Started process (PID=1423) to work on /opt/airflow/dags/train_crowd_pred.py
[2025-07-21T17:45:14.248+0000] {processor.py:914} INFO - Processing file /opt/airflow/dags/train_crowd_pred.py for tasks to queue
[2025-07-21T17:45:14.251+0000] {logging_mixin.py:190} INFO - [2025-07-21T17:45:14.251+0000] {dagbag.py:588} INFO - Filling up the DagBag from /opt/airflow/dags/train_crowd_pred.py
[2025-07-21T17:45:17.699+0000] {processor.py:925} INFO - DAG(s) 'train_crowd_pred' retrieved from /opt/airflow/dags/train_crowd_pred.py
[2025-07-21T17:45:17.722+0000] {logging_mixin.py:190} INFO - [2025-07-21T17:45:17.721+0000] {dag.py:3239} INFO - Sync 1 DAGs
[2025-07-21T17:45:17.739+0000] {logging_mixin.py:190} INFO - [2025-07-21T17:45:17.739+0000] {dag.py:4180} INFO - Setting next_dagrun for train_crowd_pred to 2025-07-21 00:00:00+00:00, run_after=2025-07-22 00:00:00+00:00
[2025-07-21T17:45:17.753+0000] {processor.py:208} INFO - Processing /opt/airflow/dags/train_crowd_pred.py took 3.512 seconds
[2025-07-21T17:45:49.076+0000] {processor.py:186} INFO - Started process (PID=1521) to work on /opt/airflow/dags/train_crowd_pred.py
[2025-07-21T17:45:49.077+0000] {processor.py:914} INFO - Processing file /opt/airflow/dags/train_crowd_pred.py for tasks to queue
[2025-07-21T17:45:49.080+0000] {logging_mixin.py:190} INFO - [2025-07-21T17:45:49.079+0000] {dagbag.py:588} INFO - Filling up the DagBag from /opt/airflow/dags/train_crowd_pred.py
[2025-07-21T17:45:52.527+0000] {processor.py:925} INFO - DAG(s) 'train_crowd_pred' retrieved from /opt/airflow/dags/train_crowd_pred.py
[2025-07-21T17:45:52.548+0000] {logging_mixin.py:190} INFO - [2025-07-21T17:45:52.547+0000] {dag.py:3239} INFO - Sync 1 DAGs
[2025-07-21T17:45:52.565+0000] {logging_mixin.py:190} INFO - [2025-07-21T17:45:52.565+0000] {dag.py:4180} INFO - Setting next_dagrun for train_crowd_pred to 2025-07-21 00:00:00+00:00, run_after=2025-07-22 00:00:00+00:00
[2025-07-21T17:45:52.579+0000] {processor.py:208} INFO - Processing /opt/airflow/dags/train_crowd_pred.py took 3.509 seconds
[2025-07-21T17:46:23.884+0000] {processor.py:186} INFO - Started process (PID=1619) to work on /opt/airflow/dags/train_crowd_pred.py
[2025-07-21T17:46:23.885+0000] {processor.py:914} INFO - Processing file /opt/airflow/dags/train_crowd_pred.py for tasks to queue
[2025-07-21T17:46:23.888+0000] {logging_mixin.py:190} INFO - [2025-07-21T17:46:23.888+0000] {dagbag.py:588} INFO - Filling up the DagBag from /opt/airflow/dags/train_crowd_pred.py
[2025-07-21T17:46:27.365+0000] {processor.py:925} INFO - DAG(s) 'train_crowd_pred' retrieved from /opt/airflow/dags/train_crowd_pred.py
[2025-07-21T17:46:27.389+0000] {logging_mixin.py:190} INFO - [2025-07-21T17:46:27.388+0000] {dag.py:3239} INFO - Sync 1 DAGs
[2025-07-21T17:46:27.407+0000] {logging_mixin.py:190} INFO - [2025-07-21T17:46:27.407+0000] {dag.py:4180} INFO - Setting next_dagrun for train_crowd_pred to 2025-07-21 00:00:00+00:00, run_after=2025-07-22 00:00:00+00:00
[2025-07-21T17:46:27.426+0000] {processor.py:208} INFO - Processing /opt/airflow/dags/train_crowd_pred.py took 3.550 seconds
[2025-07-21T17:46:59.021+0000] {processor.py:186} INFO - Started process (PID=1717) to work on /opt/airflow/dags/train_crowd_pred.py
[2025-07-21T17:46:59.022+0000] {processor.py:914} INFO - Processing file /opt/airflow/dags/train_crowd_pred.py for tasks to queue
[2025-07-21T17:46:59.025+0000] {logging_mixin.py:190} INFO - [2025-07-21T17:46:59.024+0000] {dagbag.py:588} INFO - Filling up the DagBag from /opt/airflow/dags/train_crowd_pred.py
[2025-07-21T17:47:02.580+0000] {processor.py:925} INFO - DAG(s) 'train_crowd_pred' retrieved from /opt/airflow/dags/train_crowd_pred.py
[2025-07-21T17:47:02.608+0000] {logging_mixin.py:190} INFO - [2025-07-21T17:47:02.608+0000] {dag.py:3239} INFO - Sync 1 DAGs
[2025-07-21T17:47:02.626+0000] {logging_mixin.py:190} INFO - [2025-07-21T17:47:02.626+0000] {dag.py:4180} INFO - Setting next_dagrun for train_crowd_pred to 2025-07-21 00:00:00+00:00, run_after=2025-07-22 00:00:00+00:00
[2025-07-21T17:47:02.641+0000] {processor.py:208} INFO - Processing /opt/airflow/dags/train_crowd_pred.py took 3.627 seconds
[2025-07-21T17:47:33.762+0000] {processor.py:186} INFO - Started process (PID=1821) to work on /opt/airflow/dags/train_crowd_pred.py
[2025-07-21T17:47:33.764+0000] {processor.py:914} INFO - Processing file /opt/airflow/dags/train_crowd_pred.py for tasks to queue
[2025-07-21T17:47:33.767+0000] {logging_mixin.py:190} INFO - [2025-07-21T17:47:33.766+0000] {dagbag.py:588} INFO - Filling up the DagBag from /opt/airflow/dags/train_crowd_pred.py
[2025-07-21T17:47:37.344+0000] {processor.py:925} INFO - DAG(s) 'train_crowd_pred' retrieved from /opt/airflow/dags/train_crowd_pred.py
[2025-07-21T17:47:37.363+0000] {logging_mixin.py:190} INFO - [2025-07-21T17:47:37.363+0000] {dag.py:3239} INFO - Sync 1 DAGs
[2025-07-21T17:47:37.381+0000] {logging_mixin.py:190} INFO - [2025-07-21T17:47:37.381+0000] {dag.py:4180} INFO - Setting next_dagrun for train_crowd_pred to 2025-07-21 00:00:00+00:00, run_after=2025-07-22 00:00:00+00:00
[2025-07-21T17:47:37.396+0000] {processor.py:208} INFO - Processing /opt/airflow/dags/train_crowd_pred.py took 3.641 seconds
[2025-07-21T17:48:08.886+0000] {processor.py:186} INFO - Started process (PID=1919) to work on /opt/airflow/dags/train_crowd_pred.py
[2025-07-21T17:48:08.887+0000] {processor.py:914} INFO - Processing file /opt/airflow/dags/train_crowd_pred.py for tasks to queue
[2025-07-21T17:48:08.889+0000] {logging_mixin.py:190} INFO - [2025-07-21T17:48:08.889+0000] {dagbag.py:588} INFO - Filling up the DagBag from /opt/airflow/dags/train_crowd_pred.py
[2025-07-21T17:48:12.469+0000] {processor.py:925} INFO - DAG(s) 'train_crowd_pred' retrieved from /opt/airflow/dags/train_crowd_pred.py
[2025-07-21T17:48:12.496+0000] {logging_mixin.py:190} INFO - [2025-07-21T17:48:12.495+0000] {dag.py:3239} INFO - Sync 1 DAGs
[2025-07-21T17:48:12.514+0000] {logging_mixin.py:190} INFO - [2025-07-21T17:48:12.514+0000] {dag.py:4180} INFO - Setting next_dagrun for train_crowd_pred to 2025-07-21 00:00:00+00:00, run_after=2025-07-22 00:00:00+00:00
[2025-07-21T17:48:12.529+0000] {processor.py:208} INFO - Processing /opt/airflow/dags/train_crowd_pred.py took 3.649 seconds
[2025-07-21T17:48:43.650+0000] {processor.py:186} INFO - Started process (PID=2017) to work on /opt/airflow/dags/train_crowd_pred.py
[2025-07-21T17:48:43.651+0000] {processor.py:914} INFO - Processing file /opt/airflow/dags/train_crowd_pred.py for tasks to queue
[2025-07-21T17:48:43.653+0000] {logging_mixin.py:190} INFO - [2025-07-21T17:48:43.653+0000] {dagbag.py:588} INFO - Filling up the DagBag from /opt/airflow/dags/train_crowd_pred.py
[2025-07-21T17:48:47.293+0000] {processor.py:925} INFO - DAG(s) 'train_crowd_pred' retrieved from /opt/airflow/dags/train_crowd_pred.py
[2025-07-21T17:48:47.319+0000] {logging_mixin.py:190} INFO - [2025-07-21T17:48:47.318+0000] {dag.py:3239} INFO - Sync 1 DAGs
[2025-07-21T17:48:47.337+0000] {logging_mixin.py:190} INFO - [2025-07-21T17:48:47.337+0000] {dag.py:4180} INFO - Setting next_dagrun for train_crowd_pred to 2025-07-21 00:00:00+00:00, run_after=2025-07-22 00:00:00+00:00
[2025-07-21T17:48:47.351+0000] {processor.py:208} INFO - Processing /opt/airflow/dags/train_crowd_pred.py took 3.707 seconds
[2025-07-21T17:49:18.553+0000] {processor.py:186} INFO - Started process (PID=2115) to work on /opt/airflow/dags/train_crowd_pred.py
[2025-07-21T17:49:18.555+0000] {processor.py:914} INFO - Processing file /opt/airflow/dags/train_crowd_pred.py for tasks to queue
[2025-07-21T17:49:18.558+0000] {logging_mixin.py:190} INFO - [2025-07-21T17:49:18.558+0000] {dagbag.py:588} INFO - Filling up the DagBag from /opt/airflow/dags/train_crowd_pred.py
[2025-07-21T17:49:22.423+0000] {processor.py:925} INFO - DAG(s) 'train_crowd_pred' retrieved from /opt/airflow/dags/train_crowd_pred.py
[2025-07-21T17:49:22.450+0000] {logging_mixin.py:190} INFO - [2025-07-21T17:49:22.450+0000] {dag.py:3239} INFO - Sync 1 DAGs
[2025-07-21T17:49:22.469+0000] {logging_mixin.py:190} INFO - [2025-07-21T17:49:22.469+0000] {dag.py:4180} INFO - Setting next_dagrun for train_crowd_pred to 2025-07-21 00:00:00+00:00, run_after=2025-07-22 00:00:00+00:00
[2025-07-21T17:49:22.484+0000] {processor.py:208} INFO - Processing /opt/airflow/dags/train_crowd_pred.py took 3.938 seconds
[2025-07-21T17:49:53.884+0000] {processor.py:186} INFO - Started process (PID=2213) to work on /opt/airflow/dags/train_crowd_pred.py
[2025-07-21T17:49:53.886+0000] {processor.py:914} INFO - Processing file /opt/airflow/dags/train_crowd_pred.py for tasks to queue
[2025-07-21T17:49:53.889+0000] {logging_mixin.py:190} INFO - [2025-07-21T17:49:53.889+0000] {dagbag.py:588} INFO - Filling up the DagBag from /opt/airflow/dags/train_crowd_pred.py
[2025-07-21T17:49:57.826+0000] {processor.py:925} INFO - DAG(s) 'train_crowd_pred' retrieved from /opt/airflow/dags/train_crowd_pred.py
[2025-07-21T17:49:57.851+0000] {logging_mixin.py:190} INFO - [2025-07-21T17:49:57.850+0000] {dag.py:3239} INFO - Sync 1 DAGs
[2025-07-21T17:49:57.869+0000] {logging_mixin.py:190} INFO - [2025-07-21T17:49:57.869+0000] {dag.py:4180} INFO - Setting next_dagrun for train_crowd_pred to 2025-07-21 00:00:00+00:00, run_after=2025-07-22 00:00:00+00:00
[2025-07-21T17:49:57.885+0000] {processor.py:208} INFO - Processing /opt/airflow/dags/train_crowd_pred.py took 4.009 seconds
[2025-07-21T17:50:29.231+0000] {processor.py:186} INFO - Started process (PID=2311) to work on /opt/airflow/dags/train_crowd_pred.py
[2025-07-21T17:50:29.232+0000] {processor.py:914} INFO - Processing file /opt/airflow/dags/train_crowd_pred.py for tasks to queue
[2025-07-21T17:50:29.234+0000] {logging_mixin.py:190} INFO - [2025-07-21T17:50:29.234+0000] {dagbag.py:588} INFO - Filling up the DagBag from /opt/airflow/dags/train_crowd_pred.py
[2025-07-21T17:50:32.509+0000] {processor.py:925} INFO - DAG(s) 'train_crowd_pred' retrieved from /opt/airflow/dags/train_crowd_pred.py
[2025-07-21T17:50:32.530+0000] {logging_mixin.py:190} INFO - [2025-07-21T17:50:32.530+0000] {dag.py:3239} INFO - Sync 1 DAGs
[2025-07-21T17:50:32.547+0000] {logging_mixin.py:190} INFO - [2025-07-21T17:50:32.547+0000] {dag.py:4180} INFO - Setting next_dagrun for train_crowd_pred to 2025-07-21 00:00:00+00:00, run_after=2025-07-22 00:00:00+00:00
[2025-07-21T17:50:32.562+0000] {processor.py:208} INFO - Processing /opt/airflow/dags/train_crowd_pred.py took 3.338 seconds
[2025-07-21T17:51:03.883+0000] {processor.py:186} INFO - Started process (PID=2415) to work on /opt/airflow/dags/train_crowd_pred.py
[2025-07-21T17:51:03.884+0000] {processor.py:914} INFO - Processing file /opt/airflow/dags/train_crowd_pred.py for tasks to queue
[2025-07-21T17:51:03.887+0000] {logging_mixin.py:190} INFO - [2025-07-21T17:51:03.886+0000] {dagbag.py:588} INFO - Filling up the DagBag from /opt/airflow/dags/train_crowd_pred.py
[2025-07-21T17:51:07.394+0000] {processor.py:925} INFO - DAG(s) 'train_crowd_pred' retrieved from /opt/airflow/dags/train_crowd_pred.py
[2025-07-21T17:51:07.418+0000] {logging_mixin.py:190} INFO - [2025-07-21T17:51:07.418+0000] {dag.py:3239} INFO - Sync 1 DAGs
[2025-07-21T17:51:07.438+0000] {logging_mixin.py:190} INFO - [2025-07-21T17:51:07.438+0000] {dag.py:4180} INFO - Setting next_dagrun for train_crowd_pred to 2025-07-21 00:00:00+00:00, run_after=2025-07-22 00:00:00+00:00
[2025-07-21T17:51:07.453+0000] {processor.py:208} INFO - Processing /opt/airflow/dags/train_crowd_pred.py took 3.579 seconds
[2025-07-21T17:51:38.591+0000] {processor.py:186} INFO - Started process (PID=2513) to work on /opt/airflow/dags/train_crowd_pred.py
[2025-07-21T17:51:38.593+0000] {processor.py:914} INFO - Processing file /opt/airflow/dags/train_crowd_pred.py for tasks to queue
[2025-07-21T17:51:38.598+0000] {logging_mixin.py:190} INFO - [2025-07-21T17:51:38.597+0000] {dagbag.py:588} INFO - Filling up the DagBag from /opt/airflow/dags/train_crowd_pred.py
[2025-07-21T17:51:42.079+0000] {processor.py:925} INFO - DAG(s) 'train_crowd_pred' retrieved from /opt/airflow/dags/train_crowd_pred.py
[2025-07-21T17:51:42.100+0000] {logging_mixin.py:190} INFO - [2025-07-21T17:51:42.100+0000] {dag.py:3239} INFO - Sync 1 DAGs
[2025-07-21T17:51:42.118+0000] {logging_mixin.py:190} INFO - [2025-07-21T17:51:42.118+0000] {dag.py:4180} INFO - Setting next_dagrun for train_crowd_pred to 2025-07-21 00:00:00+00:00, run_after=2025-07-22 00:00:00+00:00
[2025-07-21T17:51:42.134+0000] {processor.py:208} INFO - Processing /opt/airflow/dags/train_crowd_pred.py took 3.552 seconds
[2025-07-21T17:52:13.568+0000] {processor.py:186} INFO - Started process (PID=2611) to work on /opt/airflow/dags/train_crowd_pred.py
[2025-07-21T17:52:13.569+0000] {processor.py:914} INFO - Processing file /opt/airflow/dags/train_crowd_pred.py for tasks to queue
[2025-07-21T17:52:13.571+0000] {logging_mixin.py:190} INFO - [2025-07-21T17:52:13.571+0000] {dagbag.py:588} INFO - Filling up the DagBag from /opt/airflow/dags/train_crowd_pred.py
[2025-07-21T17:52:17.088+0000] {processor.py:925} INFO - DAG(s) 'train_crowd_pred' retrieved from /opt/airflow/dags/train_crowd_pred.py
[2025-07-21T17:52:17.111+0000] {logging_mixin.py:190} INFO - [2025-07-21T17:52:17.110+0000] {dag.py:3239} INFO - Sync 1 DAGs
[2025-07-21T17:52:17.131+0000] {logging_mixin.py:190} INFO - [2025-07-21T17:52:17.131+0000] {dag.py:4180} INFO - Setting next_dagrun for train_crowd_pred to 2025-07-21 00:00:00+00:00, run_after=2025-07-22 00:00:00+00:00
[2025-07-21T17:52:17.153+0000] {processor.py:208} INFO - Processing /opt/airflow/dags/train_crowd_pred.py took 3.592 seconds
[2025-07-21T17:52:48.482+0000] {processor.py:186} INFO - Started process (PID=2709) to work on /opt/airflow/dags/train_crowd_pred.py
[2025-07-21T17:52:48.483+0000] {processor.py:914} INFO - Processing file /opt/airflow/dags/train_crowd_pred.py for tasks to queue
[2025-07-21T17:52:48.486+0000] {logging_mixin.py:190} INFO - [2025-07-21T17:52:48.485+0000] {dagbag.py:588} INFO - Filling up the DagBag from /opt/airflow/dags/train_crowd_pred.py
[2025-07-21T17:52:51.783+0000] {processor.py:925} INFO - DAG(s) 'train_crowd_pred' retrieved from /opt/airflow/dags/train_crowd_pred.py
[2025-07-21T17:52:51.804+0000] {logging_mixin.py:190} INFO - [2025-07-21T17:52:51.804+0000] {dag.py:3239} INFO - Sync 1 DAGs
[2025-07-21T17:52:51.823+0000] {logging_mixin.py:190} INFO - [2025-07-21T17:52:51.822+0000] {dag.py:4180} INFO - Setting next_dagrun for train_crowd_pred to 2025-07-21 00:00:00+00:00, run_after=2025-07-22 00:00:00+00:00
[2025-07-21T17:52:51.839+0000] {processor.py:208} INFO - Processing /opt/airflow/dags/train_crowd_pred.py took 3.363 seconds
[2025-07-21T17:53:23.538+0000] {processor.py:186} INFO - Started process (PID=2807) to work on /opt/airflow/dags/train_crowd_pred.py
[2025-07-21T17:53:23.539+0000] {processor.py:914} INFO - Processing file /opt/airflow/dags/train_crowd_pred.py for tasks to queue
[2025-07-21T17:53:23.541+0000] {logging_mixin.py:190} INFO - [2025-07-21T17:53:23.541+0000] {dagbag.py:588} INFO - Filling up the DagBag from /opt/airflow/dags/train_crowd_pred.py
[2025-07-21T17:53:26.832+0000] {processor.py:925} INFO - DAG(s) 'train_crowd_pred' retrieved from /opt/airflow/dags/train_crowd_pred.py
[2025-07-21T17:53:26.851+0000] {logging_mixin.py:190} INFO - [2025-07-21T17:53:26.851+0000] {dag.py:3239} INFO - Sync 1 DAGs
[2025-07-21T17:53:26.868+0000] {logging_mixin.py:190} INFO - [2025-07-21T17:53:26.868+0000] {dag.py:4180} INFO - Setting next_dagrun for train_crowd_pred to 2025-07-21 00:00:00+00:00, run_after=2025-07-22 00:00:00+00:00
[2025-07-21T17:53:26.882+0000] {processor.py:208} INFO - Processing /opt/airflow/dags/train_crowd_pred.py took 3.350 seconds
[2025-07-21T17:53:58.801+0000] {processor.py:186} INFO - Started process (PID=2905) to work on /opt/airflow/dags/train_crowd_pred.py
[2025-07-21T17:53:58.803+0000] {processor.py:914} INFO - Processing file /opt/airflow/dags/train_crowd_pred.py for tasks to queue
[2025-07-21T17:53:58.805+0000] {logging_mixin.py:190} INFO - [2025-07-21T17:53:58.805+0000] {dagbag.py:588} INFO - Filling up the DagBag from /opt/airflow/dags/train_crowd_pred.py
[2025-07-21T17:54:01.963+0000] {processor.py:925} INFO - DAG(s) 'train_crowd_pred' retrieved from /opt/airflow/dags/train_crowd_pred.py
[2025-07-21T17:54:01.983+0000] {logging_mixin.py:190} INFO - [2025-07-21T17:54:01.983+0000] {dag.py:3239} INFO - Sync 1 DAGs
[2025-07-21T17:54:02.000+0000] {logging_mixin.py:190} INFO - [2025-07-21T17:54:01.999+0000] {dag.py:4180} INFO - Setting next_dagrun for train_crowd_pred to 2025-07-21 00:00:00+00:00, run_after=2025-07-22 00:00:00+00:00
[2025-07-21T17:54:02.013+0000] {processor.py:208} INFO - Processing /opt/airflow/dags/train_crowd_pred.py took 3.219 seconds
[2025-07-21T17:54:33.375+0000] {processor.py:186} INFO - Started process (PID=3003) to work on /opt/airflow/dags/train_crowd_pred.py
[2025-07-21T17:54:33.376+0000] {processor.py:914} INFO - Processing file /opt/airflow/dags/train_crowd_pred.py for tasks to queue
[2025-07-21T17:54:33.378+0000] {logging_mixin.py:190} INFO - [2025-07-21T17:54:33.378+0000] {dagbag.py:588} INFO - Filling up the DagBag from /opt/airflow/dags/train_crowd_pred.py
[2025-07-21T17:54:36.832+0000] {processor.py:925} INFO - DAG(s) 'train_crowd_pred' retrieved from /opt/airflow/dags/train_crowd_pred.py
[2025-07-21T17:54:36.854+0000] {logging_mixin.py:190} INFO - [2025-07-21T17:54:36.854+0000] {dag.py:3239} INFO - Sync 1 DAGs
[2025-07-21T17:54:36.872+0000] {logging_mixin.py:190} INFO - [2025-07-21T17:54:36.872+0000] {dag.py:4180} INFO - Setting next_dagrun for train_crowd_pred to 2025-07-21 00:00:00+00:00, run_after=2025-07-22 00:00:00+00:00
[2025-07-21T17:54:36.885+0000] {processor.py:208} INFO - Processing /opt/airflow/dags/train_crowd_pred.py took 3.517 seconds
[2025-07-21T17:55:08.084+0000] {processor.py:186} INFO - Started process (PID=3107) to work on /opt/airflow/dags/train_crowd_pred.py
[2025-07-21T17:55:08.085+0000] {processor.py:914} INFO - Processing file /opt/airflow/dags/train_crowd_pred.py for tasks to queue
[2025-07-21T17:55:08.087+0000] {logging_mixin.py:190} INFO - [2025-07-21T17:55:08.087+0000] {dagbag.py:588} INFO - Filling up the DagBag from /opt/airflow/dags/train_crowd_pred.py
[2025-07-21T17:55:11.457+0000] {processor.py:925} INFO - DAG(s) 'train_crowd_pred' retrieved from /opt/airflow/dags/train_crowd_pred.py
[2025-07-21T17:55:11.479+0000] {logging_mixin.py:190} INFO - [2025-07-21T17:55:11.478+0000] {dag.py:3239} INFO - Sync 1 DAGs
[2025-07-21T17:55:11.497+0000] {logging_mixin.py:190} INFO - [2025-07-21T17:55:11.497+0000] {dag.py:4180} INFO - Setting next_dagrun for train_crowd_pred to 2025-07-21 00:00:00+00:00, run_after=2025-07-22 00:00:00+00:00
[2025-07-21T17:55:11.513+0000] {processor.py:208} INFO - Processing /opt/airflow/dags/train_crowd_pred.py took 3.435 seconds
[2025-07-21T17:55:42.674+0000] {processor.py:186} INFO - Started process (PID=3205) to work on /opt/airflow/dags/train_crowd_pred.py
[2025-07-21T17:55:42.676+0000] {processor.py:914} INFO - Processing file /opt/airflow/dags/train_crowd_pred.py for tasks to queue
[2025-07-21T17:55:42.678+0000] {logging_mixin.py:190} INFO - [2025-07-21T17:55:42.678+0000] {dagbag.py:588} INFO - Filling up the DagBag from /opt/airflow/dags/train_crowd_pred.py
[2025-07-21T17:55:46.311+0000] {processor.py:925} INFO - DAG(s) 'train_crowd_pred' retrieved from /opt/airflow/dags/train_crowd_pred.py
[2025-07-21T17:55:46.333+0000] {logging_mixin.py:190} INFO - [2025-07-21T17:55:46.333+0000] {dag.py:3239} INFO - Sync 1 DAGs
[2025-07-21T17:55:46.352+0000] {logging_mixin.py:190} INFO - [2025-07-21T17:55:46.352+0000] {dag.py:4180} INFO - Setting next_dagrun for train_crowd_pred to 2025-07-21 00:00:00+00:00, run_after=2025-07-22 00:00:00+00:00
[2025-07-21T17:55:46.367+0000] {processor.py:208} INFO - Processing /opt/airflow/dags/train_crowd_pred.py took 3.699 seconds
[2025-07-21T17:56:17.477+0000] {processor.py:186} INFO - Started process (PID=3303) to work on /opt/airflow/dags/train_crowd_pred.py
[2025-07-21T17:56:17.478+0000] {processor.py:914} INFO - Processing file /opt/airflow/dags/train_crowd_pred.py for tasks to queue
[2025-07-21T17:56:17.480+0000] {logging_mixin.py:190} INFO - [2025-07-21T17:56:17.480+0000] {dagbag.py:588} INFO - Filling up the DagBag from /opt/airflow/dags/train_crowd_pred.py
[2025-07-21T17:56:20.813+0000] {processor.py:925} INFO - DAG(s) 'train_crowd_pred' retrieved from /opt/airflow/dags/train_crowd_pred.py
[2025-07-21T17:56:20.834+0000] {logging_mixin.py:190} INFO - [2025-07-21T17:56:20.834+0000] {dag.py:3239} INFO - Sync 1 DAGs
[2025-07-21T17:56:20.853+0000] {logging_mixin.py:190} INFO - [2025-07-21T17:56:20.852+0000] {dag.py:4180} INFO - Setting next_dagrun for train_crowd_pred to 2025-07-21 00:00:00+00:00, run_after=2025-07-22 00:00:00+00:00
[2025-07-21T17:56:20.869+0000] {processor.py:208} INFO - Processing /opt/airflow/dags/train_crowd_pred.py took 3.399 seconds
[2025-07-21T17:56:52.851+0000] {processor.py:186} INFO - Started process (PID=3401) to work on /opt/airflow/dags/train_crowd_pred.py
[2025-07-21T17:56:52.852+0000] {processor.py:914} INFO - Processing file /opt/airflow/dags/train_crowd_pred.py for tasks to queue
[2025-07-21T17:56:52.854+0000] {logging_mixin.py:190} INFO - [2025-07-21T17:56:52.853+0000] {dagbag.py:588} INFO - Filling up the DagBag from /opt/airflow/dags/train_crowd_pred.py
[2025-07-21T17:56:56.404+0000] {processor.py:925} INFO - DAG(s) 'train_crowd_pred' retrieved from /opt/airflow/dags/train_crowd_pred.py
[2025-07-21T17:56:56.427+0000] {logging_mixin.py:190} INFO - [2025-07-21T17:56:56.427+0000] {dag.py:3239} INFO - Sync 1 DAGs
[2025-07-21T17:56:56.447+0000] {logging_mixin.py:190} INFO - [2025-07-21T17:56:56.446+0000] {dag.py:4180} INFO - Setting next_dagrun for train_crowd_pred to 2025-07-21 00:00:00+00:00, run_after=2025-07-22 00:00:00+00:00
[2025-07-21T17:56:56.463+0000] {processor.py:208} INFO - Processing /opt/airflow/dags/train_crowd_pred.py took 3.618 seconds
[2025-07-21T17:57:28.085+0000] {processor.py:186} INFO - Started process (PID=3499) to work on /opt/airflow/dags/train_crowd_pred.py
[2025-07-21T17:57:28.086+0000] {processor.py:914} INFO - Processing file /opt/airflow/dags/train_crowd_pred.py for tasks to queue
[2025-07-21T17:57:28.088+0000] {logging_mixin.py:190} INFO - [2025-07-21T17:57:28.088+0000] {dagbag.py:588} INFO - Filling up the DagBag from /opt/airflow/dags/train_crowd_pred.py
[2025-07-21T17:57:31.643+0000] {processor.py:925} INFO - DAG(s) 'train_crowd_pred' retrieved from /opt/airflow/dags/train_crowd_pred.py
[2025-07-21T17:57:31.665+0000] {logging_mixin.py:190} INFO - [2025-07-21T17:57:31.664+0000] {dag.py:3239} INFO - Sync 1 DAGs
[2025-07-21T17:57:31.684+0000] {logging_mixin.py:190} INFO - [2025-07-21T17:57:31.684+0000] {dag.py:4180} INFO - Setting next_dagrun for train_crowd_pred to 2025-07-21 00:00:00+00:00, run_after=2025-07-22 00:00:00+00:00
[2025-07-21T17:57:31.702+0000] {processor.py:208} INFO - Processing /opt/airflow/dags/train_crowd_pred.py took 3.625 seconds
[2025-07-21T17:58:03.190+0000] {processor.py:186} INFO - Started process (PID=3597) to work on /opt/airflow/dags/train_crowd_pred.py
[2025-07-21T17:58:03.191+0000] {processor.py:914} INFO - Processing file /opt/airflow/dags/train_crowd_pred.py for tasks to queue
[2025-07-21T17:58:03.194+0000] {logging_mixin.py:190} INFO - [2025-07-21T17:58:03.194+0000] {dagbag.py:588} INFO - Filling up the DagBag from /opt/airflow/dags/train_crowd_pred.py
[2025-07-21T17:58:06.932+0000] {processor.py:925} INFO - DAG(s) 'train_crowd_pred' retrieved from /opt/airflow/dags/train_crowd_pred.py
[2025-07-21T17:58:06.954+0000] {logging_mixin.py:190} INFO - [2025-07-21T17:58:06.954+0000] {dag.py:3239} INFO - Sync 1 DAGs
[2025-07-21T17:58:06.974+0000] {logging_mixin.py:190} INFO - [2025-07-21T17:58:06.974+0000] {dag.py:4180} INFO - Setting next_dagrun for train_crowd_pred to 2025-07-21 00:00:00+00:00, run_after=2025-07-22 00:00:00+00:00
[2025-07-21T17:58:06.989+0000] {processor.py:208} INFO - Processing /opt/airflow/dags/train_crowd_pred.py took 3.807 seconds
[2025-07-21T17:58:38.317+0000] {processor.py:186} INFO - Started process (PID=3701) to work on /opt/airflow/dags/train_crowd_pred.py
[2025-07-21T17:58:38.318+0000] {processor.py:914} INFO - Processing file /opt/airflow/dags/train_crowd_pred.py for tasks to queue
[2025-07-21T17:58:38.321+0000] {logging_mixin.py:190} INFO - [2025-07-21T17:58:38.321+0000] {dagbag.py:588} INFO - Filling up the DagBag from /opt/airflow/dags/train_crowd_pred.py
[2025-07-21T17:58:41.714+0000] {processor.py:925} INFO - DAG(s) 'train_crowd_pred' retrieved from /opt/airflow/dags/train_crowd_pred.py
[2025-07-21T17:58:41.735+0000] {logging_mixin.py:190} INFO - [2025-07-21T17:58:41.734+0000] {dag.py:3239} INFO - Sync 1 DAGs
[2025-07-21T17:58:41.754+0000] {logging_mixin.py:190} INFO - [2025-07-21T17:58:41.754+0000] {dag.py:4180} INFO - Setting next_dagrun for train_crowd_pred to 2025-07-21 00:00:00+00:00, run_after=2025-07-22 00:00:00+00:00
[2025-07-21T17:58:41.768+0000] {processor.py:208} INFO - Processing /opt/airflow/dags/train_crowd_pred.py took 3.457 seconds
[2025-07-21T17:59:12.940+0000] {processor.py:186} INFO - Started process (PID=3799) to work on /opt/airflow/dags/train_crowd_pred.py
[2025-07-21T17:59:12.941+0000] {processor.py:914} INFO - Processing file /opt/airflow/dags/train_crowd_pred.py for tasks to queue
[2025-07-21T17:59:12.943+0000] {logging_mixin.py:190} INFO - [2025-07-21T17:59:12.943+0000] {dagbag.py:588} INFO - Filling up the DagBag from /opt/airflow/dags/train_crowd_pred.py
[2025-07-21T17:59:16.291+0000] {processor.py:925} INFO - DAG(s) 'train_crowd_pred' retrieved from /opt/airflow/dags/train_crowd_pred.py
[2025-07-21T17:59:16.314+0000] {logging_mixin.py:190} INFO - [2025-07-21T17:59:16.313+0000] {dag.py:3239} INFO - Sync 1 DAGs
[2025-07-21T17:59:16.333+0000] {logging_mixin.py:190} INFO - [2025-07-21T17:59:16.332+0000] {dag.py:4180} INFO - Setting next_dagrun for train_crowd_pred to 2025-07-21 00:00:00+00:00, run_after=2025-07-22 00:00:00+00:00
[2025-07-21T17:59:16.349+0000] {processor.py:208} INFO - Processing /opt/airflow/dags/train_crowd_pred.py took 3.415 seconds
[2025-07-21T17:59:48.057+0000] {processor.py:186} INFO - Started process (PID=3897) to work on /opt/airflow/dags/train_crowd_pred.py
[2025-07-21T17:59:48.059+0000] {processor.py:914} INFO - Processing file /opt/airflow/dags/train_crowd_pred.py for tasks to queue
[2025-07-21T17:59:48.061+0000] {logging_mixin.py:190} INFO - [2025-07-21T17:59:48.061+0000] {dagbag.py:588} INFO - Filling up the DagBag from /opt/airflow/dags/train_crowd_pred.py
[2025-07-21T17:59:51.743+0000] {processor.py:925} INFO - DAG(s) 'train_crowd_pred' retrieved from /opt/airflow/dags/train_crowd_pred.py
[2025-07-21T17:59:51.766+0000] {logging_mixin.py:190} INFO - [2025-07-21T17:59:51.765+0000] {dag.py:3239} INFO - Sync 1 DAGs
[2025-07-21T17:59:51.785+0000] {logging_mixin.py:190} INFO - [2025-07-21T17:59:51.785+0000] {dag.py:4180} INFO - Setting next_dagrun for train_crowd_pred to 2025-07-21 00:00:00+00:00, run_after=2025-07-22 00:00:00+00:00
[2025-07-21T17:59:51.801+0000] {processor.py:208} INFO - Processing /opt/airflow/dags/train_crowd_pred.py took 3.751 seconds
[2025-07-21T18:00:23.411+0000] {processor.py:186} INFO - Started process (PID=3995) to work on /opt/airflow/dags/train_crowd_pred.py
[2025-07-21T18:00:23.412+0000] {processor.py:914} INFO - Processing file /opt/airflow/dags/train_crowd_pred.py for tasks to queue
[2025-07-21T18:00:23.415+0000] {logging_mixin.py:190} INFO - [2025-07-21T18:00:23.414+0000] {dagbag.py:588} INFO - Filling up the DagBag from /opt/airflow/dags/train_crowd_pred.py
[2025-07-21T18:00:27.014+0000] {processor.py:925} INFO - DAG(s) 'train_crowd_pred' retrieved from /opt/airflow/dags/train_crowd_pred.py
[2025-07-21T18:00:27.038+0000] {logging_mixin.py:190} INFO - [2025-07-21T18:00:27.038+0000] {dag.py:3239} INFO - Sync 1 DAGs
[2025-07-21T18:00:27.056+0000] {logging_mixin.py:190} INFO - [2025-07-21T18:00:27.056+0000] {dag.py:4180} INFO - Setting next_dagrun for train_crowd_pred to 2025-07-21 00:00:00+00:00, run_after=2025-07-22 00:00:00+00:00
[2025-07-21T18:00:27.071+0000] {processor.py:208} INFO - Processing /opt/airflow/dags/train_crowd_pred.py took 3.670 seconds
[2025-07-21T18:00:58.511+0000] {processor.py:186} INFO - Started process (PID=4093) to work on /opt/airflow/dags/train_crowd_pred.py
[2025-07-21T18:00:58.512+0000] {processor.py:914} INFO - Processing file /opt/airflow/dags/train_crowd_pred.py for tasks to queue
[2025-07-21T18:00:58.516+0000] {logging_mixin.py:190} INFO - [2025-07-21T18:00:58.515+0000] {dagbag.py:588} INFO - Filling up the DagBag from /opt/airflow/dags/train_crowd_pred.py
[2025-07-21T18:01:02.025+0000] {processor.py:925} INFO - DAG(s) 'train_crowd_pred' retrieved from /opt/airflow/dags/train_crowd_pred.py
[2025-07-21T18:01:02.047+0000] {logging_mixin.py:190} INFO - [2025-07-21T18:01:02.046+0000] {dag.py:3239} INFO - Sync 1 DAGs
[2025-07-21T18:01:02.065+0000] {logging_mixin.py:190} INFO - [2025-07-21T18:01:02.064+0000] {dag.py:4180} INFO - Setting next_dagrun for train_crowd_pred to 2025-07-21 00:00:00+00:00, run_after=2025-07-22 00:00:00+00:00
[2025-07-21T18:01:02.080+0000] {processor.py:208} INFO - Processing /opt/airflow/dags/train_crowd_pred.py took 3.578 seconds
[2025-07-21T18:01:33.948+0000] {processor.py:186} INFO - Started process (PID=4191) to work on /opt/airflow/dags/train_crowd_pred.py
[2025-07-21T18:01:33.949+0000] {processor.py:914} INFO - Processing file /opt/airflow/dags/train_crowd_pred.py for tasks to queue
[2025-07-21T18:01:33.951+0000] {logging_mixin.py:190} INFO - [2025-07-21T18:01:33.951+0000] {dagbag.py:588} INFO - Filling up the DagBag from /opt/airflow/dags/train_crowd_pred.py
[2025-07-21T18:01:37.287+0000] {processor.py:925} INFO - DAG(s) 'train_crowd_pred' retrieved from /opt/airflow/dags/train_crowd_pred.py
[2025-07-21T18:01:37.310+0000] {logging_mixin.py:190} INFO - [2025-07-21T18:01:37.309+0000] {dag.py:3239} INFO - Sync 1 DAGs
[2025-07-21T18:01:37.327+0000] {logging_mixin.py:190} INFO - [2025-07-21T18:01:37.327+0000] {dag.py:4180} INFO - Setting next_dagrun for train_crowd_pred to 2025-07-21 00:00:00+00:00, run_after=2025-07-22 00:00:00+00:00
[2025-07-21T18:01:37.341+0000] {processor.py:208} INFO - Processing /opt/airflow/dags/train_crowd_pred.py took 3.399 seconds
[2025-07-21T18:02:08.885+0000] {processor.py:186} INFO - Started process (PID=4295) to work on /opt/airflow/dags/train_crowd_pred.py
[2025-07-21T18:02:08.886+0000] {processor.py:914} INFO - Processing file /opt/airflow/dags/train_crowd_pred.py for tasks to queue
[2025-07-21T18:02:08.888+0000] {logging_mixin.py:190} INFO - [2025-07-21T18:02:08.888+0000] {dagbag.py:588} INFO - Filling up the DagBag from /opt/airflow/dags/train_crowd_pred.py
[2025-07-21T18:02:12.369+0000] {processor.py:925} INFO - DAG(s) 'train_crowd_pred' retrieved from /opt/airflow/dags/train_crowd_pred.py
[2025-07-21T18:02:12.391+0000] {logging_mixin.py:190} INFO - [2025-07-21T18:02:12.391+0000] {dag.py:3239} INFO - Sync 1 DAGs
[2025-07-21T18:02:12.411+0000] {logging_mixin.py:190} INFO - [2025-07-21T18:02:12.411+0000] {dag.py:4180} INFO - Setting next_dagrun for train_crowd_pred to 2025-07-21 00:00:00+00:00, run_after=2025-07-22 00:00:00+00:00
[2025-07-21T18:02:12.428+0000] {processor.py:208} INFO - Processing /opt/airflow/dags/train_crowd_pred.py took 3.552 seconds
[2025-07-21T18:02:43.564+0000] {processor.py:186} INFO - Started process (PID=4393) to work on /opt/airflow/dags/train_crowd_pred.py
[2025-07-21T18:02:43.565+0000] {processor.py:914} INFO - Processing file /opt/airflow/dags/train_crowd_pred.py for tasks to queue
[2025-07-21T18:02:43.567+0000] {logging_mixin.py:190} INFO - [2025-07-21T18:02:43.567+0000] {dagbag.py:588} INFO - Filling up the DagBag from /opt/airflow/dags/train_crowd_pred.py
[2025-07-21T18:02:46.991+0000] {processor.py:925} INFO - DAG(s) 'train_crowd_pred' retrieved from /opt/airflow/dags/train_crowd_pred.py
[2025-07-21T18:02:47.014+0000] {logging_mixin.py:190} INFO - [2025-07-21T18:02:47.013+0000] {dag.py:3239} INFO - Sync 1 DAGs
[2025-07-21T18:02:47.035+0000] {logging_mixin.py:190} INFO - [2025-07-21T18:02:47.034+0000] {dag.py:4180} INFO - Setting next_dagrun for train_crowd_pred to 2025-07-21 00:00:00+00:00, run_after=2025-07-22 00:00:00+00:00
[2025-07-21T18:02:47.050+0000] {processor.py:208} INFO - Processing /opt/airflow/dags/train_crowd_pred.py took 3.493 seconds
[2025-07-21T18:03:18.555+0000] {processor.py:186} INFO - Started process (PID=4491) to work on /opt/airflow/dags/train_crowd_pred.py
[2025-07-21T18:03:18.556+0000] {processor.py:914} INFO - Processing file /opt/airflow/dags/train_crowd_pred.py for tasks to queue
[2025-07-21T18:03:18.558+0000] {logging_mixin.py:190} INFO - [2025-07-21T18:03:18.558+0000] {dagbag.py:588} INFO - Filling up the DagBag from /opt/airflow/dags/train_crowd_pred.py
[2025-07-21T18:03:21.869+0000] {processor.py:925} INFO - DAG(s) 'train_crowd_pred' retrieved from /opt/airflow/dags/train_crowd_pred.py
[2025-07-21T18:03:21.889+0000] {logging_mixin.py:190} INFO - [2025-07-21T18:03:21.888+0000] {dag.py:3239} INFO - Sync 1 DAGs
[2025-07-21T18:03:21.907+0000] {logging_mixin.py:190} INFO - [2025-07-21T18:03:21.907+0000] {dag.py:4180} INFO - Setting next_dagrun for train_crowd_pred to 2025-07-21 00:00:00+00:00, run_after=2025-07-22 00:00:00+00:00
[2025-07-21T18:03:21.920+0000] {processor.py:208} INFO - Processing /opt/airflow/dags/train_crowd_pred.py took 3.371 seconds
[2025-07-21T18:03:54.423+0000] {processor.py:186} INFO - Started process (PID=4589) to work on /opt/airflow/dags/train_crowd_pred.py
[2025-07-21T18:03:54.424+0000] {processor.py:914} INFO - Processing file /opt/airflow/dags/train_crowd_pred.py for tasks to queue
[2025-07-21T18:03:54.428+0000] {logging_mixin.py:190} INFO - [2025-07-21T18:03:54.427+0000] {dagbag.py:588} INFO - Filling up the DagBag from /opt/airflow/dags/train_crowd_pred.py
[2025-07-21T18:03:57.902+0000] {processor.py:925} INFO - DAG(s) 'train_crowd_pred' retrieved from /opt/airflow/dags/train_crowd_pred.py
[2025-07-21T18:03:57.923+0000] {logging_mixin.py:190} INFO - [2025-07-21T18:03:57.922+0000] {dag.py:3239} INFO - Sync 1 DAGs
[2025-07-21T18:03:57.941+0000] {logging_mixin.py:190} INFO - [2025-07-21T18:03:57.940+0000] {dag.py:4180} INFO - Setting next_dagrun for train_crowd_pred to 2025-07-21 00:00:00+00:00, run_after=2025-07-22 00:00:00+00:00
[2025-07-21T18:03:57.955+0000] {processor.py:208} INFO - Processing /opt/airflow/dags/train_crowd_pred.py took 3.540 seconds
[2025-07-21T18:04:29.430+0000] {processor.py:186} INFO - Started process (PID=4687) to work on /opt/airflow/dags/train_crowd_pred.py
[2025-07-21T18:04:29.431+0000] {processor.py:914} INFO - Processing file /opt/airflow/dags/train_crowd_pred.py for tasks to queue
[2025-07-21T18:04:29.433+0000] {logging_mixin.py:190} INFO - [2025-07-21T18:04:29.433+0000] {dagbag.py:588} INFO - Filling up the DagBag from /opt/airflow/dags/train_crowd_pred.py
[2025-07-21T18:04:33.010+0000] {processor.py:925} INFO - DAG(s) 'train_crowd_pred' retrieved from /opt/airflow/dags/train_crowd_pred.py
[2025-07-21T18:04:33.033+0000] {logging_mixin.py:190} INFO - [2025-07-21T18:04:33.032+0000] {dag.py:3239} INFO - Sync 1 DAGs
[2025-07-21T18:04:33.053+0000] {logging_mixin.py:190} INFO - [2025-07-21T18:04:33.052+0000] {dag.py:4180} INFO - Setting next_dagrun for train_crowd_pred to 2025-07-21 00:00:00+00:00, run_after=2025-07-22 00:00:00+00:00
[2025-07-21T18:04:33.070+0000] {processor.py:208} INFO - Processing /opt/airflow/dags/train_crowd_pred.py took 3.649 seconds
[2025-07-21T18:05:04.703+0000] {processor.py:186} INFO - Started process (PID=4786) to work on /opt/airflow/dags/train_crowd_pred.py
[2025-07-21T18:05:04.705+0000] {processor.py:914} INFO - Processing file /opt/airflow/dags/train_crowd_pred.py for tasks to queue
[2025-07-21T18:05:04.708+0000] {logging_mixin.py:190} INFO - [2025-07-21T18:05:04.707+0000] {dagbag.py:588} INFO - Filling up the DagBag from /opt/airflow/dags/train_crowd_pred.py
[2025-07-21T18:05:08.480+0000] {processor.py:925} INFO - DAG(s) 'train_crowd_pred' retrieved from /opt/airflow/dags/train_crowd_pred.py
[2025-07-21T18:05:08.505+0000] {logging_mixin.py:190} INFO - [2025-07-21T18:05:08.505+0000] {dag.py:3239} INFO - Sync 1 DAGs
[2025-07-21T18:05:08.527+0000] {logging_mixin.py:190} INFO - [2025-07-21T18:05:08.527+0000] {dag.py:4180} INFO - Setting next_dagrun for train_crowd_pred to 2025-07-21 00:00:00+00:00, run_after=2025-07-22 00:00:00+00:00
[2025-07-21T18:05:08.544+0000] {processor.py:208} INFO - Processing /opt/airflow/dags/train_crowd_pred.py took 3.850 seconds
[2025-07-21T18:05:40.059+0000] {processor.py:186} INFO - Started process (PID=4890) to work on /opt/airflow/dags/train_crowd_pred.py
[2025-07-21T18:05:40.061+0000] {processor.py:914} INFO - Processing file /opt/airflow/dags/train_crowd_pred.py for tasks to queue
[2025-07-21T18:05:40.063+0000] {logging_mixin.py:190} INFO - [2025-07-21T18:05:40.063+0000] {dagbag.py:588} INFO - Filling up the DagBag from /opt/airflow/dags/train_crowd_pred.py
[2025-07-21T18:05:43.641+0000] {processor.py:925} INFO - DAG(s) 'train_crowd_pred' retrieved from /opt/airflow/dags/train_crowd_pred.py
[2025-07-21T18:05:43.665+0000] {logging_mixin.py:190} INFO - [2025-07-21T18:05:43.665+0000] {dag.py:3239} INFO - Sync 1 DAGs
[2025-07-21T18:05:43.684+0000] {logging_mixin.py:190} INFO - [2025-07-21T18:05:43.684+0000] {dag.py:4180} INFO - Setting next_dagrun for train_crowd_pred to 2025-07-21 00:00:00+00:00, run_after=2025-07-22 00:00:00+00:00
[2025-07-21T18:05:43.706+0000] {processor.py:208} INFO - Processing /opt/airflow/dags/train_crowd_pred.py took 3.655 seconds
[2025-07-21T18:06:15.093+0000] {processor.py:186} INFO - Started process (PID=4988) to work on /opt/airflow/dags/train_crowd_pred.py
[2025-07-21T18:06:15.094+0000] {processor.py:914} INFO - Processing file /opt/airflow/dags/train_crowd_pred.py for tasks to queue
[2025-07-21T18:06:15.097+0000] {logging_mixin.py:190} INFO - [2025-07-21T18:06:15.097+0000] {dagbag.py:588} INFO - Filling up the DagBag from /opt/airflow/dags/train_crowd_pred.py
[2025-07-21T18:06:18.803+0000] {processor.py:925} INFO - DAG(s) 'train_crowd_pred' retrieved from /opt/airflow/dags/train_crowd_pred.py
[2025-07-21T18:06:18.826+0000] {logging_mixin.py:190} INFO - [2025-07-21T18:06:18.825+0000] {dag.py:3239} INFO - Sync 1 DAGs
[2025-07-21T18:06:18.845+0000] {logging_mixin.py:190} INFO - [2025-07-21T18:06:18.845+0000] {dag.py:4180} INFO - Setting next_dagrun for train_crowd_pred to 2025-07-21 00:00:00+00:00, run_after=2025-07-22 00:00:00+00:00
[2025-07-21T18:06:18.861+0000] {processor.py:208} INFO - Processing /opt/airflow/dags/train_crowd_pred.py took 3.776 seconds
[2025-07-21T18:06:50.323+0000] {processor.py:186} INFO - Started process (PID=5086) to work on /opt/airflow/dags/train_crowd_pred.py
[2025-07-21T18:06:50.324+0000] {processor.py:914} INFO - Processing file /opt/airflow/dags/train_crowd_pred.py for tasks to queue
[2025-07-21T18:06:50.327+0000] {logging_mixin.py:190} INFO - [2025-07-21T18:06:50.327+0000] {dagbag.py:588} INFO - Filling up the DagBag from /opt/airflow/dags/train_crowd_pred.py
[2025-07-21T18:06:53.772+0000] {processor.py:925} INFO - DAG(s) 'train_crowd_pred' retrieved from /opt/airflow/dags/train_crowd_pred.py
[2025-07-21T18:06:53.795+0000] {logging_mixin.py:190} INFO - [2025-07-21T18:06:53.794+0000] {dag.py:3239} INFO - Sync 1 DAGs
[2025-07-21T18:06:53.813+0000] {logging_mixin.py:190} INFO - [2025-07-21T18:06:53.813+0000] {dag.py:4180} INFO - Setting next_dagrun for train_crowd_pred to 2025-07-21 00:00:00+00:00, run_after=2025-07-22 00:00:00+00:00
[2025-07-21T18:06:53.828+0000] {processor.py:208} INFO - Processing /opt/airflow/dags/train_crowd_pred.py took 3.512 seconds
[2025-07-21T18:07:26.796+0000] {processor.py:186} INFO - Started process (PID=5184) to work on /opt/airflow/dags/train_crowd_pred.py
[2025-07-21T18:07:26.798+0000] {processor.py:914} INFO - Processing file /opt/airflow/dags/train_crowd_pred.py for tasks to queue
[2025-07-21T18:07:26.800+0000] {logging_mixin.py:190} INFO - [2025-07-21T18:07:26.800+0000] {dagbag.py:588} INFO - Filling up the DagBag from /opt/airflow/dags/train_crowd_pred.py
[2025-07-21T18:07:30.184+0000] {processor.py:925} INFO - DAG(s) 'train_crowd_pred' retrieved from /opt/airflow/dags/train_crowd_pred.py
[2025-07-21T18:07:30.206+0000] {logging_mixin.py:190} INFO - [2025-07-21T18:07:30.206+0000] {dag.py:3239} INFO - Sync 1 DAGs
[2025-07-21T18:07:30.227+0000] {logging_mixin.py:190} INFO - [2025-07-21T18:07:30.227+0000] {dag.py:4180} INFO - Setting next_dagrun for train_crowd_pred to 2025-07-21 00:00:00+00:00, run_after=2025-07-22 00:00:00+00:00
[2025-07-21T18:07:30.243+0000] {processor.py:208} INFO - Processing /opt/airflow/dags/train_crowd_pred.py took 3.453 seconds
[2025-07-21T18:08:01.749+0000] {processor.py:186} INFO - Started process (PID=5282) to work on /opt/airflow/dags/train_crowd_pred.py
[2025-07-21T18:08:01.750+0000] {processor.py:914} INFO - Processing file /opt/airflow/dags/train_crowd_pred.py for tasks to queue
[2025-07-21T18:08:01.753+0000] {logging_mixin.py:190} INFO - [2025-07-21T18:08:01.752+0000] {dagbag.py:588} INFO - Filling up the DagBag from /opt/airflow/dags/train_crowd_pred.py
[2025-07-21T18:08:05.066+0000] {processor.py:925} INFO - DAG(s) 'train_crowd_pred' retrieved from /opt/airflow/dags/train_crowd_pred.py
[2025-07-21T18:08:05.088+0000] {logging_mixin.py:190} INFO - [2025-07-21T18:08:05.088+0000] {dag.py:3239} INFO - Sync 1 DAGs
[2025-07-21T18:08:05.106+0000] {logging_mixin.py:190} INFO - [2025-07-21T18:08:05.105+0000] {dag.py:4180} INFO - Setting next_dagrun for train_crowd_pred to 2025-07-21 00:00:00+00:00, run_after=2025-07-22 00:00:00+00:00
[2025-07-21T18:08:05.121+0000] {processor.py:208} INFO - Processing /opt/airflow/dags/train_crowd_pred.py took 3.378 seconds
[2025-07-21T18:08:36.390+0000] {processor.py:186} INFO - Started process (PID=5387) to work on /opt/airflow/dags/train_crowd_pred.py
[2025-07-21T18:08:36.391+0000] {processor.py:914} INFO - Processing file /opt/airflow/dags/train_crowd_pred.py for tasks to queue
[2025-07-21T18:08:36.393+0000] {logging_mixin.py:190} INFO - [2025-07-21T18:08:36.393+0000] {dagbag.py:588} INFO - Filling up the DagBag from /opt/airflow/dags/train_crowd_pred.py
[2025-07-21T18:08:39.586+0000] {processor.py:925} INFO - DAG(s) 'train_crowd_pred' retrieved from /opt/airflow/dags/train_crowd_pred.py
[2025-07-21T18:08:39.608+0000] {logging_mixin.py:190} INFO - [2025-07-21T18:08:39.608+0000] {dag.py:3239} INFO - Sync 1 DAGs
[2025-07-21T18:08:39.626+0000] {logging_mixin.py:190} INFO - [2025-07-21T18:08:39.626+0000] {dag.py:4180} INFO - Setting next_dagrun for train_crowd_pred to 2025-07-21 00:00:00+00:00, run_after=2025-07-22 00:00:00+00:00
[2025-07-21T18:08:39.640+0000] {processor.py:208} INFO - Processing /opt/airflow/dags/train_crowd_pred.py took 3.255 seconds
[2025-07-21T18:09:10.946+0000] {processor.py:186} INFO - Started process (PID=5485) to work on /opt/airflow/dags/train_crowd_pred.py
[2025-07-21T18:09:10.948+0000] {processor.py:914} INFO - Processing file /opt/airflow/dags/train_crowd_pred.py for tasks to queue
[2025-07-21T18:09:10.951+0000] {logging_mixin.py:190} INFO - [2025-07-21T18:09:10.950+0000] {dagbag.py:588} INFO - Filling up the DagBag from /opt/airflow/dags/train_crowd_pred.py
[2025-07-21T18:09:14.277+0000] {processor.py:925} INFO - DAG(s) 'train_crowd_pred' retrieved from /opt/airflow/dags/train_crowd_pred.py
[2025-07-21T18:09:14.301+0000] {logging_mixin.py:190} INFO - [2025-07-21T18:09:14.300+0000] {dag.py:3239} INFO - Sync 1 DAGs
[2025-07-21T18:09:14.320+0000] {logging_mixin.py:190} INFO - [2025-07-21T18:09:14.320+0000] {dag.py:4180} INFO - Setting next_dagrun for train_crowd_pred to 2025-07-21 00:00:00+00:00, run_after=2025-07-22 00:00:00+00:00
[2025-07-21T18:09:14.337+0000] {processor.py:208} INFO - Processing /opt/airflow/dags/train_crowd_pred.py took 3.398 seconds
[2025-07-21T18:09:45.469+0000] {processor.py:186} INFO - Started process (PID=5583) to work on /opt/airflow/dags/train_crowd_pred.py
[2025-07-21T18:09:45.470+0000] {processor.py:914} INFO - Processing file /opt/airflow/dags/train_crowd_pred.py for tasks to queue
[2025-07-21T18:09:45.472+0000] {logging_mixin.py:190} INFO - [2025-07-21T18:09:45.472+0000] {dagbag.py:588} INFO - Filling up the DagBag from /opt/airflow/dags/train_crowd_pred.py
[2025-07-21T18:09:48.651+0000] {processor.py:925} INFO - DAG(s) 'train_crowd_pred' retrieved from /opt/airflow/dags/train_crowd_pred.py
[2025-07-21T18:09:48.673+0000] {logging_mixin.py:190} INFO - [2025-07-21T18:09:48.673+0000] {dag.py:3239} INFO - Sync 1 DAGs
[2025-07-21T18:09:48.691+0000] {logging_mixin.py:190} INFO - [2025-07-21T18:09:48.691+0000] {dag.py:4180} INFO - Setting next_dagrun for train_crowd_pred to 2025-07-21 00:00:00+00:00, run_after=2025-07-22 00:00:00+00:00
[2025-07-21T18:09:48.706+0000] {processor.py:208} INFO - Processing /opt/airflow/dags/train_crowd_pred.py took 3.243 seconds
[2025-07-21T18:10:20.918+0000] {processor.py:186} INFO - Started process (PID=5678) to work on /opt/airflow/dags/train_crowd_pred.py
[2025-07-21T18:10:20.919+0000] {processor.py:914} INFO - Processing file /opt/airflow/dags/train_crowd_pred.py for tasks to queue
[2025-07-21T18:10:20.922+0000] {logging_mixin.py:190} INFO - [2025-07-21T18:10:20.921+0000] {dagbag.py:588} INFO - Filling up the DagBag from /opt/airflow/dags/train_crowd_pred.py
[2025-07-21T18:10:24.200+0000] {processor.py:925} INFO - DAG(s) 'train_crowd_pred' retrieved from /opt/airflow/dags/train_crowd_pred.py
[2025-07-21T18:10:24.223+0000] {logging_mixin.py:190} INFO - [2025-07-21T18:10:24.222+0000] {dag.py:3239} INFO - Sync 1 DAGs
[2025-07-21T18:10:24.241+0000] {logging_mixin.py:190} INFO - [2025-07-21T18:10:24.241+0000] {dag.py:4180} INFO - Setting next_dagrun for train_crowd_pred to 2025-07-21 00:00:00+00:00, run_after=2025-07-22 00:00:00+00:00
[2025-07-21T18:10:24.256+0000] {processor.py:208} INFO - Processing /opt/airflow/dags/train_crowd_pred.py took 3.344 seconds
[2025-07-21T18:10:55.883+0000] {processor.py:186} INFO - Started process (PID=5779) to work on /opt/airflow/dags/train_crowd_pred.py
[2025-07-21T18:10:55.884+0000] {processor.py:914} INFO - Processing file /opt/airflow/dags/train_crowd_pred.py for tasks to queue
[2025-07-21T18:10:55.887+0000] {logging_mixin.py:190} INFO - [2025-07-21T18:10:55.887+0000] {dagbag.py:588} INFO - Filling up the DagBag from /opt/airflow/dags/train_crowd_pred.py
[2025-07-21T18:10:59.200+0000] {processor.py:925} INFO - DAG(s) 'train_crowd_pred' retrieved from /opt/airflow/dags/train_crowd_pred.py
[2025-07-21T18:10:59.220+0000] {logging_mixin.py:190} INFO - [2025-07-21T18:10:59.220+0000] {dag.py:3239} INFO - Sync 1 DAGs
[2025-07-21T18:10:59.237+0000] {logging_mixin.py:190} INFO - [2025-07-21T18:10:59.237+0000] {dag.py:4180} INFO - Setting next_dagrun for train_crowd_pred to 2025-07-21 00:00:00+00:00, run_after=2025-07-22 00:00:00+00:00
[2025-07-21T18:10:59.253+0000] {processor.py:208} INFO - Processing /opt/airflow/dags/train_crowd_pred.py took 3.378 seconds
[2025-07-21T18:11:30.876+0000] {processor.py:186} INFO - Started process (PID=5877) to work on /opt/airflow/dags/train_crowd_pred.py
[2025-07-21T18:11:30.877+0000] {processor.py:914} INFO - Processing file /opt/airflow/dags/train_crowd_pred.py for tasks to queue
[2025-07-21T18:11:30.879+0000] {logging_mixin.py:190} INFO - [2025-07-21T18:11:30.879+0000] {dagbag.py:588} INFO - Filling up the DagBag from /opt/airflow/dags/train_crowd_pred.py
[2025-07-21T18:11:34.054+0000] {processor.py:925} INFO - DAG(s) 'train_crowd_pred' retrieved from /opt/airflow/dags/train_crowd_pred.py
[2025-07-21T18:11:34.077+0000] {logging_mixin.py:190} INFO - [2025-07-21T18:11:34.077+0000] {dag.py:3239} INFO - Sync 1 DAGs
[2025-07-21T18:11:34.095+0000] {logging_mixin.py:190} INFO - [2025-07-21T18:11:34.095+0000] {dag.py:4180} INFO - Setting next_dagrun for train_crowd_pred to 2025-07-21 00:00:00+00:00, run_after=2025-07-22 00:00:00+00:00
[2025-07-21T18:11:34.111+0000] {processor.py:208} INFO - Processing /opt/airflow/dags/train_crowd_pred.py took 3.243 seconds
[2025-07-21T18:12:05.286+0000] {processor.py:186} INFO - Started process (PID=5975) to work on /opt/airflow/dags/train_crowd_pred.py
[2025-07-21T18:12:05.287+0000] {processor.py:914} INFO - Processing file /opt/airflow/dags/train_crowd_pred.py for tasks to queue
[2025-07-21T18:12:05.290+0000] {logging_mixin.py:190} INFO - [2025-07-21T18:12:05.289+0000] {dagbag.py:588} INFO - Filling up the DagBag from /opt/airflow/dags/train_crowd_pred.py
[2025-07-21T18:12:08.464+0000] {processor.py:925} INFO - DAG(s) 'train_crowd_pred' retrieved from /opt/airflow/dags/train_crowd_pred.py
[2025-07-21T18:12:08.487+0000] {logging_mixin.py:190} INFO - [2025-07-21T18:12:08.486+0000] {dag.py:3239} INFO - Sync 1 DAGs
[2025-07-21T18:12:08.506+0000] {logging_mixin.py:190} INFO - [2025-07-21T18:12:08.506+0000] {dag.py:4180} INFO - Setting next_dagrun for train_crowd_pred to 2025-07-21 00:00:00+00:00, run_after=2025-07-22 00:00:00+00:00
[2025-07-21T18:12:08.524+0000] {processor.py:208} INFO - Processing /opt/airflow/dags/train_crowd_pred.py took 3.244 seconds
[2025-07-21T18:12:40.755+0000] {processor.py:186} INFO - Started process (PID=6079) to work on /opt/airflow/dags/train_crowd_pred.py
[2025-07-21T18:12:40.756+0000] {processor.py:914} INFO - Processing file /opt/airflow/dags/train_crowd_pred.py for tasks to queue
[2025-07-21T18:12:40.758+0000] {logging_mixin.py:190} INFO - [2025-07-21T18:12:40.758+0000] {dagbag.py:588} INFO - Filling up the DagBag from /opt/airflow/dags/train_crowd_pred.py
[2025-07-21T18:12:43.985+0000] {processor.py:925} INFO - DAG(s) 'train_crowd_pred' retrieved from /opt/airflow/dags/train_crowd_pred.py
[2025-07-21T18:12:44.006+0000] {logging_mixin.py:190} INFO - [2025-07-21T18:12:44.005+0000] {dag.py:3239} INFO - Sync 1 DAGs
[2025-07-21T18:12:44.023+0000] {logging_mixin.py:190} INFO - [2025-07-21T18:12:44.023+0000] {dag.py:4180} INFO - Setting next_dagrun for train_crowd_pred to 2025-07-21 00:00:00+00:00, run_after=2025-07-22 00:00:00+00:00
[2025-07-21T18:12:44.040+0000] {processor.py:208} INFO - Processing /opt/airflow/dags/train_crowd_pred.py took 3.291 seconds
[2025-07-21T18:13:15.397+0000] {processor.py:186} INFO - Started process (PID=6174) to work on /opt/airflow/dags/train_crowd_pred.py
[2025-07-21T18:13:15.398+0000] {processor.py:914} INFO - Processing file /opt/airflow/dags/train_crowd_pred.py for tasks to queue
[2025-07-21T18:13:15.400+0000] {logging_mixin.py:190} INFO - [2025-07-21T18:13:15.400+0000] {dagbag.py:588} INFO - Filling up the DagBag from /opt/airflow/dags/train_crowd_pred.py
[2025-07-21T18:13:18.501+0000] {processor.py:925} INFO - DAG(s) 'train_crowd_pred' retrieved from /opt/airflow/dags/train_crowd_pred.py
[2025-07-21T18:13:18.521+0000] {logging_mixin.py:190} INFO - [2025-07-21T18:13:18.520+0000] {dag.py:3239} INFO - Sync 1 DAGs
[2025-07-21T18:13:18.536+0000] {logging_mixin.py:190} INFO - [2025-07-21T18:13:18.536+0000] {dag.py:4180} INFO - Setting next_dagrun for train_crowd_pred to 2025-07-21 00:00:00+00:00, run_after=2025-07-22 00:00:00+00:00
[2025-07-21T18:13:18.550+0000] {processor.py:208} INFO - Processing /opt/airflow/dags/train_crowd_pred.py took 3.158 seconds
[2025-07-21T18:13:50.679+0000] {processor.py:186} INFO - Started process (PID=6275) to work on /opt/airflow/dags/train_crowd_pred.py
[2025-07-21T18:13:50.680+0000] {processor.py:914} INFO - Processing file /opt/airflow/dags/train_crowd_pred.py for tasks to queue
[2025-07-21T18:13:50.682+0000] {logging_mixin.py:190} INFO - [2025-07-21T18:13:50.682+0000] {dagbag.py:588} INFO - Filling up the DagBag from /opt/airflow/dags/train_crowd_pred.py
[2025-07-21T18:13:53.831+0000] {processor.py:925} INFO - DAG(s) 'train_crowd_pred' retrieved from /opt/airflow/dags/train_crowd_pred.py
[2025-07-21T18:13:53.853+0000] {logging_mixin.py:190} INFO - [2025-07-21T18:13:53.852+0000] {dag.py:3239} INFO - Sync 1 DAGs
[2025-07-21T18:13:53.870+0000] {logging_mixin.py:190} INFO - [2025-07-21T18:13:53.870+0000] {dag.py:4180} INFO - Setting next_dagrun for train_crowd_pred to 2025-07-21 00:00:00+00:00, run_after=2025-07-22 00:00:00+00:00
[2025-07-21T18:13:53.883+0000] {processor.py:208} INFO - Processing /opt/airflow/dags/train_crowd_pred.py took 3.211 seconds
[2025-07-21T18:14:25.471+0000] {processor.py:186} INFO - Started process (PID=6370) to work on /opt/airflow/dags/train_crowd_pred.py
[2025-07-21T18:14:25.472+0000] {processor.py:914} INFO - Processing file /opt/airflow/dags/train_crowd_pred.py for tasks to queue
[2025-07-21T18:14:25.474+0000] {logging_mixin.py:190} INFO - [2025-07-21T18:14:25.474+0000] {dagbag.py:588} INFO - Filling up the DagBag from /opt/airflow/dags/train_crowd_pred.py
[2025-07-21T18:14:28.505+0000] {processor.py:925} INFO - DAG(s) 'train_crowd_pred' retrieved from /opt/airflow/dags/train_crowd_pred.py
[2025-07-21T18:14:28.529+0000] {logging_mixin.py:190} INFO - [2025-07-21T18:14:28.529+0000] {dag.py:3239} INFO - Sync 1 DAGs
[2025-07-21T18:14:28.547+0000] {logging_mixin.py:190} INFO - [2025-07-21T18:14:28.547+0000] {dag.py:4180} INFO - Setting next_dagrun for train_crowd_pred to 2025-07-21 00:00:00+00:00, run_after=2025-07-22 00:00:00+00:00
[2025-07-21T18:14:28.562+0000] {processor.py:208} INFO - Processing /opt/airflow/dags/train_crowd_pred.py took 3.097 seconds
[2025-07-21T18:15:00.762+0000] {processor.py:186} INFO - Started process (PID=6471) to work on /opt/airflow/dags/train_crowd_pred.py
[2025-07-21T18:15:00.763+0000] {processor.py:914} INFO - Processing file /opt/airflow/dags/train_crowd_pred.py for tasks to queue
[2025-07-21T18:15:00.766+0000] {logging_mixin.py:190} INFO - [2025-07-21T18:15:00.766+0000] {dagbag.py:588} INFO - Filling up the DagBag from /opt/airflow/dags/train_crowd_pred.py
[2025-07-21T18:15:03.898+0000] {processor.py:925} INFO - DAG(s) 'train_crowd_pred' retrieved from /opt/airflow/dags/train_crowd_pred.py
[2025-07-21T18:15:03.920+0000] {logging_mixin.py:190} INFO - [2025-07-21T18:15:03.920+0000] {dag.py:3239} INFO - Sync 1 DAGs
[2025-07-21T18:15:03.937+0000] {logging_mixin.py:190} INFO - [2025-07-21T18:15:03.937+0000] {dag.py:4180} INFO - Setting next_dagrun for train_crowd_pred to 2025-07-21 00:00:00+00:00, run_after=2025-07-22 00:00:00+00:00
[2025-07-21T18:15:03.951+0000] {processor.py:208} INFO - Processing /opt/airflow/dags/train_crowd_pred.py took 3.197 seconds
[2025-07-21T18:15:35.781+0000] {processor.py:186} INFO - Started process (PID=6569) to work on /opt/airflow/dags/train_crowd_pred.py
[2025-07-21T18:15:35.782+0000] {processor.py:914} INFO - Processing file /opt/airflow/dags/train_crowd_pred.py for tasks to queue
[2025-07-21T18:15:35.784+0000] {logging_mixin.py:190} INFO - [2025-07-21T18:15:35.784+0000] {dagbag.py:588} INFO - Filling up the DagBag from /opt/airflow/dags/train_crowd_pred.py
[2025-07-21T18:15:39.039+0000] {processor.py:925} INFO - DAG(s) 'train_crowd_pred' retrieved from /opt/airflow/dags/train_crowd_pred.py
[2025-07-21T18:15:39.065+0000] {logging_mixin.py:190} INFO - [2025-07-21T18:15:39.065+0000] {dag.py:3239} INFO - Sync 1 DAGs
[2025-07-21T18:15:39.083+0000] {logging_mixin.py:190} INFO - [2025-07-21T18:15:39.083+0000] {dag.py:4180} INFO - Setting next_dagrun for train_crowd_pred to 2025-07-21 00:00:00+00:00, run_after=2025-07-22 00:00:00+00:00
[2025-07-21T18:15:39.100+0000] {processor.py:208} INFO - Processing /opt/airflow/dags/train_crowd_pred.py took 3.325 seconds
[2025-07-21T18:16:10.602+0000] {processor.py:186} INFO - Started process (PID=6673) to work on /opt/airflow/dags/train_crowd_pred.py
[2025-07-21T18:16:10.604+0000] {processor.py:914} INFO - Processing file /opt/airflow/dags/train_crowd_pred.py for tasks to queue
[2025-07-21T18:16:10.606+0000] {logging_mixin.py:190} INFO - [2025-07-21T18:16:10.606+0000] {dagbag.py:588} INFO - Filling up the DagBag from /opt/airflow/dags/train_crowd_pred.py
[2025-07-21T18:16:13.776+0000] {processor.py:925} INFO - DAG(s) 'train_crowd_pred' retrieved from /opt/airflow/dags/train_crowd_pred.py
[2025-07-21T18:16:13.802+0000] {logging_mixin.py:190} INFO - [2025-07-21T18:16:13.801+0000] {dag.py:3239} INFO - Sync 1 DAGs
[2025-07-21T18:16:13.821+0000] {logging_mixin.py:190} INFO - [2025-07-21T18:16:13.821+0000] {dag.py:4180} INFO - Setting next_dagrun for train_crowd_pred to 2025-07-21 00:00:00+00:00, run_after=2025-07-22 00:00:00+00:00
[2025-07-21T18:16:13.840+0000] {processor.py:208} INFO - Processing /opt/airflow/dags/train_crowd_pred.py took 3.243 seconds
[2025-07-21T18:16:45.487+0000] {processor.py:186} INFO - Started process (PID=6771) to work on /opt/airflow/dags/train_crowd_pred.py
[2025-07-21T18:16:45.488+0000] {processor.py:914} INFO - Processing file /opt/airflow/dags/train_crowd_pred.py for tasks to queue
[2025-07-21T18:16:45.490+0000] {logging_mixin.py:190} INFO - [2025-07-21T18:16:45.490+0000] {dagbag.py:588} INFO - Filling up the DagBag from /opt/airflow/dags/train_crowd_pred.py
[2025-07-21T18:16:48.583+0000] {processor.py:925} INFO - DAG(s) 'train_crowd_pred' retrieved from /opt/airflow/dags/train_crowd_pred.py
[2025-07-21T18:16:48.604+0000] {logging_mixin.py:190} INFO - [2025-07-21T18:16:48.604+0000] {dag.py:3239} INFO - Sync 1 DAGs
[2025-07-21T18:16:48.621+0000] {logging_mixin.py:190} INFO - [2025-07-21T18:16:48.621+0000] {dag.py:4180} INFO - Setting next_dagrun for train_crowd_pred to 2025-07-21 00:00:00+00:00, run_after=2025-07-22 00:00:00+00:00
[2025-07-21T18:16:48.636+0000] {processor.py:208} INFO - Processing /opt/airflow/dags/train_crowd_pred.py took 3.155 seconds
[2025-07-21T18:17:20.331+0000] {processor.py:186} INFO - Started process (PID=6867) to work on /opt/airflow/dags/train_crowd_pred.py
[2025-07-21T18:17:20.332+0000] {processor.py:914} INFO - Processing file /opt/airflow/dags/train_crowd_pred.py for tasks to queue
[2025-07-21T18:17:20.335+0000] {logging_mixin.py:190} INFO - [2025-07-21T18:17:20.335+0000] {dagbag.py:588} INFO - Filling up the DagBag from /opt/airflow/dags/train_crowd_pred.py
[2025-07-21T18:17:23.804+0000] {processor.py:925} INFO - DAG(s) 'train_crowd_pred' retrieved from /opt/airflow/dags/train_crowd_pred.py
[2025-07-21T18:17:23.825+0000] {logging_mixin.py:190} INFO - [2025-07-21T18:17:23.825+0000] {dag.py:3239} INFO - Sync 1 DAGs
[2025-07-21T18:17:23.845+0000] {logging_mixin.py:190} INFO - [2025-07-21T18:17:23.845+0000] {dag.py:4180} INFO - Setting next_dagrun for train_crowd_pred to 2025-07-21 00:00:00+00:00, run_after=2025-07-22 00:00:00+00:00
[2025-07-21T18:17:23.863+0000] {processor.py:208} INFO - Processing /opt/airflow/dags/train_crowd_pred.py took 3.538 seconds
[2025-07-21T18:17:55.583+0000] {processor.py:186} INFO - Started process (PID=6967) to work on /opt/airflow/dags/train_crowd_pred.py
[2025-07-21T18:17:55.584+0000] {processor.py:914} INFO - Processing file /opt/airflow/dags/train_crowd_pred.py for tasks to queue
[2025-07-21T18:17:55.586+0000] {logging_mixin.py:190} INFO - [2025-07-21T18:17:55.586+0000] {dagbag.py:588} INFO - Filling up the DagBag from /opt/airflow/dags/train_crowd_pred.py
[2025-07-21T18:17:58.873+0000] {processor.py:925} INFO - DAG(s) 'train_crowd_pred' retrieved from /opt/airflow/dags/train_crowd_pred.py
[2025-07-21T18:17:58.900+0000] {logging_mixin.py:190} INFO - [2025-07-21T18:17:58.899+0000] {dag.py:3239} INFO - Sync 1 DAGs
[2025-07-21T18:17:58.921+0000] {logging_mixin.py:190} INFO - [2025-07-21T18:17:58.920+0000] {dag.py:4180} INFO - Setting next_dagrun for train_crowd_pred to 2025-07-21 00:00:00+00:00, run_after=2025-07-22 00:00:00+00:00
[2025-07-21T18:17:58.939+0000] {processor.py:208} INFO - Processing /opt/airflow/dags/train_crowd_pred.py took 3.362 seconds
[2025-07-21T18:18:31.514+0000] {processor.py:186} INFO - Started process (PID=7065) to work on /opt/airflow/dags/train_crowd_pred.py
[2025-07-21T18:18:31.515+0000] {processor.py:914} INFO - Processing file /opt/airflow/dags/train_crowd_pred.py for tasks to queue
[2025-07-21T18:18:31.517+0000] {logging_mixin.py:190} INFO - [2025-07-21T18:18:31.517+0000] {dagbag.py:588} INFO - Filling up the DagBag from /opt/airflow/dags/train_crowd_pred.py
[2025-07-21T18:18:34.990+0000] {processor.py:925} INFO - DAG(s) 'train_crowd_pred' retrieved from /opt/airflow/dags/train_crowd_pred.py
[2025-07-21T18:18:35.014+0000] {logging_mixin.py:190} INFO - [2025-07-21T18:18:35.013+0000] {dag.py:3239} INFO - Sync 1 DAGs
[2025-07-21T18:18:35.033+0000] {logging_mixin.py:190} INFO - [2025-07-21T18:18:35.033+0000] {dag.py:4180} INFO - Setting next_dagrun for train_crowd_pred to 2025-07-21 00:00:00+00:00, run_after=2025-07-22 00:00:00+00:00
[2025-07-21T18:18:35.049+0000] {processor.py:208} INFO - Processing /opt/airflow/dags/train_crowd_pred.py took 3.542 seconds
[2025-07-21T18:19:06.299+0000] {processor.py:186} INFO - Started process (PID=7163) to work on /opt/airflow/dags/train_crowd_pred.py
[2025-07-21T18:19:06.301+0000] {processor.py:914} INFO - Processing file /opt/airflow/dags/train_crowd_pred.py for tasks to queue
[2025-07-21T18:19:06.303+0000] {logging_mixin.py:190} INFO - [2025-07-21T18:19:06.303+0000] {dagbag.py:588} INFO - Filling up the DagBag from /opt/airflow/dags/train_crowd_pred.py
[2025-07-21T18:19:09.417+0000] {processor.py:925} INFO - DAG(s) 'train_crowd_pred' retrieved from /opt/airflow/dags/train_crowd_pred.py
[2025-07-21T18:19:09.439+0000] {logging_mixin.py:190} INFO - [2025-07-21T18:19:09.438+0000] {dag.py:3239} INFO - Sync 1 DAGs
[2025-07-21T18:19:09.455+0000] {logging_mixin.py:190} INFO - [2025-07-21T18:19:09.455+0000] {dag.py:4180} INFO - Setting next_dagrun for train_crowd_pred to 2025-07-21 00:00:00+00:00, run_after=2025-07-22 00:00:00+00:00
[2025-07-21T18:19:09.470+0000] {processor.py:208} INFO - Processing /opt/airflow/dags/train_crowd_pred.py took 3.176 seconds
[2025-07-21T18:19:41.449+0000] {processor.py:186} INFO - Started process (PID=7267) to work on /opt/airflow/dags/train_crowd_pred.py
[2025-07-21T18:19:41.450+0000] {processor.py:914} INFO - Processing file /opt/airflow/dags/train_crowd_pred.py for tasks to queue
[2025-07-21T18:19:41.453+0000] {logging_mixin.py:190} INFO - [2025-07-21T18:19:41.452+0000] {dagbag.py:588} INFO - Filling up the DagBag from /opt/airflow/dags/train_crowd_pred.py
[2025-07-21T18:19:44.610+0000] {processor.py:925} INFO - DAG(s) 'train_crowd_pred' retrieved from /opt/airflow/dags/train_crowd_pred.py
[2025-07-21T18:19:44.632+0000] {logging_mixin.py:190} INFO - [2025-07-21T18:19:44.630+0000] {dag.py:3239} INFO - Sync 1 DAGs
[2025-07-21T18:19:44.649+0000] {logging_mixin.py:190} INFO - [2025-07-21T18:19:44.649+0000] {dag.py:4180} INFO - Setting next_dagrun for train_crowd_pred to 2025-07-21 00:00:00+00:00, run_after=2025-07-22 00:00:00+00:00
[2025-07-21T18:19:44.667+0000] {processor.py:208} INFO - Processing /opt/airflow/dags/train_crowd_pred.py took 3.224 seconds
[2025-07-21T18:20:16.589+0000] {processor.py:186} INFO - Started process (PID=7362) to work on /opt/airflow/dags/train_crowd_pred.py
[2025-07-21T18:20:16.591+0000] {processor.py:914} INFO - Processing file /opt/airflow/dags/train_crowd_pred.py for tasks to queue
[2025-07-21T18:20:16.595+0000] {logging_mixin.py:190} INFO - [2025-07-21T18:20:16.594+0000] {dagbag.py:588} INFO - Filling up the DagBag from /opt/airflow/dags/train_crowd_pred.py
[2025-07-21T18:20:19.930+0000] {processor.py:925} INFO - DAG(s) 'train_crowd_pred' retrieved from /opt/airflow/dags/train_crowd_pred.py
[2025-07-21T18:20:19.952+0000] {logging_mixin.py:190} INFO - [2025-07-21T18:20:19.951+0000] {dag.py:3239} INFO - Sync 1 DAGs
[2025-07-21T18:20:19.968+0000] {logging_mixin.py:190} INFO - [2025-07-21T18:20:19.968+0000] {dag.py:4180} INFO - Setting next_dagrun for train_crowd_pred to 2025-07-21 00:00:00+00:00, run_after=2025-07-22 00:00:00+00:00
[2025-07-21T18:20:19.986+0000] {processor.py:208} INFO - Processing /opt/airflow/dags/train_crowd_pred.py took 3.402 seconds
[2025-07-21T18:20:51.182+0000] {processor.py:186} INFO - Started process (PID=7460) to work on /opt/airflow/dags/train_crowd_pred.py
[2025-07-21T18:20:51.183+0000] {processor.py:914} INFO - Processing file /opt/airflow/dags/train_crowd_pred.py for tasks to queue
[2025-07-21T18:20:51.185+0000] {logging_mixin.py:190} INFO - [2025-07-21T18:20:51.185+0000] {dagbag.py:588} INFO - Filling up the DagBag from /opt/airflow/dags/train_crowd_pred.py
[2025-07-21T18:20:54.623+0000] {processor.py:925} INFO - DAG(s) 'train_crowd_pred' retrieved from /opt/airflow/dags/train_crowd_pred.py
[2025-07-21T18:20:54.651+0000] {logging_mixin.py:190} INFO - [2025-07-21T18:20:54.650+0000] {dag.py:3239} INFO - Sync 1 DAGs
[2025-07-21T18:20:54.673+0000] {logging_mixin.py:190} INFO - [2025-07-21T18:20:54.673+0000] {dag.py:4180} INFO - Setting next_dagrun for train_crowd_pred to 2025-07-21 00:00:00+00:00, run_after=2025-07-22 00:00:00+00:00
[2025-07-21T18:20:54.694+0000] {processor.py:208} INFO - Processing /opt/airflow/dags/train_crowd_pred.py took 3.519 seconds
[2025-07-21T18:21:26.604+0000] {processor.py:186} INFO - Started process (PID=7561) to work on /opt/airflow/dags/train_crowd_pred.py
[2025-07-21T18:21:26.606+0000] {processor.py:914} INFO - Processing file /opt/airflow/dags/train_crowd_pred.py for tasks to queue
[2025-07-21T18:21:26.608+0000] {logging_mixin.py:190} INFO - [2025-07-21T18:21:26.608+0000] {dagbag.py:588} INFO - Filling up the DagBag from /opt/airflow/dags/train_crowd_pred.py
[2025-07-21T18:21:29.899+0000] {processor.py:925} INFO - DAG(s) 'train_crowd_pred' retrieved from /opt/airflow/dags/train_crowd_pred.py
[2025-07-21T18:21:29.925+0000] {logging_mixin.py:190} INFO - [2025-07-21T18:21:29.923+0000] {dag.py:3239} INFO - Sync 1 DAGs
[2025-07-21T18:21:29.944+0000] {logging_mixin.py:190} INFO - [2025-07-21T18:21:29.944+0000] {dag.py:4180} INFO - Setting next_dagrun for train_crowd_pred to 2025-07-21 00:00:00+00:00, run_after=2025-07-22 00:00:00+00:00
[2025-07-21T18:21:29.959+0000] {processor.py:208} INFO - Processing /opt/airflow/dags/train_crowd_pred.py took 3.361 seconds
[2025-07-21T18:22:03.030+0000] {processor.py:186} INFO - Started process (PID=7659) to work on /opt/airflow/dags/train_crowd_pred.py
[2025-07-21T18:22:03.032+0000] {processor.py:914} INFO - Processing file /opt/airflow/dags/train_crowd_pred.py for tasks to queue
[2025-07-21T18:22:03.035+0000] {logging_mixin.py:190} INFO - [2025-07-21T18:22:03.034+0000] {dagbag.py:588} INFO - Filling up the DagBag from /opt/airflow/dags/train_crowd_pred.py
[2025-07-21T18:22:08.314+0000] {processor.py:925} INFO - DAG(s) 'train_crowd_pred' retrieved from /opt/airflow/dags/train_crowd_pred.py
[2025-07-21T18:22:08.353+0000] {logging_mixin.py:190} INFO - [2025-07-21T18:22:08.353+0000] {dag.py:3239} INFO - Sync 1 DAGs
[2025-07-21T18:22:08.386+0000] {logging_mixin.py:190} INFO - [2025-07-21T18:22:08.386+0000] {dag.py:4180} INFO - Setting next_dagrun for train_crowd_pred to 2025-07-21 00:00:00+00:00, run_after=2025-07-22 00:00:00+00:00
[2025-07-21T18:22:08.415+0000] {processor.py:208} INFO - Processing /opt/airflow/dags/train_crowd_pred.py took 5.391 seconds
[2025-07-21T18:22:39.695+0000] {processor.py:186} INFO - Started process (PID=7763) to work on /opt/airflow/dags/train_crowd_pred.py
[2025-07-21T18:22:39.696+0000] {processor.py:914} INFO - Processing file /opt/airflow/dags/train_crowd_pred.py for tasks to queue
[2025-07-21T18:22:39.699+0000] {logging_mixin.py:190} INFO - [2025-07-21T18:22:39.699+0000] {dagbag.py:588} INFO - Filling up the DagBag from /opt/airflow/dags/train_crowd_pred.py
[2025-07-21T18:22:42.959+0000] {processor.py:925} INFO - DAG(s) 'train_crowd_pred' retrieved from /opt/airflow/dags/train_crowd_pred.py
[2025-07-21T18:22:42.983+0000] {logging_mixin.py:190} INFO - [2025-07-21T18:22:42.982+0000] {dag.py:3239} INFO - Sync 1 DAGs
[2025-07-21T18:22:43.002+0000] {logging_mixin.py:190} INFO - [2025-07-21T18:22:43.001+0000] {dag.py:4180} INFO - Setting next_dagrun for train_crowd_pred to 2025-07-21 00:00:00+00:00, run_after=2025-07-22 00:00:00+00:00
[2025-07-21T18:22:43.019+0000] {processor.py:208} INFO - Processing /opt/airflow/dags/train_crowd_pred.py took 3.329 seconds
[2025-07-21T18:23:14.989+0000] {processor.py:186} INFO - Started process (PID=7861) to work on /opt/airflow/dags/train_crowd_pred.py
[2025-07-21T18:23:14.990+0000] {processor.py:914} INFO - Processing file /opt/airflow/dags/train_crowd_pred.py for tasks to queue
[2025-07-21T18:23:14.993+0000] {logging_mixin.py:190} INFO - [2025-07-21T18:23:14.993+0000] {dagbag.py:588} INFO - Filling up the DagBag from /opt/airflow/dags/train_crowd_pred.py
[2025-07-21T18:23:18.283+0000] {processor.py:925} INFO - DAG(s) 'train_crowd_pred' retrieved from /opt/airflow/dags/train_crowd_pred.py
[2025-07-21T18:23:18.305+0000] {logging_mixin.py:190} INFO - [2025-07-21T18:23:18.304+0000] {dag.py:3239} INFO - Sync 1 DAGs
[2025-07-21T18:23:18.323+0000] {logging_mixin.py:190} INFO - [2025-07-21T18:23:18.322+0000] {dag.py:4180} INFO - Setting next_dagrun for train_crowd_pred to 2025-07-21 00:00:00+00:00, run_after=2025-07-22 00:00:00+00:00
[2025-07-21T18:23:18.336+0000] {processor.py:208} INFO - Processing /opt/airflow/dags/train_crowd_pred.py took 3.353 seconds
[2025-07-21T18:23:50.241+0000] {processor.py:186} INFO - Started process (PID=7959) to work on /opt/airflow/dags/train_crowd_pred.py
[2025-07-21T18:23:50.242+0000] {processor.py:914} INFO - Processing file /opt/airflow/dags/train_crowd_pred.py for tasks to queue
[2025-07-21T18:23:50.245+0000] {logging_mixin.py:190} INFO - [2025-07-21T18:23:50.244+0000] {dagbag.py:588} INFO - Filling up the DagBag from /opt/airflow/dags/train_crowd_pred.py
[2025-07-21T18:23:53.571+0000] {processor.py:925} INFO - DAG(s) 'train_crowd_pred' retrieved from /opt/airflow/dags/train_crowd_pred.py
[2025-07-21T18:23:53.593+0000] {logging_mixin.py:190} INFO - [2025-07-21T18:23:53.592+0000] {dag.py:3239} INFO - Sync 1 DAGs
[2025-07-21T18:23:53.611+0000] {logging_mixin.py:190} INFO - [2025-07-21T18:23:53.610+0000] {dag.py:4180} INFO - Setting next_dagrun for train_crowd_pred to 2025-07-21 00:00:00+00:00, run_after=2025-07-22 00:00:00+00:00
[2025-07-21T18:23:53.627+0000] {processor.py:208} INFO - Processing /opt/airflow/dags/train_crowd_pred.py took 3.391 seconds
[2025-07-21T18:24:25.128+0000] {processor.py:186} INFO - Started process (PID=8057) to work on /opt/airflow/dags/train_crowd_pred.py
[2025-07-21T18:24:25.129+0000] {processor.py:914} INFO - Processing file /opt/airflow/dags/train_crowd_pred.py for tasks to queue
[2025-07-21T18:24:25.131+0000] {logging_mixin.py:190} INFO - [2025-07-21T18:24:25.131+0000] {dagbag.py:588} INFO - Filling up the DagBag from /opt/airflow/dags/train_crowd_pred.py
[2025-07-21T18:24:28.556+0000] {processor.py:925} INFO - DAG(s) 'train_crowd_pred' retrieved from /opt/airflow/dags/train_crowd_pred.py
[2025-07-21T18:24:28.580+0000] {logging_mixin.py:190} INFO - [2025-07-21T18:24:28.579+0000] {dag.py:3239} INFO - Sync 1 DAGs
[2025-07-21T18:24:28.598+0000] {logging_mixin.py:190} INFO - [2025-07-21T18:24:28.598+0000] {dag.py:4180} INFO - Setting next_dagrun for train_crowd_pred to 2025-07-21 00:00:00+00:00, run_after=2025-07-22 00:00:00+00:00
[2025-07-21T18:24:28.615+0000] {processor.py:208} INFO - Processing /opt/airflow/dags/train_crowd_pred.py took 3.493 seconds
[2025-07-21T18:24:59.663+0000] {processor.py:186} INFO - Started process (PID=8155) to work on /opt/airflow/dags/train_crowd_pred.py
[2025-07-21T18:24:59.664+0000] {processor.py:914} INFO - Processing file /opt/airflow/dags/train_crowd_pred.py for tasks to queue
[2025-07-21T18:24:59.666+0000] {logging_mixin.py:190} INFO - [2025-07-21T18:24:59.666+0000] {dagbag.py:588} INFO - Filling up the DagBag from /opt/airflow/dags/train_crowd_pred.py
[2025-07-21T18:25:03.035+0000] {processor.py:925} INFO - DAG(s) 'train_crowd_pred' retrieved from /opt/airflow/dags/train_crowd_pred.py
[2025-07-21T18:25:03.058+0000] {logging_mixin.py:190} INFO - [2025-07-21T18:25:03.058+0000] {dag.py:3239} INFO - Sync 1 DAGs
[2025-07-21T18:25:03.078+0000] {logging_mixin.py:190} INFO - [2025-07-21T18:25:03.078+0000] {dag.py:4180} INFO - Setting next_dagrun for train_crowd_pred to 2025-07-21 00:00:00+00:00, run_after=2025-07-22 00:00:00+00:00
[2025-07-21T18:25:03.094+0000] {processor.py:208} INFO - Processing /opt/airflow/dags/train_crowd_pred.py took 3.437 seconds
[2025-07-21T18:25:34.915+0000] {processor.py:186} INFO - Started process (PID=8253) to work on /opt/airflow/dags/train_crowd_pred.py
[2025-07-21T18:25:34.916+0000] {processor.py:914} INFO - Processing file /opt/airflow/dags/train_crowd_pred.py for tasks to queue
[2025-07-21T18:25:34.919+0000] {logging_mixin.py:190} INFO - [2025-07-21T18:25:34.918+0000] {dagbag.py:588} INFO - Filling up the DagBag from /opt/airflow/dags/train_crowd_pred.py
[2025-07-21T18:25:38.223+0000] {processor.py:925} INFO - DAG(s) 'train_crowd_pred' retrieved from /opt/airflow/dags/train_crowd_pred.py
[2025-07-21T18:25:38.243+0000] {logging_mixin.py:190} INFO - [2025-07-21T18:25:38.242+0000] {dag.py:3239} INFO - Sync 1 DAGs
[2025-07-21T18:25:38.261+0000] {logging_mixin.py:190} INFO - [2025-07-21T18:25:38.261+0000] {dag.py:4180} INFO - Setting next_dagrun for train_crowd_pred to 2025-07-21 00:00:00+00:00, run_after=2025-07-22 00:00:00+00:00
[2025-07-21T18:25:38.279+0000] {processor.py:208} INFO - Processing /opt/airflow/dags/train_crowd_pred.py took 3.373 seconds
[2025-07-21T18:26:09.412+0000] {processor.py:186} INFO - Started process (PID=8357) to work on /opt/airflow/dags/train_crowd_pred.py
[2025-07-21T18:26:09.413+0000] {processor.py:914} INFO - Processing file /opt/airflow/dags/train_crowd_pred.py for tasks to queue
[2025-07-21T18:26:09.415+0000] {logging_mixin.py:190} INFO - [2025-07-21T18:26:09.415+0000] {dagbag.py:588} INFO - Filling up the DagBag from /opt/airflow/dags/train_crowd_pred.py
[2025-07-21T18:26:12.656+0000] {processor.py:925} INFO - DAG(s) 'train_crowd_pred' retrieved from /opt/airflow/dags/train_crowd_pred.py
[2025-07-21T18:26:12.677+0000] {logging_mixin.py:190} INFO - [2025-07-21T18:26:12.677+0000] {dag.py:3239} INFO - Sync 1 DAGs
[2025-07-21T18:26:12.694+0000] {logging_mixin.py:190} INFO - [2025-07-21T18:26:12.694+0000] {dag.py:4180} INFO - Setting next_dagrun for train_crowd_pred to 2025-07-21 00:00:00+00:00, run_after=2025-07-22 00:00:00+00:00
[2025-07-21T18:26:12.708+0000] {processor.py:208} INFO - Processing /opt/airflow/dags/train_crowd_pred.py took 3.302 seconds
[2025-07-21T18:26:44.759+0000] {processor.py:186} INFO - Started process (PID=8455) to work on /opt/airflow/dags/train_crowd_pred.py
[2025-07-21T18:26:44.760+0000] {processor.py:914} INFO - Processing file /opt/airflow/dags/train_crowd_pred.py for tasks to queue
[2025-07-21T18:26:44.762+0000] {logging_mixin.py:190} INFO - [2025-07-21T18:26:44.762+0000] {dagbag.py:588} INFO - Filling up the DagBag from /opt/airflow/dags/train_crowd_pred.py
[2025-07-21T18:26:48.268+0000] {processor.py:925} INFO - DAG(s) 'train_crowd_pred' retrieved from /opt/airflow/dags/train_crowd_pred.py
[2025-07-21T18:26:48.290+0000] {logging_mixin.py:190} INFO - [2025-07-21T18:26:48.290+0000] {dag.py:3239} INFO - Sync 1 DAGs
[2025-07-21T18:26:48.310+0000] {logging_mixin.py:190} INFO - [2025-07-21T18:26:48.310+0000] {dag.py:4180} INFO - Setting next_dagrun for train_crowd_pred to 2025-07-21 00:00:00+00:00, run_after=2025-07-22 00:00:00+00:00
[2025-07-21T18:26:48.325+0000] {processor.py:208} INFO - Processing /opt/airflow/dags/train_crowd_pred.py took 3.572 seconds
[2025-07-21T18:27:19.716+0000] {processor.py:186} INFO - Started process (PID=8553) to work on /opt/airflow/dags/train_crowd_pred.py
[2025-07-21T18:27:19.717+0000] {processor.py:914} INFO - Processing file /opt/airflow/dags/train_crowd_pred.py for tasks to queue
[2025-07-21T18:27:19.719+0000] {logging_mixin.py:190} INFO - [2025-07-21T18:27:19.719+0000] {dagbag.py:588} INFO - Filling up the DagBag from /opt/airflow/dags/train_crowd_pred.py
[2025-07-21T18:27:23.231+0000] {processor.py:925} INFO - DAG(s) 'train_crowd_pred' retrieved from /opt/airflow/dags/train_crowd_pred.py
[2025-07-21T18:27:23.250+0000] {logging_mixin.py:190} INFO - [2025-07-21T18:27:23.249+0000] {dag.py:3239} INFO - Sync 1 DAGs
[2025-07-21T18:27:23.265+0000] {logging_mixin.py:190} INFO - [2025-07-21T18:27:23.265+0000] {dag.py:4180} INFO - Setting next_dagrun for train_crowd_pred to 2025-07-21 00:00:00+00:00, run_after=2025-07-22 00:00:00+00:00
[2025-07-21T18:27:23.279+0000] {processor.py:208} INFO - Processing /opt/airflow/dags/train_crowd_pred.py took 3.569 seconds
[2025-07-21T18:27:54.975+0000] {processor.py:186} INFO - Started process (PID=8651) to work on /opt/airflow/dags/train_crowd_pred.py
[2025-07-21T18:27:54.976+0000] {processor.py:914} INFO - Processing file /opt/airflow/dags/train_crowd_pred.py for tasks to queue
[2025-07-21T18:27:54.979+0000] {logging_mixin.py:190} INFO - [2025-07-21T18:27:54.979+0000] {dagbag.py:588} INFO - Filling up the DagBag from /opt/airflow/dags/train_crowd_pred.py
[2025-07-21T18:27:58.407+0000] {processor.py:925} INFO - DAG(s) 'train_crowd_pred' retrieved from /opt/airflow/dags/train_crowd_pred.py
[2025-07-21T18:27:58.430+0000] {logging_mixin.py:190} INFO - [2025-07-21T18:27:58.430+0000] {dag.py:3239} INFO - Sync 1 DAGs
[2025-07-21T18:27:58.449+0000] {logging_mixin.py:190} INFO - [2025-07-21T18:27:58.449+0000] {dag.py:4180} INFO - Setting next_dagrun for train_crowd_pred to 2025-07-21 00:00:00+00:00, run_after=2025-07-22 00:00:00+00:00
[2025-07-21T18:27:58.465+0000] {processor.py:208} INFO - Processing /opt/airflow/dags/train_crowd_pred.py took 3.495 seconds
[2025-07-21T18:28:30.264+0000] {processor.py:186} INFO - Started process (PID=8749) to work on /opt/airflow/dags/train_crowd_pred.py
[2025-07-21T18:28:30.265+0000] {processor.py:914} INFO - Processing file /opt/airflow/dags/train_crowd_pred.py for tasks to queue
[2025-07-21T18:28:30.268+0000] {logging_mixin.py:190} INFO - [2025-07-21T18:28:30.267+0000] {dagbag.py:588} INFO - Filling up the DagBag from /opt/airflow/dags/train_crowd_pred.py
[2025-07-21T18:28:33.413+0000] {processor.py:925} INFO - DAG(s) 'train_crowd_pred' retrieved from /opt/airflow/dags/train_crowd_pred.py
[2025-07-21T18:28:33.434+0000] {logging_mixin.py:190} INFO - [2025-07-21T18:28:33.434+0000] {dag.py:3239} INFO - Sync 1 DAGs
[2025-07-21T18:28:33.452+0000] {logging_mixin.py:190} INFO - [2025-07-21T18:28:33.452+0000] {dag.py:4180} INFO - Setting next_dagrun for train_crowd_pred to 2025-07-21 00:00:00+00:00, run_after=2025-07-22 00:00:00+00:00
[2025-07-21T18:28:33.469+0000] {processor.py:208} INFO - Processing /opt/airflow/dags/train_crowd_pred.py took 3.211 seconds
[2025-07-21T18:29:05.355+0000] {processor.py:186} INFO - Started process (PID=8847) to work on /opt/airflow/dags/train_crowd_pred.py
[2025-07-21T18:29:05.356+0000] {processor.py:914} INFO - Processing file /opt/airflow/dags/train_crowd_pred.py for tasks to queue
[2025-07-21T18:29:05.359+0000] {logging_mixin.py:190} INFO - [2025-07-21T18:29:05.359+0000] {dagbag.py:588} INFO - Filling up the DagBag from /opt/airflow/dags/train_crowd_pred.py
[2025-07-21T18:29:08.641+0000] {processor.py:925} INFO - DAG(s) 'train_crowd_pred' retrieved from /opt/airflow/dags/train_crowd_pred.py
[2025-07-21T18:29:08.663+0000] {logging_mixin.py:190} INFO - [2025-07-21T18:29:08.662+0000] {dag.py:3239} INFO - Sync 1 DAGs
[2025-07-21T18:29:08.682+0000] {logging_mixin.py:190} INFO - [2025-07-21T18:29:08.681+0000] {dag.py:4180} INFO - Setting next_dagrun for train_crowd_pred to 2025-07-21 00:00:00+00:00, run_after=2025-07-22 00:00:00+00:00
[2025-07-21T18:29:08.697+0000] {processor.py:208} INFO - Processing /opt/airflow/dags/train_crowd_pred.py took 3.348 seconds
[2025-07-21T18:29:40.971+0000] {processor.py:186} INFO - Started process (PID=8951) to work on /opt/airflow/dags/train_crowd_pred.py
[2025-07-21T18:29:40.972+0000] {processor.py:914} INFO - Processing file /opt/airflow/dags/train_crowd_pred.py for tasks to queue
[2025-07-21T18:29:40.974+0000] {logging_mixin.py:190} INFO - [2025-07-21T18:29:40.974+0000] {dagbag.py:588} INFO - Filling up the DagBag from /opt/airflow/dags/train_crowd_pred.py
[2025-07-21T18:29:44.255+0000] {processor.py:925} INFO - DAG(s) 'train_crowd_pred' retrieved from /opt/airflow/dags/train_crowd_pred.py
[2025-07-21T18:29:44.278+0000] {logging_mixin.py:190} INFO - [2025-07-21T18:29:44.277+0000] {dag.py:3239} INFO - Sync 1 DAGs
[2025-07-21T18:29:44.296+0000] {logging_mixin.py:190} INFO - [2025-07-21T18:29:44.296+0000] {dag.py:4180} INFO - Setting next_dagrun for train_crowd_pred to 2025-07-21 00:00:00+00:00, run_after=2025-07-22 00:00:00+00:00
[2025-07-21T18:29:44.310+0000] {processor.py:208} INFO - Processing /opt/airflow/dags/train_crowd_pred.py took 3.345 seconds
[2025-07-21T18:30:15.567+0000] {processor.py:186} INFO - Started process (PID=9049) to work on /opt/airflow/dags/train_crowd_pred.py
[2025-07-21T18:30:15.568+0000] {processor.py:914} INFO - Processing file /opt/airflow/dags/train_crowd_pred.py for tasks to queue
[2025-07-21T18:30:15.570+0000] {logging_mixin.py:190} INFO - [2025-07-21T18:30:15.570+0000] {dagbag.py:588} INFO - Filling up the DagBag from /opt/airflow/dags/train_crowd_pred.py
[2025-07-21T18:30:18.877+0000] {processor.py:925} INFO - DAG(s) 'train_crowd_pred' retrieved from /opt/airflow/dags/train_crowd_pred.py
[2025-07-21T18:30:18.898+0000] {logging_mixin.py:190} INFO - [2025-07-21T18:30:18.898+0000] {dag.py:3239} INFO - Sync 1 DAGs
[2025-07-21T18:30:18.920+0000] {logging_mixin.py:190} INFO - [2025-07-21T18:30:18.919+0000] {dag.py:4180} INFO - Setting next_dagrun for train_crowd_pred to 2025-07-21 00:00:00+00:00, run_after=2025-07-22 00:00:00+00:00
[2025-07-21T18:30:18.938+0000] {processor.py:208} INFO - Processing /opt/airflow/dags/train_crowd_pred.py took 3.376 seconds
[2025-07-21T18:30:50.707+0000] {processor.py:186} INFO - Started process (PID=9147) to work on /opt/airflow/dags/train_crowd_pred.py
[2025-07-21T18:30:50.709+0000] {processor.py:914} INFO - Processing file /opt/airflow/dags/train_crowd_pred.py for tasks to queue
[2025-07-21T18:30:50.711+0000] {logging_mixin.py:190} INFO - [2025-07-21T18:30:50.711+0000] {dagbag.py:588} INFO - Filling up the DagBag from /opt/airflow/dags/train_crowd_pred.py
[2025-07-21T18:30:53.953+0000] {processor.py:925} INFO - DAG(s) 'train_crowd_pred' retrieved from /opt/airflow/dags/train_crowd_pred.py
[2025-07-21T18:30:53.974+0000] {logging_mixin.py:190} INFO - [2025-07-21T18:30:53.974+0000] {dag.py:3239} INFO - Sync 1 DAGs
[2025-07-21T18:30:53.991+0000] {logging_mixin.py:190} INFO - [2025-07-21T18:30:53.991+0000] {dag.py:4180} INFO - Setting next_dagrun for train_crowd_pred to 2025-07-21 00:00:00+00:00, run_after=2025-07-22 00:00:00+00:00
[2025-07-21T18:30:54.009+0000] {processor.py:208} INFO - Processing /opt/airflow/dags/train_crowd_pred.py took 3.309 seconds
[2025-07-21T18:31:26.198+0000] {processor.py:186} INFO - Started process (PID=9245) to work on /opt/airflow/dags/train_crowd_pred.py
[2025-07-21T18:31:26.199+0000] {processor.py:914} INFO - Processing file /opt/airflow/dags/train_crowd_pred.py for tasks to queue
[2025-07-21T18:31:26.202+0000] {logging_mixin.py:190} INFO - [2025-07-21T18:31:26.202+0000] {dagbag.py:588} INFO - Filling up the DagBag from /opt/airflow/dags/train_crowd_pred.py
[2025-07-21T18:31:29.589+0000] {processor.py:925} INFO - DAG(s) 'train_crowd_pred' retrieved from /opt/airflow/dags/train_crowd_pred.py
[2025-07-21T18:31:29.612+0000] {logging_mixin.py:190} INFO - [2025-07-21T18:31:29.611+0000] {dag.py:3239} INFO - Sync 1 DAGs
[2025-07-21T18:31:29.632+0000] {logging_mixin.py:190} INFO - [2025-07-21T18:31:29.632+0000] {dag.py:4180} INFO - Setting next_dagrun for train_crowd_pred to 2025-07-21 00:00:00+00:00, run_after=2025-07-22 00:00:00+00:00
[2025-07-21T18:31:29.653+0000] {processor.py:208} INFO - Processing /opt/airflow/dags/train_crowd_pred.py took 3.461 seconds
[2025-07-21T18:32:00.822+0000] {processor.py:186} INFO - Started process (PID=9343) to work on /opt/airflow/dags/train_crowd_pred.py
[2025-07-21T18:32:00.823+0000] {processor.py:914} INFO - Processing file /opt/airflow/dags/train_crowd_pred.py for tasks to queue
[2025-07-21T18:32:00.825+0000] {logging_mixin.py:190} INFO - [2025-07-21T18:32:00.825+0000] {dagbag.py:588} INFO - Filling up the DagBag from /opt/airflow/dags/train_crowd_pred.py
[2025-07-21T18:32:04.058+0000] {processor.py:925} INFO - DAG(s) 'train_crowd_pred' retrieved from /opt/airflow/dags/train_crowd_pred.py
[2025-07-21T18:32:04.079+0000] {logging_mixin.py:190} INFO - [2025-07-21T18:32:04.079+0000] {dag.py:3239} INFO - Sync 1 DAGs
[2025-07-21T18:32:04.098+0000] {logging_mixin.py:190} INFO - [2025-07-21T18:32:04.098+0000] {dag.py:4180} INFO - Setting next_dagrun for train_crowd_pred to 2025-07-21 00:00:00+00:00, run_after=2025-07-22 00:00:00+00:00
[2025-07-21T18:32:04.114+0000] {processor.py:208} INFO - Processing /opt/airflow/dags/train_crowd_pred.py took 3.298 seconds
[2025-07-21T18:32:36.328+0000] {processor.py:186} INFO - Started process (PID=9441) to work on /opt/airflow/dags/train_crowd_pred.py
[2025-07-21T18:32:36.329+0000] {processor.py:914} INFO - Processing file /opt/airflow/dags/train_crowd_pred.py for tasks to queue
[2025-07-21T18:32:36.332+0000] {logging_mixin.py:190} INFO - [2025-07-21T18:32:36.331+0000] {dagbag.py:588} INFO - Filling up the DagBag from /opt/airflow/dags/train_crowd_pred.py
[2025-07-21T18:32:39.534+0000] {processor.py:925} INFO - DAG(s) 'train_crowd_pred' retrieved from /opt/airflow/dags/train_crowd_pred.py
[2025-07-21T18:32:39.557+0000] {logging_mixin.py:190} INFO - [2025-07-21T18:32:39.557+0000] {dag.py:3239} INFO - Sync 1 DAGs
[2025-07-21T18:32:39.575+0000] {logging_mixin.py:190} INFO - [2025-07-21T18:32:39.575+0000] {dag.py:4180} INFO - Setting next_dagrun for train_crowd_pred to 2025-07-21 00:00:00+00:00, run_after=2025-07-22 00:00:00+00:00
[2025-07-21T18:32:39.590+0000] {processor.py:208} INFO - Processing /opt/airflow/dags/train_crowd_pred.py took 3.269 seconds
[2025-07-21T18:33:10.691+0000] {processor.py:186} INFO - Started process (PID=9545) to work on /opt/airflow/dags/train_crowd_pred.py
[2025-07-21T18:33:10.692+0000] {processor.py:914} INFO - Processing file /opt/airflow/dags/train_crowd_pred.py for tasks to queue
[2025-07-21T18:33:10.694+0000] {logging_mixin.py:190} INFO - [2025-07-21T18:33:10.694+0000] {dagbag.py:588} INFO - Filling up the DagBag from /opt/airflow/dags/train_crowd_pred.py
[2025-07-21T18:33:13.780+0000] {processor.py:925} INFO - DAG(s) 'train_crowd_pred' retrieved from /opt/airflow/dags/train_crowd_pred.py
[2025-07-21T18:33:13.802+0000] {logging_mixin.py:190} INFO - [2025-07-21T18:33:13.802+0000] {dag.py:3239} INFO - Sync 1 DAGs
[2025-07-21T18:33:13.819+0000] {logging_mixin.py:190} INFO - [2025-07-21T18:33:13.818+0000] {dag.py:4180} INFO - Setting next_dagrun for train_crowd_pred to 2025-07-21 00:00:00+00:00, run_after=2025-07-22 00:00:00+00:00
[2025-07-21T18:33:13.831+0000] {processor.py:208} INFO - Processing /opt/airflow/dags/train_crowd_pred.py took 3.146 seconds
[2025-07-21T18:33:45.924+0000] {processor.py:186} INFO - Started process (PID=9643) to work on /opt/airflow/dags/train_crowd_pred.py
[2025-07-21T18:33:45.925+0000] {processor.py:914} INFO - Processing file /opt/airflow/dags/train_crowd_pred.py for tasks to queue
[2025-07-21T18:33:45.927+0000] {logging_mixin.py:190} INFO - [2025-07-21T18:33:45.927+0000] {dagbag.py:588} INFO - Filling up the DagBag from /opt/airflow/dags/train_crowd_pred.py
[2025-07-21T18:33:49.153+0000] {processor.py:925} INFO - DAG(s) 'train_crowd_pred' retrieved from /opt/airflow/dags/train_crowd_pred.py
[2025-07-21T18:33:49.174+0000] {logging_mixin.py:190} INFO - [2025-07-21T18:33:49.174+0000] {dag.py:3239} INFO - Sync 1 DAGs
[2025-07-21T18:33:49.192+0000] {logging_mixin.py:190} INFO - [2025-07-21T18:33:49.192+0000] {dag.py:4180} INFO - Setting next_dagrun for train_crowd_pred to 2025-07-21 00:00:00+00:00, run_after=2025-07-22 00:00:00+00:00
[2025-07-21T18:33:49.207+0000] {processor.py:208} INFO - Processing /opt/airflow/dags/train_crowd_pred.py took 3.289 seconds
[2025-07-21T18:34:20.386+0000] {processor.py:186} INFO - Started process (PID=9741) to work on /opt/airflow/dags/train_crowd_pred.py
[2025-07-21T18:34:20.387+0000] {processor.py:914} INFO - Processing file /opt/airflow/dags/train_crowd_pred.py for tasks to queue
[2025-07-21T18:34:20.389+0000] {logging_mixin.py:190} INFO - [2025-07-21T18:34:20.389+0000] {dagbag.py:588} INFO - Filling up the DagBag from /opt/airflow/dags/train_crowd_pred.py
[2025-07-21T18:34:23.735+0000] {processor.py:925} INFO - DAG(s) 'train_crowd_pred' retrieved from /opt/airflow/dags/train_crowd_pred.py
[2025-07-21T18:34:23.757+0000] {logging_mixin.py:190} INFO - [2025-07-21T18:34:23.757+0000] {dag.py:3239} INFO - Sync 1 DAGs
[2025-07-21T18:34:23.776+0000] {logging_mixin.py:190} INFO - [2025-07-21T18:34:23.776+0000] {dag.py:4180} INFO - Setting next_dagrun for train_crowd_pred to 2025-07-21 00:00:00+00:00, run_after=2025-07-22 00:00:00+00:00
[2025-07-21T18:34:23.792+0000] {processor.py:208} INFO - Processing /opt/airflow/dags/train_crowd_pred.py took 3.411 seconds
[2025-07-21T18:34:55.413+0000] {processor.py:186} INFO - Started process (PID=9839) to work on /opt/airflow/dags/train_crowd_pred.py
[2025-07-21T18:34:55.415+0000] {processor.py:914} INFO - Processing file /opt/airflow/dags/train_crowd_pred.py for tasks to queue
[2025-07-21T18:34:55.417+0000] {logging_mixin.py:190} INFO - [2025-07-21T18:34:55.417+0000] {dagbag.py:588} INFO - Filling up the DagBag from /opt/airflow/dags/train_crowd_pred.py
[2025-07-21T18:34:58.710+0000] {processor.py:925} INFO - DAG(s) 'train_crowd_pred' retrieved from /opt/airflow/dags/train_crowd_pred.py
[2025-07-21T18:34:58.733+0000] {logging_mixin.py:190} INFO - [2025-07-21T18:34:58.732+0000] {dag.py:3239} INFO - Sync 1 DAGs
[2025-07-21T18:34:58.750+0000] {logging_mixin.py:190} INFO - [2025-07-21T18:34:58.750+0000] {dag.py:4180} INFO - Setting next_dagrun for train_crowd_pred to 2025-07-21 00:00:00+00:00, run_after=2025-07-22 00:00:00+00:00
[2025-07-21T18:34:58.764+0000] {processor.py:208} INFO - Processing /opt/airflow/dags/train_crowd_pred.py took 3.356 seconds
[2025-07-21T18:35:30.470+0000] {processor.py:186} INFO - Started process (PID=9937) to work on /opt/airflow/dags/train_crowd_pred.py
[2025-07-21T18:35:30.472+0000] {processor.py:914} INFO - Processing file /opt/airflow/dags/train_crowd_pred.py for tasks to queue
[2025-07-21T18:35:30.474+0000] {logging_mixin.py:190} INFO - [2025-07-21T18:35:30.473+0000] {dagbag.py:588} INFO - Filling up the DagBag from /opt/airflow/dags/train_crowd_pred.py
[2025-07-21T18:35:33.714+0000] {processor.py:925} INFO - DAG(s) 'train_crowd_pred' retrieved from /opt/airflow/dags/train_crowd_pred.py
[2025-07-21T18:35:33.739+0000] {logging_mixin.py:190} INFO - [2025-07-21T18:35:33.738+0000] {dag.py:3239} INFO - Sync 1 DAGs
[2025-07-21T18:35:33.762+0000] {logging_mixin.py:190} INFO - [2025-07-21T18:35:33.762+0000] {dag.py:4180} INFO - Setting next_dagrun for train_crowd_pred to 2025-07-21 00:00:00+00:00, run_after=2025-07-22 00:00:00+00:00
[2025-07-21T18:35:33.778+0000] {processor.py:208} INFO - Processing /opt/airflow/dags/train_crowd_pred.py took 3.315 seconds
[2025-07-21T18:36:05.894+0000] {processor.py:186} INFO - Started process (PID=10035) to work on /opt/airflow/dags/train_crowd_pred.py
[2025-07-21T18:36:05.895+0000] {processor.py:914} INFO - Processing file /opt/airflow/dags/train_crowd_pred.py for tasks to queue
[2025-07-21T18:36:05.897+0000] {logging_mixin.py:190} INFO - [2025-07-21T18:36:05.897+0000] {dagbag.py:588} INFO - Filling up the DagBag from /opt/airflow/dags/train_crowd_pred.py
[2025-07-21T18:36:09.346+0000] {processor.py:925} INFO - DAG(s) 'train_crowd_pred' retrieved from /opt/airflow/dags/train_crowd_pred.py
[2025-07-21T18:36:09.368+0000] {logging_mixin.py:190} INFO - [2025-07-21T18:36:09.367+0000] {dag.py:3239} INFO - Sync 1 DAGs
[2025-07-21T18:36:09.386+0000] {logging_mixin.py:190} INFO - [2025-07-21T18:36:09.386+0000] {dag.py:4180} INFO - Setting next_dagrun for train_crowd_pred to 2025-07-21 00:00:00+00:00, run_after=2025-07-22 00:00:00+00:00
[2025-07-21T18:36:09.402+0000] {processor.py:208} INFO - Processing /opt/airflow/dags/train_crowd_pred.py took 3.514 seconds
[2025-07-21T18:36:40.804+0000] {processor.py:186} INFO - Started process (PID=10139) to work on /opt/airflow/dags/train_crowd_pred.py
[2025-07-21T18:36:40.806+0000] {processor.py:914} INFO - Processing file /opt/airflow/dags/train_crowd_pred.py for tasks to queue
[2025-07-21T18:36:40.808+0000] {logging_mixin.py:190} INFO - [2025-07-21T18:36:40.808+0000] {dagbag.py:588} INFO - Filling up the DagBag from /opt/airflow/dags/train_crowd_pred.py
[2025-07-21T18:36:43.944+0000] {processor.py:925} INFO - DAG(s) 'train_crowd_pred' retrieved from /opt/airflow/dags/train_crowd_pred.py
[2025-07-21T18:36:43.965+0000] {logging_mixin.py:190} INFO - [2025-07-21T18:36:43.965+0000] {dag.py:3239} INFO - Sync 1 DAGs
[2025-07-21T18:36:43.982+0000] {logging_mixin.py:190} INFO - [2025-07-21T18:36:43.982+0000] {dag.py:4180} INFO - Setting next_dagrun for train_crowd_pred to 2025-07-21 00:00:00+00:00, run_after=2025-07-22 00:00:00+00:00
[2025-07-21T18:36:43.995+0000] {processor.py:208} INFO - Processing /opt/airflow/dags/train_crowd_pred.py took 3.197 seconds
[2025-07-21T18:37:16.172+0000] {processor.py:186} INFO - Started process (PID=10237) to work on /opt/airflow/dags/train_crowd_pred.py
[2025-07-21T18:37:16.173+0000] {processor.py:914} INFO - Processing file /opt/airflow/dags/train_crowd_pred.py for tasks to queue
[2025-07-21T18:37:16.175+0000] {logging_mixin.py:190} INFO - [2025-07-21T18:37:16.175+0000] {dagbag.py:588} INFO - Filling up the DagBag from /opt/airflow/dags/train_crowd_pred.py
[2025-07-21T18:37:19.327+0000] {processor.py:925} INFO - DAG(s) 'train_crowd_pred' retrieved from /opt/airflow/dags/train_crowd_pred.py
[2025-07-21T18:37:19.349+0000] {logging_mixin.py:190} INFO - [2025-07-21T18:37:19.348+0000] {dag.py:3239} INFO - Sync 1 DAGs
[2025-07-21T18:37:19.368+0000] {logging_mixin.py:190} INFO - [2025-07-21T18:37:19.368+0000] {dag.py:4180} INFO - Setting next_dagrun for train_crowd_pred to 2025-07-21 00:00:00+00:00, run_after=2025-07-22 00:00:00+00:00
[2025-07-21T18:37:19.382+0000] {processor.py:208} INFO - Processing /opt/airflow/dags/train_crowd_pred.py took 3.216 seconds
[2025-07-21T18:37:51.337+0000] {processor.py:186} INFO - Started process (PID=10335) to work on /opt/airflow/dags/train_crowd_pred.py
[2025-07-21T18:37:51.338+0000] {processor.py:914} INFO - Processing file /opt/airflow/dags/train_crowd_pred.py for tasks to queue
[2025-07-21T18:37:51.339+0000] {logging_mixin.py:190} INFO - [2025-07-21T18:37:51.339+0000] {dagbag.py:588} INFO - Filling up the DagBag from /opt/airflow/dags/train_crowd_pred.py
[2025-07-21T18:37:54.461+0000] {processor.py:925} INFO - DAG(s) 'train_crowd_pred' retrieved from /opt/airflow/dags/train_crowd_pred.py
[2025-07-21T18:37:54.483+0000] {logging_mixin.py:190} INFO - [2025-07-21T18:37:54.482+0000] {dag.py:3239} INFO - Sync 1 DAGs
[2025-07-21T18:37:54.500+0000] {logging_mixin.py:190} INFO - [2025-07-21T18:37:54.500+0000] {dag.py:4180} INFO - Setting next_dagrun for train_crowd_pred to 2025-07-21 00:00:00+00:00, run_after=2025-07-22 00:00:00+00:00
[2025-07-21T18:37:54.517+0000] {processor.py:208} INFO - Processing /opt/airflow/dags/train_crowd_pred.py took 3.186 seconds
[2025-07-21T18:38:26.432+0000] {processor.py:186} INFO - Started process (PID=10433) to work on /opt/airflow/dags/train_crowd_pred.py
[2025-07-21T18:38:26.433+0000] {processor.py:914} INFO - Processing file /opt/airflow/dags/train_crowd_pred.py for tasks to queue
[2025-07-21T18:38:26.436+0000] {logging_mixin.py:190} INFO - [2025-07-21T18:38:26.435+0000] {dagbag.py:588} INFO - Filling up the DagBag from /opt/airflow/dags/train_crowd_pred.py
[2025-07-21T18:38:29.595+0000] {processor.py:925} INFO - DAG(s) 'train_crowd_pred' retrieved from /opt/airflow/dags/train_crowd_pred.py
[2025-07-21T18:38:29.618+0000] {logging_mixin.py:190} INFO - [2025-07-21T18:38:29.617+0000] {dag.py:3239} INFO - Sync 1 DAGs
[2025-07-21T18:38:29.638+0000] {logging_mixin.py:190} INFO - [2025-07-21T18:38:29.637+0000] {dag.py:4180} INFO - Setting next_dagrun for train_crowd_pred to 2025-07-21 00:00:00+00:00, run_after=2025-07-22 00:00:00+00:00
[2025-07-21T18:38:29.653+0000] {processor.py:208} INFO - Processing /opt/airflow/dags/train_crowd_pred.py took 3.227 seconds
[2025-07-21T18:39:01.741+0000] {processor.py:186} INFO - Started process (PID=10531) to work on /opt/airflow/dags/train_crowd_pred.py
[2025-07-21T18:39:01.742+0000] {processor.py:914} INFO - Processing file /opt/airflow/dags/train_crowd_pred.py for tasks to queue
[2025-07-21T18:39:01.744+0000] {logging_mixin.py:190} INFO - [2025-07-21T18:39:01.744+0000] {dagbag.py:588} INFO - Filling up the DagBag from /opt/airflow/dags/train_crowd_pred.py
[2025-07-21T18:39:04.964+0000] {processor.py:925} INFO - DAG(s) 'train_crowd_pred' retrieved from /opt/airflow/dags/train_crowd_pred.py
[2025-07-21T18:39:04.985+0000] {logging_mixin.py:190} INFO - [2025-07-21T18:39:04.984+0000] {dag.py:3239} INFO - Sync 1 DAGs
[2025-07-21T18:39:05.003+0000] {logging_mixin.py:190} INFO - [2025-07-21T18:39:05.003+0000] {dag.py:4180} INFO - Setting next_dagrun for train_crowd_pred to 2025-07-21 00:00:00+00:00, run_after=2025-07-22 00:00:00+00:00
[2025-07-21T18:39:05.021+0000] {processor.py:208} INFO - Processing /opt/airflow/dags/train_crowd_pred.py took 3.286 seconds
[2025-07-21T18:39:36.851+0000] {processor.py:186} INFO - Started process (PID=10629) to work on /opt/airflow/dags/train_crowd_pred.py
[2025-07-21T18:39:36.852+0000] {processor.py:914} INFO - Processing file /opt/airflow/dags/train_crowd_pred.py for tasks to queue
[2025-07-21T18:39:36.854+0000] {logging_mixin.py:190} INFO - [2025-07-21T18:39:36.854+0000] {dagbag.py:588} INFO - Filling up the DagBag from /opt/airflow/dags/train_crowd_pred.py
[2025-07-21T18:39:40.068+0000] {processor.py:925} INFO - DAG(s) 'train_crowd_pred' retrieved from /opt/airflow/dags/train_crowd_pred.py
[2025-07-21T18:39:40.095+0000] {logging_mixin.py:190} INFO - [2025-07-21T18:39:40.094+0000] {dag.py:3239} INFO - Sync 1 DAGs
[2025-07-21T18:39:40.116+0000] {logging_mixin.py:190} INFO - [2025-07-21T18:39:40.116+0000] {dag.py:4180} INFO - Setting next_dagrun for train_crowd_pred to 2025-07-21 00:00:00+00:00, run_after=2025-07-22 00:00:00+00:00
[2025-07-21T18:39:40.133+0000] {processor.py:208} INFO - Processing /opt/airflow/dags/train_crowd_pred.py took 3.288 seconds
[2025-07-21T18:40:11.299+0000] {processor.py:186} INFO - Started process (PID=10733) to work on /opt/airflow/dags/train_crowd_pred.py
[2025-07-21T18:40:11.300+0000] {processor.py:914} INFO - Processing file /opt/airflow/dags/train_crowd_pred.py for tasks to queue
[2025-07-21T18:40:11.302+0000] {logging_mixin.py:190} INFO - [2025-07-21T18:40:11.302+0000] {dagbag.py:588} INFO - Filling up the DagBag from /opt/airflow/dags/train_crowd_pred.py
[2025-07-21T18:40:14.504+0000] {processor.py:925} INFO - DAG(s) 'train_crowd_pred' retrieved from /opt/airflow/dags/train_crowd_pred.py
[2025-07-21T18:40:14.527+0000] {logging_mixin.py:190} INFO - [2025-07-21T18:40:14.526+0000] {dag.py:3239} INFO - Sync 1 DAGs
[2025-07-21T18:40:14.546+0000] {logging_mixin.py:190} INFO - [2025-07-21T18:40:14.545+0000] {dag.py:4180} INFO - Setting next_dagrun for train_crowd_pred to 2025-07-21 00:00:00+00:00, run_after=2025-07-22 00:00:00+00:00
[2025-07-21T18:40:14.560+0000] {processor.py:208} INFO - Processing /opt/airflow/dags/train_crowd_pred.py took 3.266 seconds
[2025-07-21T18:40:46.658+0000] {processor.py:186} INFO - Started process (PID=10831) to work on /opt/airflow/dags/train_crowd_pred.py
[2025-07-21T18:40:46.659+0000] {processor.py:914} INFO - Processing file /opt/airflow/dags/train_crowd_pred.py for tasks to queue
[2025-07-21T18:40:46.661+0000] {logging_mixin.py:190} INFO - [2025-07-21T18:40:46.660+0000] {dagbag.py:588} INFO - Filling up the DagBag from /opt/airflow/dags/train_crowd_pred.py
[2025-07-21T18:40:49.923+0000] {processor.py:925} INFO - DAG(s) 'train_crowd_pred' retrieved from /opt/airflow/dags/train_crowd_pred.py
[2025-07-21T18:40:49.947+0000] {logging_mixin.py:190} INFO - [2025-07-21T18:40:49.946+0000] {dag.py:3239} INFO - Sync 1 DAGs
[2025-07-21T18:40:49.967+0000] {logging_mixin.py:190} INFO - [2025-07-21T18:40:49.967+0000] {dag.py:4180} INFO - Setting next_dagrun for train_crowd_pred to 2025-07-21 00:00:00+00:00, run_after=2025-07-22 00:00:00+00:00
[2025-07-21T18:40:49.984+0000] {processor.py:208} INFO - Processing /opt/airflow/dags/train_crowd_pred.py took 3.333 seconds
[2025-07-21T18:41:21.753+0000] {processor.py:186} INFO - Started process (PID=10929) to work on /opt/airflow/dags/train_crowd_pred.py
[2025-07-21T18:41:21.755+0000] {processor.py:914} INFO - Processing file /opt/airflow/dags/train_crowd_pred.py for tasks to queue
[2025-07-21T18:41:21.757+0000] {logging_mixin.py:190} INFO - [2025-07-21T18:41:21.757+0000] {dagbag.py:588} INFO - Filling up the DagBag from /opt/airflow/dags/train_crowd_pred.py
[2025-07-21T18:41:25.154+0000] {processor.py:925} INFO - DAG(s) 'train_crowd_pred' retrieved from /opt/airflow/dags/train_crowd_pred.py
[2025-07-21T18:41:25.177+0000] {logging_mixin.py:190} INFO - [2025-07-21T18:41:25.177+0000] {dag.py:3239} INFO - Sync 1 DAGs
[2025-07-21T18:41:25.195+0000] {logging_mixin.py:190} INFO - [2025-07-21T18:41:25.195+0000] {dag.py:4180} INFO - Setting next_dagrun for train_crowd_pred to 2025-07-21 00:00:00+00:00, run_after=2025-07-22 00:00:00+00:00
[2025-07-21T18:41:25.211+0000] {processor.py:208} INFO - Processing /opt/airflow/dags/train_crowd_pred.py took 3.465 seconds
[2025-07-21T18:41:57.005+0000] {processor.py:186} INFO - Started process (PID=11027) to work on /opt/airflow/dags/train_crowd_pred.py
[2025-07-21T18:41:57.006+0000] {processor.py:914} INFO - Processing file /opt/airflow/dags/train_crowd_pred.py for tasks to queue
[2025-07-21T18:41:57.008+0000] {logging_mixin.py:190} INFO - [2025-07-21T18:41:57.007+0000] {dagbag.py:588} INFO - Filling up the DagBag from /opt/airflow/dags/train_crowd_pred.py
[2025-07-21T18:42:00.284+0000] {processor.py:925} INFO - DAG(s) 'train_crowd_pred' retrieved from /opt/airflow/dags/train_crowd_pred.py
[2025-07-21T18:42:00.306+0000] {logging_mixin.py:190} INFO - [2025-07-21T18:42:00.305+0000] {dag.py:3239} INFO - Sync 1 DAGs
[2025-07-21T18:42:00.328+0000] {logging_mixin.py:190} INFO - [2025-07-21T18:42:00.328+0000] {dag.py:4180} INFO - Setting next_dagrun for train_crowd_pred to 2025-07-21 00:00:00+00:00, run_after=2025-07-22 00:00:00+00:00
[2025-07-21T18:42:00.344+0000] {processor.py:208} INFO - Processing /opt/airflow/dags/train_crowd_pred.py took 3.345 seconds
[2025-07-21T18:42:32.003+0000] {processor.py:186} INFO - Started process (PID=11125) to work on /opt/airflow/dags/train_crowd_pred.py
[2025-07-21T18:42:32.004+0000] {processor.py:914} INFO - Processing file /opt/airflow/dags/train_crowd_pred.py for tasks to queue
[2025-07-21T18:42:32.008+0000] {logging_mixin.py:190} INFO - [2025-07-21T18:42:32.007+0000] {dagbag.py:588} INFO - Filling up the DagBag from /opt/airflow/dags/train_crowd_pred.py
[2025-07-21T18:42:35.641+0000] {processor.py:925} INFO - DAG(s) 'train_crowd_pred' retrieved from /opt/airflow/dags/train_crowd_pred.py
[2025-07-21T18:42:35.663+0000] {logging_mixin.py:190} INFO - [2025-07-21T18:42:35.663+0000] {dag.py:3239} INFO - Sync 1 DAGs
[2025-07-21T18:42:35.683+0000] {logging_mixin.py:190} INFO - [2025-07-21T18:42:35.683+0000] {dag.py:4180} INFO - Setting next_dagrun for train_crowd_pred to 2025-07-21 00:00:00+00:00, run_after=2025-07-22 00:00:00+00:00
[2025-07-21T18:42:35.702+0000] {processor.py:208} INFO - Processing /opt/airflow/dags/train_crowd_pred.py took 3.708 seconds
[2025-07-21T18:43:07.421+0000] {processor.py:186} INFO - Started process (PID=11223) to work on /opt/airflow/dags/train_crowd_pred.py
[2025-07-21T18:43:07.422+0000] {processor.py:914} INFO - Processing file /opt/airflow/dags/train_crowd_pred.py for tasks to queue
[2025-07-21T18:43:07.425+0000] {logging_mixin.py:190} INFO - [2025-07-21T18:43:07.424+0000] {dagbag.py:588} INFO - Filling up the DagBag from /opt/airflow/dags/train_crowd_pred.py
[2025-07-21T18:43:10.758+0000] {processor.py:925} INFO - DAG(s) 'train_crowd_pred' retrieved from /opt/airflow/dags/train_crowd_pred.py
[2025-07-21T18:43:10.781+0000] {logging_mixin.py:190} INFO - [2025-07-21T18:43:10.781+0000] {dag.py:3239} INFO - Sync 1 DAGs
[2025-07-21T18:43:10.798+0000] {logging_mixin.py:190} INFO - [2025-07-21T18:43:10.798+0000] {dag.py:4180} INFO - Setting next_dagrun for train_crowd_pred to 2025-07-21 00:00:00+00:00, run_after=2025-07-22 00:00:00+00:00
[2025-07-21T18:43:10.812+0000] {processor.py:208} INFO - Processing /opt/airflow/dags/train_crowd_pred.py took 3.397 seconds
[2025-07-21T18:43:42.202+0000] {processor.py:186} INFO - Started process (PID=11327) to work on /opt/airflow/dags/train_crowd_pred.py
[2025-07-21T18:43:42.203+0000] {processor.py:914} INFO - Processing file /opt/airflow/dags/train_crowd_pred.py for tasks to queue
[2025-07-21T18:43:42.205+0000] {logging_mixin.py:190} INFO - [2025-07-21T18:43:42.205+0000] {dagbag.py:588} INFO - Filling up the DagBag from /opt/airflow/dags/train_crowd_pred.py
[2025-07-21T18:43:45.612+0000] {processor.py:925} INFO - DAG(s) 'train_crowd_pred' retrieved from /opt/airflow/dags/train_crowd_pred.py
[2025-07-21T18:43:45.635+0000] {logging_mixin.py:190} INFO - [2025-07-21T18:43:45.635+0000] {dag.py:3239} INFO - Sync 1 DAGs
[2025-07-21T18:43:45.656+0000] {logging_mixin.py:190} INFO - [2025-07-21T18:43:45.656+0000] {dag.py:4180} INFO - Setting next_dagrun for train_crowd_pred to 2025-07-21 00:00:00+00:00, run_after=2025-07-22 00:00:00+00:00
[2025-07-21T18:43:45.673+0000] {processor.py:208} INFO - Processing /opt/airflow/dags/train_crowd_pred.py took 3.477 seconds
[2025-07-21T18:44:17.406+0000] {processor.py:186} INFO - Started process (PID=11425) to work on /opt/airflow/dags/train_crowd_pred.py
[2025-07-21T18:44:17.407+0000] {processor.py:914} INFO - Processing file /opt/airflow/dags/train_crowd_pred.py for tasks to queue
[2025-07-21T18:44:17.411+0000] {logging_mixin.py:190} INFO - [2025-07-21T18:44:17.411+0000] {dagbag.py:588} INFO - Filling up the DagBag from /opt/airflow/dags/train_crowd_pred.py
[2025-07-21T18:44:20.889+0000] {processor.py:925} INFO - DAG(s) 'train_crowd_pred' retrieved from /opt/airflow/dags/train_crowd_pred.py
[2025-07-21T18:44:20.914+0000] {logging_mixin.py:190} INFO - [2025-07-21T18:44:20.913+0000] {dag.py:3239} INFO - Sync 1 DAGs
[2025-07-21T18:44:20.935+0000] {logging_mixin.py:190} INFO - [2025-07-21T18:44:20.934+0000] {dag.py:4180} INFO - Setting next_dagrun for train_crowd_pred to 2025-07-21 00:00:00+00:00, run_after=2025-07-22 00:00:00+00:00
[2025-07-21T18:44:20.955+0000] {processor.py:208} INFO - Processing /opt/airflow/dags/train_crowd_pred.py took 3.557 seconds
[2025-07-21T18:44:53.043+0000] {processor.py:186} INFO - Started process (PID=11523) to work on /opt/airflow/dags/train_crowd_pred.py
[2025-07-21T18:44:53.044+0000] {processor.py:914} INFO - Processing file /opt/airflow/dags/train_crowd_pred.py for tasks to queue
[2025-07-21T18:44:53.046+0000] {logging_mixin.py:190} INFO - [2025-07-21T18:44:53.046+0000] {dagbag.py:588} INFO - Filling up the DagBag from /opt/airflow/dags/train_crowd_pred.py
[2025-07-21T18:44:56.395+0000] {processor.py:925} INFO - DAG(s) 'train_crowd_pred' retrieved from /opt/airflow/dags/train_crowd_pred.py
[2025-07-21T18:44:56.418+0000] {logging_mixin.py:190} INFO - [2025-07-21T18:44:56.418+0000] {dag.py:3239} INFO - Sync 1 DAGs
[2025-07-21T18:44:56.437+0000] {logging_mixin.py:190} INFO - [2025-07-21T18:44:56.437+0000] {dag.py:4180} INFO - Setting next_dagrun for train_crowd_pred to 2025-07-21 00:00:00+00:00, run_after=2025-07-22 00:00:00+00:00
[2025-07-21T18:44:56.451+0000] {processor.py:208} INFO - Processing /opt/airflow/dags/train_crowd_pred.py took 3.415 seconds
[2025-07-21T18:45:28.230+0000] {processor.py:186} INFO - Started process (PID=11621) to work on /opt/airflow/dags/train_crowd_pred.py
[2025-07-21T18:45:28.231+0000] {processor.py:914} INFO - Processing file /opt/airflow/dags/train_crowd_pred.py for tasks to queue
[2025-07-21T18:45:28.233+0000] {logging_mixin.py:190} INFO - [2025-07-21T18:45:28.233+0000] {dagbag.py:588} INFO - Filling up the DagBag from /opt/airflow/dags/train_crowd_pred.py
[2025-07-21T18:45:31.530+0000] {processor.py:925} INFO - DAG(s) 'train_crowd_pred' retrieved from /opt/airflow/dags/train_crowd_pred.py
[2025-07-21T18:45:31.552+0000] {logging_mixin.py:190} INFO - [2025-07-21T18:45:31.551+0000] {dag.py:3239} INFO - Sync 1 DAGs
[2025-07-21T18:45:31.572+0000] {logging_mixin.py:190} INFO - [2025-07-21T18:45:31.572+0000] {dag.py:4180} INFO - Setting next_dagrun for train_crowd_pred to 2025-07-21 00:00:00+00:00, run_after=2025-07-22 00:00:00+00:00
[2025-07-21T18:45:31.588+0000] {processor.py:208} INFO - Processing /opt/airflow/dags/train_crowd_pred.py took 3.365 seconds
[2025-07-21T18:46:03.531+0000] {processor.py:186} INFO - Started process (PID=11719) to work on /opt/airflow/dags/train_crowd_pred.py
[2025-07-21T18:46:03.532+0000] {processor.py:914} INFO - Processing file /opt/airflow/dags/train_crowd_pred.py for tasks to queue
[2025-07-21T18:46:03.534+0000] {logging_mixin.py:190} INFO - [2025-07-21T18:46:03.534+0000] {dagbag.py:588} INFO - Filling up the DagBag from /opt/airflow/dags/train_crowd_pred.py
[2025-07-21T18:46:06.766+0000] {processor.py:925} INFO - DAG(s) 'train_crowd_pred' retrieved from /opt/airflow/dags/train_crowd_pred.py
[2025-07-21T18:46:06.787+0000] {logging_mixin.py:190} INFO - [2025-07-21T18:46:06.786+0000] {dag.py:3239} INFO - Sync 1 DAGs
[2025-07-21T18:46:06.805+0000] {logging_mixin.py:190} INFO - [2025-07-21T18:46:06.805+0000] {dag.py:4180} INFO - Setting next_dagrun for train_crowd_pred to 2025-07-21 00:00:00+00:00, run_after=2025-07-22 00:00:00+00:00
[2025-07-21T18:46:06.824+0000] {processor.py:208} INFO - Processing /opt/airflow/dags/train_crowd_pred.py took 3.299 seconds
[2025-07-21T18:46:38.691+0000] {processor.py:186} INFO - Started process (PID=11817) to work on /opt/airflow/dags/train_crowd_pred.py
[2025-07-21T18:46:38.692+0000] {processor.py:914} INFO - Processing file /opt/airflow/dags/train_crowd_pred.py for tasks to queue
[2025-07-21T18:46:38.695+0000] {logging_mixin.py:190} INFO - [2025-07-21T18:46:38.694+0000] {dagbag.py:588} INFO - Filling up the DagBag from /opt/airflow/dags/train_crowd_pred.py
[2025-07-21T18:46:41.838+0000] {processor.py:925} INFO - DAG(s) 'train_crowd_pred' retrieved from /opt/airflow/dags/train_crowd_pred.py
[2025-07-21T18:46:41.859+0000] {logging_mixin.py:190} INFO - [2025-07-21T18:46:41.859+0000] {dag.py:3239} INFO - Sync 1 DAGs
[2025-07-21T18:46:41.876+0000] {logging_mixin.py:190} INFO - [2025-07-21T18:46:41.875+0000] {dag.py:4180} INFO - Setting next_dagrun for train_crowd_pred to 2025-07-21 00:00:00+00:00, run_after=2025-07-22 00:00:00+00:00
[2025-07-21T18:46:41.890+0000] {processor.py:208} INFO - Processing /opt/airflow/dags/train_crowd_pred.py took 3.204 seconds
[2025-07-21T18:47:13.858+0000] {processor.py:186} INFO - Started process (PID=11921) to work on /opt/airflow/dags/train_crowd_pred.py
[2025-07-21T18:47:13.859+0000] {processor.py:914} INFO - Processing file /opt/airflow/dags/train_crowd_pred.py for tasks to queue
[2025-07-21T18:47:13.861+0000] {logging_mixin.py:190} INFO - [2025-07-21T18:47:13.861+0000] {dagbag.py:588} INFO - Filling up the DagBag from /opt/airflow/dags/train_crowd_pred.py
[2025-07-21T18:47:17.177+0000] {processor.py:925} INFO - DAG(s) 'train_crowd_pred' retrieved from /opt/airflow/dags/train_crowd_pred.py
[2025-07-21T18:47:17.197+0000] {logging_mixin.py:190} INFO - [2025-07-21T18:47:17.197+0000] {dag.py:3239} INFO - Sync 1 DAGs
[2025-07-21T18:47:17.216+0000] {logging_mixin.py:190} INFO - [2025-07-21T18:47:17.216+0000] {dag.py:4180} INFO - Setting next_dagrun for train_crowd_pred to 2025-07-21 00:00:00+00:00, run_after=2025-07-22 00:00:00+00:00
[2025-07-21T18:47:17.231+0000] {processor.py:208} INFO - Processing /opt/airflow/dags/train_crowd_pred.py took 3.378 seconds
[2025-07-21T18:47:48.497+0000] {processor.py:186} INFO - Started process (PID=12019) to work on /opt/airflow/dags/train_crowd_pred.py
[2025-07-21T18:47:48.499+0000] {processor.py:914} INFO - Processing file /opt/airflow/dags/train_crowd_pred.py for tasks to queue
[2025-07-21T18:47:48.501+0000] {logging_mixin.py:190} INFO - [2025-07-21T18:47:48.501+0000] {dagbag.py:588} INFO - Filling up the DagBag from /opt/airflow/dags/train_crowd_pred.py
[2025-07-21T18:47:51.808+0000] {processor.py:925} INFO - DAG(s) 'train_crowd_pred' retrieved from /opt/airflow/dags/train_crowd_pred.py
[2025-07-21T18:47:51.831+0000] {logging_mixin.py:190} INFO - [2025-07-21T18:47:51.830+0000] {dag.py:3239} INFO - Sync 1 DAGs
[2025-07-21T18:47:51.849+0000] {logging_mixin.py:190} INFO - [2025-07-21T18:47:51.849+0000] {dag.py:4180} INFO - Setting next_dagrun for train_crowd_pred to 2025-07-21 00:00:00+00:00, run_after=2025-07-22 00:00:00+00:00
[2025-07-21T18:47:51.866+0000] {processor.py:208} INFO - Processing /opt/airflow/dags/train_crowd_pred.py took 3.376 seconds
[2025-07-21T18:48:23.242+0000] {processor.py:186} INFO - Started process (PID=12117) to work on /opt/airflow/dags/train_crowd_pred.py
[2025-07-21T18:48:23.244+0000] {processor.py:914} INFO - Processing file /opt/airflow/dags/train_crowd_pred.py for tasks to queue
[2025-07-21T18:48:23.246+0000] {logging_mixin.py:190} INFO - [2025-07-21T18:48:23.246+0000] {dagbag.py:588} INFO - Filling up the DagBag from /opt/airflow/dags/train_crowd_pred.py
[2025-07-21T18:48:26.647+0000] {processor.py:925} INFO - DAG(s) 'train_crowd_pred' retrieved from /opt/airflow/dags/train_crowd_pred.py
[2025-07-21T18:48:26.674+0000] {logging_mixin.py:190} INFO - [2025-07-21T18:48:26.673+0000] {dag.py:3239} INFO - Sync 1 DAGs
[2025-07-21T18:48:26.694+0000] {logging_mixin.py:190} INFO - [2025-07-21T18:48:26.694+0000] {dag.py:4180} INFO - Setting next_dagrun for train_crowd_pred to 2025-07-21 00:00:00+00:00, run_after=2025-07-22 00:00:00+00:00
[2025-07-21T18:48:26.712+0000] {processor.py:208} INFO - Processing /opt/airflow/dags/train_crowd_pred.py took 3.476 seconds
[2025-07-21T18:48:58.604+0000] {processor.py:186} INFO - Started process (PID=12215) to work on /opt/airflow/dags/train_crowd_pred.py
[2025-07-21T18:48:58.605+0000] {processor.py:914} INFO - Processing file /opt/airflow/dags/train_crowd_pred.py for tasks to queue
[2025-07-21T18:48:58.607+0000] {logging_mixin.py:190} INFO - [2025-07-21T18:48:58.607+0000] {dagbag.py:588} INFO - Filling up the DagBag from /opt/airflow/dags/train_crowd_pred.py
[2025-07-21T18:49:01.898+0000] {processor.py:925} INFO - DAG(s) 'train_crowd_pred' retrieved from /opt/airflow/dags/train_crowd_pred.py
[2025-07-21T18:49:01.919+0000] {logging_mixin.py:190} INFO - [2025-07-21T18:49:01.919+0000] {dag.py:3239} INFO - Sync 1 DAGs
[2025-07-21T18:49:01.940+0000] {logging_mixin.py:190} INFO - [2025-07-21T18:49:01.940+0000] {dag.py:4180} INFO - Setting next_dagrun for train_crowd_pred to 2025-07-21 00:00:00+00:00, run_after=2025-07-22 00:00:00+00:00
[2025-07-21T18:49:01.958+0000] {processor.py:208} INFO - Processing /opt/airflow/dags/train_crowd_pred.py took 3.362 seconds
[2025-07-21T18:49:33.265+0000] {processor.py:186} INFO - Started process (PID=12313) to work on /opt/airflow/dags/train_crowd_pred.py
[2025-07-21T18:49:33.268+0000] {processor.py:914} INFO - Processing file /opt/airflow/dags/train_crowd_pred.py for tasks to queue
[2025-07-21T18:49:33.271+0000] {logging_mixin.py:190} INFO - [2025-07-21T18:49:33.270+0000] {dagbag.py:588} INFO - Filling up the DagBag from /opt/airflow/dags/train_crowd_pred.py
[2025-07-21T18:49:36.642+0000] {processor.py:925} INFO - DAG(s) 'train_crowd_pred' retrieved from /opt/airflow/dags/train_crowd_pred.py
[2025-07-21T18:49:36.664+0000] {logging_mixin.py:190} INFO - [2025-07-21T18:49:36.663+0000] {dag.py:3239} INFO - Sync 1 DAGs
[2025-07-21T18:49:36.683+0000] {logging_mixin.py:190} INFO - [2025-07-21T18:49:36.683+0000] {dag.py:4180} INFO - Setting next_dagrun for train_crowd_pred to 2025-07-21 00:00:00+00:00, run_after=2025-07-22 00:00:00+00:00
[2025-07-21T18:49:36.700+0000] {processor.py:208} INFO - Processing /opt/airflow/dags/train_crowd_pred.py took 3.442 seconds
[2025-07-21T18:50:07.749+0000] {processor.py:186} INFO - Started process (PID=12408) to work on /opt/airflow/dags/train_crowd_pred.py
[2025-07-21T18:50:07.750+0000] {processor.py:914} INFO - Processing file /opt/airflow/dags/train_crowd_pred.py for tasks to queue
[2025-07-21T18:50:07.753+0000] {logging_mixin.py:190} INFO - [2025-07-21T18:50:07.753+0000] {dagbag.py:588} INFO - Filling up the DagBag from /opt/airflow/dags/train_crowd_pred.py
[2025-07-21T18:50:10.876+0000] {processor.py:925} INFO - DAG(s) 'train_crowd_pred' retrieved from /opt/airflow/dags/train_crowd_pred.py
[2025-07-21T18:50:10.896+0000] {logging_mixin.py:190} INFO - [2025-07-21T18:50:10.896+0000] {dag.py:3239} INFO - Sync 1 DAGs
[2025-07-21T18:50:10.912+0000] {logging_mixin.py:190} INFO - [2025-07-21T18:50:10.912+0000] {dag.py:4180} INFO - Setting next_dagrun for train_crowd_pred to 2025-07-21 00:00:00+00:00, run_after=2025-07-22 00:00:00+00:00
[2025-07-21T18:50:10.926+0000] {processor.py:208} INFO - Processing /opt/airflow/dags/train_crowd_pred.py took 3.184 seconds
[2025-07-21T18:50:43.206+0000] {processor.py:186} INFO - Started process (PID=12515) to work on /opt/airflow/dags/train_crowd_pred.py
[2025-07-21T18:50:43.207+0000] {processor.py:914} INFO - Processing file /opt/airflow/dags/train_crowd_pred.py for tasks to queue
[2025-07-21T18:50:43.210+0000] {logging_mixin.py:190} INFO - [2025-07-21T18:50:43.209+0000] {dagbag.py:588} INFO - Filling up the DagBag from /opt/airflow/dags/train_crowd_pred.py
[2025-07-21T18:50:46.357+0000] {processor.py:925} INFO - DAG(s) 'train_crowd_pred' retrieved from /opt/airflow/dags/train_crowd_pred.py
[2025-07-21T18:50:46.379+0000] {logging_mixin.py:190} INFO - [2025-07-21T18:50:46.378+0000] {dag.py:3239} INFO - Sync 1 DAGs
[2025-07-21T18:50:46.398+0000] {logging_mixin.py:190} INFO - [2025-07-21T18:50:46.398+0000] {dag.py:4180} INFO - Setting next_dagrun for train_crowd_pred to 2025-07-21 00:00:00+00:00, run_after=2025-07-22 00:00:00+00:00
[2025-07-21T18:50:46.413+0000] {processor.py:208} INFO - Processing /opt/airflow/dags/train_crowd_pred.py took 3.213 seconds
[2025-07-21T18:51:18.275+0000] {processor.py:186} INFO - Started process (PID=12613) to work on /opt/airflow/dags/train_crowd_pred.py
[2025-07-21T18:51:18.277+0000] {processor.py:914} INFO - Processing file /opt/airflow/dags/train_crowd_pred.py for tasks to queue
[2025-07-21T18:51:18.279+0000] {logging_mixin.py:190} INFO - [2025-07-21T18:51:18.279+0000] {dagbag.py:588} INFO - Filling up the DagBag from /opt/airflow/dags/train_crowd_pred.py
[2025-07-21T18:51:21.459+0000] {processor.py:925} INFO - DAG(s) 'train_crowd_pred' retrieved from /opt/airflow/dags/train_crowd_pred.py
[2025-07-21T18:51:21.480+0000] {logging_mixin.py:190} INFO - [2025-07-21T18:51:21.480+0000] {dag.py:3239} INFO - Sync 1 DAGs
[2025-07-21T18:51:21.498+0000] {logging_mixin.py:190} INFO - [2025-07-21T18:51:21.497+0000] {dag.py:4180} INFO - Setting next_dagrun for train_crowd_pred to 2025-07-21 00:00:00+00:00, run_after=2025-07-22 00:00:00+00:00
[2025-07-21T18:51:21.722+0000] {processor.py:208} INFO - Processing /opt/airflow/dags/train_crowd_pred.py took 3.452 seconds
[2025-07-21T18:51:52.713+0000] {processor.py:186} INFO - Started process (PID=12709) to work on /opt/airflow/dags/train_crowd_pred.py
[2025-07-21T18:51:52.715+0000] {processor.py:914} INFO - Processing file /opt/airflow/dags/train_crowd_pred.py for tasks to queue
[2025-07-21T18:51:52.718+0000] {logging_mixin.py:190} INFO - [2025-07-21T18:51:52.717+0000] {dagbag.py:588} INFO - Filling up the DagBag from /opt/airflow/dags/train_crowd_pred.py
[2025-07-21T18:51:55.972+0000] {processor.py:925} INFO - DAG(s) 'train_crowd_pred' retrieved from /opt/airflow/dags/train_crowd_pred.py
[2025-07-21T18:51:55.994+0000] {logging_mixin.py:190} INFO - [2025-07-21T18:51:55.993+0000] {dag.py:3239} INFO - Sync 1 DAGs
[2025-07-21T18:51:56.012+0000] {logging_mixin.py:190} INFO - [2025-07-21T18:51:56.012+0000] {dag.py:4180} INFO - Setting next_dagrun for train_crowd_pred to 2025-07-21 00:00:00+00:00, run_after=2025-07-22 00:00:00+00:00
[2025-07-21T18:51:56.029+0000] {processor.py:208} INFO - Processing /opt/airflow/dags/train_crowd_pred.py took 3.322 seconds
[2025-07-21T18:52:27.358+0000] {processor.py:186} INFO - Started process (PID=12807) to work on /opt/airflow/dags/train_crowd_pred.py
[2025-07-21T18:52:27.359+0000] {processor.py:914} INFO - Processing file /opt/airflow/dags/train_crowd_pred.py for tasks to queue
[2025-07-21T18:52:27.362+0000] {logging_mixin.py:190} INFO - [2025-07-21T18:52:27.362+0000] {dagbag.py:588} INFO - Filling up the DagBag from /opt/airflow/dags/train_crowd_pred.py
[2025-07-21T18:52:30.462+0000] {processor.py:925} INFO - DAG(s) 'train_crowd_pred' retrieved from /opt/airflow/dags/train_crowd_pred.py
[2025-07-21T18:52:30.486+0000] {logging_mixin.py:190} INFO - [2025-07-21T18:52:30.485+0000] {dag.py:3239} INFO - Sync 1 DAGs
[2025-07-21T18:52:30.506+0000] {logging_mixin.py:190} INFO - [2025-07-21T18:52:30.506+0000] {dag.py:4180} INFO - Setting next_dagrun for train_crowd_pred to 2025-07-21 00:00:00+00:00, run_after=2025-07-22 00:00:00+00:00
[2025-07-21T18:52:30.525+0000] {processor.py:208} INFO - Processing /opt/airflow/dags/train_crowd_pred.py took 3.173 seconds
[2025-07-21T18:53:02.000+0000] {processor.py:186} INFO - Started process (PID=12904) to work on /opt/airflow/dags/train_crowd_pred.py
[2025-07-21T18:53:02.001+0000] {processor.py:914} INFO - Processing file /opt/airflow/dags/train_crowd_pred.py for tasks to queue
[2025-07-21T18:53:02.003+0000] {logging_mixin.py:190} INFO - [2025-07-21T18:53:02.003+0000] {dagbag.py:588} INFO - Filling up the DagBag from /opt/airflow/dags/train_crowd_pred.py
[2025-07-21T18:53:05.121+0000] {processor.py:925} INFO - DAG(s) 'train_crowd_pred' retrieved from /opt/airflow/dags/train_crowd_pred.py
[2025-07-21T18:53:05.142+0000] {logging_mixin.py:190} INFO - [2025-07-21T18:53:05.142+0000] {dag.py:3239} INFO - Sync 1 DAGs
[2025-07-21T18:53:05.159+0000] {logging_mixin.py:190} INFO - [2025-07-21T18:53:05.159+0000] {dag.py:4180} INFO - Setting next_dagrun for train_crowd_pred to 2025-07-21 00:00:00+00:00, run_after=2025-07-22 00:00:00+00:00
[2025-07-21T18:53:05.176+0000] {processor.py:208} INFO - Processing /opt/airflow/dags/train_crowd_pred.py took 3.183 seconds
[2025-07-21T18:53:37.162+0000] {processor.py:186} INFO - Started process (PID=13002) to work on /opt/airflow/dags/train_crowd_pred.py
[2025-07-21T18:53:37.163+0000] {processor.py:914} INFO - Processing file /opt/airflow/dags/train_crowd_pred.py for tasks to queue
[2025-07-21T18:53:37.165+0000] {logging_mixin.py:190} INFO - [2025-07-21T18:53:37.165+0000] {dagbag.py:588} INFO - Filling up the DagBag from /opt/airflow/dags/train_crowd_pred.py
[2025-07-21T18:53:40.558+0000] {processor.py:925} INFO - DAG(s) 'train_crowd_pred' retrieved from /opt/airflow/dags/train_crowd_pred.py
[2025-07-21T18:53:40.581+0000] {logging_mixin.py:190} INFO - [2025-07-21T18:53:40.580+0000] {dag.py:3239} INFO - Sync 1 DAGs
[2025-07-21T18:53:40.599+0000] {logging_mixin.py:190} INFO - [2025-07-21T18:53:40.599+0000] {dag.py:4180} INFO - Setting next_dagrun for train_crowd_pred to 2025-07-21 00:00:00+00:00, run_after=2025-07-22 00:00:00+00:00
[2025-07-21T18:53:40.614+0000] {processor.py:208} INFO - Processing /opt/airflow/dags/train_crowd_pred.py took 3.458 seconds
[2025-07-21T18:54:12.103+0000] {processor.py:186} INFO - Started process (PID=13103) to work on /opt/airflow/dags/train_crowd_pred.py
[2025-07-21T18:54:12.104+0000] {processor.py:914} INFO - Processing file /opt/airflow/dags/train_crowd_pred.py for tasks to queue
[2025-07-21T18:54:12.106+0000] {logging_mixin.py:190} INFO - [2025-07-21T18:54:12.106+0000] {dagbag.py:588} INFO - Filling up the DagBag from /opt/airflow/dags/train_crowd_pred.py
[2025-07-21T18:54:15.112+0000] {processor.py:925} INFO - DAG(s) 'train_crowd_pred' retrieved from /opt/airflow/dags/train_crowd_pred.py
[2025-07-21T18:54:15.136+0000] {logging_mixin.py:190} INFO - [2025-07-21T18:54:15.135+0000] {dag.py:3239} INFO - Sync 1 DAGs
[2025-07-21T18:54:15.155+0000] {logging_mixin.py:190} INFO - [2025-07-21T18:54:15.155+0000] {dag.py:4180} INFO - Setting next_dagrun for train_crowd_pred to 2025-07-21 00:00:00+00:00, run_after=2025-07-22 00:00:00+00:00
[2025-07-21T18:54:15.171+0000] {processor.py:208} INFO - Processing /opt/airflow/dags/train_crowd_pred.py took 3.073 seconds
[2025-07-21T18:54:47.156+0000] {processor.py:186} INFO - Started process (PID=13206) to work on /opt/airflow/dags/train_crowd_pred.py
[2025-07-21T18:54:47.157+0000] {processor.py:914} INFO - Processing file /opt/airflow/dags/train_crowd_pred.py for tasks to queue
[2025-07-21T18:54:47.159+0000] {logging_mixin.py:190} INFO - [2025-07-21T18:54:47.159+0000] {dagbag.py:588} INFO - Filling up the DagBag from /opt/airflow/dags/train_crowd_pred.py
[2025-07-21T18:54:50.332+0000] {processor.py:925} INFO - DAG(s) 'train_crowd_pred' retrieved from /opt/airflow/dags/train_crowd_pred.py
[2025-07-21T18:54:50.352+0000] {logging_mixin.py:190} INFO - [2025-07-21T18:54:50.352+0000] {dag.py:3239} INFO - Sync 1 DAGs
[2025-07-21T18:54:50.369+0000] {logging_mixin.py:190} INFO - [2025-07-21T18:54:50.369+0000] {dag.py:4180} INFO - Setting next_dagrun for train_crowd_pred to 2025-07-21 00:00:00+00:00, run_after=2025-07-22 00:00:00+00:00
[2025-07-21T18:54:50.385+0000] {processor.py:208} INFO - Processing /opt/airflow/dags/train_crowd_pred.py took 3.236 seconds
[2025-07-21T18:55:22.184+0000] {processor.py:186} INFO - Started process (PID=13303) to work on /opt/airflow/dags/train_crowd_pred.py
[2025-07-21T18:55:22.185+0000] {processor.py:914} INFO - Processing file /opt/airflow/dags/train_crowd_pred.py for tasks to queue
[2025-07-21T18:55:22.187+0000] {logging_mixin.py:190} INFO - [2025-07-21T18:55:22.187+0000] {dagbag.py:588} INFO - Filling up the DagBag from /opt/airflow/dags/train_crowd_pred.py
[2025-07-21T18:55:25.285+0000] {processor.py:925} INFO - DAG(s) 'train_crowd_pred' retrieved from /opt/airflow/dags/train_crowd_pred.py
[2025-07-21T18:55:25.308+0000] {logging_mixin.py:190} INFO - [2025-07-21T18:55:25.307+0000] {dag.py:3239} INFO - Sync 1 DAGs
[2025-07-21T18:55:25.325+0000] {logging_mixin.py:190} INFO - [2025-07-21T18:55:25.325+0000] {dag.py:4180} INFO - Setting next_dagrun for train_crowd_pred to 2025-07-21 00:00:00+00:00, run_after=2025-07-22 00:00:00+00:00
[2025-07-21T18:55:25.339+0000] {processor.py:208} INFO - Processing /opt/airflow/dags/train_crowd_pred.py took 3.162 seconds
[2025-07-21T18:55:57.748+0000] {processor.py:186} INFO - Started process (PID=13402) to work on /opt/airflow/dags/train_crowd_pred.py
[2025-07-21T18:55:57.749+0000] {processor.py:914} INFO - Processing file /opt/airflow/dags/train_crowd_pred.py for tasks to queue
[2025-07-21T18:55:57.752+0000] {logging_mixin.py:190} INFO - [2025-07-21T18:55:57.751+0000] {dagbag.py:588} INFO - Filling up the DagBag from /opt/airflow/dags/train_crowd_pred.py
[2025-07-21T18:56:00.948+0000] {processor.py:925} INFO - DAG(s) 'train_crowd_pred' retrieved from /opt/airflow/dags/train_crowd_pred.py
[2025-07-21T18:56:00.971+0000] {logging_mixin.py:190} INFO - [2025-07-21T18:56:00.971+0000] {dag.py:3239} INFO - Sync 1 DAGs
[2025-07-21T18:56:00.990+0000] {logging_mixin.py:190} INFO - [2025-07-21T18:56:00.990+0000] {dag.py:4180} INFO - Setting next_dagrun for train_crowd_pred to 2025-07-21 00:00:00+00:00, run_after=2025-07-22 00:00:00+00:00
[2025-07-21T18:56:01.004+0000] {processor.py:208} INFO - Processing /opt/airflow/dags/train_crowd_pred.py took 3.262 seconds
