[2025-07-21T12:23:20.050+0000] {processor.py:186} INFO - Started process (PID=247) to work on /opt/airflow/dags/train_power_pred.py
[2025-07-21T12:23:20.051+0000] {processor.py:914} INFO - Processing file /opt/airflow/dags/train_power_pred.py for tasks to queue
[2025-07-21T12:23:20.054+0000] {logging_mixin.py:190} INFO - [2025-07-21T12:23:20.054+0000] {dagbag.py:588} INFO - Filling up the DagBag from /opt/airflow/dags/train_power_pred.py
[2025-07-21T12:23:24.026+0000] {processor.py:925} INFO - DAG(s) 'train_power_pred' retrieved from /opt/airflow/dags/train_power_pred.py
[2025-07-21T12:23:24.128+0000] {logging_mixin.py:190} INFO - [2025-07-21T12:23:24.127+0000] {override.py:1912} INFO - Created Permission View: can read on DAG:train_power_pred
[2025-07-21T12:23:24.138+0000] {logging_mixin.py:190} INFO - [2025-07-21T12:23:24.138+0000] {override.py:1912} INFO - Created Permission View: can delete on DAG:train_power_pred
[2025-07-21T12:23:24.150+0000] {logging_mixin.py:190} INFO - [2025-07-21T12:23:24.150+0000] {override.py:1912} INFO - Created Permission View: can edit on DAG:train_power_pred
[2025-07-21T12:23:24.158+0000] {logging_mixin.py:190} INFO - [2025-07-21T12:23:24.158+0000] {override.py:1912} INFO - Created Permission View: can read on DAG Run:train_power_pred
[2025-07-21T12:23:24.165+0000] {logging_mixin.py:190} INFO - [2025-07-21T12:23:24.165+0000] {override.py:1912} INFO - Created Permission View: can delete on DAG Run:train_power_pred
[2025-07-21T12:23:24.172+0000] {logging_mixin.py:190} INFO - [2025-07-21T12:23:24.171+0000] {override.py:1912} INFO - Created Permission View: can create on DAG Run:train_power_pred
[2025-07-21T12:23:24.178+0000] {logging_mixin.py:190} INFO - [2025-07-21T12:23:24.177+0000] {override.py:1912} INFO - Created Permission View: menu access on DAG Run:train_power_pred
[2025-07-21T12:23:24.179+0000] {logging_mixin.py:190} INFO - [2025-07-21T12:23:24.178+0000] {dag.py:3239} INFO - Sync 1 DAGs
[2025-07-21T12:23:24.192+0000] {logging_mixin.py:190} INFO - [2025-07-21T12:23:24.192+0000] {dag.py:3262} INFO - Creating ORM DAG for train_power_pred
[2025-07-21T12:23:24.202+0000] {logging_mixin.py:190} INFO - [2025-07-21T12:23:24.202+0000] {dag.py:4180} INFO - Setting next_dagrun for train_power_pred to 2025-07-21 00:00:00+00:00, run_after=2025-07-22 00:00:00+00:00
[2025-07-21T12:23:24.220+0000] {processor.py:208} INFO - Processing /opt/airflow/dags/train_power_pred.py took 4.177 seconds
[2025-07-21T12:23:55.682+0000] {processor.py:186} INFO - Started process (PID=347) to work on /opt/airflow/dags/train_power_pred.py
[2025-07-21T12:23:55.683+0000] {processor.py:914} INFO - Processing file /opt/airflow/dags/train_power_pred.py for tasks to queue
[2025-07-21T12:23:55.687+0000] {logging_mixin.py:190} INFO - [2025-07-21T12:23:55.686+0000] {dagbag.py:588} INFO - Filling up the DagBag from /opt/airflow/dags/train_power_pred.py
[2025-07-21T12:24:00.113+0000] {processor.py:925} INFO - DAG(s) 'train_power_pred' retrieved from /opt/airflow/dags/train_power_pred.py
[2025-07-21T12:24:00.139+0000] {logging_mixin.py:190} INFO - [2025-07-21T12:24:00.139+0000] {dag.py:3239} INFO - Sync 1 DAGs
[2025-07-21T12:24:00.163+0000] {logging_mixin.py:190} INFO - [2025-07-21T12:24:00.162+0000] {dag.py:4180} INFO - Setting next_dagrun for train_power_pred to 2025-07-21 00:00:00+00:00, run_after=2025-07-22 00:00:00+00:00
[2025-07-21T12:24:00.180+0000] {processor.py:208} INFO - Processing /opt/airflow/dags/train_power_pred.py took 4.507 seconds
[2025-07-21T12:24:31.592+0000] {processor.py:186} INFO - Started process (PID=699) to work on /opt/airflow/dags/train_power_pred.py
[2025-07-21T12:24:31.593+0000] {processor.py:914} INFO - Processing file /opt/airflow/dags/train_power_pred.py for tasks to queue
[2025-07-21T12:24:31.595+0000] {logging_mixin.py:190} INFO - [2025-07-21T12:24:31.595+0000] {dagbag.py:588} INFO - Filling up the DagBag from /opt/airflow/dags/train_power_pred.py
[2025-07-21T12:24:36.469+0000] {processor.py:925} INFO - DAG(s) 'train_power_pred' retrieved from /opt/airflow/dags/train_power_pred.py
[2025-07-21T12:24:36.491+0000] {logging_mixin.py:190} INFO - [2025-07-21T12:24:36.490+0000] {dag.py:3239} INFO - Sync 1 DAGs
[2025-07-21T12:24:36.510+0000] {logging_mixin.py:190} INFO - [2025-07-21T12:24:36.510+0000] {dag.py:4180} INFO - Setting next_dagrun for train_power_pred to 2025-07-21 00:00:00+00:00, run_after=2025-07-22 00:00:00+00:00
[2025-07-21T12:24:36.525+0000] {processor.py:208} INFO - Processing /opt/airflow/dags/train_power_pred.py took 4.938 seconds
[2025-07-21T12:25:08.165+0000] {processor.py:186} INFO - Started process (PID=2792) to work on /opt/airflow/dags/train_power_pred.py
[2025-07-21T12:25:08.166+0000] {processor.py:914} INFO - Processing file /opt/airflow/dags/train_power_pred.py for tasks to queue
[2025-07-21T12:25:08.169+0000] {logging_mixin.py:190} INFO - [2025-07-21T12:25:08.168+0000] {dagbag.py:588} INFO - Filling up the DagBag from /opt/airflow/dags/train_power_pred.py
[2025-07-21T12:25:12.167+0000] {processor.py:925} INFO - DAG(s) 'train_power_pred' retrieved from /opt/airflow/dags/train_power_pred.py
[2025-07-21T12:25:12.191+0000] {logging_mixin.py:190} INFO - [2025-07-21T12:25:12.190+0000] {dag.py:3239} INFO - Sync 1 DAGs
[2025-07-21T12:25:12.208+0000] {logging_mixin.py:190} INFO - [2025-07-21T12:25:12.208+0000] {dag.py:4180} INFO - Setting next_dagrun for train_power_pred to 2025-07-21 00:00:00+00:00, run_after=2025-07-22 00:00:00+00:00
[2025-07-21T12:25:12.226+0000] {processor.py:208} INFO - Processing /opt/airflow/dags/train_power_pred.py took 4.067 seconds
[2025-07-21T12:25:43.912+0000] {processor.py:186} INFO - Started process (PID=2895) to work on /opt/airflow/dags/train_power_pred.py
[2025-07-21T12:25:43.913+0000] {processor.py:914} INFO - Processing file /opt/airflow/dags/train_power_pred.py for tasks to queue
[2025-07-21T12:25:43.915+0000] {logging_mixin.py:190} INFO - [2025-07-21T12:25:43.915+0000] {dagbag.py:588} INFO - Filling up the DagBag from /opt/airflow/dags/train_power_pred.py
[2025-07-21T12:25:47.825+0000] {processor.py:925} INFO - DAG(s) 'train_power_pred' retrieved from /opt/airflow/dags/train_power_pred.py
[2025-07-21T12:25:47.846+0000] {logging_mixin.py:190} INFO - [2025-07-21T12:25:47.845+0000] {dag.py:3239} INFO - Sync 1 DAGs
[2025-07-21T12:25:47.863+0000] {logging_mixin.py:190} INFO - [2025-07-21T12:25:47.863+0000] {dag.py:4180} INFO - Setting next_dagrun for train_power_pred to 2025-07-21 00:00:00+00:00, run_after=2025-07-22 00:00:00+00:00
[2025-07-21T12:25:47.876+0000] {processor.py:208} INFO - Processing /opt/airflow/dags/train_power_pred.py took 3.970 seconds
[2025-07-21T12:26:19.426+0000] {processor.py:186} INFO - Started process (PID=2993) to work on /opt/airflow/dags/train_power_pred.py
[2025-07-21T12:26:19.428+0000] {processor.py:914} INFO - Processing file /opt/airflow/dags/train_power_pred.py for tasks to queue
[2025-07-21T12:26:19.430+0000] {logging_mixin.py:190} INFO - [2025-07-21T12:26:19.430+0000] {dagbag.py:588} INFO - Filling up the DagBag from /opt/airflow/dags/train_power_pred.py
[2025-07-21T12:26:23.341+0000] {processor.py:925} INFO - DAG(s) 'train_power_pred' retrieved from /opt/airflow/dags/train_power_pred.py
[2025-07-21T12:26:23.361+0000] {logging_mixin.py:190} INFO - [2025-07-21T12:26:23.361+0000] {dag.py:3239} INFO - Sync 1 DAGs
[2025-07-21T12:26:23.380+0000] {logging_mixin.py:190} INFO - [2025-07-21T12:26:23.380+0000] {dag.py:4180} INFO - Setting next_dagrun for train_power_pred to 2025-07-21 00:00:00+00:00, run_after=2025-07-22 00:00:00+00:00
[2025-07-21T12:26:23.394+0000] {processor.py:208} INFO - Processing /opt/airflow/dags/train_power_pred.py took 3.974 seconds
[2025-07-21T12:26:54.886+0000] {processor.py:186} INFO - Started process (PID=3091) to work on /opt/airflow/dags/train_power_pred.py
[2025-07-21T12:26:54.887+0000] {processor.py:914} INFO - Processing file /opt/airflow/dags/train_power_pred.py for tasks to queue
[2025-07-21T12:26:54.889+0000] {logging_mixin.py:190} INFO - [2025-07-21T12:26:54.889+0000] {dagbag.py:588} INFO - Filling up the DagBag from /opt/airflow/dags/train_power_pred.py
[2025-07-21T12:26:58.791+0000] {processor.py:925} INFO - DAG(s) 'train_power_pred' retrieved from /opt/airflow/dags/train_power_pred.py
[2025-07-21T12:26:58.822+0000] {logging_mixin.py:190} INFO - [2025-07-21T12:26:58.821+0000] {dag.py:3239} INFO - Sync 1 DAGs
[2025-07-21T12:26:58.847+0000] {logging_mixin.py:190} INFO - [2025-07-21T12:26:58.846+0000] {dag.py:4180} INFO - Setting next_dagrun for train_power_pred to 2025-07-21 00:00:00+00:00, run_after=2025-07-22 00:00:00+00:00
[2025-07-21T12:26:58.872+0000] {processor.py:208} INFO - Processing /opt/airflow/dags/train_power_pred.py took 3.992 seconds
[2025-07-21T12:27:30.063+0000] {processor.py:186} INFO - Started process (PID=3189) to work on /opt/airflow/dags/train_power_pred.py
[2025-07-21T12:27:30.065+0000] {processor.py:914} INFO - Processing file /opt/airflow/dags/train_power_pred.py for tasks to queue
[2025-07-21T12:27:30.069+0000] {logging_mixin.py:190} INFO - [2025-07-21T12:27:30.068+0000] {dagbag.py:588} INFO - Filling up the DagBag from /opt/airflow/dags/train_power_pred.py
[2025-07-21T12:27:34.996+0000] {processor.py:925} INFO - DAG(s) 'train_power_pred' retrieved from /opt/airflow/dags/train_power_pred.py
[2025-07-21T12:27:35.022+0000] {logging_mixin.py:190} INFO - [2025-07-21T12:27:35.022+0000] {dag.py:3239} INFO - Sync 1 DAGs
[2025-07-21T12:27:35.043+0000] {logging_mixin.py:190} INFO - [2025-07-21T12:27:35.043+0000] {dag.py:4180} INFO - Setting next_dagrun for train_power_pred to 2025-07-21 00:00:00+00:00, run_after=2025-07-22 00:00:00+00:00
[2025-07-21T12:27:35.072+0000] {processor.py:208} INFO - Processing /opt/airflow/dags/train_power_pred.py took 5.016 seconds
[2025-07-21T12:28:06.653+0000] {processor.py:186} INFO - Started process (PID=3287) to work on /opt/airflow/dags/train_power_pred.py
[2025-07-21T12:28:06.655+0000] {processor.py:914} INFO - Processing file /opt/airflow/dags/train_power_pred.py for tasks to queue
[2025-07-21T12:28:06.658+0000] {logging_mixin.py:190} INFO - [2025-07-21T12:28:06.657+0000] {dagbag.py:588} INFO - Filling up the DagBag from /opt/airflow/dags/train_power_pred.py
[2025-07-21T12:28:10.762+0000] {processor.py:925} INFO - DAG(s) 'train_power_pred' retrieved from /opt/airflow/dags/train_power_pred.py
[2025-07-21T12:28:10.780+0000] {logging_mixin.py:190} INFO - [2025-07-21T12:28:10.779+0000] {dag.py:3239} INFO - Sync 1 DAGs
[2025-07-21T12:28:10.798+0000] {logging_mixin.py:190} INFO - [2025-07-21T12:28:10.797+0000] {dag.py:4180} INFO - Setting next_dagrun for train_power_pred to 2025-07-21 00:00:00+00:00, run_after=2025-07-22 00:00:00+00:00
[2025-07-21T12:28:10.812+0000] {processor.py:208} INFO - Processing /opt/airflow/dags/train_power_pred.py took 4.169 seconds
[2025-07-21T12:28:43.281+0000] {processor.py:186} INFO - Started process (PID=3369) to work on /opt/airflow/dags/train_power_pred.py
[2025-07-21T12:28:43.282+0000] {processor.py:914} INFO - Processing file /opt/airflow/dags/train_power_pred.py for tasks to queue
[2025-07-21T12:28:43.286+0000] {logging_mixin.py:190} INFO - [2025-07-21T12:28:43.285+0000] {dagbag.py:588} INFO - Filling up the DagBag from /opt/airflow/dags/train_power_pred.py
[2025-07-21T12:28:50.433+0000] {processor.py:925} INFO - DAG(s) 'train_power_pred' retrieved from /opt/airflow/dags/train_power_pred.py
[2025-07-21T12:28:50.466+0000] {logging_mixin.py:190} INFO - [2025-07-21T12:28:50.465+0000] {dag.py:3239} INFO - Sync 1 DAGs
[2025-07-21T12:28:50.494+0000] {logging_mixin.py:190} INFO - [2025-07-21T12:28:50.493+0000] {dag.py:4180} INFO - Setting next_dagrun for train_power_pred to 2025-07-21 00:00:00+00:00, run_after=2025-07-22 00:00:00+00:00
[2025-07-21T12:28:50.514+0000] {processor.py:208} INFO - Processing /opt/airflow/dags/train_power_pred.py took 7.242 seconds
[2025-07-21T12:29:21.682+0000] {processor.py:186} INFO - Started process (PID=3474) to work on /opt/airflow/dags/train_power_pred.py
[2025-07-21T12:29:21.683+0000] {processor.py:914} INFO - Processing file /opt/airflow/dags/train_power_pred.py for tasks to queue
[2025-07-21T12:29:21.686+0000] {logging_mixin.py:190} INFO - [2025-07-21T12:29:21.686+0000] {dagbag.py:588} INFO - Filling up the DagBag from /opt/airflow/dags/train_power_pred.py
[2025-07-21T12:29:26.174+0000] {processor.py:925} INFO - DAG(s) 'train_power_pred' retrieved from /opt/airflow/dags/train_power_pred.py
[2025-07-21T12:29:26.200+0000] {logging_mixin.py:190} INFO - [2025-07-21T12:29:26.200+0000] {dag.py:3239} INFO - Sync 1 DAGs
[2025-07-21T12:29:26.221+0000] {logging_mixin.py:190} INFO - [2025-07-21T12:29:26.221+0000] {dag.py:4180} INFO - Setting next_dagrun for train_power_pred to 2025-07-21 00:00:00+00:00, run_after=2025-07-22 00:00:00+00:00
[2025-07-21T12:29:26.238+0000] {processor.py:208} INFO - Processing /opt/airflow/dags/train_power_pred.py took 4.563 seconds
[2025-07-21T12:29:58.150+0000] {processor.py:186} INFO - Started process (PID=3572) to work on /opt/airflow/dags/train_power_pred.py
[2025-07-21T12:29:58.151+0000] {processor.py:914} INFO - Processing file /opt/airflow/dags/train_power_pred.py for tasks to queue
[2025-07-21T12:29:58.154+0000] {logging_mixin.py:190} INFO - [2025-07-21T12:29:58.153+0000] {dagbag.py:588} INFO - Filling up the DagBag from /opt/airflow/dags/train_power_pred.py
[2025-07-21T12:30:02.856+0000] {processor.py:925} INFO - DAG(s) 'train_power_pred' retrieved from /opt/airflow/dags/train_power_pred.py
[2025-07-21T12:30:02.882+0000] {logging_mixin.py:190} INFO - [2025-07-21T12:30:02.881+0000] {dag.py:3239} INFO - Sync 1 DAGs
[2025-07-21T12:30:02.905+0000] {logging_mixin.py:190} INFO - [2025-07-21T12:30:02.904+0000] {dag.py:4180} INFO - Setting next_dagrun for train_power_pred to 2025-07-21 00:00:00+00:00, run_after=2025-07-22 00:00:00+00:00
[2025-07-21T12:30:03.223+0000] {processor.py:208} INFO - Processing /opt/airflow/dags/train_power_pred.py took 5.079 seconds
[2025-07-21T12:30:35.051+0000] {processor.py:186} INFO - Started process (PID=3670) to work on /opt/airflow/dags/train_power_pred.py
[2025-07-21T12:30:35.053+0000] {processor.py:914} INFO - Processing file /opt/airflow/dags/train_power_pred.py for tasks to queue
[2025-07-21T12:30:35.056+0000] {logging_mixin.py:190} INFO - [2025-07-21T12:30:35.056+0000] {dagbag.py:588} INFO - Filling up the DagBag from /opt/airflow/dags/train_power_pred.py
[2025-07-21T12:30:39.409+0000] {processor.py:925} INFO - DAG(s) 'train_power_pred' retrieved from /opt/airflow/dags/train_power_pred.py
[2025-07-21T12:30:39.432+0000] {logging_mixin.py:190} INFO - [2025-07-21T12:30:39.432+0000] {dag.py:3239} INFO - Sync 1 DAGs
[2025-07-21T12:30:39.451+0000] {logging_mixin.py:190} INFO - [2025-07-21T12:30:39.451+0000] {dag.py:4180} INFO - Setting next_dagrun for train_power_pred to 2025-07-21 00:00:00+00:00, run_after=2025-07-22 00:00:00+00:00
[2025-07-21T12:30:39.465+0000] {processor.py:208} INFO - Processing /opt/airflow/dags/train_power_pred.py took 4.424 seconds
[2025-07-21T12:31:11.281+0000] {processor.py:186} INFO - Started process (PID=3768) to work on /opt/airflow/dags/train_power_pred.py
[2025-07-21T12:31:11.282+0000] {processor.py:914} INFO - Processing file /opt/airflow/dags/train_power_pred.py for tasks to queue
[2025-07-21T12:31:11.284+0000] {logging_mixin.py:190} INFO - [2025-07-21T12:31:11.284+0000] {dagbag.py:588} INFO - Filling up the DagBag from /opt/airflow/dags/train_power_pred.py
[2025-07-21T12:31:15.426+0000] {processor.py:925} INFO - DAG(s) 'train_power_pred' retrieved from /opt/airflow/dags/train_power_pred.py
[2025-07-21T12:31:15.454+0000] {logging_mixin.py:190} INFO - [2025-07-21T12:31:15.454+0000] {dag.py:3239} INFO - Sync 1 DAGs
[2025-07-21T12:31:15.478+0000] {logging_mixin.py:190} INFO - [2025-07-21T12:31:15.478+0000] {dag.py:4180} INFO - Setting next_dagrun for train_power_pred to 2025-07-21 00:00:00+00:00, run_after=2025-07-22 00:00:00+00:00
[2025-07-21T12:31:15.497+0000] {processor.py:208} INFO - Processing /opt/airflow/dags/train_power_pred.py took 4.221 seconds
[2025-07-21T12:31:47.259+0000] {processor.py:186} INFO - Started process (PID=3872) to work on /opt/airflow/dags/train_power_pred.py
[2025-07-21T12:31:47.260+0000] {processor.py:914} INFO - Processing file /opt/airflow/dags/train_power_pred.py for tasks to queue
[2025-07-21T12:31:47.262+0000] {logging_mixin.py:190} INFO - [2025-07-21T12:31:47.262+0000] {dagbag.py:588} INFO - Filling up the DagBag from /opt/airflow/dags/train_power_pred.py
[2025-07-21T12:31:51.567+0000] {processor.py:925} INFO - DAG(s) 'train_power_pred' retrieved from /opt/airflow/dags/train_power_pred.py
[2025-07-21T12:31:51.592+0000] {logging_mixin.py:190} INFO - [2025-07-21T12:31:51.592+0000] {dag.py:3239} INFO - Sync 1 DAGs
[2025-07-21T12:31:51.613+0000] {logging_mixin.py:190} INFO - [2025-07-21T12:31:51.613+0000] {dag.py:4180} INFO - Setting next_dagrun for train_power_pred to 2025-07-21 00:00:00+00:00, run_after=2025-07-22 00:00:00+00:00
[2025-07-21T12:31:51.629+0000] {processor.py:208} INFO - Processing /opt/airflow/dags/train_power_pred.py took 4.376 seconds
[2025-07-21T12:32:23.620+0000] {processor.py:186} INFO - Started process (PID=3986) to work on /opt/airflow/dags/train_power_pred.py
[2025-07-21T12:32:23.621+0000] {processor.py:914} INFO - Processing file /opt/airflow/dags/train_power_pred.py for tasks to queue
[2025-07-21T12:32:23.625+0000] {logging_mixin.py:190} INFO - [2025-07-21T12:32:23.625+0000] {dagbag.py:588} INFO - Filling up the DagBag from /opt/airflow/dags/train_power_pred.py
[2025-07-21T12:32:27.917+0000] {processor.py:925} INFO - DAG(s) 'train_power_pred' retrieved from /opt/airflow/dags/train_power_pred.py
[2025-07-21T12:32:27.939+0000] {logging_mixin.py:190} INFO - [2025-07-21T12:32:27.938+0000] {dag.py:3239} INFO - Sync 1 DAGs
[2025-07-21T12:32:27.958+0000] {logging_mixin.py:190} INFO - [2025-07-21T12:32:27.958+0000] {dag.py:4180} INFO - Setting next_dagrun for train_power_pred to 2025-07-21 00:00:00+00:00, run_after=2025-07-22 00:00:00+00:00
[2025-07-21T12:32:27.974+0000] {processor.py:208} INFO - Processing /opt/airflow/dags/train_power_pred.py took 4.364 seconds
[2025-07-21T12:32:59.575+0000] {processor.py:186} INFO - Started process (PID=4084) to work on /opt/airflow/dags/train_power_pred.py
[2025-07-21T12:32:59.576+0000] {processor.py:914} INFO - Processing file /opt/airflow/dags/train_power_pred.py for tasks to queue
[2025-07-21T12:32:59.579+0000] {logging_mixin.py:190} INFO - [2025-07-21T12:32:59.579+0000] {dagbag.py:588} INFO - Filling up the DagBag from /opt/airflow/dags/train_power_pred.py
[2025-07-21T12:33:03.485+0000] {processor.py:925} INFO - DAG(s) 'train_power_pred' retrieved from /opt/airflow/dags/train_power_pred.py
[2025-07-21T12:33:03.510+0000] {logging_mixin.py:190} INFO - [2025-07-21T12:33:03.510+0000] {dag.py:3239} INFO - Sync 1 DAGs
[2025-07-21T12:33:03.533+0000] {logging_mixin.py:190} INFO - [2025-07-21T12:33:03.532+0000] {dag.py:4180} INFO - Setting next_dagrun for train_power_pred to 2025-07-21 00:00:00+00:00, run_after=2025-07-22 00:00:00+00:00
[2025-07-21T12:33:03.551+0000] {processor.py:208} INFO - Processing /opt/airflow/dags/train_power_pred.py took 3.984 seconds
[2025-07-21T12:33:35.255+0000] {processor.py:186} INFO - Started process (PID=4182) to work on /opt/airflow/dags/train_power_pred.py
[2025-07-21T12:33:35.256+0000] {processor.py:914} INFO - Processing file /opt/airflow/dags/train_power_pred.py for tasks to queue
[2025-07-21T12:33:35.260+0000] {logging_mixin.py:190} INFO - [2025-07-21T12:33:35.260+0000] {dagbag.py:588} INFO - Filling up the DagBag from /opt/airflow/dags/train_power_pred.py
[2025-07-21T12:33:40.097+0000] {processor.py:925} INFO - DAG(s) 'train_power_pred' retrieved from /opt/airflow/dags/train_power_pred.py
[2025-07-21T12:33:40.150+0000] {logging_mixin.py:190} INFO - [2025-07-21T12:33:40.149+0000] {dag.py:3239} INFO - Sync 1 DAGs
[2025-07-21T12:33:40.199+0000] {logging_mixin.py:190} INFO - [2025-07-21T12:33:40.198+0000] {dag.py:4180} INFO - Setting next_dagrun for train_power_pred to 2025-07-21 00:00:00+00:00, run_after=2025-07-22 00:00:00+00:00
[2025-07-21T12:33:40.234+0000] {processor.py:208} INFO - Processing /opt/airflow/dags/train_power_pred.py took 4.989 seconds
[2025-07-21T12:34:11.957+0000] {processor.py:186} INFO - Started process (PID=4280) to work on /opt/airflow/dags/train_power_pred.py
[2025-07-21T12:34:11.959+0000] {processor.py:914} INFO - Processing file /opt/airflow/dags/train_power_pred.py for tasks to queue
[2025-07-21T12:34:11.964+0000] {logging_mixin.py:190} INFO - [2025-07-21T12:34:11.963+0000] {dagbag.py:588} INFO - Filling up the DagBag from /opt/airflow/dags/train_power_pred.py
[2025-07-21T12:34:16.517+0000] {processor.py:925} INFO - DAG(s) 'train_power_pred' retrieved from /opt/airflow/dags/train_power_pred.py
[2025-07-21T12:34:16.542+0000] {logging_mixin.py:190} INFO - [2025-07-21T12:34:16.541+0000] {dag.py:3239} INFO - Sync 1 DAGs
[2025-07-21T12:34:16.565+0000] {logging_mixin.py:190} INFO - [2025-07-21T12:34:16.564+0000] {dag.py:4180} INFO - Setting next_dagrun for train_power_pred to 2025-07-21 00:00:00+00:00, run_after=2025-07-22 00:00:00+00:00
[2025-07-21T12:34:16.583+0000] {processor.py:208} INFO - Processing /opt/airflow/dags/train_power_pred.py took 4.638 seconds
[2025-07-21T12:34:48.107+0000] {processor.py:186} INFO - Started process (PID=4384) to work on /opt/airflow/dags/train_power_pred.py
[2025-07-21T12:34:48.109+0000] {processor.py:914} INFO - Processing file /opt/airflow/dags/train_power_pred.py for tasks to queue
[2025-07-21T12:34:48.112+0000] {logging_mixin.py:190} INFO - [2025-07-21T12:34:48.111+0000] {dagbag.py:588} INFO - Filling up the DagBag from /opt/airflow/dags/train_power_pred.py
[2025-07-21T12:34:52.591+0000] {processor.py:925} INFO - DAG(s) 'train_power_pred' retrieved from /opt/airflow/dags/train_power_pred.py
[2025-07-21T12:34:52.613+0000] {logging_mixin.py:190} INFO - [2025-07-21T12:34:52.613+0000] {dag.py:3239} INFO - Sync 1 DAGs
[2025-07-21T12:34:52.632+0000] {logging_mixin.py:190} INFO - [2025-07-21T12:34:52.632+0000] {dag.py:4180} INFO - Setting next_dagrun for train_power_pred to 2025-07-21 00:00:00+00:00, run_after=2025-07-22 00:00:00+00:00
[2025-07-21T12:34:52.649+0000] {processor.py:208} INFO - Processing /opt/airflow/dags/train_power_pred.py took 4.549 seconds
[2025-07-21T12:35:24.034+0000] {processor.py:186} INFO - Started process (PID=4482) to work on /opt/airflow/dags/train_power_pred.py
[2025-07-21T12:35:24.035+0000] {processor.py:914} INFO - Processing file /opt/airflow/dags/train_power_pred.py for tasks to queue
[2025-07-21T12:35:24.038+0000] {logging_mixin.py:190} INFO - [2025-07-21T12:35:24.038+0000] {dagbag.py:588} INFO - Filling up the DagBag from /opt/airflow/dags/train_power_pred.py
[2025-07-21T12:35:28.093+0000] {processor.py:925} INFO - DAG(s) 'train_power_pred' retrieved from /opt/airflow/dags/train_power_pred.py
[2025-07-21T12:35:28.124+0000] {logging_mixin.py:190} INFO - [2025-07-21T12:35:28.123+0000] {dag.py:3239} INFO - Sync 1 DAGs
[2025-07-21T12:35:28.151+0000] {logging_mixin.py:190} INFO - [2025-07-21T12:35:28.151+0000] {dag.py:4180} INFO - Setting next_dagrun for train_power_pred to 2025-07-21 00:00:00+00:00, run_after=2025-07-22 00:00:00+00:00
[2025-07-21T12:35:28.175+0000] {processor.py:208} INFO - Processing /opt/airflow/dags/train_power_pred.py took 4.149 seconds
[2025-07-21T12:35:59.871+0000] {processor.py:186} INFO - Started process (PID=4580) to work on /opt/airflow/dags/train_power_pred.py
[2025-07-21T12:35:59.872+0000] {processor.py:914} INFO - Processing file /opt/airflow/dags/train_power_pred.py for tasks to queue
[2025-07-21T12:35:59.876+0000] {logging_mixin.py:190} INFO - [2025-07-21T12:35:59.876+0000] {dagbag.py:588} INFO - Filling up the DagBag from /opt/airflow/dags/train_power_pred.py
[2025-07-21T12:36:03.973+0000] {processor.py:925} INFO - DAG(s) 'train_power_pred' retrieved from /opt/airflow/dags/train_power_pred.py
[2025-07-21T12:36:04.004+0000] {logging_mixin.py:190} INFO - [2025-07-21T12:36:04.003+0000] {dag.py:3239} INFO - Sync 1 DAGs
[2025-07-21T12:36:04.030+0000] {logging_mixin.py:190} INFO - [2025-07-21T12:36:04.030+0000] {dag.py:4180} INFO - Setting next_dagrun for train_power_pred to 2025-07-21 00:00:00+00:00, run_after=2025-07-22 00:00:00+00:00
[2025-07-21T12:36:04.051+0000] {processor.py:208} INFO - Processing /opt/airflow/dags/train_power_pred.py took 4.188 seconds
[2025-07-21T12:36:35.281+0000] {processor.py:186} INFO - Started process (PID=4662) to work on /opt/airflow/dags/train_power_pred.py
[2025-07-21T12:36:35.282+0000] {processor.py:914} INFO - Processing file /opt/airflow/dags/train_power_pred.py for tasks to queue
[2025-07-21T12:36:35.286+0000] {logging_mixin.py:190} INFO - [2025-07-21T12:36:35.285+0000] {dagbag.py:588} INFO - Filling up the DagBag from /opt/airflow/dags/train_power_pred.py
[2025-07-21T12:36:43.686+0000] {processor.py:925} INFO - DAG(s) 'train_power_pred' retrieved from /opt/airflow/dags/train_power_pred.py
[2025-07-21T12:36:43.731+0000] {logging_mixin.py:190} INFO - [2025-07-21T12:36:43.730+0000] {dag.py:3239} INFO - Sync 1 DAGs
[2025-07-21T12:36:43.779+0000] {logging_mixin.py:190} INFO - [2025-07-21T12:36:43.779+0000] {dag.py:4180} INFO - Setting next_dagrun for train_power_pred to 2025-07-21 00:00:00+00:00, run_after=2025-07-22 00:00:00+00:00
[2025-07-21T12:36:43.827+0000] {processor.py:208} INFO - Processing /opt/airflow/dags/train_power_pred.py took 8.557 seconds
[2025-07-21T12:37:15.190+0000] {processor.py:186} INFO - Started process (PID=4760) to work on /opt/airflow/dags/train_power_pred.py
[2025-07-21T12:37:15.192+0000] {processor.py:914} INFO - Processing file /opt/airflow/dags/train_power_pred.py for tasks to queue
[2025-07-21T12:37:15.198+0000] {logging_mixin.py:190} INFO - [2025-07-21T12:37:15.197+0000] {dagbag.py:588} INFO - Filling up the DagBag from /opt/airflow/dags/train_power_pred.py
[2025-07-21T12:37:22.559+0000] {processor.py:925} INFO - DAG(s) 'train_power_pred' retrieved from /opt/airflow/dags/train_power_pred.py
[2025-07-21T12:37:22.587+0000] {logging_mixin.py:190} INFO - [2025-07-21T12:37:22.586+0000] {dag.py:3239} INFO - Sync 1 DAGs
[2025-07-21T12:37:22.611+0000] {logging_mixin.py:190} INFO - [2025-07-21T12:37:22.611+0000] {dag.py:4180} INFO - Setting next_dagrun for train_power_pred to 2025-07-21 00:00:00+00:00, run_after=2025-07-22 00:00:00+00:00
[2025-07-21T12:37:22.632+0000] {processor.py:208} INFO - Processing /opt/airflow/dags/train_power_pred.py took 7.456 seconds
[2025-07-21T12:37:54.111+0000] {processor.py:186} INFO - Started process (PID=4864) to work on /opt/airflow/dags/train_power_pred.py
[2025-07-21T12:37:54.112+0000] {processor.py:914} INFO - Processing file /opt/airflow/dags/train_power_pred.py for tasks to queue
[2025-07-21T12:37:54.115+0000] {logging_mixin.py:190} INFO - [2025-07-21T12:37:54.115+0000] {dagbag.py:588} INFO - Filling up the DagBag from /opt/airflow/dags/train_power_pred.py
[2025-07-21T12:37:59.911+0000] {processor.py:925} INFO - DAG(s) 'train_power_pred' retrieved from /opt/airflow/dags/train_power_pred.py
[2025-07-21T12:37:59.953+0000] {logging_mixin.py:190} INFO - [2025-07-21T12:37:59.952+0000] {dag.py:3239} INFO - Sync 1 DAGs
[2025-07-21T12:38:00.005+0000] {logging_mixin.py:190} INFO - [2025-07-21T12:38:00.005+0000] {dag.py:4180} INFO - Setting next_dagrun for train_power_pred to 2025-07-21 00:00:00+00:00, run_after=2025-07-22 00:00:00+00:00
[2025-07-21T12:38:00.058+0000] {processor.py:208} INFO - Processing /opt/airflow/dags/train_power_pred.py took 5.954 seconds
[2025-07-21T12:38:31.875+0000] {processor.py:186} INFO - Started process (PID=4962) to work on /opt/airflow/dags/train_power_pred.py
[2025-07-21T12:38:31.877+0000] {processor.py:914} INFO - Processing file /opt/airflow/dags/train_power_pred.py for tasks to queue
[2025-07-21T12:38:31.880+0000] {logging_mixin.py:190} INFO - [2025-07-21T12:38:31.880+0000] {dagbag.py:588} INFO - Filling up the DagBag from /opt/airflow/dags/train_power_pred.py
[2025-07-21T12:38:38.146+0000] {processor.py:925} INFO - DAG(s) 'train_power_pred' retrieved from /opt/airflow/dags/train_power_pred.py
[2025-07-21T12:38:38.178+0000] {logging_mixin.py:190} INFO - [2025-07-21T12:38:38.177+0000] {dag.py:3239} INFO - Sync 1 DAGs
[2025-07-21T12:38:38.205+0000] {logging_mixin.py:190} INFO - [2025-07-21T12:38:38.205+0000] {dag.py:4180} INFO - Setting next_dagrun for train_power_pred to 2025-07-21 00:00:00+00:00, run_after=2025-07-22 00:00:00+00:00
[2025-07-21T12:38:38.263+0000] {processor.py:208} INFO - Processing /opt/airflow/dags/train_power_pred.py took 6.399 seconds
[2025-07-21T12:39:09.896+0000] {processor.py:186} INFO - Started process (PID=5060) to work on /opt/airflow/dags/train_power_pred.py
[2025-07-21T12:39:09.897+0000] {processor.py:914} INFO - Processing file /opt/airflow/dags/train_power_pred.py for tasks to queue
[2025-07-21T12:39:09.899+0000] {logging_mixin.py:190} INFO - [2025-07-21T12:39:09.899+0000] {dagbag.py:588} INFO - Filling up the DagBag from /opt/airflow/dags/train_power_pred.py
[2025-07-21T12:39:15.960+0000] {processor.py:925} INFO - DAG(s) 'train_power_pred' retrieved from /opt/airflow/dags/train_power_pred.py
[2025-07-21T12:39:15.987+0000] {logging_mixin.py:190} INFO - [2025-07-21T12:39:15.986+0000] {dag.py:3239} INFO - Sync 1 DAGs
[2025-07-21T12:39:16.012+0000] {logging_mixin.py:190} INFO - [2025-07-21T12:39:16.012+0000] {dag.py:4180} INFO - Setting next_dagrun for train_power_pred to 2025-07-21 00:00:00+00:00, run_after=2025-07-22 00:00:00+00:00
[2025-07-21T12:39:16.031+0000] {processor.py:208} INFO - Processing /opt/airflow/dags/train_power_pred.py took 6.140 seconds
[2025-07-21T12:39:47.426+0000] {processor.py:186} INFO - Started process (PID=5164) to work on /opt/airflow/dags/train_power_pred.py
[2025-07-21T12:39:47.426+0000] {processor.py:914} INFO - Processing file /opt/airflow/dags/train_power_pred.py for tasks to queue
[2025-07-21T12:39:47.428+0000] {logging_mixin.py:190} INFO - [2025-07-21T12:39:47.428+0000] {dagbag.py:588} INFO - Filling up the DagBag from /opt/airflow/dags/train_power_pred.py
[2025-07-21T12:39:51.596+0000] {processor.py:925} INFO - DAG(s) 'train_power_pred' retrieved from /opt/airflow/dags/train_power_pred.py
[2025-07-21T12:39:51.622+0000] {logging_mixin.py:190} INFO - [2025-07-21T12:39:51.621+0000] {dag.py:3239} INFO - Sync 1 DAGs
[2025-07-21T12:39:51.643+0000] {logging_mixin.py:190} INFO - [2025-07-21T12:39:51.642+0000] {dag.py:4180} INFO - Setting next_dagrun for train_power_pred to 2025-07-21 00:00:00+00:00, run_after=2025-07-22 00:00:00+00:00
[2025-07-21T12:39:51.660+0000] {processor.py:208} INFO - Processing /opt/airflow/dags/train_power_pred.py took 4.240 seconds
[2025-07-21T12:40:23.390+0000] {processor.py:186} INFO - Started process (PID=5262) to work on /opt/airflow/dags/train_power_pred.py
[2025-07-21T12:40:23.390+0000] {processor.py:914} INFO - Processing file /opt/airflow/dags/train_power_pred.py for tasks to queue
[2025-07-21T12:40:23.392+0000] {logging_mixin.py:190} INFO - [2025-07-21T12:40:23.392+0000] {dagbag.py:588} INFO - Filling up the DagBag from /opt/airflow/dags/train_power_pred.py
[2025-07-21T12:40:27.759+0000] {processor.py:925} INFO - DAG(s) 'train_power_pred' retrieved from /opt/airflow/dags/train_power_pred.py
[2025-07-21T12:40:27.787+0000] {logging_mixin.py:190} INFO - [2025-07-21T12:40:27.786+0000] {dag.py:3239} INFO - Sync 1 DAGs
[2025-07-21T12:40:27.810+0000] {logging_mixin.py:190} INFO - [2025-07-21T12:40:27.809+0000] {dag.py:4180} INFO - Setting next_dagrun for train_power_pred to 2025-07-21 00:00:00+00:00, run_after=2025-07-22 00:00:00+00:00
[2025-07-21T12:40:27.827+0000] {processor.py:208} INFO - Processing /opt/airflow/dags/train_power_pred.py took 4.442 seconds
[2025-07-21T12:40:59.172+0000] {processor.py:186} INFO - Started process (PID=5360) to work on /opt/airflow/dags/train_power_pred.py
[2025-07-21T12:40:59.173+0000] {processor.py:914} INFO - Processing file /opt/airflow/dags/train_power_pred.py for tasks to queue
[2025-07-21T12:40:59.177+0000] {logging_mixin.py:190} INFO - [2025-07-21T12:40:59.177+0000] {dagbag.py:588} INFO - Filling up the DagBag from /opt/airflow/dags/train_power_pred.py
[2025-07-21T12:41:05.492+0000] {processor.py:925} INFO - DAG(s) 'train_power_pred' retrieved from /opt/airflow/dags/train_power_pred.py
[2025-07-21T12:41:05.525+0000] {logging_mixin.py:190} INFO - [2025-07-21T12:41:05.524+0000] {dag.py:3239} INFO - Sync 1 DAGs
[2025-07-21T12:41:05.560+0000] {logging_mixin.py:190} INFO - [2025-07-21T12:41:05.560+0000] {dag.py:4180} INFO - Setting next_dagrun for train_power_pred to 2025-07-21 00:00:00+00:00, run_after=2025-07-22 00:00:00+00:00
[2025-07-21T12:41:05.642+0000] {processor.py:208} INFO - Processing /opt/airflow/dags/train_power_pred.py took 6.482 seconds
[2025-07-21T12:41:37.301+0000] {processor.py:186} INFO - Started process (PID=5458) to work on /opt/airflow/dags/train_power_pred.py
[2025-07-21T12:41:37.303+0000] {processor.py:914} INFO - Processing file /opt/airflow/dags/train_power_pred.py for tasks to queue
[2025-07-21T12:41:37.307+0000] {logging_mixin.py:190} INFO - [2025-07-21T12:41:37.307+0000] {dagbag.py:588} INFO - Filling up the DagBag from /opt/airflow/dags/train_power_pred.py
[2025-07-21T12:41:42.705+0000] {processor.py:925} INFO - DAG(s) 'train_power_pred' retrieved from /opt/airflow/dags/train_power_pred.py
[2025-07-21T12:41:42.736+0000] {logging_mixin.py:190} INFO - [2025-07-21T12:41:42.736+0000] {dag.py:3239} INFO - Sync 1 DAGs
[2025-07-21T12:41:42.761+0000] {logging_mixin.py:190} INFO - [2025-07-21T12:41:42.760+0000] {dag.py:4180} INFO - Setting next_dagrun for train_power_pred to 2025-07-21 00:00:00+00:00, run_after=2025-07-22 00:00:00+00:00
[2025-07-21T12:41:42.783+0000] {processor.py:208} INFO - Processing /opt/airflow/dags/train_power_pred.py took 5.490 seconds
[2025-07-21T12:42:14.626+0000] {processor.py:186} INFO - Started process (PID=5556) to work on /opt/airflow/dags/train_power_pred.py
[2025-07-21T12:42:14.628+0000] {processor.py:914} INFO - Processing file /opt/airflow/dags/train_power_pred.py for tasks to queue
[2025-07-21T12:42:14.630+0000] {logging_mixin.py:190} INFO - [2025-07-21T12:42:14.630+0000] {dagbag.py:588} INFO - Filling up the DagBag from /opt/airflow/dags/train_power_pred.py
[2025-07-21T12:42:20.391+0000] {processor.py:925} INFO - DAG(s) 'train_power_pred' retrieved from /opt/airflow/dags/train_power_pred.py
[2025-07-21T12:42:20.420+0000] {logging_mixin.py:190} INFO - [2025-07-21T12:42:20.420+0000] {dag.py:3239} INFO - Sync 1 DAGs
[2025-07-21T12:42:20.446+0000] {logging_mixin.py:190} INFO - [2025-07-21T12:42:20.446+0000] {dag.py:4180} INFO - Setting next_dagrun for train_power_pred to 2025-07-21 00:00:00+00:00, run_after=2025-07-22 00:00:00+00:00
[2025-07-21T12:42:20.465+0000] {processor.py:208} INFO - Processing /opt/airflow/dags/train_power_pred.py took 5.845 seconds
[2025-07-21T12:42:51.775+0000] {processor.py:186} INFO - Started process (PID=5660) to work on /opt/airflow/dags/train_power_pred.py
[2025-07-21T12:42:51.776+0000] {processor.py:914} INFO - Processing file /opt/airflow/dags/train_power_pred.py for tasks to queue
[2025-07-21T12:42:51.778+0000] {logging_mixin.py:190} INFO - [2025-07-21T12:42:51.778+0000] {dagbag.py:588} INFO - Filling up the DagBag from /opt/airflow/dags/train_power_pred.py
[2025-07-21T12:42:57.537+0000] {processor.py:925} INFO - DAG(s) 'train_power_pred' retrieved from /opt/airflow/dags/train_power_pred.py
[2025-07-21T12:42:57.566+0000] {logging_mixin.py:190} INFO - [2025-07-21T12:42:57.565+0000] {dag.py:3239} INFO - Sync 1 DAGs
[2025-07-21T12:42:57.592+0000] {logging_mixin.py:190} INFO - [2025-07-21T12:42:57.591+0000] {dag.py:4180} INFO - Setting next_dagrun for train_power_pred to 2025-07-21 00:00:00+00:00, run_after=2025-07-22 00:00:00+00:00
[2025-07-21T12:42:57.611+0000] {processor.py:208} INFO - Processing /opt/airflow/dags/train_power_pred.py took 5.842 seconds
[2025-07-21T12:43:29.511+0000] {processor.py:186} INFO - Started process (PID=5758) to work on /opt/airflow/dags/train_power_pred.py
[2025-07-21T12:43:29.513+0000] {processor.py:914} INFO - Processing file /opt/airflow/dags/train_power_pred.py for tasks to queue
[2025-07-21T12:43:29.515+0000] {logging_mixin.py:190} INFO - [2025-07-21T12:43:29.515+0000] {dagbag.py:588} INFO - Filling up the DagBag from /opt/airflow/dags/train_power_pred.py
[2025-07-21T12:43:33.832+0000] {processor.py:925} INFO - DAG(s) 'train_power_pred' retrieved from /opt/airflow/dags/train_power_pred.py
[2025-07-21T12:43:39.740+0000] {logging_mixin.py:190} INFO - [2025-07-21T12:43:39.739+0000] {dag.py:3239} INFO - Sync 1 DAGs
[2025-07-21T12:43:39.788+0000] {logging_mixin.py:190} INFO - [2025-07-21T12:43:39.788+0000] {dag.py:4180} INFO - Setting next_dagrun for train_power_pred to 2025-07-21 00:00:00+00:00, run_after=2025-07-22 00:00:00+00:00
[2025-07-21T12:43:40.024+0000] {processor.py:208} INFO - Processing /opt/airflow/dags/train_power_pred.py took 10.524 seconds
[2025-07-21T12:44:11.926+0000] {processor.py:186} INFO - Started process (PID=5857) to work on /opt/airflow/dags/train_power_pred.py
[2025-07-21T12:44:11.928+0000] {processor.py:914} INFO - Processing file /opt/airflow/dags/train_power_pred.py for tasks to queue
[2025-07-21T12:44:11.933+0000] {logging_mixin.py:190} INFO - [2025-07-21T12:44:11.932+0000] {dagbag.py:588} INFO - Filling up the DagBag from /opt/airflow/dags/train_power_pred.py
[2025-07-21T12:44:18.550+0000] {processor.py:925} INFO - DAG(s) 'train_power_pred' retrieved from /opt/airflow/dags/train_power_pred.py
[2025-07-21T12:44:18.573+0000] {logging_mixin.py:190} INFO - [2025-07-21T12:44:18.572+0000] {dag.py:3239} INFO - Sync 1 DAGs
[2025-07-21T12:44:18.594+0000] {logging_mixin.py:190} INFO - [2025-07-21T12:44:18.594+0000] {dag.py:4180} INFO - Setting next_dagrun for train_power_pred to 2025-07-21 00:00:00+00:00, run_after=2025-07-22 00:00:00+00:00
[2025-07-21T12:44:18.612+0000] {processor.py:208} INFO - Processing /opt/airflow/dags/train_power_pred.py took 6.695 seconds
[2025-07-21T12:44:49.954+0000] {processor.py:186} INFO - Started process (PID=5977) to work on /opt/airflow/dags/train_power_pred.py
[2025-07-21T12:44:49.956+0000] {processor.py:914} INFO - Processing file /opt/airflow/dags/train_power_pred.py for tasks to queue
[2025-07-21T12:44:49.960+0000] {logging_mixin.py:190} INFO - [2025-07-21T12:44:49.959+0000] {dagbag.py:588} INFO - Filling up the DagBag from /opt/airflow/dags/train_power_pred.py
[2025-07-21T12:44:54.090+0000] {processor.py:925} INFO - DAG(s) 'train_power_pred' retrieved from /opt/airflow/dags/train_power_pred.py
[2025-07-21T12:44:54.113+0000] {logging_mixin.py:190} INFO - [2025-07-21T12:44:54.113+0000] {dag.py:3239} INFO - Sync 1 DAGs
[2025-07-21T12:44:54.135+0000] {logging_mixin.py:190} INFO - [2025-07-21T12:44:54.134+0000] {dag.py:4180} INFO - Setting next_dagrun for train_power_pred to 2025-07-21 00:00:00+00:00, run_after=2025-07-22 00:00:00+00:00
[2025-07-21T12:44:54.149+0000] {processor.py:208} INFO - Processing /opt/airflow/dags/train_power_pred.py took 4.204 seconds
[2025-07-21T12:45:26.016+0000] {processor.py:186} INFO - Started process (PID=6075) to work on /opt/airflow/dags/train_power_pred.py
[2025-07-21T12:45:26.017+0000] {processor.py:914} INFO - Processing file /opt/airflow/dags/train_power_pred.py for tasks to queue
[2025-07-21T12:45:26.021+0000] {logging_mixin.py:190} INFO - [2025-07-21T12:45:26.020+0000] {dagbag.py:588} INFO - Filling up the DagBag from /opt/airflow/dags/train_power_pred.py
[2025-07-21T12:45:30.602+0000] {processor.py:925} INFO - DAG(s) 'train_power_pred' retrieved from /opt/airflow/dags/train_power_pred.py
[2025-07-21T12:45:30.628+0000] {logging_mixin.py:190} INFO - [2025-07-21T12:45:30.627+0000] {dag.py:3239} INFO - Sync 1 DAGs
[2025-07-21T12:45:30.650+0000] {logging_mixin.py:190} INFO - [2025-07-21T12:45:30.650+0000] {dag.py:4180} INFO - Setting next_dagrun for train_power_pred to 2025-07-21 00:00:00+00:00, run_after=2025-07-22 00:00:00+00:00
[2025-07-21T12:45:30.667+0000] {processor.py:208} INFO - Processing /opt/airflow/dags/train_power_pred.py took 4.664 seconds
[2025-07-21T12:46:02.633+0000] {processor.py:186} INFO - Started process (PID=6173) to work on /opt/airflow/dags/train_power_pred.py
[2025-07-21T12:46:02.634+0000] {processor.py:914} INFO - Processing file /opt/airflow/dags/train_power_pred.py for tasks to queue
[2025-07-21T12:46:02.638+0000] {logging_mixin.py:190} INFO - [2025-07-21T12:46:02.637+0000] {dagbag.py:588} INFO - Filling up the DagBag from /opt/airflow/dags/train_power_pred.py
[2025-07-21T12:46:06.990+0000] {processor.py:925} INFO - DAG(s) 'train_power_pred' retrieved from /opt/airflow/dags/train_power_pred.py
[2025-07-21T12:46:07.012+0000] {logging_mixin.py:190} INFO - [2025-07-21T12:46:07.012+0000] {dag.py:3239} INFO - Sync 1 DAGs
[2025-07-21T12:46:07.030+0000] {logging_mixin.py:190} INFO - [2025-07-21T12:46:07.030+0000] {dag.py:4180} INFO - Setting next_dagrun for train_power_pred to 2025-07-21 00:00:00+00:00, run_after=2025-07-22 00:00:00+00:00
[2025-07-21T12:46:07.049+0000] {processor.py:208} INFO - Processing /opt/airflow/dags/train_power_pred.py took 4.423 seconds
[2025-07-21T12:46:39.005+0000] {processor.py:186} INFO - Started process (PID=6272) to work on /opt/airflow/dags/train_power_pred.py
[2025-07-21T12:46:39.007+0000] {processor.py:914} INFO - Processing file /opt/airflow/dags/train_power_pred.py for tasks to queue
[2025-07-21T12:46:39.010+0000] {logging_mixin.py:190} INFO - [2025-07-21T12:46:39.010+0000] {dagbag.py:588} INFO - Filling up the DagBag from /opt/airflow/dags/train_power_pred.py
[2025-07-21T12:46:43.622+0000] {processor.py:925} INFO - DAG(s) 'train_power_pred' retrieved from /opt/airflow/dags/train_power_pred.py
[2025-07-21T12:46:43.652+0000] {logging_mixin.py:190} INFO - [2025-07-21T12:46:43.651+0000] {dag.py:3239} INFO - Sync 1 DAGs
[2025-07-21T12:46:43.673+0000] {logging_mixin.py:190} INFO - [2025-07-21T12:46:43.673+0000] {dag.py:4180} INFO - Setting next_dagrun for train_power_pred to 2025-07-21 00:00:00+00:00, run_after=2025-07-22 00:00:00+00:00
[2025-07-21T12:46:43.690+0000] {processor.py:208} INFO - Processing /opt/airflow/dags/train_power_pred.py took 4.693 seconds
[2025-07-21T12:47:14.973+0000] {processor.py:186} INFO - Started process (PID=6370) to work on /opt/airflow/dags/train_power_pred.py
[2025-07-21T12:47:14.975+0000] {processor.py:914} INFO - Processing file /opt/airflow/dags/train_power_pred.py for tasks to queue
[2025-07-21T12:47:14.979+0000] {logging_mixin.py:190} INFO - [2025-07-21T12:47:14.978+0000] {dagbag.py:588} INFO - Filling up the DagBag from /opt/airflow/dags/train_power_pred.py
[2025-07-21T12:47:20.320+0000] {processor.py:925} INFO - DAG(s) 'train_power_pred' retrieved from /opt/airflow/dags/train_power_pred.py
[2025-07-21T12:47:20.362+0000] {logging_mixin.py:190} INFO - [2025-07-21T12:47:20.361+0000] {dag.py:3239} INFO - Sync 1 DAGs
[2025-07-21T12:47:20.402+0000] {logging_mixin.py:190} INFO - [2025-07-21T12:47:20.402+0000] {dag.py:4180} INFO - Setting next_dagrun for train_power_pred to 2025-07-21 00:00:00+00:00, run_after=2025-07-22 00:00:00+00:00
[2025-07-21T12:47:20.433+0000] {processor.py:208} INFO - Processing /opt/airflow/dags/train_power_pred.py took 5.472 seconds
[2025-07-21T12:47:52.218+0000] {processor.py:186} INFO - Started process (PID=6477) to work on /opt/airflow/dags/train_power_pred.py
[2025-07-21T12:47:52.219+0000] {processor.py:914} INFO - Processing file /opt/airflow/dags/train_power_pred.py for tasks to queue
[2025-07-21T12:47:52.222+0000] {logging_mixin.py:190} INFO - [2025-07-21T12:47:52.222+0000] {dagbag.py:588} INFO - Filling up the DagBag from /opt/airflow/dags/train_power_pred.py
[2025-07-21T12:47:56.260+0000] {processor.py:925} INFO - DAG(s) 'train_power_pred' retrieved from /opt/airflow/dags/train_power_pred.py
[2025-07-21T12:47:56.279+0000] {logging_mixin.py:190} INFO - [2025-07-21T12:47:56.278+0000] {dag.py:3239} INFO - Sync 1 DAGs
[2025-07-21T12:47:56.295+0000] {logging_mixin.py:190} INFO - [2025-07-21T12:47:56.295+0000] {dag.py:4180} INFO - Setting next_dagrun for train_power_pred to 2025-07-21 00:00:00+00:00, run_after=2025-07-22 00:00:00+00:00
[2025-07-21T12:47:56.310+0000] {processor.py:208} INFO - Processing /opt/airflow/dags/train_power_pred.py took 4.099 seconds
[2025-07-21T12:48:27.520+0000] {processor.py:186} INFO - Started process (PID=6575) to work on /opt/airflow/dags/train_power_pred.py
[2025-07-21T12:48:27.521+0000] {processor.py:914} INFO - Processing file /opt/airflow/dags/train_power_pred.py for tasks to queue
[2025-07-21T12:48:27.525+0000] {logging_mixin.py:190} INFO - [2025-07-21T12:48:27.524+0000] {dagbag.py:588} INFO - Filling up the DagBag from /opt/airflow/dags/train_power_pred.py
[2025-07-21T12:48:31.500+0000] {processor.py:925} INFO - DAG(s) 'train_power_pred' retrieved from /opt/airflow/dags/train_power_pred.py
[2025-07-21T12:48:31.522+0000] {logging_mixin.py:190} INFO - [2025-07-21T12:48:31.522+0000] {dag.py:3239} INFO - Sync 1 DAGs
[2025-07-21T12:48:31.540+0000] {logging_mixin.py:190} INFO - [2025-07-21T12:48:31.540+0000] {dag.py:4180} INFO - Setting next_dagrun for train_power_pred to 2025-07-21 00:00:00+00:00, run_after=2025-07-22 00:00:00+00:00
[2025-07-21T12:48:31.557+0000] {processor.py:208} INFO - Processing /opt/airflow/dags/train_power_pred.py took 4.045 seconds
[2025-07-21T12:49:03.011+0000] {processor.py:186} INFO - Started process (PID=6673) to work on /opt/airflow/dags/train_power_pred.py
[2025-07-21T12:49:03.013+0000] {processor.py:914} INFO - Processing file /opt/airflow/dags/train_power_pred.py for tasks to queue
[2025-07-21T12:49:03.016+0000] {logging_mixin.py:190} INFO - [2025-07-21T12:49:03.015+0000] {dagbag.py:588} INFO - Filling up the DagBag from /opt/airflow/dags/train_power_pred.py
[2025-07-21T12:49:06.834+0000] {processor.py:925} INFO - DAG(s) 'train_power_pred' retrieved from /opt/airflow/dags/train_power_pred.py
[2025-07-21T12:49:06.863+0000] {logging_mixin.py:190} INFO - [2025-07-21T12:49:06.863+0000] {dag.py:3239} INFO - Sync 1 DAGs
[2025-07-21T12:49:06.887+0000] {logging_mixin.py:190} INFO - [2025-07-21T12:49:06.887+0000] {dag.py:4180} INFO - Setting next_dagrun for train_power_pred to 2025-07-21 00:00:00+00:00, run_after=2025-07-22 00:00:00+00:00
[2025-07-21T12:49:06.907+0000] {processor.py:208} INFO - Processing /opt/airflow/dags/train_power_pred.py took 3.903 seconds
[2025-07-21T12:49:38.640+0000] {processor.py:186} INFO - Started process (PID=6771) to work on /opt/airflow/dags/train_power_pred.py
[2025-07-21T12:49:38.641+0000] {processor.py:914} INFO - Processing file /opt/airflow/dags/train_power_pred.py for tasks to queue
[2025-07-21T12:49:38.644+0000] {logging_mixin.py:190} INFO - [2025-07-21T12:49:38.643+0000] {dagbag.py:588} INFO - Filling up the DagBag from /opt/airflow/dags/train_power_pred.py
[2025-07-21T12:49:42.426+0000] {processor.py:925} INFO - DAG(s) 'train_power_pred' retrieved from /opt/airflow/dags/train_power_pred.py
[2025-07-21T12:49:42.454+0000] {logging_mixin.py:190} INFO - [2025-07-21T12:49:42.453+0000] {dag.py:3239} INFO - Sync 1 DAGs
[2025-07-21T12:49:42.481+0000] {logging_mixin.py:190} INFO - [2025-07-21T12:49:42.480+0000] {dag.py:4180} INFO - Setting next_dagrun for train_power_pred to 2025-07-21 00:00:00+00:00, run_after=2025-07-22 00:00:00+00:00
[2025-07-21T12:49:42.498+0000] {processor.py:208} INFO - Processing /opt/airflow/dags/train_power_pred.py took 3.866 seconds
[2025-07-21T12:50:13.638+0000] {processor.py:186} INFO - Started process (PID=6866) to work on /opt/airflow/dags/train_power_pred.py
[2025-07-21T12:50:13.639+0000] {processor.py:914} INFO - Processing file /opt/airflow/dags/train_power_pred.py for tasks to queue
[2025-07-21T12:50:13.643+0000] {logging_mixin.py:190} INFO - [2025-07-21T12:50:13.643+0000] {dagbag.py:588} INFO - Filling up the DagBag from /opt/airflow/dags/train_power_pred.py
[2025-07-21T12:50:18.010+0000] {processor.py:925} INFO - DAG(s) 'train_power_pred' retrieved from /opt/airflow/dags/train_power_pred.py
[2025-07-21T12:50:18.038+0000] {logging_mixin.py:190} INFO - [2025-07-21T12:50:18.038+0000] {dag.py:3239} INFO - Sync 1 DAGs
[2025-07-21T12:50:18.062+0000] {logging_mixin.py:190} INFO - [2025-07-21T12:50:18.062+0000] {dag.py:4180} INFO - Setting next_dagrun for train_power_pred to 2025-07-21 00:00:00+00:00, run_after=2025-07-22 00:00:00+00:00
[2025-07-21T12:50:18.086+0000] {processor.py:208} INFO - Processing /opt/airflow/dags/train_power_pred.py took 4.458 seconds
[2025-07-21T12:50:49.423+0000] {processor.py:186} INFO - Started process (PID=6970) to work on /opt/airflow/dags/train_power_pred.py
[2025-07-21T12:50:49.425+0000] {processor.py:914} INFO - Processing file /opt/airflow/dags/train_power_pred.py for tasks to queue
[2025-07-21T12:50:49.428+0000] {logging_mixin.py:190} INFO - [2025-07-21T12:50:49.427+0000] {dagbag.py:588} INFO - Filling up the DagBag from /opt/airflow/dags/train_power_pred.py
[2025-07-21T12:50:53.465+0000] {processor.py:925} INFO - DAG(s) 'train_power_pred' retrieved from /opt/airflow/dags/train_power_pred.py
[2025-07-21T12:50:53.488+0000] {logging_mixin.py:190} INFO - [2025-07-21T12:50:53.487+0000] {dag.py:3239} INFO - Sync 1 DAGs
[2025-07-21T12:50:53.504+0000] {logging_mixin.py:190} INFO - [2025-07-21T12:50:53.504+0000] {dag.py:4180} INFO - Setting next_dagrun for train_power_pred to 2025-07-21 00:00:00+00:00, run_after=2025-07-22 00:00:00+00:00
[2025-07-21T12:50:53.518+0000] {processor.py:208} INFO - Processing /opt/airflow/dags/train_power_pred.py took 4.103 seconds
[2025-07-21T12:51:25.114+0000] {processor.py:186} INFO - Started process (PID=7067) to work on /opt/airflow/dags/train_power_pred.py
[2025-07-21T12:51:25.116+0000] {processor.py:914} INFO - Processing file /opt/airflow/dags/train_power_pred.py for tasks to queue
[2025-07-21T12:51:25.120+0000] {logging_mixin.py:190} INFO - [2025-07-21T12:51:25.119+0000] {dagbag.py:588} INFO - Filling up the DagBag from /opt/airflow/dags/train_power_pred.py
[2025-07-21T12:51:29.651+0000] {processor.py:925} INFO - DAG(s) 'train_power_pred' retrieved from /opt/airflow/dags/train_power_pred.py
[2025-07-21T12:51:29.681+0000] {logging_mixin.py:190} INFO - [2025-07-21T12:51:29.680+0000] {dag.py:3239} INFO - Sync 1 DAGs
[2025-07-21T12:51:29.707+0000] {logging_mixin.py:190} INFO - [2025-07-21T12:51:29.706+0000] {dag.py:4180} INFO - Setting next_dagrun for train_power_pred to 2025-07-21 00:00:00+00:00, run_after=2025-07-22 00:00:00+00:00
[2025-07-21T12:51:29.729+0000] {processor.py:208} INFO - Processing /opt/airflow/dags/train_power_pred.py took 4.624 seconds
[2025-07-21T12:52:01.140+0000] {processor.py:186} INFO - Started process (PID=7165) to work on /opt/airflow/dags/train_power_pred.py
[2025-07-21T12:52:01.141+0000] {processor.py:914} INFO - Processing file /opt/airflow/dags/train_power_pred.py for tasks to queue
[2025-07-21T12:52:01.144+0000] {logging_mixin.py:190} INFO - [2025-07-21T12:52:01.144+0000] {dagbag.py:588} INFO - Filling up the DagBag from /opt/airflow/dags/train_power_pred.py
[2025-07-21T12:52:05.767+0000] {processor.py:925} INFO - DAG(s) 'train_power_pred' retrieved from /opt/airflow/dags/train_power_pred.py
[2025-07-21T12:52:05.797+0000] {logging_mixin.py:190} INFO - [2025-07-21T12:52:05.796+0000] {dag.py:3239} INFO - Sync 1 DAGs
[2025-07-21T12:52:05.823+0000] {logging_mixin.py:190} INFO - [2025-07-21T12:52:05.823+0000] {dag.py:4180} INFO - Setting next_dagrun for train_power_pred to 2025-07-21 00:00:00+00:00, run_after=2025-07-22 00:00:00+00:00
[2025-07-21T12:52:05.845+0000] {processor.py:208} INFO - Processing /opt/airflow/dags/train_power_pred.py took 4.712 seconds
[2025-07-21T12:52:36.964+0000] {processor.py:186} INFO - Started process (PID=7263) to work on /opt/airflow/dags/train_power_pred.py
[2025-07-21T12:52:36.965+0000] {processor.py:914} INFO - Processing file /opt/airflow/dags/train_power_pred.py for tasks to queue
[2025-07-21T12:52:36.969+0000] {logging_mixin.py:190} INFO - [2025-07-21T12:52:36.968+0000] {dagbag.py:588} INFO - Filling up the DagBag from /opt/airflow/dags/train_power_pred.py
[2025-07-21T12:52:42.528+0000] {processor.py:925} INFO - DAG(s) 'train_power_pred' retrieved from /opt/airflow/dags/train_power_pred.py
[2025-07-21T12:52:42.555+0000] {logging_mixin.py:190} INFO - [2025-07-21T12:52:42.554+0000] {dag.py:3239} INFO - Sync 1 DAGs
[2025-07-21T12:52:42.579+0000] {logging_mixin.py:190} INFO - [2025-07-21T12:52:42.579+0000] {dag.py:4180} INFO - Setting next_dagrun for train_power_pred to 2025-07-21 00:00:00+00:00, run_after=2025-07-22 00:00:00+00:00
[2025-07-21T12:52:42.599+0000] {processor.py:208} INFO - Processing /opt/airflow/dags/train_power_pred.py took 5.646 seconds
[2025-07-21T12:53:13.989+0000] {processor.py:186} INFO - Started process (PID=7361) to work on /opt/airflow/dags/train_power_pred.py
[2025-07-21T12:53:13.990+0000] {processor.py:914} INFO - Processing file /opt/airflow/dags/train_power_pred.py for tasks to queue
[2025-07-21T12:53:13.994+0000] {logging_mixin.py:190} INFO - [2025-07-21T12:53:13.993+0000] {dagbag.py:588} INFO - Filling up the DagBag from /opt/airflow/dags/train_power_pred.py
[2025-07-21T12:53:18.761+0000] {processor.py:925} INFO - DAG(s) 'train_power_pred' retrieved from /opt/airflow/dags/train_power_pred.py
[2025-07-21T12:53:18.787+0000] {logging_mixin.py:190} INFO - [2025-07-21T12:53:18.787+0000] {dag.py:3239} INFO - Sync 1 DAGs
[2025-07-21T12:53:18.809+0000] {logging_mixin.py:190} INFO - [2025-07-21T12:53:18.809+0000] {dag.py:4180} INFO - Setting next_dagrun for train_power_pred to 2025-07-21 00:00:00+00:00, run_after=2025-07-22 00:00:00+00:00
[2025-07-21T12:53:18.828+0000] {processor.py:208} INFO - Processing /opt/airflow/dags/train_power_pred.py took 4.847 seconds
[2025-07-21T12:53:50.939+0000] {processor.py:186} INFO - Started process (PID=7465) to work on /opt/airflow/dags/train_power_pred.py
[2025-07-21T12:53:50.941+0000] {processor.py:914} INFO - Processing file /opt/airflow/dags/train_power_pred.py for tasks to queue
[2025-07-21T12:53:50.945+0000] {logging_mixin.py:190} INFO - [2025-07-21T12:53:50.944+0000] {dagbag.py:588} INFO - Filling up the DagBag from /opt/airflow/dags/train_power_pred.py
[2025-07-21T12:53:55.665+0000] {processor.py:925} INFO - DAG(s) 'train_power_pred' retrieved from /opt/airflow/dags/train_power_pred.py
[2025-07-21T12:53:55.695+0000] {logging_mixin.py:190} INFO - [2025-07-21T12:53:55.694+0000] {dag.py:3239} INFO - Sync 1 DAGs
[2025-07-21T12:53:55.719+0000] {logging_mixin.py:190} INFO - [2025-07-21T12:53:55.718+0000] {dag.py:4180} INFO - Setting next_dagrun for train_power_pred to 2025-07-21 00:00:00+00:00, run_after=2025-07-22 00:00:00+00:00
[2025-07-21T12:53:55.740+0000] {processor.py:208} INFO - Processing /opt/airflow/dags/train_power_pred.py took 4.812 seconds
[2025-07-21T12:54:27.450+0000] {processor.py:186} INFO - Started process (PID=7563) to work on /opt/airflow/dags/train_power_pred.py
[2025-07-21T12:54:27.451+0000] {processor.py:914} INFO - Processing file /opt/airflow/dags/train_power_pred.py for tasks to queue
[2025-07-21T12:54:27.455+0000] {logging_mixin.py:190} INFO - [2025-07-21T12:54:27.455+0000] {dagbag.py:588} INFO - Filling up the DagBag from /opt/airflow/dags/train_power_pred.py
[2025-07-21T12:54:33.397+0000] {processor.py:925} INFO - DAG(s) 'train_power_pred' retrieved from /opt/airflow/dags/train_power_pred.py
[2025-07-21T12:54:33.422+0000] {logging_mixin.py:190} INFO - [2025-07-21T12:54:33.421+0000] {dag.py:3239} INFO - Sync 1 DAGs
[2025-07-21T12:54:33.440+0000] {logging_mixin.py:190} INFO - [2025-07-21T12:54:33.440+0000] {dag.py:4180} INFO - Setting next_dagrun for train_power_pred to 2025-07-21 00:00:00+00:00, run_after=2025-07-22 00:00:00+00:00
[2025-07-21T12:54:33.872+0000] {processor.py:208} INFO - Processing /opt/airflow/dags/train_power_pred.py took 6.432 seconds
[2025-07-21T12:55:04.815+0000] {processor.py:186} INFO - Started process (PID=7661) to work on /opt/airflow/dags/train_power_pred.py
[2025-07-21T12:55:04.872+0000] {processor.py:914} INFO - Processing file /opt/airflow/dags/train_power_pred.py for tasks to queue
[2025-07-21T12:55:04.876+0000] {logging_mixin.py:190} INFO - [2025-07-21T12:55:04.876+0000] {dagbag.py:588} INFO - Filling up the DagBag from /opt/airflow/dags/train_power_pred.py
[2025-07-21T12:55:10.265+0000] {processor.py:925} INFO - DAG(s) 'train_power_pred' retrieved from /opt/airflow/dags/train_power_pred.py
[2025-07-21T12:55:10.291+0000] {logging_mixin.py:190} INFO - [2025-07-21T12:55:10.291+0000] {dag.py:3239} INFO - Sync 1 DAGs
[2025-07-21T12:55:10.313+0000] {logging_mixin.py:190} INFO - [2025-07-21T12:55:10.313+0000] {dag.py:4180} INFO - Setting next_dagrun for train_power_pred to 2025-07-21 00:00:00+00:00, run_after=2025-07-22 00:00:00+00:00
[2025-07-21T12:55:10.332+0000] {processor.py:208} INFO - Processing /opt/airflow/dags/train_power_pred.py took 5.533 seconds
[2025-07-21T12:55:41.499+0000] {processor.py:186} INFO - Started process (PID=7759) to work on /opt/airflow/dags/train_power_pred.py
[2025-07-21T12:55:41.502+0000] {processor.py:914} INFO - Processing file /opt/airflow/dags/train_power_pred.py for tasks to queue
[2025-07-21T12:55:41.507+0000] {logging_mixin.py:190} INFO - [2025-07-21T12:55:41.506+0000] {dagbag.py:588} INFO - Filling up the DagBag from /opt/airflow/dags/train_power_pred.py
[2025-07-21T12:55:46.949+0000] {processor.py:925} INFO - DAG(s) 'train_power_pred' retrieved from /opt/airflow/dags/train_power_pred.py
[2025-07-21T12:55:46.972+0000] {logging_mixin.py:190} INFO - [2025-07-21T12:55:46.972+0000] {dag.py:3239} INFO - Sync 1 DAGs
[2025-07-21T12:55:46.992+0000] {logging_mixin.py:190} INFO - [2025-07-21T12:55:46.992+0000] {dag.py:4180} INFO - Setting next_dagrun for train_power_pred to 2025-07-21 00:00:00+00:00, run_after=2025-07-22 00:00:00+00:00
[2025-07-21T12:55:47.008+0000] {processor.py:208} INFO - Processing /opt/airflow/dags/train_power_pred.py took 5.524 seconds
[2025-07-21T12:56:18.910+0000] {processor.py:186} INFO - Started process (PID=7863) to work on /opt/airflow/dags/train_power_pred.py
[2025-07-21T12:56:18.911+0000] {processor.py:914} INFO - Processing file /opt/airflow/dags/train_power_pred.py for tasks to queue
[2025-07-21T12:56:18.915+0000] {logging_mixin.py:190} INFO - [2025-07-21T12:56:18.914+0000] {dagbag.py:588} INFO - Filling up the DagBag from /opt/airflow/dags/train_power_pred.py
[2025-07-21T12:56:22.636+0000] {processor.py:925} INFO - DAG(s) 'train_power_pred' retrieved from /opt/airflow/dags/train_power_pred.py
[2025-07-21T12:56:22.654+0000] {logging_mixin.py:190} INFO - [2025-07-21T12:56:22.653+0000] {dag.py:3239} INFO - Sync 1 DAGs
[2025-07-21T12:56:22.670+0000] {logging_mixin.py:190} INFO - [2025-07-21T12:56:22.670+0000] {dag.py:4180} INFO - Setting next_dagrun for train_power_pred to 2025-07-21 00:00:00+00:00, run_after=2025-07-22 00:00:00+00:00
[2025-07-21T12:56:22.683+0000] {processor.py:208} INFO - Processing /opt/airflow/dags/train_power_pred.py took 3.781 seconds
[2025-07-21T12:56:54.548+0000] {processor.py:186} INFO - Started process (PID=7961) to work on /opt/airflow/dags/train_power_pred.py
[2025-07-21T12:56:54.550+0000] {processor.py:914} INFO - Processing file /opt/airflow/dags/train_power_pred.py for tasks to queue
[2025-07-21T12:56:54.553+0000] {logging_mixin.py:190} INFO - [2025-07-21T12:56:54.553+0000] {dagbag.py:588} INFO - Filling up the DagBag from /opt/airflow/dags/train_power_pred.py
[2025-07-21T12:56:58.730+0000] {processor.py:925} INFO - DAG(s) 'train_power_pred' retrieved from /opt/airflow/dags/train_power_pred.py
[2025-07-21T12:56:58.758+0000] {logging_mixin.py:190} INFO - [2025-07-21T12:56:58.757+0000] {dag.py:3239} INFO - Sync 1 DAGs
[2025-07-21T12:56:58.783+0000] {logging_mixin.py:190} INFO - [2025-07-21T12:56:58.782+0000] {dag.py:4180} INFO - Setting next_dagrun for train_power_pred to 2025-07-21 00:00:00+00:00, run_after=2025-07-22 00:00:00+00:00
[2025-07-21T12:56:58.800+0000] {processor.py:208} INFO - Processing /opt/airflow/dags/train_power_pred.py took 4.263 seconds
[2025-07-21T12:57:30.794+0000] {processor.py:186} INFO - Started process (PID=8060) to work on /opt/airflow/dags/train_power_pred.py
[2025-07-21T12:57:30.796+0000] {processor.py:914} INFO - Processing file /opt/airflow/dags/train_power_pred.py for tasks to queue
[2025-07-21T12:57:30.799+0000] {logging_mixin.py:190} INFO - [2025-07-21T12:57:30.798+0000] {dagbag.py:588} INFO - Filling up the DagBag from /opt/airflow/dags/train_power_pred.py
[2025-07-21T12:57:34.956+0000] {processor.py:925} INFO - DAG(s) 'train_power_pred' retrieved from /opt/airflow/dags/train_power_pred.py
[2025-07-21T12:57:34.987+0000] {logging_mixin.py:190} INFO - [2025-07-21T12:57:34.986+0000] {dag.py:3239} INFO - Sync 1 DAGs
[2025-07-21T12:57:35.016+0000] {logging_mixin.py:190} INFO - [2025-07-21T12:57:35.015+0000] {dag.py:4180} INFO - Setting next_dagrun for train_power_pred to 2025-07-21 00:00:00+00:00, run_after=2025-07-22 00:00:00+00:00
[2025-07-21T12:57:35.037+0000] {processor.py:208} INFO - Processing /opt/airflow/dags/train_power_pred.py took 4.250 seconds
[2025-07-21T12:58:07.054+0000] {processor.py:186} INFO - Started process (PID=8161) to work on /opt/airflow/dags/train_power_pred.py
[2025-07-21T12:58:07.055+0000] {processor.py:914} INFO - Processing file /opt/airflow/dags/train_power_pred.py for tasks to queue
[2025-07-21T12:58:07.058+0000] {logging_mixin.py:190} INFO - [2025-07-21T12:58:07.057+0000] {dagbag.py:588} INFO - Filling up the DagBag from /opt/airflow/dags/train_power_pred.py
[2025-07-21T12:58:10.415+0000] {processor.py:925} INFO - DAG(s) 'train_power_pred' retrieved from /opt/airflow/dags/train_power_pred.py
[2025-07-21T12:58:10.437+0000] {logging_mixin.py:190} INFO - [2025-07-21T12:58:10.436+0000] {dag.py:3239} INFO - Sync 1 DAGs
[2025-07-21T12:58:10.452+0000] {logging_mixin.py:190} INFO - [2025-07-21T12:58:10.451+0000] {dag.py:4180} INFO - Setting next_dagrun for train_power_pred to 2025-07-21 00:00:00+00:00, run_after=2025-07-22 00:00:00+00:00
[2025-07-21T12:58:10.465+0000] {processor.py:208} INFO - Processing /opt/airflow/dags/train_power_pred.py took 3.417 seconds
[2025-07-21T12:58:42.109+0000] {processor.py:186} INFO - Started process (PID=8259) to work on /opt/airflow/dags/train_power_pred.py
[2025-07-21T12:58:42.110+0000] {processor.py:914} INFO - Processing file /opt/airflow/dags/train_power_pred.py for tasks to queue
[2025-07-21T12:58:42.114+0000] {logging_mixin.py:190} INFO - [2025-07-21T12:58:42.113+0000] {dagbag.py:588} INFO - Filling up the DagBag from /opt/airflow/dags/train_power_pred.py
[2025-07-21T12:58:45.339+0000] {processor.py:925} INFO - DAG(s) 'train_power_pred' retrieved from /opt/airflow/dags/train_power_pred.py
[2025-07-21T12:58:45.358+0000] {logging_mixin.py:190} INFO - [2025-07-21T12:58:45.358+0000] {dag.py:3239} INFO - Sync 1 DAGs
[2025-07-21T12:58:45.375+0000] {logging_mixin.py:190} INFO - [2025-07-21T12:58:45.375+0000] {dag.py:4180} INFO - Setting next_dagrun for train_power_pred to 2025-07-21 00:00:00+00:00, run_after=2025-07-22 00:00:00+00:00
[2025-07-21T12:58:45.388+0000] {processor.py:208} INFO - Processing /opt/airflow/dags/train_power_pred.py took 3.286 seconds
[2025-07-21T12:59:17.093+0000] {processor.py:186} INFO - Started process (PID=8357) to work on /opt/airflow/dags/train_power_pred.py
[2025-07-21T12:59:17.094+0000] {processor.py:914} INFO - Processing file /opt/airflow/dags/train_power_pred.py for tasks to queue
[2025-07-21T12:59:17.097+0000] {logging_mixin.py:190} INFO - [2025-07-21T12:59:17.097+0000] {dagbag.py:588} INFO - Filling up the DagBag from /opt/airflow/dags/train_power_pred.py
[2025-07-21T12:59:20.495+0000] {processor.py:925} INFO - DAG(s) 'train_power_pred' retrieved from /opt/airflow/dags/train_power_pred.py
[2025-07-21T12:59:20.517+0000] {logging_mixin.py:190} INFO - [2025-07-21T12:59:20.517+0000] {dag.py:3239} INFO - Sync 1 DAGs
[2025-07-21T12:59:20.536+0000] {logging_mixin.py:190} INFO - [2025-07-21T12:59:20.536+0000] {dag.py:4180} INFO - Setting next_dagrun for train_power_pred to 2025-07-21 00:00:00+00:00, run_after=2025-07-22 00:00:00+00:00
[2025-07-21T12:59:20.550+0000] {processor.py:208} INFO - Processing /opt/airflow/dags/train_power_pred.py took 3.465 seconds
[2025-07-21T12:59:51.857+0000] {processor.py:186} INFO - Started process (PID=8461) to work on /opt/airflow/dags/train_power_pred.py
[2025-07-21T12:59:51.858+0000] {processor.py:914} INFO - Processing file /opt/airflow/dags/train_power_pred.py for tasks to queue
[2025-07-21T12:59:51.861+0000] {logging_mixin.py:190} INFO - [2025-07-21T12:59:51.861+0000] {dagbag.py:588} INFO - Filling up the DagBag from /opt/airflow/dags/train_power_pred.py
[2025-07-21T12:59:55.031+0000] {processor.py:925} INFO - DAG(s) 'train_power_pred' retrieved from /opt/airflow/dags/train_power_pred.py
[2025-07-21T12:59:55.051+0000] {logging_mixin.py:190} INFO - [2025-07-21T12:59:55.050+0000] {dag.py:3239} INFO - Sync 1 DAGs
[2025-07-21T12:59:55.067+0000] {logging_mixin.py:190} INFO - [2025-07-21T12:59:55.067+0000] {dag.py:4180} INFO - Setting next_dagrun for train_power_pred to 2025-07-21 00:00:00+00:00, run_after=2025-07-22 00:00:00+00:00
[2025-07-21T12:59:55.081+0000] {processor.py:208} INFO - Processing /opt/airflow/dags/train_power_pred.py took 3.230 seconds
[2025-07-21T13:00:26.169+0000] {processor.py:186} INFO - Started process (PID=8556) to work on /opt/airflow/dags/train_power_pred.py
[2025-07-21T13:00:26.170+0000] {processor.py:914} INFO - Processing file /opt/airflow/dags/train_power_pred.py for tasks to queue
[2025-07-21T13:00:26.174+0000] {logging_mixin.py:190} INFO - [2025-07-21T13:00:26.173+0000] {dagbag.py:588} INFO - Filling up the DagBag from /opt/airflow/dags/train_power_pred.py
[2025-07-21T13:00:29.457+0000] {processor.py:925} INFO - DAG(s) 'train_power_pred' retrieved from /opt/airflow/dags/train_power_pred.py
[2025-07-21T13:00:29.477+0000] {logging_mixin.py:190} INFO - [2025-07-21T13:00:29.477+0000] {dag.py:3239} INFO - Sync 1 DAGs
[2025-07-21T13:00:29.495+0000] {logging_mixin.py:190} INFO - [2025-07-21T13:00:29.495+0000] {dag.py:4180} INFO - Setting next_dagrun for train_power_pred to 2025-07-21 00:00:00+00:00, run_after=2025-07-22 00:00:00+00:00
[2025-07-21T13:00:29.511+0000] {processor.py:208} INFO - Processing /opt/airflow/dags/train_power_pred.py took 3.349 seconds
[2025-07-21T13:01:01.255+0000] {processor.py:186} INFO - Started process (PID=8654) to work on /opt/airflow/dags/train_power_pred.py
[2025-07-21T13:01:01.256+0000] {processor.py:914} INFO - Processing file /opt/airflow/dags/train_power_pred.py for tasks to queue
[2025-07-21T13:01:01.259+0000] {logging_mixin.py:190} INFO - [2025-07-21T13:01:01.259+0000] {dagbag.py:588} INFO - Filling up the DagBag from /opt/airflow/dags/train_power_pred.py
[2025-07-21T13:01:04.544+0000] {processor.py:925} INFO - DAG(s) 'train_power_pred' retrieved from /opt/airflow/dags/train_power_pred.py
[2025-07-21T13:01:04.563+0000] {logging_mixin.py:190} INFO - [2025-07-21T13:01:04.563+0000] {dag.py:3239} INFO - Sync 1 DAGs
[2025-07-21T13:01:04.579+0000] {logging_mixin.py:190} INFO - [2025-07-21T13:01:04.579+0000] {dag.py:4180} INFO - Setting next_dagrun for train_power_pred to 2025-07-21 00:00:00+00:00, run_after=2025-07-22 00:00:00+00:00
[2025-07-21T13:01:04.591+0000] {processor.py:208} INFO - Processing /opt/airflow/dags/train_power_pred.py took 3.344 seconds
[2025-07-21T13:01:35.961+0000] {processor.py:186} INFO - Started process (PID=8751) to work on /opt/airflow/dags/train_power_pred.py
[2025-07-21T13:01:35.963+0000] {processor.py:914} INFO - Processing file /opt/airflow/dags/train_power_pred.py for tasks to queue
[2025-07-21T13:01:35.966+0000] {logging_mixin.py:190} INFO - [2025-07-21T13:01:35.966+0000] {dagbag.py:588} INFO - Filling up the DagBag from /opt/airflow/dags/train_power_pred.py
[2025-07-21T13:01:39.275+0000] {processor.py:925} INFO - DAG(s) 'train_power_pred' retrieved from /opt/airflow/dags/train_power_pred.py
[2025-07-21T13:01:39.292+0000] {logging_mixin.py:190} INFO - [2025-07-21T13:01:39.292+0000] {dag.py:3239} INFO - Sync 1 DAGs
[2025-07-21T13:01:39.309+0000] {logging_mixin.py:190} INFO - [2025-07-21T13:01:39.309+0000] {dag.py:4180} INFO - Setting next_dagrun for train_power_pred to 2025-07-21 00:00:00+00:00, run_after=2025-07-22 00:00:00+00:00
[2025-07-21T13:01:39.322+0000] {processor.py:208} INFO - Processing /opt/airflow/dags/train_power_pred.py took 3.368 seconds
[2025-07-21T13:02:10.959+0000] {processor.py:186} INFO - Started process (PID=8849) to work on /opt/airflow/dags/train_power_pred.py
[2025-07-21T13:02:10.961+0000] {processor.py:914} INFO - Processing file /opt/airflow/dags/train_power_pred.py for tasks to queue
[2025-07-21T13:02:10.963+0000] {logging_mixin.py:190} INFO - [2025-07-21T13:02:10.963+0000] {dagbag.py:588} INFO - Filling up the DagBag from /opt/airflow/dags/train_power_pred.py
[2025-07-21T13:02:14.525+0000] {processor.py:925} INFO - DAG(s) 'train_power_pred' retrieved from /opt/airflow/dags/train_power_pred.py
[2025-07-21T13:02:14.544+0000] {logging_mixin.py:190} INFO - [2025-07-21T13:02:14.543+0000] {dag.py:3239} INFO - Sync 1 DAGs
[2025-07-21T13:02:14.560+0000] {logging_mixin.py:190} INFO - [2025-07-21T13:02:14.560+0000] {dag.py:4180} INFO - Setting next_dagrun for train_power_pred to 2025-07-21 00:00:00+00:00, run_after=2025-07-22 00:00:00+00:00
[2025-07-21T13:02:14.573+0000] {processor.py:208} INFO - Processing /opt/airflow/dags/train_power_pred.py took 3.621 seconds
[2025-07-21T13:02:45.740+0000] {processor.py:186} INFO - Started process (PID=8947) to work on /opt/airflow/dags/train_power_pred.py
[2025-07-21T13:02:45.742+0000] {processor.py:914} INFO - Processing file /opt/airflow/dags/train_power_pred.py for tasks to queue
[2025-07-21T13:02:45.746+0000] {logging_mixin.py:190} INFO - [2025-07-21T13:02:45.745+0000] {dagbag.py:588} INFO - Filling up the DagBag from /opt/airflow/dags/train_power_pred.py
[2025-07-21T13:02:50.668+0000] {processor.py:925} INFO - DAG(s) 'train_power_pred' retrieved from /opt/airflow/dags/train_power_pred.py
[2025-07-21T13:02:50.695+0000] {logging_mixin.py:190} INFO - [2025-07-21T13:02:50.695+0000] {dag.py:3239} INFO - Sync 1 DAGs
[2025-07-21T13:02:50.721+0000] {logging_mixin.py:190} INFO - [2025-07-21T13:02:50.721+0000] {dag.py:4180} INFO - Setting next_dagrun for train_power_pred to 2025-07-21 00:00:00+00:00, run_after=2025-07-22 00:00:00+00:00
[2025-07-21T13:02:50.745+0000] {processor.py:208} INFO - Processing /opt/airflow/dags/train_power_pred.py took 5.015 seconds
[2025-07-21T13:03:21.816+0000] {processor.py:186} INFO - Started process (PID=9051) to work on /opt/airflow/dags/train_power_pred.py
[2025-07-21T13:03:21.819+0000] {processor.py:914} INFO - Processing file /opt/airflow/dags/train_power_pred.py for tasks to queue
[2025-07-21T13:03:21.824+0000] {logging_mixin.py:190} INFO - [2025-07-21T13:03:21.823+0000] {dagbag.py:588} INFO - Filling up the DagBag from /opt/airflow/dags/train_power_pred.py
[2025-07-21T13:03:26.620+0000] {processor.py:925} INFO - DAG(s) 'train_power_pred' retrieved from /opt/airflow/dags/train_power_pred.py
[2025-07-21T13:03:26.643+0000] {logging_mixin.py:190} INFO - [2025-07-21T13:03:26.642+0000] {dag.py:3239} INFO - Sync 1 DAGs
[2025-07-21T13:03:26.664+0000] {logging_mixin.py:190} INFO - [2025-07-21T13:03:26.664+0000] {dag.py:4180} INFO - Setting next_dagrun for train_power_pred to 2025-07-21 00:00:00+00:00, run_after=2025-07-22 00:00:00+00:00
[2025-07-21T13:03:26.681+0000] {processor.py:208} INFO - Processing /opt/airflow/dags/train_power_pred.py took 4.878 seconds
[2025-07-21T13:03:57.775+0000] {processor.py:186} INFO - Started process (PID=9149) to work on /opt/airflow/dags/train_power_pred.py
[2025-07-21T13:03:57.777+0000] {processor.py:914} INFO - Processing file /opt/airflow/dags/train_power_pred.py for tasks to queue
[2025-07-21T13:03:57.780+0000] {logging_mixin.py:190} INFO - [2025-07-21T13:03:57.780+0000] {dagbag.py:588} INFO - Filling up the DagBag from /opt/airflow/dags/train_power_pred.py
[2025-07-21T13:04:02.597+0000] {processor.py:925} INFO - DAG(s) 'train_power_pred' retrieved from /opt/airflow/dags/train_power_pred.py
[2025-07-21T13:04:02.622+0000] {logging_mixin.py:190} INFO - [2025-07-21T13:04:02.621+0000] {dag.py:3239} INFO - Sync 1 DAGs
[2025-07-21T13:04:02.644+0000] {logging_mixin.py:190} INFO - [2025-07-21T13:04:02.643+0000] {dag.py:4180} INFO - Setting next_dagrun for train_power_pred to 2025-07-21 00:00:00+00:00, run_after=2025-07-22 00:00:00+00:00
[2025-07-21T13:04:02.663+0000] {processor.py:208} INFO - Processing /opt/airflow/dags/train_power_pred.py took 4.897 seconds
[2025-07-21T13:04:34.050+0000] {processor.py:186} INFO - Started process (PID=9247) to work on /opt/airflow/dags/train_power_pred.py
[2025-07-21T13:04:34.052+0000] {processor.py:914} INFO - Processing file /opt/airflow/dags/train_power_pred.py for tasks to queue
[2025-07-21T13:04:34.056+0000] {logging_mixin.py:190} INFO - [2025-07-21T13:04:34.056+0000] {dagbag.py:588} INFO - Filling up the DagBag from /opt/airflow/dags/train_power_pred.py
[2025-07-21T13:04:39.409+0000] {processor.py:925} INFO - DAG(s) 'train_power_pred' retrieved from /opt/airflow/dags/train_power_pred.py
[2025-07-21T13:04:39.435+0000] {logging_mixin.py:190} INFO - [2025-07-21T13:04:39.434+0000] {dag.py:3239} INFO - Sync 1 DAGs
[2025-07-21T13:04:39.461+0000] {logging_mixin.py:190} INFO - [2025-07-21T13:04:39.460+0000] {dag.py:4180} INFO - Setting next_dagrun for train_power_pred to 2025-07-21 00:00:00+00:00, run_after=2025-07-22 00:00:00+00:00
[2025-07-21T13:04:39.481+0000] {processor.py:208} INFO - Processing /opt/airflow/dags/train_power_pred.py took 5.441 seconds
[2025-07-21T13:05:10.565+0000] {processor.py:186} INFO - Started process (PID=9345) to work on /opt/airflow/dags/train_power_pred.py
[2025-07-21T13:05:10.567+0000] {processor.py:914} INFO - Processing file /opt/airflow/dags/train_power_pred.py for tasks to queue
[2025-07-21T13:05:10.572+0000] {logging_mixin.py:190} INFO - [2025-07-21T13:05:10.572+0000] {dagbag.py:588} INFO - Filling up the DagBag from /opt/airflow/dags/train_power_pred.py
[2025-07-21T13:05:15.246+0000] {processor.py:925} INFO - DAG(s) 'train_power_pred' retrieved from /opt/airflow/dags/train_power_pred.py
[2025-07-21T13:05:15.270+0000] {logging_mixin.py:190} INFO - [2025-07-21T13:05:15.269+0000] {dag.py:3239} INFO - Sync 1 DAGs
[2025-07-21T13:05:15.292+0000] {logging_mixin.py:190} INFO - [2025-07-21T13:05:15.292+0000] {dag.py:4180} INFO - Setting next_dagrun for train_power_pred to 2025-07-21 00:00:00+00:00, run_after=2025-07-22 00:00:00+00:00
[2025-07-21T13:05:15.308+0000] {processor.py:208} INFO - Processing /opt/airflow/dags/train_power_pred.py took 4.758 seconds
[2025-07-21T13:05:46.498+0000] {processor.py:186} INFO - Started process (PID=9443) to work on /opt/airflow/dags/train_power_pred.py
[2025-07-21T13:05:46.500+0000] {processor.py:914} INFO - Processing file /opt/airflow/dags/train_power_pred.py for tasks to queue
[2025-07-21T13:05:46.505+0000] {logging_mixin.py:190} INFO - [2025-07-21T13:05:46.504+0000] {dagbag.py:588} INFO - Filling up the DagBag from /opt/airflow/dags/train_power_pred.py
[2025-07-21T13:05:50.766+0000] {processor.py:925} INFO - DAG(s) 'train_power_pred' retrieved from /opt/airflow/dags/train_power_pred.py
[2025-07-21T13:05:50.789+0000] {logging_mixin.py:190} INFO - [2025-07-21T13:05:50.789+0000] {dag.py:3239} INFO - Sync 1 DAGs
[2025-07-21T13:05:50.809+0000] {logging_mixin.py:190} INFO - [2025-07-21T13:05:50.808+0000] {dag.py:4180} INFO - Setting next_dagrun for train_power_pred to 2025-07-21 00:00:00+00:00, run_after=2025-07-22 00:00:00+00:00
[2025-07-21T13:05:50.826+0000] {processor.py:208} INFO - Processing /opt/airflow/dags/train_power_pred.py took 4.339 seconds
[2025-07-21T13:06:22.084+0000] {processor.py:186} INFO - Started process (PID=9531) to work on /opt/airflow/dags/train_power_pred.py
[2025-07-21T13:06:22.085+0000] {processor.py:914} INFO - Processing file /opt/airflow/dags/train_power_pred.py for tasks to queue
[2025-07-21T13:06:22.089+0000] {logging_mixin.py:190} INFO - [2025-07-21T13:06:22.089+0000] {dagbag.py:588} INFO - Filling up the DagBag from /opt/airflow/dags/train_power_pred.py
[2025-07-21T13:06:26.539+0000] {processor.py:925} INFO - DAG(s) 'train_power_pred' retrieved from /opt/airflow/dags/train_power_pred.py
[2025-07-21T13:06:26.570+0000] {logging_mixin.py:190} INFO - [2025-07-21T13:06:26.569+0000] {dag.py:3239} INFO - Sync 1 DAGs
[2025-07-21T13:06:26.594+0000] {logging_mixin.py:190} INFO - [2025-07-21T13:06:26.594+0000] {dag.py:4180} INFO - Setting next_dagrun for train_power_pred to 2025-07-21 00:00:00+00:00, run_after=2025-07-22 00:00:00+00:00
[2025-07-21T13:06:26.612+0000] {processor.py:208} INFO - Processing /opt/airflow/dags/train_power_pred.py took 4.537 seconds
[2025-07-21T13:06:58.275+0000] {processor.py:186} INFO - Started process (PID=9629) to work on /opt/airflow/dags/train_power_pred.py
[2025-07-21T13:06:58.276+0000] {processor.py:914} INFO - Processing file /opt/airflow/dags/train_power_pred.py for tasks to queue
[2025-07-21T13:06:58.279+0000] {logging_mixin.py:190} INFO - [2025-07-21T13:06:58.279+0000] {dagbag.py:588} INFO - Filling up the DagBag from /opt/airflow/dags/train_power_pred.py
[2025-07-21T13:07:02.978+0000] {processor.py:925} INFO - DAG(s) 'train_power_pred' retrieved from /opt/airflow/dags/train_power_pred.py
[2025-07-21T13:07:03.008+0000] {logging_mixin.py:190} INFO - [2025-07-21T13:07:03.008+0000] {dag.py:3239} INFO - Sync 1 DAGs
[2025-07-21T13:07:03.039+0000] {logging_mixin.py:190} INFO - [2025-07-21T13:07:03.038+0000] {dag.py:4180} INFO - Setting next_dagrun for train_power_pred to 2025-07-21 00:00:00+00:00, run_after=2025-07-22 00:00:00+00:00
[2025-07-21T13:07:03.056+0000] {processor.py:208} INFO - Processing /opt/airflow/dags/train_power_pred.py took 4.788 seconds
[2025-07-21T13:07:34.226+0000] {processor.py:186} INFO - Started process (PID=9727) to work on /opt/airflow/dags/train_power_pred.py
[2025-07-21T13:07:34.227+0000] {processor.py:914} INFO - Processing file /opt/airflow/dags/train_power_pred.py for tasks to queue
[2025-07-21T13:07:34.230+0000] {logging_mixin.py:190} INFO - [2025-07-21T13:07:34.230+0000] {dagbag.py:588} INFO - Filling up the DagBag from /opt/airflow/dags/train_power_pred.py
[2025-07-21T13:07:39.273+0000] {processor.py:925} INFO - DAG(s) 'train_power_pred' retrieved from /opt/airflow/dags/train_power_pred.py
[2025-07-21T13:07:39.302+0000] {logging_mixin.py:190} INFO - [2025-07-21T13:07:39.301+0000] {dag.py:3239} INFO - Sync 1 DAGs
[2025-07-21T13:07:39.327+0000] {logging_mixin.py:190} INFO - [2025-07-21T13:07:39.326+0000] {dag.py:4180} INFO - Setting next_dagrun for train_power_pred to 2025-07-21 00:00:00+00:00, run_after=2025-07-22 00:00:00+00:00
[2025-07-21T13:07:39.343+0000] {processor.py:208} INFO - Processing /opt/airflow/dags/train_power_pred.py took 5.124 seconds
[2025-07-21T13:08:11.391+0000] {processor.py:186} INFO - Started process (PID=9841) to work on /opt/airflow/dags/train_power_pred.py
[2025-07-21T13:08:11.392+0000] {processor.py:914} INFO - Processing file /opt/airflow/dags/train_power_pred.py for tasks to queue
[2025-07-21T13:08:11.397+0000] {logging_mixin.py:190} INFO - [2025-07-21T13:08:11.396+0000] {dagbag.py:588} INFO - Filling up the DagBag from /opt/airflow/dags/train_power_pred.py
[2025-07-21T13:08:15.577+0000] {processor.py:925} INFO - DAG(s) 'train_power_pred' retrieved from /opt/airflow/dags/train_power_pred.py
[2025-07-21T13:08:15.600+0000] {logging_mixin.py:190} INFO - [2025-07-21T13:08:15.600+0000] {dag.py:3239} INFO - Sync 1 DAGs
[2025-07-21T13:08:15.620+0000] {logging_mixin.py:190} INFO - [2025-07-21T13:08:15.619+0000] {dag.py:4180} INFO - Setting next_dagrun for train_power_pred to 2025-07-21 00:00:00+00:00, run_after=2025-07-22 00:00:00+00:00
[2025-07-21T13:08:15.636+0000] {processor.py:208} INFO - Processing /opt/airflow/dags/train_power_pred.py took 4.257 seconds
[2025-07-21T13:08:46.828+0000] {processor.py:186} INFO - Started process (PID=9939) to work on /opt/airflow/dags/train_power_pred.py
[2025-07-21T13:08:46.830+0000] {processor.py:914} INFO - Processing file /opt/airflow/dags/train_power_pred.py for tasks to queue
[2025-07-21T13:08:46.833+0000] {logging_mixin.py:190} INFO - [2025-07-21T13:08:46.833+0000] {dagbag.py:588} INFO - Filling up the DagBag from /opt/airflow/dags/train_power_pred.py
[2025-07-21T13:08:50.830+0000] {processor.py:925} INFO - DAG(s) 'train_power_pred' retrieved from /opt/airflow/dags/train_power_pred.py
[2025-07-21T13:08:50.853+0000] {logging_mixin.py:190} INFO - [2025-07-21T13:08:50.852+0000] {dag.py:3239} INFO - Sync 1 DAGs
[2025-07-21T13:08:50.871+0000] {logging_mixin.py:190} INFO - [2025-07-21T13:08:50.871+0000] {dag.py:4180} INFO - Setting next_dagrun for train_power_pred to 2025-07-21 00:00:00+00:00, run_after=2025-07-22 00:00:00+00:00
[2025-07-21T13:08:50.946+0000] {processor.py:208} INFO - Processing /opt/airflow/dags/train_power_pred.py took 4.128 seconds
[2025-07-21T13:09:22.763+0000] {processor.py:186} INFO - Started process (PID=10043) to work on /opt/airflow/dags/train_power_pred.py
[2025-07-21T13:09:22.764+0000] {processor.py:914} INFO - Processing file /opt/airflow/dags/train_power_pred.py for tasks to queue
[2025-07-21T13:09:22.768+0000] {logging_mixin.py:190} INFO - [2025-07-21T13:09:22.767+0000] {dagbag.py:588} INFO - Filling up the DagBag from /opt/airflow/dags/train_power_pred.py
[2025-07-21T13:09:26.385+0000] {processor.py:925} INFO - DAG(s) 'train_power_pred' retrieved from /opt/airflow/dags/train_power_pred.py
[2025-07-21T13:09:26.405+0000] {logging_mixin.py:190} INFO - [2025-07-21T13:09:26.404+0000] {dag.py:3239} INFO - Sync 1 DAGs
[2025-07-21T13:09:26.421+0000] {logging_mixin.py:190} INFO - [2025-07-21T13:09:26.421+0000] {dag.py:4180} INFO - Setting next_dagrun for train_power_pred to 2025-07-21 00:00:00+00:00, run_after=2025-07-22 00:00:00+00:00
[2025-07-21T13:09:26.434+0000] {processor.py:208} INFO - Processing /opt/airflow/dags/train_power_pred.py took 3.679 seconds
[2025-07-21T13:09:57.650+0000] {processor.py:186} INFO - Started process (PID=10141) to work on /opt/airflow/dags/train_power_pred.py
[2025-07-21T13:09:57.651+0000] {processor.py:914} INFO - Processing file /opt/airflow/dags/train_power_pred.py for tasks to queue
[2025-07-21T13:09:57.654+0000] {logging_mixin.py:190} INFO - [2025-07-21T13:09:57.654+0000] {dagbag.py:588} INFO - Filling up the DagBag from /opt/airflow/dags/train_power_pred.py
[2025-07-21T13:10:01.217+0000] {processor.py:925} INFO - DAG(s) 'train_power_pred' retrieved from /opt/airflow/dags/train_power_pred.py
[2025-07-21T13:10:01.238+0000] {logging_mixin.py:190} INFO - [2025-07-21T13:10:01.237+0000] {dag.py:3239} INFO - Sync 1 DAGs
[2025-07-21T13:10:01.255+0000] {logging_mixin.py:190} INFO - [2025-07-21T13:10:01.255+0000] {dag.py:4180} INFO - Setting next_dagrun for train_power_pred to 2025-07-21 00:00:00+00:00, run_after=2025-07-22 00:00:00+00:00
[2025-07-21T13:10:01.268+0000] {processor.py:208} INFO - Processing /opt/airflow/dags/train_power_pred.py took 3.626 seconds
[2025-07-21T13:10:32.497+0000] {processor.py:186} INFO - Started process (PID=10239) to work on /opt/airflow/dags/train_power_pred.py
[2025-07-21T13:10:32.498+0000] {processor.py:914} INFO - Processing file /opt/airflow/dags/train_power_pred.py for tasks to queue
[2025-07-21T13:10:32.501+0000] {logging_mixin.py:190} INFO - [2025-07-21T13:10:32.501+0000] {dagbag.py:588} INFO - Filling up the DagBag from /opt/airflow/dags/train_power_pred.py
[2025-07-21T13:10:36.499+0000] {processor.py:925} INFO - DAG(s) 'train_power_pred' retrieved from /opt/airflow/dags/train_power_pred.py
[2025-07-21T13:10:36.518+0000] {logging_mixin.py:190} INFO - [2025-07-21T13:10:36.517+0000] {dag.py:3239} INFO - Sync 1 DAGs
[2025-07-21T13:10:36.533+0000] {logging_mixin.py:190} INFO - [2025-07-21T13:10:36.533+0000] {dag.py:4180} INFO - Setting next_dagrun for train_power_pred to 2025-07-21 00:00:00+00:00, run_after=2025-07-22 00:00:00+00:00
[2025-07-21T13:10:36.546+0000] {processor.py:208} INFO - Processing /opt/airflow/dags/train_power_pred.py took 4.058 seconds
[2025-07-21T13:11:08.355+0000] {processor.py:186} INFO - Started process (PID=10337) to work on /opt/airflow/dags/train_power_pred.py
[2025-07-21T13:11:08.357+0000] {processor.py:914} INFO - Processing file /opt/airflow/dags/train_power_pred.py for tasks to queue
[2025-07-21T13:11:08.360+0000] {logging_mixin.py:190} INFO - [2025-07-21T13:11:08.360+0000] {dagbag.py:588} INFO - Filling up the DagBag from /opt/airflow/dags/train_power_pred.py
[2025-07-21T13:11:12.159+0000] {processor.py:925} INFO - DAG(s) 'train_power_pred' retrieved from /opt/airflow/dags/train_power_pred.py
[2025-07-21T13:11:12.178+0000] {logging_mixin.py:190} INFO - [2025-07-21T13:11:12.177+0000] {dag.py:3239} INFO - Sync 1 DAGs
[2025-07-21T13:11:12.194+0000] {logging_mixin.py:190} INFO - [2025-07-21T13:11:12.194+0000] {dag.py:4180} INFO - Setting next_dagrun for train_power_pred to 2025-07-21 00:00:00+00:00, run_after=2025-07-22 00:00:00+00:00
[2025-07-21T13:11:12.207+0000] {processor.py:208} INFO - Processing /opt/airflow/dags/train_power_pred.py took 3.861 seconds
[2025-07-21T13:11:43.578+0000] {processor.py:186} INFO - Started process (PID=10435) to work on /opt/airflow/dags/train_power_pred.py
[2025-07-21T13:11:43.579+0000] {processor.py:914} INFO - Processing file /opt/airflow/dags/train_power_pred.py for tasks to queue
[2025-07-21T13:11:43.582+0000] {logging_mixin.py:190} INFO - [2025-07-21T13:11:43.581+0000] {dagbag.py:588} INFO - Filling up the DagBag from /opt/airflow/dags/train_power_pred.py
[2025-07-21T13:11:47.463+0000] {processor.py:925} INFO - DAG(s) 'train_power_pred' retrieved from /opt/airflow/dags/train_power_pred.py
[2025-07-21T13:11:47.484+0000] {logging_mixin.py:190} INFO - [2025-07-21T13:11:47.484+0000] {dag.py:3239} INFO - Sync 1 DAGs
[2025-07-21T13:11:47.503+0000] {logging_mixin.py:190} INFO - [2025-07-21T13:11:47.503+0000] {dag.py:4180} INFO - Setting next_dagrun for train_power_pred to 2025-07-21 00:00:00+00:00, run_after=2025-07-22 00:00:00+00:00
[2025-07-21T13:11:47.516+0000] {processor.py:208} INFO - Processing /opt/airflow/dags/train_power_pred.py took 3.946 seconds
[2025-07-21T13:12:19.010+0000] {processor.py:186} INFO - Started process (PID=10533) to work on /opt/airflow/dags/train_power_pred.py
[2025-07-21T13:12:19.011+0000] {processor.py:914} INFO - Processing file /opt/airflow/dags/train_power_pred.py for tasks to queue
[2025-07-21T13:12:19.015+0000] {logging_mixin.py:190} INFO - [2025-07-21T13:12:19.014+0000] {dagbag.py:588} INFO - Filling up the DagBag from /opt/airflow/dags/train_power_pred.py
[2025-07-21T13:12:22.676+0000] {processor.py:925} INFO - DAG(s) 'train_power_pred' retrieved from /opt/airflow/dags/train_power_pred.py
[2025-07-21T13:12:22.694+0000] {logging_mixin.py:190} INFO - [2025-07-21T13:12:22.694+0000] {dag.py:3239} INFO - Sync 1 DAGs
[2025-07-21T13:12:22.709+0000] {logging_mixin.py:190} INFO - [2025-07-21T13:12:22.709+0000] {dag.py:4180} INFO - Setting next_dagrun for train_power_pred to 2025-07-21 00:00:00+00:00, run_after=2025-07-22 00:00:00+00:00
[2025-07-21T13:12:22.723+0000] {processor.py:208} INFO - Processing /opt/airflow/dags/train_power_pred.py took 3.721 seconds
[2025-07-21T13:12:54.453+0000] {processor.py:186} INFO - Started process (PID=10638) to work on /opt/airflow/dags/train_power_pred.py
[2025-07-21T13:12:54.454+0000] {processor.py:914} INFO - Processing file /opt/airflow/dags/train_power_pred.py for tasks to queue
[2025-07-21T13:12:54.457+0000] {logging_mixin.py:190} INFO - [2025-07-21T13:12:54.457+0000] {dagbag.py:588} INFO - Filling up the DagBag from /opt/airflow/dags/train_power_pred.py
[2025-07-21T13:12:57.712+0000] {processor.py:925} INFO - DAG(s) 'train_power_pred' retrieved from /opt/airflow/dags/train_power_pred.py
[2025-07-21T13:12:57.730+0000] {logging_mixin.py:190} INFO - [2025-07-21T13:12:57.729+0000] {dag.py:3239} INFO - Sync 1 DAGs
[2025-07-21T13:12:57.746+0000] {logging_mixin.py:190} INFO - [2025-07-21T13:12:57.746+0000] {dag.py:4180} INFO - Setting next_dagrun for train_power_pred to 2025-07-21 00:00:00+00:00, run_after=2025-07-22 00:00:00+00:00
[2025-07-21T13:12:57.759+0000] {processor.py:208} INFO - Processing /opt/airflow/dags/train_power_pred.py took 3.314 seconds
[2025-07-21T13:13:28.993+0000] {processor.py:186} INFO - Started process (PID=10735) to work on /opt/airflow/dags/train_power_pred.py
[2025-07-21T13:13:28.994+0000] {processor.py:914} INFO - Processing file /opt/airflow/dags/train_power_pred.py for tasks to queue
[2025-07-21T13:13:28.998+0000] {logging_mixin.py:190} INFO - [2025-07-21T13:13:28.997+0000] {dagbag.py:588} INFO - Filling up the DagBag from /opt/airflow/dags/train_power_pred.py
[2025-07-21T13:13:32.409+0000] {processor.py:925} INFO - DAG(s) 'train_power_pred' retrieved from /opt/airflow/dags/train_power_pred.py
[2025-07-21T13:13:32.428+0000] {logging_mixin.py:190} INFO - [2025-07-21T13:13:32.427+0000] {dag.py:3239} INFO - Sync 1 DAGs
[2025-07-21T13:13:32.445+0000] {logging_mixin.py:190} INFO - [2025-07-21T13:13:32.444+0000] {dag.py:4180} INFO - Setting next_dagrun for train_power_pred to 2025-07-21 00:00:00+00:00, run_after=2025-07-22 00:00:00+00:00
[2025-07-21T13:13:32.461+0000] {processor.py:208} INFO - Processing /opt/airflow/dags/train_power_pred.py took 3.475 seconds
[2025-07-21T13:14:03.590+0000] {processor.py:186} INFO - Started process (PID=10833) to work on /opt/airflow/dags/train_power_pred.py
[2025-07-21T13:14:03.591+0000] {processor.py:914} INFO - Processing file /opt/airflow/dags/train_power_pred.py for tasks to queue
[2025-07-21T13:14:03.594+0000] {logging_mixin.py:190} INFO - [2025-07-21T13:14:03.593+0000] {dagbag.py:588} INFO - Filling up the DagBag from /opt/airflow/dags/train_power_pred.py
[2025-07-21T13:14:07.097+0000] {processor.py:925} INFO - DAG(s) 'train_power_pred' retrieved from /opt/airflow/dags/train_power_pred.py
[2025-07-21T13:14:07.118+0000] {logging_mixin.py:190} INFO - [2025-07-21T13:14:07.118+0000] {dag.py:3239} INFO - Sync 1 DAGs
[2025-07-21T13:14:07.138+0000] {logging_mixin.py:190} INFO - [2025-07-21T13:14:07.138+0000] {dag.py:4180} INFO - Setting next_dagrun for train_power_pred to 2025-07-21 00:00:00+00:00, run_after=2025-07-22 00:00:00+00:00
[2025-07-21T13:14:07.153+0000] {processor.py:208} INFO - Processing /opt/airflow/dags/train_power_pred.py took 3.570 seconds
[2025-07-21T13:14:39.189+0000] {processor.py:186} INFO - Started process (PID=10932) to work on /opt/airflow/dags/train_power_pred.py
[2025-07-21T13:14:39.191+0000] {processor.py:914} INFO - Processing file /opt/airflow/dags/train_power_pred.py for tasks to queue
[2025-07-21T13:14:39.194+0000] {logging_mixin.py:190} INFO - [2025-07-21T13:14:39.193+0000] {dagbag.py:588} INFO - Filling up the DagBag from /opt/airflow/dags/train_power_pred.py
[2025-07-21T13:14:42.540+0000] {processor.py:925} INFO - DAG(s) 'train_power_pred' retrieved from /opt/airflow/dags/train_power_pred.py
[2025-07-21T13:14:42.559+0000] {logging_mixin.py:190} INFO - [2025-07-21T13:14:42.558+0000] {dag.py:3239} INFO - Sync 1 DAGs
[2025-07-21T13:14:42.576+0000] {logging_mixin.py:190} INFO - [2025-07-21T13:14:42.576+0000] {dag.py:4180} INFO - Setting next_dagrun for train_power_pred to 2025-07-21 00:00:00+00:00, run_after=2025-07-22 00:00:00+00:00
[2025-07-21T13:14:42.589+0000] {processor.py:208} INFO - Processing /opt/airflow/dags/train_power_pred.py took 3.408 seconds
[2025-07-21T13:15:14.294+0000] {processor.py:186} INFO - Started process (PID=11030) to work on /opt/airflow/dags/train_power_pred.py
[2025-07-21T13:15:14.295+0000] {processor.py:914} INFO - Processing file /opt/airflow/dags/train_power_pred.py for tasks to queue
[2025-07-21T13:15:14.298+0000] {logging_mixin.py:190} INFO - [2025-07-21T13:15:14.297+0000] {dagbag.py:588} INFO - Filling up the DagBag from /opt/airflow/dags/train_power_pred.py
[2025-07-21T13:15:17.659+0000] {processor.py:925} INFO - DAG(s) 'train_power_pred' retrieved from /opt/airflow/dags/train_power_pred.py
[2025-07-21T13:15:17.682+0000] {logging_mixin.py:190} INFO - [2025-07-21T13:15:17.681+0000] {dag.py:3239} INFO - Sync 1 DAGs
[2025-07-21T13:15:17.698+0000] {logging_mixin.py:190} INFO - [2025-07-21T13:15:17.698+0000] {dag.py:4180} INFO - Setting next_dagrun for train_power_pred to 2025-07-21 00:00:00+00:00, run_after=2025-07-22 00:00:00+00:00
[2025-07-21T13:15:17.712+0000] {processor.py:208} INFO - Processing /opt/airflow/dags/train_power_pred.py took 3.425 seconds
[2025-07-21T13:15:49.263+0000] {processor.py:186} INFO - Started process (PID=11128) to work on /opt/airflow/dags/train_power_pred.py
[2025-07-21T13:15:49.264+0000] {processor.py:914} INFO - Processing file /opt/airflow/dags/train_power_pred.py for tasks to queue
[2025-07-21T13:15:49.267+0000] {logging_mixin.py:190} INFO - [2025-07-21T13:15:49.267+0000] {dagbag.py:588} INFO - Filling up the DagBag from /opt/airflow/dags/train_power_pred.py
[2025-07-21T13:15:52.530+0000] {processor.py:925} INFO - DAG(s) 'train_power_pred' retrieved from /opt/airflow/dags/train_power_pred.py
[2025-07-21T13:15:52.549+0000] {logging_mixin.py:190} INFO - [2025-07-21T13:15:52.548+0000] {dag.py:3239} INFO - Sync 1 DAGs
[2025-07-21T13:15:52.565+0000] {logging_mixin.py:190} INFO - [2025-07-21T13:15:52.564+0000] {dag.py:4180} INFO - Setting next_dagrun for train_power_pred to 2025-07-21 00:00:00+00:00, run_after=2025-07-22 00:00:00+00:00
[2025-07-21T13:15:52.577+0000] {processor.py:208} INFO - Processing /opt/airflow/dags/train_power_pred.py took 3.321 seconds
[2025-07-21T13:16:23.632+0000] {processor.py:186} INFO - Started process (PID=11231) to work on /opt/airflow/dags/train_power_pred.py
[2025-07-21T13:16:23.633+0000] {processor.py:914} INFO - Processing file /opt/airflow/dags/train_power_pred.py for tasks to queue
[2025-07-21T13:16:23.635+0000] {logging_mixin.py:190} INFO - [2025-07-21T13:16:23.635+0000] {dagbag.py:588} INFO - Filling up the DagBag from /opt/airflow/dags/train_power_pred.py
[2025-07-21T13:16:26.946+0000] {processor.py:925} INFO - DAG(s) 'train_power_pred' retrieved from /opt/airflow/dags/train_power_pred.py
[2025-07-21T13:16:26.965+0000] {logging_mixin.py:190} INFO - [2025-07-21T13:16:26.965+0000] {dag.py:3239} INFO - Sync 1 DAGs
[2025-07-21T13:16:26.981+0000] {logging_mixin.py:190} INFO - [2025-07-21T13:16:26.981+0000] {dag.py:4180} INFO - Setting next_dagrun for train_power_pred to 2025-07-21 00:00:00+00:00, run_after=2025-07-22 00:00:00+00:00
[2025-07-21T13:16:26.993+0000] {processor.py:208} INFO - Processing /opt/airflow/dags/train_power_pred.py took 3.368 seconds
[2025-07-21T13:16:59.097+0000] {processor.py:186} INFO - Started process (PID=11329) to work on /opt/airflow/dags/train_power_pred.py
[2025-07-21T13:16:59.099+0000] {processor.py:914} INFO - Processing file /opt/airflow/dags/train_power_pred.py for tasks to queue
[2025-07-21T13:16:59.102+0000] {logging_mixin.py:190} INFO - [2025-07-21T13:16:59.102+0000] {dagbag.py:588} INFO - Filling up the DagBag from /opt/airflow/dags/train_power_pred.py
[2025-07-21T13:17:02.600+0000] {processor.py:925} INFO - DAG(s) 'train_power_pred' retrieved from /opt/airflow/dags/train_power_pred.py
[2025-07-21T13:17:02.622+0000] {logging_mixin.py:190} INFO - [2025-07-21T13:17:02.621+0000] {dag.py:3239} INFO - Sync 1 DAGs
[2025-07-21T13:17:02.643+0000] {logging_mixin.py:190} INFO - [2025-07-21T13:17:02.643+0000] {dag.py:4180} INFO - Setting next_dagrun for train_power_pred to 2025-07-21 00:00:00+00:00, run_after=2025-07-22 00:00:00+00:00
[2025-07-21T13:17:02.660+0000] {processor.py:208} INFO - Processing /opt/airflow/dags/train_power_pred.py took 3.570 seconds
[2025-07-21T13:17:34.112+0000] {processor.py:186} INFO - Started process (PID=11427) to work on /opt/airflow/dags/train_power_pred.py
[2025-07-21T13:17:34.113+0000] {processor.py:914} INFO - Processing file /opt/airflow/dags/train_power_pred.py for tasks to queue
[2025-07-21T13:17:34.116+0000] {logging_mixin.py:190} INFO - [2025-07-21T13:17:34.116+0000] {dagbag.py:588} INFO - Filling up the DagBag from /opt/airflow/dags/train_power_pred.py
[2025-07-21T13:17:37.805+0000] {processor.py:925} INFO - DAG(s) 'train_power_pred' retrieved from /opt/airflow/dags/train_power_pred.py
[2025-07-21T13:17:37.826+0000] {logging_mixin.py:190} INFO - [2025-07-21T13:17:37.826+0000] {dag.py:3239} INFO - Sync 1 DAGs
[2025-07-21T13:17:37.844+0000] {logging_mixin.py:190} INFO - [2025-07-21T13:17:37.844+0000] {dag.py:4180} INFO - Setting next_dagrun for train_power_pred to 2025-07-21 00:00:00+00:00, run_after=2025-07-22 00:00:00+00:00
[2025-07-21T13:17:37.858+0000] {processor.py:208} INFO - Processing /opt/airflow/dags/train_power_pred.py took 3.753 seconds
[2025-07-21T13:18:08.965+0000] {processor.py:186} INFO - Started process (PID=11525) to work on /opt/airflow/dags/train_power_pred.py
[2025-07-21T13:18:08.967+0000] {processor.py:914} INFO - Processing file /opt/airflow/dags/train_power_pred.py for tasks to queue
[2025-07-21T13:18:08.970+0000] {logging_mixin.py:190} INFO - [2025-07-21T13:18:08.970+0000] {dagbag.py:588} INFO - Filling up the DagBag from /opt/airflow/dags/train_power_pred.py
[2025-07-21T13:18:12.821+0000] {processor.py:925} INFO - DAG(s) 'train_power_pred' retrieved from /opt/airflow/dags/train_power_pred.py
[2025-07-21T13:18:12.843+0000] {logging_mixin.py:190} INFO - [2025-07-21T13:18:12.843+0000] {dag.py:3239} INFO - Sync 1 DAGs
[2025-07-21T13:18:12.860+0000] {logging_mixin.py:190} INFO - [2025-07-21T13:18:12.860+0000] {dag.py:4180} INFO - Setting next_dagrun for train_power_pred to 2025-07-21 00:00:00+00:00, run_after=2025-07-22 00:00:00+00:00
[2025-07-21T13:18:12.873+0000] {processor.py:208} INFO - Processing /opt/airflow/dags/train_power_pred.py took 3.919 seconds
[2025-07-21T13:19:26.872+0000] {processor.py:186} INFO - Started process (PID=11608) to work on /opt/airflow/dags/train_power_pred.py
[2025-07-21T13:19:26.873+0000] {processor.py:914} INFO - Processing file /opt/airflow/dags/train_power_pred.py for tasks to queue
[2025-07-21T13:19:26.876+0000] {logging_mixin.py:190} INFO - [2025-07-21T13:19:26.876+0000] {dagbag.py:588} INFO - Filling up the DagBag from /opt/airflow/dags/train_power_pred.py
[2025-07-21T13:19:30.441+0000] {processor.py:925} INFO - DAG(s) 'train_power_pred' retrieved from /opt/airflow/dags/train_power_pred.py
[2025-07-21T13:19:30.461+0000] {logging_mixin.py:190} INFO - [2025-07-21T13:19:30.461+0000] {dag.py:3239} INFO - Sync 1 DAGs
[2025-07-21T13:19:30.481+0000] {logging_mixin.py:190} INFO - [2025-07-21T13:19:30.481+0000] {dag.py:4180} INFO - Setting next_dagrun for train_power_pred to 2025-07-21 00:00:00+00:00, run_after=2025-07-22 00:00:00+00:00
[2025-07-21T13:19:30.512+0000] {processor.py:208} INFO - Processing /opt/airflow/dags/train_power_pred.py took 3.646 seconds
[2025-07-21T13:20:01.699+0000] {processor.py:186} INFO - Started process (PID=11706) to work on /opt/airflow/dags/train_power_pred.py
[2025-07-21T13:20:01.701+0000] {processor.py:914} INFO - Processing file /opt/airflow/dags/train_power_pred.py for tasks to queue
[2025-07-21T13:20:01.703+0000] {logging_mixin.py:190} INFO - [2025-07-21T13:20:01.703+0000] {dagbag.py:588} INFO - Filling up the DagBag from /opt/airflow/dags/train_power_pred.py
[2025-07-21T13:20:05.138+0000] {processor.py:925} INFO - DAG(s) 'train_power_pred' retrieved from /opt/airflow/dags/train_power_pred.py
[2025-07-21T13:20:05.160+0000] {logging_mixin.py:190} INFO - [2025-07-21T13:20:05.160+0000] {dag.py:3239} INFO - Sync 1 DAGs
[2025-07-21T13:20:05.177+0000] {logging_mixin.py:190} INFO - [2025-07-21T13:20:05.177+0000] {dag.py:4180} INFO - Setting next_dagrun for train_power_pred to 2025-07-21 00:00:00+00:00, run_after=2025-07-22 00:00:00+00:00
[2025-07-21T13:20:05.206+0000] {processor.py:208} INFO - Processing /opt/airflow/dags/train_power_pred.py took 3.512 seconds
[2025-07-21T13:20:37.196+0000] {processor.py:186} INFO - Started process (PID=11804) to work on /opt/airflow/dags/train_power_pred.py
[2025-07-21T13:20:37.197+0000] {processor.py:914} INFO - Processing file /opt/airflow/dags/train_power_pred.py for tasks to queue
[2025-07-21T13:20:37.200+0000] {logging_mixin.py:190} INFO - [2025-07-21T13:20:37.199+0000] {dagbag.py:588} INFO - Filling up the DagBag from /opt/airflow/dags/train_power_pred.py
[2025-07-21T13:20:40.613+0000] {processor.py:925} INFO - DAG(s) 'train_power_pred' retrieved from /opt/airflow/dags/train_power_pred.py
[2025-07-21T13:20:40.634+0000] {logging_mixin.py:190} INFO - [2025-07-21T13:20:40.634+0000] {dag.py:3239} INFO - Sync 1 DAGs
[2025-07-21T13:20:40.856+0000] {logging_mixin.py:190} INFO - [2025-07-21T13:20:40.855+0000] {dag.py:4180} INFO - Setting next_dagrun for train_power_pred to 2025-07-21 00:00:00+00:00, run_after=2025-07-22 00:00:00+00:00
[2025-07-21T13:20:40.869+0000] {processor.py:208} INFO - Processing /opt/airflow/dags/train_power_pred.py took 3.679 seconds
[2025-07-21T13:21:12.620+0000] {processor.py:186} INFO - Started process (PID=11903) to work on /opt/airflow/dags/train_power_pred.py
[2025-07-21T13:21:12.621+0000] {processor.py:914} INFO - Processing file /opt/airflow/dags/train_power_pred.py for tasks to queue
[2025-07-21T13:21:12.624+0000] {logging_mixin.py:190} INFO - [2025-07-21T13:21:12.624+0000] {dagbag.py:588} INFO - Filling up the DagBag from /opt/airflow/dags/train_power_pred.py
[2025-07-21T13:21:16.235+0000] {processor.py:925} INFO - DAG(s) 'train_power_pred' retrieved from /opt/airflow/dags/train_power_pred.py
[2025-07-21T13:21:16.258+0000] {logging_mixin.py:190} INFO - [2025-07-21T13:21:16.257+0000] {dag.py:3239} INFO - Sync 1 DAGs
[2025-07-21T13:21:16.276+0000] {logging_mixin.py:190} INFO - [2025-07-21T13:21:16.276+0000] {dag.py:4180} INFO - Setting next_dagrun for train_power_pred to 2025-07-21 00:00:00+00:00, run_after=2025-07-22 00:00:00+00:00
[2025-07-21T13:21:16.290+0000] {processor.py:208} INFO - Processing /opt/airflow/dags/train_power_pred.py took 3.675 seconds
[2025-07-21T13:21:47.910+0000] {processor.py:186} INFO - Started process (PID=12016) to work on /opt/airflow/dags/train_power_pred.py
[2025-07-21T13:21:47.911+0000] {processor.py:914} INFO - Processing file /opt/airflow/dags/train_power_pred.py for tasks to queue
[2025-07-21T13:21:47.913+0000] {logging_mixin.py:190} INFO - [2025-07-21T13:21:47.912+0000] {dagbag.py:588} INFO - Filling up the DagBag from /opt/airflow/dags/train_power_pred.py
[2025-07-21T13:21:51.255+0000] {processor.py:925} INFO - DAG(s) 'train_power_pred' retrieved from /opt/airflow/dags/train_power_pred.py
[2025-07-21T13:21:51.274+0000] {logging_mixin.py:190} INFO - [2025-07-21T13:21:51.273+0000] {dag.py:3239} INFO - Sync 1 DAGs
[2025-07-21T13:21:51.290+0000] {logging_mixin.py:190} INFO - [2025-07-21T13:21:51.289+0000] {dag.py:4180} INFO - Setting next_dagrun for train_power_pred to 2025-07-21 00:00:00+00:00, run_after=2025-07-22 00:00:00+00:00
[2025-07-21T13:21:51.303+0000] {processor.py:208} INFO - Processing /opt/airflow/dags/train_power_pred.py took 3.400 seconds
[2025-07-21T13:22:22.489+0000] {processor.py:186} INFO - Started process (PID=12114) to work on /opt/airflow/dags/train_power_pred.py
[2025-07-21T13:22:22.490+0000] {processor.py:914} INFO - Processing file /opt/airflow/dags/train_power_pred.py for tasks to queue
[2025-07-21T13:22:22.492+0000] {logging_mixin.py:190} INFO - [2025-07-21T13:22:22.492+0000] {dagbag.py:588} INFO - Filling up the DagBag from /opt/airflow/dags/train_power_pred.py
[2025-07-21T13:22:25.926+0000] {processor.py:925} INFO - DAG(s) 'train_power_pred' retrieved from /opt/airflow/dags/train_power_pred.py
[2025-07-21T13:22:25.947+0000] {logging_mixin.py:190} INFO - [2025-07-21T13:22:25.946+0000] {dag.py:3239} INFO - Sync 1 DAGs
[2025-07-21T13:22:26.200+0000] {logging_mixin.py:190} INFO - [2025-07-21T13:22:26.200+0000] {dag.py:4180} INFO - Setting next_dagrun for train_power_pred to 2025-07-21 00:00:00+00:00, run_after=2025-07-22 00:00:00+00:00
[2025-07-21T13:22:26.215+0000] {processor.py:208} INFO - Processing /opt/airflow/dags/train_power_pred.py took 3.732 seconds
[2025-07-21T13:22:58.156+0000] {processor.py:186} INFO - Started process (PID=12218) to work on /opt/airflow/dags/train_power_pred.py
[2025-07-21T13:22:58.157+0000] {processor.py:914} INFO - Processing file /opt/airflow/dags/train_power_pred.py for tasks to queue
[2025-07-21T13:22:58.160+0000] {logging_mixin.py:190} INFO - [2025-07-21T13:22:58.159+0000] {dagbag.py:588} INFO - Filling up the DagBag from /opt/airflow/dags/train_power_pred.py
[2025-07-21T13:23:01.449+0000] {processor.py:925} INFO - DAG(s) 'train_power_pred' retrieved from /opt/airflow/dags/train_power_pred.py
[2025-07-21T13:23:01.468+0000] {logging_mixin.py:190} INFO - [2025-07-21T13:23:01.467+0000] {dag.py:3239} INFO - Sync 1 DAGs
[2025-07-21T13:23:01.484+0000] {logging_mixin.py:190} INFO - [2025-07-21T13:23:01.484+0000] {dag.py:4180} INFO - Setting next_dagrun for train_power_pred to 2025-07-21 00:00:00+00:00, run_after=2025-07-22 00:00:00+00:00
[2025-07-21T13:23:01.497+0000] {processor.py:208} INFO - Processing /opt/airflow/dags/train_power_pred.py took 3.346 seconds
[2025-07-21T13:23:33.212+0000] {processor.py:186} INFO - Started process (PID=12316) to work on /opt/airflow/dags/train_power_pred.py
[2025-07-21T13:23:33.213+0000] {processor.py:914} INFO - Processing file /opt/airflow/dags/train_power_pred.py for tasks to queue
[2025-07-21T13:23:33.215+0000] {logging_mixin.py:190} INFO - [2025-07-21T13:23:33.215+0000] {dagbag.py:588} INFO - Filling up the DagBag from /opt/airflow/dags/train_power_pred.py
[2025-07-21T13:23:36.623+0000] {processor.py:925} INFO - DAG(s) 'train_power_pred' retrieved from /opt/airflow/dags/train_power_pred.py
[2025-07-21T13:23:36.645+0000] {logging_mixin.py:190} INFO - [2025-07-21T13:23:36.644+0000] {dag.py:3239} INFO - Sync 1 DAGs
[2025-07-21T13:23:36.663+0000] {logging_mixin.py:190} INFO - [2025-07-21T13:23:36.663+0000] {dag.py:4180} INFO - Setting next_dagrun for train_power_pred to 2025-07-21 00:00:00+00:00, run_after=2025-07-22 00:00:00+00:00
[2025-07-21T13:23:36.680+0000] {processor.py:208} INFO - Processing /opt/airflow/dags/train_power_pred.py took 3.473 seconds
[2025-07-21T13:24:08.603+0000] {processor.py:186} INFO - Started process (PID=12415) to work on /opt/airflow/dags/train_power_pred.py
[2025-07-21T13:24:08.604+0000] {processor.py:914} INFO - Processing file /opt/airflow/dags/train_power_pred.py for tasks to queue
[2025-07-21T13:24:08.607+0000] {logging_mixin.py:190} INFO - [2025-07-21T13:24:08.607+0000] {dagbag.py:588} INFO - Filling up the DagBag from /opt/airflow/dags/train_power_pred.py
[2025-07-21T13:24:11.982+0000] {processor.py:925} INFO - DAG(s) 'train_power_pred' retrieved from /opt/airflow/dags/train_power_pred.py
[2025-07-21T13:24:12.001+0000] {logging_mixin.py:190} INFO - [2025-07-21T13:24:12.001+0000] {dag.py:3239} INFO - Sync 1 DAGs
[2025-07-21T13:24:12.231+0000] {logging_mixin.py:190} INFO - [2025-07-21T13:24:12.231+0000] {dag.py:4180} INFO - Setting next_dagrun for train_power_pred to 2025-07-21 00:00:00+00:00, run_after=2025-07-22 00:00:00+00:00
[2025-07-21T13:24:12.244+0000] {processor.py:208} INFO - Processing /opt/airflow/dags/train_power_pred.py took 3.647 seconds
[2025-07-21T13:24:43.897+0000] {processor.py:186} INFO - Started process (PID=12513) to work on /opt/airflow/dags/train_power_pred.py
[2025-07-21T13:24:43.898+0000] {processor.py:914} INFO - Processing file /opt/airflow/dags/train_power_pred.py for tasks to queue
[2025-07-21T13:24:43.901+0000] {logging_mixin.py:190} INFO - [2025-07-21T13:24:43.900+0000] {dagbag.py:588} INFO - Filling up the DagBag from /opt/airflow/dags/train_power_pred.py
[2025-07-21T13:24:47.186+0000] {processor.py:925} INFO - DAG(s) 'train_power_pred' retrieved from /opt/airflow/dags/train_power_pred.py
[2025-07-21T13:24:47.208+0000] {logging_mixin.py:190} INFO - [2025-07-21T13:24:47.208+0000] {dag.py:3239} INFO - Sync 1 DAGs
[2025-07-21T13:24:47.228+0000] {logging_mixin.py:190} INFO - [2025-07-21T13:24:47.228+0000] {dag.py:4180} INFO - Setting next_dagrun for train_power_pred to 2025-07-21 00:00:00+00:00, run_after=2025-07-22 00:00:00+00:00
[2025-07-21T13:24:47.247+0000] {processor.py:208} INFO - Processing /opt/airflow/dags/train_power_pred.py took 3.355 seconds
[2025-07-21T13:25:18.941+0000] {processor.py:186} INFO - Started process (PID=12610) to work on /opt/airflow/dags/train_power_pred.py
[2025-07-21T13:25:18.942+0000] {processor.py:914} INFO - Processing file /opt/airflow/dags/train_power_pred.py for tasks to queue
[2025-07-21T13:25:18.945+0000] {logging_mixin.py:190} INFO - [2025-07-21T13:25:18.945+0000] {dagbag.py:588} INFO - Filling up the DagBag from /opt/airflow/dags/train_power_pred.py
[2025-07-21T13:25:22.118+0000] {processor.py:925} INFO - DAG(s) 'train_power_pred' retrieved from /opt/airflow/dags/train_power_pred.py
[2025-07-21T13:25:22.136+0000] {logging_mixin.py:190} INFO - [2025-07-21T13:25:22.135+0000] {dag.py:3239} INFO - Sync 1 DAGs
[2025-07-21T13:25:22.358+0000] {logging_mixin.py:190} INFO - [2025-07-21T13:25:22.358+0000] {dag.py:4180} INFO - Setting next_dagrun for train_power_pred to 2025-07-21 00:00:00+00:00, run_after=2025-07-22 00:00:00+00:00
[2025-07-21T13:25:22.371+0000] {processor.py:208} INFO - Processing /opt/airflow/dags/train_power_pred.py took 3.435 seconds
[2025-07-21T13:25:53.906+0000] {processor.py:186} INFO - Started process (PID=12709) to work on /opt/airflow/dags/train_power_pred.py
[2025-07-21T13:25:53.907+0000] {processor.py:914} INFO - Processing file /opt/airflow/dags/train_power_pred.py for tasks to queue
[2025-07-21T13:25:53.909+0000] {logging_mixin.py:190} INFO - [2025-07-21T13:25:53.909+0000] {dagbag.py:588} INFO - Filling up the DagBag from /opt/airflow/dags/train_power_pred.py
[2025-07-21T13:25:57.060+0000] {processor.py:925} INFO - DAG(s) 'train_power_pred' retrieved from /opt/airflow/dags/train_power_pred.py
[2025-07-21T13:25:57.078+0000] {logging_mixin.py:190} INFO - [2025-07-21T13:25:57.078+0000] {dag.py:3239} INFO - Sync 1 DAGs
[2025-07-21T13:25:57.095+0000] {logging_mixin.py:190} INFO - [2025-07-21T13:25:57.094+0000] {dag.py:4180} INFO - Setting next_dagrun for train_power_pred to 2025-07-21 00:00:00+00:00, run_after=2025-07-22 00:00:00+00:00
[2025-07-21T13:25:57.382+0000] {processor.py:208} INFO - Processing /opt/airflow/dags/train_power_pred.py took 3.482 seconds
[2025-07-21T13:26:29.247+0000] {processor.py:186} INFO - Started process (PID=12813) to work on /opt/airflow/dags/train_power_pred.py
[2025-07-21T13:26:29.249+0000] {processor.py:914} INFO - Processing file /opt/airflow/dags/train_power_pred.py for tasks to queue
[2025-07-21T13:26:29.251+0000] {logging_mixin.py:190} INFO - [2025-07-21T13:26:29.251+0000] {dagbag.py:588} INFO - Filling up the DagBag from /opt/airflow/dags/train_power_pred.py
[2025-07-21T13:26:32.658+0000] {processor.py:925} INFO - DAG(s) 'train_power_pred' retrieved from /opt/airflow/dags/train_power_pred.py
[2025-07-21T13:26:32.678+0000] {logging_mixin.py:190} INFO - [2025-07-21T13:26:32.677+0000] {dag.py:3239} INFO - Sync 1 DAGs
[2025-07-21T13:26:32.696+0000] {logging_mixin.py:190} INFO - [2025-07-21T13:26:32.696+0000] {dag.py:4180} INFO - Setting next_dagrun for train_power_pred to 2025-07-21 00:00:00+00:00, run_after=2025-07-22 00:00:00+00:00
[2025-07-21T13:26:32.712+0000] {processor.py:208} INFO - Processing /opt/airflow/dags/train_power_pred.py took 3.471 seconds
[2025-07-21T13:27:03.783+0000] {processor.py:186} INFO - Started process (PID=12911) to work on /opt/airflow/dags/train_power_pred.py
[2025-07-21T13:27:03.784+0000] {processor.py:914} INFO - Processing file /opt/airflow/dags/train_power_pred.py for tasks to queue
[2025-07-21T13:27:03.786+0000] {logging_mixin.py:190} INFO - [2025-07-21T13:27:03.785+0000] {dagbag.py:588} INFO - Filling up the DagBag from /opt/airflow/dags/train_power_pred.py
[2025-07-21T13:27:06.976+0000] {processor.py:925} INFO - DAG(s) 'train_power_pred' retrieved from /opt/airflow/dags/train_power_pred.py
[2025-07-21T13:27:06.996+0000] {logging_mixin.py:190} INFO - [2025-07-21T13:27:06.995+0000] {dag.py:3239} INFO - Sync 1 DAGs
[2025-07-21T13:27:07.015+0000] {logging_mixin.py:190} INFO - [2025-07-21T13:27:07.014+0000] {dag.py:4180} INFO - Setting next_dagrun for train_power_pred to 2025-07-21 00:00:00+00:00, run_after=2025-07-22 00:00:00+00:00
[2025-07-21T13:27:07.030+0000] {processor.py:208} INFO - Processing /opt/airflow/dags/train_power_pred.py took 3.253 seconds
[2025-07-21T13:27:39.071+0000] {processor.py:186} INFO - Started process (PID=13009) to work on /opt/airflow/dags/train_power_pred.py
[2025-07-21T13:27:39.072+0000] {processor.py:914} INFO - Processing file /opt/airflow/dags/train_power_pred.py for tasks to queue
[2025-07-21T13:27:39.075+0000] {logging_mixin.py:190} INFO - [2025-07-21T13:27:39.074+0000] {dagbag.py:588} INFO - Filling up the DagBag from /opt/airflow/dags/train_power_pred.py
[2025-07-21T13:27:42.200+0000] {processor.py:925} INFO - DAG(s) 'train_power_pred' retrieved from /opt/airflow/dags/train_power_pred.py
[2025-07-21T13:27:42.444+0000] {logging_mixin.py:190} INFO - [2025-07-21T13:27:42.443+0000] {dag.py:3239} INFO - Sync 1 DAGs
[2025-07-21T13:27:42.460+0000] {logging_mixin.py:190} INFO - [2025-07-21T13:27:42.460+0000] {dag.py:4180} INFO - Setting next_dagrun for train_power_pred to 2025-07-21 00:00:00+00:00, run_after=2025-07-22 00:00:00+00:00
[2025-07-21T13:27:42.474+0000] {processor.py:208} INFO - Processing /opt/airflow/dags/train_power_pred.py took 3.411 seconds
[2025-07-21T13:28:14.421+0000] {processor.py:186} INFO - Started process (PID=13107) to work on /opt/airflow/dags/train_power_pred.py
[2025-07-21T13:28:14.422+0000] {processor.py:914} INFO - Processing file /opt/airflow/dags/train_power_pred.py for tasks to queue
[2025-07-21T13:28:14.425+0000] {logging_mixin.py:190} INFO - [2025-07-21T13:28:14.424+0000] {dagbag.py:588} INFO - Filling up the DagBag from /opt/airflow/dags/train_power_pred.py
[2025-07-21T13:28:17.823+0000] {processor.py:925} INFO - DAG(s) 'train_power_pred' retrieved from /opt/airflow/dags/train_power_pred.py
[2025-07-21T13:28:17.843+0000] {logging_mixin.py:190} INFO - [2025-07-21T13:28:17.843+0000] {dag.py:3239} INFO - Sync 1 DAGs
[2025-07-21T13:28:18.068+0000] {logging_mixin.py:190} INFO - [2025-07-21T13:28:18.068+0000] {dag.py:4180} INFO - Setting next_dagrun for train_power_pred to 2025-07-21 00:00:00+00:00, run_after=2025-07-22 00:00:00+00:00
[2025-07-21T13:28:18.081+0000] {processor.py:208} INFO - Processing /opt/airflow/dags/train_power_pred.py took 3.667 seconds
[2025-07-21T13:28:49.697+0000] {processor.py:186} INFO - Started process (PID=13206) to work on /opt/airflow/dags/train_power_pred.py
[2025-07-21T13:28:49.698+0000] {processor.py:914} INFO - Processing file /opt/airflow/dags/train_power_pred.py for tasks to queue
[2025-07-21T13:28:49.700+0000] {logging_mixin.py:190} INFO - [2025-07-21T13:28:49.700+0000] {dagbag.py:588} INFO - Filling up the DagBag from /opt/airflow/dags/train_power_pred.py
[2025-07-21T13:28:52.863+0000] {processor.py:925} INFO - DAG(s) 'train_power_pred' retrieved from /opt/airflow/dags/train_power_pred.py
[2025-07-21T13:28:52.882+0000] {logging_mixin.py:190} INFO - [2025-07-21T13:28:52.882+0000] {dag.py:3239} INFO - Sync 1 DAGs
[2025-07-21T13:28:52.898+0000] {logging_mixin.py:190} INFO - [2025-07-21T13:28:52.897+0000] {dag.py:4180} INFO - Setting next_dagrun for train_power_pred to 2025-07-21 00:00:00+00:00, run_after=2025-07-22 00:00:00+00:00
[2025-07-21T13:28:52.914+0000] {processor.py:208} INFO - Processing /opt/airflow/dags/train_power_pred.py took 3.223 seconds
[2025-07-21T13:29:25.073+0000] {processor.py:186} INFO - Started process (PID=13306) to work on /opt/airflow/dags/train_power_pred.py
[2025-07-21T13:29:25.075+0000] {processor.py:914} INFO - Processing file /opt/airflow/dags/train_power_pred.py for tasks to queue
[2025-07-21T13:29:25.077+0000] {logging_mixin.py:190} INFO - [2025-07-21T13:29:25.077+0000] {dagbag.py:588} INFO - Filling up the DagBag from /opt/airflow/dags/train_power_pred.py
[2025-07-21T13:29:28.351+0000] {processor.py:925} INFO - DAG(s) 'train_power_pred' retrieved from /opt/airflow/dags/train_power_pred.py
[2025-07-21T13:29:28.373+0000] {logging_mixin.py:190} INFO - [2025-07-21T13:29:28.372+0000] {dag.py:3239} INFO - Sync 1 DAGs
[2025-07-21T13:29:28.605+0000] {logging_mixin.py:190} INFO - [2025-07-21T13:29:28.605+0000] {dag.py:4180} INFO - Setting next_dagrun for train_power_pred to 2025-07-21 00:00:00+00:00, run_after=2025-07-22 00:00:00+00:00
[2025-07-21T13:29:28.619+0000] {processor.py:208} INFO - Processing /opt/airflow/dags/train_power_pred.py took 3.552 seconds
[2025-07-21T13:29:59.522+0000] {processor.py:186} INFO - Started process (PID=13407) to work on /opt/airflow/dags/train_power_pred.py
[2025-07-21T13:29:59.523+0000] {processor.py:914} INFO - Processing file /opt/airflow/dags/train_power_pred.py for tasks to queue
[2025-07-21T13:29:59.525+0000] {logging_mixin.py:190} INFO - [2025-07-21T13:29:59.525+0000] {dagbag.py:588} INFO - Filling up the DagBag from /opt/airflow/dags/train_power_pred.py
[2025-07-21T13:30:02.827+0000] {processor.py:925} INFO - DAG(s) 'train_power_pred' retrieved from /opt/airflow/dags/train_power_pred.py
[2025-07-21T13:30:02.847+0000] {logging_mixin.py:190} INFO - [2025-07-21T13:30:02.847+0000] {dag.py:3239} INFO - Sync 1 DAGs
[2025-07-21T13:30:02.865+0000] {logging_mixin.py:190} INFO - [2025-07-21T13:30:02.865+0000] {dag.py:4180} INFO - Setting next_dagrun for train_power_pred to 2025-07-21 00:00:00+00:00, run_after=2025-07-22 00:00:00+00:00
[2025-07-21T13:30:02.881+0000] {processor.py:208} INFO - Processing /opt/airflow/dags/train_power_pred.py took 3.364 seconds
[2025-07-21T13:30:34.922+0000] {processor.py:186} INFO - Started process (PID=13508) to work on /opt/airflow/dags/train_power_pred.py
[2025-07-21T13:30:34.923+0000] {processor.py:914} INFO - Processing file /opt/airflow/dags/train_power_pred.py for tasks to queue
[2025-07-21T13:30:34.926+0000] {logging_mixin.py:190} INFO - [2025-07-21T13:30:34.925+0000] {dagbag.py:588} INFO - Filling up the DagBag from /opt/airflow/dags/train_power_pred.py
[2025-07-21T13:30:38.194+0000] {processor.py:925} INFO - DAG(s) 'train_power_pred' retrieved from /opt/airflow/dags/train_power_pred.py
[2025-07-21T13:30:38.429+0000] {logging_mixin.py:190} INFO - [2025-07-21T13:30:38.428+0000] {dag.py:3239} INFO - Sync 1 DAGs
[2025-07-21T13:30:38.449+0000] {logging_mixin.py:190} INFO - [2025-07-21T13:30:38.448+0000] {dag.py:4180} INFO - Setting next_dagrun for train_power_pred to 2025-07-21 00:00:00+00:00, run_after=2025-07-22 00:00:00+00:00
[2025-07-21T13:30:38.465+0000] {processor.py:208} INFO - Processing /opt/airflow/dags/train_power_pred.py took 3.550 seconds
[2025-07-21T13:31:10.360+0000] {processor.py:186} INFO - Started process (PID=13606) to work on /opt/airflow/dags/train_power_pred.py
[2025-07-21T13:31:10.361+0000] {processor.py:914} INFO - Processing file /opt/airflow/dags/train_power_pred.py for tasks to queue
[2025-07-21T13:31:10.363+0000] {logging_mixin.py:190} INFO - [2025-07-21T13:31:10.363+0000] {dagbag.py:588} INFO - Filling up the DagBag from /opt/airflow/dags/train_power_pred.py
[2025-07-21T13:31:13.686+0000] {processor.py:925} INFO - DAG(s) 'train_power_pred' retrieved from /opt/airflow/dags/train_power_pred.py
[2025-07-21T13:31:13.706+0000] {logging_mixin.py:190} INFO - [2025-07-21T13:31:13.706+0000] {dag.py:3239} INFO - Sync 1 DAGs
[2025-07-21T13:31:13.724+0000] {logging_mixin.py:190} INFO - [2025-07-21T13:31:13.724+0000] {dag.py:4180} INFO - Setting next_dagrun for train_power_pred to 2025-07-21 00:00:00+00:00, run_after=2025-07-22 00:00:00+00:00
[2025-07-21T13:31:13.945+0000] {processor.py:208} INFO - Processing /opt/airflow/dags/train_power_pred.py took 3.592 seconds
[2025-07-21T13:31:45.101+0000] {processor.py:186} INFO - Started process (PID=13704) to work on /opt/airflow/dags/train_power_pred.py
[2025-07-21T13:31:45.102+0000] {processor.py:914} INFO - Processing file /opt/airflow/dags/train_power_pred.py for tasks to queue
[2025-07-21T13:31:45.104+0000] {logging_mixin.py:190} INFO - [2025-07-21T13:31:45.104+0000] {dagbag.py:588} INFO - Filling up the DagBag from /opt/airflow/dags/train_power_pred.py
[2025-07-21T13:31:48.593+0000] {processor.py:925} INFO - DAG(s) 'train_power_pred' retrieved from /opt/airflow/dags/train_power_pred.py
[2025-07-21T13:31:48.613+0000] {logging_mixin.py:190} INFO - [2025-07-21T13:31:48.613+0000] {dag.py:3239} INFO - Sync 1 DAGs
[2025-07-21T13:31:48.631+0000] {logging_mixin.py:190} INFO - [2025-07-21T13:31:48.630+0000] {dag.py:4180} INFO - Setting next_dagrun for train_power_pred to 2025-07-21 00:00:00+00:00, run_after=2025-07-22 00:00:00+00:00
[2025-07-21T13:31:48.645+0000] {processor.py:208} INFO - Processing /opt/airflow/dags/train_power_pred.py took 3.551 seconds
[2025-07-21T13:32:19.897+0000] {processor.py:186} INFO - Started process (PID=13802) to work on /opt/airflow/dags/train_power_pred.py
[2025-07-21T13:32:19.898+0000] {processor.py:914} INFO - Processing file /opt/airflow/dags/train_power_pred.py for tasks to queue
[2025-07-21T13:32:19.901+0000] {logging_mixin.py:190} INFO - [2025-07-21T13:32:19.901+0000] {dagbag.py:588} INFO - Filling up the DagBag from /opt/airflow/dags/train_power_pred.py
[2025-07-21T13:32:23.316+0000] {processor.py:925} INFO - DAG(s) 'train_power_pred' retrieved from /opt/airflow/dags/train_power_pred.py
[2025-07-21T13:32:23.334+0000] {logging_mixin.py:190} INFO - [2025-07-21T13:32:23.334+0000] {dag.py:3239} INFO - Sync 1 DAGs
[2025-07-21T13:32:23.352+0000] {logging_mixin.py:190} INFO - [2025-07-21T13:32:23.351+0000] {dag.py:4180} INFO - Setting next_dagrun for train_power_pred to 2025-07-21 00:00:00+00:00, run_after=2025-07-22 00:00:00+00:00
[2025-07-21T13:32:23.367+0000] {processor.py:208} INFO - Processing /opt/airflow/dags/train_power_pred.py took 3.476 seconds
[2025-07-21T13:32:54.535+0000] {processor.py:186} INFO - Started process (PID=13897) to work on /opt/airflow/dags/train_power_pred.py
[2025-07-21T13:32:54.536+0000] {processor.py:914} INFO - Processing file /opt/airflow/dags/train_power_pred.py for tasks to queue
[2025-07-21T13:32:54.538+0000] {logging_mixin.py:190} INFO - [2025-07-21T13:32:54.538+0000] {dagbag.py:588} INFO - Filling up the DagBag from /opt/airflow/dags/train_power_pred.py
[2025-07-21T13:32:57.778+0000] {processor.py:925} INFO - DAG(s) 'train_power_pred' retrieved from /opt/airflow/dags/train_power_pred.py
[2025-07-21T13:32:58.012+0000] {logging_mixin.py:190} INFO - [2025-07-21T13:32:58.011+0000] {dag.py:3239} INFO - Sync 1 DAGs
[2025-07-21T13:32:58.027+0000] {logging_mixin.py:190} INFO - [2025-07-21T13:32:58.026+0000] {dag.py:4180} INFO - Setting next_dagrun for train_power_pred to 2025-07-21 00:00:00+00:00, run_after=2025-07-22 00:00:00+00:00
[2025-07-21T13:32:58.040+0000] {processor.py:208} INFO - Processing /opt/airflow/dags/train_power_pred.py took 3.511 seconds
[2025-07-21T13:33:29.342+0000] {processor.py:186} INFO - Started process (PID=14002) to work on /opt/airflow/dags/train_power_pred.py
[2025-07-21T13:33:29.344+0000] {processor.py:914} INFO - Processing file /opt/airflow/dags/train_power_pred.py for tasks to queue
[2025-07-21T13:33:29.348+0000] {logging_mixin.py:190} INFO - [2025-07-21T13:33:29.347+0000] {dagbag.py:588} INFO - Filling up the DagBag from /opt/airflow/dags/train_power_pred.py
[2025-07-21T13:33:32.864+0000] {processor.py:925} INFO - DAG(s) 'train_power_pred' retrieved from /opt/airflow/dags/train_power_pred.py
[2025-07-21T13:33:32.886+0000] {logging_mixin.py:190} INFO - [2025-07-21T13:33:32.886+0000] {dag.py:3239} INFO - Sync 1 DAGs
[2025-07-21T13:33:32.905+0000] {logging_mixin.py:190} INFO - [2025-07-21T13:33:32.905+0000] {dag.py:4180} INFO - Setting next_dagrun for train_power_pred to 2025-07-21 00:00:00+00:00, run_after=2025-07-22 00:00:00+00:00
[2025-07-21T13:33:32.919+0000] {processor.py:208} INFO - Processing /opt/airflow/dags/train_power_pred.py took 3.591 seconds
[2025-07-21T13:34:04.391+0000] {processor.py:186} INFO - Started process (PID=14099) to work on /opt/airflow/dags/train_power_pred.py
[2025-07-21T13:34:04.392+0000] {processor.py:914} INFO - Processing file /opt/airflow/dags/train_power_pred.py for tasks to queue
[2025-07-21T13:34:04.394+0000] {logging_mixin.py:190} INFO - [2025-07-21T13:34:04.394+0000] {dagbag.py:588} INFO - Filling up the DagBag from /opt/airflow/dags/train_power_pred.py
[2025-07-21T13:34:07.811+0000] {processor.py:925} INFO - DAG(s) 'train_power_pred' retrieved from /opt/airflow/dags/train_power_pred.py
[2025-07-21T13:34:07.831+0000] {logging_mixin.py:190} INFO - [2025-07-21T13:34:07.830+0000] {dag.py:3239} INFO - Sync 1 DAGs
[2025-07-21T13:34:07.848+0000] {logging_mixin.py:190} INFO - [2025-07-21T13:34:07.848+0000] {dag.py:4180} INFO - Setting next_dagrun for train_power_pred to 2025-07-21 00:00:00+00:00, run_after=2025-07-22 00:00:00+00:00
[2025-07-21T13:34:07.864+0000] {processor.py:208} INFO - Processing /opt/airflow/dags/train_power_pred.py took 3.479 seconds
[2025-07-21T13:34:39.065+0000] {processor.py:186} INFO - Started process (PID=14197) to work on /opt/airflow/dags/train_power_pred.py
[2025-07-21T13:34:39.066+0000] {processor.py:914} INFO - Processing file /opt/airflow/dags/train_power_pred.py for tasks to queue
[2025-07-21T13:34:39.068+0000] {logging_mixin.py:190} INFO - [2025-07-21T13:34:39.068+0000] {dagbag.py:588} INFO - Filling up the DagBag from /opt/airflow/dags/train_power_pred.py
[2025-07-21T13:34:42.483+0000] {processor.py:925} INFO - DAG(s) 'train_power_pred' retrieved from /opt/airflow/dags/train_power_pred.py
[2025-07-21T13:34:42.501+0000] {logging_mixin.py:190} INFO - [2025-07-21T13:34:42.500+0000] {dag.py:3239} INFO - Sync 1 DAGs
[2025-07-21T13:34:42.517+0000] {logging_mixin.py:190} INFO - [2025-07-21T13:34:42.516+0000] {dag.py:4180} INFO - Setting next_dagrun for train_power_pred to 2025-07-21 00:00:00+00:00, run_after=2025-07-22 00:00:00+00:00
[2025-07-21T13:34:42.530+0000] {processor.py:208} INFO - Processing /opt/airflow/dags/train_power_pred.py took 3.472 seconds
[2025-07-21T13:35:13.655+0000] {processor.py:186} INFO - Started process (PID=14295) to work on /opt/airflow/dags/train_power_pred.py
[2025-07-21T13:35:13.656+0000] {processor.py:914} INFO - Processing file /opt/airflow/dags/train_power_pred.py for tasks to queue
[2025-07-21T13:35:13.658+0000] {logging_mixin.py:190} INFO - [2025-07-21T13:35:13.658+0000] {dagbag.py:588} INFO - Filling up the DagBag from /opt/airflow/dags/train_power_pred.py
[2025-07-21T13:35:17.194+0000] {processor.py:925} INFO - DAG(s) 'train_power_pred' retrieved from /opt/airflow/dags/train_power_pred.py
[2025-07-21T13:35:17.214+0000] {logging_mixin.py:190} INFO - [2025-07-21T13:35:17.213+0000] {dag.py:3239} INFO - Sync 1 DAGs
[2025-07-21T13:35:17.231+0000] {logging_mixin.py:190} INFO - [2025-07-21T13:35:17.231+0000] {dag.py:4180} INFO - Setting next_dagrun for train_power_pred to 2025-07-21 00:00:00+00:00, run_after=2025-07-22 00:00:00+00:00
[2025-07-21T13:35:17.247+0000] {processor.py:208} INFO - Processing /opt/airflow/dags/train_power_pred.py took 3.598 seconds
[2025-07-21T13:35:48.656+0000] {processor.py:186} INFO - Started process (PID=14393) to work on /opt/airflow/dags/train_power_pred.py
[2025-07-21T13:35:48.657+0000] {processor.py:914} INFO - Processing file /opt/airflow/dags/train_power_pred.py for tasks to queue
[2025-07-21T13:35:48.659+0000] {logging_mixin.py:190} INFO - [2025-07-21T13:35:48.659+0000] {dagbag.py:588} INFO - Filling up the DagBag from /opt/airflow/dags/train_power_pred.py
[2025-07-21T13:35:52.145+0000] {processor.py:925} INFO - DAG(s) 'train_power_pred' retrieved from /opt/airflow/dags/train_power_pred.py
[2025-07-21T13:35:52.164+0000] {logging_mixin.py:190} INFO - [2025-07-21T13:35:52.162+0000] {dag.py:3239} INFO - Sync 1 DAGs
[2025-07-21T13:35:52.181+0000] {logging_mixin.py:190} INFO - [2025-07-21T13:35:52.181+0000] {dag.py:4180} INFO - Setting next_dagrun for train_power_pred to 2025-07-21 00:00:00+00:00, run_after=2025-07-22 00:00:00+00:00
[2025-07-21T13:35:52.195+0000] {processor.py:208} INFO - Processing /opt/airflow/dags/train_power_pred.py took 3.545 seconds
[2025-07-21T13:36:23.868+0000] {processor.py:186} INFO - Started process (PID=14492) to work on /opt/airflow/dags/train_power_pred.py
[2025-07-21T13:36:23.869+0000] {processor.py:914} INFO - Processing file /opt/airflow/dags/train_power_pred.py for tasks to queue
[2025-07-21T13:36:23.872+0000] {logging_mixin.py:190} INFO - [2025-07-21T13:36:23.872+0000] {dagbag.py:588} INFO - Filling up the DagBag from /opt/airflow/dags/train_power_pred.py
[2025-07-21T13:36:27.396+0000] {processor.py:925} INFO - DAG(s) 'train_power_pred' retrieved from /opt/airflow/dags/train_power_pred.py
[2025-07-21T13:36:27.418+0000] {logging_mixin.py:190} INFO - [2025-07-21T13:36:27.418+0000] {dag.py:3239} INFO - Sync 1 DAGs
[2025-07-21T13:36:27.436+0000] {logging_mixin.py:190} INFO - [2025-07-21T13:36:27.436+0000] {dag.py:4180} INFO - Setting next_dagrun for train_power_pred to 2025-07-21 00:00:00+00:00, run_after=2025-07-22 00:00:00+00:00
[2025-07-21T13:36:27.451+0000] {processor.py:208} INFO - Processing /opt/airflow/dags/train_power_pred.py took 3.592 seconds
[2025-07-21T13:36:58.928+0000] {processor.py:186} INFO - Started process (PID=14595) to work on /opt/airflow/dags/train_power_pred.py
[2025-07-21T13:36:58.929+0000] {processor.py:914} INFO - Processing file /opt/airflow/dags/train_power_pred.py for tasks to queue
[2025-07-21T13:36:58.932+0000] {logging_mixin.py:190} INFO - [2025-07-21T13:36:58.931+0000] {dagbag.py:588} INFO - Filling up the DagBag from /opt/airflow/dags/train_power_pred.py
[2025-07-21T13:37:02.286+0000] {processor.py:925} INFO - DAG(s) 'train_power_pred' retrieved from /opt/airflow/dags/train_power_pred.py
[2025-07-21T13:37:02.308+0000] {logging_mixin.py:190} INFO - [2025-07-21T13:37:02.307+0000] {dag.py:3239} INFO - Sync 1 DAGs
[2025-07-21T13:37:02.326+0000] {logging_mixin.py:190} INFO - [2025-07-21T13:37:02.326+0000] {dag.py:4180} INFO - Setting next_dagrun for train_power_pred to 2025-07-21 00:00:00+00:00, run_after=2025-07-22 00:00:00+00:00
[2025-07-21T13:37:02.339+0000] {processor.py:208} INFO - Processing /opt/airflow/dags/train_power_pred.py took 3.417 seconds
[2025-07-21T13:37:34.312+0000] {processor.py:186} INFO - Started process (PID=14696) to work on /opt/airflow/dags/train_power_pred.py
[2025-07-21T13:37:34.313+0000] {processor.py:914} INFO - Processing file /opt/airflow/dags/train_power_pred.py for tasks to queue
[2025-07-21T13:37:34.315+0000] {logging_mixin.py:190} INFO - [2025-07-21T13:37:34.315+0000] {dagbag.py:588} INFO - Filling up the DagBag from /opt/airflow/dags/train_power_pred.py
[2025-07-21T13:37:37.795+0000] {processor.py:925} INFO - DAG(s) 'train_power_pred' retrieved from /opt/airflow/dags/train_power_pred.py
[2025-07-21T13:37:37.816+0000] {logging_mixin.py:190} INFO - [2025-07-21T13:37:37.815+0000] {dag.py:3239} INFO - Sync 1 DAGs
[2025-07-21T13:37:37.835+0000] {logging_mixin.py:190} INFO - [2025-07-21T13:37:37.834+0000] {dag.py:4180} INFO - Setting next_dagrun for train_power_pred to 2025-07-21 00:00:00+00:00, run_after=2025-07-22 00:00:00+00:00
[2025-07-21T13:37:37.850+0000] {processor.py:208} INFO - Processing /opt/airflow/dags/train_power_pred.py took 3.544 seconds
[2025-07-21T13:38:08.927+0000] {processor.py:186} INFO - Started process (PID=14791) to work on /opt/airflow/dags/train_power_pred.py
[2025-07-21T13:38:08.928+0000] {processor.py:914} INFO - Processing file /opt/airflow/dags/train_power_pred.py for tasks to queue
[2025-07-21T13:38:08.930+0000] {logging_mixin.py:190} INFO - [2025-07-21T13:38:08.930+0000] {dagbag.py:588} INFO - Filling up the DagBag from /opt/airflow/dags/train_power_pred.py
[2025-07-21T13:38:12.357+0000] {processor.py:925} INFO - DAG(s) 'train_power_pred' retrieved from /opt/airflow/dags/train_power_pred.py
[2025-07-21T13:38:12.381+0000] {logging_mixin.py:190} INFO - [2025-07-21T13:38:12.381+0000] {dag.py:3239} INFO - Sync 1 DAGs
[2025-07-21T13:38:12.398+0000] {logging_mixin.py:190} INFO - [2025-07-21T13:38:12.398+0000] {dag.py:4180} INFO - Setting next_dagrun for train_power_pred to 2025-07-21 00:00:00+00:00, run_after=2025-07-22 00:00:00+00:00
[2025-07-21T13:38:12.414+0000] {processor.py:208} INFO - Processing /opt/airflow/dags/train_power_pred.py took 3.495 seconds
[2025-07-21T13:38:44.187+0000] {processor.py:186} INFO - Started process (PID=14892) to work on /opt/airflow/dags/train_power_pred.py
[2025-07-21T13:38:44.188+0000] {processor.py:914} INFO - Processing file /opt/airflow/dags/train_power_pred.py for tasks to queue
[2025-07-21T13:38:44.195+0000] {logging_mixin.py:190} INFO - [2025-07-21T13:38:44.195+0000] {dagbag.py:588} INFO - Filling up the DagBag from /opt/airflow/dags/train_power_pred.py
[2025-07-21T13:38:47.787+0000] {processor.py:925} INFO - DAG(s) 'train_power_pred' retrieved from /opt/airflow/dags/train_power_pred.py
[2025-07-21T13:38:47.806+0000] {logging_mixin.py:190} INFO - [2025-07-21T13:38:47.806+0000] {dag.py:3239} INFO - Sync 1 DAGs
[2025-07-21T13:38:47.823+0000] {logging_mixin.py:190} INFO - [2025-07-21T13:38:47.823+0000] {dag.py:4180} INFO - Setting next_dagrun for train_power_pred to 2025-07-21 00:00:00+00:00, run_after=2025-07-22 00:00:00+00:00
[2025-07-21T13:38:47.836+0000] {processor.py:208} INFO - Processing /opt/airflow/dags/train_power_pred.py took 3.659 seconds
[2025-07-21T13:39:19.231+0000] {processor.py:186} INFO - Started process (PID=14987) to work on /opt/airflow/dags/train_power_pred.py
[2025-07-21T13:39:19.232+0000] {processor.py:914} INFO - Processing file /opt/airflow/dags/train_power_pred.py for tasks to queue
[2025-07-21T13:39:19.234+0000] {logging_mixin.py:190} INFO - [2025-07-21T13:39:19.234+0000] {dagbag.py:588} INFO - Filling up the DagBag from /opt/airflow/dags/train_power_pred.py
[2025-07-21T13:39:22.605+0000] {processor.py:925} INFO - DAG(s) 'train_power_pred' retrieved from /opt/airflow/dags/train_power_pred.py
[2025-07-21T13:39:22.626+0000] {logging_mixin.py:190} INFO - [2025-07-21T13:39:22.625+0000] {dag.py:3239} INFO - Sync 1 DAGs
[2025-07-21T13:39:22.642+0000] {logging_mixin.py:190} INFO - [2025-07-21T13:39:22.642+0000] {dag.py:4180} INFO - Setting next_dagrun for train_power_pred to 2025-07-21 00:00:00+00:00, run_after=2025-07-22 00:00:00+00:00
[2025-07-21T13:39:22.656+0000] {processor.py:208} INFO - Processing /opt/airflow/dags/train_power_pred.py took 3.431 seconds
[2025-07-21T13:39:53.758+0000] {processor.py:186} INFO - Started process (PID=15085) to work on /opt/airflow/dags/train_power_pred.py
[2025-07-21T13:39:53.759+0000] {processor.py:914} INFO - Processing file /opt/airflow/dags/train_power_pred.py for tasks to queue
[2025-07-21T13:39:53.761+0000] {logging_mixin.py:190} INFO - [2025-07-21T13:39:53.761+0000] {dagbag.py:588} INFO - Filling up the DagBag from /opt/airflow/dags/train_power_pred.py
[2025-07-21T13:39:57.143+0000] {processor.py:925} INFO - DAG(s) 'train_power_pred' retrieved from /opt/airflow/dags/train_power_pred.py
[2025-07-21T13:39:57.161+0000] {logging_mixin.py:190} INFO - [2025-07-21T13:39:57.161+0000] {dag.py:3239} INFO - Sync 1 DAGs
[2025-07-21T13:39:57.179+0000] {logging_mixin.py:190} INFO - [2025-07-21T13:39:57.179+0000] {dag.py:4180} INFO - Setting next_dagrun for train_power_pred to 2025-07-21 00:00:00+00:00, run_after=2025-07-22 00:00:00+00:00
[2025-07-21T13:39:57.192+0000] {processor.py:208} INFO - Processing /opt/airflow/dags/train_power_pred.py took 3.440 seconds
[2025-07-21T13:40:28.405+0000] {processor.py:186} INFO - Started process (PID=15189) to work on /opt/airflow/dags/train_power_pred.py
[2025-07-21T13:40:28.407+0000] {processor.py:914} INFO - Processing file /opt/airflow/dags/train_power_pred.py for tasks to queue
[2025-07-21T13:40:28.409+0000] {logging_mixin.py:190} INFO - [2025-07-21T13:40:28.408+0000] {dagbag.py:588} INFO - Filling up the DagBag from /opt/airflow/dags/train_power_pred.py
[2025-07-21T13:40:31.783+0000] {processor.py:925} INFO - DAG(s) 'train_power_pred' retrieved from /opt/airflow/dags/train_power_pred.py
[2025-07-21T13:40:31.802+0000] {logging_mixin.py:190} INFO - [2025-07-21T13:40:31.802+0000] {dag.py:3239} INFO - Sync 1 DAGs
[2025-07-21T13:40:31.818+0000] {logging_mixin.py:190} INFO - [2025-07-21T13:40:31.818+0000] {dag.py:4180} INFO - Setting next_dagrun for train_power_pred to 2025-07-21 00:00:00+00:00, run_after=2025-07-22 00:00:00+00:00
[2025-07-21T13:40:31.832+0000] {processor.py:208} INFO - Processing /opt/airflow/dags/train_power_pred.py took 3.432 seconds
[2025-07-21T13:41:03.697+0000] {processor.py:186} INFO - Started process (PID=15287) to work on /opt/airflow/dags/train_power_pred.py
[2025-07-21T13:41:03.699+0000] {processor.py:914} INFO - Processing file /opt/airflow/dags/train_power_pred.py for tasks to queue
[2025-07-21T13:41:03.702+0000] {logging_mixin.py:190} INFO - [2025-07-21T13:41:03.702+0000] {dagbag.py:588} INFO - Filling up the DagBag from /opt/airflow/dags/train_power_pred.py
[2025-07-21T13:41:07.124+0000] {processor.py:925} INFO - DAG(s) 'train_power_pred' retrieved from /opt/airflow/dags/train_power_pred.py
[2025-07-21T13:41:07.144+0000] {logging_mixin.py:190} INFO - [2025-07-21T13:41:07.144+0000] {dag.py:3239} INFO - Sync 1 DAGs
[2025-07-21T13:41:07.161+0000] {logging_mixin.py:190} INFO - [2025-07-21T13:41:07.161+0000] {dag.py:4180} INFO - Setting next_dagrun for train_power_pred to 2025-07-21 00:00:00+00:00, run_after=2025-07-22 00:00:00+00:00
[2025-07-21T13:41:07.173+0000] {processor.py:208} INFO - Processing /opt/airflow/dags/train_power_pred.py took 3.484 seconds
[2025-07-21T13:41:38.543+0000] {processor.py:186} INFO - Started process (PID=15384) to work on /opt/airflow/dags/train_power_pred.py
[2025-07-21T13:41:38.544+0000] {processor.py:914} INFO - Processing file /opt/airflow/dags/train_power_pred.py for tasks to queue
[2025-07-21T13:41:38.546+0000] {logging_mixin.py:190} INFO - [2025-07-21T13:41:38.546+0000] {dagbag.py:588} INFO - Filling up the DagBag from /opt/airflow/dags/train_power_pred.py
[2025-07-21T13:41:41.970+0000] {processor.py:925} INFO - DAG(s) 'train_power_pred' retrieved from /opt/airflow/dags/train_power_pred.py
[2025-07-21T13:41:41.990+0000] {logging_mixin.py:190} INFO - [2025-07-21T13:41:41.989+0000] {dag.py:3239} INFO - Sync 1 DAGs
[2025-07-21T13:41:42.005+0000] {logging_mixin.py:190} INFO - [2025-07-21T13:41:42.005+0000] {dag.py:4180} INFO - Setting next_dagrun for train_power_pred to 2025-07-21 00:00:00+00:00, run_after=2025-07-22 00:00:00+00:00
[2025-07-21T13:41:42.020+0000] {processor.py:208} INFO - Processing /opt/airflow/dags/train_power_pred.py took 3.484 seconds
[2025-07-21T13:42:13.783+0000] {processor.py:186} INFO - Started process (PID=15483) to work on /opt/airflow/dags/train_power_pred.py
[2025-07-21T13:42:13.784+0000] {processor.py:914} INFO - Processing file /opt/airflow/dags/train_power_pred.py for tasks to queue
[2025-07-21T13:42:13.786+0000] {logging_mixin.py:190} INFO - [2025-07-21T13:42:13.786+0000] {dagbag.py:588} INFO - Filling up the DagBag from /opt/airflow/dags/train_power_pred.py
[2025-07-21T13:42:17.406+0000] {processor.py:925} INFO - DAG(s) 'train_power_pred' retrieved from /opt/airflow/dags/train_power_pred.py
[2025-07-21T13:42:17.430+0000] {logging_mixin.py:190} INFO - [2025-07-21T13:42:17.430+0000] {dag.py:3239} INFO - Sync 1 DAGs
[2025-07-21T13:42:17.449+0000] {logging_mixin.py:190} INFO - [2025-07-21T13:42:17.449+0000] {dag.py:4180} INFO - Setting next_dagrun for train_power_pred to 2025-07-21 00:00:00+00:00, run_after=2025-07-22 00:00:00+00:00
[2025-07-21T13:42:17.465+0000] {processor.py:208} INFO - Processing /opt/airflow/dags/train_power_pred.py took 3.688 seconds
[2025-07-21T13:42:49.134+0000] {processor.py:186} INFO - Started process (PID=15581) to work on /opt/airflow/dags/train_power_pred.py
[2025-07-21T13:42:49.135+0000] {processor.py:914} INFO - Processing file /opt/airflow/dags/train_power_pred.py for tasks to queue
[2025-07-21T13:42:49.137+0000] {logging_mixin.py:190} INFO - [2025-07-21T13:42:49.136+0000] {dagbag.py:588} INFO - Filling up the DagBag from /opt/airflow/dags/train_power_pred.py
[2025-07-21T13:42:52.385+0000] {processor.py:925} INFO - DAG(s) 'train_power_pred' retrieved from /opt/airflow/dags/train_power_pred.py
[2025-07-21T13:42:52.404+0000] {logging_mixin.py:190} INFO - [2025-07-21T13:42:52.404+0000] {dag.py:3239} INFO - Sync 1 DAGs
[2025-07-21T13:42:52.421+0000] {logging_mixin.py:190} INFO - [2025-07-21T13:42:52.421+0000] {dag.py:4180} INFO - Setting next_dagrun for train_power_pred to 2025-07-21 00:00:00+00:00, run_after=2025-07-22 00:00:00+00:00
[2025-07-21T13:42:52.435+0000] {processor.py:208} INFO - Processing /opt/airflow/dags/train_power_pred.py took 3.307 seconds
[2025-07-21T13:43:24.383+0000] {processor.py:186} INFO - Started process (PID=15680) to work on /opt/airflow/dags/train_power_pred.py
[2025-07-21T13:43:24.385+0000] {processor.py:914} INFO - Processing file /opt/airflow/dags/train_power_pred.py for tasks to queue
[2025-07-21T13:43:24.387+0000] {logging_mixin.py:190} INFO - [2025-07-21T13:43:24.387+0000] {dagbag.py:588} INFO - Filling up the DagBag from /opt/airflow/dags/train_power_pred.py
[2025-07-21T13:43:27.717+0000] {processor.py:925} INFO - DAG(s) 'train_power_pred' retrieved from /opt/airflow/dags/train_power_pred.py
[2025-07-21T13:43:27.735+0000] {logging_mixin.py:190} INFO - [2025-07-21T13:43:27.735+0000] {dag.py:3239} INFO - Sync 1 DAGs
[2025-07-21T13:43:27.751+0000] {logging_mixin.py:190} INFO - [2025-07-21T13:43:27.750+0000] {dag.py:4180} INFO - Setting next_dagrun for train_power_pred to 2025-07-21 00:00:00+00:00, run_after=2025-07-22 00:00:00+00:00
[2025-07-21T13:43:27.765+0000] {processor.py:208} INFO - Processing /opt/airflow/dags/train_power_pred.py took 3.389 seconds
[2025-07-21T13:43:59.339+0000] {processor.py:186} INFO - Started process (PID=15783) to work on /opt/airflow/dags/train_power_pred.py
[2025-07-21T13:43:59.340+0000] {processor.py:914} INFO - Processing file /opt/airflow/dags/train_power_pred.py for tasks to queue
[2025-07-21T13:43:59.343+0000] {logging_mixin.py:190} INFO - [2025-07-21T13:43:59.342+0000] {dagbag.py:588} INFO - Filling up the DagBag from /opt/airflow/dags/train_power_pred.py
[2025-07-21T13:44:02.674+0000] {processor.py:925} INFO - DAG(s) 'train_power_pred' retrieved from /opt/airflow/dags/train_power_pred.py
[2025-07-21T13:44:02.694+0000] {logging_mixin.py:190} INFO - [2025-07-21T13:44:02.693+0000] {dag.py:3239} INFO - Sync 1 DAGs
[2025-07-21T13:44:02.712+0000] {logging_mixin.py:190} INFO - [2025-07-21T13:44:02.712+0000] {dag.py:4180} INFO - Setting next_dagrun for train_power_pred to 2025-07-21 00:00:00+00:00, run_after=2025-07-22 00:00:00+00:00
[2025-07-21T13:44:02.726+0000] {processor.py:208} INFO - Processing /opt/airflow/dags/train_power_pred.py took 3.393 seconds
[2025-07-21T13:44:33.829+0000] {processor.py:186} INFO - Started process (PID=15880) to work on /opt/airflow/dags/train_power_pred.py
[2025-07-21T13:44:33.830+0000] {processor.py:914} INFO - Processing file /opt/airflow/dags/train_power_pred.py for tasks to queue
[2025-07-21T13:44:33.833+0000] {logging_mixin.py:190} INFO - [2025-07-21T13:44:33.832+0000] {dagbag.py:588} INFO - Filling up the DagBag from /opt/airflow/dags/train_power_pred.py
[2025-07-21T13:44:37.346+0000] {processor.py:925} INFO - DAG(s) 'train_power_pred' retrieved from /opt/airflow/dags/train_power_pred.py
[2025-07-21T13:44:37.368+0000] {logging_mixin.py:190} INFO - [2025-07-21T13:44:37.367+0000] {dag.py:3239} INFO - Sync 1 DAGs
[2025-07-21T13:44:37.386+0000] {logging_mixin.py:190} INFO - [2025-07-21T13:44:37.386+0000] {dag.py:4180} INFO - Setting next_dagrun for train_power_pred to 2025-07-21 00:00:00+00:00, run_after=2025-07-22 00:00:00+00:00
[2025-07-21T13:44:37.400+0000] {processor.py:208} INFO - Processing /opt/airflow/dags/train_power_pred.py took 3.577 seconds
[2025-07-21T13:45:08.848+0000] {processor.py:186} INFO - Started process (PID=15979) to work on /opt/airflow/dags/train_power_pred.py
[2025-07-21T13:45:08.849+0000] {processor.py:914} INFO - Processing file /opt/airflow/dags/train_power_pred.py for tasks to queue
[2025-07-21T13:45:08.851+0000] {logging_mixin.py:190} INFO - [2025-07-21T13:45:08.851+0000] {dagbag.py:588} INFO - Filling up the DagBag from /opt/airflow/dags/train_power_pred.py
[2025-07-21T13:45:12.144+0000] {processor.py:925} INFO - DAG(s) 'train_power_pred' retrieved from /opt/airflow/dags/train_power_pred.py
[2025-07-21T13:45:12.164+0000] {logging_mixin.py:190} INFO - [2025-07-21T13:45:12.163+0000] {dag.py:3239} INFO - Sync 1 DAGs
[2025-07-21T13:45:12.181+0000] {logging_mixin.py:190} INFO - [2025-07-21T13:45:12.180+0000] {dag.py:4180} INFO - Setting next_dagrun for train_power_pred to 2025-07-21 00:00:00+00:00, run_after=2025-07-22 00:00:00+00:00
[2025-07-21T13:45:12.196+0000] {processor.py:208} INFO - Processing /opt/airflow/dags/train_power_pred.py took 3.355 seconds
[2025-07-21T13:45:43.926+0000] {processor.py:186} INFO - Started process (PID=16077) to work on /opt/airflow/dags/train_power_pred.py
[2025-07-21T13:45:43.928+0000] {processor.py:914} INFO - Processing file /opt/airflow/dags/train_power_pred.py for tasks to queue
[2025-07-21T13:45:43.930+0000] {logging_mixin.py:190} INFO - [2025-07-21T13:45:43.930+0000] {dagbag.py:588} INFO - Filling up the DagBag from /opt/airflow/dags/train_power_pred.py
[2025-07-21T13:45:47.487+0000] {processor.py:925} INFO - DAG(s) 'train_power_pred' retrieved from /opt/airflow/dags/train_power_pred.py
[2025-07-21T13:45:47.509+0000] {logging_mixin.py:190} INFO - [2025-07-21T13:45:47.508+0000] {dag.py:3239} INFO - Sync 1 DAGs
[2025-07-21T13:45:47.527+0000] {logging_mixin.py:190} INFO - [2025-07-21T13:45:47.527+0000] {dag.py:4180} INFO - Setting next_dagrun for train_power_pred to 2025-07-21 00:00:00+00:00, run_after=2025-07-22 00:00:00+00:00
[2025-07-21T13:45:47.541+0000] {processor.py:208} INFO - Processing /opt/airflow/dags/train_power_pred.py took 3.622 seconds
[2025-07-21T13:46:18.643+0000] {processor.py:186} INFO - Started process (PID=16175) to work on /opt/airflow/dags/train_power_pred.py
[2025-07-21T13:46:18.645+0000] {processor.py:914} INFO - Processing file /opt/airflow/dags/train_power_pred.py for tasks to queue
[2025-07-21T13:46:18.647+0000] {logging_mixin.py:190} INFO - [2025-07-21T13:46:18.647+0000] {dagbag.py:588} INFO - Filling up the DagBag from /opt/airflow/dags/train_power_pred.py
[2025-07-21T13:46:21.985+0000] {processor.py:925} INFO - DAG(s) 'train_power_pred' retrieved from /opt/airflow/dags/train_power_pred.py
[2025-07-21T13:46:22.004+0000] {logging_mixin.py:190} INFO - [2025-07-21T13:46:22.003+0000] {dag.py:3239} INFO - Sync 1 DAGs
[2025-07-21T13:46:22.020+0000] {logging_mixin.py:190} INFO - [2025-07-21T13:46:22.020+0000] {dag.py:4180} INFO - Setting next_dagrun for train_power_pred to 2025-07-21 00:00:00+00:00, run_after=2025-07-22 00:00:00+00:00
[2025-07-21T13:46:22.034+0000] {processor.py:208} INFO - Processing /opt/airflow/dags/train_power_pred.py took 3.399 seconds
[2025-07-21T13:46:53.652+0000] {processor.py:186} INFO - Started process (PID=16273) to work on /opt/airflow/dags/train_power_pred.py
[2025-07-21T13:46:53.653+0000] {processor.py:914} INFO - Processing file /opt/airflow/dags/train_power_pred.py for tasks to queue
[2025-07-21T13:46:53.655+0000] {logging_mixin.py:190} INFO - [2025-07-21T13:46:53.655+0000] {dagbag.py:588} INFO - Filling up the DagBag from /opt/airflow/dags/train_power_pred.py
[2025-07-21T13:46:57.035+0000] {processor.py:925} INFO - DAG(s) 'train_power_pred' retrieved from /opt/airflow/dags/train_power_pred.py
[2025-07-21T13:46:57.055+0000] {logging_mixin.py:190} INFO - [2025-07-21T13:46:57.054+0000] {dag.py:3239} INFO - Sync 1 DAGs
[2025-07-21T13:46:57.072+0000] {logging_mixin.py:190} INFO - [2025-07-21T13:46:57.072+0000] {dag.py:4180} INFO - Setting next_dagrun for train_power_pred to 2025-07-21 00:00:00+00:00, run_after=2025-07-22 00:00:00+00:00
[2025-07-21T13:46:57.086+0000] {processor.py:208} INFO - Processing /opt/airflow/dags/train_power_pred.py took 3.439 seconds
[2025-07-21T13:47:28.831+0000] {processor.py:186} INFO - Started process (PID=16380) to work on /opt/airflow/dags/train_power_pred.py
[2025-07-21T13:47:28.832+0000] {processor.py:914} INFO - Processing file /opt/airflow/dags/train_power_pred.py for tasks to queue
[2025-07-21T13:47:28.836+0000] {logging_mixin.py:190} INFO - [2025-07-21T13:47:28.835+0000] {dagbag.py:588} INFO - Filling up the DagBag from /opt/airflow/dags/train_power_pred.py
[2025-07-21T13:47:32.262+0000] {processor.py:925} INFO - DAG(s) 'train_power_pred' retrieved from /opt/airflow/dags/train_power_pred.py
[2025-07-21T13:47:32.284+0000] {logging_mixin.py:190} INFO - [2025-07-21T13:47:32.283+0000] {dag.py:3239} INFO - Sync 1 DAGs
[2025-07-21T13:47:32.299+0000] {logging_mixin.py:190} INFO - [2025-07-21T13:47:32.299+0000] {dag.py:4180} INFO - Setting next_dagrun for train_power_pred to 2025-07-21 00:00:00+00:00, run_after=2025-07-22 00:00:00+00:00
[2025-07-21T13:47:32.312+0000] {processor.py:208} INFO - Processing /opt/airflow/dags/train_power_pred.py took 3.492 seconds
[2025-07-21T13:48:03.766+0000] {processor.py:186} INFO - Started process (PID=16478) to work on /opt/airflow/dags/train_power_pred.py
[2025-07-21T13:48:03.767+0000] {processor.py:914} INFO - Processing file /opt/airflow/dags/train_power_pred.py for tasks to queue
[2025-07-21T13:48:03.769+0000] {logging_mixin.py:190} INFO - [2025-07-21T13:48:03.769+0000] {dagbag.py:588} INFO - Filling up the DagBag from /opt/airflow/dags/train_power_pred.py
[2025-07-21T13:48:07.228+0000] {processor.py:925} INFO - DAG(s) 'train_power_pred' retrieved from /opt/airflow/dags/train_power_pred.py
[2025-07-21T13:48:07.249+0000] {logging_mixin.py:190} INFO - [2025-07-21T13:48:07.249+0000] {dag.py:3239} INFO - Sync 1 DAGs
[2025-07-21T13:48:07.269+0000] {logging_mixin.py:190} INFO - [2025-07-21T13:48:07.269+0000] {dag.py:4180} INFO - Setting next_dagrun for train_power_pred to 2025-07-21 00:00:00+00:00, run_after=2025-07-22 00:00:00+00:00
[2025-07-21T13:48:07.283+0000] {processor.py:208} INFO - Processing /opt/airflow/dags/train_power_pred.py took 3.522 seconds
[2025-07-21T13:48:38.833+0000] {processor.py:186} INFO - Started process (PID=16576) to work on /opt/airflow/dags/train_power_pred.py
[2025-07-21T13:48:38.834+0000] {processor.py:914} INFO - Processing file /opt/airflow/dags/train_power_pred.py for tasks to queue
[2025-07-21T13:48:38.837+0000] {logging_mixin.py:190} INFO - [2025-07-21T13:48:38.836+0000] {dagbag.py:588} INFO - Filling up the DagBag from /opt/airflow/dags/train_power_pred.py
[2025-07-21T13:48:42.115+0000] {processor.py:925} INFO - DAG(s) 'train_power_pred' retrieved from /opt/airflow/dags/train_power_pred.py
[2025-07-21T13:48:42.134+0000] {logging_mixin.py:190} INFO - [2025-07-21T13:48:42.134+0000] {dag.py:3239} INFO - Sync 1 DAGs
[2025-07-21T13:48:42.151+0000] {logging_mixin.py:190} INFO - [2025-07-21T13:48:42.150+0000] {dag.py:4180} INFO - Setting next_dagrun for train_power_pred to 2025-07-21 00:00:00+00:00, run_after=2025-07-22 00:00:00+00:00
[2025-07-21T13:48:42.166+0000] {processor.py:208} INFO - Processing /opt/airflow/dags/train_power_pred.py took 3.341 seconds
[2025-07-21T13:49:13.971+0000] {processor.py:186} INFO - Started process (PID=16674) to work on /opt/airflow/dags/train_power_pred.py
[2025-07-21T13:49:13.972+0000] {processor.py:914} INFO - Processing file /opt/airflow/dags/train_power_pred.py for tasks to queue
[2025-07-21T13:49:13.975+0000] {logging_mixin.py:190} INFO - [2025-07-21T13:49:13.974+0000] {dagbag.py:588} INFO - Filling up the DagBag from /opt/airflow/dags/train_power_pred.py
[2025-07-21T13:49:17.551+0000] {processor.py:925} INFO - DAG(s) 'train_power_pred' retrieved from /opt/airflow/dags/train_power_pred.py
[2025-07-21T13:49:17.571+0000] {logging_mixin.py:190} INFO - [2025-07-21T13:49:17.570+0000] {dag.py:3239} INFO - Sync 1 DAGs
[2025-07-21T13:49:17.588+0000] {logging_mixin.py:190} INFO - [2025-07-21T13:49:17.587+0000] {dag.py:4180} INFO - Setting next_dagrun for train_power_pred to 2025-07-21 00:00:00+00:00, run_after=2025-07-22 00:00:00+00:00
[2025-07-21T13:49:17.601+0000] {processor.py:208} INFO - Processing /opt/airflow/dags/train_power_pred.py took 3.636 seconds
[2025-07-21T13:49:48.740+0000] {processor.py:186} INFO - Started process (PID=16772) to work on /opt/airflow/dags/train_power_pred.py
[2025-07-21T13:49:48.742+0000] {processor.py:914} INFO - Processing file /opt/airflow/dags/train_power_pred.py for tasks to queue
[2025-07-21T13:49:48.745+0000] {logging_mixin.py:190} INFO - [2025-07-21T13:49:48.744+0000] {dagbag.py:588} INFO - Filling up the DagBag from /opt/airflow/dags/train_power_pred.py
[2025-07-21T13:49:52.434+0000] {processor.py:925} INFO - DAG(s) 'train_power_pred' retrieved from /opt/airflow/dags/train_power_pred.py
[2025-07-21T13:49:52.457+0000] {logging_mixin.py:190} INFO - [2025-07-21T13:49:52.457+0000] {dag.py:3239} INFO - Sync 1 DAGs
[2025-07-21T13:49:52.478+0000] {logging_mixin.py:190} INFO - [2025-07-21T13:49:52.478+0000] {dag.py:4180} INFO - Setting next_dagrun for train_power_pred to 2025-07-21 00:00:00+00:00, run_after=2025-07-22 00:00:00+00:00
[2025-07-21T13:49:52.498+0000] {processor.py:208} INFO - Processing /opt/airflow/dags/train_power_pred.py took 3.769 seconds
[2025-07-21T13:50:24.044+0000] {processor.py:186} INFO - Started process (PID=16870) to work on /opt/airflow/dags/train_power_pred.py
[2025-07-21T13:50:24.045+0000] {processor.py:914} INFO - Processing file /opt/airflow/dags/train_power_pred.py for tasks to queue
[2025-07-21T13:50:24.048+0000] {logging_mixin.py:190} INFO - [2025-07-21T13:50:24.048+0000] {dagbag.py:588} INFO - Filling up the DagBag from /opt/airflow/dags/train_power_pred.py
[2025-07-21T13:50:27.970+0000] {processor.py:925} INFO - DAG(s) 'train_power_pred' retrieved from /opt/airflow/dags/train_power_pred.py
[2025-07-21T13:50:27.992+0000] {logging_mixin.py:190} INFO - [2025-07-21T13:50:27.992+0000] {dag.py:3239} INFO - Sync 1 DAGs
[2025-07-21T13:50:28.011+0000] {logging_mixin.py:190} INFO - [2025-07-21T13:50:28.010+0000] {dag.py:4180} INFO - Setting next_dagrun for train_power_pred to 2025-07-21 00:00:00+00:00, run_after=2025-07-22 00:00:00+00:00
[2025-07-21T13:50:28.028+0000] {processor.py:208} INFO - Processing /opt/airflow/dags/train_power_pred.py took 3.990 seconds
[2025-07-21T13:50:59.267+0000] {processor.py:186} INFO - Started process (PID=16974) to work on /opt/airflow/dags/train_power_pred.py
[2025-07-21T13:50:59.268+0000] {processor.py:914} INFO - Processing file /opt/airflow/dags/train_power_pred.py for tasks to queue
[2025-07-21T13:50:59.270+0000] {logging_mixin.py:190} INFO - [2025-07-21T13:50:59.270+0000] {dagbag.py:588} INFO - Filling up the DagBag from /opt/airflow/dags/train_power_pred.py
[2025-07-21T13:51:02.914+0000] {processor.py:925} INFO - DAG(s) 'train_power_pred' retrieved from /opt/airflow/dags/train_power_pred.py
[2025-07-21T13:51:02.937+0000] {logging_mixin.py:190} INFO - [2025-07-21T13:51:02.937+0000] {dag.py:3239} INFO - Sync 1 DAGs
[2025-07-21T13:51:02.956+0000] {logging_mixin.py:190} INFO - [2025-07-21T13:51:02.956+0000] {dag.py:4180} INFO - Setting next_dagrun for train_power_pred to 2025-07-21 00:00:00+00:00, run_after=2025-07-22 00:00:00+00:00
[2025-07-21T13:51:02.980+0000] {processor.py:208} INFO - Processing /opt/airflow/dags/train_power_pred.py took 3.719 seconds
[2025-07-21T13:51:34.274+0000] {processor.py:186} INFO - Started process (PID=17072) to work on /opt/airflow/dags/train_power_pred.py
[2025-07-21T13:51:34.275+0000] {processor.py:914} INFO - Processing file /opt/airflow/dags/train_power_pred.py for tasks to queue
[2025-07-21T13:51:34.277+0000] {logging_mixin.py:190} INFO - [2025-07-21T13:51:34.277+0000] {dagbag.py:588} INFO - Filling up the DagBag from /opt/airflow/dags/train_power_pred.py
[2025-07-21T13:51:37.708+0000] {processor.py:925} INFO - DAG(s) 'train_power_pred' retrieved from /opt/airflow/dags/train_power_pred.py
[2025-07-21T13:51:37.730+0000] {logging_mixin.py:190} INFO - [2025-07-21T13:51:37.729+0000] {dag.py:3239} INFO - Sync 1 DAGs
[2025-07-21T13:51:37.746+0000] {logging_mixin.py:190} INFO - [2025-07-21T13:51:37.746+0000] {dag.py:4180} INFO - Setting next_dagrun for train_power_pred to 2025-07-21 00:00:00+00:00, run_after=2025-07-22 00:00:00+00:00
[2025-07-21T13:51:37.760+0000] {processor.py:208} INFO - Processing /opt/airflow/dags/train_power_pred.py took 3.492 seconds
[2025-07-21T13:52:08.892+0000] {processor.py:186} INFO - Started process (PID=17170) to work on /opt/airflow/dags/train_power_pred.py
[2025-07-21T13:52:08.893+0000] {processor.py:914} INFO - Processing file /opt/airflow/dags/train_power_pred.py for tasks to queue
[2025-07-21T13:52:08.895+0000] {logging_mixin.py:190} INFO - [2025-07-21T13:52:08.895+0000] {dagbag.py:588} INFO - Filling up the DagBag from /opt/airflow/dags/train_power_pred.py
[2025-07-21T13:52:12.243+0000] {processor.py:925} INFO - DAG(s) 'train_power_pred' retrieved from /opt/airflow/dags/train_power_pred.py
[2025-07-21T13:52:12.261+0000] {logging_mixin.py:190} INFO - [2025-07-21T13:52:12.261+0000] {dag.py:3239} INFO - Sync 1 DAGs
[2025-07-21T13:52:12.277+0000] {logging_mixin.py:190} INFO - [2025-07-21T13:52:12.277+0000] {dag.py:4180} INFO - Setting next_dagrun for train_power_pred to 2025-07-21 00:00:00+00:00, run_after=2025-07-22 00:00:00+00:00
[2025-07-21T13:52:12.290+0000] {processor.py:208} INFO - Processing /opt/airflow/dags/train_power_pred.py took 3.406 seconds
[2025-07-21T13:52:43.817+0000] {processor.py:186} INFO - Started process (PID=17268) to work on /opt/airflow/dags/train_power_pred.py
[2025-07-21T13:52:43.818+0000] {processor.py:914} INFO - Processing file /opt/airflow/dags/train_power_pred.py for tasks to queue
[2025-07-21T13:52:43.821+0000] {logging_mixin.py:190} INFO - [2025-07-21T13:52:43.821+0000] {dagbag.py:588} INFO - Filling up the DagBag from /opt/airflow/dags/train_power_pred.py
[2025-07-21T13:52:47.342+0000] {processor.py:925} INFO - DAG(s) 'train_power_pred' retrieved from /opt/airflow/dags/train_power_pred.py
[2025-07-21T13:52:47.366+0000] {logging_mixin.py:190} INFO - [2025-07-21T13:52:47.366+0000] {dag.py:3239} INFO - Sync 1 DAGs
[2025-07-21T13:52:47.386+0000] {logging_mixin.py:190} INFO - [2025-07-21T13:52:47.385+0000] {dag.py:4180} INFO - Setting next_dagrun for train_power_pred to 2025-07-21 00:00:00+00:00, run_after=2025-07-22 00:00:00+00:00
[2025-07-21T13:52:47.401+0000] {processor.py:208} INFO - Processing /opt/airflow/dags/train_power_pred.py took 3.590 seconds
[2025-07-21T13:53:18.946+0000] {processor.py:186} INFO - Started process (PID=17366) to work on /opt/airflow/dags/train_power_pred.py
[2025-07-21T13:53:18.947+0000] {processor.py:914} INFO - Processing file /opt/airflow/dags/train_power_pred.py for tasks to queue
[2025-07-21T13:53:18.950+0000] {logging_mixin.py:190} INFO - [2025-07-21T13:53:18.949+0000] {dagbag.py:588} INFO - Filling up the DagBag from /opt/airflow/dags/train_power_pred.py
[2025-07-21T13:53:22.452+0000] {processor.py:925} INFO - DAG(s) 'train_power_pred' retrieved from /opt/airflow/dags/train_power_pred.py
[2025-07-21T13:53:22.470+0000] {logging_mixin.py:190} INFO - [2025-07-21T13:53:22.470+0000] {dag.py:3239} INFO - Sync 1 DAGs
[2025-07-21T13:53:22.488+0000] {logging_mixin.py:190} INFO - [2025-07-21T13:53:22.487+0000] {dag.py:4180} INFO - Setting next_dagrun for train_power_pred to 2025-07-21 00:00:00+00:00, run_after=2025-07-22 00:00:00+00:00
[2025-07-21T13:53:22.501+0000] {processor.py:208} INFO - Processing /opt/airflow/dags/train_power_pred.py took 3.562 seconds
[2025-07-21T13:53:54.204+0000] {processor.py:186} INFO - Started process (PID=17464) to work on /opt/airflow/dags/train_power_pred.py
[2025-07-21T13:53:54.205+0000] {processor.py:914} INFO - Processing file /opt/airflow/dags/train_power_pred.py for tasks to queue
[2025-07-21T13:53:54.207+0000] {logging_mixin.py:190} INFO - [2025-07-21T13:53:54.207+0000] {dagbag.py:588} INFO - Filling up the DagBag from /opt/airflow/dags/train_power_pred.py
[2025-07-21T13:53:57.530+0000] {processor.py:925} INFO - DAG(s) 'train_power_pred' retrieved from /opt/airflow/dags/train_power_pred.py
[2025-07-21T13:53:57.549+0000] {logging_mixin.py:190} INFO - [2025-07-21T13:53:57.548+0000] {dag.py:3239} INFO - Sync 1 DAGs
[2025-07-21T13:53:57.563+0000] {logging_mixin.py:190} INFO - [2025-07-21T13:53:57.563+0000] {dag.py:4180} INFO - Setting next_dagrun for train_power_pred to 2025-07-21 00:00:00+00:00, run_after=2025-07-22 00:00:00+00:00
[2025-07-21T13:53:57.577+0000] {processor.py:208} INFO - Processing /opt/airflow/dags/train_power_pred.py took 3.379 seconds
[2025-07-21T13:54:28.944+0000] {processor.py:186} INFO - Started process (PID=17568) to work on /opt/airflow/dags/train_power_pred.py
[2025-07-21T13:54:28.946+0000] {processor.py:914} INFO - Processing file /opt/airflow/dags/train_power_pred.py for tasks to queue
[2025-07-21T13:54:28.949+0000] {logging_mixin.py:190} INFO - [2025-07-21T13:54:28.948+0000] {dagbag.py:588} INFO - Filling up the DagBag from /opt/airflow/dags/train_power_pred.py
[2025-07-21T13:54:32.388+0000] {processor.py:925} INFO - DAG(s) 'train_power_pred' retrieved from /opt/airflow/dags/train_power_pred.py
[2025-07-21T13:54:32.407+0000] {logging_mixin.py:190} INFO - [2025-07-21T13:54:32.406+0000] {dag.py:3239} INFO - Sync 1 DAGs
[2025-07-21T13:54:32.423+0000] {logging_mixin.py:190} INFO - [2025-07-21T13:54:32.423+0000] {dag.py:4180} INFO - Setting next_dagrun for train_power_pred to 2025-07-21 00:00:00+00:00, run_after=2025-07-22 00:00:00+00:00
[2025-07-21T13:54:32.436+0000] {processor.py:208} INFO - Processing /opt/airflow/dags/train_power_pred.py took 3.498 seconds
[2025-07-21T13:55:04.170+0000] {processor.py:186} INFO - Started process (PID=17666) to work on /opt/airflow/dags/train_power_pred.py
[2025-07-21T13:55:04.171+0000] {processor.py:914} INFO - Processing file /opt/airflow/dags/train_power_pred.py for tasks to queue
[2025-07-21T13:55:04.174+0000] {logging_mixin.py:190} INFO - [2025-07-21T13:55:04.173+0000] {dagbag.py:588} INFO - Filling up the DagBag from /opt/airflow/dags/train_power_pred.py
[2025-07-21T13:55:07.567+0000] {processor.py:925} INFO - DAG(s) 'train_power_pred' retrieved from /opt/airflow/dags/train_power_pred.py
[2025-07-21T13:55:07.586+0000] {logging_mixin.py:190} INFO - [2025-07-21T13:55:07.585+0000] {dag.py:3239} INFO - Sync 1 DAGs
[2025-07-21T13:55:07.602+0000] {logging_mixin.py:190} INFO - [2025-07-21T13:55:07.602+0000] {dag.py:4180} INFO - Setting next_dagrun for train_power_pred to 2025-07-21 00:00:00+00:00, run_after=2025-07-22 00:00:00+00:00
[2025-07-21T13:55:07.616+0000] {processor.py:208} INFO - Processing /opt/airflow/dags/train_power_pred.py took 3.453 seconds
[2025-07-21T13:55:38.735+0000] {processor.py:186} INFO - Started process (PID=17764) to work on /opt/airflow/dags/train_power_pred.py
[2025-07-21T13:55:38.736+0000] {processor.py:914} INFO - Processing file /opt/airflow/dags/train_power_pred.py for tasks to queue
[2025-07-21T13:55:38.738+0000] {logging_mixin.py:190} INFO - [2025-07-21T13:55:38.738+0000] {dagbag.py:588} INFO - Filling up the DagBag from /opt/airflow/dags/train_power_pred.py
[2025-07-21T13:55:42.039+0000] {processor.py:925} INFO - DAG(s) 'train_power_pred' retrieved from /opt/airflow/dags/train_power_pred.py
[2025-07-21T13:55:42.059+0000] {logging_mixin.py:190} INFO - [2025-07-21T13:55:42.058+0000] {dag.py:3239} INFO - Sync 1 DAGs
[2025-07-21T13:55:42.075+0000] {logging_mixin.py:190} INFO - [2025-07-21T13:55:42.075+0000] {dag.py:4180} INFO - Setting next_dagrun for train_power_pred to 2025-07-21 00:00:00+00:00, run_after=2025-07-22 00:00:00+00:00
[2025-07-21T13:55:42.092+0000] {processor.py:208} INFO - Processing /opt/airflow/dags/train_power_pred.py took 3.364 seconds
[2025-07-21T13:56:13.480+0000] {processor.py:186} INFO - Started process (PID=17860) to work on /opt/airflow/dags/train_power_pred.py
[2025-07-21T13:56:13.482+0000] {processor.py:914} INFO - Processing file /opt/airflow/dags/train_power_pred.py for tasks to queue
[2025-07-21T13:56:13.484+0000] {logging_mixin.py:190} INFO - [2025-07-21T13:56:13.484+0000] {dagbag.py:588} INFO - Filling up the DagBag from /opt/airflow/dags/train_power_pred.py
[2025-07-21T13:56:17.179+0000] {processor.py:925} INFO - DAG(s) 'train_power_pred' retrieved from /opt/airflow/dags/train_power_pred.py
[2025-07-21T13:56:17.208+0000] {logging_mixin.py:190} INFO - [2025-07-21T13:56:17.206+0000] {dag.py:3239} INFO - Sync 1 DAGs
[2025-07-21T13:56:17.234+0000] {logging_mixin.py:190} INFO - [2025-07-21T13:56:17.234+0000] {dag.py:4180} INFO - Setting next_dagrun for train_power_pred to 2025-07-21 00:00:00+00:00, run_after=2025-07-22 00:00:00+00:00
[2025-07-21T13:56:17.256+0000] {processor.py:208} INFO - Processing /opt/airflow/dags/train_power_pred.py took 3.782 seconds
[2025-07-21T13:56:49.172+0000] {processor.py:186} INFO - Started process (PID=17960) to work on /opt/airflow/dags/train_power_pred.py
[2025-07-21T13:56:49.173+0000] {processor.py:914} INFO - Processing file /opt/airflow/dags/train_power_pred.py for tasks to queue
[2025-07-21T13:56:49.176+0000] {logging_mixin.py:190} INFO - [2025-07-21T13:56:49.176+0000] {dagbag.py:588} INFO - Filling up the DagBag from /opt/airflow/dags/train_power_pred.py
[2025-07-21T13:56:52.638+0000] {processor.py:925} INFO - DAG(s) 'train_power_pred' retrieved from /opt/airflow/dags/train_power_pred.py
[2025-07-21T13:56:52.658+0000] {logging_mixin.py:190} INFO - [2025-07-21T13:56:52.658+0000] {dag.py:3239} INFO - Sync 1 DAGs
[2025-07-21T13:56:52.675+0000] {logging_mixin.py:190} INFO - [2025-07-21T13:56:52.675+0000] {dag.py:4180} INFO - Setting next_dagrun for train_power_pred to 2025-07-21 00:00:00+00:00, run_after=2025-07-22 00:00:00+00:00
[2025-07-21T13:56:52.690+0000] {processor.py:208} INFO - Processing /opt/airflow/dags/train_power_pred.py took 3.524 seconds
[2025-07-21T13:57:24.313+0000] {processor.py:186} INFO - Started process (PID=18058) to work on /opt/airflow/dags/train_power_pred.py
[2025-07-21T13:57:24.314+0000] {processor.py:914} INFO - Processing file /opt/airflow/dags/train_power_pred.py for tasks to queue
[2025-07-21T13:57:24.317+0000] {logging_mixin.py:190} INFO - [2025-07-21T13:57:24.316+0000] {dagbag.py:588} INFO - Filling up the DagBag from /opt/airflow/dags/train_power_pred.py
[2025-07-21T13:57:27.791+0000] {processor.py:925} INFO - DAG(s) 'train_power_pred' retrieved from /opt/airflow/dags/train_power_pred.py
[2025-07-21T13:57:27.811+0000] {logging_mixin.py:190} INFO - [2025-07-21T13:57:27.810+0000] {dag.py:3239} INFO - Sync 1 DAGs
[2025-07-21T13:57:27.828+0000] {logging_mixin.py:190} INFO - [2025-07-21T13:57:27.828+0000] {dag.py:4180} INFO - Setting next_dagrun for train_power_pred to 2025-07-21 00:00:00+00:00, run_after=2025-07-22 00:00:00+00:00
[2025-07-21T13:57:27.843+0000] {processor.py:208} INFO - Processing /opt/airflow/dags/train_power_pred.py took 3.538 seconds
[2025-07-21T13:57:59.471+0000] {processor.py:186} INFO - Started process (PID=18162) to work on /opt/airflow/dags/train_power_pred.py
[2025-07-21T13:57:59.472+0000] {processor.py:914} INFO - Processing file /opt/airflow/dags/train_power_pred.py for tasks to queue
[2025-07-21T13:57:59.475+0000] {logging_mixin.py:190} INFO - [2025-07-21T13:57:59.475+0000] {dagbag.py:588} INFO - Filling up the DagBag from /opt/airflow/dags/train_power_pred.py
[2025-07-21T13:58:03.089+0000] {processor.py:925} INFO - DAG(s) 'train_power_pred' retrieved from /opt/airflow/dags/train_power_pred.py
[2025-07-21T13:58:03.111+0000] {logging_mixin.py:190} INFO - [2025-07-21T13:58:03.111+0000] {dag.py:3239} INFO - Sync 1 DAGs
[2025-07-21T13:58:03.129+0000] {logging_mixin.py:190} INFO - [2025-07-21T13:58:03.128+0000] {dag.py:4180} INFO - Setting next_dagrun for train_power_pred to 2025-07-21 00:00:00+00:00, run_after=2025-07-22 00:00:00+00:00
[2025-07-21T13:58:03.145+0000] {processor.py:208} INFO - Processing /opt/airflow/dags/train_power_pred.py took 3.680 seconds
[2025-07-21T13:58:34.553+0000] {processor.py:186} INFO - Started process (PID=18260) to work on /opt/airflow/dags/train_power_pred.py
[2025-07-21T13:58:34.554+0000] {processor.py:914} INFO - Processing file /opt/airflow/dags/train_power_pred.py for tasks to queue
[2025-07-21T13:58:34.557+0000] {logging_mixin.py:190} INFO - [2025-07-21T13:58:34.556+0000] {dagbag.py:588} INFO - Filling up the DagBag from /opt/airflow/dags/train_power_pred.py
[2025-07-21T13:58:37.837+0000] {processor.py:925} INFO - DAG(s) 'train_power_pred' retrieved from /opt/airflow/dags/train_power_pred.py
[2025-07-21T13:58:37.856+0000] {logging_mixin.py:190} INFO - [2025-07-21T13:58:37.855+0000] {dag.py:3239} INFO - Sync 1 DAGs
[2025-07-21T13:58:37.872+0000] {logging_mixin.py:190} INFO - [2025-07-21T13:58:37.872+0000] {dag.py:4180} INFO - Setting next_dagrun for train_power_pred to 2025-07-21 00:00:00+00:00, run_after=2025-07-22 00:00:00+00:00
[2025-07-21T13:58:37.886+0000] {processor.py:208} INFO - Processing /opt/airflow/dags/train_power_pred.py took 3.339 seconds
[2025-07-21T13:59:10.291+0000] {processor.py:186} INFO - Started process (PID=18358) to work on /opt/airflow/dags/train_power_pred.py
[2025-07-21T13:59:10.292+0000] {processor.py:914} INFO - Processing file /opt/airflow/dags/train_power_pred.py for tasks to queue
[2025-07-21T13:59:10.295+0000] {logging_mixin.py:190} INFO - [2025-07-21T13:59:10.294+0000] {dagbag.py:588} INFO - Filling up the DagBag from /opt/airflow/dags/train_power_pred.py
[2025-07-21T13:59:13.670+0000] {processor.py:925} INFO - DAG(s) 'train_power_pred' retrieved from /opt/airflow/dags/train_power_pred.py
[2025-07-21T13:59:13.690+0000] {logging_mixin.py:190} INFO - [2025-07-21T13:59:13.690+0000] {dag.py:3239} INFO - Sync 1 DAGs
[2025-07-21T13:59:13.707+0000] {logging_mixin.py:190} INFO - [2025-07-21T13:59:13.706+0000] {dag.py:4180} INFO - Setting next_dagrun for train_power_pred to 2025-07-21 00:00:00+00:00, run_after=2025-07-22 00:00:00+00:00
[2025-07-21T13:59:13.721+0000] {processor.py:208} INFO - Processing /opt/airflow/dags/train_power_pred.py took 3.438 seconds
[2025-07-21T13:59:45.114+0000] {processor.py:186} INFO - Started process (PID=18456) to work on /opt/airflow/dags/train_power_pred.py
[2025-07-21T13:59:45.115+0000] {processor.py:914} INFO - Processing file /opt/airflow/dags/train_power_pred.py for tasks to queue
[2025-07-21T13:59:45.117+0000] {logging_mixin.py:190} INFO - [2025-07-21T13:59:45.117+0000] {dagbag.py:588} INFO - Filling up the DagBag from /opt/airflow/dags/train_power_pred.py
[2025-07-21T13:59:48.713+0000] {processor.py:925} INFO - DAG(s) 'train_power_pred' retrieved from /opt/airflow/dags/train_power_pred.py
[2025-07-21T13:59:48.734+0000] {logging_mixin.py:190} INFO - [2025-07-21T13:59:48.733+0000] {dag.py:3239} INFO - Sync 1 DAGs
[2025-07-21T13:59:48.754+0000] {logging_mixin.py:190} INFO - [2025-07-21T13:59:48.753+0000] {dag.py:4180} INFO - Setting next_dagrun for train_power_pred to 2025-07-21 00:00:00+00:00, run_after=2025-07-22 00:00:00+00:00
[2025-07-21T13:59:48.771+0000] {processor.py:208} INFO - Processing /opt/airflow/dags/train_power_pred.py took 3.664 seconds
[2025-07-21T14:00:20.349+0000] {processor.py:186} INFO - Started process (PID=18554) to work on /opt/airflow/dags/train_power_pred.py
[2025-07-21T14:00:20.350+0000] {processor.py:914} INFO - Processing file /opt/airflow/dags/train_power_pred.py for tasks to queue
[2025-07-21T14:00:20.353+0000] {logging_mixin.py:190} INFO - [2025-07-21T14:00:20.352+0000] {dagbag.py:588} INFO - Filling up the DagBag from /opt/airflow/dags/train_power_pred.py
[2025-07-21T14:00:23.941+0000] {processor.py:925} INFO - DAG(s) 'train_power_pred' retrieved from /opt/airflow/dags/train_power_pred.py
[2025-07-21T14:00:23.961+0000] {logging_mixin.py:190} INFO - [2025-07-21T14:00:23.961+0000] {dag.py:3239} INFO - Sync 1 DAGs
[2025-07-21T14:00:23.978+0000] {logging_mixin.py:190} INFO - [2025-07-21T14:00:23.978+0000] {dag.py:4180} INFO - Setting next_dagrun for train_power_pred to 2025-07-21 00:00:00+00:00, run_after=2025-07-22 00:00:00+00:00
[2025-07-21T14:00:23.993+0000] {processor.py:208} INFO - Processing /opt/airflow/dags/train_power_pred.py took 3.651 seconds
[2025-07-21T14:00:55.091+0000] {processor.py:186} INFO - Started process (PID=18652) to work on /opt/airflow/dags/train_power_pred.py
[2025-07-21T14:00:55.092+0000] {processor.py:914} INFO - Processing file /opt/airflow/dags/train_power_pred.py for tasks to queue
[2025-07-21T14:00:55.095+0000] {logging_mixin.py:190} INFO - [2025-07-21T14:00:55.094+0000] {dagbag.py:588} INFO - Filling up the DagBag from /opt/airflow/dags/train_power_pred.py
[2025-07-21T14:00:58.550+0000] {processor.py:925} INFO - DAG(s) 'train_power_pred' retrieved from /opt/airflow/dags/train_power_pred.py
[2025-07-21T14:00:58.571+0000] {logging_mixin.py:190} INFO - [2025-07-21T14:00:58.570+0000] {dag.py:3239} INFO - Sync 1 DAGs
[2025-07-21T14:00:58.589+0000] {logging_mixin.py:190} INFO - [2025-07-21T14:00:58.589+0000] {dag.py:4180} INFO - Setting next_dagrun for train_power_pred to 2025-07-21 00:00:00+00:00, run_after=2025-07-22 00:00:00+00:00
[2025-07-21T14:00:58.603+0000] {processor.py:208} INFO - Processing /opt/airflow/dags/train_power_pred.py took 3.518 seconds
[2025-07-21T14:01:29.966+0000] {processor.py:186} INFO - Started process (PID=18753) to work on /opt/airflow/dags/train_power_pred.py
[2025-07-21T14:01:29.967+0000] {processor.py:914} INFO - Processing file /opt/airflow/dags/train_power_pred.py for tasks to queue
[2025-07-21T14:01:29.970+0000] {logging_mixin.py:190} INFO - [2025-07-21T14:01:29.969+0000] {dagbag.py:588} INFO - Filling up the DagBag from /opt/airflow/dags/train_power_pred.py
[2025-07-21T14:01:33.529+0000] {processor.py:925} INFO - DAG(s) 'train_power_pred' retrieved from /opt/airflow/dags/train_power_pred.py
[2025-07-21T14:01:33.551+0000] {logging_mixin.py:190} INFO - [2025-07-21T14:01:33.551+0000] {dag.py:3239} INFO - Sync 1 DAGs
[2025-07-21T14:01:33.568+0000] {logging_mixin.py:190} INFO - [2025-07-21T14:01:33.568+0000] {dag.py:4180} INFO - Setting next_dagrun for train_power_pred to 2025-07-21 00:00:00+00:00, run_after=2025-07-22 00:00:00+00:00
[2025-07-21T14:01:33.583+0000] {processor.py:208} INFO - Processing /opt/airflow/dags/train_power_pred.py took 3.624 seconds
[2025-07-21T14:02:05.051+0000] {processor.py:186} INFO - Started process (PID=18851) to work on /opt/airflow/dags/train_power_pred.py
[2025-07-21T14:02:05.053+0000] {processor.py:914} INFO - Processing file /opt/airflow/dags/train_power_pred.py for tasks to queue
[2025-07-21T14:02:05.055+0000] {logging_mixin.py:190} INFO - [2025-07-21T14:02:05.055+0000] {dagbag.py:588} INFO - Filling up the DagBag from /opt/airflow/dags/train_power_pred.py
[2025-07-21T14:02:08.594+0000] {processor.py:925} INFO - DAG(s) 'train_power_pred' retrieved from /opt/airflow/dags/train_power_pred.py
[2025-07-21T14:02:08.614+0000] {logging_mixin.py:190} INFO - [2025-07-21T14:02:08.613+0000] {dag.py:3239} INFO - Sync 1 DAGs
[2025-07-21T14:02:08.631+0000] {logging_mixin.py:190} INFO - [2025-07-21T14:02:08.630+0000] {dag.py:4180} INFO - Setting next_dagrun for train_power_pred to 2025-07-21 00:00:00+00:00, run_after=2025-07-22 00:00:00+00:00
[2025-07-21T14:02:08.645+0000] {processor.py:208} INFO - Processing /opt/airflow/dags/train_power_pred.py took 3.600 seconds
[2025-07-21T14:02:40.854+0000] {processor.py:186} INFO - Started process (PID=18950) to work on /opt/airflow/dags/train_power_pred.py
[2025-07-21T14:02:40.855+0000] {processor.py:914} INFO - Processing file /opt/airflow/dags/train_power_pred.py for tasks to queue
[2025-07-21T14:02:40.858+0000] {logging_mixin.py:190} INFO - [2025-07-21T14:02:40.857+0000] {dagbag.py:588} INFO - Filling up the DagBag from /opt/airflow/dags/train_power_pred.py
[2025-07-21T14:02:44.629+0000] {processor.py:925} INFO - DAG(s) 'train_power_pred' retrieved from /opt/airflow/dags/train_power_pred.py
[2025-07-21T14:02:44.652+0000] {logging_mixin.py:190} INFO - [2025-07-21T14:02:44.652+0000] {dag.py:3239} INFO - Sync 1 DAGs
[2025-07-21T14:02:44.671+0000] {logging_mixin.py:190} INFO - [2025-07-21T14:02:44.671+0000] {dag.py:4180} INFO - Setting next_dagrun for train_power_pred to 2025-07-21 00:00:00+00:00, run_after=2025-07-22 00:00:00+00:00
[2025-07-21T14:02:44.690+0000] {processor.py:208} INFO - Processing /opt/airflow/dags/train_power_pred.py took 3.843 seconds
[2025-07-21T14:03:16.648+0000] {processor.py:186} INFO - Started process (PID=19065) to work on /opt/airflow/dags/train_power_pred.py
[2025-07-21T14:03:16.650+0000] {processor.py:914} INFO - Processing file /opt/airflow/dags/train_power_pred.py for tasks to queue
[2025-07-21T14:03:16.653+0000] {logging_mixin.py:190} INFO - [2025-07-21T14:03:16.653+0000] {dagbag.py:588} INFO - Filling up the DagBag from /opt/airflow/dags/train_power_pred.py
[2025-07-21T14:03:20.955+0000] {processor.py:925} INFO - DAG(s) 'train_power_pred' retrieved from /opt/airflow/dags/train_power_pred.py
[2025-07-21T14:03:20.980+0000] {logging_mixin.py:190} INFO - [2025-07-21T14:03:20.980+0000] {dag.py:3239} INFO - Sync 1 DAGs
[2025-07-21T14:03:20.999+0000] {logging_mixin.py:190} INFO - [2025-07-21T14:03:20.999+0000] {dag.py:4180} INFO - Setting next_dagrun for train_power_pred to 2025-07-21 00:00:00+00:00, run_after=2025-07-22 00:00:00+00:00
[2025-07-21T14:03:21.017+0000] {processor.py:208} INFO - Processing /opt/airflow/dags/train_power_pred.py took 4.380 seconds
[2025-07-21T14:04:08.928+0000] {processor.py:186} INFO - Started process (PID=19510) to work on /opt/airflow/dags/train_power_pred.py
[2025-07-21T14:04:08.929+0000] {processor.py:914} INFO - Processing file /opt/airflow/dags/train_power_pred.py for tasks to queue
[2025-07-21T14:04:08.932+0000] {logging_mixin.py:190} INFO - [2025-07-21T14:04:08.931+0000] {dagbag.py:588} INFO - Filling up the DagBag from /opt/airflow/dags/train_power_pred.py
[2025-07-21T14:04:12.567+0000] {processor.py:925} INFO - DAG(s) 'train_power_pred' retrieved from /opt/airflow/dags/train_power_pred.py
[2025-07-21T14:04:12.900+0000] {logging_mixin.py:190} INFO - [2025-07-21T14:04:12.900+0000] {dag.py:3239} INFO - Sync 1 DAGs
[2025-07-21T14:04:12.958+0000] {logging_mixin.py:190} INFO - [2025-07-21T14:04:12.957+0000] {dag.py:4180} INFO - Setting next_dagrun for train_power_pred to 2025-07-21 00:00:00+00:00, run_after=2025-07-22 00:00:00+00:00
[2025-07-21T14:04:13.134+0000] {processor.py:208} INFO - Processing /opt/airflow/dags/train_power_pred.py took 4.212 seconds
[2025-07-21T14:04:49.698+0000] {processor.py:186} INFO - Started process (PID=19663) to work on /opt/airflow/dags/train_power_pred.py
[2025-07-21T14:04:49.699+0000] {processor.py:914} INFO - Processing file /opt/airflow/dags/train_power_pred.py for tasks to queue
[2025-07-21T14:04:49.702+0000] {logging_mixin.py:190} INFO - [2025-07-21T14:04:49.701+0000] {dagbag.py:588} INFO - Filling up the DagBag from /opt/airflow/dags/train_power_pred.py
[2025-07-21T14:04:57.247+0000] {processor.py:925} INFO - DAG(s) 'train_power_pred' retrieved from /opt/airflow/dags/train_power_pred.py
[2025-07-21T14:04:57.269+0000] {logging_mixin.py:190} INFO - [2025-07-21T14:04:57.268+0000] {dag.py:3239} INFO - Sync 1 DAGs
[2025-07-21T14:04:57.288+0000] {logging_mixin.py:190} INFO - [2025-07-21T14:04:57.288+0000] {dag.py:4180} INFO - Setting next_dagrun for train_power_pred to 2025-07-21 00:00:00+00:00, run_after=2025-07-22 00:00:00+00:00
[2025-07-21T14:04:57.318+0000] {processor.py:208} INFO - Processing /opt/airflow/dags/train_power_pred.py took 7.630 seconds
[2025-07-21T14:05:28.883+0000] {processor.py:186} INFO - Started process (PID=20031) to work on /opt/airflow/dags/train_power_pred.py
[2025-07-21T14:05:28.884+0000] {processor.py:914} INFO - Processing file /opt/airflow/dags/train_power_pred.py for tasks to queue
[2025-07-21T14:05:28.886+0000] {logging_mixin.py:190} INFO - [2025-07-21T14:05:28.886+0000] {dagbag.py:588} INFO - Filling up the DagBag from /opt/airflow/dags/train_power_pred.py
[2025-07-21T14:05:32.740+0000] {processor.py:925} INFO - DAG(s) 'train_power_pred' retrieved from /opt/airflow/dags/train_power_pred.py
[2025-07-21T14:05:32.761+0000] {logging_mixin.py:190} INFO - [2025-07-21T14:05:32.761+0000] {dag.py:3239} INFO - Sync 1 DAGs
[2025-07-21T14:05:32.782+0000] {logging_mixin.py:190} INFO - [2025-07-21T14:05:32.782+0000] {dag.py:4180} INFO - Setting next_dagrun for train_power_pred to 2025-07-21 00:00:00+00:00, run_after=2025-07-22 00:00:00+00:00
[2025-07-21T14:05:32.800+0000] {processor.py:208} INFO - Processing /opt/airflow/dags/train_power_pred.py took 3.924 seconds
[2025-07-21T14:06:04.467+0000] {processor.py:186} INFO - Started process (PID=20135) to work on /opt/airflow/dags/train_power_pred.py
[2025-07-21T14:06:04.469+0000] {processor.py:914} INFO - Processing file /opt/airflow/dags/train_power_pred.py for tasks to queue
[2025-07-21T14:06:04.472+0000] {logging_mixin.py:190} INFO - [2025-07-21T14:06:04.471+0000] {dagbag.py:588} INFO - Filling up the DagBag from /opt/airflow/dags/train_power_pred.py
[2025-07-21T14:06:08.043+0000] {processor.py:925} INFO - DAG(s) 'train_power_pred' retrieved from /opt/airflow/dags/train_power_pred.py
[2025-07-21T14:06:08.063+0000] {logging_mixin.py:190} INFO - [2025-07-21T14:06:08.063+0000] {dag.py:3239} INFO - Sync 1 DAGs
[2025-07-21T14:06:08.080+0000] {logging_mixin.py:190} INFO - [2025-07-21T14:06:08.079+0000] {dag.py:4180} INFO - Setting next_dagrun for train_power_pred to 2025-07-21 00:00:00+00:00, run_after=2025-07-22 00:00:00+00:00
[2025-07-21T14:06:08.105+0000] {processor.py:208} INFO - Processing /opt/airflow/dags/train_power_pred.py took 3.646 seconds
[2025-07-21T14:06:39.297+0000] {processor.py:186} INFO - Started process (PID=20217) to work on /opt/airflow/dags/train_power_pred.py
[2025-07-21T14:06:39.298+0000] {processor.py:914} INFO - Processing file /opt/airflow/dags/train_power_pred.py for tasks to queue
[2025-07-21T14:06:39.300+0000] {logging_mixin.py:190} INFO - [2025-07-21T14:06:39.300+0000] {dagbag.py:588} INFO - Filling up the DagBag from /opt/airflow/dags/train_power_pred.py
[2025-07-21T14:06:42.977+0000] {processor.py:925} INFO - DAG(s) 'train_power_pred' retrieved from /opt/airflow/dags/train_power_pred.py
[2025-07-21T14:06:43.003+0000] {logging_mixin.py:190} INFO - [2025-07-21T14:06:43.003+0000] {dag.py:3239} INFO - Sync 1 DAGs
[2025-07-21T14:06:43.023+0000] {logging_mixin.py:190} INFO - [2025-07-21T14:06:43.022+0000] {dag.py:4180} INFO - Setting next_dagrun for train_power_pred to 2025-07-21 00:00:00+00:00, run_after=2025-07-22 00:00:00+00:00
[2025-07-21T14:06:43.041+0000] {processor.py:208} INFO - Processing /opt/airflow/dags/train_power_pred.py took 3.750 seconds
[2025-07-21T14:07:14.591+0000] {processor.py:186} INFO - Started process (PID=20315) to work on /opt/airflow/dags/train_power_pred.py
[2025-07-21T14:07:14.592+0000] {processor.py:914} INFO - Processing file /opt/airflow/dags/train_power_pred.py for tasks to queue
[2025-07-21T14:07:14.594+0000] {logging_mixin.py:190} INFO - [2025-07-21T14:07:14.594+0000] {dagbag.py:588} INFO - Filling up the DagBag from /opt/airflow/dags/train_power_pred.py
[2025-07-21T14:07:19.131+0000] {processor.py:925} INFO - DAG(s) 'train_power_pred' retrieved from /opt/airflow/dags/train_power_pred.py
[2025-07-21T14:07:19.160+0000] {logging_mixin.py:190} INFO - [2025-07-21T14:07:19.159+0000] {dag.py:3239} INFO - Sync 1 DAGs
[2025-07-21T14:07:19.187+0000] {logging_mixin.py:190} INFO - [2025-07-21T14:07:19.187+0000] {dag.py:4180} INFO - Setting next_dagrun for train_power_pred to 2025-07-21 00:00:00+00:00, run_after=2025-07-22 00:00:00+00:00
[2025-07-21T14:07:19.210+0000] {processor.py:208} INFO - Processing /opt/airflow/dags/train_power_pred.py took 4.625 seconds
[2025-07-21T14:07:50.913+0000] {processor.py:186} INFO - Started process (PID=20413) to work on /opt/airflow/dags/train_power_pred.py
[2025-07-21T14:07:50.914+0000] {processor.py:914} INFO - Processing file /opt/airflow/dags/train_power_pred.py for tasks to queue
[2025-07-21T14:07:50.916+0000] {logging_mixin.py:190} INFO - [2025-07-21T14:07:50.916+0000] {dagbag.py:588} INFO - Filling up the DagBag from /opt/airflow/dags/train_power_pred.py
[2025-07-21T14:07:54.648+0000] {processor.py:925} INFO - DAG(s) 'train_power_pred' retrieved from /opt/airflow/dags/train_power_pred.py
[2025-07-21T14:07:54.670+0000] {logging_mixin.py:190} INFO - [2025-07-21T14:07:54.669+0000] {dag.py:3239} INFO - Sync 1 DAGs
[2025-07-21T14:07:54.687+0000] {logging_mixin.py:190} INFO - [2025-07-21T14:07:54.687+0000] {dag.py:4180} INFO - Setting next_dagrun for train_power_pred to 2025-07-21 00:00:00+00:00, run_after=2025-07-22 00:00:00+00:00
[2025-07-21T14:07:54.706+0000] {processor.py:208} INFO - Processing /opt/airflow/dags/train_power_pred.py took 3.800 seconds
[2025-07-21T14:08:26.401+0000] {processor.py:186} INFO - Started process (PID=20511) to work on /opt/airflow/dags/train_power_pred.py
[2025-07-21T14:08:26.402+0000] {processor.py:914} INFO - Processing file /opt/airflow/dags/train_power_pred.py for tasks to queue
[2025-07-21T14:08:26.404+0000] {logging_mixin.py:190} INFO - [2025-07-21T14:08:26.403+0000] {dagbag.py:588} INFO - Filling up the DagBag from /opt/airflow/dags/train_power_pred.py
[2025-07-21T14:08:30.371+0000] {processor.py:925} INFO - DAG(s) 'train_power_pred' retrieved from /opt/airflow/dags/train_power_pred.py
[2025-07-21T14:08:30.402+0000] {logging_mixin.py:190} INFO - [2025-07-21T14:08:30.401+0000] {dag.py:3239} INFO - Sync 1 DAGs
[2025-07-21T14:08:30.429+0000] {logging_mixin.py:190} INFO - [2025-07-21T14:08:30.428+0000] {dag.py:4180} INFO - Setting next_dagrun for train_power_pred to 2025-07-21 00:00:00+00:00, run_after=2025-07-22 00:00:00+00:00
[2025-07-21T14:08:30.448+0000] {processor.py:208} INFO - Processing /opt/airflow/dags/train_power_pred.py took 4.053 seconds
[2025-07-21T14:09:02.517+0000] {processor.py:186} INFO - Started process (PID=20615) to work on /opt/airflow/dags/train_power_pred.py
[2025-07-21T14:09:02.518+0000] {processor.py:914} INFO - Processing file /opt/airflow/dags/train_power_pred.py for tasks to queue
[2025-07-21T14:09:02.521+0000] {logging_mixin.py:190} INFO - [2025-07-21T14:09:02.521+0000] {dagbag.py:588} INFO - Filling up the DagBag from /opt/airflow/dags/train_power_pred.py
[2025-07-21T14:09:06.424+0000] {processor.py:925} INFO - DAG(s) 'train_power_pred' retrieved from /opt/airflow/dags/train_power_pred.py
[2025-07-21T14:09:06.451+0000] {logging_mixin.py:190} INFO - [2025-07-21T14:09:06.450+0000] {dag.py:3239} INFO - Sync 1 DAGs
[2025-07-21T14:09:06.478+0000] {logging_mixin.py:190} INFO - [2025-07-21T14:09:06.478+0000] {dag.py:4180} INFO - Setting next_dagrun for train_power_pred to 2025-07-21 00:00:00+00:00, run_after=2025-07-22 00:00:00+00:00
[2025-07-21T14:09:06.497+0000] {processor.py:208} INFO - Processing /opt/airflow/dags/train_power_pred.py took 3.987 seconds
[2025-07-21T14:09:37.983+0000] {processor.py:186} INFO - Started process (PID=20713) to work on /opt/airflow/dags/train_power_pred.py
[2025-07-21T14:09:37.984+0000] {processor.py:914} INFO - Processing file /opt/airflow/dags/train_power_pred.py for tasks to queue
[2025-07-21T14:09:37.986+0000] {logging_mixin.py:190} INFO - [2025-07-21T14:09:37.986+0000] {dagbag.py:588} INFO - Filling up the DagBag from /opt/airflow/dags/train_power_pred.py
[2025-07-21T14:09:41.999+0000] {processor.py:925} INFO - DAG(s) 'train_power_pred' retrieved from /opt/airflow/dags/train_power_pred.py
[2025-07-21T14:09:42.022+0000] {logging_mixin.py:190} INFO - [2025-07-21T14:09:42.021+0000] {dag.py:3239} INFO - Sync 1 DAGs
[2025-07-21T14:09:42.041+0000] {logging_mixin.py:190} INFO - [2025-07-21T14:09:42.041+0000] {dag.py:4180} INFO - Setting next_dagrun for train_power_pred to 2025-07-21 00:00:00+00:00, run_after=2025-07-22 00:00:00+00:00
[2025-07-21T14:09:42.057+0000] {processor.py:208} INFO - Processing /opt/airflow/dags/train_power_pred.py took 4.081 seconds
[2025-07-21T14:10:13.750+0000] {processor.py:186} INFO - Started process (PID=20812) to work on /opt/airflow/dags/train_power_pred.py
[2025-07-21T14:10:13.751+0000] {processor.py:914} INFO - Processing file /opt/airflow/dags/train_power_pred.py for tasks to queue
[2025-07-21T14:10:13.753+0000] {logging_mixin.py:190} INFO - [2025-07-21T14:10:13.753+0000] {dagbag.py:588} INFO - Filling up the DagBag from /opt/airflow/dags/train_power_pred.py
[2025-07-21T14:10:17.625+0000] {processor.py:925} INFO - DAG(s) 'train_power_pred' retrieved from /opt/airflow/dags/train_power_pred.py
[2025-07-21T14:10:17.648+0000] {logging_mixin.py:190} INFO - [2025-07-21T14:10:17.647+0000] {dag.py:3239} INFO - Sync 1 DAGs
[2025-07-21T14:10:17.670+0000] {logging_mixin.py:190} INFO - [2025-07-21T14:10:17.670+0000] {dag.py:4180} INFO - Setting next_dagrun for train_power_pred to 2025-07-21 00:00:00+00:00, run_after=2025-07-22 00:00:00+00:00
[2025-07-21T14:10:17.688+0000] {processor.py:208} INFO - Processing /opt/airflow/dags/train_power_pred.py took 3.944 seconds
[2025-07-21T14:10:49.203+0000] {processor.py:186} INFO - Started process (PID=20910) to work on /opt/airflow/dags/train_power_pred.py
[2025-07-21T14:10:49.204+0000] {processor.py:914} INFO - Processing file /opt/airflow/dags/train_power_pred.py for tasks to queue
[2025-07-21T14:10:49.206+0000] {logging_mixin.py:190} INFO - [2025-07-21T14:10:49.206+0000] {dagbag.py:588} INFO - Filling up the DagBag from /opt/airflow/dags/train_power_pred.py
[2025-07-21T14:10:53.059+0000] {processor.py:925} INFO - DAG(s) 'train_power_pred' retrieved from /opt/airflow/dags/train_power_pred.py
[2025-07-21T14:10:53.088+0000] {logging_mixin.py:190} INFO - [2025-07-21T14:10:53.087+0000] {dag.py:3239} INFO - Sync 1 DAGs
[2025-07-21T14:10:53.113+0000] {logging_mixin.py:190} INFO - [2025-07-21T14:10:53.113+0000] {dag.py:4180} INFO - Setting next_dagrun for train_power_pred to 2025-07-21 00:00:00+00:00, run_after=2025-07-22 00:00:00+00:00
[2025-07-21T14:10:53.136+0000] {processor.py:208} INFO - Processing /opt/airflow/dags/train_power_pred.py took 3.939 seconds
[2025-07-21T14:11:25.141+0000] {processor.py:186} INFO - Started process (PID=21008) to work on /opt/airflow/dags/train_power_pred.py
[2025-07-21T14:11:25.143+0000] {processor.py:914} INFO - Processing file /opt/airflow/dags/train_power_pred.py for tasks to queue
[2025-07-21T14:11:25.146+0000] {logging_mixin.py:190} INFO - [2025-07-21T14:11:25.145+0000] {dagbag.py:588} INFO - Filling up the DagBag from /opt/airflow/dags/train_power_pred.py
[2025-07-21T14:11:29.162+0000] {processor.py:925} INFO - DAG(s) 'train_power_pred' retrieved from /opt/airflow/dags/train_power_pred.py
[2025-07-21T14:11:29.191+0000] {logging_mixin.py:190} INFO - [2025-07-21T14:11:29.190+0000] {dag.py:3239} INFO - Sync 1 DAGs
[2025-07-21T14:11:29.217+0000] {logging_mixin.py:190} INFO - [2025-07-21T14:11:29.217+0000] {dag.py:4180} INFO - Setting next_dagrun for train_power_pred to 2025-07-21 00:00:00+00:00, run_after=2025-07-22 00:00:00+00:00
[2025-07-21T14:11:29.243+0000] {processor.py:208} INFO - Processing /opt/airflow/dags/train_power_pred.py took 4.109 seconds
[2025-07-21T14:12:00.695+0000] {processor.py:186} INFO - Started process (PID=21106) to work on /opt/airflow/dags/train_power_pred.py
[2025-07-21T14:12:00.696+0000] {processor.py:914} INFO - Processing file /opt/airflow/dags/train_power_pred.py for tasks to queue
[2025-07-21T14:12:00.699+0000] {logging_mixin.py:190} INFO - [2025-07-21T14:12:00.698+0000] {dagbag.py:588} INFO - Filling up the DagBag from /opt/airflow/dags/train_power_pred.py
[2025-07-21T14:12:04.291+0000] {processor.py:925} INFO - DAG(s) 'train_power_pred' retrieved from /opt/airflow/dags/train_power_pred.py
[2025-07-21T14:12:04.314+0000] {logging_mixin.py:190} INFO - [2025-07-21T14:12:04.313+0000] {dag.py:3239} INFO - Sync 1 DAGs
[2025-07-21T14:12:04.331+0000] {logging_mixin.py:190} INFO - [2025-07-21T14:12:04.331+0000] {dag.py:4180} INFO - Setting next_dagrun for train_power_pred to 2025-07-21 00:00:00+00:00, run_after=2025-07-22 00:00:00+00:00
[2025-07-21T14:12:04.346+0000] {processor.py:208} INFO - Processing /opt/airflow/dags/train_power_pred.py took 3.657 seconds
[2025-07-21T14:12:36.264+0000] {processor.py:186} INFO - Started process (PID=21210) to work on /opt/airflow/dags/train_power_pred.py
[2025-07-21T14:12:36.265+0000] {processor.py:914} INFO - Processing file /opt/airflow/dags/train_power_pred.py for tasks to queue
[2025-07-21T14:12:36.267+0000] {logging_mixin.py:190} INFO - [2025-07-21T14:12:36.267+0000] {dagbag.py:588} INFO - Filling up the DagBag from /opt/airflow/dags/train_power_pred.py
[2025-07-21T14:12:39.965+0000] {processor.py:925} INFO - DAG(s) 'train_power_pred' retrieved from /opt/airflow/dags/train_power_pred.py
[2025-07-21T14:12:39.989+0000] {logging_mixin.py:190} INFO - [2025-07-21T14:12:39.988+0000] {dag.py:3239} INFO - Sync 1 DAGs
[2025-07-21T14:12:40.008+0000] {logging_mixin.py:190} INFO - [2025-07-21T14:12:40.008+0000] {dag.py:4180} INFO - Setting next_dagrun for train_power_pred to 2025-07-21 00:00:00+00:00, run_after=2025-07-22 00:00:00+00:00
[2025-07-21T14:12:40.026+0000] {processor.py:208} INFO - Processing /opt/airflow/dags/train_power_pred.py took 3.768 seconds
[2025-07-21T14:13:11.715+0000] {processor.py:186} INFO - Started process (PID=21308) to work on /opt/airflow/dags/train_power_pred.py
[2025-07-21T14:13:11.716+0000] {processor.py:914} INFO - Processing file /opt/airflow/dags/train_power_pred.py for tasks to queue
[2025-07-21T14:13:11.718+0000] {logging_mixin.py:190} INFO - [2025-07-21T14:13:11.718+0000] {dagbag.py:588} INFO - Filling up the DagBag from /opt/airflow/dags/train_power_pred.py
[2025-07-21T14:13:15.281+0000] {processor.py:925} INFO - DAG(s) 'train_power_pred' retrieved from /opt/airflow/dags/train_power_pred.py
[2025-07-21T14:13:15.304+0000] {logging_mixin.py:190} INFO - [2025-07-21T14:13:15.303+0000] {dag.py:3239} INFO - Sync 1 DAGs
[2025-07-21T14:13:15.323+0000] {logging_mixin.py:190} INFO - [2025-07-21T14:13:15.323+0000] {dag.py:4180} INFO - Setting next_dagrun for train_power_pred to 2025-07-21 00:00:00+00:00, run_after=2025-07-22 00:00:00+00:00
[2025-07-21T14:13:15.339+0000] {processor.py:208} INFO - Processing /opt/airflow/dags/train_power_pred.py took 3.630 seconds
[2025-07-21T14:24:26.973+0000] {processor.py:186} INFO - Started process (PID=247) to work on /opt/airflow/dags/train_power_pred.py
[2025-07-21T14:24:26.974+0000] {processor.py:914} INFO - Processing file /opt/airflow/dags/train_power_pred.py for tasks to queue
[2025-07-21T14:24:26.977+0000] {logging_mixin.py:190} INFO - [2025-07-21T14:24:26.977+0000] {dagbag.py:588} INFO - Filling up the DagBag from /opt/airflow/dags/train_power_pred.py
[2025-07-21T14:24:30.707+0000] {processor.py:925} INFO - DAG(s) 'train_power_pred' retrieved from /opt/airflow/dags/train_power_pred.py
[2025-07-21T14:24:30.806+0000] {logging_mixin.py:190} INFO - [2025-07-21T14:24:30.805+0000] {override.py:1912} INFO - Created Permission View: can edit on DAG:train_power_pred
[2025-07-21T14:24:30.815+0000] {logging_mixin.py:190} INFO - [2025-07-21T14:24:30.815+0000] {override.py:1912} INFO - Created Permission View: can delete on DAG:train_power_pred
[2025-07-21T14:24:30.822+0000] {logging_mixin.py:190} INFO - [2025-07-21T14:24:30.822+0000] {override.py:1912} INFO - Created Permission View: can read on DAG:train_power_pred
[2025-07-21T14:24:30.829+0000] {logging_mixin.py:190} INFO - [2025-07-21T14:24:30.829+0000] {override.py:1912} INFO - Created Permission View: can delete on DAG Run:train_power_pred
[2025-07-21T14:24:30.834+0000] {logging_mixin.py:190} INFO - [2025-07-21T14:24:30.833+0000] {override.py:1912} INFO - Created Permission View: menu access on DAG Run:train_power_pred
[2025-07-21T14:24:30.839+0000] {logging_mixin.py:190} INFO - [2025-07-21T14:24:30.839+0000] {override.py:1912} INFO - Created Permission View: can create on DAG Run:train_power_pred
[2025-07-21T14:24:30.844+0000] {logging_mixin.py:190} INFO - [2025-07-21T14:24:30.844+0000] {override.py:1912} INFO - Created Permission View: can read on DAG Run:train_power_pred
[2025-07-21T14:24:30.845+0000] {logging_mixin.py:190} INFO - [2025-07-21T14:24:30.844+0000] {dag.py:3239} INFO - Sync 1 DAGs
[2025-07-21T14:24:30.854+0000] {logging_mixin.py:190} INFO - [2025-07-21T14:24:30.854+0000] {dag.py:3262} INFO - Creating ORM DAG for train_power_pred
[2025-07-21T14:24:30.862+0000] {logging_mixin.py:190} INFO - [2025-07-21T14:24:30.862+0000] {dag.py:4180} INFO - Setting next_dagrun for train_power_pred to 2025-07-21 00:00:00+00:00, run_after=2025-07-22 00:00:00+00:00
[2025-07-21T14:24:30.876+0000] {processor.py:208} INFO - Processing /opt/airflow/dags/train_power_pred.py took 3.909 seconds
[2025-07-21T14:25:02.317+0000] {processor.py:186} INFO - Started process (PID=346) to work on /opt/airflow/dags/train_power_pred.py
[2025-07-21T14:25:02.318+0000] {processor.py:914} INFO - Processing file /opt/airflow/dags/train_power_pred.py for tasks to queue
[2025-07-21T14:25:02.321+0000] {logging_mixin.py:190} INFO - [2025-07-21T14:25:02.320+0000] {dagbag.py:588} INFO - Filling up the DagBag from /opt/airflow/dags/train_power_pred.py
[2025-07-21T14:25:05.942+0000] {processor.py:925} INFO - DAG(s) 'train_power_pred' retrieved from /opt/airflow/dags/train_power_pred.py
[2025-07-21T14:25:05.964+0000] {logging_mixin.py:190} INFO - [2025-07-21T14:25:05.963+0000] {dag.py:3239} INFO - Sync 1 DAGs
[2025-07-21T14:25:05.981+0000] {logging_mixin.py:190} INFO - [2025-07-21T14:25:05.981+0000] {dag.py:4180} INFO - Setting next_dagrun for train_power_pred to 2025-07-21 00:00:00+00:00, run_after=2025-07-22 00:00:00+00:00
[2025-07-21T14:25:05.995+0000] {processor.py:208} INFO - Processing /opt/airflow/dags/train_power_pred.py took 3.685 seconds
[2025-07-21T14:25:37.336+0000] {processor.py:186} INFO - Started process (PID=1005) to work on /opt/airflow/dags/train_power_pred.py
[2025-07-21T14:25:37.337+0000] {processor.py:914} INFO - Processing file /opt/airflow/dags/train_power_pred.py for tasks to queue
[2025-07-21T14:25:37.340+0000] {logging_mixin.py:190} INFO - [2025-07-21T14:25:37.340+0000] {dagbag.py:588} INFO - Filling up the DagBag from /opt/airflow/dags/train_power_pred.py
[2025-07-21T14:25:40.853+0000] {processor.py:925} INFO - DAG(s) 'train_power_pred' retrieved from /opt/airflow/dags/train_power_pred.py
[2025-07-21T14:25:40.881+0000] {logging_mixin.py:190} INFO - [2025-07-21T14:25:40.880+0000] {dag.py:3239} INFO - Sync 1 DAGs
[2025-07-21T14:25:40.902+0000] {logging_mixin.py:190} INFO - [2025-07-21T14:25:40.902+0000] {dag.py:4180} INFO - Setting next_dagrun for train_power_pred to 2025-07-21 00:00:00+00:00, run_after=2025-07-22 00:00:00+00:00
[2025-07-21T14:25:40.918+0000] {processor.py:208} INFO - Processing /opt/airflow/dags/train_power_pred.py took 3.588 seconds
[2025-07-21T14:26:12.478+0000] {processor.py:186} INFO - Started process (PID=5236) to work on /opt/airflow/dags/train_power_pred.py
[2025-07-21T14:26:12.479+0000] {processor.py:914} INFO - Processing file /opt/airflow/dags/train_power_pred.py for tasks to queue
[2025-07-21T14:26:12.482+0000] {logging_mixin.py:190} INFO - [2025-07-21T14:26:12.481+0000] {dagbag.py:588} INFO - Filling up the DagBag from /opt/airflow/dags/train_power_pred.py
[2025-07-21T14:26:16.201+0000] {processor.py:925} INFO - DAG(s) 'train_power_pred' retrieved from /opt/airflow/dags/train_power_pred.py
[2025-07-21T14:26:16.225+0000] {logging_mixin.py:190} INFO - [2025-07-21T14:26:16.224+0000] {dag.py:3239} INFO - Sync 1 DAGs
[2025-07-21T14:26:16.247+0000] {logging_mixin.py:190} INFO - [2025-07-21T14:26:16.247+0000] {dag.py:4180} INFO - Setting next_dagrun for train_power_pred to 2025-07-21 00:00:00+00:00, run_after=2025-07-22 00:00:00+00:00
[2025-07-21T14:26:16.263+0000] {processor.py:208} INFO - Processing /opt/airflow/dags/train_power_pred.py took 3.791 seconds
[2025-07-21T14:26:48.066+0000] {processor.py:186} INFO - Started process (PID=5349) to work on /opt/airflow/dags/train_power_pred.py
[2025-07-21T14:26:48.067+0000] {processor.py:914} INFO - Processing file /opt/airflow/dags/train_power_pred.py for tasks to queue
[2025-07-21T14:26:48.069+0000] {logging_mixin.py:190} INFO - [2025-07-21T14:26:48.069+0000] {dagbag.py:588} INFO - Filling up the DagBag from /opt/airflow/dags/train_power_pred.py
[2025-07-21T14:26:51.545+0000] {processor.py:925} INFO - DAG(s) 'train_power_pred' retrieved from /opt/airflow/dags/train_power_pred.py
[2025-07-21T14:26:51.568+0000] {logging_mixin.py:190} INFO - [2025-07-21T14:26:51.567+0000] {dag.py:3239} INFO - Sync 1 DAGs
[2025-07-21T14:26:51.585+0000] {logging_mixin.py:190} INFO - [2025-07-21T14:26:51.585+0000] {dag.py:4180} INFO - Setting next_dagrun for train_power_pred to 2025-07-21 00:00:00+00:00, run_after=2025-07-22 00:00:00+00:00
[2025-07-21T14:26:51.600+0000] {processor.py:208} INFO - Processing /opt/airflow/dags/train_power_pred.py took 3.541 seconds
[2025-07-21T14:27:22.776+0000] {processor.py:186} INFO - Started process (PID=5437) to work on /opt/airflow/dags/train_power_pred.py
[2025-07-21T14:27:22.777+0000] {processor.py:914} INFO - Processing file /opt/airflow/dags/train_power_pred.py for tasks to queue
[2025-07-21T14:27:22.780+0000] {logging_mixin.py:190} INFO - [2025-07-21T14:27:22.780+0000] {dagbag.py:588} INFO - Filling up the DagBag from /opt/airflow/dags/train_power_pred.py
[2025-07-21T14:27:26.644+0000] {processor.py:925} INFO - DAG(s) 'train_power_pred' retrieved from /opt/airflow/dags/train_power_pred.py
[2025-07-21T14:27:26.668+0000] {logging_mixin.py:190} INFO - [2025-07-21T14:27:26.668+0000] {dag.py:3239} INFO - Sync 1 DAGs
[2025-07-21T14:27:26.689+0000] {logging_mixin.py:190} INFO - [2025-07-21T14:27:26.689+0000] {dag.py:4180} INFO - Setting next_dagrun for train_power_pred to 2025-07-21 00:00:00+00:00, run_after=2025-07-22 00:00:00+00:00
[2025-07-21T14:27:26.704+0000] {processor.py:208} INFO - Processing /opt/airflow/dags/train_power_pred.py took 3.936 seconds
[2025-07-21T14:27:58.105+0000] {processor.py:186} INFO - Started process (PID=5535) to work on /opt/airflow/dags/train_power_pred.py
[2025-07-21T14:27:58.106+0000] {processor.py:914} INFO - Processing file /opt/airflow/dags/train_power_pred.py for tasks to queue
[2025-07-21T14:27:58.109+0000] {logging_mixin.py:190} INFO - [2025-07-21T14:27:58.108+0000] {dagbag.py:588} INFO - Filling up the DagBag from /opt/airflow/dags/train_power_pred.py
[2025-07-21T14:28:01.791+0000] {processor.py:925} INFO - DAG(s) 'train_power_pred' retrieved from /opt/airflow/dags/train_power_pred.py
[2025-07-21T14:28:01.813+0000] {logging_mixin.py:190} INFO - [2025-07-21T14:28:01.812+0000] {dag.py:3239} INFO - Sync 1 DAGs
[2025-07-21T14:28:01.834+0000] {logging_mixin.py:190} INFO - [2025-07-21T14:28:01.834+0000] {dag.py:4180} INFO - Setting next_dagrun for train_power_pred to 2025-07-21 00:00:00+00:00, run_after=2025-07-22 00:00:00+00:00
[2025-07-21T14:28:01.848+0000] {processor.py:208} INFO - Processing /opt/airflow/dags/train_power_pred.py took 3.750 seconds
[2025-07-21T14:28:33.625+0000] {processor.py:186} INFO - Started process (PID=5650) to work on /opt/airflow/dags/train_power_pred.py
[2025-07-21T14:28:33.626+0000] {processor.py:914} INFO - Processing file /opt/airflow/dags/train_power_pred.py for tasks to queue
[2025-07-21T14:28:33.630+0000] {logging_mixin.py:190} INFO - [2025-07-21T14:28:33.629+0000] {dagbag.py:588} INFO - Filling up the DagBag from /opt/airflow/dags/train_power_pred.py
[2025-07-21T14:28:37.608+0000] {processor.py:925} INFO - DAG(s) 'train_power_pred' retrieved from /opt/airflow/dags/train_power_pred.py
[2025-07-21T14:28:37.631+0000] {logging_mixin.py:190} INFO - [2025-07-21T14:28:37.630+0000] {dag.py:3239} INFO - Sync 1 DAGs
[2025-07-21T14:28:37.652+0000] {logging_mixin.py:190} INFO - [2025-07-21T14:28:37.652+0000] {dag.py:4180} INFO - Setting next_dagrun for train_power_pred to 2025-07-21 00:00:00+00:00, run_after=2025-07-22 00:00:00+00:00
[2025-07-21T14:28:37.669+0000] {processor.py:208} INFO - Processing /opt/airflow/dags/train_power_pred.py took 4.052 seconds
[2025-07-21T14:29:08.952+0000] {processor.py:186} INFO - Started process (PID=8403) to work on /opt/airflow/dags/train_power_pred.py
[2025-07-21T14:29:08.954+0000] {processor.py:914} INFO - Processing file /opt/airflow/dags/train_power_pred.py for tasks to queue
[2025-07-21T14:29:08.957+0000] {logging_mixin.py:190} INFO - [2025-07-21T14:29:08.956+0000] {dagbag.py:588} INFO - Filling up the DagBag from /opt/airflow/dags/train_power_pred.py
[2025-07-21T14:29:12.589+0000] {processor.py:925} INFO - DAG(s) 'train_power_pred' retrieved from /opt/airflow/dags/train_power_pred.py
[2025-07-21T14:29:12.615+0000] {logging_mixin.py:190} INFO - [2025-07-21T14:29:12.614+0000] {dag.py:3239} INFO - Sync 1 DAGs
[2025-07-21T14:29:12.636+0000] {logging_mixin.py:190} INFO - [2025-07-21T14:29:12.635+0000] {dag.py:4180} INFO - Setting next_dagrun for train_power_pred to 2025-07-21 00:00:00+00:00, run_after=2025-07-22 00:00:00+00:00
[2025-07-21T14:29:12.653+0000] {processor.py:208} INFO - Processing /opt/airflow/dags/train_power_pred.py took 3.707 seconds
[2025-07-21T14:29:44.203+0000] {processor.py:186} INFO - Started process (PID=8501) to work on /opt/airflow/dags/train_power_pred.py
[2025-07-21T14:29:44.204+0000] {processor.py:914} INFO - Processing file /opt/airflow/dags/train_power_pred.py for tasks to queue
[2025-07-21T14:29:44.208+0000] {logging_mixin.py:190} INFO - [2025-07-21T14:29:44.207+0000] {dagbag.py:588} INFO - Filling up the DagBag from /opt/airflow/dags/train_power_pred.py
[2025-07-21T14:29:47.915+0000] {processor.py:925} INFO - DAG(s) 'train_power_pred' retrieved from /opt/airflow/dags/train_power_pred.py
[2025-07-21T14:29:47.936+0000] {logging_mixin.py:190} INFO - [2025-07-21T14:29:47.936+0000] {dag.py:3239} INFO - Sync 1 DAGs
[2025-07-21T14:29:47.956+0000] {logging_mixin.py:190} INFO - [2025-07-21T14:29:47.956+0000] {dag.py:4180} INFO - Setting next_dagrun for train_power_pred to 2025-07-21 00:00:00+00:00, run_after=2025-07-22 00:00:00+00:00
[2025-07-21T14:29:47.971+0000] {processor.py:208} INFO - Processing /opt/airflow/dags/train_power_pred.py took 3.775 seconds
[2025-07-21T14:30:19.580+0000] {processor.py:186} INFO - Started process (PID=8599) to work on /opt/airflow/dags/train_power_pred.py
[2025-07-21T14:30:19.582+0000] {processor.py:914} INFO - Processing file /opt/airflow/dags/train_power_pred.py for tasks to queue
[2025-07-21T14:30:19.584+0000] {logging_mixin.py:190} INFO - [2025-07-21T14:30:19.584+0000] {dagbag.py:588} INFO - Filling up the DagBag from /opt/airflow/dags/train_power_pred.py
[2025-07-21T14:30:23.475+0000] {processor.py:925} INFO - DAG(s) 'train_power_pred' retrieved from /opt/airflow/dags/train_power_pred.py
[2025-07-21T14:30:23.498+0000] {logging_mixin.py:190} INFO - [2025-07-21T14:30:23.497+0000] {dag.py:3239} INFO - Sync 1 DAGs
[2025-07-21T14:30:23.516+0000] {logging_mixin.py:190} INFO - [2025-07-21T14:30:23.516+0000] {dag.py:4180} INFO - Setting next_dagrun for train_power_pred to 2025-07-21 00:00:00+00:00, run_after=2025-07-22 00:00:00+00:00
[2025-07-21T14:30:23.533+0000] {processor.py:208} INFO - Processing /opt/airflow/dags/train_power_pred.py took 3.960 seconds
[2025-07-21T14:30:55.254+0000] {processor.py:186} INFO - Started process (PID=8703) to work on /opt/airflow/dags/train_power_pred.py
[2025-07-21T14:30:55.255+0000] {processor.py:914} INFO - Processing file /opt/airflow/dags/train_power_pred.py for tasks to queue
[2025-07-21T14:30:55.258+0000] {logging_mixin.py:190} INFO - [2025-07-21T14:30:55.258+0000] {dagbag.py:588} INFO - Filling up the DagBag from /opt/airflow/dags/train_power_pred.py
[2025-07-21T14:30:58.813+0000] {processor.py:925} INFO - DAG(s) 'train_power_pred' retrieved from /opt/airflow/dags/train_power_pred.py
[2025-07-21T14:30:58.835+0000] {logging_mixin.py:190} INFO - [2025-07-21T14:30:58.835+0000] {dag.py:3239} INFO - Sync 1 DAGs
[2025-07-21T14:30:58.853+0000] {logging_mixin.py:190} INFO - [2025-07-21T14:30:58.853+0000] {dag.py:4180} INFO - Setting next_dagrun for train_power_pred to 2025-07-21 00:00:00+00:00, run_after=2025-07-22 00:00:00+00:00
[2025-07-21T14:30:58.868+0000] {processor.py:208} INFO - Processing /opt/airflow/dags/train_power_pred.py took 3.620 seconds
[2025-07-21T14:31:30.470+0000] {processor.py:186} INFO - Started process (PID=8801) to work on /opt/airflow/dags/train_power_pred.py
[2025-07-21T14:31:30.471+0000] {processor.py:914} INFO - Processing file /opt/airflow/dags/train_power_pred.py for tasks to queue
[2025-07-21T14:31:30.473+0000] {logging_mixin.py:190} INFO - [2025-07-21T14:31:30.473+0000] {dagbag.py:588} INFO - Filling up the DagBag from /opt/airflow/dags/train_power_pred.py
[2025-07-21T14:31:33.948+0000] {processor.py:925} INFO - DAG(s) 'train_power_pred' retrieved from /opt/airflow/dags/train_power_pred.py
[2025-07-21T14:31:33.968+0000] {logging_mixin.py:190} INFO - [2025-07-21T14:31:33.968+0000] {dag.py:3239} INFO - Sync 1 DAGs
[2025-07-21T14:31:33.988+0000] {logging_mixin.py:190} INFO - [2025-07-21T14:31:33.987+0000] {dag.py:4180} INFO - Setting next_dagrun for train_power_pred to 2025-07-21 00:00:00+00:00, run_after=2025-07-22 00:00:00+00:00
[2025-07-21T14:31:34.002+0000] {processor.py:208} INFO - Processing /opt/airflow/dags/train_power_pred.py took 3.538 seconds
[2025-07-21T14:32:05.820+0000] {processor.py:186} INFO - Started process (PID=8900) to work on /opt/airflow/dags/train_power_pred.py
[2025-07-21T14:32:05.825+0000] {processor.py:914} INFO - Processing file /opt/airflow/dags/train_power_pred.py for tasks to queue
[2025-07-21T14:32:05.827+0000] {logging_mixin.py:190} INFO - [2025-07-21T14:32:05.827+0000] {dagbag.py:588} INFO - Filling up the DagBag from /opt/airflow/dags/train_power_pred.py
[2025-07-21T14:32:09.265+0000] {processor.py:925} INFO - DAG(s) 'train_power_pred' retrieved from /opt/airflow/dags/train_power_pred.py
[2025-07-21T14:32:09.287+0000] {logging_mixin.py:190} INFO - [2025-07-21T14:32:09.286+0000] {dag.py:3239} INFO - Sync 1 DAGs
[2025-07-21T14:32:09.305+0000] {logging_mixin.py:190} INFO - [2025-07-21T14:32:09.305+0000] {dag.py:4180} INFO - Setting next_dagrun for train_power_pred to 2025-07-21 00:00:00+00:00, run_after=2025-07-22 00:00:00+00:00
[2025-07-21T14:32:09.319+0000] {processor.py:208} INFO - Processing /opt/airflow/dags/train_power_pred.py took 3.511 seconds
[2025-07-21T14:32:41.162+0000] {processor.py:186} INFO - Started process (PID=9013) to work on /opt/airflow/dags/train_power_pred.py
[2025-07-21T14:32:41.163+0000] {processor.py:914} INFO - Processing file /opt/airflow/dags/train_power_pred.py for tasks to queue
[2025-07-21T14:32:41.165+0000] {logging_mixin.py:190} INFO - [2025-07-21T14:32:41.165+0000] {dagbag.py:588} INFO - Filling up the DagBag from /opt/airflow/dags/train_power_pred.py
[2025-07-21T14:32:44.484+0000] {processor.py:925} INFO - DAG(s) 'train_power_pred' retrieved from /opt/airflow/dags/train_power_pred.py
[2025-07-21T14:32:44.507+0000] {logging_mixin.py:190} INFO - [2025-07-21T14:32:44.506+0000] {dag.py:3239} INFO - Sync 1 DAGs
[2025-07-21T14:32:44.524+0000] {logging_mixin.py:190} INFO - [2025-07-21T14:32:44.524+0000] {dag.py:4180} INFO - Setting next_dagrun for train_power_pred to 2025-07-21 00:00:00+00:00, run_after=2025-07-22 00:00:00+00:00
[2025-07-21T14:32:44.539+0000] {processor.py:208} INFO - Processing /opt/airflow/dags/train_power_pred.py took 3.382 seconds
[2025-07-21T14:33:16.135+0000] {processor.py:186} INFO - Started process (PID=9111) to work on /opt/airflow/dags/train_power_pred.py
[2025-07-21T14:33:16.136+0000] {processor.py:914} INFO - Processing file /opt/airflow/dags/train_power_pred.py for tasks to queue
[2025-07-21T14:33:16.138+0000] {logging_mixin.py:190} INFO - [2025-07-21T14:33:16.138+0000] {dagbag.py:588} INFO - Filling up the DagBag from /opt/airflow/dags/train_power_pred.py
[2025-07-21T14:33:19.375+0000] {processor.py:925} INFO - DAG(s) 'train_power_pred' retrieved from /opt/airflow/dags/train_power_pred.py
[2025-07-21T14:33:19.396+0000] {logging_mixin.py:190} INFO - [2025-07-21T14:33:19.395+0000] {dag.py:3239} INFO - Sync 1 DAGs
[2025-07-21T14:33:19.413+0000] {logging_mixin.py:190} INFO - [2025-07-21T14:33:19.413+0000] {dag.py:4180} INFO - Setting next_dagrun for train_power_pred to 2025-07-21 00:00:00+00:00, run_after=2025-07-22 00:00:00+00:00
[2025-07-21T14:33:19.427+0000] {processor.py:208} INFO - Processing /opt/airflow/dags/train_power_pred.py took 3.297 seconds
[2025-07-21T14:33:51.329+0000] {processor.py:186} INFO - Started process (PID=9209) to work on /opt/airflow/dags/train_power_pred.py
[2025-07-21T14:33:51.330+0000] {processor.py:914} INFO - Processing file /opt/airflow/dags/train_power_pred.py for tasks to queue
[2025-07-21T14:33:51.332+0000] {logging_mixin.py:190} INFO - [2025-07-21T14:33:51.332+0000] {dagbag.py:588} INFO - Filling up the DagBag from /opt/airflow/dags/train_power_pred.py
[2025-07-21T14:33:55.048+0000] {processor.py:925} INFO - DAG(s) 'train_power_pred' retrieved from /opt/airflow/dags/train_power_pred.py
[2025-07-21T14:33:55.070+0000] {logging_mixin.py:190} INFO - [2025-07-21T14:33:55.069+0000] {dag.py:3239} INFO - Sync 1 DAGs
[2025-07-21T14:33:55.090+0000] {logging_mixin.py:190} INFO - [2025-07-21T14:33:55.090+0000] {dag.py:4180} INFO - Setting next_dagrun for train_power_pred to 2025-07-21 00:00:00+00:00, run_after=2025-07-22 00:00:00+00:00
[2025-07-21T14:33:55.104+0000] {processor.py:208} INFO - Processing /opt/airflow/dags/train_power_pred.py took 3.784 seconds
[2025-07-21T14:34:26.492+0000] {processor.py:186} INFO - Started process (PID=9313) to work on /opt/airflow/dags/train_power_pred.py
[2025-07-21T14:34:26.493+0000] {processor.py:914} INFO - Processing file /opt/airflow/dags/train_power_pred.py for tasks to queue
[2025-07-21T14:34:26.496+0000] {logging_mixin.py:190} INFO - [2025-07-21T14:34:26.496+0000] {dagbag.py:588} INFO - Filling up the DagBag from /opt/airflow/dags/train_power_pred.py
[2025-07-21T14:34:29.782+0000] {processor.py:925} INFO - DAG(s) 'train_power_pred' retrieved from /opt/airflow/dags/train_power_pred.py
[2025-07-21T14:34:29.802+0000] {logging_mixin.py:190} INFO - [2025-07-21T14:34:29.802+0000] {dag.py:3239} INFO - Sync 1 DAGs
[2025-07-21T14:34:29.819+0000] {logging_mixin.py:190} INFO - [2025-07-21T14:34:29.818+0000] {dag.py:4180} INFO - Setting next_dagrun for train_power_pred to 2025-07-21 00:00:00+00:00, run_after=2025-07-22 00:00:00+00:00
[2025-07-21T14:34:29.834+0000] {processor.py:208} INFO - Processing /opt/airflow/dags/train_power_pred.py took 3.348 seconds
[2025-07-21T14:35:01.685+0000] {processor.py:186} INFO - Started process (PID=9411) to work on /opt/airflow/dags/train_power_pred.py
[2025-07-21T14:35:01.686+0000] {processor.py:914} INFO - Processing file /opt/airflow/dags/train_power_pred.py for tasks to queue
[2025-07-21T14:35:01.689+0000] {logging_mixin.py:190} INFO - [2025-07-21T14:35:01.688+0000] {dagbag.py:588} INFO - Filling up the DagBag from /opt/airflow/dags/train_power_pred.py
[2025-07-21T14:35:05.212+0000] {processor.py:925} INFO - DAG(s) 'train_power_pred' retrieved from /opt/airflow/dags/train_power_pred.py
[2025-07-21T14:35:05.234+0000] {logging_mixin.py:190} INFO - [2025-07-21T14:35:05.233+0000] {dag.py:3239} INFO - Sync 1 DAGs
[2025-07-21T14:35:05.251+0000] {logging_mixin.py:190} INFO - [2025-07-21T14:35:05.251+0000] {dag.py:4180} INFO - Setting next_dagrun for train_power_pred to 2025-07-21 00:00:00+00:00, run_after=2025-07-22 00:00:00+00:00
[2025-07-21T14:35:05.264+0000] {processor.py:208} INFO - Processing /opt/airflow/dags/train_power_pred.py took 3.585 seconds
[2025-07-21T14:35:36.971+0000] {processor.py:186} INFO - Started process (PID=9494) to work on /opt/airflow/dags/train_power_pred.py
[2025-07-21T14:35:36.972+0000] {processor.py:914} INFO - Processing file /opt/airflow/dags/train_power_pred.py for tasks to queue
[2025-07-21T14:35:36.974+0000] {logging_mixin.py:190} INFO - [2025-07-21T14:35:36.974+0000] {dagbag.py:588} INFO - Filling up the DagBag from /opt/airflow/dags/train_power_pred.py
[2025-07-21T14:35:40.365+0000] {processor.py:925} INFO - DAG(s) 'train_power_pred' retrieved from /opt/airflow/dags/train_power_pred.py
[2025-07-21T14:35:40.384+0000] {logging_mixin.py:190} INFO - [2025-07-21T14:35:40.384+0000] {dag.py:3239} INFO - Sync 1 DAGs
[2025-07-21T14:35:40.402+0000] {logging_mixin.py:190} INFO - [2025-07-21T14:35:40.401+0000] {dag.py:4180} INFO - Setting next_dagrun for train_power_pred to 2025-07-21 00:00:00+00:00, run_after=2025-07-22 00:00:00+00:00
[2025-07-21T14:35:40.416+0000] {processor.py:208} INFO - Processing /opt/airflow/dags/train_power_pred.py took 3.451 seconds
[2025-07-21T14:36:11.670+0000] {processor.py:186} INFO - Started process (PID=9591) to work on /opt/airflow/dags/train_power_pred.py
[2025-07-21T14:36:11.672+0000] {processor.py:914} INFO - Processing file /opt/airflow/dags/train_power_pred.py for tasks to queue
[2025-07-21T14:36:11.675+0000] {logging_mixin.py:190} INFO - [2025-07-21T14:36:11.674+0000] {dagbag.py:588} INFO - Filling up the DagBag from /opt/airflow/dags/train_power_pred.py
[2025-07-21T14:36:15.434+0000] {processor.py:925} INFO - DAG(s) 'train_power_pred' retrieved from /opt/airflow/dags/train_power_pred.py
[2025-07-21T14:36:15.457+0000] {logging_mixin.py:190} INFO - [2025-07-21T14:36:15.456+0000] {dag.py:3239} INFO - Sync 1 DAGs
[2025-07-21T14:36:15.475+0000] {logging_mixin.py:190} INFO - [2025-07-21T14:36:15.475+0000] {dag.py:4180} INFO - Setting next_dagrun for train_power_pred to 2025-07-21 00:00:00+00:00, run_after=2025-07-22 00:00:00+00:00
[2025-07-21T14:36:15.496+0000] {processor.py:208} INFO - Processing /opt/airflow/dags/train_power_pred.py took 3.832 seconds
[2025-07-21T14:36:47.360+0000] {processor.py:186} INFO - Started process (PID=9705) to work on /opt/airflow/dags/train_power_pred.py
[2025-07-21T14:36:47.361+0000] {processor.py:914} INFO - Processing file /opt/airflow/dags/train_power_pred.py for tasks to queue
[2025-07-21T14:36:47.364+0000] {logging_mixin.py:190} INFO - [2025-07-21T14:36:47.363+0000] {dagbag.py:588} INFO - Filling up the DagBag from /opt/airflow/dags/train_power_pred.py
[2025-07-21T14:36:50.916+0000] {processor.py:925} INFO - DAG(s) 'train_power_pred' retrieved from /opt/airflow/dags/train_power_pred.py
[2025-07-21T14:36:50.937+0000] {logging_mixin.py:190} INFO - [2025-07-21T14:36:50.937+0000] {dag.py:3239} INFO - Sync 1 DAGs
[2025-07-21T14:36:50.956+0000] {logging_mixin.py:190} INFO - [2025-07-21T14:36:50.956+0000] {dag.py:4180} INFO - Setting next_dagrun for train_power_pred to 2025-07-21 00:00:00+00:00, run_after=2025-07-22 00:00:00+00:00
[2025-07-21T14:36:50.972+0000] {processor.py:208} INFO - Processing /opt/airflow/dags/train_power_pred.py took 3.618 seconds
[2025-07-21T14:37:22.634+0000] {processor.py:186} INFO - Started process (PID=9788) to work on /opt/airflow/dags/train_power_pred.py
[2025-07-21T14:37:22.636+0000] {processor.py:914} INFO - Processing file /opt/airflow/dags/train_power_pred.py for tasks to queue
[2025-07-21T14:37:22.638+0000] {logging_mixin.py:190} INFO - [2025-07-21T14:37:22.638+0000] {dagbag.py:588} INFO - Filling up the DagBag from /opt/airflow/dags/train_power_pred.py
[2025-07-21T14:37:25.889+0000] {processor.py:925} INFO - DAG(s) 'train_power_pred' retrieved from /opt/airflow/dags/train_power_pred.py
[2025-07-21T14:37:25.909+0000] {logging_mixin.py:190} INFO - [2025-07-21T14:37:25.908+0000] {dag.py:3239} INFO - Sync 1 DAGs
[2025-07-21T14:37:25.927+0000] {logging_mixin.py:190} INFO - [2025-07-21T14:37:25.926+0000] {dag.py:4180} INFO - Setting next_dagrun for train_power_pred to 2025-07-21 00:00:00+00:00, run_after=2025-07-22 00:00:00+00:00
[2025-07-21T14:37:25.941+0000] {processor.py:208} INFO - Processing /opt/airflow/dags/train_power_pred.py took 3.315 seconds
[2025-07-21T14:37:57.820+0000] {processor.py:186} INFO - Started process (PID=9907) to work on /opt/airflow/dags/train_power_pred.py
[2025-07-21T14:37:57.821+0000] {processor.py:914} INFO - Processing file /opt/airflow/dags/train_power_pred.py for tasks to queue
[2025-07-21T14:37:57.823+0000] {logging_mixin.py:190} INFO - [2025-07-21T14:37:57.823+0000] {dagbag.py:588} INFO - Filling up the DagBag from /opt/airflow/dags/train_power_pred.py
[2025-07-21T14:38:01.183+0000] {processor.py:925} INFO - DAG(s) 'train_power_pred' retrieved from /opt/airflow/dags/train_power_pred.py
[2025-07-21T14:38:01.206+0000] {logging_mixin.py:190} INFO - [2025-07-21T14:38:01.205+0000] {dag.py:3239} INFO - Sync 1 DAGs
[2025-07-21T14:38:01.223+0000] {logging_mixin.py:190} INFO - [2025-07-21T14:38:01.223+0000] {dag.py:4180} INFO - Setting next_dagrun for train_power_pred to 2025-07-21 00:00:00+00:00, run_after=2025-07-22 00:00:00+00:00
[2025-07-21T14:38:01.238+0000] {processor.py:208} INFO - Processing /opt/airflow/dags/train_power_pred.py took 3.424 seconds
[2025-07-21T14:38:33.070+0000] {processor.py:186} INFO - Started process (PID=10005) to work on /opt/airflow/dags/train_power_pred.py
[2025-07-21T14:38:33.071+0000] {processor.py:914} INFO - Processing file /opt/airflow/dags/train_power_pred.py for tasks to queue
[2025-07-21T14:38:33.073+0000] {logging_mixin.py:190} INFO - [2025-07-21T14:38:33.073+0000] {dagbag.py:588} INFO - Filling up the DagBag from /opt/airflow/dags/train_power_pred.py
[2025-07-21T14:38:36.336+0000] {processor.py:925} INFO - DAG(s) 'train_power_pred' retrieved from /opt/airflow/dags/train_power_pred.py
[2025-07-21T14:38:36.355+0000] {logging_mixin.py:190} INFO - [2025-07-21T14:38:36.355+0000] {dag.py:3239} INFO - Sync 1 DAGs
[2025-07-21T14:38:36.372+0000] {logging_mixin.py:190} INFO - [2025-07-21T14:38:36.372+0000] {dag.py:4180} INFO - Setting next_dagrun for train_power_pred to 2025-07-21 00:00:00+00:00, run_after=2025-07-22 00:00:00+00:00
[2025-07-21T14:38:36.386+0000] {processor.py:208} INFO - Processing /opt/airflow/dags/train_power_pred.py took 3.322 seconds
[2025-07-21T14:39:07.647+0000] {processor.py:186} INFO - Started process (PID=10087) to work on /opt/airflow/dags/train_power_pred.py
[2025-07-21T14:39:07.648+0000] {processor.py:914} INFO - Processing file /opt/airflow/dags/train_power_pred.py for tasks to queue
[2025-07-21T14:39:07.650+0000] {logging_mixin.py:190} INFO - [2025-07-21T14:39:07.650+0000] {dagbag.py:588} INFO - Filling up the DagBag from /opt/airflow/dags/train_power_pred.py
[2025-07-21T14:39:10.835+0000] {processor.py:925} INFO - DAG(s) 'train_power_pred' retrieved from /opt/airflow/dags/train_power_pred.py
[2025-07-21T14:39:10.853+0000] {logging_mixin.py:190} INFO - [2025-07-21T14:39:10.853+0000] {dag.py:3239} INFO - Sync 1 DAGs
[2025-07-21T14:39:10.870+0000] {logging_mixin.py:190} INFO - [2025-07-21T14:39:10.870+0000] {dag.py:4180} INFO - Setting next_dagrun for train_power_pred to 2025-07-21 00:00:00+00:00, run_after=2025-07-22 00:00:00+00:00
[2025-07-21T14:39:10.884+0000] {processor.py:208} INFO - Processing /opt/airflow/dags/train_power_pred.py took 3.243 seconds
[2025-07-21T14:39:43.787+0000] {processor.py:186} INFO - Started process (PID=10201) to work on /opt/airflow/dags/train_power_pred.py
[2025-07-21T14:39:43.788+0000] {processor.py:914} INFO - Processing file /opt/airflow/dags/train_power_pred.py for tasks to queue
[2025-07-21T14:39:43.792+0000] {logging_mixin.py:190} INFO - [2025-07-21T14:39:43.791+0000] {dagbag.py:588} INFO - Filling up the DagBag from /opt/airflow/dags/train_power_pred.py
[2025-07-21T14:39:47.264+0000] {processor.py:925} INFO - DAG(s) 'train_power_pred' retrieved from /opt/airflow/dags/train_power_pred.py
[2025-07-21T14:39:47.287+0000] {logging_mixin.py:190} INFO - [2025-07-21T14:39:47.286+0000] {dag.py:3239} INFO - Sync 1 DAGs
[2025-07-21T14:39:47.305+0000] {logging_mixin.py:190} INFO - [2025-07-21T14:39:47.305+0000] {dag.py:4180} INFO - Setting next_dagrun for train_power_pred to 2025-07-21 00:00:00+00:00, run_after=2025-07-22 00:00:00+00:00
[2025-07-21T14:39:47.319+0000] {processor.py:208} INFO - Processing /opt/airflow/dags/train_power_pred.py took 3.540 seconds
[2025-07-21T14:40:18.975+0000] {processor.py:186} INFO - Started process (PID=10299) to work on /opt/airflow/dags/train_power_pred.py
[2025-07-21T14:40:18.976+0000] {processor.py:914} INFO - Processing file /opt/airflow/dags/train_power_pred.py for tasks to queue
[2025-07-21T14:40:18.978+0000] {logging_mixin.py:190} INFO - [2025-07-21T14:40:18.978+0000] {dagbag.py:588} INFO - Filling up the DagBag from /opt/airflow/dags/train_power_pred.py
[2025-07-21T14:40:22.321+0000] {processor.py:925} INFO - DAG(s) 'train_power_pred' retrieved from /opt/airflow/dags/train_power_pred.py
[2025-07-21T14:40:22.342+0000] {logging_mixin.py:190} INFO - [2025-07-21T14:40:22.342+0000] {dag.py:3239} INFO - Sync 1 DAGs
[2025-07-21T14:40:22.360+0000] {logging_mixin.py:190} INFO - [2025-07-21T14:40:22.360+0000] {dag.py:4180} INFO - Setting next_dagrun for train_power_pred to 2025-07-21 00:00:00+00:00, run_after=2025-07-22 00:00:00+00:00
[2025-07-21T14:40:22.375+0000] {processor.py:208} INFO - Processing /opt/airflow/dags/train_power_pred.py took 3.407 seconds
[2025-07-21T14:40:54.402+0000] {processor.py:186} INFO - Started process (PID=10403) to work on /opt/airflow/dags/train_power_pred.py
[2025-07-21T14:40:54.403+0000] {processor.py:914} INFO - Processing file /opt/airflow/dags/train_power_pred.py for tasks to queue
[2025-07-21T14:40:54.406+0000] {logging_mixin.py:190} INFO - [2025-07-21T14:40:54.406+0000] {dagbag.py:588} INFO - Filling up the DagBag from /opt/airflow/dags/train_power_pred.py
[2025-07-21T14:40:57.733+0000] {processor.py:925} INFO - DAG(s) 'train_power_pred' retrieved from /opt/airflow/dags/train_power_pred.py
[2025-07-21T14:40:57.752+0000] {logging_mixin.py:190} INFO - [2025-07-21T14:40:57.751+0000] {dag.py:3239} INFO - Sync 1 DAGs
[2025-07-21T14:40:57.768+0000] {logging_mixin.py:190} INFO - [2025-07-21T14:40:57.768+0000] {dag.py:4180} INFO - Setting next_dagrun for train_power_pred to 2025-07-21 00:00:00+00:00, run_after=2025-07-22 00:00:00+00:00
[2025-07-21T14:40:57.781+0000] {processor.py:208} INFO - Processing /opt/airflow/dags/train_power_pred.py took 3.386 seconds
[2025-07-21T17:38:09.350+0000] {processor.py:186} INFO - Started process (PID=237) to work on /opt/airflow/dags/train_power_pred.py
[2025-07-21T17:38:09.351+0000] {processor.py:914} INFO - Processing file /opt/airflow/dags/train_power_pred.py for tasks to queue
[2025-07-21T17:38:09.353+0000] {logging_mixin.py:190} INFO - [2025-07-21T17:38:09.353+0000] {dagbag.py:588} INFO - Filling up the DagBag from /opt/airflow/dags/train_power_pred.py
[2025-07-21T17:38:12.916+0000] {processor.py:925} INFO - DAG(s) 'train_power_pred' retrieved from /opt/airflow/dags/train_power_pred.py
[2025-07-21T17:38:12.937+0000] {logging_mixin.py:190} INFO - [2025-07-21T17:38:12.937+0000] {dag.py:3239} INFO - Sync 1 DAGs
[2025-07-21T17:38:12.954+0000] {logging_mixin.py:190} INFO - [2025-07-21T17:38:12.953+0000] {dag.py:4180} INFO - Setting next_dagrun for train_power_pred to 2025-07-21 00:00:00+00:00, run_after=2025-07-22 00:00:00+00:00
[2025-07-21T17:38:12.968+0000] {processor.py:208} INFO - Processing /opt/airflow/dags/train_power_pred.py took 3.624 seconds
[2025-07-21T17:38:44.870+0000] {processor.py:186} INFO - Started process (PID=336) to work on /opt/airflow/dags/train_power_pred.py
[2025-07-21T17:38:44.871+0000] {processor.py:914} INFO - Processing file /opt/airflow/dags/train_power_pred.py for tasks to queue
[2025-07-21T17:38:44.873+0000] {logging_mixin.py:190} INFO - [2025-07-21T17:38:44.873+0000] {dagbag.py:588} INFO - Filling up the DagBag from /opt/airflow/dags/train_power_pred.py
[2025-07-21T17:38:48.546+0000] {processor.py:925} INFO - DAG(s) 'train_power_pred' retrieved from /opt/airflow/dags/train_power_pred.py
[2025-07-21T17:38:48.571+0000] {logging_mixin.py:190} INFO - [2025-07-21T17:38:48.571+0000] {dag.py:3239} INFO - Sync 1 DAGs
[2025-07-21T17:38:48.592+0000] {logging_mixin.py:190} INFO - [2025-07-21T17:38:48.591+0000] {dag.py:4180} INFO - Setting next_dagrun for train_power_pred to 2025-07-21 00:00:00+00:00, run_after=2025-07-22 00:00:00+00:00
[2025-07-21T17:38:48.607+0000] {processor.py:208} INFO - Processing /opt/airflow/dags/train_power_pred.py took 3.743 seconds
[2025-07-21T17:39:20.373+0000] {processor.py:186} INFO - Started process (PID=449) to work on /opt/airflow/dags/train_power_pred.py
[2025-07-21T17:39:20.375+0000] {processor.py:914} INFO - Processing file /opt/airflow/dags/train_power_pred.py for tasks to queue
[2025-07-21T17:39:20.377+0000] {logging_mixin.py:190} INFO - [2025-07-21T17:39:20.377+0000] {dagbag.py:588} INFO - Filling up the DagBag from /opt/airflow/dags/train_power_pred.py
[2025-07-21T17:39:24.127+0000] {processor.py:925} INFO - DAG(s) 'train_power_pred' retrieved from /opt/airflow/dags/train_power_pred.py
[2025-07-21T17:39:24.151+0000] {logging_mixin.py:190} INFO - [2025-07-21T17:39:24.151+0000] {dag.py:3239} INFO - Sync 1 DAGs
[2025-07-21T17:39:24.171+0000] {logging_mixin.py:190} INFO - [2025-07-21T17:39:24.171+0000] {dag.py:4180} INFO - Setting next_dagrun for train_power_pred to 2025-07-21 00:00:00+00:00, run_after=2025-07-22 00:00:00+00:00
[2025-07-21T17:39:24.186+0000] {processor.py:208} INFO - Processing /opt/airflow/dags/train_power_pred.py took 3.818 seconds
[2025-07-21T17:39:57.528+0000] {processor.py:186} INFO - Started process (PID=532) to work on /opt/airflow/dags/train_power_pred.py
[2025-07-21T17:39:57.662+0000] {processor.py:914} INFO - Processing file /opt/airflow/dags/train_power_pred.py for tasks to queue
[2025-07-21T17:39:57.665+0000] {logging_mixin.py:190} INFO - [2025-07-21T17:39:57.665+0000] {dagbag.py:588} INFO - Filling up the DagBag from /opt/airflow/dags/train_power_pred.py
[2025-07-21T17:40:01.568+0000] {processor.py:925} INFO - DAG(s) 'train_power_pred' retrieved from /opt/airflow/dags/train_power_pred.py
[2025-07-21T17:40:01.911+0000] {logging_mixin.py:190} INFO - [2025-07-21T17:40:01.911+0000] {dag.py:3239} INFO - Sync 1 DAGs
[2025-07-21T17:40:02.182+0000] {logging_mixin.py:190} INFO - [2025-07-21T17:40:02.181+0000] {dag.py:4180} INFO - Setting next_dagrun for train_power_pred to 2025-07-21 00:00:00+00:00, run_after=2025-07-22 00:00:00+00:00
[2025-07-21T17:40:02.861+0000] {processor.py:208} INFO - Processing /opt/airflow/dags/train_power_pred.py took 5.340 seconds
[2025-07-21T17:40:34.547+0000] {processor.py:186} INFO - Started process (PID=652) to work on /opt/airflow/dags/train_power_pred.py
[2025-07-21T17:40:34.552+0000] {processor.py:914} INFO - Processing file /opt/airflow/dags/train_power_pred.py for tasks to queue
[2025-07-21T17:40:34.555+0000] {logging_mixin.py:190} INFO - [2025-07-21T17:40:34.555+0000] {dagbag.py:588} INFO - Filling up the DagBag from /opt/airflow/dags/train_power_pred.py
[2025-07-21T17:40:38.009+0000] {processor.py:925} INFO - DAG(s) 'train_power_pred' retrieved from /opt/airflow/dags/train_power_pred.py
[2025-07-21T17:40:38.029+0000] {logging_mixin.py:190} INFO - [2025-07-21T17:40:38.028+0000] {dag.py:3239} INFO - Sync 1 DAGs
[2025-07-21T17:40:38.046+0000] {logging_mixin.py:190} INFO - [2025-07-21T17:40:38.046+0000] {dag.py:4180} INFO - Setting next_dagrun for train_power_pred to 2025-07-21 00:00:00+00:00, run_after=2025-07-22 00:00:00+00:00
[2025-07-21T17:40:38.066+0000] {processor.py:208} INFO - Processing /opt/airflow/dags/train_power_pred.py took 3.526 seconds
[2025-07-21T17:41:09.705+0000] {processor.py:186} INFO - Started process (PID=750) to work on /opt/airflow/dags/train_power_pred.py
[2025-07-21T17:41:09.707+0000] {processor.py:914} INFO - Processing file /opt/airflow/dags/train_power_pred.py for tasks to queue
[2025-07-21T17:41:09.710+0000] {logging_mixin.py:190} INFO - [2025-07-21T17:41:09.709+0000] {dagbag.py:588} INFO - Filling up the DagBag from /opt/airflow/dags/train_power_pred.py
[2025-07-21T17:41:13.070+0000] {processor.py:925} INFO - DAG(s) 'train_power_pred' retrieved from /opt/airflow/dags/train_power_pred.py
[2025-07-21T17:41:13.106+0000] {logging_mixin.py:190} INFO - [2025-07-21T17:41:13.106+0000] {dag.py:3239} INFO - Sync 1 DAGs
[2025-07-21T17:41:13.124+0000] {logging_mixin.py:190} INFO - [2025-07-21T17:41:13.124+0000] {dag.py:4180} INFO - Setting next_dagrun for train_power_pred to 2025-07-21 00:00:00+00:00, run_after=2025-07-22 00:00:00+00:00
[2025-07-21T17:41:13.137+0000] {processor.py:208} INFO - Processing /opt/airflow/dags/train_power_pred.py took 3.439 seconds
[2025-07-21T17:41:44.191+0000] {processor.py:186} INFO - Started process (PID=832) to work on /opt/airflow/dags/train_power_pred.py
[2025-07-21T17:41:44.193+0000] {processor.py:914} INFO - Processing file /opt/airflow/dags/train_power_pred.py for tasks to queue
[2025-07-21T17:41:44.194+0000] {logging_mixin.py:190} INFO - [2025-07-21T17:41:44.194+0000] {dagbag.py:588} INFO - Filling up the DagBag from /opt/airflow/dags/train_power_pred.py
[2025-07-21T17:41:47.612+0000] {processor.py:925} INFO - DAG(s) 'train_power_pred' retrieved from /opt/airflow/dags/train_power_pred.py
[2025-07-21T17:41:47.632+0000] {logging_mixin.py:190} INFO - [2025-07-21T17:41:47.632+0000] {dag.py:3239} INFO - Sync 1 DAGs
[2025-07-21T17:41:47.649+0000] {logging_mixin.py:190} INFO - [2025-07-21T17:41:47.649+0000] {dag.py:4180} INFO - Setting next_dagrun for train_power_pred to 2025-07-21 00:00:00+00:00, run_after=2025-07-22 00:00:00+00:00
[2025-07-21T17:41:47.663+0000] {processor.py:208} INFO - Processing /opt/airflow/dags/train_power_pred.py took 3.477 seconds
[2025-07-21T17:42:19.901+0000] {processor.py:186} INFO - Started process (PID=930) to work on /opt/airflow/dags/train_power_pred.py
[2025-07-21T17:42:19.903+0000] {processor.py:914} INFO - Processing file /opt/airflow/dags/train_power_pred.py for tasks to queue
[2025-07-21T17:42:19.906+0000] {logging_mixin.py:190} INFO - [2025-07-21T17:42:19.905+0000] {dagbag.py:588} INFO - Filling up the DagBag from /opt/airflow/dags/train_power_pred.py
[2025-07-21T17:42:23.323+0000] {processor.py:925} INFO - DAG(s) 'train_power_pred' retrieved from /opt/airflow/dags/train_power_pred.py
[2025-07-21T17:42:23.347+0000] {logging_mixin.py:190} INFO - [2025-07-21T17:42:23.344+0000] {dag.py:3239} INFO - Sync 1 DAGs
[2025-07-21T17:42:23.363+0000] {logging_mixin.py:190} INFO - [2025-07-21T17:42:23.363+0000] {dag.py:4180} INFO - Setting next_dagrun for train_power_pred to 2025-07-21 00:00:00+00:00, run_after=2025-07-22 00:00:00+00:00
[2025-07-21T17:42:23.376+0000] {processor.py:208} INFO - Processing /opt/airflow/dags/train_power_pred.py took 3.480 seconds
[2025-07-21T17:42:54.529+0000] {processor.py:186} INFO - Started process (PID=1028) to work on /opt/airflow/dags/train_power_pred.py
[2025-07-21T17:42:54.530+0000] {processor.py:914} INFO - Processing file /opt/airflow/dags/train_power_pred.py for tasks to queue
[2025-07-21T17:42:54.533+0000] {logging_mixin.py:190} INFO - [2025-07-21T17:42:54.533+0000] {dagbag.py:588} INFO - Filling up the DagBag from /opt/airflow/dags/train_power_pred.py
[2025-07-21T17:42:58.190+0000] {processor.py:925} INFO - DAG(s) 'train_power_pred' retrieved from /opt/airflow/dags/train_power_pred.py
[2025-07-21T17:42:58.211+0000] {logging_mixin.py:190} INFO - [2025-07-21T17:42:58.210+0000] {dag.py:3239} INFO - Sync 1 DAGs
[2025-07-21T17:42:58.227+0000] {logging_mixin.py:190} INFO - [2025-07-21T17:42:58.227+0000] {dag.py:4180} INFO - Setting next_dagrun for train_power_pred to 2025-07-21 00:00:00+00:00, run_after=2025-07-22 00:00:00+00:00
[2025-07-21T17:42:58.242+0000] {processor.py:208} INFO - Processing /opt/airflow/dags/train_power_pred.py took 3.720 seconds
[2025-07-21T17:43:29.758+0000] {processor.py:186} INFO - Started process (PID=1126) to work on /opt/airflow/dags/train_power_pred.py
[2025-07-21T17:43:29.759+0000] {processor.py:914} INFO - Processing file /opt/airflow/dags/train_power_pred.py for tasks to queue
[2025-07-21T17:43:29.761+0000] {logging_mixin.py:190} INFO - [2025-07-21T17:43:29.761+0000] {dagbag.py:588} INFO - Filling up the DagBag from /opt/airflow/dags/train_power_pred.py
[2025-07-21T17:43:33.211+0000] {processor.py:925} INFO - DAG(s) 'train_power_pred' retrieved from /opt/airflow/dags/train_power_pred.py
[2025-07-21T17:43:33.236+0000] {logging_mixin.py:190} INFO - [2025-07-21T17:43:33.236+0000] {dag.py:3239} INFO - Sync 1 DAGs
[2025-07-21T17:43:33.255+0000] {logging_mixin.py:190} INFO - [2025-07-21T17:43:33.255+0000] {dag.py:4180} INFO - Setting next_dagrun for train_power_pred to 2025-07-21 00:00:00+00:00, run_after=2025-07-22 00:00:00+00:00
[2025-07-21T17:43:33.268+0000] {processor.py:208} INFO - Processing /opt/airflow/dags/train_power_pred.py took 3.517 seconds
[2025-07-21T17:44:04.563+0000] {processor.py:186} INFO - Started process (PID=1230) to work on /opt/airflow/dags/train_power_pred.py
[2025-07-21T17:44:04.564+0000] {processor.py:914} INFO - Processing file /opt/airflow/dags/train_power_pred.py for tasks to queue
[2025-07-21T17:44:04.567+0000] {logging_mixin.py:190} INFO - [2025-07-21T17:44:04.566+0000] {dagbag.py:588} INFO - Filling up the DagBag from /opt/airflow/dags/train_power_pred.py
[2025-07-21T17:44:08.046+0000] {processor.py:925} INFO - DAG(s) 'train_power_pred' retrieved from /opt/airflow/dags/train_power_pred.py
[2025-07-21T17:44:08.069+0000] {logging_mixin.py:190} INFO - [2025-07-21T17:44:08.068+0000] {dag.py:3239} INFO - Sync 1 DAGs
[2025-07-21T17:44:08.088+0000] {logging_mixin.py:190} INFO - [2025-07-21T17:44:08.087+0000] {dag.py:4180} INFO - Setting next_dagrun for train_power_pred to 2025-07-21 00:00:00+00:00, run_after=2025-07-22 00:00:00+00:00
[2025-07-21T17:44:08.102+0000] {processor.py:208} INFO - Processing /opt/airflow/dags/train_power_pred.py took 3.545 seconds
[2025-07-21T17:44:39.520+0000] {processor.py:186} INFO - Started process (PID=1328) to work on /opt/airflow/dags/train_power_pred.py
[2025-07-21T17:44:39.521+0000] {processor.py:914} INFO - Processing file /opt/airflow/dags/train_power_pred.py for tasks to queue
[2025-07-21T17:44:39.523+0000] {logging_mixin.py:190} INFO - [2025-07-21T17:44:39.523+0000] {dagbag.py:588} INFO - Filling up the DagBag from /opt/airflow/dags/train_power_pred.py
[2025-07-21T17:44:42.998+0000] {processor.py:925} INFO - DAG(s) 'train_power_pred' retrieved from /opt/airflow/dags/train_power_pred.py
[2025-07-21T17:44:43.020+0000] {logging_mixin.py:190} INFO - [2025-07-21T17:44:43.019+0000] {dag.py:3239} INFO - Sync 1 DAGs
[2025-07-21T17:44:43.037+0000] {logging_mixin.py:190} INFO - [2025-07-21T17:44:43.037+0000] {dag.py:4180} INFO - Setting next_dagrun for train_power_pred to 2025-07-21 00:00:00+00:00, run_after=2025-07-22 00:00:00+00:00
[2025-07-21T17:44:43.051+0000] {processor.py:208} INFO - Processing /opt/airflow/dags/train_power_pred.py took 3.537 seconds
[2025-07-21T17:45:14.265+0000] {processor.py:186} INFO - Started process (PID=1426) to work on /opt/airflow/dags/train_power_pred.py
[2025-07-21T17:45:14.266+0000] {processor.py:914} INFO - Processing file /opt/airflow/dags/train_power_pred.py for tasks to queue
[2025-07-21T17:45:14.269+0000] {logging_mixin.py:190} INFO - [2025-07-21T17:45:14.269+0000] {dagbag.py:588} INFO - Filling up the DagBag from /opt/airflow/dags/train_power_pred.py
[2025-07-21T17:45:17.742+0000] {processor.py:925} INFO - DAG(s) 'train_power_pred' retrieved from /opt/airflow/dags/train_power_pred.py
[2025-07-21T17:45:17.763+0000] {logging_mixin.py:190} INFO - [2025-07-21T17:45:17.763+0000] {dag.py:3239} INFO - Sync 1 DAGs
[2025-07-21T17:45:17.779+0000] {logging_mixin.py:190} INFO - [2025-07-21T17:45:17.779+0000] {dag.py:4180} INFO - Setting next_dagrun for train_power_pred to 2025-07-21 00:00:00+00:00, run_after=2025-07-22 00:00:00+00:00
[2025-07-21T17:45:17.792+0000] {processor.py:208} INFO - Processing /opt/airflow/dags/train_power_pred.py took 3.532 seconds
[2025-07-21T17:45:49.086+0000] {processor.py:186} INFO - Started process (PID=1524) to work on /opt/airflow/dags/train_power_pred.py
[2025-07-21T17:45:49.087+0000] {processor.py:914} INFO - Processing file /opt/airflow/dags/train_power_pred.py for tasks to queue
[2025-07-21T17:45:49.089+0000] {logging_mixin.py:190} INFO - [2025-07-21T17:45:49.089+0000] {dagbag.py:588} INFO - Filling up the DagBag from /opt/airflow/dags/train_power_pred.py
[2025-07-21T17:45:52.527+0000] {processor.py:925} INFO - DAG(s) 'train_power_pred' retrieved from /opt/airflow/dags/train_power_pred.py
[2025-07-21T17:45:52.548+0000] {logging_mixin.py:190} INFO - [2025-07-21T17:45:52.547+0000] {dag.py:3239} INFO - Sync 1 DAGs
[2025-07-21T17:45:52.566+0000] {logging_mixin.py:190} INFO - [2025-07-21T17:45:52.566+0000] {dag.py:4180} INFO - Setting next_dagrun for train_power_pred to 2025-07-21 00:00:00+00:00, run_after=2025-07-22 00:00:00+00:00
[2025-07-21T17:45:52.579+0000] {processor.py:208} INFO - Processing /opt/airflow/dags/train_power_pred.py took 3.499 seconds
[2025-07-21T17:46:23.892+0000] {processor.py:186} INFO - Started process (PID=1622) to work on /opt/airflow/dags/train_power_pred.py
[2025-07-21T17:46:23.893+0000] {processor.py:914} INFO - Processing file /opt/airflow/dags/train_power_pred.py for tasks to queue
[2025-07-21T17:46:23.896+0000] {logging_mixin.py:190} INFO - [2025-07-21T17:46:23.896+0000] {dagbag.py:588} INFO - Filling up the DagBag from /opt/airflow/dags/train_power_pred.py
[2025-07-21T17:46:27.309+0000] {processor.py:925} INFO - DAG(s) 'train_power_pred' retrieved from /opt/airflow/dags/train_power_pred.py
[2025-07-21T17:46:27.339+0000] {logging_mixin.py:190} INFO - [2025-07-21T17:46:27.339+0000] {dag.py:3239} INFO - Sync 1 DAGs
[2025-07-21T17:46:27.361+0000] {logging_mixin.py:190} INFO - [2025-07-21T17:46:27.361+0000] {dag.py:4180} INFO - Setting next_dagrun for train_power_pred to 2025-07-21 00:00:00+00:00, run_after=2025-07-22 00:00:00+00:00
[2025-07-21T17:46:27.379+0000] {processor.py:208} INFO - Processing /opt/airflow/dags/train_power_pred.py took 3.494 seconds
[2025-07-21T17:46:59.033+0000] {processor.py:186} INFO - Started process (PID=1720) to work on /opt/airflow/dags/train_power_pred.py
[2025-07-21T17:46:59.034+0000] {processor.py:914} INFO - Processing file /opt/airflow/dags/train_power_pred.py for tasks to queue
[2025-07-21T17:46:59.036+0000] {logging_mixin.py:190} INFO - [2025-07-21T17:46:59.035+0000] {dagbag.py:588} INFO - Filling up the DagBag from /opt/airflow/dags/train_power_pred.py
[2025-07-21T17:47:02.586+0000] {processor.py:925} INFO - DAG(s) 'train_power_pred' retrieved from /opt/airflow/dags/train_power_pred.py
[2025-07-21T17:47:02.609+0000] {logging_mixin.py:190} INFO - [2025-07-21T17:47:02.608+0000] {dag.py:3239} INFO - Sync 1 DAGs
[2025-07-21T17:47:02.626+0000] {logging_mixin.py:190} INFO - [2025-07-21T17:47:02.626+0000] {dag.py:4180} INFO - Setting next_dagrun for train_power_pred to 2025-07-21 00:00:00+00:00, run_after=2025-07-22 00:00:00+00:00
[2025-07-21T17:47:02.641+0000] {processor.py:208} INFO - Processing /opt/airflow/dags/train_power_pred.py took 3.615 seconds
[2025-07-21T17:47:33.775+0000] {processor.py:186} INFO - Started process (PID=1824) to work on /opt/airflow/dags/train_power_pred.py
[2025-07-21T17:47:33.776+0000] {processor.py:914} INFO - Processing file /opt/airflow/dags/train_power_pred.py for tasks to queue
[2025-07-21T17:47:33.779+0000] {logging_mixin.py:190} INFO - [2025-07-21T17:47:33.778+0000] {dagbag.py:588} INFO - Filling up the DagBag from /opt/airflow/dags/train_power_pred.py
[2025-07-21T17:47:37.337+0000] {processor.py:925} INFO - DAG(s) 'train_power_pred' retrieved from /opt/airflow/dags/train_power_pred.py
[2025-07-21T17:47:37.364+0000] {logging_mixin.py:190} INFO - [2025-07-21T17:47:37.363+0000] {dag.py:3239} INFO - Sync 1 DAGs
[2025-07-21T17:47:37.382+0000] {logging_mixin.py:190} INFO - [2025-07-21T17:47:37.382+0000] {dag.py:4180} INFO - Setting next_dagrun for train_power_pred to 2025-07-21 00:00:00+00:00, run_after=2025-07-22 00:00:00+00:00
[2025-07-21T17:47:37.397+0000] {processor.py:208} INFO - Processing /opt/airflow/dags/train_power_pred.py took 3.629 seconds
[2025-07-21T17:48:08.890+0000] {processor.py:186} INFO - Started process (PID=1922) to work on /opt/airflow/dags/train_power_pred.py
[2025-07-21T17:48:08.891+0000] {processor.py:914} INFO - Processing file /opt/airflow/dags/train_power_pred.py for tasks to queue
[2025-07-21T17:48:08.893+0000] {logging_mixin.py:190} INFO - [2025-07-21T17:48:08.893+0000] {dagbag.py:588} INFO - Filling up the DagBag from /opt/airflow/dags/train_power_pred.py
[2025-07-21T17:48:12.481+0000] {processor.py:925} INFO - DAG(s) 'train_power_pred' retrieved from /opt/airflow/dags/train_power_pred.py
[2025-07-21T17:48:12.501+0000] {logging_mixin.py:190} INFO - [2025-07-21T17:48:12.500+0000] {dag.py:3239} INFO - Sync 1 DAGs
[2025-07-21T17:48:12.518+0000] {logging_mixin.py:190} INFO - [2025-07-21T17:48:12.517+0000] {dag.py:4180} INFO - Setting next_dagrun for train_power_pred to 2025-07-21 00:00:00+00:00, run_after=2025-07-22 00:00:00+00:00
[2025-07-21T17:48:12.531+0000] {processor.py:208} INFO - Processing /opt/airflow/dags/train_power_pred.py took 3.648 seconds
[2025-07-21T17:48:43.663+0000] {processor.py:186} INFO - Started process (PID=2020) to work on /opt/airflow/dags/train_power_pred.py
[2025-07-21T17:48:43.664+0000] {processor.py:914} INFO - Processing file /opt/airflow/dags/train_power_pred.py for tasks to queue
[2025-07-21T17:48:43.666+0000] {logging_mixin.py:190} INFO - [2025-07-21T17:48:43.666+0000] {dagbag.py:588} INFO - Filling up the DagBag from /opt/airflow/dags/train_power_pred.py
[2025-07-21T17:48:47.293+0000] {processor.py:925} INFO - DAG(s) 'train_power_pred' retrieved from /opt/airflow/dags/train_power_pred.py
[2025-07-21T17:48:47.319+0000] {logging_mixin.py:190} INFO - [2025-07-21T17:48:47.318+0000] {dag.py:3239} INFO - Sync 1 DAGs
[2025-07-21T17:48:47.337+0000] {logging_mixin.py:190} INFO - [2025-07-21T17:48:47.337+0000] {dag.py:4180} INFO - Setting next_dagrun for train_power_pred to 2025-07-21 00:00:00+00:00, run_after=2025-07-22 00:00:00+00:00
[2025-07-21T17:48:47.351+0000] {processor.py:208} INFO - Processing /opt/airflow/dags/train_power_pred.py took 3.694 seconds
[2025-07-21T17:49:18.569+0000] {processor.py:186} INFO - Started process (PID=2118) to work on /opt/airflow/dags/train_power_pred.py
[2025-07-21T17:49:18.570+0000] {processor.py:914} INFO - Processing file /opt/airflow/dags/train_power_pred.py for tasks to queue
[2025-07-21T17:49:18.573+0000] {logging_mixin.py:190} INFO - [2025-07-21T17:49:18.573+0000] {dagbag.py:588} INFO - Filling up the DagBag from /opt/airflow/dags/train_power_pred.py
[2025-07-21T17:49:22.424+0000] {processor.py:925} INFO - DAG(s) 'train_power_pred' retrieved from /opt/airflow/dags/train_power_pred.py
[2025-07-21T17:49:22.450+0000] {logging_mixin.py:190} INFO - [2025-07-21T17:49:22.450+0000] {dag.py:3239} INFO - Sync 1 DAGs
[2025-07-21T17:49:22.469+0000] {logging_mixin.py:190} INFO - [2025-07-21T17:49:22.469+0000] {dag.py:4180} INFO - Setting next_dagrun for train_power_pred to 2025-07-21 00:00:00+00:00, run_after=2025-07-22 00:00:00+00:00
[2025-07-21T17:49:22.485+0000] {processor.py:208} INFO - Processing /opt/airflow/dags/train_power_pred.py took 3.922 seconds
[2025-07-21T17:49:53.899+0000] {processor.py:186} INFO - Started process (PID=2216) to work on /opt/airflow/dags/train_power_pred.py
[2025-07-21T17:49:53.900+0000] {processor.py:914} INFO - Processing file /opt/airflow/dags/train_power_pred.py for tasks to queue
[2025-07-21T17:49:53.902+0000] {logging_mixin.py:190} INFO - [2025-07-21T17:49:53.902+0000] {dagbag.py:588} INFO - Filling up the DagBag from /opt/airflow/dags/train_power_pred.py
[2025-07-21T17:49:57.826+0000] {processor.py:925} INFO - DAG(s) 'train_power_pred' retrieved from /opt/airflow/dags/train_power_pred.py
[2025-07-21T17:49:57.851+0000] {logging_mixin.py:190} INFO - [2025-07-21T17:49:57.850+0000] {dag.py:3239} INFO - Sync 1 DAGs
[2025-07-21T17:49:57.869+0000] {logging_mixin.py:190} INFO - [2025-07-21T17:49:57.869+0000] {dag.py:4180} INFO - Setting next_dagrun for train_power_pred to 2025-07-21 00:00:00+00:00, run_after=2025-07-22 00:00:00+00:00
[2025-07-21T17:49:57.885+0000] {processor.py:208} INFO - Processing /opt/airflow/dags/train_power_pred.py took 3.993 seconds
[2025-07-21T17:50:29.243+0000] {processor.py:186} INFO - Started process (PID=2314) to work on /opt/airflow/dags/train_power_pred.py
[2025-07-21T17:50:29.244+0000] {processor.py:914} INFO - Processing file /opt/airflow/dags/train_power_pred.py for tasks to queue
[2025-07-21T17:50:29.246+0000] {logging_mixin.py:190} INFO - [2025-07-21T17:50:29.246+0000] {dagbag.py:588} INFO - Filling up the DagBag from /opt/airflow/dags/train_power_pred.py
[2025-07-21T17:50:32.566+0000] {processor.py:925} INFO - DAG(s) 'train_power_pred' retrieved from /opt/airflow/dags/train_power_pred.py
[2025-07-21T17:50:32.583+0000] {logging_mixin.py:190} INFO - [2025-07-21T17:50:32.583+0000] {dag.py:3239} INFO - Sync 1 DAGs
[2025-07-21T17:50:32.600+0000] {logging_mixin.py:190} INFO - [2025-07-21T17:50:32.600+0000] {dag.py:4180} INFO - Setting next_dagrun for train_power_pred to 2025-07-21 00:00:00+00:00, run_after=2025-07-22 00:00:00+00:00
[2025-07-21T17:50:32.613+0000] {processor.py:208} INFO - Processing /opt/airflow/dags/train_power_pred.py took 3.376 seconds
[2025-07-21T17:51:03.892+0000] {processor.py:186} INFO - Started process (PID=2418) to work on /opt/airflow/dags/train_power_pred.py
[2025-07-21T17:51:03.893+0000] {processor.py:914} INFO - Processing file /opt/airflow/dags/train_power_pred.py for tasks to queue
[2025-07-21T17:51:03.897+0000] {logging_mixin.py:190} INFO - [2025-07-21T17:51:03.896+0000] {dagbag.py:588} INFO - Filling up the DagBag from /opt/airflow/dags/train_power_pred.py
[2025-07-21T17:51:07.449+0000] {processor.py:925} INFO - DAG(s) 'train_power_pred' retrieved from /opt/airflow/dags/train_power_pred.py
[2025-07-21T17:51:07.468+0000] {logging_mixin.py:190} INFO - [2025-07-21T17:51:07.468+0000] {dag.py:3239} INFO - Sync 1 DAGs
[2025-07-21T17:51:07.485+0000] {logging_mixin.py:190} INFO - [2025-07-21T17:51:07.485+0000] {dag.py:4180} INFO - Setting next_dagrun for train_power_pred to 2025-07-21 00:00:00+00:00, run_after=2025-07-22 00:00:00+00:00
[2025-07-21T17:51:07.499+0000] {processor.py:208} INFO - Processing /opt/airflow/dags/train_power_pred.py took 3.614 seconds
[2025-07-21T17:51:38.600+0000] {processor.py:186} INFO - Started process (PID=2516) to work on /opt/airflow/dags/train_power_pred.py
[2025-07-21T17:51:38.601+0000] {processor.py:914} INFO - Processing file /opt/airflow/dags/train_power_pred.py for tasks to queue
[2025-07-21T17:51:38.604+0000] {logging_mixin.py:190} INFO - [2025-07-21T17:51:38.603+0000] {dagbag.py:588} INFO - Filling up the DagBag from /opt/airflow/dags/train_power_pred.py
[2025-07-21T17:51:42.065+0000] {processor.py:925} INFO - DAG(s) 'train_power_pred' retrieved from /opt/airflow/dags/train_power_pred.py
[2025-07-21T17:51:42.094+0000] {logging_mixin.py:190} INFO - [2025-07-21T17:51:42.093+0000] {dag.py:3239} INFO - Sync 1 DAGs
[2025-07-21T17:51:42.114+0000] {logging_mixin.py:190} INFO - [2025-07-21T17:51:42.114+0000] {dag.py:4180} INFO - Setting next_dagrun for train_power_pred to 2025-07-21 00:00:00+00:00, run_after=2025-07-22 00:00:00+00:00
[2025-07-21T17:51:42.130+0000] {processor.py:208} INFO - Processing /opt/airflow/dags/train_power_pred.py took 3.538 seconds
[2025-07-21T17:52:13.792+0000] {processor.py:186} INFO - Started process (PID=2615) to work on /opt/airflow/dags/train_power_pred.py
[2025-07-21T17:52:13.793+0000] {processor.py:914} INFO - Processing file /opt/airflow/dags/train_power_pred.py for tasks to queue
[2025-07-21T17:52:13.796+0000] {logging_mixin.py:190} INFO - [2025-07-21T17:52:13.796+0000] {dagbag.py:588} INFO - Filling up the DagBag from /opt/airflow/dags/train_power_pred.py
[2025-07-21T17:52:17.289+0000] {processor.py:925} INFO - DAG(s) 'train_power_pred' retrieved from /opt/airflow/dags/train_power_pred.py
[2025-07-21T17:52:17.311+0000] {logging_mixin.py:190} INFO - [2025-07-21T17:52:17.310+0000] {dag.py:3239} INFO - Sync 1 DAGs
[2025-07-21T17:52:17.331+0000] {logging_mixin.py:190} INFO - [2025-07-21T17:52:17.330+0000] {dag.py:4180} INFO - Setting next_dagrun for train_power_pred to 2025-07-21 00:00:00+00:00, run_after=2025-07-22 00:00:00+00:00
[2025-07-21T17:52:17.362+0000] {processor.py:208} INFO - Processing /opt/airflow/dags/train_power_pred.py took 3.577 seconds
[2025-07-21T17:52:49.057+0000] {processor.py:186} INFO - Started process (PID=2728) to work on /opt/airflow/dags/train_power_pred.py
[2025-07-21T17:52:49.064+0000] {processor.py:914} INFO - Processing file /opt/airflow/dags/train_power_pred.py for tasks to queue
[2025-07-21T17:52:49.068+0000] {logging_mixin.py:190} INFO - [2025-07-21T17:52:49.067+0000] {dagbag.py:588} INFO - Filling up the DagBag from /opt/airflow/dags/train_power_pred.py
[2025-07-21T17:52:52.465+0000] {processor.py:925} INFO - DAG(s) 'train_power_pred' retrieved from /opt/airflow/dags/train_power_pred.py
[2025-07-21T17:52:52.489+0000] {logging_mixin.py:190} INFO - [2025-07-21T17:52:52.488+0000] {dag.py:3239} INFO - Sync 1 DAGs
[2025-07-21T17:52:52.509+0000] {logging_mixin.py:190} INFO - [2025-07-21T17:52:52.509+0000] {dag.py:4180} INFO - Setting next_dagrun for train_power_pred to 2025-07-21 00:00:00+00:00, run_after=2025-07-22 00:00:00+00:00
[2025-07-21T17:52:52.526+0000] {processor.py:208} INFO - Processing /opt/airflow/dags/train_power_pred.py took 3.481 seconds
[2025-07-21T17:53:24.345+0000] {processor.py:186} INFO - Started process (PID=2826) to work on /opt/airflow/dags/train_power_pred.py
[2025-07-21T17:53:24.346+0000] {processor.py:914} INFO - Processing file /opt/airflow/dags/train_power_pred.py for tasks to queue
[2025-07-21T17:53:24.348+0000] {logging_mixin.py:190} INFO - [2025-07-21T17:53:24.347+0000] {dagbag.py:588} INFO - Filling up the DagBag from /opt/airflow/dags/train_power_pred.py
[2025-07-21T17:53:27.637+0000] {processor.py:925} INFO - DAG(s) 'train_power_pred' retrieved from /opt/airflow/dags/train_power_pred.py
[2025-07-21T17:53:27.658+0000] {logging_mixin.py:190} INFO - [2025-07-21T17:53:27.658+0000] {dag.py:3239} INFO - Sync 1 DAGs
[2025-07-21T17:53:27.675+0000] {logging_mixin.py:190} INFO - [2025-07-21T17:53:27.675+0000] {dag.py:4180} INFO - Setting next_dagrun for train_power_pred to 2025-07-21 00:00:00+00:00, run_after=2025-07-22 00:00:00+00:00
[2025-07-21T17:53:27.689+0000] {processor.py:208} INFO - Processing /opt/airflow/dags/train_power_pred.py took 3.350 seconds
[2025-07-21T17:53:58.842+0000] {processor.py:186} INFO - Started process (PID=2908) to work on /opt/airflow/dags/train_power_pred.py
[2025-07-21T17:53:58.843+0000] {processor.py:914} INFO - Processing file /opt/airflow/dags/train_power_pred.py for tasks to queue
[2025-07-21T17:53:58.845+0000] {logging_mixin.py:190} INFO - [2025-07-21T17:53:58.845+0000] {dagbag.py:588} INFO - Filling up the DagBag from /opt/airflow/dags/train_power_pred.py
[2025-07-21T17:54:02.040+0000] {processor.py:925} INFO - DAG(s) 'train_power_pred' retrieved from /opt/airflow/dags/train_power_pred.py
[2025-07-21T17:54:02.058+0000] {logging_mixin.py:190} INFO - [2025-07-21T17:54:02.058+0000] {dag.py:3239} INFO - Sync 1 DAGs
[2025-07-21T17:54:02.075+0000] {logging_mixin.py:190} INFO - [2025-07-21T17:54:02.075+0000] {dag.py:4180} INFO - Setting next_dagrun for train_power_pred to 2025-07-21 00:00:00+00:00, run_after=2025-07-22 00:00:00+00:00
[2025-07-21T17:54:02.089+0000] {processor.py:208} INFO - Processing /opt/airflow/dags/train_power_pred.py took 3.253 seconds
[2025-07-21T17:54:33.413+0000] {processor.py:186} INFO - Started process (PID=3012) to work on /opt/airflow/dags/train_power_pred.py
[2025-07-21T17:54:33.415+0000] {processor.py:914} INFO - Processing file /opt/airflow/dags/train_power_pred.py for tasks to queue
[2025-07-21T17:54:33.417+0000] {logging_mixin.py:190} INFO - [2025-07-21T17:54:33.417+0000] {dagbag.py:588} INFO - Filling up the DagBag from /opt/airflow/dags/train_power_pred.py
[2025-07-21T17:54:36.900+0000] {processor.py:925} INFO - DAG(s) 'train_power_pred' retrieved from /opt/airflow/dags/train_power_pred.py
[2025-07-21T17:54:36.920+0000] {logging_mixin.py:190} INFO - [2025-07-21T17:54:36.919+0000] {dag.py:3239} INFO - Sync 1 DAGs
[2025-07-21T17:54:36.937+0000] {logging_mixin.py:190} INFO - [2025-07-21T17:54:36.937+0000] {dag.py:4180} INFO - Setting next_dagrun for train_power_pred to 2025-07-21 00:00:00+00:00, run_after=2025-07-22 00:00:00+00:00
[2025-07-21T17:54:36.952+0000] {processor.py:208} INFO - Processing /opt/airflow/dags/train_power_pred.py took 3.545 seconds
[2025-07-21T17:55:08.130+0000] {processor.py:186} INFO - Started process (PID=3110) to work on /opt/airflow/dags/train_power_pred.py
[2025-07-21T17:55:08.131+0000] {processor.py:914} INFO - Processing file /opt/airflow/dags/train_power_pred.py for tasks to queue
[2025-07-21T17:55:08.134+0000] {logging_mixin.py:190} INFO - [2025-07-21T17:55:08.133+0000] {dagbag.py:588} INFO - Filling up the DagBag from /opt/airflow/dags/train_power_pred.py
[2025-07-21T17:55:11.482+0000] {processor.py:925} INFO - DAG(s) 'train_power_pred' retrieved from /opt/airflow/dags/train_power_pred.py
[2025-07-21T17:55:11.503+0000] {logging_mixin.py:190} INFO - [2025-07-21T17:55:11.503+0000] {dag.py:3239} INFO - Sync 1 DAGs
[2025-07-21T17:55:11.520+0000] {logging_mixin.py:190} INFO - [2025-07-21T17:55:11.520+0000] {dag.py:4180} INFO - Setting next_dagrun for train_power_pred to 2025-07-21 00:00:00+00:00, run_after=2025-07-22 00:00:00+00:00
[2025-07-21T17:55:11.534+0000] {processor.py:208} INFO - Processing /opt/airflow/dags/train_power_pred.py took 3.409 seconds
[2025-07-21T17:55:43.366+0000] {processor.py:186} INFO - Started process (PID=3224) to work on /opt/airflow/dags/train_power_pred.py
[2025-07-21T17:55:43.367+0000] {processor.py:914} INFO - Processing file /opt/airflow/dags/train_power_pred.py for tasks to queue
[2025-07-21T17:55:43.370+0000] {logging_mixin.py:190} INFO - [2025-07-21T17:55:43.369+0000] {dagbag.py:588} INFO - Filling up the DagBag from /opt/airflow/dags/train_power_pred.py
[2025-07-21T17:55:47.129+0000] {processor.py:925} INFO - DAG(s) 'train_power_pred' retrieved from /opt/airflow/dags/train_power_pred.py
[2025-07-21T17:55:47.149+0000] {logging_mixin.py:190} INFO - [2025-07-21T17:55:47.149+0000] {dag.py:3239} INFO - Sync 1 DAGs
[2025-07-21T17:55:47.168+0000] {logging_mixin.py:190} INFO - [2025-07-21T17:55:47.168+0000] {dag.py:4180} INFO - Setting next_dagrun for train_power_pred to 2025-07-21 00:00:00+00:00, run_after=2025-07-22 00:00:00+00:00
[2025-07-21T17:55:47.182+0000] {processor.py:208} INFO - Processing /opt/airflow/dags/train_power_pred.py took 3.824 seconds
[2025-07-21T17:56:18.495+0000] {processor.py:186} INFO - Started process (PID=3322) to work on /opt/airflow/dags/train_power_pred.py
[2025-07-21T17:56:18.496+0000] {processor.py:914} INFO - Processing file /opt/airflow/dags/train_power_pred.py for tasks to queue
[2025-07-21T17:56:18.498+0000] {logging_mixin.py:190} INFO - [2025-07-21T17:56:18.498+0000] {dagbag.py:588} INFO - Filling up the DagBag from /opt/airflow/dags/train_power_pred.py
[2025-07-21T17:56:21.778+0000] {processor.py:925} INFO - DAG(s) 'train_power_pred' retrieved from /opt/airflow/dags/train_power_pred.py
[2025-07-21T17:56:21.799+0000] {logging_mixin.py:190} INFO - [2025-07-21T17:56:21.798+0000] {dag.py:3239} INFO - Sync 1 DAGs
[2025-07-21T17:56:21.816+0000] {logging_mixin.py:190} INFO - [2025-07-21T17:56:21.816+0000] {dag.py:4180} INFO - Setting next_dagrun for train_power_pred to 2025-07-21 00:00:00+00:00, run_after=2025-07-22 00:00:00+00:00
[2025-07-21T17:56:21.829+0000] {processor.py:208} INFO - Processing /opt/airflow/dags/train_power_pred.py took 3.340 seconds
[2025-07-21T17:56:53.679+0000] {processor.py:186} INFO - Started process (PID=3420) to work on /opt/airflow/dags/train_power_pred.py
[2025-07-21T17:56:53.681+0000] {processor.py:914} INFO - Processing file /opt/airflow/dags/train_power_pred.py for tasks to queue
[2025-07-21T17:56:53.683+0000] {logging_mixin.py:190} INFO - [2025-07-21T17:56:53.683+0000] {dagbag.py:588} INFO - Filling up the DagBag from /opt/airflow/dags/train_power_pred.py
[2025-07-21T17:56:57.316+0000] {processor.py:925} INFO - DAG(s) 'train_power_pred' retrieved from /opt/airflow/dags/train_power_pred.py
[2025-07-21T17:56:57.338+0000] {logging_mixin.py:190} INFO - [2025-07-21T17:56:57.338+0000] {dag.py:3239} INFO - Sync 1 DAGs
[2025-07-21T17:56:57.357+0000] {logging_mixin.py:190} INFO - [2025-07-21T17:56:57.357+0000] {dag.py:4180} INFO - Setting next_dagrun for train_power_pred to 2025-07-21 00:00:00+00:00, run_after=2025-07-22 00:00:00+00:00
[2025-07-21T17:56:57.373+0000] {processor.py:208} INFO - Processing /opt/airflow/dags/train_power_pred.py took 3.701 seconds
[2025-07-21T17:57:28.780+0000] {processor.py:186} INFO - Started process (PID=3518) to work on /opt/airflow/dags/train_power_pred.py
[2025-07-21T17:57:28.781+0000] {processor.py:914} INFO - Processing file /opt/airflow/dags/train_power_pred.py for tasks to queue
[2025-07-21T17:57:28.784+0000] {logging_mixin.py:190} INFO - [2025-07-21T17:57:28.784+0000] {dagbag.py:588} INFO - Filling up the DagBag from /opt/airflow/dags/train_power_pred.py
[2025-07-21T17:57:32.361+0000] {processor.py:925} INFO - DAG(s) 'train_power_pred' retrieved from /opt/airflow/dags/train_power_pred.py
[2025-07-21T17:57:32.384+0000] {logging_mixin.py:190} INFO - [2025-07-21T17:57:32.383+0000] {dag.py:3239} INFO - Sync 1 DAGs
[2025-07-21T17:57:32.402+0000] {logging_mixin.py:190} INFO - [2025-07-21T17:57:32.402+0000] {dag.py:4180} INFO - Setting next_dagrun for train_power_pred to 2025-07-21 00:00:00+00:00, run_after=2025-07-22 00:00:00+00:00
[2025-07-21T17:57:32.420+0000] {processor.py:208} INFO - Processing /opt/airflow/dags/train_power_pred.py took 3.647 seconds
[2025-07-21T17:58:04.218+0000] {processor.py:186} INFO - Started process (PID=3622) to work on /opt/airflow/dags/train_power_pred.py
[2025-07-21T17:58:04.219+0000] {processor.py:914} INFO - Processing file /opt/airflow/dags/train_power_pred.py for tasks to queue
[2025-07-21T17:58:04.222+0000] {logging_mixin.py:190} INFO - [2025-07-21T17:58:04.222+0000] {dagbag.py:588} INFO - Filling up the DagBag from /opt/airflow/dags/train_power_pred.py
[2025-07-21T17:58:07.839+0000] {processor.py:925} INFO - DAG(s) 'train_power_pred' retrieved from /opt/airflow/dags/train_power_pred.py
[2025-07-21T17:58:07.871+0000] {logging_mixin.py:190} INFO - [2025-07-21T17:58:07.868+0000] {dag.py:3239} INFO - Sync 1 DAGs
[2025-07-21T17:58:07.894+0000] {logging_mixin.py:190} INFO - [2025-07-21T17:58:07.893+0000] {dag.py:4180} INFO - Setting next_dagrun for train_power_pred to 2025-07-21 00:00:00+00:00, run_after=2025-07-22 00:00:00+00:00
[2025-07-21T17:58:07.913+0000] {processor.py:208} INFO - Processing /opt/airflow/dags/train_power_pred.py took 3.704 seconds
[2025-07-21T17:58:39.340+0000] {processor.py:186} INFO - Started process (PID=3720) to work on /opt/airflow/dags/train_power_pred.py
[2025-07-21T17:58:39.342+0000] {processor.py:914} INFO - Processing file /opt/airflow/dags/train_power_pred.py for tasks to queue
[2025-07-21T17:58:39.346+0000] {logging_mixin.py:190} INFO - [2025-07-21T17:58:39.345+0000] {dagbag.py:588} INFO - Filling up the DagBag from /opt/airflow/dags/train_power_pred.py
[2025-07-21T17:58:42.759+0000] {processor.py:925} INFO - DAG(s) 'train_power_pred' retrieved from /opt/airflow/dags/train_power_pred.py
[2025-07-21T17:58:42.779+0000] {logging_mixin.py:190} INFO - [2025-07-21T17:58:42.778+0000] {dag.py:3239} INFO - Sync 1 DAGs
[2025-07-21T17:58:42.796+0000] {logging_mixin.py:190} INFO - [2025-07-21T17:58:42.796+0000] {dag.py:4180} INFO - Setting next_dagrun for train_power_pred to 2025-07-21 00:00:00+00:00, run_after=2025-07-22 00:00:00+00:00
[2025-07-21T17:58:42.812+0000] {processor.py:208} INFO - Processing /opt/airflow/dags/train_power_pred.py took 3.479 seconds
[2025-07-21T17:59:14.869+0000] {processor.py:186} INFO - Started process (PID=3818) to work on /opt/airflow/dags/train_power_pred.py
[2025-07-21T17:59:14.870+0000] {processor.py:914} INFO - Processing file /opt/airflow/dags/train_power_pred.py for tasks to queue
[2025-07-21T17:59:14.873+0000] {logging_mixin.py:190} INFO - [2025-07-21T17:59:14.873+0000] {dagbag.py:588} INFO - Filling up the DagBag from /opt/airflow/dags/train_power_pred.py
[2025-07-21T17:59:18.199+0000] {processor.py:925} INFO - DAG(s) 'train_power_pred' retrieved from /opt/airflow/dags/train_power_pred.py
[2025-07-21T17:59:18.218+0000] {logging_mixin.py:190} INFO - [2025-07-21T17:59:18.217+0000] {dag.py:3239} INFO - Sync 1 DAGs
[2025-07-21T17:59:18.233+0000] {logging_mixin.py:190} INFO - [2025-07-21T17:59:18.233+0000] {dag.py:4180} INFO - Setting next_dagrun for train_power_pred to 2025-07-21 00:00:00+00:00, run_after=2025-07-22 00:00:00+00:00
[2025-07-21T17:59:18.246+0000] {processor.py:208} INFO - Processing /opt/airflow/dags/train_power_pred.py took 3.382 seconds
[2025-07-21T17:59:49.837+0000] {processor.py:186} INFO - Started process (PID=3916) to work on /opt/airflow/dags/train_power_pred.py
[2025-07-21T17:59:49.838+0000] {processor.py:914} INFO - Processing file /opt/airflow/dags/train_power_pred.py for tasks to queue
[2025-07-21T17:59:49.841+0000] {logging_mixin.py:190} INFO - [2025-07-21T17:59:49.841+0000] {dagbag.py:588} INFO - Filling up the DagBag from /opt/airflow/dags/train_power_pred.py
[2025-07-21T17:59:53.352+0000] {processor.py:925} INFO - DAG(s) 'train_power_pred' retrieved from /opt/airflow/dags/train_power_pred.py
[2025-07-21T17:59:53.371+0000] {logging_mixin.py:190} INFO - [2025-07-21T17:59:53.370+0000] {dag.py:3239} INFO - Sync 1 DAGs
[2025-07-21T17:59:53.386+0000] {logging_mixin.py:190} INFO - [2025-07-21T17:59:53.386+0000] {dag.py:4180} INFO - Setting next_dagrun for train_power_pred to 2025-07-21 00:00:00+00:00, run_after=2025-07-22 00:00:00+00:00
[2025-07-21T17:59:53.399+0000] {processor.py:208} INFO - Processing /opt/airflow/dags/train_power_pred.py took 3.570 seconds
[2025-07-21T18:00:25.053+0000] {processor.py:186} INFO - Started process (PID=4014) to work on /opt/airflow/dags/train_power_pred.py
[2025-07-21T18:00:25.054+0000] {processor.py:914} INFO - Processing file /opt/airflow/dags/train_power_pred.py for tasks to queue
[2025-07-21T18:00:25.057+0000] {logging_mixin.py:190} INFO - [2025-07-21T18:00:25.057+0000] {dagbag.py:588} INFO - Filling up the DagBag from /opt/airflow/dags/train_power_pred.py
[2025-07-21T18:00:28.403+0000] {processor.py:925} INFO - DAG(s) 'train_power_pred' retrieved from /opt/airflow/dags/train_power_pred.py
[2025-07-21T18:00:28.421+0000] {logging_mixin.py:190} INFO - [2025-07-21T18:00:28.421+0000] {dag.py:3239} INFO - Sync 1 DAGs
[2025-07-21T18:00:28.436+0000] {logging_mixin.py:190} INFO - [2025-07-21T18:00:28.436+0000] {dag.py:4180} INFO - Setting next_dagrun for train_power_pred to 2025-07-21 00:00:00+00:00, run_after=2025-07-22 00:00:00+00:00
[2025-07-21T18:00:28.449+0000] {processor.py:208} INFO - Processing /opt/airflow/dags/train_power_pred.py took 3.403 seconds
[2025-07-21T18:00:59.536+0000] {processor.py:186} INFO - Started process (PID=4112) to work on /opt/airflow/dags/train_power_pred.py
[2025-07-21T18:00:59.537+0000] {processor.py:914} INFO - Processing file /opt/airflow/dags/train_power_pred.py for tasks to queue
[2025-07-21T18:00:59.539+0000] {logging_mixin.py:190} INFO - [2025-07-21T18:00:59.538+0000] {dagbag.py:588} INFO - Filling up the DagBag from /opt/airflow/dags/train_power_pred.py
[2025-07-21T18:01:02.873+0000] {processor.py:925} INFO - DAG(s) 'train_power_pred' retrieved from /opt/airflow/dags/train_power_pred.py
[2025-07-21T18:01:02.894+0000] {logging_mixin.py:190} INFO - [2025-07-21T18:01:02.893+0000] {dag.py:3239} INFO - Sync 1 DAGs
[2025-07-21T18:01:02.910+0000] {logging_mixin.py:190} INFO - [2025-07-21T18:01:02.910+0000] {dag.py:4180} INFO - Setting next_dagrun for train_power_pred to 2025-07-21 00:00:00+00:00, run_after=2025-07-22 00:00:00+00:00
[2025-07-21T18:01:02.925+0000] {processor.py:208} INFO - Processing /opt/airflow/dags/train_power_pred.py took 3.398 seconds
[2025-07-21T18:01:34.458+0000] {processor.py:186} INFO - Started process (PID=4201) to work on /opt/airflow/dags/train_power_pred.py
[2025-07-21T18:01:34.459+0000] {processor.py:914} INFO - Processing file /opt/airflow/dags/train_power_pred.py for tasks to queue
[2025-07-21T18:01:34.461+0000] {logging_mixin.py:190} INFO - [2025-07-21T18:01:34.460+0000] {dagbag.py:588} INFO - Filling up the DagBag from /opt/airflow/dags/train_power_pred.py
[2025-07-21T18:01:37.749+0000] {processor.py:925} INFO - DAG(s) 'train_power_pred' retrieved from /opt/airflow/dags/train_power_pred.py
[2025-07-21T18:01:37.769+0000] {logging_mixin.py:190} INFO - [2025-07-21T18:01:37.768+0000] {dag.py:3239} INFO - Sync 1 DAGs
[2025-07-21T18:01:37.786+0000] {logging_mixin.py:190} INFO - [2025-07-21T18:01:37.786+0000] {dag.py:4180} INFO - Setting next_dagrun for train_power_pred to 2025-07-21 00:00:00+00:00, run_after=2025-07-22 00:00:00+00:00
[2025-07-21T18:01:37.798+0000] {processor.py:208} INFO - Processing /opt/airflow/dags/train_power_pred.py took 3.347 seconds
[2025-07-21T18:02:09.237+0000] {processor.py:186} INFO - Started process (PID=4299) to work on /opt/airflow/dags/train_power_pred.py
[2025-07-21T18:02:09.238+0000] {processor.py:914} INFO - Processing file /opt/airflow/dags/train_power_pred.py for tasks to queue
[2025-07-21T18:02:09.241+0000] {logging_mixin.py:190} INFO - [2025-07-21T18:02:09.240+0000] {dagbag.py:588} INFO - Filling up the DagBag from /opt/airflow/dags/train_power_pred.py
[2025-07-21T18:02:12.659+0000] {processor.py:925} INFO - DAG(s) 'train_power_pred' retrieved from /opt/airflow/dags/train_power_pred.py
[2025-07-21T18:02:12.682+0000] {logging_mixin.py:190} INFO - [2025-07-21T18:02:12.681+0000] {dag.py:3239} INFO - Sync 1 DAGs
[2025-07-21T18:02:12.700+0000] {logging_mixin.py:190} INFO - [2025-07-21T18:02:12.700+0000] {dag.py:4180} INFO - Setting next_dagrun for train_power_pred to 2025-07-21 00:00:00+00:00, run_after=2025-07-22 00:00:00+00:00
[2025-07-21T18:02:12.716+0000] {processor.py:208} INFO - Processing /opt/airflow/dags/train_power_pred.py took 3.485 seconds
[2025-07-21T18:02:44.584+0000] {processor.py:186} INFO - Started process (PID=4412) to work on /opt/airflow/dags/train_power_pred.py
[2025-07-21T18:02:44.585+0000] {processor.py:914} INFO - Processing file /opt/airflow/dags/train_power_pred.py for tasks to queue
[2025-07-21T18:02:44.587+0000] {logging_mixin.py:190} INFO - [2025-07-21T18:02:44.587+0000] {dagbag.py:588} INFO - Filling up the DagBag from /opt/airflow/dags/train_power_pred.py
[2025-07-21T18:02:48.054+0000] {processor.py:925} INFO - DAG(s) 'train_power_pred' retrieved from /opt/airflow/dags/train_power_pred.py
[2025-07-21T18:02:48.080+0000] {logging_mixin.py:190} INFO - [2025-07-21T18:02:48.080+0000] {dag.py:3239} INFO - Sync 1 DAGs
[2025-07-21T18:02:48.102+0000] {logging_mixin.py:190} INFO - [2025-07-21T18:02:48.101+0000] {dag.py:4180} INFO - Setting next_dagrun for train_power_pred to 2025-07-21 00:00:00+00:00, run_after=2025-07-22 00:00:00+00:00
[2025-07-21T18:02:48.116+0000] {processor.py:208} INFO - Processing /opt/airflow/dags/train_power_pred.py took 3.538 seconds
[2025-07-21T18:03:19.570+0000] {processor.py:186} INFO - Started process (PID=4510) to work on /opt/airflow/dags/train_power_pred.py
[2025-07-21T18:03:19.571+0000] {processor.py:914} INFO - Processing file /opt/airflow/dags/train_power_pred.py for tasks to queue
[2025-07-21T18:03:19.573+0000] {logging_mixin.py:190} INFO - [2025-07-21T18:03:19.573+0000] {dagbag.py:588} INFO - Filling up the DagBag from /opt/airflow/dags/train_power_pred.py
[2025-07-21T18:03:22.938+0000] {processor.py:925} INFO - DAG(s) 'train_power_pred' retrieved from /opt/airflow/dags/train_power_pred.py
[2025-07-21T18:03:22.960+0000] {logging_mixin.py:190} INFO - [2025-07-21T18:03:22.958+0000] {dag.py:3239} INFO - Sync 1 DAGs
[2025-07-21T18:03:22.977+0000] {logging_mixin.py:190} INFO - [2025-07-21T18:03:22.976+0000] {dag.py:4180} INFO - Setting next_dagrun for train_power_pred to 2025-07-21 00:00:00+00:00, run_after=2025-07-22 00:00:00+00:00
[2025-07-21T18:03:22.993+0000] {processor.py:208} INFO - Processing /opt/airflow/dags/train_power_pred.py took 3.428 seconds
[2025-07-21T18:03:54.793+0000] {processor.py:186} INFO - Started process (PID=4593) to work on /opt/airflow/dags/train_power_pred.py
[2025-07-21T18:03:54.794+0000] {processor.py:914} INFO - Processing file /opt/airflow/dags/train_power_pred.py for tasks to queue
[2025-07-21T18:03:54.796+0000] {logging_mixin.py:190} INFO - [2025-07-21T18:03:54.796+0000] {dagbag.py:588} INFO - Filling up the DagBag from /opt/airflow/dags/train_power_pred.py
[2025-07-21T18:03:58.246+0000] {processor.py:925} INFO - DAG(s) 'train_power_pred' retrieved from /opt/airflow/dags/train_power_pred.py
[2025-07-21T18:03:58.268+0000] {logging_mixin.py:190} INFO - [2025-07-21T18:03:58.268+0000] {dag.py:3239} INFO - Sync 1 DAGs
[2025-07-21T18:03:58.286+0000] {logging_mixin.py:190} INFO - [2025-07-21T18:03:58.286+0000] {dag.py:4180} INFO - Setting next_dagrun for train_power_pred to 2025-07-21 00:00:00+00:00, run_after=2025-07-22 00:00:00+00:00
[2025-07-21T18:03:58.301+0000] {processor.py:208} INFO - Processing /opt/airflow/dags/train_power_pred.py took 3.513 seconds
[2025-07-21T18:04:29.910+0000] {processor.py:186} INFO - Started process (PID=4691) to work on /opt/airflow/dags/train_power_pred.py
[2025-07-21T18:04:29.911+0000] {processor.py:914} INFO - Processing file /opt/airflow/dags/train_power_pred.py for tasks to queue
[2025-07-21T18:04:29.913+0000] {logging_mixin.py:190} INFO - [2025-07-21T18:04:29.913+0000] {dagbag.py:588} INFO - Filling up the DagBag from /opt/airflow/dags/train_power_pred.py
[2025-07-21T18:04:33.429+0000] {processor.py:925} INFO - DAG(s) 'train_power_pred' retrieved from /opt/airflow/dags/train_power_pred.py
[2025-07-21T18:04:33.452+0000] {logging_mixin.py:190} INFO - [2025-07-21T18:04:33.452+0000] {dag.py:3239} INFO - Sync 1 DAGs
[2025-07-21T18:04:33.471+0000] {logging_mixin.py:190} INFO - [2025-07-21T18:04:33.471+0000] {dag.py:4180} INFO - Setting next_dagrun for train_power_pred to 2025-07-21 00:00:00+00:00, run_after=2025-07-22 00:00:00+00:00
[2025-07-21T18:04:33.486+0000] {processor.py:208} INFO - Processing /opt/airflow/dags/train_power_pred.py took 3.584 seconds
[2025-07-21T18:05:04.918+0000] {processor.py:186} INFO - Started process (PID=4796) to work on /opt/airflow/dags/train_power_pred.py
[2025-07-21T18:05:04.919+0000] {processor.py:914} INFO - Processing file /opt/airflow/dags/train_power_pred.py for tasks to queue
[2025-07-21T18:05:04.922+0000] {logging_mixin.py:190} INFO - [2025-07-21T18:05:04.921+0000] {dagbag.py:588} INFO - Filling up the DagBag from /opt/airflow/dags/train_power_pred.py
[2025-07-21T18:05:08.569+0000] {processor.py:925} INFO - DAG(s) 'train_power_pred' retrieved from /opt/airflow/dags/train_power_pred.py
[2025-07-21T18:05:08.595+0000] {logging_mixin.py:190} INFO - [2025-07-21T18:05:08.593+0000] {dag.py:3239} INFO - Sync 1 DAGs
[2025-07-21T18:05:08.616+0000] {logging_mixin.py:190} INFO - [2025-07-21T18:05:08.616+0000] {dag.py:4180} INFO - Setting next_dagrun for train_power_pred to 2025-07-21 00:00:00+00:00, run_after=2025-07-22 00:00:00+00:00
[2025-07-21T18:05:08.633+0000] {processor.py:208} INFO - Processing /opt/airflow/dags/train_power_pred.py took 3.721 seconds
[2025-07-21T18:05:40.500+0000] {processor.py:186} INFO - Started process (PID=4894) to work on /opt/airflow/dags/train_power_pred.py
[2025-07-21T18:05:40.501+0000] {processor.py:914} INFO - Processing file /opt/airflow/dags/train_power_pred.py for tasks to queue
[2025-07-21T18:05:40.504+0000] {logging_mixin.py:190} INFO - [2025-07-21T18:05:40.504+0000] {dagbag.py:588} INFO - Filling up the DagBag from /opt/airflow/dags/train_power_pred.py
[2025-07-21T18:05:43.989+0000] {processor.py:925} INFO - DAG(s) 'train_power_pred' retrieved from /opt/airflow/dags/train_power_pred.py
[2025-07-21T18:05:44.011+0000] {logging_mixin.py:190} INFO - [2025-07-21T18:05:44.010+0000] {dag.py:3239} INFO - Sync 1 DAGs
[2025-07-21T18:05:44.028+0000] {logging_mixin.py:190} INFO - [2025-07-21T18:05:44.028+0000] {dag.py:4180} INFO - Setting next_dagrun for train_power_pred to 2025-07-21 00:00:00+00:00, run_after=2025-07-22 00:00:00+00:00
[2025-07-21T18:05:44.042+0000] {processor.py:208} INFO - Processing /opt/airflow/dags/train_power_pred.py took 3.547 seconds
[2025-07-21T18:06:15.570+0000] {processor.py:186} INFO - Started process (PID=4992) to work on /opt/airflow/dags/train_power_pred.py
[2025-07-21T18:06:15.571+0000] {processor.py:914} INFO - Processing file /opt/airflow/dags/train_power_pred.py for tasks to queue
[2025-07-21T18:06:15.573+0000] {logging_mixin.py:190} INFO - [2025-07-21T18:06:15.573+0000] {dagbag.py:588} INFO - Filling up the DagBag from /opt/airflow/dags/train_power_pred.py
[2025-07-21T18:06:19.226+0000] {processor.py:925} INFO - DAG(s) 'train_power_pred' retrieved from /opt/airflow/dags/train_power_pred.py
[2025-07-21T18:06:19.248+0000] {logging_mixin.py:190} INFO - [2025-07-21T18:06:19.247+0000] {dag.py:3239} INFO - Sync 1 DAGs
[2025-07-21T18:06:19.266+0000] {logging_mixin.py:190} INFO - [2025-07-21T18:06:19.266+0000] {dag.py:4180} INFO - Setting next_dagrun for train_power_pred to 2025-07-21 00:00:00+00:00, run_after=2025-07-22 00:00:00+00:00
[2025-07-21T18:06:19.281+0000] {processor.py:208} INFO - Processing /opt/airflow/dags/train_power_pred.py took 3.717 seconds
[2025-07-21T18:06:50.969+0000] {processor.py:186} INFO - Started process (PID=5105) to work on /opt/airflow/dags/train_power_pred.py
[2025-07-21T18:06:50.970+0000] {processor.py:914} INFO - Processing file /opt/airflow/dags/train_power_pred.py for tasks to queue
[2025-07-21T18:06:50.973+0000] {logging_mixin.py:190} INFO - [2025-07-21T18:06:50.973+0000] {dagbag.py:588} INFO - Filling up the DagBag from /opt/airflow/dags/train_power_pred.py
[2025-07-21T18:06:54.475+0000] {processor.py:925} INFO - DAG(s) 'train_power_pred' retrieved from /opt/airflow/dags/train_power_pred.py
[2025-07-21T18:06:54.498+0000] {logging_mixin.py:190} INFO - [2025-07-21T18:06:54.497+0000] {dag.py:3239} INFO - Sync 1 DAGs
[2025-07-21T18:06:54.516+0000] {logging_mixin.py:190} INFO - [2025-07-21T18:06:54.516+0000] {dag.py:4180} INFO - Setting next_dagrun for train_power_pred to 2025-07-21 00:00:00+00:00, run_after=2025-07-22 00:00:00+00:00
[2025-07-21T18:06:54.534+0000] {processor.py:208} INFO - Processing /opt/airflow/dags/train_power_pred.py took 3.573 seconds
[2025-07-21T18:07:27.673+0000] {processor.py:186} INFO - Started process (PID=5203) to work on /opt/airflow/dags/train_power_pred.py
[2025-07-21T18:07:27.674+0000] {processor.py:914} INFO - Processing file /opt/airflow/dags/train_power_pred.py for tasks to queue
[2025-07-21T18:07:27.676+0000] {logging_mixin.py:190} INFO - [2025-07-21T18:07:27.676+0000] {dagbag.py:588} INFO - Filling up the DagBag from /opt/airflow/dags/train_power_pred.py
[2025-07-21T18:07:31.115+0000] {processor.py:925} INFO - DAG(s) 'train_power_pred' retrieved from /opt/airflow/dags/train_power_pred.py
[2025-07-21T18:07:31.140+0000] {logging_mixin.py:190} INFO - [2025-07-21T18:07:31.140+0000] {dag.py:3239} INFO - Sync 1 DAGs
[2025-07-21T18:07:31.161+0000] {logging_mixin.py:190} INFO - [2025-07-21T18:07:31.161+0000] {dag.py:4180} INFO - Setting next_dagrun for train_power_pred to 2025-07-21 00:00:00+00:00, run_after=2025-07-22 00:00:00+00:00
[2025-07-21T18:07:31.179+0000] {processor.py:208} INFO - Processing /opt/airflow/dags/train_power_pred.py took 3.512 seconds
[2025-07-21T18:08:02.770+0000] {processor.py:186} INFO - Started process (PID=5301) to work on /opt/airflow/dags/train_power_pred.py
[2025-07-21T18:08:02.772+0000] {processor.py:914} INFO - Processing file /opt/airflow/dags/train_power_pred.py for tasks to queue
[2025-07-21T18:08:02.775+0000] {logging_mixin.py:190} INFO - [2025-07-21T18:08:02.774+0000] {dagbag.py:588} INFO - Filling up the DagBag from /opt/airflow/dags/train_power_pred.py
[2025-07-21T18:08:06.067+0000] {processor.py:925} INFO - DAG(s) 'train_power_pred' retrieved from /opt/airflow/dags/train_power_pred.py
[2025-07-21T18:08:06.087+0000] {logging_mixin.py:190} INFO - [2025-07-21T18:08:06.086+0000] {dag.py:3239} INFO - Sync 1 DAGs
[2025-07-21T18:08:06.102+0000] {logging_mixin.py:190} INFO - [2025-07-21T18:08:06.102+0000] {dag.py:4180} INFO - Setting next_dagrun for train_power_pred to 2025-07-21 00:00:00+00:00, run_after=2025-07-22 00:00:00+00:00
[2025-07-21T18:08:06.115+0000] {processor.py:208} INFO - Processing /opt/airflow/dags/train_power_pred.py took 3.352 seconds
[2025-07-21T18:08:37.409+0000] {processor.py:186} INFO - Started process (PID=5406) to work on /opt/airflow/dags/train_power_pred.py
[2025-07-21T18:08:37.410+0000] {processor.py:914} INFO - Processing file /opt/airflow/dags/train_power_pred.py for tasks to queue
[2025-07-21T18:08:37.412+0000] {logging_mixin.py:190} INFO - [2025-07-21T18:08:37.412+0000] {dagbag.py:588} INFO - Filling up the DagBag from /opt/airflow/dags/train_power_pred.py
[2025-07-21T18:08:40.610+0000] {processor.py:925} INFO - DAG(s) 'train_power_pred' retrieved from /opt/airflow/dags/train_power_pred.py
[2025-07-21T18:08:40.630+0000] {logging_mixin.py:190} INFO - [2025-07-21T18:08:40.629+0000] {dag.py:3239} INFO - Sync 1 DAGs
[2025-07-21T18:08:40.646+0000] {logging_mixin.py:190} INFO - [2025-07-21T18:08:40.646+0000] {dag.py:4180} INFO - Setting next_dagrun for train_power_pred to 2025-07-21 00:00:00+00:00, run_after=2025-07-22 00:00:00+00:00
[2025-07-21T18:08:40.658+0000] {processor.py:208} INFO - Processing /opt/airflow/dags/train_power_pred.py took 3.256 seconds
[2025-07-21T18:09:11.968+0000] {processor.py:186} INFO - Started process (PID=5504) to work on /opt/airflow/dags/train_power_pred.py
[2025-07-21T18:09:11.970+0000] {processor.py:914} INFO - Processing file /opt/airflow/dags/train_power_pred.py for tasks to queue
[2025-07-21T18:09:11.972+0000] {logging_mixin.py:190} INFO - [2025-07-21T18:09:11.971+0000] {dagbag.py:588} INFO - Filling up the DagBag from /opt/airflow/dags/train_power_pred.py
[2025-07-21T18:09:15.351+0000] {processor.py:925} INFO - DAG(s) 'train_power_pred' retrieved from /opt/airflow/dags/train_power_pred.py
[2025-07-21T18:09:15.373+0000] {logging_mixin.py:190} INFO - [2025-07-21T18:09:15.372+0000] {dag.py:3239} INFO - Sync 1 DAGs
[2025-07-21T18:09:15.390+0000] {logging_mixin.py:190} INFO - [2025-07-21T18:09:15.390+0000] {dag.py:4180} INFO - Setting next_dagrun for train_power_pred to 2025-07-21 00:00:00+00:00, run_after=2025-07-22 00:00:00+00:00
[2025-07-21T18:09:15.405+0000] {processor.py:208} INFO - Processing /opt/airflow/dags/train_power_pred.py took 3.443 seconds
[2025-07-21T18:09:46.500+0000] {processor.py:186} INFO - Started process (PID=5602) to work on /opt/airflow/dags/train_power_pred.py
[2025-07-21T18:09:46.501+0000] {processor.py:914} INFO - Processing file /opt/airflow/dags/train_power_pred.py for tasks to queue
[2025-07-21T18:09:46.504+0000] {logging_mixin.py:190} INFO - [2025-07-21T18:09:46.503+0000] {dagbag.py:588} INFO - Filling up the DagBag from /opt/airflow/dags/train_power_pred.py
[2025-07-21T18:09:49.718+0000] {processor.py:925} INFO - DAG(s) 'train_power_pred' retrieved from /opt/airflow/dags/train_power_pred.py
[2025-07-21T18:09:49.737+0000] {logging_mixin.py:190} INFO - [2025-07-21T18:09:49.737+0000] {dag.py:3239} INFO - Sync 1 DAGs
[2025-07-21T18:09:49.753+0000] {logging_mixin.py:190} INFO - [2025-07-21T18:09:49.753+0000] {dag.py:4180} INFO - Setting next_dagrun for train_power_pred to 2025-07-21 00:00:00+00:00, run_after=2025-07-22 00:00:00+00:00
[2025-07-21T18:09:49.766+0000] {processor.py:208} INFO - Processing /opt/airflow/dags/train_power_pred.py took 3.272 seconds
[2025-07-21T18:10:22.094+0000] {processor.py:186} INFO - Started process (PID=5700) to work on /opt/airflow/dags/train_power_pred.py
[2025-07-21T18:10:22.095+0000] {processor.py:914} INFO - Processing file /opt/airflow/dags/train_power_pred.py for tasks to queue
[2025-07-21T18:10:22.097+0000] {logging_mixin.py:190} INFO - [2025-07-21T18:10:22.097+0000] {dagbag.py:588} INFO - Filling up the DagBag from /opt/airflow/dags/train_power_pred.py
[2025-07-21T18:10:25.453+0000] {processor.py:925} INFO - DAG(s) 'train_power_pred' retrieved from /opt/airflow/dags/train_power_pred.py
[2025-07-21T18:10:25.473+0000] {logging_mixin.py:190} INFO - [2025-07-21T18:10:25.472+0000] {dag.py:3239} INFO - Sync 1 DAGs
[2025-07-21T18:10:25.488+0000] {logging_mixin.py:190} INFO - [2025-07-21T18:10:25.488+0000] {dag.py:4180} INFO - Setting next_dagrun for train_power_pred to 2025-07-21 00:00:00+00:00, run_after=2025-07-22 00:00:00+00:00
[2025-07-21T18:10:25.500+0000] {processor.py:208} INFO - Processing /opt/airflow/dags/train_power_pred.py took 3.412 seconds
[2025-07-21T18:10:56.705+0000] {processor.py:186} INFO - Started process (PID=5798) to work on /opt/airflow/dags/train_power_pred.py
[2025-07-21T18:10:56.706+0000] {processor.py:914} INFO - Processing file /opt/airflow/dags/train_power_pred.py for tasks to queue
[2025-07-21T18:10:56.709+0000] {logging_mixin.py:190} INFO - [2025-07-21T18:10:56.708+0000] {dagbag.py:588} INFO - Filling up the DagBag from /opt/airflow/dags/train_power_pred.py
[2025-07-21T18:10:59.936+0000] {processor.py:925} INFO - DAG(s) 'train_power_pred' retrieved from /opt/airflow/dags/train_power_pred.py
[2025-07-21T18:10:59.955+0000] {logging_mixin.py:190} INFO - [2025-07-21T18:10:59.955+0000] {dag.py:3239} INFO - Sync 1 DAGs
[2025-07-21T18:10:59.972+0000] {logging_mixin.py:190} INFO - [2025-07-21T18:10:59.972+0000] {dag.py:4180} INFO - Setting next_dagrun for train_power_pred to 2025-07-21 00:00:00+00:00, run_after=2025-07-22 00:00:00+00:00
[2025-07-21T18:10:59.986+0000] {processor.py:208} INFO - Processing /opt/airflow/dags/train_power_pred.py took 3.287 seconds
[2025-07-21T18:11:31.823+0000] {processor.py:186} INFO - Started process (PID=5896) to work on /opt/airflow/dags/train_power_pred.py
[2025-07-21T18:11:31.824+0000] {processor.py:914} INFO - Processing file /opt/airflow/dags/train_power_pred.py for tasks to queue
[2025-07-21T18:11:31.826+0000] {logging_mixin.py:190} INFO - [2025-07-21T18:11:31.826+0000] {dagbag.py:588} INFO - Filling up the DagBag from /opt/airflow/dags/train_power_pred.py
[2025-07-21T18:11:35.204+0000] {processor.py:925} INFO - DAG(s) 'train_power_pred' retrieved from /opt/airflow/dags/train_power_pred.py
[2025-07-21T18:11:35.227+0000] {logging_mixin.py:190} INFO - [2025-07-21T18:11:35.226+0000] {dag.py:3239} INFO - Sync 1 DAGs
[2025-07-21T18:11:35.245+0000] {logging_mixin.py:190} INFO - [2025-07-21T18:11:35.245+0000] {dag.py:4180} INFO - Setting next_dagrun for train_power_pred to 2025-07-21 00:00:00+00:00, run_after=2025-07-22 00:00:00+00:00
[2025-07-21T18:11:35.261+0000] {processor.py:208} INFO - Processing /opt/airflow/dags/train_power_pred.py took 3.444 seconds
[2025-07-21T18:12:07.035+0000] {processor.py:186} INFO - Started process (PID=6000) to work on /opt/airflow/dags/train_power_pred.py
[2025-07-21T18:12:07.036+0000] {processor.py:914} INFO - Processing file /opt/airflow/dags/train_power_pred.py for tasks to queue
[2025-07-21T18:12:07.038+0000] {logging_mixin.py:190} INFO - [2025-07-21T18:12:07.037+0000] {dagbag.py:588} INFO - Filling up the DagBag from /opt/airflow/dags/train_power_pred.py
[2025-07-21T18:12:10.339+0000] {processor.py:925} INFO - DAG(s) 'train_power_pred' retrieved from /opt/airflow/dags/train_power_pred.py
[2025-07-21T18:12:10.361+0000] {logging_mixin.py:190} INFO - [2025-07-21T18:12:10.360+0000] {dag.py:3239} INFO - Sync 1 DAGs
[2025-07-21T18:12:10.378+0000] {logging_mixin.py:190} INFO - [2025-07-21T18:12:10.378+0000] {dag.py:4180} INFO - Setting next_dagrun for train_power_pred to 2025-07-21 00:00:00+00:00, run_after=2025-07-22 00:00:00+00:00
[2025-07-21T18:12:10.393+0000] {processor.py:208} INFO - Processing /opt/airflow/dags/train_power_pred.py took 3.364 seconds
[2025-07-21T18:12:42.385+0000] {processor.py:186} INFO - Started process (PID=6098) to work on /opt/airflow/dags/train_power_pred.py
[2025-07-21T18:12:42.386+0000] {processor.py:914} INFO - Processing file /opt/airflow/dags/train_power_pred.py for tasks to queue
[2025-07-21T18:12:42.389+0000] {logging_mixin.py:190} INFO - [2025-07-21T18:12:42.388+0000] {dagbag.py:588} INFO - Filling up the DagBag from /opt/airflow/dags/train_power_pred.py
[2025-07-21T18:12:45.750+0000] {processor.py:925} INFO - DAG(s) 'train_power_pred' retrieved from /opt/airflow/dags/train_power_pred.py
[2025-07-21T18:12:45.770+0000] {logging_mixin.py:190} INFO - [2025-07-21T18:12:45.769+0000] {dag.py:3239} INFO - Sync 1 DAGs
[2025-07-21T18:12:45.787+0000] {logging_mixin.py:190} INFO - [2025-07-21T18:12:45.787+0000] {dag.py:4180} INFO - Setting next_dagrun for train_power_pred to 2025-07-21 00:00:00+00:00, run_after=2025-07-22 00:00:00+00:00
[2025-07-21T18:12:45.802+0000] {processor.py:208} INFO - Processing /opt/airflow/dags/train_power_pred.py took 3.422 seconds
[2025-07-21T18:13:17.426+0000] {processor.py:186} INFO - Started process (PID=6196) to work on /opt/airflow/dags/train_power_pred.py
[2025-07-21T18:13:17.428+0000] {processor.py:914} INFO - Processing file /opt/airflow/dags/train_power_pred.py for tasks to queue
[2025-07-21T18:13:17.430+0000] {logging_mixin.py:190} INFO - [2025-07-21T18:13:17.430+0000] {dagbag.py:588} INFO - Filling up the DagBag from /opt/airflow/dags/train_power_pred.py
[2025-07-21T18:13:20.512+0000] {processor.py:925} INFO - DAG(s) 'train_power_pred' retrieved from /opt/airflow/dags/train_power_pred.py
[2025-07-21T18:13:20.531+0000] {logging_mixin.py:190} INFO - [2025-07-21T18:13:20.530+0000] {dag.py:3239} INFO - Sync 1 DAGs
[2025-07-21T18:13:20.548+0000] {logging_mixin.py:190} INFO - [2025-07-21T18:13:20.548+0000] {dag.py:4180} INFO - Setting next_dagrun for train_power_pred to 2025-07-21 00:00:00+00:00, run_after=2025-07-22 00:00:00+00:00
[2025-07-21T18:13:20.563+0000] {processor.py:208} INFO - Processing /opt/airflow/dags/train_power_pred.py took 3.142 seconds
[2025-07-21T18:13:52.352+0000] {processor.py:186} INFO - Started process (PID=6294) to work on /opt/airflow/dags/train_power_pred.py
[2025-07-21T18:13:52.353+0000] {processor.py:914} INFO - Processing file /opt/airflow/dags/train_power_pred.py for tasks to queue
[2025-07-21T18:13:52.356+0000] {logging_mixin.py:190} INFO - [2025-07-21T18:13:52.355+0000] {dagbag.py:588} INFO - Filling up the DagBag from /opt/airflow/dags/train_power_pred.py
[2025-07-21T18:13:55.590+0000] {processor.py:925} INFO - DAG(s) 'train_power_pred' retrieved from /opt/airflow/dags/train_power_pred.py
[2025-07-21T18:13:55.608+0000] {logging_mixin.py:190} INFO - [2025-07-21T18:13:55.607+0000] {dag.py:3239} INFO - Sync 1 DAGs
[2025-07-21T18:13:55.623+0000] {logging_mixin.py:190} INFO - [2025-07-21T18:13:55.623+0000] {dag.py:4180} INFO - Setting next_dagrun for train_power_pred to 2025-07-21 00:00:00+00:00, run_after=2025-07-22 00:00:00+00:00
[2025-07-21T18:13:55.636+0000] {processor.py:208} INFO - Processing /opt/airflow/dags/train_power_pred.py took 3.289 seconds
[2025-07-21T18:14:27.496+0000] {processor.py:186} INFO - Started process (PID=6392) to work on /opt/airflow/dags/train_power_pred.py
[2025-07-21T18:14:27.497+0000] {processor.py:914} INFO - Processing file /opt/airflow/dags/train_power_pred.py for tasks to queue
[2025-07-21T18:14:27.499+0000] {logging_mixin.py:190} INFO - [2025-07-21T18:14:27.499+0000] {dagbag.py:588} INFO - Filling up the DagBag from /opt/airflow/dags/train_power_pred.py
[2025-07-21T18:14:30.648+0000] {processor.py:925} INFO - DAG(s) 'train_power_pred' retrieved from /opt/airflow/dags/train_power_pred.py
[2025-07-21T18:14:30.667+0000] {logging_mixin.py:190} INFO - [2025-07-21T18:14:30.666+0000] {dag.py:3239} INFO - Sync 1 DAGs
[2025-07-21T18:14:30.683+0000] {logging_mixin.py:190} INFO - [2025-07-21T18:14:30.683+0000] {dag.py:4180} INFO - Setting next_dagrun for train_power_pred to 2025-07-21 00:00:00+00:00, run_after=2025-07-22 00:00:00+00:00
[2025-07-21T18:14:30.696+0000] {processor.py:208} INFO - Processing /opt/airflow/dags/train_power_pred.py took 3.206 seconds
[2025-07-21T18:15:01.790+0000] {processor.py:186} INFO - Started process (PID=6490) to work on /opt/airflow/dags/train_power_pred.py
[2025-07-21T18:15:01.791+0000] {processor.py:914} INFO - Processing file /opt/airflow/dags/train_power_pred.py for tasks to queue
[2025-07-21T18:15:01.793+0000] {logging_mixin.py:190} INFO - [2025-07-21T18:15:01.793+0000] {dagbag.py:588} INFO - Filling up the DagBag from /opt/airflow/dags/train_power_pred.py
[2025-07-21T18:15:05.124+0000] {processor.py:925} INFO - DAG(s) 'train_power_pred' retrieved from /opt/airflow/dags/train_power_pred.py
[2025-07-21T18:15:05.144+0000] {logging_mixin.py:190} INFO - [2025-07-21T18:15:05.143+0000] {dag.py:3239} INFO - Sync 1 DAGs
[2025-07-21T18:15:05.160+0000] {logging_mixin.py:190} INFO - [2025-07-21T18:15:05.159+0000] {dag.py:4180} INFO - Setting next_dagrun for train_power_pred to 2025-07-21 00:00:00+00:00, run_after=2025-07-22 00:00:00+00:00
[2025-07-21T18:15:05.175+0000] {processor.py:208} INFO - Processing /opt/airflow/dags/train_power_pred.py took 3.391 seconds
[2025-07-21T18:15:36.483+0000] {processor.py:186} INFO - Started process (PID=6588) to work on /opt/airflow/dags/train_power_pred.py
[2025-07-21T18:15:36.484+0000] {processor.py:914} INFO - Processing file /opt/airflow/dags/train_power_pred.py for tasks to queue
[2025-07-21T18:15:36.487+0000] {logging_mixin.py:190} INFO - [2025-07-21T18:15:36.487+0000] {dagbag.py:588} INFO - Filling up the DagBag from /opt/airflow/dags/train_power_pred.py
[2025-07-21T18:15:39.755+0000] {processor.py:925} INFO - DAG(s) 'train_power_pred' retrieved from /opt/airflow/dags/train_power_pred.py
[2025-07-21T18:15:39.776+0000] {logging_mixin.py:190} INFO - [2025-07-21T18:15:39.775+0000] {dag.py:3239} INFO - Sync 1 DAGs
[2025-07-21T18:15:39.792+0000] {logging_mixin.py:190} INFO - [2025-07-21T18:15:39.792+0000] {dag.py:4180} INFO - Setting next_dagrun for train_power_pred to 2025-07-21 00:00:00+00:00, run_after=2025-07-22 00:00:00+00:00
[2025-07-21T18:15:39.806+0000] {processor.py:208} INFO - Processing /opt/airflow/dags/train_power_pred.py took 3.328 seconds
[2025-07-21T18:16:11.596+0000] {processor.py:186} INFO - Started process (PID=6692) to work on /opt/airflow/dags/train_power_pred.py
[2025-07-21T18:16:11.597+0000] {processor.py:914} INFO - Processing file /opt/airflow/dags/train_power_pred.py for tasks to queue
[2025-07-21T18:16:11.599+0000] {logging_mixin.py:190} INFO - [2025-07-21T18:16:11.599+0000] {dagbag.py:588} INFO - Filling up the DagBag from /opt/airflow/dags/train_power_pred.py
[2025-07-21T18:16:15.026+0000] {processor.py:925} INFO - DAG(s) 'train_power_pred' retrieved from /opt/airflow/dags/train_power_pred.py
[2025-07-21T18:16:15.050+0000] {logging_mixin.py:190} INFO - [2025-07-21T18:16:15.047+0000] {dag.py:3239} INFO - Sync 1 DAGs
[2025-07-21T18:16:15.067+0000] {logging_mixin.py:190} INFO - [2025-07-21T18:16:15.067+0000] {dag.py:4180} INFO - Setting next_dagrun for train_power_pred to 2025-07-21 00:00:00+00:00, run_after=2025-07-22 00:00:00+00:00
[2025-07-21T18:16:15.098+0000] {processor.py:208} INFO - Processing /opt/airflow/dags/train_power_pred.py took 3.508 seconds
[2025-07-21T18:16:47.110+0000] {processor.py:186} INFO - Started process (PID=6790) to work on /opt/airflow/dags/train_power_pred.py
[2025-07-21T18:16:47.111+0000] {processor.py:914} INFO - Processing file /opt/airflow/dags/train_power_pred.py for tasks to queue
[2025-07-21T18:16:47.113+0000] {logging_mixin.py:190} INFO - [2025-07-21T18:16:47.113+0000] {dagbag.py:588} INFO - Filling up the DagBag from /opt/airflow/dags/train_power_pred.py
[2025-07-21T18:16:50.345+0000] {processor.py:925} INFO - DAG(s) 'train_power_pred' retrieved from /opt/airflow/dags/train_power_pred.py
[2025-07-21T18:16:50.364+0000] {logging_mixin.py:190} INFO - [2025-07-21T18:16:50.363+0000] {dag.py:3239} INFO - Sync 1 DAGs
[2025-07-21T18:16:50.381+0000] {logging_mixin.py:190} INFO - [2025-07-21T18:16:50.381+0000] {dag.py:4180} INFO - Setting next_dagrun for train_power_pred to 2025-07-21 00:00:00+00:00, run_after=2025-07-22 00:00:00+00:00
[2025-07-21T18:16:50.396+0000] {processor.py:208} INFO - Processing /opt/airflow/dags/train_power_pred.py took 3.291 seconds
[2025-07-21T18:17:22.359+0000] {processor.py:186} INFO - Started process (PID=6888) to work on /opt/airflow/dags/train_power_pred.py
[2025-07-21T18:17:22.360+0000] {processor.py:914} INFO - Processing file /opt/airflow/dags/train_power_pred.py for tasks to queue
[2025-07-21T18:17:22.362+0000] {logging_mixin.py:190} INFO - [2025-07-21T18:17:22.362+0000] {dagbag.py:588} INFO - Filling up the DagBag from /opt/airflow/dags/train_power_pred.py
[2025-07-21T18:17:25.944+0000] {processor.py:925} INFO - DAG(s) 'train_power_pred' retrieved from /opt/airflow/dags/train_power_pred.py
[2025-07-21T18:17:25.967+0000] {logging_mixin.py:190} INFO - [2025-07-21T18:17:25.966+0000] {dag.py:3239} INFO - Sync 1 DAGs
[2025-07-21T18:17:25.985+0000] {logging_mixin.py:190} INFO - [2025-07-21T18:17:25.985+0000] {dag.py:4180} INFO - Setting next_dagrun for train_power_pred to 2025-07-21 00:00:00+00:00, run_after=2025-07-22 00:00:00+00:00
[2025-07-21T18:17:26.003+0000] {processor.py:208} INFO - Processing /opt/airflow/dags/train_power_pred.py took 3.651 seconds
[2025-07-21T18:17:57.170+0000] {processor.py:186} INFO - Started process (PID=6986) to work on /opt/airflow/dags/train_power_pred.py
[2025-07-21T18:17:57.171+0000] {processor.py:914} INFO - Processing file /opt/airflow/dags/train_power_pred.py for tasks to queue
[2025-07-21T18:17:57.173+0000] {logging_mixin.py:190} INFO - [2025-07-21T18:17:57.172+0000] {dagbag.py:588} INFO - Filling up the DagBag from /opt/airflow/dags/train_power_pred.py
[2025-07-21T18:18:00.577+0000] {processor.py:925} INFO - DAG(s) 'train_power_pred' retrieved from /opt/airflow/dags/train_power_pred.py
[2025-07-21T18:18:00.597+0000] {logging_mixin.py:190} INFO - [2025-07-21T18:18:00.596+0000] {dag.py:3239} INFO - Sync 1 DAGs
[2025-07-21T18:18:00.615+0000] {logging_mixin.py:190} INFO - [2025-07-21T18:18:00.614+0000] {dag.py:4180} INFO - Setting next_dagrun for train_power_pred to 2025-07-21 00:00:00+00:00, run_after=2025-07-22 00:00:00+00:00
[2025-07-21T18:18:00.628+0000] {processor.py:208} INFO - Processing /opt/airflow/dags/train_power_pred.py took 3.464 seconds
[2025-07-21T18:18:32.431+0000] {processor.py:186} INFO - Started process (PID=7084) to work on /opt/airflow/dags/train_power_pred.py
[2025-07-21T18:18:32.432+0000] {processor.py:914} INFO - Processing file /opt/airflow/dags/train_power_pred.py for tasks to queue
[2025-07-21T18:18:32.435+0000] {logging_mixin.py:190} INFO - [2025-07-21T18:18:32.435+0000] {dagbag.py:588} INFO - Filling up the DagBag from /opt/airflow/dags/train_power_pred.py
[2025-07-21T18:18:36.036+0000] {processor.py:925} INFO - DAG(s) 'train_power_pred' retrieved from /opt/airflow/dags/train_power_pred.py
[2025-07-21T18:18:36.070+0000] {logging_mixin.py:190} INFO - [2025-07-21T18:18:36.070+0000] {dag.py:3239} INFO - Sync 1 DAGs
[2025-07-21T18:18:36.096+0000] {logging_mixin.py:190} INFO - [2025-07-21T18:18:36.096+0000] {dag.py:4180} INFO - Setting next_dagrun for train_power_pred to 2025-07-21 00:00:00+00:00, run_after=2025-07-22 00:00:00+00:00
[2025-07-21T18:18:36.118+0000] {processor.py:208} INFO - Processing /opt/airflow/dags/train_power_pred.py took 3.693 seconds
[2025-07-21T18:19:07.962+0000] {processor.py:186} INFO - Started process (PID=7188) to work on /opt/airflow/dags/train_power_pred.py
[2025-07-21T18:19:07.963+0000] {processor.py:914} INFO - Processing file /opt/airflow/dags/train_power_pred.py for tasks to queue
[2025-07-21T18:19:07.965+0000] {logging_mixin.py:190} INFO - [2025-07-21T18:19:07.964+0000] {dagbag.py:588} INFO - Filling up the DagBag from /opt/airflow/dags/train_power_pred.py
[2025-07-21T18:19:11.106+0000] {processor.py:925} INFO - DAG(s) 'train_power_pred' retrieved from /opt/airflow/dags/train_power_pred.py
[2025-07-21T18:19:11.127+0000] {logging_mixin.py:190} INFO - [2025-07-21T18:19:11.127+0000] {dag.py:3239} INFO - Sync 1 DAGs
[2025-07-21T18:19:11.144+0000] {logging_mixin.py:190} INFO - [2025-07-21T18:19:11.143+0000] {dag.py:4180} INFO - Setting next_dagrun for train_power_pred to 2025-07-21 00:00:00+00:00, run_after=2025-07-22 00:00:00+00:00
[2025-07-21T18:19:11.158+0000] {processor.py:208} INFO - Processing /opt/airflow/dags/train_power_pred.py took 3.201 seconds
[2025-07-21T18:19:42.377+0000] {processor.py:186} INFO - Started process (PID=7286) to work on /opt/airflow/dags/train_power_pred.py
[2025-07-21T18:19:42.378+0000] {processor.py:914} INFO - Processing file /opt/airflow/dags/train_power_pred.py for tasks to queue
[2025-07-21T18:19:42.380+0000] {logging_mixin.py:190} INFO - [2025-07-21T18:19:42.380+0000] {dagbag.py:588} INFO - Filling up the DagBag from /opt/airflow/dags/train_power_pred.py
[2025-07-21T18:19:45.790+0000] {processor.py:925} INFO - DAG(s) 'train_power_pred' retrieved from /opt/airflow/dags/train_power_pred.py
[2025-07-21T18:19:45.811+0000] {logging_mixin.py:190} INFO - [2025-07-21T18:19:45.811+0000] {dag.py:3239} INFO - Sync 1 DAGs
[2025-07-21T18:19:45.830+0000] {logging_mixin.py:190} INFO - [2025-07-21T18:19:45.830+0000] {dag.py:4180} INFO - Setting next_dagrun for train_power_pred to 2025-07-21 00:00:00+00:00, run_after=2025-07-22 00:00:00+00:00
[2025-07-21T18:19:45.847+0000] {processor.py:208} INFO - Processing /opt/airflow/dags/train_power_pred.py took 3.476 seconds
[2025-07-21T18:20:17.755+0000] {processor.py:186} INFO - Started process (PID=7384) to work on /opt/airflow/dags/train_power_pred.py
[2025-07-21T18:20:17.756+0000] {processor.py:914} INFO - Processing file /opt/airflow/dags/train_power_pred.py for tasks to queue
[2025-07-21T18:20:17.759+0000] {logging_mixin.py:190} INFO - [2025-07-21T18:20:17.758+0000] {dagbag.py:588} INFO - Filling up the DagBag from /opt/airflow/dags/train_power_pred.py
[2025-07-21T18:20:21.169+0000] {processor.py:925} INFO - DAG(s) 'train_power_pred' retrieved from /opt/airflow/dags/train_power_pred.py
[2025-07-21T18:20:21.189+0000] {logging_mixin.py:190} INFO - [2025-07-21T18:20:21.188+0000] {dag.py:3239} INFO - Sync 1 DAGs
[2025-07-21T18:20:21.207+0000] {logging_mixin.py:190} INFO - [2025-07-21T18:20:21.206+0000] {dag.py:4180} INFO - Setting next_dagrun for train_power_pred to 2025-07-21 00:00:00+00:00, run_after=2025-07-22 00:00:00+00:00
[2025-07-21T18:20:21.222+0000] {processor.py:208} INFO - Processing /opt/airflow/dags/train_power_pred.py took 3.473 seconds
[2025-07-21T18:20:52.535+0000] {processor.py:186} INFO - Started process (PID=7482) to work on /opt/airflow/dags/train_power_pred.py
[2025-07-21T18:20:52.536+0000] {processor.py:914} INFO - Processing file /opt/airflow/dags/train_power_pred.py for tasks to queue
[2025-07-21T18:20:52.539+0000] {logging_mixin.py:190} INFO - [2025-07-21T18:20:52.539+0000] {dagbag.py:588} INFO - Filling up the DagBag from /opt/airflow/dags/train_power_pred.py
[2025-07-21T18:20:56.094+0000] {processor.py:925} INFO - DAG(s) 'train_power_pred' retrieved from /opt/airflow/dags/train_power_pred.py
[2025-07-21T18:20:56.131+0000] {logging_mixin.py:190} INFO - [2025-07-21T18:20:56.130+0000] {dag.py:3239} INFO - Sync 1 DAGs
[2025-07-21T18:20:56.157+0000] {logging_mixin.py:190} INFO - [2025-07-21T18:20:56.157+0000] {dag.py:4180} INFO - Setting next_dagrun for train_power_pred to 2025-07-21 00:00:00+00:00, run_after=2025-07-22 00:00:00+00:00
[2025-07-21T18:20:56.179+0000] {processor.py:208} INFO - Processing /opt/airflow/dags/train_power_pred.py took 3.649 seconds
[2025-07-21T18:21:27.236+0000] {processor.py:186} INFO - Started process (PID=7580) to work on /opt/airflow/dags/train_power_pred.py
[2025-07-21T18:21:27.237+0000] {processor.py:914} INFO - Processing file /opt/airflow/dags/train_power_pred.py for tasks to queue
[2025-07-21T18:21:27.239+0000] {logging_mixin.py:190} INFO - [2025-07-21T18:21:27.238+0000] {dagbag.py:588} INFO - Filling up the DagBag from /opt/airflow/dags/train_power_pred.py
[2025-07-21T18:21:30.533+0000] {processor.py:925} INFO - DAG(s) 'train_power_pred' retrieved from /opt/airflow/dags/train_power_pred.py
[2025-07-21T18:21:30.553+0000] {logging_mixin.py:190} INFO - [2025-07-21T18:21:30.553+0000] {dag.py:3239} INFO - Sync 1 DAGs
[2025-07-21T18:21:30.570+0000] {logging_mixin.py:190} INFO - [2025-07-21T18:21:30.569+0000] {dag.py:4180} INFO - Setting next_dagrun for train_power_pred to 2025-07-21 00:00:00+00:00, run_after=2025-07-22 00:00:00+00:00
[2025-07-21T18:21:30.586+0000] {processor.py:208} INFO - Processing /opt/airflow/dags/train_power_pred.py took 3.356 seconds
[2025-07-21T18:22:03.820+0000] {processor.py:186} INFO - Started process (PID=7678) to work on /opt/airflow/dags/train_power_pred.py
[2025-07-21T18:22:03.821+0000] {processor.py:914} INFO - Processing file /opt/airflow/dags/train_power_pred.py for tasks to queue
[2025-07-21T18:22:03.824+0000] {logging_mixin.py:190} INFO - [2025-07-21T18:22:03.824+0000] {dagbag.py:588} INFO - Filling up the DagBag from /opt/airflow/dags/train_power_pred.py
[2025-07-21T18:22:09.312+0000] {processor.py:925} INFO - DAG(s) 'train_power_pred' retrieved from /opt/airflow/dags/train_power_pred.py
[2025-07-21T18:22:09.341+0000] {logging_mixin.py:190} INFO - [2025-07-21T18:22:09.340+0000] {dag.py:3239} INFO - Sync 1 DAGs
[2025-07-21T18:22:09.369+0000] {logging_mixin.py:190} INFO - [2025-07-21T18:22:09.368+0000] {dag.py:4180} INFO - Setting next_dagrun for train_power_pred to 2025-07-21 00:00:00+00:00, run_after=2025-07-22 00:00:00+00:00
[2025-07-21T18:22:09.394+0000] {processor.py:208} INFO - Processing /opt/airflow/dags/train_power_pred.py took 5.581 seconds
[2025-07-21T18:22:40.713+0000] {processor.py:186} INFO - Started process (PID=7782) to work on /opt/airflow/dags/train_power_pred.py
[2025-07-21T18:22:40.715+0000] {processor.py:914} INFO - Processing file /opt/airflow/dags/train_power_pred.py for tasks to queue
[2025-07-21T18:22:40.717+0000] {logging_mixin.py:190} INFO - [2025-07-21T18:22:40.717+0000] {dagbag.py:588} INFO - Filling up the DagBag from /opt/airflow/dags/train_power_pred.py
[2025-07-21T18:22:43.977+0000] {processor.py:925} INFO - DAG(s) 'train_power_pred' retrieved from /opt/airflow/dags/train_power_pred.py
[2025-07-21T18:22:43.997+0000] {logging_mixin.py:190} INFO - [2025-07-21T18:22:43.996+0000] {dag.py:3239} INFO - Sync 1 DAGs
[2025-07-21T18:22:44.012+0000] {logging_mixin.py:190} INFO - [2025-07-21T18:22:44.012+0000] {dag.py:4180} INFO - Setting next_dagrun for train_power_pred to 2025-07-21 00:00:00+00:00, run_after=2025-07-22 00:00:00+00:00
[2025-07-21T18:22:44.026+0000] {processor.py:208} INFO - Processing /opt/airflow/dags/train_power_pred.py took 3.318 seconds
[2025-07-21T18:23:16.010+0000] {processor.py:186} INFO - Started process (PID=7880) to work on /opt/airflow/dags/train_power_pred.py
[2025-07-21T18:23:16.011+0000] {processor.py:914} INFO - Processing file /opt/airflow/dags/train_power_pred.py for tasks to queue
[2025-07-21T18:23:16.015+0000] {logging_mixin.py:190} INFO - [2025-07-21T18:23:16.014+0000] {dagbag.py:588} INFO - Filling up the DagBag from /opt/airflow/dags/train_power_pred.py
[2025-07-21T18:23:19.211+0000] {processor.py:925} INFO - DAG(s) 'train_power_pred' retrieved from /opt/airflow/dags/train_power_pred.py
[2025-07-21T18:23:19.231+0000] {logging_mixin.py:190} INFO - [2025-07-21T18:23:19.231+0000] {dag.py:3239} INFO - Sync 1 DAGs
[2025-07-21T18:23:19.248+0000] {logging_mixin.py:190} INFO - [2025-07-21T18:23:19.248+0000] {dag.py:4180} INFO - Setting next_dagrun for train_power_pred to 2025-07-21 00:00:00+00:00, run_after=2025-07-22 00:00:00+00:00
[2025-07-21T18:23:19.263+0000] {processor.py:208} INFO - Processing /opt/airflow/dags/train_power_pred.py took 3.260 seconds
[2025-07-21T18:23:51.261+0000] {processor.py:186} INFO - Started process (PID=7978) to work on /opt/airflow/dags/train_power_pred.py
[2025-07-21T18:23:51.262+0000] {processor.py:914} INFO - Processing file /opt/airflow/dags/train_power_pred.py for tasks to queue
[2025-07-21T18:23:51.265+0000] {logging_mixin.py:190} INFO - [2025-07-21T18:23:51.265+0000] {dagbag.py:588} INFO - Filling up the DagBag from /opt/airflow/dags/train_power_pred.py
[2025-07-21T18:23:54.573+0000] {processor.py:925} INFO - DAG(s) 'train_power_pred' retrieved from /opt/airflow/dags/train_power_pred.py
[2025-07-21T18:23:54.593+0000] {logging_mixin.py:190} INFO - [2025-07-21T18:23:54.593+0000] {dag.py:3239} INFO - Sync 1 DAGs
[2025-07-21T18:23:54.609+0000] {logging_mixin.py:190} INFO - [2025-07-21T18:23:54.609+0000] {dag.py:4180} INFO - Setting next_dagrun for train_power_pred to 2025-07-21 00:00:00+00:00, run_after=2025-07-22 00:00:00+00:00
[2025-07-21T18:23:54.623+0000] {processor.py:208} INFO - Processing /opt/airflow/dags/train_power_pred.py took 3.369 seconds
[2025-07-21T18:24:26.148+0000] {processor.py:186} INFO - Started process (PID=8076) to work on /opt/airflow/dags/train_power_pred.py
[2025-07-21T18:24:26.150+0000] {processor.py:914} INFO - Processing file /opt/airflow/dags/train_power_pred.py for tasks to queue
[2025-07-21T18:24:26.153+0000] {logging_mixin.py:190} INFO - [2025-07-21T18:24:26.152+0000] {dagbag.py:588} INFO - Filling up the DagBag from /opt/airflow/dags/train_power_pred.py
[2025-07-21T18:24:29.626+0000] {processor.py:925} INFO - DAG(s) 'train_power_pred' retrieved from /opt/airflow/dags/train_power_pred.py
[2025-07-21T18:24:29.647+0000] {logging_mixin.py:190} INFO - [2025-07-21T18:24:29.647+0000] {dag.py:3239} INFO - Sync 1 DAGs
[2025-07-21T18:24:29.663+0000] {logging_mixin.py:190} INFO - [2025-07-21T18:24:29.662+0000] {dag.py:4180} INFO - Setting next_dagrun for train_power_pred to 2025-07-21 00:00:00+00:00, run_after=2025-07-22 00:00:00+00:00
[2025-07-21T18:24:29.676+0000] {processor.py:208} INFO - Processing /opt/airflow/dags/train_power_pred.py took 3.535 seconds
[2025-07-21T18:25:01.490+0000] {processor.py:186} INFO - Started process (PID=8174) to work on /opt/airflow/dags/train_power_pred.py
[2025-07-21T18:25:01.492+0000] {processor.py:914} INFO - Processing file /opt/airflow/dags/train_power_pred.py for tasks to queue
[2025-07-21T18:25:01.494+0000] {logging_mixin.py:190} INFO - [2025-07-21T18:25:01.494+0000] {dagbag.py:588} INFO - Filling up the DagBag from /opt/airflow/dags/train_power_pred.py
[2025-07-21T18:25:04.773+0000] {processor.py:925} INFO - DAG(s) 'train_power_pred' retrieved from /opt/airflow/dags/train_power_pred.py
[2025-07-21T18:25:04.793+0000] {logging_mixin.py:190} INFO - [2025-07-21T18:25:04.792+0000] {dag.py:3239} INFO - Sync 1 DAGs
[2025-07-21T18:25:04.811+0000] {logging_mixin.py:190} INFO - [2025-07-21T18:25:04.810+0000] {dag.py:4180} INFO - Setting next_dagrun for train_power_pred to 2025-07-21 00:00:00+00:00, run_after=2025-07-22 00:00:00+00:00
[2025-07-21T18:25:04.827+0000] {processor.py:208} INFO - Processing /opt/airflow/dags/train_power_pred.py took 3.344 seconds
[2025-07-21T18:25:35.927+0000] {processor.py:186} INFO - Started process (PID=8272) to work on /opt/airflow/dags/train_power_pred.py
[2025-07-21T18:25:35.928+0000] {processor.py:914} INFO - Processing file /opt/airflow/dags/train_power_pred.py for tasks to queue
[2025-07-21T18:25:35.931+0000] {logging_mixin.py:190} INFO - [2025-07-21T18:25:35.930+0000] {dagbag.py:588} INFO - Filling up the DagBag from /opt/airflow/dags/train_power_pred.py
[2025-07-21T18:25:39.277+0000] {processor.py:925} INFO - DAG(s) 'train_power_pred' retrieved from /opt/airflow/dags/train_power_pred.py
[2025-07-21T18:25:39.297+0000] {logging_mixin.py:190} INFO - [2025-07-21T18:25:39.297+0000] {dag.py:3239} INFO - Sync 1 DAGs
[2025-07-21T18:25:39.316+0000] {logging_mixin.py:190} INFO - [2025-07-21T18:25:39.315+0000] {dag.py:4180} INFO - Setting next_dagrun for train_power_pred to 2025-07-21 00:00:00+00:00, run_after=2025-07-22 00:00:00+00:00
[2025-07-21T18:25:39.330+0000] {processor.py:208} INFO - Processing /opt/airflow/dags/train_power_pred.py took 3.409 seconds
[2025-07-21T18:26:10.430+0000] {processor.py:186} INFO - Started process (PID=8376) to work on /opt/airflow/dags/train_power_pred.py
[2025-07-21T18:26:10.431+0000] {processor.py:914} INFO - Processing file /opt/airflow/dags/train_power_pred.py for tasks to queue
[2025-07-21T18:26:10.433+0000] {logging_mixin.py:190} INFO - [2025-07-21T18:26:10.433+0000] {dagbag.py:588} INFO - Filling up the DagBag from /opt/airflow/dags/train_power_pred.py
[2025-07-21T18:26:13.661+0000] {processor.py:925} INFO - DAG(s) 'train_power_pred' retrieved from /opt/airflow/dags/train_power_pred.py
[2025-07-21T18:26:13.681+0000] {logging_mixin.py:190} INFO - [2025-07-21T18:26:13.680+0000] {dag.py:3239} INFO - Sync 1 DAGs
[2025-07-21T18:26:13.697+0000] {logging_mixin.py:190} INFO - [2025-07-21T18:26:13.697+0000] {dag.py:4180} INFO - Setting next_dagrun for train_power_pred to 2025-07-21 00:00:00+00:00, run_after=2025-07-22 00:00:00+00:00
[2025-07-21T18:26:13.711+0000] {processor.py:208} INFO - Processing /opt/airflow/dags/train_power_pred.py took 3.287 seconds
[2025-07-21T18:26:45.292+0000] {processor.py:186} INFO - Started process (PID=8459) to work on /opt/airflow/dags/train_power_pred.py
[2025-07-21T18:26:45.294+0000] {processor.py:914} INFO - Processing file /opt/airflow/dags/train_power_pred.py for tasks to queue
[2025-07-21T18:26:45.297+0000] {logging_mixin.py:190} INFO - [2025-07-21T18:26:45.296+0000] {dagbag.py:588} INFO - Filling up the DagBag from /opt/airflow/dags/train_power_pred.py
[2025-07-21T18:26:48.780+0000] {processor.py:925} INFO - DAG(s) 'train_power_pred' retrieved from /opt/airflow/dags/train_power_pred.py
[2025-07-21T18:26:48.802+0000] {logging_mixin.py:190} INFO - [2025-07-21T18:26:48.802+0000] {dag.py:3239} INFO - Sync 1 DAGs
[2025-07-21T18:26:48.820+0000] {logging_mixin.py:190} INFO - [2025-07-21T18:26:48.819+0000] {dag.py:4180} INFO - Setting next_dagrun for train_power_pred to 2025-07-21 00:00:00+00:00, run_after=2025-07-22 00:00:00+00:00
[2025-07-21T18:26:48.836+0000] {processor.py:208} INFO - Processing /opt/airflow/dags/train_power_pred.py took 3.552 seconds
[2025-07-21T18:27:20.232+0000] {processor.py:186} INFO - Started process (PID=8557) to work on /opt/airflow/dags/train_power_pred.py
[2025-07-21T18:27:20.233+0000] {processor.py:914} INFO - Processing file /opt/airflow/dags/train_power_pred.py for tasks to queue
[2025-07-21T18:27:20.242+0000] {logging_mixin.py:190} INFO - [2025-07-21T18:27:20.242+0000] {dagbag.py:588} INFO - Filling up the DagBag from /opt/airflow/dags/train_power_pred.py
[2025-07-21T18:27:23.728+0000] {processor.py:925} INFO - DAG(s) 'train_power_pred' retrieved from /opt/airflow/dags/train_power_pred.py
[2025-07-21T18:27:23.748+0000] {logging_mixin.py:190} INFO - [2025-07-21T18:27:23.748+0000] {dag.py:3239} INFO - Sync 1 DAGs
[2025-07-21T18:27:23.763+0000] {logging_mixin.py:190} INFO - [2025-07-21T18:27:23.763+0000] {dag.py:4180} INFO - Setting next_dagrun for train_power_pred to 2025-07-21 00:00:00+00:00, run_after=2025-07-22 00:00:00+00:00
[2025-07-21T18:27:23.778+0000] {processor.py:208} INFO - Processing /opt/airflow/dags/train_power_pred.py took 3.552 seconds
[2025-07-21T18:27:55.658+0000] {processor.py:186} INFO - Started process (PID=8670) to work on /opt/airflow/dags/train_power_pred.py
[2025-07-21T18:27:55.659+0000] {processor.py:914} INFO - Processing file /opt/airflow/dags/train_power_pred.py for tasks to queue
[2025-07-21T18:27:55.662+0000] {logging_mixin.py:190} INFO - [2025-07-21T18:27:55.662+0000] {dagbag.py:588} INFO - Filling up the DagBag from /opt/airflow/dags/train_power_pred.py
[2025-07-21T18:27:59.059+0000] {processor.py:925} INFO - DAG(s) 'train_power_pred' retrieved from /opt/airflow/dags/train_power_pred.py
[2025-07-21T18:27:59.081+0000] {logging_mixin.py:190} INFO - [2025-07-21T18:27:59.080+0000] {dag.py:3239} INFO - Sync 1 DAGs
[2025-07-21T18:27:59.098+0000] {logging_mixin.py:190} INFO - [2025-07-21T18:27:59.098+0000] {dag.py:4180} INFO - Setting next_dagrun for train_power_pred to 2025-07-21 00:00:00+00:00, run_after=2025-07-22 00:00:00+00:00
[2025-07-21T18:27:59.111+0000] {processor.py:208} INFO - Processing /opt/airflow/dags/train_power_pred.py took 3.459 seconds
[2025-07-21T18:28:30.876+0000] {processor.py:186} INFO - Started process (PID=8768) to work on /opt/airflow/dags/train_power_pred.py
[2025-07-21T18:28:30.878+0000] {processor.py:914} INFO - Processing file /opt/airflow/dags/train_power_pred.py for tasks to queue
[2025-07-21T18:28:30.880+0000] {logging_mixin.py:190} INFO - [2025-07-21T18:28:30.879+0000] {dagbag.py:588} INFO - Filling up the DagBag from /opt/airflow/dags/train_power_pred.py
[2025-07-21T18:28:34.102+0000] {processor.py:925} INFO - DAG(s) 'train_power_pred' retrieved from /opt/airflow/dags/train_power_pred.py
[2025-07-21T18:28:34.122+0000] {logging_mixin.py:190} INFO - [2025-07-21T18:28:34.122+0000] {dag.py:3239} INFO - Sync 1 DAGs
[2025-07-21T18:28:34.139+0000] {logging_mixin.py:190} INFO - [2025-07-21T18:28:34.138+0000] {dag.py:4180} INFO - Setting next_dagrun for train_power_pred to 2025-07-21 00:00:00+00:00, run_after=2025-07-22 00:00:00+00:00
[2025-07-21T18:28:34.153+0000] {processor.py:208} INFO - Processing /opt/airflow/dags/train_power_pred.py took 3.283 seconds
[2025-07-21T18:29:06.069+0000] {processor.py:186} INFO - Started process (PID=8866) to work on /opt/airflow/dags/train_power_pred.py
[2025-07-21T18:29:06.070+0000] {processor.py:914} INFO - Processing file /opt/airflow/dags/train_power_pred.py for tasks to queue
[2025-07-21T18:29:06.072+0000] {logging_mixin.py:190} INFO - [2025-07-21T18:29:06.072+0000] {dagbag.py:588} INFO - Filling up the DagBag from /opt/airflow/dags/train_power_pred.py
[2025-07-21T18:29:09.318+0000] {processor.py:925} INFO - DAG(s) 'train_power_pred' retrieved from /opt/airflow/dags/train_power_pred.py
[2025-07-21T18:29:09.340+0000] {logging_mixin.py:190} INFO - [2025-07-21T18:29:09.339+0000] {dag.py:3239} INFO - Sync 1 DAGs
[2025-07-21T18:29:09.356+0000] {logging_mixin.py:190} INFO - [2025-07-21T18:29:09.356+0000] {dag.py:4180} INFO - Setting next_dagrun for train_power_pred to 2025-07-21 00:00:00+00:00, run_after=2025-07-22 00:00:00+00:00
[2025-07-21T18:29:09.369+0000] {processor.py:208} INFO - Processing /opt/airflow/dags/train_power_pred.py took 3.305 seconds
[2025-07-21T18:29:41.338+0000] {processor.py:186} INFO - Started process (PID=8955) to work on /opt/airflow/dags/train_power_pred.py
[2025-07-21T18:29:41.339+0000] {processor.py:914} INFO - Processing file /opt/airflow/dags/train_power_pred.py for tasks to queue
[2025-07-21T18:29:41.341+0000] {logging_mixin.py:190} INFO - [2025-07-21T18:29:41.341+0000] {dagbag.py:588} INFO - Filling up the DagBag from /opt/airflow/dags/train_power_pred.py
[2025-07-21T18:29:44.527+0000] {processor.py:925} INFO - DAG(s) 'train_power_pred' retrieved from /opt/airflow/dags/train_power_pred.py
[2025-07-21T18:29:44.548+0000] {logging_mixin.py:190} INFO - [2025-07-21T18:29:44.546+0000] {dag.py:3239} INFO - Sync 1 DAGs
[2025-07-21T18:29:44.565+0000] {logging_mixin.py:190} INFO - [2025-07-21T18:29:44.565+0000] {dag.py:4180} INFO - Setting next_dagrun for train_power_pred to 2025-07-21 00:00:00+00:00, run_after=2025-07-22 00:00:00+00:00
[2025-07-21T18:29:44.579+0000] {processor.py:208} INFO - Processing /opt/airflow/dags/train_power_pred.py took 3.247 seconds
[2025-07-21T18:30:16.190+0000] {processor.py:186} INFO - Started process (PID=9068) to work on /opt/airflow/dags/train_power_pred.py
[2025-07-21T18:30:16.191+0000] {processor.py:914} INFO - Processing file /opt/airflow/dags/train_power_pred.py for tasks to queue
[2025-07-21T18:30:16.193+0000] {logging_mixin.py:190} INFO - [2025-07-21T18:30:16.192+0000] {dagbag.py:588} INFO - Filling up the DagBag from /opt/airflow/dags/train_power_pred.py
[2025-07-21T18:30:19.537+0000] {processor.py:925} INFO - DAG(s) 'train_power_pred' retrieved from /opt/airflow/dags/train_power_pred.py
[2025-07-21T18:30:19.562+0000] {logging_mixin.py:190} INFO - [2025-07-21T18:30:19.562+0000] {dag.py:3239} INFO - Sync 1 DAGs
[2025-07-21T18:30:19.588+0000] {logging_mixin.py:190} INFO - [2025-07-21T18:30:19.587+0000] {dag.py:4180} INFO - Setting next_dagrun for train_power_pred to 2025-07-21 00:00:00+00:00, run_after=2025-07-22 00:00:00+00:00
[2025-07-21T18:30:19.607+0000] {processor.py:208} INFO - Processing /opt/airflow/dags/train_power_pred.py took 3.423 seconds
[2025-07-21T18:30:51.594+0000] {processor.py:186} INFO - Started process (PID=9166) to work on /opt/airflow/dags/train_power_pred.py
[2025-07-21T18:30:51.595+0000] {processor.py:914} INFO - Processing file /opt/airflow/dags/train_power_pred.py for tasks to queue
[2025-07-21T18:30:51.598+0000] {logging_mixin.py:190} INFO - [2025-07-21T18:30:51.598+0000] {dagbag.py:588} INFO - Filling up the DagBag from /opt/airflow/dags/train_power_pred.py
[2025-07-21T18:30:54.791+0000] {processor.py:925} INFO - DAG(s) 'train_power_pred' retrieved from /opt/airflow/dags/train_power_pred.py
[2025-07-21T18:30:54.812+0000] {logging_mixin.py:190} INFO - [2025-07-21T18:30:54.812+0000] {dag.py:3239} INFO - Sync 1 DAGs
[2025-07-21T18:30:54.830+0000] {logging_mixin.py:190} INFO - [2025-07-21T18:30:54.830+0000] {dag.py:4180} INFO - Setting next_dagrun for train_power_pred to 2025-07-21 00:00:00+00:00, run_after=2025-07-22 00:00:00+00:00
[2025-07-21T18:30:54.844+0000] {processor.py:208} INFO - Processing /opt/airflow/dags/train_power_pred.py took 3.257 seconds
[2025-07-21T18:31:26.680+0000] {processor.py:186} INFO - Started process (PID=9249) to work on /opt/airflow/dags/train_power_pred.py
[2025-07-21T18:31:26.681+0000] {processor.py:914} INFO - Processing file /opt/airflow/dags/train_power_pred.py for tasks to queue
[2025-07-21T18:31:26.684+0000] {logging_mixin.py:190} INFO - [2025-07-21T18:31:26.683+0000] {dagbag.py:588} INFO - Filling up the DagBag from /opt/airflow/dags/train_power_pred.py
[2025-07-21T18:31:30.145+0000] {processor.py:925} INFO - DAG(s) 'train_power_pred' retrieved from /opt/airflow/dags/train_power_pred.py
[2025-07-21T18:31:30.169+0000] {logging_mixin.py:190} INFO - [2025-07-21T18:31:30.168+0000] {dag.py:3239} INFO - Sync 1 DAGs
[2025-07-21T18:31:30.188+0000] {logging_mixin.py:190} INFO - [2025-07-21T18:31:30.188+0000] {dag.py:4180} INFO - Setting next_dagrun for train_power_pred to 2025-07-21 00:00:00+00:00, run_after=2025-07-22 00:00:00+00:00
[2025-07-21T18:31:30.204+0000] {processor.py:208} INFO - Processing /opt/airflow/dags/train_power_pred.py took 3.529 seconds
[2025-07-21T18:32:01.515+0000] {processor.py:186} INFO - Started process (PID=9362) to work on /opt/airflow/dags/train_power_pred.py
[2025-07-21T18:32:01.516+0000] {processor.py:914} INFO - Processing file /opt/airflow/dags/train_power_pred.py for tasks to queue
[2025-07-21T18:32:01.518+0000] {logging_mixin.py:190} INFO - [2025-07-21T18:32:01.518+0000] {dagbag.py:588} INFO - Filling up the DagBag from /opt/airflow/dags/train_power_pred.py
[2025-07-21T18:32:04.767+0000] {processor.py:925} INFO - DAG(s) 'train_power_pred' retrieved from /opt/airflow/dags/train_power_pred.py
[2025-07-21T18:32:04.787+0000] {logging_mixin.py:190} INFO - [2025-07-21T18:32:04.787+0000] {dag.py:3239} INFO - Sync 1 DAGs
[2025-07-21T18:32:04.805+0000] {logging_mixin.py:190} INFO - [2025-07-21T18:32:04.804+0000] {dag.py:4180} INFO - Setting next_dagrun for train_power_pred to 2025-07-21 00:00:00+00:00, run_after=2025-07-22 00:00:00+00:00
[2025-07-21T18:32:04.819+0000] {processor.py:208} INFO - Processing /opt/airflow/dags/train_power_pred.py took 3.311 seconds
[2025-07-21T18:32:36.372+0000] {processor.py:186} INFO - Started process (PID=9444) to work on /opt/airflow/dags/train_power_pred.py
[2025-07-21T18:32:36.373+0000] {processor.py:914} INFO - Processing file /opt/airflow/dags/train_power_pred.py for tasks to queue
[2025-07-21T18:32:36.376+0000] {logging_mixin.py:190} INFO - [2025-07-21T18:32:36.376+0000] {dagbag.py:588} INFO - Filling up the DagBag from /opt/airflow/dags/train_power_pred.py
[2025-07-21T18:32:39.608+0000] {processor.py:925} INFO - DAG(s) 'train_power_pred' retrieved from /opt/airflow/dags/train_power_pred.py
[2025-07-21T18:32:39.631+0000] {logging_mixin.py:190} INFO - [2025-07-21T18:32:39.631+0000] {dag.py:3239} INFO - Sync 1 DAGs
[2025-07-21T18:32:39.648+0000] {logging_mixin.py:190} INFO - [2025-07-21T18:32:39.648+0000] {dag.py:4180} INFO - Setting next_dagrun for train_power_pred to 2025-07-21 00:00:00+00:00, run_after=2025-07-22 00:00:00+00:00
[2025-07-21T18:32:39.662+0000] {processor.py:208} INFO - Processing /opt/airflow/dags/train_power_pred.py took 3.296 seconds
[2025-07-21T18:33:10.743+0000] {processor.py:186} INFO - Started process (PID=9548) to work on /opt/airflow/dags/train_power_pred.py
[2025-07-21T18:33:10.745+0000] {processor.py:914} INFO - Processing file /opt/airflow/dags/train_power_pred.py for tasks to queue
[2025-07-21T18:33:10.747+0000] {logging_mixin.py:190} INFO - [2025-07-21T18:33:10.747+0000] {dagbag.py:588} INFO - Filling up the DagBag from /opt/airflow/dags/train_power_pred.py
[2025-07-21T18:33:13.894+0000] {processor.py:925} INFO - DAG(s) 'train_power_pred' retrieved from /opt/airflow/dags/train_power_pred.py
[2025-07-21T18:33:13.914+0000] {logging_mixin.py:190} INFO - [2025-07-21T18:33:13.912+0000] {dag.py:3239} INFO - Sync 1 DAGs
[2025-07-21T18:33:13.930+0000] {logging_mixin.py:190} INFO - [2025-07-21T18:33:13.930+0000] {dag.py:4180} INFO - Setting next_dagrun for train_power_pred to 2025-07-21 00:00:00+00:00, run_after=2025-07-22 00:00:00+00:00
[2025-07-21T18:33:13.943+0000] {processor.py:208} INFO - Processing /opt/airflow/dags/train_power_pred.py took 3.205 seconds
[2025-07-21T18:33:45.967+0000] {processor.py:186} INFO - Started process (PID=9646) to work on /opt/airflow/dags/train_power_pred.py
[2025-07-21T18:33:45.969+0000] {processor.py:914} INFO - Processing file /opt/airflow/dags/train_power_pred.py for tasks to queue
[2025-07-21T18:33:45.971+0000] {logging_mixin.py:190} INFO - [2025-07-21T18:33:45.971+0000] {dagbag.py:588} INFO - Filling up the DagBag from /opt/airflow/dags/train_power_pred.py
[2025-07-21T18:33:49.191+0000] {processor.py:925} INFO - DAG(s) 'train_power_pred' retrieved from /opt/airflow/dags/train_power_pred.py
[2025-07-21T18:33:49.211+0000] {logging_mixin.py:190} INFO - [2025-07-21T18:33:49.211+0000] {dag.py:3239} INFO - Sync 1 DAGs
[2025-07-21T18:33:49.228+0000] {logging_mixin.py:190} INFO - [2025-07-21T18:33:49.228+0000] {dag.py:4180} INFO - Setting next_dagrun for train_power_pred to 2025-07-21 00:00:00+00:00, run_after=2025-07-22 00:00:00+00:00
[2025-07-21T18:33:49.242+0000] {processor.py:208} INFO - Processing /opt/airflow/dags/train_power_pred.py took 3.280 seconds
[2025-07-21T18:34:21.083+0000] {processor.py:186} INFO - Started process (PID=9760) to work on /opt/airflow/dags/train_power_pred.py
[2025-07-21T18:34:21.084+0000] {processor.py:914} INFO - Processing file /opt/airflow/dags/train_power_pred.py for tasks to queue
[2025-07-21T18:34:21.087+0000] {logging_mixin.py:190} INFO - [2025-07-21T18:34:21.086+0000] {dagbag.py:588} INFO - Filling up the DagBag from /opt/airflow/dags/train_power_pred.py
[2025-07-21T18:34:24.480+0000] {processor.py:925} INFO - DAG(s) 'train_power_pred' retrieved from /opt/airflow/dags/train_power_pred.py
[2025-07-21T18:34:24.506+0000] {logging_mixin.py:190} INFO - [2025-07-21T18:34:24.505+0000] {dag.py:3239} INFO - Sync 1 DAGs
[2025-07-21T18:34:24.526+0000] {logging_mixin.py:190} INFO - [2025-07-21T18:34:24.526+0000] {dag.py:4180} INFO - Setting next_dagrun for train_power_pred to 2025-07-21 00:00:00+00:00, run_after=2025-07-22 00:00:00+00:00
[2025-07-21T18:34:24.544+0000] {processor.py:208} INFO - Processing /opt/airflow/dags/train_power_pred.py took 3.468 seconds
[2025-07-21T18:34:56.439+0000] {processor.py:186} INFO - Started process (PID=9858) to work on /opt/airflow/dags/train_power_pred.py
[2025-07-21T18:34:56.440+0000] {processor.py:914} INFO - Processing file /opt/airflow/dags/train_power_pred.py for tasks to queue
[2025-07-21T18:34:56.443+0000] {logging_mixin.py:190} INFO - [2025-07-21T18:34:56.443+0000] {dagbag.py:588} INFO - Filling up the DagBag from /opt/airflow/dags/train_power_pred.py
[2025-07-21T18:34:59.659+0000] {processor.py:925} INFO - DAG(s) 'train_power_pred' retrieved from /opt/airflow/dags/train_power_pred.py
[2025-07-21T18:34:59.679+0000] {logging_mixin.py:190} INFO - [2025-07-21T18:34:59.678+0000] {dag.py:3239} INFO - Sync 1 DAGs
[2025-07-21T18:34:59.697+0000] {logging_mixin.py:190} INFO - [2025-07-21T18:34:59.696+0000] {dag.py:4180} INFO - Setting next_dagrun for train_power_pred to 2025-07-21 00:00:00+00:00, run_after=2025-07-22 00:00:00+00:00
[2025-07-21T18:34:59.711+0000] {processor.py:208} INFO - Processing /opt/airflow/dags/train_power_pred.py took 3.279 seconds
[2025-07-21T18:35:31.318+0000] {processor.py:186} INFO - Started process (PID=9956) to work on /opt/airflow/dags/train_power_pred.py
[2025-07-21T18:35:31.319+0000] {processor.py:914} INFO - Processing file /opt/airflow/dags/train_power_pred.py for tasks to queue
[2025-07-21T18:35:31.321+0000] {logging_mixin.py:190} INFO - [2025-07-21T18:35:31.321+0000] {dagbag.py:588} INFO - Filling up the DagBag from /opt/airflow/dags/train_power_pred.py
[2025-07-21T18:35:34.701+0000] {processor.py:925} INFO - DAG(s) 'train_power_pred' retrieved from /opt/airflow/dags/train_power_pred.py
[2025-07-21T18:35:34.726+0000] {logging_mixin.py:190} INFO - [2025-07-21T18:35:34.725+0000] {dag.py:3239} INFO - Sync 1 DAGs
[2025-07-21T18:35:34.744+0000] {logging_mixin.py:190} INFO - [2025-07-21T18:35:34.744+0000] {dag.py:4180} INFO - Setting next_dagrun for train_power_pred to 2025-07-21 00:00:00+00:00, run_after=2025-07-22 00:00:00+00:00
[2025-07-21T18:35:34.759+0000] {processor.py:208} INFO - Processing /opt/airflow/dags/train_power_pred.py took 3.448 seconds
[2025-07-21T18:36:06.531+0000] {processor.py:186} INFO - Started process (PID=10054) to work on /opt/airflow/dags/train_power_pred.py
[2025-07-21T18:36:06.532+0000] {processor.py:914} INFO - Processing file /opt/airflow/dags/train_power_pred.py for tasks to queue
[2025-07-21T18:36:06.535+0000] {logging_mixin.py:190} INFO - [2025-07-21T18:36:06.534+0000] {dagbag.py:588} INFO - Filling up the DagBag from /opt/airflow/dags/train_power_pred.py
[2025-07-21T18:36:10.020+0000] {processor.py:925} INFO - DAG(s) 'train_power_pred' retrieved from /opt/airflow/dags/train_power_pred.py
[2025-07-21T18:36:10.042+0000] {logging_mixin.py:190} INFO - [2025-07-21T18:36:10.041+0000] {dag.py:3239} INFO - Sync 1 DAGs
[2025-07-21T18:36:10.058+0000] {logging_mixin.py:190} INFO - [2025-07-21T18:36:10.058+0000] {dag.py:4180} INFO - Setting next_dagrun for train_power_pred to 2025-07-21 00:00:00+00:00, run_after=2025-07-22 00:00:00+00:00
[2025-07-21T18:36:10.071+0000] {processor.py:208} INFO - Processing /opt/airflow/dags/train_power_pred.py took 3.546 seconds
[2025-07-21T18:36:41.764+0000] {processor.py:186} INFO - Started process (PID=10158) to work on /opt/airflow/dags/train_power_pred.py
[2025-07-21T18:36:41.765+0000] {processor.py:914} INFO - Processing file /opt/airflow/dags/train_power_pred.py for tasks to queue
[2025-07-21T18:36:41.767+0000] {logging_mixin.py:190} INFO - [2025-07-21T18:36:41.767+0000] {dagbag.py:588} INFO - Filling up the DagBag from /opt/airflow/dags/train_power_pred.py
[2025-07-21T18:36:44.936+0000] {processor.py:925} INFO - DAG(s) 'train_power_pred' retrieved from /opt/airflow/dags/train_power_pred.py
[2025-07-21T18:36:44.956+0000] {logging_mixin.py:190} INFO - [2025-07-21T18:36:44.956+0000] {dag.py:3239} INFO - Sync 1 DAGs
[2025-07-21T18:36:44.974+0000] {logging_mixin.py:190} INFO - [2025-07-21T18:36:44.974+0000] {dag.py:4180} INFO - Setting next_dagrun for train_power_pred to 2025-07-21 00:00:00+00:00, run_after=2025-07-22 00:00:00+00:00
[2025-07-21T18:36:44.989+0000] {processor.py:208} INFO - Processing /opt/airflow/dags/train_power_pred.py took 3.232 seconds
[2025-07-21T18:37:16.766+0000] {processor.py:186} INFO - Started process (PID=10256) to work on /opt/airflow/dags/train_power_pred.py
[2025-07-21T18:37:16.767+0000] {processor.py:914} INFO - Processing file /opt/airflow/dags/train_power_pred.py for tasks to queue
[2025-07-21T18:37:16.768+0000] {logging_mixin.py:190} INFO - [2025-07-21T18:37:16.768+0000] {dagbag.py:588} INFO - Filling up the DagBag from /opt/airflow/dags/train_power_pred.py
[2025-07-21T18:37:19.966+0000] {processor.py:925} INFO - DAG(s) 'train_power_pred' retrieved from /opt/airflow/dags/train_power_pred.py
[2025-07-21T18:37:19.988+0000] {logging_mixin.py:190} INFO - [2025-07-21T18:37:19.987+0000] {dag.py:3239} INFO - Sync 1 DAGs
[2025-07-21T18:37:20.005+0000] {logging_mixin.py:190} INFO - [2025-07-21T18:37:20.004+0000] {dag.py:4180} INFO - Setting next_dagrun for train_power_pred to 2025-07-21 00:00:00+00:00, run_after=2025-07-22 00:00:00+00:00
[2025-07-21T18:37:20.018+0000] {processor.py:208} INFO - Processing /opt/airflow/dags/train_power_pred.py took 3.258 seconds
[2025-07-21T18:37:52.127+0000] {processor.py:186} INFO - Started process (PID=10354) to work on /opt/airflow/dags/train_power_pred.py
[2025-07-21T18:37:52.128+0000] {processor.py:914} INFO - Processing file /opt/airflow/dags/train_power_pred.py for tasks to queue
[2025-07-21T18:37:52.131+0000] {logging_mixin.py:190} INFO - [2025-07-21T18:37:52.130+0000] {dagbag.py:588} INFO - Filling up the DagBag from /opt/airflow/dags/train_power_pred.py
[2025-07-21T18:37:55.433+0000] {processor.py:925} INFO - DAG(s) 'train_power_pred' retrieved from /opt/airflow/dags/train_power_pred.py
[2025-07-21T18:37:55.459+0000] {logging_mixin.py:190} INFO - [2025-07-21T18:37:55.459+0000] {dag.py:3239} INFO - Sync 1 DAGs
[2025-07-21T18:37:55.478+0000] {logging_mixin.py:190} INFO - [2025-07-21T18:37:55.478+0000] {dag.py:4180} INFO - Setting next_dagrun for train_power_pred to 2025-07-21 00:00:00+00:00, run_after=2025-07-22 00:00:00+00:00
[2025-07-21T18:37:55.494+0000] {processor.py:208} INFO - Processing /opt/airflow/dags/train_power_pred.py took 3.372 seconds
[2025-07-21T18:38:27.269+0000] {processor.py:186} INFO - Started process (PID=10452) to work on /opt/airflow/dags/train_power_pred.py
[2025-07-21T18:38:27.271+0000] {processor.py:914} INFO - Processing file /opt/airflow/dags/train_power_pred.py for tasks to queue
[2025-07-21T18:38:27.273+0000] {logging_mixin.py:190} INFO - [2025-07-21T18:38:27.272+0000] {dagbag.py:588} INFO - Filling up the DagBag from /opt/airflow/dags/train_power_pred.py
[2025-07-21T18:38:30.534+0000] {processor.py:925} INFO - DAG(s) 'train_power_pred' retrieved from /opt/airflow/dags/train_power_pred.py
[2025-07-21T18:38:30.555+0000] {logging_mixin.py:190} INFO - [2025-07-21T18:38:30.554+0000] {dag.py:3239} INFO - Sync 1 DAGs
[2025-07-21T18:38:30.573+0000] {logging_mixin.py:190} INFO - [2025-07-21T18:38:30.573+0000] {dag.py:4180} INFO - Setting next_dagrun for train_power_pred to 2025-07-21 00:00:00+00:00, run_after=2025-07-22 00:00:00+00:00
[2025-07-21T18:38:30.588+0000] {processor.py:208} INFO - Processing /opt/airflow/dags/train_power_pred.py took 3.325 seconds
[2025-07-21T18:39:02.405+0000] {processor.py:186} INFO - Started process (PID=10550) to work on /opt/airflow/dags/train_power_pred.py
[2025-07-21T18:39:02.407+0000] {processor.py:914} INFO - Processing file /opt/airflow/dags/train_power_pred.py for tasks to queue
[2025-07-21T18:39:02.409+0000] {logging_mixin.py:190} INFO - [2025-07-21T18:39:02.409+0000] {dagbag.py:588} INFO - Filling up the DagBag from /opt/airflow/dags/train_power_pred.py
[2025-07-21T18:39:05.749+0000] {processor.py:925} INFO - DAG(s) 'train_power_pred' retrieved from /opt/airflow/dags/train_power_pred.py
[2025-07-21T18:39:05.770+0000] {logging_mixin.py:190} INFO - [2025-07-21T18:39:05.770+0000] {dag.py:3239} INFO - Sync 1 DAGs
[2025-07-21T18:39:05.788+0000] {logging_mixin.py:190} INFO - [2025-07-21T18:39:05.787+0000] {dag.py:4180} INFO - Setting next_dagrun for train_power_pred to 2025-07-21 00:00:00+00:00, run_after=2025-07-22 00:00:00+00:00
[2025-07-21T18:39:05.802+0000] {processor.py:208} INFO - Processing /opt/airflow/dags/train_power_pred.py took 3.403 seconds
[2025-07-21T18:39:36.878+0000] {processor.py:186} INFO - Started process (PID=10632) to work on /opt/airflow/dags/train_power_pred.py
[2025-07-21T18:39:36.879+0000] {processor.py:914} INFO - Processing file /opt/airflow/dags/train_power_pred.py for tasks to queue
[2025-07-21T18:39:36.881+0000] {logging_mixin.py:190} INFO - [2025-07-21T18:39:36.881+0000] {dagbag.py:588} INFO - Filling up the DagBag from /opt/airflow/dags/train_power_pred.py
[2025-07-21T18:39:40.105+0000] {processor.py:925} INFO - DAG(s) 'train_power_pred' retrieved from /opt/airflow/dags/train_power_pred.py
[2025-07-21T18:39:40.131+0000] {logging_mixin.py:190} INFO - [2025-07-21T18:39:40.130+0000] {dag.py:3239} INFO - Sync 1 DAGs
[2025-07-21T18:39:40.151+0000] {logging_mixin.py:190} INFO - [2025-07-21T18:39:40.151+0000] {dag.py:4180} INFO - Setting next_dagrun for train_power_pred to 2025-07-21 00:00:00+00:00, run_after=2025-07-22 00:00:00+00:00
[2025-07-21T18:39:40.167+0000] {processor.py:208} INFO - Processing /opt/airflow/dags/train_power_pred.py took 3.295 seconds
[2025-07-21T18:40:11.993+0000] {processor.py:186} INFO - Started process (PID=10752) to work on /opt/airflow/dags/train_power_pred.py
[2025-07-21T18:40:11.994+0000] {processor.py:914} INFO - Processing file /opt/airflow/dags/train_power_pred.py for tasks to queue
[2025-07-21T18:40:11.996+0000] {logging_mixin.py:190} INFO - [2025-07-21T18:40:11.996+0000] {dagbag.py:588} INFO - Filling up the DagBag from /opt/airflow/dags/train_power_pred.py
[2025-07-21T18:40:15.230+0000] {processor.py:925} INFO - DAG(s) 'train_power_pred' retrieved from /opt/airflow/dags/train_power_pred.py
[2025-07-21T18:40:15.252+0000] {logging_mixin.py:190} INFO - [2025-07-21T18:40:15.251+0000] {dag.py:3239} INFO - Sync 1 DAGs
[2025-07-21T18:40:15.272+0000] {logging_mixin.py:190} INFO - [2025-07-21T18:40:15.272+0000] {dag.py:4180} INFO - Setting next_dagrun for train_power_pred to 2025-07-21 00:00:00+00:00, run_after=2025-07-22 00:00:00+00:00
[2025-07-21T18:40:15.291+0000] {processor.py:208} INFO - Processing /opt/airflow/dags/train_power_pred.py took 3.303 seconds
[2025-07-21T18:40:47.208+0000] {processor.py:186} INFO - Started process (PID=10850) to work on /opt/airflow/dags/train_power_pred.py
[2025-07-21T18:40:47.209+0000] {processor.py:914} INFO - Processing file /opt/airflow/dags/train_power_pred.py for tasks to queue
[2025-07-21T18:40:47.216+0000] {logging_mixin.py:190} INFO - [2025-07-21T18:40:47.216+0000] {dagbag.py:588} INFO - Filling up the DagBag from /opt/airflow/dags/train_power_pred.py
[2025-07-21T18:40:50.589+0000] {processor.py:925} INFO - DAG(s) 'train_power_pred' retrieved from /opt/airflow/dags/train_power_pred.py
[2025-07-21T18:40:50.612+0000] {logging_mixin.py:190} INFO - [2025-07-21T18:40:50.611+0000] {dag.py:3239} INFO - Sync 1 DAGs
[2025-07-21T18:40:50.630+0000] {logging_mixin.py:190} INFO - [2025-07-21T18:40:50.629+0000] {dag.py:4180} INFO - Setting next_dagrun for train_power_pred to 2025-07-21 00:00:00+00:00, run_after=2025-07-22 00:00:00+00:00
[2025-07-21T18:40:50.644+0000] {processor.py:208} INFO - Processing /opt/airflow/dags/train_power_pred.py took 3.451 seconds
[2025-07-21T18:41:22.531+0000] {processor.py:186} INFO - Started process (PID=10948) to work on /opt/airflow/dags/train_power_pred.py
[2025-07-21T18:41:22.533+0000] {processor.py:914} INFO - Processing file /opt/airflow/dags/train_power_pred.py for tasks to queue
[2025-07-21T18:41:22.536+0000] {logging_mixin.py:190} INFO - [2025-07-21T18:41:22.535+0000] {dagbag.py:588} INFO - Filling up the DagBag from /opt/airflow/dags/train_power_pred.py
[2025-07-21T18:41:25.894+0000] {processor.py:925} INFO - DAG(s) 'train_power_pred' retrieved from /opt/airflow/dags/train_power_pred.py
[2025-07-21T18:41:25.917+0000] {logging_mixin.py:190} INFO - [2025-07-21T18:41:25.917+0000] {dag.py:3239} INFO - Sync 1 DAGs
[2025-07-21T18:41:25.936+0000] {logging_mixin.py:190} INFO - [2025-07-21T18:41:25.936+0000] {dag.py:4180} INFO - Setting next_dagrun for train_power_pred to 2025-07-21 00:00:00+00:00, run_after=2025-07-22 00:00:00+00:00
[2025-07-21T18:41:25.953+0000] {processor.py:208} INFO - Processing /opt/airflow/dags/train_power_pred.py took 3.428 seconds
[2025-07-21T18:41:57.653+0000] {processor.py:186} INFO - Started process (PID=11046) to work on /opt/airflow/dags/train_power_pred.py
[2025-07-21T18:41:57.654+0000] {processor.py:914} INFO - Processing file /opt/airflow/dags/train_power_pred.py for tasks to queue
[2025-07-21T18:41:57.656+0000] {logging_mixin.py:190} INFO - [2025-07-21T18:41:57.656+0000] {dagbag.py:588} INFO - Filling up the DagBag from /opt/airflow/dags/train_power_pred.py
[2025-07-21T18:42:00.943+0000] {processor.py:925} INFO - DAG(s) 'train_power_pred' retrieved from /opt/airflow/dags/train_power_pred.py
[2025-07-21T18:42:00.963+0000] {logging_mixin.py:190} INFO - [2025-07-21T18:42:00.962+0000] {dag.py:3239} INFO - Sync 1 DAGs
[2025-07-21T18:42:00.981+0000] {logging_mixin.py:190} INFO - [2025-07-21T18:42:00.981+0000] {dag.py:4180} INFO - Setting next_dagrun for train_power_pred to 2025-07-21 00:00:00+00:00, run_after=2025-07-22 00:00:00+00:00
[2025-07-21T18:42:00.995+0000] {processor.py:208} INFO - Processing /opt/airflow/dags/train_power_pred.py took 3.348 seconds
[2025-07-21T18:42:32.923+0000] {processor.py:186} INFO - Started process (PID=11144) to work on /opt/airflow/dags/train_power_pred.py
[2025-07-21T18:42:32.924+0000] {processor.py:914} INFO - Processing file /opt/airflow/dags/train_power_pred.py for tasks to queue
[2025-07-21T18:42:32.928+0000] {logging_mixin.py:190} INFO - [2025-07-21T18:42:32.927+0000] {dagbag.py:588} INFO - Filling up the DagBag from /opt/airflow/dags/train_power_pred.py
[2025-07-21T18:42:36.284+0000] {processor.py:925} INFO - DAG(s) 'train_power_pred' retrieved from /opt/airflow/dags/train_power_pred.py
[2025-07-21T18:42:36.305+0000] {logging_mixin.py:190} INFO - [2025-07-21T18:42:36.305+0000] {dag.py:3239} INFO - Sync 1 DAGs
[2025-07-21T18:42:36.321+0000] {logging_mixin.py:190} INFO - [2025-07-21T18:42:36.321+0000] {dag.py:4180} INFO - Setting next_dagrun for train_power_pred to 2025-07-21 00:00:00+00:00, run_after=2025-07-22 00:00:00+00:00
[2025-07-21T18:42:36.335+0000] {processor.py:208} INFO - Processing /opt/airflow/dags/train_power_pred.py took 3.419 seconds
[2025-07-21T18:43:07.452+0000] {processor.py:186} INFO - Started process (PID=11226) to work on /opt/airflow/dags/train_power_pred.py
[2025-07-21T18:43:07.453+0000] {processor.py:914} INFO - Processing file /opt/airflow/dags/train_power_pred.py for tasks to queue
[2025-07-21T18:43:07.456+0000] {logging_mixin.py:190} INFO - [2025-07-21T18:43:07.456+0000] {dagbag.py:588} INFO - Filling up the DagBag from /opt/airflow/dags/train_power_pred.py
[2025-07-21T18:43:10.845+0000] {processor.py:925} INFO - DAG(s) 'train_power_pred' retrieved from /opt/airflow/dags/train_power_pred.py
[2025-07-21T18:43:10.868+0000] {logging_mixin.py:190} INFO - [2025-07-21T18:43:10.868+0000] {dag.py:3239} INFO - Sync 1 DAGs
[2025-07-21T18:43:10.887+0000] {logging_mixin.py:190} INFO - [2025-07-21T18:43:10.887+0000] {dag.py:4180} INFO - Setting next_dagrun for train_power_pred to 2025-07-21 00:00:00+00:00, run_after=2025-07-22 00:00:00+00:00
[2025-07-21T18:43:10.905+0000] {processor.py:208} INFO - Processing /opt/airflow/dags/train_power_pred.py took 3.459 seconds
[2025-07-21T18:43:42.781+0000] {processor.py:186} INFO - Started process (PID=11346) to work on /opt/airflow/dags/train_power_pred.py
[2025-07-21T18:43:42.786+0000] {processor.py:914} INFO - Processing file /opt/airflow/dags/train_power_pred.py for tasks to queue
[2025-07-21T18:43:42.790+0000] {logging_mixin.py:190} INFO - [2025-07-21T18:43:42.790+0000] {dagbag.py:588} INFO - Filling up the DagBag from /opt/airflow/dags/train_power_pred.py
[2025-07-21T18:43:46.239+0000] {processor.py:925} INFO - DAG(s) 'train_power_pred' retrieved from /opt/airflow/dags/train_power_pred.py
[2025-07-21T18:43:46.261+0000] {logging_mixin.py:190} INFO - [2025-07-21T18:43:46.260+0000] {dag.py:3239} INFO - Sync 1 DAGs
[2025-07-21T18:43:46.281+0000] {logging_mixin.py:190} INFO - [2025-07-21T18:43:46.281+0000] {dag.py:4180} INFO - Setting next_dagrun for train_power_pred to 2025-07-21 00:00:00+00:00, run_after=2025-07-22 00:00:00+00:00
[2025-07-21T18:43:46.296+0000] {processor.py:208} INFO - Processing /opt/airflow/dags/train_power_pred.py took 3.521 seconds
[2025-07-21T18:44:18.182+0000] {processor.py:186} INFO - Started process (PID=11444) to work on /opt/airflow/dags/train_power_pred.py
[2025-07-21T18:44:18.183+0000] {processor.py:914} INFO - Processing file /opt/airflow/dags/train_power_pred.py for tasks to queue
[2025-07-21T18:44:18.185+0000] {logging_mixin.py:190} INFO - [2025-07-21T18:44:18.185+0000] {dagbag.py:588} INFO - Filling up the DagBag from /opt/airflow/dags/train_power_pred.py
[2025-07-21T18:44:21.608+0000] {processor.py:925} INFO - DAG(s) 'train_power_pred' retrieved from /opt/airflow/dags/train_power_pred.py
[2025-07-21T18:44:21.629+0000] {logging_mixin.py:190} INFO - [2025-07-21T18:44:21.629+0000] {dag.py:3239} INFO - Sync 1 DAGs
[2025-07-21T18:44:21.648+0000] {logging_mixin.py:190} INFO - [2025-07-21T18:44:21.648+0000] {dag.py:4180} INFO - Setting next_dagrun for train_power_pred to 2025-07-21 00:00:00+00:00, run_after=2025-07-22 00:00:00+00:00
[2025-07-21T18:44:21.664+0000] {processor.py:208} INFO - Processing /opt/airflow/dags/train_power_pred.py took 3.488 seconds
[2025-07-21T18:44:53.550+0000] {processor.py:186} INFO - Started process (PID=11527) to work on /opt/airflow/dags/train_power_pred.py
[2025-07-21T18:44:53.551+0000] {processor.py:914} INFO - Processing file /opt/airflow/dags/train_power_pred.py for tasks to queue
[2025-07-21T18:44:53.557+0000] {logging_mixin.py:190} INFO - [2025-07-21T18:44:53.556+0000] {dagbag.py:588} INFO - Filling up the DagBag from /opt/airflow/dags/train_power_pred.py
[2025-07-21T18:44:56.948+0000] {processor.py:925} INFO - DAG(s) 'train_power_pred' retrieved from /opt/airflow/dags/train_power_pred.py
[2025-07-21T18:44:56.972+0000] {logging_mixin.py:190} INFO - [2025-07-21T18:44:56.971+0000] {dag.py:3239} INFO - Sync 1 DAGs
[2025-07-21T18:44:56.991+0000] {logging_mixin.py:190} INFO - [2025-07-21T18:44:56.991+0000] {dag.py:4180} INFO - Setting next_dagrun for train_power_pred to 2025-07-21 00:00:00+00:00, run_after=2025-07-22 00:00:00+00:00
[2025-07-21T18:44:57.005+0000] {processor.py:208} INFO - Processing /opt/airflow/dags/train_power_pred.py took 3.462 seconds
[2025-07-21T18:45:28.884+0000] {processor.py:186} INFO - Started process (PID=11640) to work on /opt/airflow/dags/train_power_pred.py
[2025-07-21T18:45:28.885+0000] {processor.py:914} INFO - Processing file /opt/airflow/dags/train_power_pred.py for tasks to queue
[2025-07-21T18:45:28.887+0000] {logging_mixin.py:190} INFO - [2025-07-21T18:45:28.887+0000] {dagbag.py:588} INFO - Filling up the DagBag from /opt/airflow/dags/train_power_pred.py
[2025-07-21T18:45:32.219+0000] {processor.py:925} INFO - DAG(s) 'train_power_pred' retrieved from /opt/airflow/dags/train_power_pred.py
[2025-07-21T18:45:32.243+0000] {logging_mixin.py:190} INFO - [2025-07-21T18:45:32.242+0000] {dag.py:3239} INFO - Sync 1 DAGs
[2025-07-21T18:45:32.263+0000] {logging_mixin.py:190} INFO - [2025-07-21T18:45:32.263+0000] {dag.py:4180} INFO - Setting next_dagrun for train_power_pred to 2025-07-21 00:00:00+00:00, run_after=2025-07-22 00:00:00+00:00
[2025-07-21T18:45:32.279+0000] {processor.py:208} INFO - Processing /opt/airflow/dags/train_power_pred.py took 3.401 seconds
[2025-07-21T18:46:04.145+0000] {processor.py:186} INFO - Started process (PID=11738) to work on /opt/airflow/dags/train_power_pred.py
[2025-07-21T18:46:04.146+0000] {processor.py:914} INFO - Processing file /opt/airflow/dags/train_power_pred.py for tasks to queue
[2025-07-21T18:46:04.148+0000] {logging_mixin.py:190} INFO - [2025-07-21T18:46:04.148+0000] {dagbag.py:588} INFO - Filling up the DagBag from /opt/airflow/dags/train_power_pred.py
[2025-07-21T18:46:07.437+0000] {processor.py:925} INFO - DAG(s) 'train_power_pred' retrieved from /opt/airflow/dags/train_power_pred.py
[2025-07-21T18:46:07.458+0000] {logging_mixin.py:190} INFO - [2025-07-21T18:46:07.457+0000] {dag.py:3239} INFO - Sync 1 DAGs
[2025-07-21T18:46:07.475+0000] {logging_mixin.py:190} INFO - [2025-07-21T18:46:07.475+0000] {dag.py:4180} INFO - Setting next_dagrun for train_power_pred to 2025-07-21 00:00:00+00:00, run_after=2025-07-22 00:00:00+00:00
[2025-07-21T18:46:07.490+0000] {processor.py:208} INFO - Processing /opt/airflow/dags/train_power_pred.py took 3.351 seconds
[2025-07-21T18:46:38.760+0000] {processor.py:186} INFO - Started process (PID=11820) to work on /opt/airflow/dags/train_power_pred.py
[2025-07-21T18:46:38.761+0000] {processor.py:914} INFO - Processing file /opt/airflow/dags/train_power_pred.py for tasks to queue
[2025-07-21T18:46:38.763+0000] {logging_mixin.py:190} INFO - [2025-07-21T18:46:38.763+0000] {dagbag.py:588} INFO - Filling up the DagBag from /opt/airflow/dags/train_power_pred.py
[2025-07-21T18:46:41.988+0000] {processor.py:925} INFO - DAG(s) 'train_power_pred' retrieved from /opt/airflow/dags/train_power_pred.py
[2025-07-21T18:46:42.008+0000] {logging_mixin.py:190} INFO - [2025-07-21T18:46:42.007+0000] {dag.py:3239} INFO - Sync 1 DAGs
[2025-07-21T18:46:42.023+0000] {logging_mixin.py:190} INFO - [2025-07-21T18:46:42.023+0000] {dag.py:4180} INFO - Setting next_dagrun for train_power_pred to 2025-07-21 00:00:00+00:00, run_after=2025-07-22 00:00:00+00:00
[2025-07-21T18:46:42.036+0000] {processor.py:208} INFO - Processing /opt/airflow/dags/train_power_pred.py took 3.282 seconds
[2025-07-21T18:47:13.877+0000] {processor.py:186} INFO - Started process (PID=11924) to work on /opt/airflow/dags/train_power_pred.py
[2025-07-21T18:47:13.878+0000] {processor.py:914} INFO - Processing file /opt/airflow/dags/train_power_pred.py for tasks to queue
[2025-07-21T18:47:13.880+0000] {logging_mixin.py:190} INFO - [2025-07-21T18:47:13.880+0000] {dagbag.py:588} INFO - Filling up the DagBag from /opt/airflow/dags/train_power_pred.py
[2025-07-21T18:47:17.216+0000] {processor.py:925} INFO - DAG(s) 'train_power_pred' retrieved from /opt/airflow/dags/train_power_pred.py
[2025-07-21T18:47:17.237+0000] {logging_mixin.py:190} INFO - [2025-07-21T18:47:17.237+0000] {dag.py:3239} INFO - Sync 1 DAGs
[2025-07-21T18:47:17.254+0000] {logging_mixin.py:190} INFO - [2025-07-21T18:47:17.253+0000] {dag.py:4180} INFO - Setting next_dagrun for train_power_pred to 2025-07-21 00:00:00+00:00, run_after=2025-07-22 00:00:00+00:00
[2025-07-21T18:47:17.267+0000] {processor.py:208} INFO - Processing /opt/airflow/dags/train_power_pred.py took 3.395 seconds
[2025-07-21T18:47:49.137+0000] {processor.py:186} INFO - Started process (PID=12038) to work on /opt/airflow/dags/train_power_pred.py
[2025-07-21T18:47:49.138+0000] {processor.py:914} INFO - Processing file /opt/airflow/dags/train_power_pred.py for tasks to queue
[2025-07-21T18:47:49.140+0000] {logging_mixin.py:190} INFO - [2025-07-21T18:47:49.140+0000] {dagbag.py:588} INFO - Filling up the DagBag from /opt/airflow/dags/train_power_pred.py
[2025-07-21T18:47:52.432+0000] {processor.py:925} INFO - DAG(s) 'train_power_pred' retrieved from /opt/airflow/dags/train_power_pred.py
[2025-07-21T18:47:52.452+0000] {logging_mixin.py:190} INFO - [2025-07-21T18:47:52.452+0000] {dag.py:3239} INFO - Sync 1 DAGs
[2025-07-21T18:47:52.469+0000] {logging_mixin.py:190} INFO - [2025-07-21T18:47:52.469+0000] {dag.py:4180} INFO - Setting next_dagrun for train_power_pred to 2025-07-21 00:00:00+00:00, run_after=2025-07-22 00:00:00+00:00
[2025-07-21T18:47:52.483+0000] {processor.py:208} INFO - Processing /opt/airflow/dags/train_power_pred.py took 3.352 seconds
[2025-07-21T18:48:24.020+0000] {processor.py:186} INFO - Started process (PID=12136) to work on /opt/airflow/dags/train_power_pred.py
[2025-07-21T18:48:24.022+0000] {processor.py:914} INFO - Processing file /opt/airflow/dags/train_power_pred.py for tasks to queue
[2025-07-21T18:48:24.024+0000] {logging_mixin.py:190} INFO - [2025-07-21T18:48:24.024+0000] {dagbag.py:588} INFO - Filling up the DagBag from /opt/airflow/dags/train_power_pred.py
[2025-07-21T18:48:27.544+0000] {processor.py:925} INFO - DAG(s) 'train_power_pred' retrieved from /opt/airflow/dags/train_power_pred.py
[2025-07-21T18:48:27.567+0000] {logging_mixin.py:190} INFO - [2025-07-21T18:48:27.566+0000] {dag.py:3239} INFO - Sync 1 DAGs
[2025-07-21T18:48:27.586+0000] {logging_mixin.py:190} INFO - [2025-07-21T18:48:27.586+0000] {dag.py:4180} INFO - Setting next_dagrun for train_power_pred to 2025-07-21 00:00:00+00:00, run_after=2025-07-22 00:00:00+00:00
[2025-07-21T18:48:27.602+0000] {processor.py:208} INFO - Processing /opt/airflow/dags/train_power_pred.py took 3.588 seconds
[2025-07-21T18:48:59.624+0000] {processor.py:186} INFO - Started process (PID=12234) to work on /opt/airflow/dags/train_power_pred.py
[2025-07-21T18:48:59.625+0000] {processor.py:914} INFO - Processing file /opt/airflow/dags/train_power_pred.py for tasks to queue
[2025-07-21T18:48:59.627+0000] {logging_mixin.py:190} INFO - [2025-07-21T18:48:59.626+0000] {dagbag.py:588} INFO - Filling up the DagBag from /opt/airflow/dags/train_power_pred.py
[2025-07-21T18:49:03.019+0000] {processor.py:925} INFO - DAG(s) 'train_power_pred' retrieved from /opt/airflow/dags/train_power_pred.py
[2025-07-21T18:49:03.041+0000] {logging_mixin.py:190} INFO - [2025-07-21T18:49:03.040+0000] {dag.py:3239} INFO - Sync 1 DAGs
[2025-07-21T18:49:03.061+0000] {logging_mixin.py:190} INFO - [2025-07-21T18:49:03.061+0000] {dag.py:4180} INFO - Setting next_dagrun for train_power_pred to 2025-07-21 00:00:00+00:00, run_after=2025-07-22 00:00:00+00:00
[2025-07-21T18:49:03.285+0000] {processor.py:208} INFO - Processing /opt/airflow/dags/train_power_pred.py took 3.668 seconds
[2025-07-21T18:49:34.284+0000] {processor.py:186} INFO - Started process (PID=12332) to work on /opt/airflow/dags/train_power_pred.py
[2025-07-21T18:49:34.285+0000] {processor.py:914} INFO - Processing file /opt/airflow/dags/train_power_pred.py for tasks to queue
[2025-07-21T18:49:34.287+0000] {logging_mixin.py:190} INFO - [2025-07-21T18:49:34.287+0000] {dagbag.py:588} INFO - Filling up the DagBag from /opt/airflow/dags/train_power_pred.py
[2025-07-21T18:49:37.742+0000] {processor.py:925} INFO - DAG(s) 'train_power_pred' retrieved from /opt/airflow/dags/train_power_pred.py
[2025-07-21T18:49:37.762+0000] {logging_mixin.py:190} INFO - [2025-07-21T18:49:37.761+0000] {dag.py:3239} INFO - Sync 1 DAGs
[2025-07-21T18:49:37.782+0000] {logging_mixin.py:190} INFO - [2025-07-21T18:49:37.782+0000] {dag.py:4180} INFO - Setting next_dagrun for train_power_pred to 2025-07-21 00:00:00+00:00, run_after=2025-07-22 00:00:00+00:00
[2025-07-21T18:49:37.798+0000] {processor.py:208} INFO - Processing /opt/airflow/dags/train_power_pred.py took 3.520 seconds
[2025-07-21T18:50:08.846+0000] {processor.py:186} INFO - Started process (PID=12430) to work on /opt/airflow/dags/train_power_pred.py
[2025-07-21T18:50:08.847+0000] {processor.py:914} INFO - Processing file /opt/airflow/dags/train_power_pred.py for tasks to queue
[2025-07-21T18:50:08.849+0000] {logging_mixin.py:190} INFO - [2025-07-21T18:50:08.848+0000] {dagbag.py:588} INFO - Filling up the DagBag from /opt/airflow/dags/train_power_pred.py
[2025-07-21T18:50:11.992+0000] {processor.py:925} INFO - DAG(s) 'train_power_pred' retrieved from /opt/airflow/dags/train_power_pred.py
[2025-07-21T18:50:12.012+0000] {logging_mixin.py:190} INFO - [2025-07-21T18:50:12.012+0000] {dag.py:3239} INFO - Sync 1 DAGs
[2025-07-21T18:50:12.029+0000] {logging_mixin.py:190} INFO - [2025-07-21T18:50:12.029+0000] {dag.py:4180} INFO - Setting next_dagrun for train_power_pred to 2025-07-21 00:00:00+00:00, run_after=2025-07-22 00:00:00+00:00
[2025-07-21T18:50:12.044+0000] {processor.py:208} INFO - Processing /opt/airflow/dags/train_power_pred.py took 3.204 seconds
[2025-07-21T18:50:44.218+0000] {processor.py:186} INFO - Started process (PID=12534) to work on /opt/airflow/dags/train_power_pred.py
[2025-07-21T18:50:44.219+0000] {processor.py:914} INFO - Processing file /opt/airflow/dags/train_power_pred.py for tasks to queue
[2025-07-21T18:50:44.221+0000] {logging_mixin.py:190} INFO - [2025-07-21T18:50:44.221+0000] {dagbag.py:588} INFO - Filling up the DagBag from /opt/airflow/dags/train_power_pred.py
[2025-07-21T18:50:47.425+0000] {processor.py:925} INFO - DAG(s) 'train_power_pred' retrieved from /opt/airflow/dags/train_power_pred.py
[2025-07-21T18:50:47.444+0000] {logging_mixin.py:190} INFO - [2025-07-21T18:50:47.444+0000] {dag.py:3239} INFO - Sync 1 DAGs
[2025-07-21T18:50:47.461+0000] {logging_mixin.py:190} INFO - [2025-07-21T18:50:47.461+0000] {dag.py:4180} INFO - Setting next_dagrun for train_power_pred to 2025-07-21 00:00:00+00:00, run_after=2025-07-22 00:00:00+00:00
[2025-07-21T18:50:47.673+0000] {processor.py:208} INFO - Processing /opt/airflow/dags/train_power_pred.py took 3.461 seconds
[2025-07-21T18:51:18.656+0000] {processor.py:186} INFO - Started process (PID=12617) to work on /opt/airflow/dags/train_power_pred.py
[2025-07-21T18:51:18.657+0000] {processor.py:914} INFO - Processing file /opt/airflow/dags/train_power_pred.py for tasks to queue
[2025-07-21T18:51:18.659+0000] {logging_mixin.py:190} INFO - [2025-07-21T18:51:18.659+0000] {dagbag.py:588} INFO - Filling up the DagBag from /opt/airflow/dags/train_power_pred.py
[2025-07-21T18:51:21.978+0000] {processor.py:925} INFO - DAG(s) 'train_power_pred' retrieved from /opt/airflow/dags/train_power_pred.py
[2025-07-21T18:51:22.000+0000] {logging_mixin.py:190} INFO - [2025-07-21T18:51:21.999+0000] {dag.py:3239} INFO - Sync 1 DAGs
[2025-07-21T18:51:22.018+0000] {logging_mixin.py:190} INFO - [2025-07-21T18:51:22.017+0000] {dag.py:4180} INFO - Setting next_dagrun for train_power_pred to 2025-07-21 00:00:00+00:00, run_after=2025-07-22 00:00:00+00:00
[2025-07-21T18:51:22.031+0000] {processor.py:208} INFO - Processing /opt/airflow/dags/train_power_pred.py took 3.382 seconds
[2025-07-21T18:51:53.766+0000] {processor.py:186} INFO - Started process (PID=12730) to work on /opt/airflow/dags/train_power_pred.py
[2025-07-21T18:51:53.767+0000] {processor.py:914} INFO - Processing file /opt/airflow/dags/train_power_pred.py for tasks to queue
[2025-07-21T18:51:53.769+0000] {logging_mixin.py:190} INFO - [2025-07-21T18:51:53.769+0000] {dagbag.py:588} INFO - Filling up the DagBag from /opt/airflow/dags/train_power_pred.py
[2025-07-21T18:51:57.178+0000] {processor.py:925} INFO - DAG(s) 'train_power_pred' retrieved from /opt/airflow/dags/train_power_pred.py
[2025-07-21T18:51:57.198+0000] {logging_mixin.py:190} INFO - [2025-07-21T18:51:57.198+0000] {dag.py:3239} INFO - Sync 1 DAGs
[2025-07-21T18:51:57.214+0000] {logging_mixin.py:190} INFO - [2025-07-21T18:51:57.214+0000] {dag.py:4180} INFO - Setting next_dagrun for train_power_pred to 2025-07-21 00:00:00+00:00, run_after=2025-07-22 00:00:00+00:00
[2025-07-21T18:51:57.227+0000] {processor.py:208} INFO - Processing /opt/airflow/dags/train_power_pred.py took 3.468 seconds
[2025-07-21T18:52:28.434+0000] {processor.py:186} INFO - Started process (PID=12828) to work on /opt/airflow/dags/train_power_pred.py
[2025-07-21T18:52:28.435+0000] {processor.py:914} INFO - Processing file /opt/airflow/dags/train_power_pred.py for tasks to queue
[2025-07-21T18:52:28.438+0000] {logging_mixin.py:190} INFO - [2025-07-21T18:52:28.437+0000] {dagbag.py:588} INFO - Filling up the DagBag from /opt/airflow/dags/train_power_pred.py
[2025-07-21T18:52:31.798+0000] {processor.py:925} INFO - DAG(s) 'train_power_pred' retrieved from /opt/airflow/dags/train_power_pred.py
[2025-07-21T18:52:31.822+0000] {logging_mixin.py:190} INFO - [2025-07-21T18:52:31.822+0000] {dag.py:3239} INFO - Sync 1 DAGs
[2025-07-21T18:52:31.844+0000] {logging_mixin.py:190} INFO - [2025-07-21T18:52:31.843+0000] {dag.py:4180} INFO - Setting next_dagrun for train_power_pred to 2025-07-21 00:00:00+00:00, run_after=2025-07-22 00:00:00+00:00
[2025-07-21T18:52:31.862+0000] {processor.py:208} INFO - Processing /opt/airflow/dags/train_power_pred.py took 3.437 seconds
[2025-07-21T18:53:03.122+0000] {processor.py:186} INFO - Started process (PID=12926) to work on /opt/airflow/dags/train_power_pred.py
[2025-07-21T18:53:03.123+0000] {processor.py:914} INFO - Processing file /opt/airflow/dags/train_power_pred.py for tasks to queue
[2025-07-21T18:53:03.125+0000] {logging_mixin.py:190} INFO - [2025-07-21T18:53:03.125+0000] {dagbag.py:588} INFO - Filling up the DagBag from /opt/airflow/dags/train_power_pred.py
[2025-07-21T18:53:06.352+0000] {processor.py:925} INFO - DAG(s) 'train_power_pred' retrieved from /opt/airflow/dags/train_power_pred.py
[2025-07-21T18:53:06.370+0000] {logging_mixin.py:190} INFO - [2025-07-21T18:53:06.370+0000] {dag.py:3239} INFO - Sync 1 DAGs
[2025-07-21T18:53:06.387+0000] {logging_mixin.py:190} INFO - [2025-07-21T18:53:06.387+0000] {dag.py:4180} INFO - Setting next_dagrun for train_power_pred to 2025-07-21 00:00:00+00:00, run_after=2025-07-22 00:00:00+00:00
[2025-07-21T18:53:06.400+0000] {processor.py:208} INFO - Processing /opt/airflow/dags/train_power_pred.py took 3.285 seconds
[2025-07-21T18:53:38.254+0000] {processor.py:186} INFO - Started process (PID=13024) to work on /opt/airflow/dags/train_power_pred.py
[2025-07-21T18:53:38.256+0000] {processor.py:914} INFO - Processing file /opt/airflow/dags/train_power_pred.py for tasks to queue
[2025-07-21T18:53:38.258+0000] {logging_mixin.py:190} INFO - [2025-07-21T18:53:38.258+0000] {dagbag.py:588} INFO - Filling up the DagBag from /opt/airflow/dags/train_power_pred.py
[2025-07-21T18:53:41.658+0000] {processor.py:925} INFO - DAG(s) 'train_power_pred' retrieved from /opt/airflow/dags/train_power_pred.py
[2025-07-21T18:53:41.678+0000] {logging_mixin.py:190} INFO - [2025-07-21T18:53:41.677+0000] {dag.py:3239} INFO - Sync 1 DAGs
[2025-07-21T18:53:41.693+0000] {logging_mixin.py:190} INFO - [2025-07-21T18:53:41.693+0000] {dag.py:4180} INFO - Setting next_dagrun for train_power_pred to 2025-07-21 00:00:00+00:00, run_after=2025-07-22 00:00:00+00:00
[2025-07-21T18:53:41.706+0000] {processor.py:208} INFO - Processing /opt/airflow/dags/train_power_pred.py took 3.457 seconds
[2025-07-21T18:54:12.970+0000] {processor.py:186} INFO - Started process (PID=13129) to work on /opt/airflow/dags/train_power_pred.py
[2025-07-21T18:54:12.971+0000] {processor.py:914} INFO - Processing file /opt/airflow/dags/train_power_pred.py for tasks to queue
[2025-07-21T18:54:12.974+0000] {logging_mixin.py:190} INFO - [2025-07-21T18:54:12.973+0000] {dagbag.py:588} INFO - Filling up the DagBag from /opt/airflow/dags/train_power_pred.py
[2025-07-21T18:54:16.254+0000] {processor.py:925} INFO - DAG(s) 'train_power_pred' retrieved from /opt/airflow/dags/train_power_pred.py
[2025-07-21T18:54:16.272+0000] {logging_mixin.py:190} INFO - [2025-07-21T18:54:16.272+0000] {dag.py:3239} INFO - Sync 1 DAGs
[2025-07-21T18:54:16.289+0000] {logging_mixin.py:190} INFO - [2025-07-21T18:54:16.289+0000] {dag.py:4180} INFO - Setting next_dagrun for train_power_pred to 2025-07-21 00:00:00+00:00, run_after=2025-07-22 00:00:00+00:00
[2025-07-21T18:54:16.304+0000] {processor.py:208} INFO - Processing /opt/airflow/dags/train_power_pred.py took 3.340 seconds
[2025-07-21T18:54:48.221+0000] {processor.py:186} INFO - Started process (PID=13227) to work on /opt/airflow/dags/train_power_pred.py
[2025-07-21T18:54:48.222+0000] {processor.py:914} INFO - Processing file /opt/airflow/dags/train_power_pred.py for tasks to queue
[2025-07-21T18:54:48.225+0000] {logging_mixin.py:190} INFO - [2025-07-21T18:54:48.224+0000] {dagbag.py:588} INFO - Filling up the DagBag from /opt/airflow/dags/train_power_pred.py
[2025-07-21T18:54:51.488+0000] {processor.py:925} INFO - DAG(s) 'train_power_pred' retrieved from /opt/airflow/dags/train_power_pred.py
[2025-07-21T18:54:51.506+0000] {logging_mixin.py:190} INFO - [2025-07-21T18:54:51.505+0000] {dag.py:3239} INFO - Sync 1 DAGs
[2025-07-21T18:54:51.521+0000] {logging_mixin.py:190} INFO - [2025-07-21T18:54:51.521+0000] {dag.py:4180} INFO - Setting next_dagrun for train_power_pred to 2025-07-21 00:00:00+00:00, run_after=2025-07-22 00:00:00+00:00
[2025-07-21T18:54:51.535+0000] {processor.py:208} INFO - Processing /opt/airflow/dags/train_power_pred.py took 3.320 seconds
[2025-07-21T18:55:23.449+0000] {processor.py:186} INFO - Started process (PID=13325) to work on /opt/airflow/dags/train_power_pred.py
[2025-07-21T18:55:23.450+0000] {processor.py:914} INFO - Processing file /opt/airflow/dags/train_power_pred.py for tasks to queue
[2025-07-21T18:55:23.453+0000] {logging_mixin.py:190} INFO - [2025-07-21T18:55:23.452+0000] {dagbag.py:588} INFO - Filling up the DagBag from /opt/airflow/dags/train_power_pred.py
[2025-07-21T18:55:26.699+0000] {processor.py:925} INFO - DAG(s) 'train_power_pred' retrieved from /opt/airflow/dags/train_power_pred.py
[2025-07-21T18:55:26.719+0000] {logging_mixin.py:190} INFO - [2025-07-21T18:55:26.718+0000] {dag.py:3239} INFO - Sync 1 DAGs
[2025-07-21T18:55:26.735+0000] {logging_mixin.py:190} INFO - [2025-07-21T18:55:26.735+0000] {dag.py:4180} INFO - Setting next_dagrun for train_power_pred to 2025-07-21 00:00:00+00:00, run_after=2025-07-22 00:00:00+00:00
[2025-07-21T18:55:26.747+0000] {processor.py:208} INFO - Processing /opt/airflow/dags/train_power_pred.py took 3.304 seconds
[2025-07-21T18:55:58.808+0000] {processor.py:186} INFO - Started process (PID=13423) to work on /opt/airflow/dags/train_power_pred.py
[2025-07-21T18:55:58.809+0000] {processor.py:914} INFO - Processing file /opt/airflow/dags/train_power_pred.py for tasks to queue
[2025-07-21T18:55:58.812+0000] {logging_mixin.py:190} INFO - [2025-07-21T18:55:58.811+0000] {dagbag.py:588} INFO - Filling up the DagBag from /opt/airflow/dags/train_power_pred.py
[2025-07-21T18:56:02.068+0000] {processor.py:925} INFO - DAG(s) 'train_power_pred' retrieved from /opt/airflow/dags/train_power_pred.py
[2025-07-21T18:56:02.087+0000] {logging_mixin.py:190} INFO - [2025-07-21T18:56:02.087+0000] {dag.py:3239} INFO - Sync 1 DAGs
[2025-07-21T18:56:02.104+0000] {logging_mixin.py:190} INFO - [2025-07-21T18:56:02.104+0000] {dag.py:4180} INFO - Setting next_dagrun for train_power_pred to 2025-07-21 00:00:00+00:00, run_after=2025-07-22 00:00:00+00:00
[2025-07-21T18:56:02.120+0000] {processor.py:208} INFO - Processing /opt/airflow/dags/train_power_pred.py took 3.320 seconds
